model,task_id,family,condition,wording,label,prompt_len,final_to_generation_distance,native_abs_to_generation_distance,user_to_generation_distance,template_generation_jaccard,final_generation_jaccard,user_generation_jaccard,final_tokens,user_end_tokens,template_tokens,generation_tokens,native_abs_tokens
qwen,exp17_test_edit_08,test_edit,native,canonical,0,146,0,-1,0,1.0,0.09090909090909091,0.09090909090909091, the single next action now., the single next action now.,".<|im_end|>
<|im_start|>assistant
",".<|im_end|>
<|im_start|>assistant
", single next action now.<|im_end|>
qwen,exp17_test_edit_08,test_edit,native,paraphrase,0,142,0,-1,0,1.0,0.09090909090909091,0.09090909090909091, the single next action now., the single next action now.,".<|im_end|>
<|im_start|>assistant
",".<|im_end|>
<|im_start|>assistant
", single next action now.<|im_end|>
qwen,exp17_test_edit_08,test_edit,native,canonical,1,142,0,-1,0,1.0,0.09090909090909091,0.09090909090909091, the single next action now., the single next action now.,".<|im_end|>
<|im_start|>assistant
",".<|im_end|>
<|im_start|>assistant
", single next action now.<|im_end|>
qwen,exp17_test_edit_08,test_edit,native,paraphrase,1,143,0,-1,0,1.0,0.09090909090909091,0.09090909090909091, the single next action now., the single next action now.,".<|im_end|>
<|im_start|>assistant
",".<|im_end|>
<|im_start|>assistant
", single next action now.<|im_end|>
qwen,exp17_test_edit_08,test_edit,suffix_short,canonical,0,155,9,8,0,1.0,0.0,0.09090909090909091," the single next action now.

", protocol marker R17.,".<|im_end|>
<|im_start|>assistant
",".<|im_end|>
<|im_start|>assistant
"," single next action now.

Reference"
qwen,exp17_test_edit_08,test_edit,suffix_short,paraphrase,0,151,9,8,0,1.0,0.0,0.09090909090909091," the single next action now.

", protocol marker R17.,".<|im_end|>
<|im_start|>assistant
",".<|im_end|>
<|im_start|>assistant
"," single next action now.

Reference"
qwen,exp17_test_edit_08,test_edit,suffix_short,canonical,1,151,9,8,0,1.0,0.0,0.09090909090909091," the single next action now.

", protocol marker R17.,".<|im_end|>
<|im_start|>assistant
",".<|im_end|>
<|im_start|>assistant
"," single next action now.

Reference"
qwen,exp17_test_edit_08,test_edit,suffix_short,paraphrase,1,152,9,8,0,1.0,0.0,0.09090909090909091," the single next action now.

", protocol marker R17.,".<|im_end|>
<|im_start|>assistant
",".<|im_end|>
<|im_start|>assistant
"," single next action now.

Reference"
qwen,exp17_test_edit_08,test_edit,suffix_long,canonical,0,167,21,20,0,1.0,0.0,0.09090909090909091," the single next action now.

", priority normal; checksum stable.,".<|im_end|>
<|im_start|>assistant
",".<|im_end|>
<|im_start|>assistant
"," single next action now.

Reference"
qwen,exp17_test_edit_08,test_edit,suffix_long,paraphrase,0,163,21,20,0,1.0,0.0,0.09090909090909091," the single next action now.

", priority normal; checksum stable.,".<|im_end|>
<|im_start|>assistant
",".<|im_end|>
<|im_start|>assistant
"," single next action now.

Reference"
qwen,exp17_test_edit_08,test_edit,suffix_long,canonical,1,163,21,20,0,1.0,0.0,0.09090909090909091," the single next action now.

", priority normal; checksum stable.,".<|im_end|>
<|im_start|>assistant
",".<|im_end|>
<|im_start|>assistant
"," single next action now.

Reference"
qwen,exp17_test_edit_08,test_edit,suffix_long,paraphrase,1,164,21,20,0,1.0,0.0,0.09090909090909091," the single next action now.

", priority normal; checksum stable.,".<|im_end|>
<|im_start|>assistant
",".<|im_end|>
<|im_start|>assistant
"," single next action now.

Reference"
qwen,exp17_test_edit_08,test_edit,instruction_early,canonical,0,167,51,20,0,1.0,0.0,0.09090909090909091," the single next action now.

", priority normal; checksum stable.,".<|im_end|>
<|im_start|>assistant
",".<|im_end|>
<|im_start|>assistant
","src/tracker.py"")

Reference"
qwen,exp17_test_edit_08,test_edit,instruction_early,paraphrase,0,163,51,20,0,1.0,0.0,0.09090909090909091," the single next action now.

", priority normal; checksum stable.,".<|im_end|>
<|im_start|>assistant
",".<|im_end|>
<|im_start|>assistant
","src/tracker.py"")

Reference"
qwen,exp17_test_edit_08,test_edit,instruction_early,canonical,1,163,51,20,0,1.0,0.0,0.09090909090909091," the single next action now.

", priority normal; checksum stable.,".<|im_end|>
<|im_start|>assistant
",".<|im_end|>
<|im_start|>assistant
","src/tracker.py"")

Reference"
qwen,exp17_test_edit_08,test_edit,instruction_early,paraphrase,1,164,51,20,0,1.0,0.0,0.09090909090909091," the single next action now.

", priority normal; checksum stable.,".<|im_end|>
<|im_start|>assistant
",".<|im_end|>
<|im_start|>assistant
","src/tracker.py"")

Reference"
qwen,exp17_test_edit_09,test_edit,native,canonical,0,146,0,-1,0,1.0,0.09090909090909091,0.09090909090909091, the single next action now., the single next action now.,".<|im_end|>
<|im_start|>assistant
",".<|im_end|>
<|im_start|>assistant
", single next action now.<|im_end|>
qwen,exp17_test_edit_09,test_edit,native,paraphrase,0,142,0,-1,0,1.0,0.09090909090909091,0.09090909090909091, the single next action now., the single next action now.,".<|im_end|>
<|im_start|>assistant
",".<|im_end|>
<|im_start|>assistant
", single next action now.<|im_end|>
qwen,exp17_test_edit_09,test_edit,native,canonical,1,142,0,-1,0,1.0,0.09090909090909091,0.09090909090909091, the single next action now., the single next action now.,".<|im_end|>
<|im_start|>assistant
",".<|im_end|>
<|im_start|>assistant
", single next action now.<|im_end|>
qwen,exp17_test_edit_09,test_edit,native,paraphrase,1,143,0,-1,0,1.0,0.09090909090909091,0.09090909090909091, the single next action now., the single next action now.,".<|im_end|>
<|im_start|>assistant
",".<|im_end|>
<|im_start|>assistant
", single next action now.<|im_end|>
qwen,exp17_test_edit_09,test_edit,suffix_short,canonical,0,155,9,8,0,1.0,0.0,0.09090909090909091," the single next action now.

", protocol marker R17.,".<|im_end|>
<|im_start|>assistant
",".<|im_end|>
<|im_start|>assistant
"," single next action now.

Reference"
qwen,exp17_test_edit_09,test_edit,suffix_short,paraphrase,0,151,9,8,0,1.0,0.0,0.09090909090909091," the single next action now.

", protocol marker R17.,".<|im_end|>
<|im_start|>assistant
",".<|im_end|>
<|im_start|>assistant
"," single next action now.

Reference"
qwen,exp17_test_edit_09,test_edit,suffix_short,canonical,1,151,9,8,0,1.0,0.0,0.09090909090909091," the single next action now.

", protocol marker R17.,".<|im_end|>
<|im_start|>assistant
",".<|im_end|>
<|im_start|>assistant
"," single next action now.

Reference"
qwen,exp17_test_edit_09,test_edit,suffix_short,paraphrase,1,152,9,8,0,1.0,0.0,0.09090909090909091," the single next action now.

", protocol marker R17.,".<|im_end|>
<|im_start|>assistant
",".<|im_end|>
<|im_start|>assistant
"," single next action now.

Reference"
qwen,exp17_test_edit_09,test_edit,suffix_long,canonical,0,167,21,20,0,1.0,0.0,0.09090909090909091," the single next action now.

", priority normal; checksum stable.,".<|im_end|>
<|im_start|>assistant
",".<|im_end|>
<|im_start|>assistant
"," single next action now.

Reference"
qwen,exp17_test_edit_09,test_edit,suffix_long,paraphrase,0,163,21,20,0,1.0,0.0,0.09090909090909091," the single next action now.

", priority normal; checksum stable.,".<|im_end|>
<|im_start|>assistant
",".<|im_end|>
<|im_start|>assistant
"," single next action now.

Reference"
qwen,exp17_test_edit_09,test_edit,suffix_long,canonical,1,163,21,20,0,1.0,0.0,0.09090909090909091," the single next action now.

", priority normal; checksum stable.,".<|im_end|>
<|im_start|>assistant
",".<|im_end|>
<|im_start|>assistant
"," single next action now.

Reference"
qwen,exp17_test_edit_09,test_edit,suffix_long,paraphrase,1,164,21,20,0,1.0,0.0,0.09090909090909091," the single next action now.

", priority normal; checksum stable.,".<|im_end|>
<|im_start|>assistant
",".<|im_end|>
<|im_start|>assistant
"," single next action now.

Reference"
qwen,exp17_test_edit_09,test_edit,instruction_early,canonical,0,167,51,20,0,1.0,0.0,0.09090909090909091," the single next action now.

", priority normal; checksum stable.,".<|im_end|>
<|im_start|>assistant
",".<|im_end|>
<|im_start|>assistant
","src/allocator.py"")

Reference"
qwen,exp17_test_edit_09,test_edit,instruction_early,paraphrase,0,163,51,20,0,1.0,0.0,0.09090909090909091," the single next action now.

", priority normal; checksum stable.,".<|im_end|>
<|im_start|>assistant
",".<|im_end|>
<|im_start|>assistant
","src/allocator.py"")

Reference"
qwen,exp17_test_edit_09,test_edit,instruction_early,canonical,1,163,51,20,0,1.0,0.0,0.09090909090909091," the single next action now.

", priority normal; checksum stable.,".<|im_end|>
<|im_start|>assistant
",".<|im_end|>
<|im_start|>assistant
","src/allocator.py"")

Reference"
qwen,exp17_test_edit_09,test_edit,instruction_early,paraphrase,1,164,51,20,0,1.0,0.0,0.09090909090909091," the single next action now.

", priority normal; checksum stable.,".<|im_end|>
<|im_start|>assistant
",".<|im_end|>
<|im_start|>assistant
","src/allocator.py"")

Reference"
qwen,exp17_test_edit_10,test_edit,native,canonical,0,151,0,-1,0,1.0,0.09090909090909091,0.09090909090909091, the single next action now., the single next action now.,".<|im_end|>
<|im_start|>assistant
",".<|im_end|>
<|im_start|>assistant
", single next action now.<|im_end|>
qwen,exp17_test_edit_10,test_edit,native,paraphrase,0,147,0,-1,0,1.0,0.09090909090909091,0.09090909090909091, the single next action now., the single next action now.,".<|im_end|>
<|im_start|>assistant
",".<|im_end|>
<|im_start|>assistant
", single next action now.<|im_end|>
qwen,exp17_test_edit_10,test_edit,native,canonical,1,147,0,-1,0,1.0,0.09090909090909091,0.09090909090909091, the single next action now., the single next action now.,".<|im_end|>
<|im_start|>assistant
",".<|im_end|>
<|im_start|>assistant
", single next action now.<|im_end|>
qwen,exp17_test_edit_10,test_edit,native,paraphrase,1,148,0,-1,0,1.0,0.09090909090909091,0.09090909090909091, the single next action now., the single next action now.,".<|im_end|>
<|im_start|>assistant
",".<|im_end|>
<|im_start|>assistant
", single next action now.<|im_end|>
qwen,exp17_test_edit_10,test_edit,suffix_short,canonical,0,160,9,8,0,1.0,0.0,0.09090909090909091," the single next action now.

", protocol marker R17.,".<|im_end|>
<|im_start|>assistant
",".<|im_end|>
<|im_start|>assistant
"," single next action now.

Reference"
qwen,exp17_test_edit_10,test_edit,suffix_short,paraphrase,0,156,9,8,0,1.0,0.0,0.09090909090909091," the single next action now.

", protocol marker R17.,".<|im_end|>
<|im_start|>assistant
",".<|im_end|>
<|im_start|>assistant
"," single next action now.

Reference"
qwen,exp17_test_edit_10,test_edit,suffix_short,canonical,1,156,9,8,0,1.0,0.0,0.09090909090909091," the single next action now.

", protocol marker R17.,".<|im_end|>
<|im_start|>assistant
",".<|im_end|>
<|im_start|>assistant
"," single next action now.

Reference"
qwen,exp17_test_edit_10,test_edit,suffix_short,paraphrase,1,157,9,8,0,1.0,0.0,0.09090909090909091," the single next action now.

", protocol marker R17.,".<|im_end|>
<|im_start|>assistant
",".<|im_end|>
<|im_start|>assistant
"," single next action now.

Reference"
qwen,exp17_test_edit_10,test_edit,suffix_long,canonical,0,172,21,20,0,1.0,0.0,0.09090909090909091," the single next action now.

", priority normal; checksum stable.,".<|im_end|>
<|im_start|>assistant
",".<|im_end|>
<|im_start|>assistant
"," single next action now.

Reference"
qwen,exp17_test_edit_10,test_edit,suffix_long,paraphrase,0,168,21,20,0,1.0,0.0,0.09090909090909091," the single next action now.

", priority normal; checksum stable.,".<|im_end|>
<|im_start|>assistant
",".<|im_end|>
<|im_start|>assistant
"," single next action now.

Reference"
qwen,exp17_test_edit_10,test_edit,suffix_long,canonical,1,168,21,20,0,1.0,0.0,0.09090909090909091," the single next action now.

", priority normal; checksum stable.,".<|im_end|>
<|im_start|>assistant
",".<|im_end|>
<|im_start|>assistant
"," single next action now.

Reference"
qwen,exp17_test_edit_10,test_edit,suffix_long,paraphrase,1,169,21,20,0,1.0,0.0,0.09090909090909091," the single next action now.

", priority normal; checksum stable.,".<|im_end|>
<|im_start|>assistant
",".<|im_end|>
<|im_start|>assistant
"," single next action now.

Reference"
qwen,exp17_test_edit_10,test_edit,instruction_early,canonical,0,172,54,20,0,1.0,0.0,0.09090909090909091," the single next action now.

", priority normal; checksum stable.,".<|im_end|>
<|im_start|>assistant
",".<|im_end|>
<|im_start|>assistant
","/sanitizer.py"")

Reference"
qwen,exp17_test_edit_10,test_edit,instruction_early,paraphrase,0,168,54,20,0,1.0,0.0,0.09090909090909091," the single next action now.

", priority normal; checksum stable.,".<|im_end|>
<|im_start|>assistant
",".<|im_end|>
<|im_start|>assistant
","/sanitizer.py"")

Reference"
qwen,exp17_test_edit_10,test_edit,instruction_early,canonical,1,168,54,20,0,1.0,0.0,0.09090909090909091," the single next action now.

", priority normal; checksum stable.,".<|im_end|>
<|im_start|>assistant
",".<|im_end|>
<|im_start|>assistant
","/sanitizer.py"")

Reference"
qwen,exp17_test_edit_10,test_edit,instruction_early,paraphrase,1,169,54,20,0,1.0,0.0,0.09090909090909091," the single next action now.

", priority normal; checksum stable.,".<|im_end|>
<|im_start|>assistant
",".<|im_end|>
<|im_start|>assistant
","/sanitizer.py"")

Reference"
qwen,exp17_test_edit_11,test_edit,native,canonical,0,148,0,-1,0,1.0,0.09090909090909091,0.09090909090909091, the single next action now., the single next action now.,".<|im_end|>
<|im_start|>assistant
",".<|im_end|>
<|im_start|>assistant
", single next action now.<|im_end|>
qwen,exp17_test_edit_11,test_edit,native,paraphrase,0,144,0,-1,0,1.0,0.09090909090909091,0.09090909090909091, the single next action now., the single next action now.,".<|im_end|>
<|im_start|>assistant
",".<|im_end|>
<|im_start|>assistant
", single next action now.<|im_end|>
qwen,exp17_test_edit_11,test_edit,native,canonical,1,144,0,-1,0,1.0,0.09090909090909091,0.09090909090909091, the single next action now., the single next action now.,".<|im_end|>
<|im_start|>assistant
",".<|im_end|>
<|im_start|>assistant
", single next action now.<|im_end|>
qwen,exp17_test_edit_11,test_edit,native,paraphrase,1,145,0,-1,0,1.0,0.09090909090909091,0.09090909090909091, the single next action now., the single next action now.,".<|im_end|>
<|im_start|>assistant
",".<|im_end|>
<|im_start|>assistant
", single next action now.<|im_end|>
qwen,exp17_test_edit_11,test_edit,suffix_short,canonical,0,157,9,8,0,1.0,0.0,0.09090909090909091," the single next action now.

", protocol marker R17.,".<|im_end|>
<|im_start|>assistant
",".<|im_end|>
<|im_start|>assistant
"," single next action now.

Reference"
qwen,exp17_test_edit_11,test_edit,suffix_short,paraphrase,0,153,9,8,0,1.0,0.0,0.09090909090909091," the single next action now.

", protocol marker R17.,".<|im_end|>
<|im_start|>assistant
",".<|im_end|>
<|im_start|>assistant
"," single next action now.

Reference"
qwen,exp17_test_edit_11,test_edit,suffix_short,canonical,1,153,9,8,0,1.0,0.0,0.09090909090909091," the single next action now.

", protocol marker R17.,".<|im_end|>
<|im_start|>assistant
",".<|im_end|>
<|im_start|>assistant
"," single next action now.

Reference"
qwen,exp17_test_edit_11,test_edit,suffix_short,paraphrase,1,154,9,8,0,1.0,0.0,0.09090909090909091," the single next action now.

", protocol marker R17.,".<|im_end|>
<|im_start|>assistant
",".<|im_end|>
<|im_start|>assistant
"," single next action now.

Reference"
qwen,exp17_test_edit_11,test_edit,suffix_long,canonical,0,169,21,20,0,1.0,0.0,0.09090909090909091," the single next action now.

", priority normal; checksum stable.,".<|im_end|>
<|im_start|>assistant
",".<|im_end|>
<|im_start|>assistant
"," single next action now.

Reference"
qwen,exp17_test_edit_11,test_edit,suffix_long,paraphrase,0,165,21,20,0,1.0,0.0,0.09090909090909091," the single next action now.

", priority normal; checksum stable.,".<|im_end|>
<|im_start|>assistant
",".<|im_end|>
<|im_start|>assistant
"," single next action now.

Reference"
qwen,exp17_test_edit_11,test_edit,suffix_long,canonical,1,165,21,20,0,1.0,0.0,0.09090909090909091," the single next action now.

", priority normal; checksum stable.,".<|im_end|>
<|im_start|>assistant
",".<|im_end|>
<|im_start|>assistant
"," single next action now.

Reference"
qwen,exp17_test_edit_11,test_edit,suffix_long,paraphrase,1,166,21,20,0,1.0,0.0,0.09090909090909091," the single next action now.

", priority normal; checksum stable.,".<|im_end|>
<|im_start|>assistant
",".<|im_end|>
<|im_start|>assistant
"," single next action now.

Reference"
qwen,exp17_test_edit_11,test_edit,instruction_early,canonical,0,169,53,20,0,1.0,0.0,0.09090909090909091," the single next action now.

", priority normal; checksum stable.,".<|im_end|>
<|im_start|>assistant
",".<|im_end|>
<|im_start|>assistant
","src/matcher.py"")

Reference"
qwen,exp17_test_edit_11,test_edit,instruction_early,paraphrase,0,165,53,20,0,1.0,0.0,0.09090909090909091," the single next action now.

", priority normal; checksum stable.,".<|im_end|>
<|im_start|>assistant
",".<|im_end|>
<|im_start|>assistant
","src/matcher.py"")

Reference"
qwen,exp17_test_edit_11,test_edit,instruction_early,canonical,1,165,53,20,0,1.0,0.0,0.09090909090909091," the single next action now.

", priority normal; checksum stable.,".<|im_end|>
<|im_start|>assistant
",".<|im_end|>
<|im_start|>assistant
","src/matcher.py"")

Reference"
qwen,exp17_test_edit_11,test_edit,instruction_early,paraphrase,1,166,53,20,0,1.0,0.0,0.09090909090909091," the single next action now.

", priority normal; checksum stable.,".<|im_end|>
<|im_start|>assistant
",".<|im_end|>
<|im_start|>assistant
","src/matcher.py"")

Reference"
qwen,exp17_search_edit_08,search_edit,native,canonical,0,130,0,-1,0,1.0,0.09090909090909091,0.09090909090909091, the single next action now., the single next action now.,".<|im_end|>
<|im_start|>assistant
",".<|im_end|>
<|im_start|>assistant
", single next action now.<|im_end|>
qwen,exp17_search_edit_08,search_edit,native,paraphrase,0,125,0,-1,0,1.0,0.09090909090909091,0.09090909090909091, the single next action now., the single next action now.,".<|im_end|>
<|im_start|>assistant
",".<|im_end|>
<|im_start|>assistant
", single next action now.<|im_end|>
qwen,exp17_search_edit_08,search_edit,native,canonical,1,125,0,-1,0,1.0,0.09090909090909091,0.09090909090909091, the single next action now., the single next action now.,".<|im_end|>
<|im_start|>assistant
",".<|im_end|>
<|im_start|>assistant
", single next action now.<|im_end|>
qwen,exp17_search_edit_08,search_edit,native,paraphrase,1,124,0,-1,0,1.0,0.09090909090909091,0.09090909090909091, the single next action now., the single next action now.,".<|im_end|>
<|im_start|>assistant
",".<|im_end|>
<|im_start|>assistant
", single next action now.<|im_end|>
qwen,exp17_search_edit_08,search_edit,suffix_short,canonical,0,139,9,8,0,1.0,0.0,0.09090909090909091," the single next action now.

", protocol marker R17.,".<|im_end|>
<|im_start|>assistant
",".<|im_end|>
<|im_start|>assistant
"," single next action now.

Reference"
qwen,exp17_search_edit_08,search_edit,suffix_short,paraphrase,0,134,9,8,0,1.0,0.0,0.09090909090909091," the single next action now.

", protocol marker R17.,".<|im_end|>
<|im_start|>assistant
",".<|im_end|>
<|im_start|>assistant
"," single next action now.

Reference"
qwen,exp17_search_edit_08,search_edit,suffix_short,canonical,1,134,9,8,0,1.0,0.0,0.09090909090909091," the single next action now.

", protocol marker R17.,".<|im_end|>
<|im_start|>assistant
",".<|im_end|>
<|im_start|>assistant
"," single next action now.

Reference"
qwen,exp17_search_edit_08,search_edit,suffix_short,paraphrase,1,133,9,8,0,1.0,0.0,0.09090909090909091," the single next action now.

", protocol marker R17.,".<|im_end|>
<|im_start|>assistant
",".<|im_end|>
<|im_start|>assistant
"," single next action now.

Reference"
qwen,exp17_search_edit_08,search_edit,suffix_long,canonical,0,151,21,20,0,1.0,0.0,0.09090909090909091," the single next action now.

", priority normal; checksum stable.,".<|im_end|>
<|im_start|>assistant
",".<|im_end|>
<|im_start|>assistant
"," single next action now.

Reference"
qwen,exp17_search_edit_08,search_edit,suffix_long,paraphrase,0,146,21,20,0,1.0,0.0,0.09090909090909091," the single next action now.

", priority normal; checksum stable.,".<|im_end|>
<|im_start|>assistant
",".<|im_end|>
<|im_start|>assistant
"," single next action now.

Reference"
qwen,exp17_search_edit_08,search_edit,suffix_long,canonical,1,146,21,20,0,1.0,0.0,0.09090909090909091," the single next action now.

", priority normal; checksum stable.,".<|im_end|>
<|im_start|>assistant
",".<|im_end|>
<|im_start|>assistant
"," single next action now.

Reference"
qwen,exp17_search_edit_08,search_edit,suffix_long,paraphrase,1,145,21,20,0,1.0,0.0,0.09090909090909091," the single next action now.

", priority normal; checksum stable.,".<|im_end|>
<|im_start|>assistant
",".<|im_end|>
<|im_start|>assistant
"," single next action now.

Reference"
qwen,exp17_search_edit_08,search_edit,instruction_early,canonical,0,151,41,20,0,1.0,0.0,0.09090909090909091," the single next action now.

", priority normal; checksum stable.,".<|im_end|>
<|im_start|>assistant
",".<|im_end|>
<|im_start|>assistant
","src/tracker.py"")

Reference"
qwen,exp17_search_edit_08,search_edit,instruction_early,paraphrase,0,146,41,20,0,1.0,0.0,0.09090909090909091," the single next action now.

", priority normal; checksum stable.,".<|im_end|>
<|im_start|>assistant
",".<|im_end|>
<|im_start|>assistant
","src/tracker.py"")

Reference"
qwen,exp17_search_edit_08,search_edit,instruction_early,canonical,1,146,41,20,0,1.0,0.0,0.09090909090909091," the single next action now.

", priority normal; checksum stable.,".<|im_end|>
<|im_start|>assistant
",".<|im_end|>
<|im_start|>assistant
","src/tracker.py"")

Reference"
qwen,exp17_search_edit_08,search_edit,instruction_early,paraphrase,1,145,41,20,0,1.0,0.0,0.09090909090909091," the single next action now.

", priority normal; checksum stable.,".<|im_end|>
<|im_start|>assistant
",".<|im_end|>
<|im_start|>assistant
","src/tracker.py"")

Reference"
qwen,exp17_search_edit_09,search_edit,native,canonical,0,130,0,-1,0,1.0,0.09090909090909091,0.09090909090909091, the single next action now., the single next action now.,".<|im_end|>
<|im_start|>assistant
",".<|im_end|>
<|im_start|>assistant
", single next action now.<|im_end|>
qwen,exp17_search_edit_09,search_edit,native,paraphrase,0,125,0,-1,0,1.0,0.09090909090909091,0.09090909090909091, the single next action now., the single next action now.,".<|im_end|>
<|im_start|>assistant
",".<|im_end|>
<|im_start|>assistant
", single next action now.<|im_end|>
qwen,exp17_search_edit_09,search_edit,native,canonical,1,125,0,-1,0,1.0,0.09090909090909091,0.09090909090909091, the single next action now., the single next action now.,".<|im_end|>
<|im_start|>assistant
",".<|im_end|>
<|im_start|>assistant
", single next action now.<|im_end|>
qwen,exp17_search_edit_09,search_edit,native,paraphrase,1,124,0,-1,0,1.0,0.09090909090909091,0.09090909090909091, the single next action now., the single next action now.,".<|im_end|>
<|im_start|>assistant
",".<|im_end|>
<|im_start|>assistant
", single next action now.<|im_end|>
qwen,exp17_search_edit_09,search_edit,suffix_short,canonical,0,139,9,8,0,1.0,0.0,0.09090909090909091," the single next action now.

", protocol marker R17.,".<|im_end|>
<|im_start|>assistant
",".<|im_end|>
<|im_start|>assistant
"," single next action now.

Reference"
qwen,exp17_search_edit_09,search_edit,suffix_short,paraphrase,0,134,9,8,0,1.0,0.0,0.09090909090909091," the single next action now.

", protocol marker R17.,".<|im_end|>
<|im_start|>assistant
",".<|im_end|>
<|im_start|>assistant
"," single next action now.

Reference"
qwen,exp17_search_edit_09,search_edit,suffix_short,canonical,1,134,9,8,0,1.0,0.0,0.09090909090909091," the single next action now.

", protocol marker R17.,".<|im_end|>
<|im_start|>assistant
",".<|im_end|>
<|im_start|>assistant
"," single next action now.

Reference"
qwen,exp17_search_edit_09,search_edit,suffix_short,paraphrase,1,133,9,8,0,1.0,0.0,0.09090909090909091," the single next action now.

", protocol marker R17.,".<|im_end|>
<|im_start|>assistant
",".<|im_end|>
<|im_start|>assistant
"," single next action now.

Reference"
qwen,exp17_search_edit_09,search_edit,suffix_long,canonical,0,151,21,20,0,1.0,0.0,0.09090909090909091," the single next action now.

", priority normal; checksum stable.,".<|im_end|>
<|im_start|>assistant
",".<|im_end|>
<|im_start|>assistant
"," single next action now.

Reference"
qwen,exp17_search_edit_09,search_edit,suffix_long,paraphrase,0,146,21,20,0,1.0,0.0,0.09090909090909091," the single next action now.

", priority normal; checksum stable.,".<|im_end|>
<|im_start|>assistant
",".<|im_end|>
<|im_start|>assistant
"," single next action now.

Reference"
qwen,exp17_search_edit_09,search_edit,suffix_long,canonical,1,146,21,20,0,1.0,0.0,0.09090909090909091," the single next action now.

", priority normal; checksum stable.,".<|im_end|>
<|im_start|>assistant
",".<|im_end|>
<|im_start|>assistant
"," single next action now.

Reference"
qwen,exp17_search_edit_09,search_edit,suffix_long,paraphrase,1,145,21,20,0,1.0,0.0,0.09090909090909091," the single next action now.

", priority normal; checksum stable.,".<|im_end|>
<|im_start|>assistant
",".<|im_end|>
<|im_start|>assistant
"," single next action now.

Reference"
qwen,exp17_search_edit_09,search_edit,instruction_early,canonical,0,151,41,20,0,1.0,0.0,0.09090909090909091," the single next action now.

", priority normal; checksum stable.,".<|im_end|>
<|im_start|>assistant
",".<|im_end|>
<|im_start|>assistant
","src/allocator.py"")

Reference"
qwen,exp17_search_edit_09,search_edit,instruction_early,paraphrase,0,146,41,20,0,1.0,0.0,0.09090909090909091," the single next action now.

", priority normal; checksum stable.,".<|im_end|>
<|im_start|>assistant
",".<|im_end|>
<|im_start|>assistant
","src/allocator.py"")

Reference"
qwen,exp17_search_edit_09,search_edit,instruction_early,canonical,1,146,41,20,0,1.0,0.0,0.09090909090909091," the single next action now.

", priority normal; checksum stable.,".<|im_end|>
<|im_start|>assistant
",".<|im_end|>
<|im_start|>assistant
","src/allocator.py"")

Reference"
qwen,exp17_search_edit_09,search_edit,instruction_early,paraphrase,1,145,41,20,0,1.0,0.0,0.09090909090909091," the single next action now.

", priority normal; checksum stable.,".<|im_end|>
<|im_start|>assistant
",".<|im_end|>
<|im_start|>assistant
","src/allocator.py"")

Reference"
qwen,exp17_search_edit_10,search_edit,native,canonical,0,132,0,-1,0,1.0,0.09090909090909091,0.09090909090909091, the single next action now., the single next action now.,".<|im_end|>
<|im_start|>assistant
",".<|im_end|>
<|im_start|>assistant
", single next action now.<|im_end|>
qwen,exp17_search_edit_10,search_edit,native,paraphrase,0,127,0,-1,0,1.0,0.09090909090909091,0.09090909090909091, the single next action now., the single next action now.,".<|im_end|>
<|im_start|>assistant
",".<|im_end|>
<|im_start|>assistant
", single next action now.<|im_end|>
qwen,exp17_search_edit_10,search_edit,native,canonical,1,127,0,-1,0,1.0,0.09090909090909091,0.09090909090909091, the single next action now., the single next action now.,".<|im_end|>
<|im_start|>assistant
",".<|im_end|>
<|im_start|>assistant
", single next action now.<|im_end|>
qwen,exp17_search_edit_10,search_edit,native,paraphrase,1,126,0,-1,0,1.0,0.09090909090909091,0.09090909090909091, the single next action now., the single next action now.,".<|im_end|>
<|im_start|>assistant
",".<|im_end|>
<|im_start|>assistant
", single next action now.<|im_end|>
qwen,exp17_search_edit_10,search_edit,suffix_short,canonical,0,141,9,8,0,1.0,0.0,0.09090909090909091," the single next action now.

", protocol marker R17.,".<|im_end|>
<|im_start|>assistant
",".<|im_end|>
<|im_start|>assistant
"," single next action now.

Reference"
qwen,exp17_search_edit_10,search_edit,suffix_short,paraphrase,0,136,9,8,0,1.0,0.0,0.09090909090909091," the single next action now.

", protocol marker R17.,".<|im_end|>
<|im_start|>assistant
",".<|im_end|>
<|im_start|>assistant
"," single next action now.

Reference"
qwen,exp17_search_edit_10,search_edit,suffix_short,canonical,1,136,9,8,0,1.0,0.0,0.09090909090909091," the single next action now.

", protocol marker R17.,".<|im_end|>
<|im_start|>assistant
",".<|im_end|>
<|im_start|>assistant
"," single next action now.

Reference"
qwen,exp17_search_edit_10,search_edit,suffix_short,paraphrase,1,135,9,8,0,1.0,0.0,0.09090909090909091," the single next action now.

", protocol marker R17.,".<|im_end|>
<|im_start|>assistant
",".<|im_end|>
<|im_start|>assistant
"," single next action now.

Reference"
qwen,exp17_search_edit_10,search_edit,suffix_long,canonical,0,153,21,20,0,1.0,0.0,0.09090909090909091," the single next action now.

", priority normal; checksum stable.,".<|im_end|>
<|im_start|>assistant
",".<|im_end|>
<|im_start|>assistant
"," single next action now.

Reference"
qwen,exp17_search_edit_10,search_edit,suffix_long,paraphrase,0,148,21,20,0,1.0,0.0,0.09090909090909091," the single next action now.

", priority normal; checksum stable.,".<|im_end|>
<|im_start|>assistant
",".<|im_end|>
<|im_start|>assistant
"," single next action now.

Reference"
qwen,exp17_search_edit_10,search_edit,suffix_long,canonical,1,148,21,20,0,1.0,0.0,0.09090909090909091," the single next action now.

", priority normal; checksum stable.,".<|im_end|>
<|im_start|>assistant
",".<|im_end|>
<|im_start|>assistant
"," single next action now.

Reference"
qwen,exp17_search_edit_10,search_edit,suffix_long,paraphrase,1,147,21,20,0,1.0,0.0,0.09090909090909091," the single next action now.

", priority normal; checksum stable.,".<|im_end|>
<|im_start|>assistant
",".<|im_end|>
<|im_start|>assistant
"," single next action now.

Reference"
qwen,exp17_search_edit_10,search_edit,instruction_early,canonical,0,153,42,20,0,1.0,0.0,0.09090909090909091," the single next action now.

", priority normal; checksum stable.,".<|im_end|>
<|im_start|>assistant
",".<|im_end|>
<|im_start|>assistant
","/sanitizer.py"")

Reference"
qwen,exp17_search_edit_10,search_edit,instruction_early,paraphrase,0,148,42,20,0,1.0,0.0,0.09090909090909091," the single next action now.

", priority normal; checksum stable.,".<|im_end|>
<|im_start|>assistant
",".<|im_end|>
<|im_start|>assistant
","/sanitizer.py"")

Reference"
qwen,exp17_search_edit_10,search_edit,instruction_early,canonical,1,148,42,20,0,1.0,0.0,0.09090909090909091," the single next action now.

", priority normal; checksum stable.,".<|im_end|>
<|im_start|>assistant
",".<|im_end|>
<|im_start|>assistant
","/sanitizer.py"")

Reference"
qwen,exp17_search_edit_10,search_edit,instruction_early,paraphrase,1,147,42,20,0,1.0,0.0,0.09090909090909091," the single next action now.

", priority normal; checksum stable.,".<|im_end|>
<|im_start|>assistant
",".<|im_end|>
<|im_start|>assistant
","/sanitizer.py"")

Reference"
qwen,exp17_search_edit_11,search_edit,native,canonical,0,130,0,-1,0,1.0,0.09090909090909091,0.09090909090909091, the single next action now., the single next action now.,".<|im_end|>
<|im_start|>assistant
",".<|im_end|>
<|im_start|>assistant
", single next action now.<|im_end|>
qwen,exp17_search_edit_11,search_edit,native,paraphrase,0,125,0,-1,0,1.0,0.09090909090909091,0.09090909090909091, the single next action now., the single next action now.,".<|im_end|>
<|im_start|>assistant
",".<|im_end|>
<|im_start|>assistant
", single next action now.<|im_end|>
qwen,exp17_search_edit_11,search_edit,native,canonical,1,125,0,-1,0,1.0,0.09090909090909091,0.09090909090909091, the single next action now., the single next action now.,".<|im_end|>
<|im_start|>assistant
",".<|im_end|>
<|im_start|>assistant
", single next action now.<|im_end|>
qwen,exp17_search_edit_11,search_edit,native,paraphrase,1,124,0,-1,0,1.0,0.09090909090909091,0.09090909090909091, the single next action now., the single next action now.,".<|im_end|>
<|im_start|>assistant
",".<|im_end|>
<|im_start|>assistant
", single next action now.<|im_end|>
qwen,exp17_search_edit_11,search_edit,suffix_short,canonical,0,139,9,8,0,1.0,0.0,0.09090909090909091," the single next action now.

", protocol marker R17.,".<|im_end|>
<|im_start|>assistant
",".<|im_end|>
<|im_start|>assistant
"," single next action now.

Reference"
qwen,exp17_search_edit_11,search_edit,suffix_short,paraphrase,0,134,9,8,0,1.0,0.0,0.09090909090909091," the single next action now.

", protocol marker R17.,".<|im_end|>
<|im_start|>assistant
",".<|im_end|>
<|im_start|>assistant
"," single next action now.

Reference"
qwen,exp17_search_edit_11,search_edit,suffix_short,canonical,1,134,9,8,0,1.0,0.0,0.09090909090909091," the single next action now.

", protocol marker R17.,".<|im_end|>
<|im_start|>assistant
",".<|im_end|>
<|im_start|>assistant
"," single next action now.

Reference"
qwen,exp17_search_edit_11,search_edit,suffix_short,paraphrase,1,133,9,8,0,1.0,0.0,0.09090909090909091," the single next action now.

", protocol marker R17.,".<|im_end|>
<|im_start|>assistant
",".<|im_end|>
<|im_start|>assistant
"," single next action now.

Reference"
qwen,exp17_search_edit_11,search_edit,suffix_long,canonical,0,151,21,20,0,1.0,0.0,0.09090909090909091," the single next action now.

", priority normal; checksum stable.,".<|im_end|>
<|im_start|>assistant
",".<|im_end|>
<|im_start|>assistant
"," single next action now.

Reference"
qwen,exp17_search_edit_11,search_edit,suffix_long,paraphrase,0,146,21,20,0,1.0,0.0,0.09090909090909091," the single next action now.

", priority normal; checksum stable.,".<|im_end|>
<|im_start|>assistant
",".<|im_end|>
<|im_start|>assistant
"," single next action now.

Reference"
qwen,exp17_search_edit_11,search_edit,suffix_long,canonical,1,146,21,20,0,1.0,0.0,0.09090909090909091," the single next action now.

", priority normal; checksum stable.,".<|im_end|>
<|im_start|>assistant
",".<|im_end|>
<|im_start|>assistant
"," single next action now.

Reference"
qwen,exp17_search_edit_11,search_edit,suffix_long,paraphrase,1,145,21,20,0,1.0,0.0,0.09090909090909091," the single next action now.

", priority normal; checksum stable.,".<|im_end|>
<|im_start|>assistant
",".<|im_end|>
<|im_start|>assistant
"," single next action now.

Reference"
qwen,exp17_search_edit_11,search_edit,instruction_early,canonical,0,151,41,20,0,1.0,0.0,0.09090909090909091," the single next action now.

", priority normal; checksum stable.,".<|im_end|>
<|im_start|>assistant
",".<|im_end|>
<|im_start|>assistant
","src/matcher.py"")

Reference"
qwen,exp17_search_edit_11,search_edit,instruction_early,paraphrase,0,146,41,20,0,1.0,0.0,0.09090909090909091," the single next action now.

", priority normal; checksum stable.,".<|im_end|>
<|im_start|>assistant
",".<|im_end|>
<|im_start|>assistant
","src/matcher.py"")

Reference"
qwen,exp17_search_edit_11,search_edit,instruction_early,canonical,1,146,41,20,0,1.0,0.0,0.09090909090909091," the single next action now.

", priority normal; checksum stable.,".<|im_end|>
<|im_start|>assistant
",".<|im_end|>
<|im_start|>assistant
","src/matcher.py"")

Reference"
qwen,exp17_search_edit_11,search_edit,instruction_early,paraphrase,1,145,41,20,0,1.0,0.0,0.09090909090909091," the single next action now.

", priority normal; checksum stable.,".<|im_end|>
<|im_start|>assistant
",".<|im_end|>
<|im_start|>assistant
","src/matcher.py"")

Reference"
qwen,exp17_config_command_08,config_command,native,canonical,0,123,0,0,0,1.0,0.09090909090909091,0.09090909090909091, the single next action now., the single next action now.,".<|im_end|>
<|im_start|>assistant
",".<|im_end|>
<|im_start|>assistant
", the single next action now.
qwen,exp17_config_command_08,config_command,native,paraphrase,0,118,0,-1,0,1.0,0.09090909090909091,0.09090909090909091, the single next action now., the single next action now.,".<|im_end|>
<|im_start|>assistant
",".<|im_end|>
<|im_start|>assistant
", single next action now.<|im_end|>
qwen,exp17_config_command_08,config_command,native,canonical,1,121,0,0,0,1.0,0.09090909090909091,0.09090909090909091, the single next action now., the single next action now.,".<|im_end|>
<|im_start|>assistant
",".<|im_end|>
<|im_start|>assistant
", the single next action now.
qwen,exp17_config_command_08,config_command,native,paraphrase,1,121,0,-1,0,1.0,0.09090909090909091,0.09090909090909091, the single next action now., the single next action now.,".<|im_end|>
<|im_start|>assistant
",".<|im_end|>
<|im_start|>assistant
", single next action now.<|im_end|>
qwen,exp17_config_command_08,config_command,suffix_short,canonical,0,132,9,9,0,1.0,0.0,0.09090909090909091," the single next action now.

", protocol marker R17.,".<|im_end|>
<|im_start|>assistant
",".<|im_end|>
<|im_start|>assistant
"," the single next action now.

"
qwen,exp17_config_command_08,config_command,suffix_short,paraphrase,0,127,9,8,0,1.0,0.0,0.09090909090909091," the single next action now.

", protocol marker R17.,".<|im_end|>
<|im_start|>assistant
",".<|im_end|>
<|im_start|>assistant
"," single next action now.

Reference"
qwen,exp17_config_command_08,config_command,suffix_short,canonical,1,130,9,9,0,1.0,0.0,0.09090909090909091," the single next action now.

", protocol marker R17.,".<|im_end|>
<|im_start|>assistant
",".<|im_end|>
<|im_start|>assistant
"," the single next action now.

"
qwen,exp17_config_command_08,config_command,suffix_short,paraphrase,1,130,9,8,0,1.0,0.0,0.09090909090909091," the single next action now.

", protocol marker R17.,".<|im_end|>
<|im_start|>assistant
",".<|im_end|>
<|im_start|>assistant
"," single next action now.

Reference"
qwen,exp17_config_command_08,config_command,suffix_long,canonical,0,144,21,21,0,1.0,0.0,0.09090909090909091," the single next action now.

", priority normal; checksum stable.,".<|im_end|>
<|im_start|>assistant
",".<|im_end|>
<|im_start|>assistant
"," the single next action now.

"
qwen,exp17_config_command_08,config_command,suffix_long,paraphrase,0,139,21,20,0,1.0,0.0,0.09090909090909091," the single next action now.

", priority normal; checksum stable.,".<|im_end|>
<|im_start|>assistant
",".<|im_end|>
<|im_start|>assistant
"," single next action now.

Reference"
qwen,exp17_config_command_08,config_command,suffix_long,canonical,1,142,21,21,0,1.0,0.0,0.09090909090909091," the single next action now.

", priority normal; checksum stable.,".<|im_end|>
<|im_start|>assistant
",".<|im_end|>
<|im_start|>assistant
"," the single next action now.

"
qwen,exp17_config_command_08,config_command,suffix_long,paraphrase,1,142,21,20,0,1.0,0.0,0.09090909090909091," the single next action now.

", priority normal; checksum stable.,".<|im_end|>
<|im_start|>assistant
",".<|im_end|>
<|im_start|>assistant
"," single next action now.

Reference"
qwen,exp17_config_command_08,config_command,instruction_early,canonical,0,144,46,21,0,1.0,0.0,0.09090909090909091," the single next action now.

", priority normal; checksum stable.,".<|im_end|>
<|im_start|>assistant
",".<|im_end|>
<|im_start|>assistant
"," -m app.inspect_tracker"")

"
qwen,exp17_config_command_08,config_command,instruction_early,paraphrase,0,139,46,20,0,1.0,0.0,0.09090909090909091," the single next action now.

", priority normal; checksum stable.,".<|im_end|>
<|im_start|>assistant
",".<|im_end|>
<|im_start|>assistant
","m app.inspect_tracker"")

Reference"
qwen,exp17_config_command_08,config_command,instruction_early,canonical,1,142,46,21,0,1.0,0.0,0.09090909090909091," the single next action now.

", priority normal; checksum stable.,".<|im_end|>
<|im_start|>assistant
",".<|im_end|>
<|im_start|>assistant
"," -m app.inspect_tracker"")

"
qwen,exp17_config_command_08,config_command,instruction_early,paraphrase,1,142,46,20,0,1.0,0.0,0.09090909090909091," the single next action now.

", priority normal; checksum stable.,".<|im_end|>
<|im_start|>assistant
",".<|im_end|>
<|im_start|>assistant
","m app.inspect_tracker"")

Reference"
qwen,exp17_config_command_09,config_command,native,canonical,0,123,0,0,0,1.0,0.09090909090909091,0.09090909090909091, the single next action now., the single next action now.,".<|im_end|>
<|im_start|>assistant
",".<|im_end|>
<|im_start|>assistant
", the single next action now.
qwen,exp17_config_command_09,config_command,native,paraphrase,0,118,0,-1,0,1.0,0.09090909090909091,0.09090909090909091, the single next action now., the single next action now.,".<|im_end|>
<|im_start|>assistant
",".<|im_end|>
<|im_start|>assistant
", single next action now.<|im_end|>
qwen,exp17_config_command_09,config_command,native,canonical,1,121,0,0,0,1.0,0.09090909090909091,0.09090909090909091, the single next action now., the single next action now.,".<|im_end|>
<|im_start|>assistant
",".<|im_end|>
<|im_start|>assistant
", the single next action now.
qwen,exp17_config_command_09,config_command,native,paraphrase,1,121,0,-1,0,1.0,0.09090909090909091,0.09090909090909091, the single next action now., the single next action now.,".<|im_end|>
<|im_start|>assistant
",".<|im_end|>
<|im_start|>assistant
", single next action now.<|im_end|>
qwen,exp17_config_command_09,config_command,suffix_short,canonical,0,132,9,9,0,1.0,0.0,0.09090909090909091," the single next action now.

", protocol marker R17.,".<|im_end|>
<|im_start|>assistant
",".<|im_end|>
<|im_start|>assistant
"," the single next action now.

"
qwen,exp17_config_command_09,config_command,suffix_short,paraphrase,0,127,9,8,0,1.0,0.0,0.09090909090909091," the single next action now.

", protocol marker R17.,".<|im_end|>
<|im_start|>assistant
",".<|im_end|>
<|im_start|>assistant
"," single next action now.

Reference"
qwen,exp17_config_command_09,config_command,suffix_short,canonical,1,130,9,9,0,1.0,0.0,0.09090909090909091," the single next action now.

", protocol marker R17.,".<|im_end|>
<|im_start|>assistant
",".<|im_end|>
<|im_start|>assistant
"," the single next action now.

"
qwen,exp17_config_command_09,config_command,suffix_short,paraphrase,1,130,9,8,0,1.0,0.0,0.09090909090909091," the single next action now.

", protocol marker R17.,".<|im_end|>
<|im_start|>assistant
",".<|im_end|>
<|im_start|>assistant
"," single next action now.

Reference"
qwen,exp17_config_command_09,config_command,suffix_long,canonical,0,144,21,21,0,1.0,0.0,0.09090909090909091," the single next action now.

", priority normal; checksum stable.,".<|im_end|>
<|im_start|>assistant
",".<|im_end|>
<|im_start|>assistant
"," the single next action now.

"
qwen,exp17_config_command_09,config_command,suffix_long,paraphrase,0,139,21,20,0,1.0,0.0,0.09090909090909091," the single next action now.

", priority normal; checksum stable.,".<|im_end|>
<|im_start|>assistant
",".<|im_end|>
<|im_start|>assistant
"," single next action now.

Reference"
qwen,exp17_config_command_09,config_command,suffix_long,canonical,1,142,21,21,0,1.0,0.0,0.09090909090909091," the single next action now.

", priority normal; checksum stable.,".<|im_end|>
<|im_start|>assistant
",".<|im_end|>
<|im_start|>assistant
"," the single next action now.

"
qwen,exp17_config_command_09,config_command,suffix_long,paraphrase,1,142,21,20,0,1.0,0.0,0.09090909090909091," the single next action now.

", priority normal; checksum stable.,".<|im_end|>
<|im_start|>assistant
",".<|im_end|>
<|im_start|>assistant
"," single next action now.

Reference"
qwen,exp17_config_command_09,config_command,instruction_early,canonical,0,144,46,21,0,1.0,0.0,0.09090909090909091," the single next action now.

", priority normal; checksum stable.,".<|im_end|>
<|im_start|>assistant
",".<|im_end|>
<|im_start|>assistant
"," -m app.check_allocator"")

"
qwen,exp17_config_command_09,config_command,instruction_early,paraphrase,0,139,46,20,0,1.0,0.0,0.09090909090909091," the single next action now.

", priority normal; checksum stable.,".<|im_end|>
<|im_start|>assistant
",".<|im_end|>
<|im_start|>assistant
","m app.check_allocator"")

Reference"
qwen,exp17_config_command_09,config_command,instruction_early,canonical,1,142,46,21,0,1.0,0.0,0.09090909090909091," the single next action now.

", priority normal; checksum stable.,".<|im_end|>
<|im_start|>assistant
",".<|im_end|>
<|im_start|>assistant
"," -m app.check_allocator"")

"
qwen,exp17_config_command_09,config_command,instruction_early,paraphrase,1,142,46,20,0,1.0,0.0,0.09090909090909091," the single next action now.

", priority normal; checksum stable.,".<|im_end|>
<|im_start|>assistant
",".<|im_end|>
<|im_start|>assistant
","m app.check_allocator"")

Reference"
qwen,exp17_config_command_10,config_command,native,canonical,0,126,0,0,0,1.0,0.09090909090909091,0.09090909090909091, the single next action now., the single next action now.,".<|im_end|>
<|im_start|>assistant
",".<|im_end|>
<|im_start|>assistant
", the single next action now.
qwen,exp17_config_command_10,config_command,native,paraphrase,0,121,0,-1,0,1.0,0.09090909090909091,0.09090909090909091, the single next action now., the single next action now.,".<|im_end|>
<|im_start|>assistant
",".<|im_end|>
<|im_start|>assistant
", single next action now.<|im_end|>
qwen,exp17_config_command_10,config_command,native,canonical,1,124,0,0,0,1.0,0.09090909090909091,0.09090909090909091, the single next action now., the single next action now.,".<|im_end|>
<|im_start|>assistant
",".<|im_end|>
<|im_start|>assistant
", the single next action now.
qwen,exp17_config_command_10,config_command,native,paraphrase,1,124,0,-1,0,1.0,0.09090909090909091,0.09090909090909091, the single next action now., the single next action now.,".<|im_end|>
<|im_start|>assistant
",".<|im_end|>
<|im_start|>assistant
", single next action now.<|im_end|>
qwen,exp17_config_command_10,config_command,suffix_short,canonical,0,135,9,9,0,1.0,0.0,0.09090909090909091," the single next action now.

", protocol marker R17.,".<|im_end|>
<|im_start|>assistant
",".<|im_end|>
<|im_start|>assistant
"," the single next action now.

"
qwen,exp17_config_command_10,config_command,suffix_short,paraphrase,0,130,9,8,0,1.0,0.0,0.09090909090909091," the single next action now.

", protocol marker R17.,".<|im_end|>
<|im_start|>assistant
",".<|im_end|>
<|im_start|>assistant
"," single next action now.

Reference"
qwen,exp17_config_command_10,config_command,suffix_short,canonical,1,133,9,9,0,1.0,0.0,0.09090909090909091," the single next action now.

", protocol marker R17.,".<|im_end|>
<|im_start|>assistant
",".<|im_end|>
<|im_start|>assistant
"," the single next action now.

"
qwen,exp17_config_command_10,config_command,suffix_short,paraphrase,1,133,9,8,0,1.0,0.0,0.09090909090909091," the single next action now.

", protocol marker R17.,".<|im_end|>
<|im_start|>assistant
",".<|im_end|>
<|im_start|>assistant
"," single next action now.

Reference"
qwen,exp17_config_command_10,config_command,suffix_long,canonical,0,147,21,21,0,1.0,0.0,0.09090909090909091," the single next action now.

", priority normal; checksum stable.,".<|im_end|>
<|im_start|>assistant
",".<|im_end|>
<|im_start|>assistant
"," the single next action now.

"
qwen,exp17_config_command_10,config_command,suffix_long,paraphrase,0,142,21,20,0,1.0,0.0,0.09090909090909091," the single next action now.

", priority normal; checksum stable.,".<|im_end|>
<|im_start|>assistant
",".<|im_end|>
<|im_start|>assistant
"," single next action now.

Reference"
qwen,exp17_config_command_10,config_command,suffix_long,canonical,1,145,21,21,0,1.0,0.0,0.09090909090909091," the single next action now.

", priority normal; checksum stable.,".<|im_end|>
<|im_start|>assistant
",".<|im_end|>
<|im_start|>assistant
"," the single next action now.

"
qwen,exp17_config_command_10,config_command,suffix_long,paraphrase,1,145,21,20,0,1.0,0.0,0.09090909090909091," the single next action now.

", priority normal; checksum stable.,".<|im_end|>
<|im_start|>assistant
",".<|im_end|>
<|im_start|>assistant
"," single next action now.

Reference"
qwen,exp17_config_command_10,config_command,instruction_early,canonical,0,147,48,21,0,1.0,0.0,0.09090909090909091," the single next action now.

", priority normal; checksum stable.,".<|im_end|>
<|im_start|>assistant
",".<|im_end|>
<|im_start|>assistant
","m app.trace_sanitizer"")

"
qwen,exp17_config_command_10,config_command,instruction_early,paraphrase,0,142,48,20,0,1.0,0.0,0.09090909090909091," the single next action now.

", priority normal; checksum stable.,".<|im_end|>
<|im_start|>assistant
",".<|im_end|>
<|im_start|>assistant
"," app.trace_sanitizer"")

Reference"
qwen,exp17_config_command_10,config_command,instruction_early,canonical,1,145,48,21,0,1.0,0.0,0.09090909090909091," the single next action now.

", priority normal; checksum stable.,".<|im_end|>
<|im_start|>assistant
",".<|im_end|>
<|im_start|>assistant
","m app.trace_sanitizer"")

"
qwen,exp17_config_command_10,config_command,instruction_early,paraphrase,1,145,48,20,0,1.0,0.0,0.09090909090909091," the single next action now.

", priority normal; checksum stable.,".<|im_end|>
<|im_start|>assistant
",".<|im_end|>
<|im_start|>assistant
"," app.trace_sanitizer"")

Reference"
qwen,exp17_config_command_11,config_command,native,canonical,0,124,0,0,0,1.0,0.09090909090909091,0.09090909090909091, the single next action now., the single next action now.,".<|im_end|>
<|im_start|>assistant
",".<|im_end|>
<|im_start|>assistant
", the single next action now.
qwen,exp17_config_command_11,config_command,native,paraphrase,0,119,0,-1,0,1.0,0.09090909090909091,0.09090909090909091, the single next action now., the single next action now.,".<|im_end|>
<|im_start|>assistant
",".<|im_end|>
<|im_start|>assistant
", single next action now.<|im_end|>
qwen,exp17_config_command_11,config_command,native,canonical,1,122,0,0,0,1.0,0.09090909090909091,0.09090909090909091, the single next action now., the single next action now.,".<|im_end|>
<|im_start|>assistant
",".<|im_end|>
<|im_start|>assistant
", the single next action now.
qwen,exp17_config_command_11,config_command,native,paraphrase,1,122,0,-1,0,1.0,0.09090909090909091,0.09090909090909091, the single next action now., the single next action now.,".<|im_end|>
<|im_start|>assistant
",".<|im_end|>
<|im_start|>assistant
", single next action now.<|im_end|>
qwen,exp17_config_command_11,config_command,suffix_short,canonical,0,133,9,9,0,1.0,0.0,0.09090909090909091," the single next action now.

", protocol marker R17.,".<|im_end|>
<|im_start|>assistant
",".<|im_end|>
<|im_start|>assistant
"," the single next action now.

"
qwen,exp17_config_command_11,config_command,suffix_short,paraphrase,0,128,9,8,0,1.0,0.0,0.09090909090909091," the single next action now.

", protocol marker R17.,".<|im_end|>
<|im_start|>assistant
",".<|im_end|>
<|im_start|>assistant
"," single next action now.

Reference"
qwen,exp17_config_command_11,config_command,suffix_short,canonical,1,131,9,9,0,1.0,0.0,0.09090909090909091," the single next action now.

", protocol marker R17.,".<|im_end|>
<|im_start|>assistant
",".<|im_end|>
<|im_start|>assistant
"," the single next action now.

"
qwen,exp17_config_command_11,config_command,suffix_short,paraphrase,1,131,9,8,0,1.0,0.0,0.09090909090909091," the single next action now.

", protocol marker R17.,".<|im_end|>
<|im_start|>assistant
",".<|im_end|>
<|im_start|>assistant
"," single next action now.

Reference"
qwen,exp17_config_command_11,config_command,suffix_long,canonical,0,145,21,21,0,1.0,0.0,0.09090909090909091," the single next action now.

", priority normal; checksum stable.,".<|im_end|>
<|im_start|>assistant
",".<|im_end|>
<|im_start|>assistant
"," the single next action now.

"
qwen,exp17_config_command_11,config_command,suffix_long,paraphrase,0,140,21,20,0,1.0,0.0,0.09090909090909091," the single next action now.

", priority normal; checksum stable.,".<|im_end|>
<|im_start|>assistant
",".<|im_end|>
<|im_start|>assistant
"," single next action now.

Reference"
qwen,exp17_config_command_11,config_command,suffix_long,canonical,1,143,21,21,0,1.0,0.0,0.09090909090909091," the single next action now.

", priority normal; checksum stable.,".<|im_end|>
<|im_start|>assistant
",".<|im_end|>
<|im_start|>assistant
"," the single next action now.

"
qwen,exp17_config_command_11,config_command,suffix_long,paraphrase,1,143,21,20,0,1.0,0.0,0.09090909090909091," the single next action now.

", priority normal; checksum stable.,".<|im_end|>
<|im_start|>assistant
",".<|im_end|>
<|im_start|>assistant
"," single next action now.

Reference"
qwen,exp17_config_command_11,config_command,instruction_early,canonical,0,145,47,21,0,1.0,0.0,0.09090909090909091," the single next action now.

", priority normal; checksum stable.,".<|im_end|>
<|im_start|>assistant
",".<|im_end|>
<|im_start|>assistant
","m app.verify_matcher"")

"
qwen,exp17_config_command_11,config_command,instruction_early,paraphrase,0,140,47,20,0,1.0,0.0,0.09090909090909091," the single next action now.

", priority normal; checksum stable.,".<|im_end|>
<|im_start|>assistant
",".<|im_end|>
<|im_start|>assistant
"," app.verify_matcher"")

Reference"
qwen,exp17_config_command_11,config_command,instruction_early,canonical,1,143,47,21,0,1.0,0.0,0.09090909090909091," the single next action now.

", priority normal; checksum stable.,".<|im_end|>
<|im_start|>assistant
",".<|im_end|>
<|im_start|>assistant
","m app.verify_matcher"")

"
qwen,exp17_config_command_11,config_command,instruction_early,paraphrase,1,143,47,20,0,1.0,0.0,0.09090909090909091," the single next action now.

", priority normal; checksum stable.,".<|im_end|>
<|im_start|>assistant
",".<|im_end|>
<|im_start|>assistant
"," app.verify_matcher"")

Reference"
qwen,exp17_docs_code_08,docs_code,native,canonical,0,126,0,-1,0,1.0,0.09090909090909091,0.09090909090909091, the single next action now., the single next action now.,".<|im_end|>
<|im_start|>assistant
",".<|im_end|>
<|im_start|>assistant
", single next action now.<|im_end|>
qwen,exp17_docs_code_08,docs_code,native,paraphrase,0,120,0,-1,0,1.0,0.09090909090909091,0.09090909090909091, the single next action now., the single next action now.,".<|im_end|>
<|im_start|>assistant
",".<|im_end|>
<|im_start|>assistant
", single next action now.<|im_end|>
qwen,exp17_docs_code_08,docs_code,native,canonical,1,125,0,-1,0,1.0,0.09090909090909091,0.09090909090909091, the single next action now., the single next action now.,".<|im_end|>
<|im_start|>assistant
",".<|im_end|>
<|im_start|>assistant
", single next action now.<|im_end|>
qwen,exp17_docs_code_08,docs_code,native,paraphrase,1,126,0,-1,0,1.0,0.09090909090909091,0.09090909090909091, the single next action now., the single next action now.,".<|im_end|>
<|im_start|>assistant
",".<|im_end|>
<|im_start|>assistant
", single next action now.<|im_end|>
qwen,exp17_docs_code_08,docs_code,suffix_short,canonical,0,135,9,8,0,1.0,0.0,0.09090909090909091," the single next action now.

", protocol marker R17.,".<|im_end|>
<|im_start|>assistant
",".<|im_end|>
<|im_start|>assistant
"," single next action now.

Reference"
qwen,exp17_docs_code_08,docs_code,suffix_short,paraphrase,0,129,9,8,0,1.0,0.0,0.09090909090909091," the single next action now.

", protocol marker R17.,".<|im_end|>
<|im_start|>assistant
",".<|im_end|>
<|im_start|>assistant
"," single next action now.

Reference"
qwen,exp17_docs_code_08,docs_code,suffix_short,canonical,1,134,9,8,0,1.0,0.0,0.09090909090909091," the single next action now.

", protocol marker R17.,".<|im_end|>
<|im_start|>assistant
",".<|im_end|>
<|im_start|>assistant
"," single next action now.

Reference"
qwen,exp17_docs_code_08,docs_code,suffix_short,paraphrase,1,135,9,8,0,1.0,0.0,0.09090909090909091," the single next action now.

", protocol marker R17.,".<|im_end|>
<|im_start|>assistant
",".<|im_end|>
<|im_start|>assistant
"," single next action now.

Reference"
qwen,exp17_docs_code_08,docs_code,suffix_long,canonical,0,147,21,20,0,1.0,0.0,0.09090909090909091," the single next action now.

", priority normal; checksum stable.,".<|im_end|>
<|im_start|>assistant
",".<|im_end|>
<|im_start|>assistant
"," single next action now.

Reference"
qwen,exp17_docs_code_08,docs_code,suffix_long,paraphrase,0,141,21,20,0,1.0,0.0,0.09090909090909091," the single next action now.

", priority normal; checksum stable.,".<|im_end|>
<|im_start|>assistant
",".<|im_end|>
<|im_start|>assistant
"," single next action now.

Reference"
qwen,exp17_docs_code_08,docs_code,suffix_long,canonical,1,146,21,20,0,1.0,0.0,0.09090909090909091," the single next action now.

", priority normal; checksum stable.,".<|im_end|>
<|im_start|>assistant
",".<|im_end|>
<|im_start|>assistant
"," single next action now.

Reference"
qwen,exp17_docs_code_08,docs_code,suffix_long,paraphrase,1,147,21,20,0,1.0,0.0,0.09090909090909091," the single next action now.

", priority normal; checksum stable.,".<|im_end|>
<|im_start|>assistant
",".<|im_end|>
<|im_start|>assistant
"," single next action now.

Reference"
qwen,exp17_docs_code_08,docs_code,instruction_early,canonical,0,147,43,20,0,1.0,0.0,0.09090909090909091," the single next action now.

", priority normal; checksum stable.,".<|im_end|>
<|im_start|>assistant
",".<|im_end|>
<|im_start|>assistant
","src/tracker.py"")

Reference"
qwen,exp17_docs_code_08,docs_code,instruction_early,paraphrase,0,141,43,20,0,1.0,0.0,0.09090909090909091," the single next action now.

", priority normal; checksum stable.,".<|im_end|>
<|im_start|>assistant
",".<|im_end|>
<|im_start|>assistant
","src/tracker.py"")

Reference"
qwen,exp17_docs_code_08,docs_code,instruction_early,canonical,1,146,43,20,0,1.0,0.0,0.09090909090909091," the single next action now.

", priority normal; checksum stable.,".<|im_end|>
<|im_start|>assistant
",".<|im_end|>
<|im_start|>assistant
","src/tracker.py"")

Reference"
qwen,exp17_docs_code_08,docs_code,instruction_early,paraphrase,1,147,43,20,0,1.0,0.0,0.09090909090909091," the single next action now.

", priority normal; checksum stable.,".<|im_end|>
<|im_start|>assistant
",".<|im_end|>
<|im_start|>assistant
","src/tracker.py"")

Reference"
qwen,exp17_docs_code_09,docs_code,native,canonical,0,131,0,-1,0,1.0,0.09090909090909091,0.09090909090909091, the single next action now., the single next action now.,".<|im_end|>
<|im_start|>assistant
",".<|im_end|>
<|im_start|>assistant
", single next action now.<|im_end|>
qwen,exp17_docs_code_09,docs_code,native,paraphrase,0,125,0,-1,0,1.0,0.09090909090909091,0.09090909090909091, the single next action now., the single next action now.,".<|im_end|>
<|im_start|>assistant
",".<|im_end|>
<|im_start|>assistant
", single next action now.<|im_end|>
qwen,exp17_docs_code_09,docs_code,native,canonical,1,130,0,-1,0,1.0,0.09090909090909091,0.09090909090909091, the single next action now., the single next action now.,".<|im_end|>
<|im_start|>assistant
",".<|im_end|>
<|im_start|>assistant
", single next action now.<|im_end|>
qwen,exp17_docs_code_09,docs_code,native,paraphrase,1,131,0,-1,0,1.0,0.09090909090909091,0.09090909090909091, the single next action now., the single next action now.,".<|im_end|>
<|im_start|>assistant
",".<|im_end|>
<|im_start|>assistant
", single next action now.<|im_end|>
qwen,exp17_docs_code_09,docs_code,suffix_short,canonical,0,140,9,8,0,1.0,0.0,0.09090909090909091," the single next action now.

", protocol marker R17.,".<|im_end|>
<|im_start|>assistant
",".<|im_end|>
<|im_start|>assistant
"," single next action now.

Reference"
qwen,exp17_docs_code_09,docs_code,suffix_short,paraphrase,0,134,9,8,0,1.0,0.0,0.09090909090909091," the single next action now.

", protocol marker R17.,".<|im_end|>
<|im_start|>assistant
",".<|im_end|>
<|im_start|>assistant
"," single next action now.

Reference"
qwen,exp17_docs_code_09,docs_code,suffix_short,canonical,1,139,9,8,0,1.0,0.0,0.09090909090909091," the single next action now.

", protocol marker R17.,".<|im_end|>
<|im_start|>assistant
",".<|im_end|>
<|im_start|>assistant
"," single next action now.

Reference"
qwen,exp17_docs_code_09,docs_code,suffix_short,paraphrase,1,140,9,8,0,1.0,0.0,0.09090909090909091," the single next action now.

", protocol marker R17.,".<|im_end|>
<|im_start|>assistant
",".<|im_end|>
<|im_start|>assistant
"," single next action now.

Reference"
qwen,exp17_docs_code_09,docs_code,suffix_long,canonical,0,152,21,20,0,1.0,0.0,0.09090909090909091," the single next action now.

", priority normal; checksum stable.,".<|im_end|>
<|im_start|>assistant
",".<|im_end|>
<|im_start|>assistant
"," single next action now.

Reference"
qwen,exp17_docs_code_09,docs_code,suffix_long,paraphrase,0,146,21,20,0,1.0,0.0,0.09090909090909091," the single next action now.

", priority normal; checksum stable.,".<|im_end|>
<|im_start|>assistant
",".<|im_end|>
<|im_start|>assistant
"," single next action now.

Reference"
qwen,exp17_docs_code_09,docs_code,suffix_long,canonical,1,151,21,20,0,1.0,0.0,0.09090909090909091," the single next action now.

", priority normal; checksum stable.,".<|im_end|>
<|im_start|>assistant
",".<|im_end|>
<|im_start|>assistant
"," single next action now.

Reference"
qwen,exp17_docs_code_09,docs_code,suffix_long,paraphrase,1,152,21,20,0,1.0,0.0,0.09090909090909091," the single next action now.

", priority normal; checksum stable.,".<|im_end|>
<|im_start|>assistant
",".<|im_end|>
<|im_start|>assistant
"," single next action now.

Reference"
qwen,exp17_docs_code_09,docs_code,instruction_early,canonical,0,152,46,20,0,1.0,0.0,0.09090909090909091," the single next action now.

", priority normal; checksum stable.,".<|im_end|>
<|im_start|>assistant
",".<|im_end|>
<|im_start|>assistant
","src/allocator.py"")

Reference"
qwen,exp17_docs_code_09,docs_code,instruction_early,paraphrase,0,146,46,20,0,1.0,0.0,0.09090909090909091," the single next action now.

", priority normal; checksum stable.,".<|im_end|>
<|im_start|>assistant
",".<|im_end|>
<|im_start|>assistant
","src/allocator.py"")

Reference"
qwen,exp17_docs_code_09,docs_code,instruction_early,canonical,1,151,46,20,0,1.0,0.0,0.09090909090909091," the single next action now.

", priority normal; checksum stable.,".<|im_end|>
<|im_start|>assistant
",".<|im_end|>
<|im_start|>assistant
","src/allocator.py"")

Reference"
qwen,exp17_docs_code_09,docs_code,instruction_early,paraphrase,1,152,46,20,0,1.0,0.0,0.09090909090909091," the single next action now.

", priority normal; checksum stable.,".<|im_end|>
<|im_start|>assistant
",".<|im_end|>
<|im_start|>assistant
","src/allocator.py"")

Reference"
qwen,exp17_docs_code_10,docs_code,native,canonical,0,126,0,-1,0,1.0,0.09090909090909091,0.09090909090909091, the single next action now., the single next action now.,".<|im_end|>
<|im_start|>assistant
",".<|im_end|>
<|im_start|>assistant
", single next action now.<|im_end|>
qwen,exp17_docs_code_10,docs_code,native,paraphrase,0,120,0,-1,0,1.0,0.09090909090909091,0.09090909090909091, the single next action now., the single next action now.,".<|im_end|>
<|im_start|>assistant
",".<|im_end|>
<|im_start|>assistant
", single next action now.<|im_end|>
qwen,exp17_docs_code_10,docs_code,native,canonical,1,125,0,-1,0,1.0,0.09090909090909091,0.09090909090909091, the single next action now., the single next action now.,".<|im_end|>
<|im_start|>assistant
",".<|im_end|>
<|im_start|>assistant
", single next action now.<|im_end|>
qwen,exp17_docs_code_10,docs_code,native,paraphrase,1,126,0,-1,0,1.0,0.09090909090909091,0.09090909090909091, the single next action now., the single next action now.,".<|im_end|>
<|im_start|>assistant
",".<|im_end|>
<|im_start|>assistant
", single next action now.<|im_end|>
qwen,exp17_docs_code_10,docs_code,suffix_short,canonical,0,135,9,8,0,1.0,0.0,0.09090909090909091," the single next action now.

", protocol marker R17.,".<|im_end|>
<|im_start|>assistant
",".<|im_end|>
<|im_start|>assistant
"," single next action now.

Reference"
qwen,exp17_docs_code_10,docs_code,suffix_short,paraphrase,0,129,9,8,0,1.0,0.0,0.09090909090909091," the single next action now.

", protocol marker R17.,".<|im_end|>
<|im_start|>assistant
",".<|im_end|>
<|im_start|>assistant
"," single next action now.

Reference"
qwen,exp17_docs_code_10,docs_code,suffix_short,canonical,1,134,9,8,0,1.0,0.0,0.09090909090909091," the single next action now.

", protocol marker R17.,".<|im_end|>
<|im_start|>assistant
",".<|im_end|>
<|im_start|>assistant
"," single next action now.

Reference"
qwen,exp17_docs_code_10,docs_code,suffix_short,paraphrase,1,135,9,8,0,1.0,0.0,0.09090909090909091," the single next action now.

", protocol marker R17.,".<|im_end|>
<|im_start|>assistant
",".<|im_end|>
<|im_start|>assistant
"," single next action now.

Reference"
qwen,exp17_docs_code_10,docs_code,suffix_long,canonical,0,147,21,20,0,1.0,0.0,0.09090909090909091," the single next action now.

", priority normal; checksum stable.,".<|im_end|>
<|im_start|>assistant
",".<|im_end|>
<|im_start|>assistant
"," single next action now.

Reference"
qwen,exp17_docs_code_10,docs_code,suffix_long,paraphrase,0,141,21,20,0,1.0,0.0,0.09090909090909091," the single next action now.

", priority normal; checksum stable.,".<|im_end|>
<|im_start|>assistant
",".<|im_end|>
<|im_start|>assistant
"," single next action now.

Reference"
qwen,exp17_docs_code_10,docs_code,suffix_long,canonical,1,146,21,20,0,1.0,0.0,0.09090909090909091," the single next action now.

", priority normal; checksum stable.,".<|im_end|>
<|im_start|>assistant
",".<|im_end|>
<|im_start|>assistant
"," single next action now.

Reference"
qwen,exp17_docs_code_10,docs_code,suffix_long,paraphrase,1,147,21,20,0,1.0,0.0,0.09090909090909091," the single next action now.

", priority normal; checksum stable.,".<|im_end|>
<|im_start|>assistant
",".<|im_end|>
<|im_start|>assistant
"," single next action now.

Reference"
qwen,exp17_docs_code_10,docs_code,instruction_early,canonical,0,147,43,20,0,1.0,0.0,0.09090909090909091," the single next action now.

", priority normal; checksum stable.,".<|im_end|>
<|im_start|>assistant
",".<|im_end|>
<|im_start|>assistant
","/sanitizer.py"")

Reference"
qwen,exp17_docs_code_10,docs_code,instruction_early,paraphrase,0,141,43,20,0,1.0,0.0,0.09090909090909091," the single next action now.

", priority normal; checksum stable.,".<|im_end|>
<|im_start|>assistant
",".<|im_end|>
<|im_start|>assistant
","/sanitizer.py"")

Reference"
qwen,exp17_docs_code_10,docs_code,instruction_early,canonical,1,146,43,20,0,1.0,0.0,0.09090909090909091," the single next action now.

", priority normal; checksum stable.,".<|im_end|>
<|im_start|>assistant
",".<|im_end|>
<|im_start|>assistant
","/sanitizer.py"")

Reference"
qwen,exp17_docs_code_10,docs_code,instruction_early,paraphrase,1,147,43,20,0,1.0,0.0,0.09090909090909091," the single next action now.

", priority normal; checksum stable.,".<|im_end|>
<|im_start|>assistant
",".<|im_end|>
<|im_start|>assistant
","/sanitizer.py"")

Reference"
qwen,exp17_docs_code_11,docs_code,native,canonical,0,125,0,-1,0,1.0,0.09090909090909091,0.09090909090909091, the single next action now., the single next action now.,".<|im_end|>
<|im_start|>assistant
",".<|im_end|>
<|im_start|>assistant
", single next action now.<|im_end|>
qwen,exp17_docs_code_11,docs_code,native,paraphrase,0,119,0,-1,0,1.0,0.09090909090909091,0.09090909090909091, the single next action now., the single next action now.,".<|im_end|>
<|im_start|>assistant
",".<|im_end|>
<|im_start|>assistant
", single next action now.<|im_end|>
qwen,exp17_docs_code_11,docs_code,native,canonical,1,124,0,-1,0,1.0,0.09090909090909091,0.09090909090909091, the single next action now., the single next action now.,".<|im_end|>
<|im_start|>assistant
",".<|im_end|>
<|im_start|>assistant
", single next action now.<|im_end|>
qwen,exp17_docs_code_11,docs_code,native,paraphrase,1,125,0,-1,0,1.0,0.09090909090909091,0.09090909090909091, the single next action now., the single next action now.,".<|im_end|>
<|im_start|>assistant
",".<|im_end|>
<|im_start|>assistant
", single next action now.<|im_end|>
qwen,exp17_docs_code_11,docs_code,suffix_short,canonical,0,134,9,8,0,1.0,0.0,0.09090909090909091," the single next action now.

", protocol marker R17.,".<|im_end|>
<|im_start|>assistant
",".<|im_end|>
<|im_start|>assistant
"," single next action now.

Reference"
qwen,exp17_docs_code_11,docs_code,suffix_short,paraphrase,0,128,9,8,0,1.0,0.0,0.09090909090909091," the single next action now.

", protocol marker R17.,".<|im_end|>
<|im_start|>assistant
",".<|im_end|>
<|im_start|>assistant
"," single next action now.

Reference"
qwen,exp17_docs_code_11,docs_code,suffix_short,canonical,1,133,9,8,0,1.0,0.0,0.09090909090909091," the single next action now.

", protocol marker R17.,".<|im_end|>
<|im_start|>assistant
",".<|im_end|>
<|im_start|>assistant
"," single next action now.

Reference"
qwen,exp17_docs_code_11,docs_code,suffix_short,paraphrase,1,134,9,8,0,1.0,0.0,0.09090909090909091," the single next action now.

", protocol marker R17.,".<|im_end|>
<|im_start|>assistant
",".<|im_end|>
<|im_start|>assistant
"," single next action now.

Reference"
qwen,exp17_docs_code_11,docs_code,suffix_long,canonical,0,146,21,20,0,1.0,0.0,0.09090909090909091," the single next action now.

", priority normal; checksum stable.,".<|im_end|>
<|im_start|>assistant
",".<|im_end|>
<|im_start|>assistant
"," single next action now.

Reference"
qwen,exp17_docs_code_11,docs_code,suffix_long,paraphrase,0,140,21,20,0,1.0,0.0,0.09090909090909091," the single next action now.

", priority normal; checksum stable.,".<|im_end|>
<|im_start|>assistant
",".<|im_end|>
<|im_start|>assistant
"," single next action now.

Reference"
qwen,exp17_docs_code_11,docs_code,suffix_long,canonical,1,145,21,20,0,1.0,0.0,0.09090909090909091," the single next action now.

", priority normal; checksum stable.,".<|im_end|>
<|im_start|>assistant
",".<|im_end|>
<|im_start|>assistant
"," single next action now.

Reference"
qwen,exp17_docs_code_11,docs_code,suffix_long,paraphrase,1,146,21,20,0,1.0,0.0,0.09090909090909091," the single next action now.

", priority normal; checksum stable.,".<|im_end|>
<|im_start|>assistant
",".<|im_end|>
<|im_start|>assistant
"," single next action now.

Reference"
qwen,exp17_docs_code_11,docs_code,instruction_early,canonical,0,146,42,20,0,1.0,0.0,0.09090909090909091," the single next action now.

", priority normal; checksum stable.,".<|im_end|>
<|im_start|>assistant
",".<|im_end|>
<|im_start|>assistant
","src/matcher.py"")

Reference"
qwen,exp17_docs_code_11,docs_code,instruction_early,paraphrase,0,140,42,20,0,1.0,0.0,0.09090909090909091," the single next action now.

", priority normal; checksum stable.,".<|im_end|>
<|im_start|>assistant
",".<|im_end|>
<|im_start|>assistant
","src/matcher.py"")

Reference"
qwen,exp17_docs_code_11,docs_code,instruction_early,canonical,1,145,42,20,0,1.0,0.0,0.09090909090909091," the single next action now.

", priority normal; checksum stable.,".<|im_end|>
<|im_start|>assistant
",".<|im_end|>
<|im_start|>assistant
","src/matcher.py"")

Reference"
qwen,exp17_docs_code_11,docs_code,instruction_early,paraphrase,1,146,42,20,0,1.0,0.0,0.09090909090909091," the single next action now.

", priority normal; checksum stable.,".<|im_end|>
<|im_start|>assistant
",".<|im_end|>
<|im_start|>assistant
","src/matcher.py"")

Reference"
mistral,exp17_test_edit_08,test_edit,native,canonical,0,176,-4,-5,-4,1.0,0.7142857142857143,0.7142857142857143,the single next action now.,the single next action now.,single next action now.[/INST],single next action now.[/INST],single next action now.[/INST]
mistral,exp17_test_edit_08,test_edit,native,paraphrase,0,172,-4,-5,-4,1.0,0.7142857142857143,0.7142857142857143,the single next action now.,the single next action now.,single next action now.[/INST],single next action now.[/INST],single next action now.[/INST]
mistral,exp17_test_edit_08,test_edit,native,canonical,1,173,-4,-5,-4,1.0,0.7142857142857143,0.7142857142857143,the single next action now.,the single next action now.,single next action now.[/INST],single next action now.[/INST],single next action now.[/INST]
mistral,exp17_test_edit_08,test_edit,native,paraphrase,1,174,-4,-5,-4,1.0,0.7142857142857143,0.7142857142857143,the single next action now.,the single next action now.,single next action now.[/INST],single next action now.[/INST],single next action now.[/INST]
mistral,exp17_test_edit_08,test_edit,suffix_short,canonical,0,187,7,6,-4,1.0,0.0,0.7142857142857143,the single next action now.,protocol marker R17.,marker R17.[/INST],marker R17.[/INST],"single next action now.
"
mistral,exp17_test_edit_08,test_edit,suffix_short,paraphrase,0,183,7,6,-4,1.0,0.0,0.7142857142857143,the single next action now.,protocol marker R17.,marker R17.[/INST],marker R17.[/INST],"single next action now.
"
mistral,exp17_test_edit_08,test_edit,suffix_short,canonical,1,184,7,6,-4,1.0,0.0,0.7142857142857143,the single next action now.,protocol marker R17.,marker R17.[/INST],marker R17.[/INST],"single next action now.
"
mistral,exp17_test_edit_08,test_edit,suffix_short,paraphrase,1,185,7,6,-4,1.0,0.0,0.7142857142857143,the single next action now.,protocol marker R17.,marker R17.[/INST],marker R17.[/INST],"single next action now.
"
mistral,exp17_test_edit_08,test_edit,suffix_long,canonical,0,200,20,19,-4,1.0,0.0,0.7142857142857143,the single next action now.,normal; checksum stable.,; checksum stable.[/INST],; checksum stable.[/INST],"single next action now.
"
mistral,exp17_test_edit_08,test_edit,suffix_long,paraphrase,0,196,20,19,-4,1.0,0.0,0.7142857142857143,the single next action now.,normal; checksum stable.,; checksum stable.[/INST],; checksum stable.[/INST],"single next action now.
"
mistral,exp17_test_edit_08,test_edit,suffix_long,canonical,1,197,20,19,-4,1.0,0.0,0.7142857142857143,the single next action now.,normal; checksum stable.,; checksum stable.[/INST],; checksum stable.[/INST],"single next action now.
"
mistral,exp17_test_edit_08,test_edit,suffix_long,paraphrase,1,198,20,19,-4,1.0,0.0,0.7142857142857143,the single next action now.,normal; checksum stable.,; checksum stable.[/INST],; checksum stable.[/INST],"single next action now.
"
mistral,exp17_test_edit_08,test_edit,instruction_early,canonical,0,200,65,19,-4,1.0,0.0,0.7142857142857143,the single next action now.,normal; checksum stable.,; checksum stable.[/INST],; checksum stable.[/INST],"tracker.py"")
"
mistral,exp17_test_edit_08,test_edit,instruction_early,paraphrase,0,196,65,19,-4,1.0,0.0,0.7142857142857143,the single next action now.,normal; checksum stable.,; checksum stable.[/INST],; checksum stable.[/INST],"tracker.py"")
"
mistral,exp17_test_edit_08,test_edit,instruction_early,canonical,1,197,65,19,-4,1.0,0.0,0.7142857142857143,the single next action now.,normal; checksum stable.,; checksum stable.[/INST],; checksum stable.[/INST],"tracker.py"")
"
mistral,exp17_test_edit_08,test_edit,instruction_early,paraphrase,1,198,65,19,-4,1.0,0.0,0.7142857142857143,the single next action now.,normal; checksum stable.,; checksum stable.[/INST],; checksum stable.[/INST],"tracker.py"")
"
mistral,exp17_test_edit_09,test_edit,native,canonical,0,177,-4,-5,-4,1.0,0.7142857142857143,0.7142857142857143,the single next action now.,the single next action now.,single next action now.[/INST],single next action now.[/INST],single next action now.[/INST]
mistral,exp17_test_edit_09,test_edit,native,paraphrase,0,173,-4,-5,-4,1.0,0.7142857142857143,0.7142857142857143,the single next action now.,the single next action now.,single next action now.[/INST],single next action now.[/INST],single next action now.[/INST]
mistral,exp17_test_edit_09,test_edit,native,canonical,1,174,-4,-5,-4,1.0,0.7142857142857143,0.7142857142857143,the single next action now.,the single next action now.,single next action now.[/INST],single next action now.[/INST],single next action now.[/INST]
mistral,exp17_test_edit_09,test_edit,native,paraphrase,1,175,-4,-5,-4,1.0,0.7142857142857143,0.7142857142857143,the single next action now.,the single next action now.,single next action now.[/INST],single next action now.[/INST],single next action now.[/INST]
mistral,exp17_test_edit_09,test_edit,suffix_short,canonical,0,188,7,6,-4,1.0,0.0,0.7142857142857143,the single next action now.,protocol marker R17.,marker R17.[/INST],marker R17.[/INST],"single next action now.
"
mistral,exp17_test_edit_09,test_edit,suffix_short,paraphrase,0,184,7,6,-4,1.0,0.0,0.7142857142857143,the single next action now.,protocol marker R17.,marker R17.[/INST],marker R17.[/INST],"single next action now.
"
mistral,exp17_test_edit_09,test_edit,suffix_short,canonical,1,185,7,6,-4,1.0,0.0,0.7142857142857143,the single next action now.,protocol marker R17.,marker R17.[/INST],marker R17.[/INST],"single next action now.
"
mistral,exp17_test_edit_09,test_edit,suffix_short,paraphrase,1,186,7,6,-4,1.0,0.0,0.7142857142857143,the single next action now.,protocol marker R17.,marker R17.[/INST],marker R17.[/INST],"single next action now.
"
mistral,exp17_test_edit_09,test_edit,suffix_long,canonical,0,201,20,19,-4,1.0,0.0,0.7142857142857143,the single next action now.,normal; checksum stable.,; checksum stable.[/INST],; checksum stable.[/INST],"single next action now.
"
mistral,exp17_test_edit_09,test_edit,suffix_long,paraphrase,0,197,20,19,-4,1.0,0.0,0.7142857142857143,the single next action now.,normal; checksum stable.,; checksum stable.[/INST],; checksum stable.[/INST],"single next action now.
"
mistral,exp17_test_edit_09,test_edit,suffix_long,canonical,1,198,20,19,-4,1.0,0.0,0.7142857142857143,the single next action now.,normal; checksum stable.,; checksum stable.[/INST],; checksum stable.[/INST],"single next action now.
"
mistral,exp17_test_edit_09,test_edit,suffix_long,paraphrase,1,199,20,19,-4,1.0,0.0,0.7142857142857143,the single next action now.,normal; checksum stable.,; checksum stable.[/INST],; checksum stable.[/INST],"single next action now.
"
mistral,exp17_test_edit_09,test_edit,instruction_early,canonical,0,201,65,19,-4,1.0,0.0,0.7142857142857143,the single next action now.,normal; checksum stable.,; checksum stable.[/INST],; checksum stable.[/INST],"allocator.py"")
"
mistral,exp17_test_edit_09,test_edit,instruction_early,paraphrase,0,197,65,19,-4,1.0,0.0,0.7142857142857143,the single next action now.,normal; checksum stable.,; checksum stable.[/INST],; checksum stable.[/INST],"allocator.py"")
"
mistral,exp17_test_edit_09,test_edit,instruction_early,canonical,1,198,65,19,-4,1.0,0.0,0.7142857142857143,the single next action now.,normal; checksum stable.,; checksum stable.[/INST],; checksum stable.[/INST],"allocator.py"")
"
mistral,exp17_test_edit_09,test_edit,instruction_early,paraphrase,1,199,65,19,-4,1.0,0.0,0.7142857142857143,the single next action now.,normal; checksum stable.,; checksum stable.[/INST],; checksum stable.[/INST],"allocator.py"")
"
mistral,exp17_test_edit_10,test_edit,native,canonical,0,182,-4,-5,-4,1.0,0.7142857142857143,0.7142857142857143,the single next action now.,the single next action now.,single next action now.[/INST],single next action now.[/INST],single next action now.[/INST]
mistral,exp17_test_edit_10,test_edit,native,paraphrase,0,178,-4,-5,-4,1.0,0.7142857142857143,0.7142857142857143,the single next action now.,the single next action now.,single next action now.[/INST],single next action now.[/INST],single next action now.[/INST]
mistral,exp17_test_edit_10,test_edit,native,canonical,1,179,-4,-5,-4,1.0,0.7142857142857143,0.7142857142857143,the single next action now.,the single next action now.,single next action now.[/INST],single next action now.[/INST],single next action now.[/INST]
mistral,exp17_test_edit_10,test_edit,native,paraphrase,1,180,-4,-5,-4,1.0,0.7142857142857143,0.7142857142857143,the single next action now.,the single next action now.,single next action now.[/INST],single next action now.[/INST],single next action now.[/INST]
mistral,exp17_test_edit_10,test_edit,suffix_short,canonical,0,193,7,6,-4,1.0,0.0,0.7142857142857143,the single next action now.,protocol marker R17.,marker R17.[/INST],marker R17.[/INST],"single next action now.
"
mistral,exp17_test_edit_10,test_edit,suffix_short,paraphrase,0,189,7,6,-4,1.0,0.0,0.7142857142857143,the single next action now.,protocol marker R17.,marker R17.[/INST],marker R17.[/INST],"single next action now.
"
mistral,exp17_test_edit_10,test_edit,suffix_short,canonical,1,190,7,6,-4,1.0,0.0,0.7142857142857143,the single next action now.,protocol marker R17.,marker R17.[/INST],marker R17.[/INST],"single next action now.
"
mistral,exp17_test_edit_10,test_edit,suffix_short,paraphrase,1,191,7,6,-4,1.0,0.0,0.7142857142857143,the single next action now.,protocol marker R17.,marker R17.[/INST],marker R17.[/INST],"single next action now.
"
mistral,exp17_test_edit_10,test_edit,suffix_long,canonical,0,206,20,19,-4,1.0,0.0,0.7142857142857143,the single next action now.,normal; checksum stable.,; checksum stable.[/INST],; checksum stable.[/INST],"single next action now.
"
mistral,exp17_test_edit_10,test_edit,suffix_long,paraphrase,0,202,20,19,-4,1.0,0.0,0.7142857142857143,the single next action now.,normal; checksum stable.,; checksum stable.[/INST],; checksum stable.[/INST],"single next action now.
"
mistral,exp17_test_edit_10,test_edit,suffix_long,canonical,1,203,20,19,-4,1.0,0.0,0.7142857142857143,the single next action now.,normal; checksum stable.,; checksum stable.[/INST],; checksum stable.[/INST],"single next action now.
"
mistral,exp17_test_edit_10,test_edit,suffix_long,paraphrase,1,204,20,19,-4,1.0,0.0,0.7142857142857143,the single next action now.,normal; checksum stable.,; checksum stable.[/INST],; checksum stable.[/INST],"single next action now.
"
mistral,exp17_test_edit_10,test_edit,instruction_early,canonical,0,206,68,19,-4,1.0,0.0,0.7142857142857143,the single next action now.,normal; checksum stable.,; checksum stable.[/INST],; checksum stable.[/INST],"itizer.py"")
"
mistral,exp17_test_edit_10,test_edit,instruction_early,paraphrase,0,202,68,19,-4,1.0,0.0,0.7142857142857143,the single next action now.,normal; checksum stable.,; checksum stable.[/INST],; checksum stable.[/INST],"itizer.py"")
"
mistral,exp17_test_edit_10,test_edit,instruction_early,canonical,1,203,68,19,-4,1.0,0.0,0.7142857142857143,the single next action now.,normal; checksum stable.,; checksum stable.[/INST],; checksum stable.[/INST],"itizer.py"")
"
mistral,exp17_test_edit_10,test_edit,instruction_early,paraphrase,1,204,68,19,-4,1.0,0.0,0.7142857142857143,the single next action now.,normal; checksum stable.,; checksum stable.[/INST],; checksum stable.[/INST],"itizer.py"")
"
mistral,exp17_test_edit_11,test_edit,native,canonical,0,176,-4,-5,-4,1.0,0.7142857142857143,0.7142857142857143,the single next action now.,the single next action now.,single next action now.[/INST],single next action now.[/INST],single next action now.[/INST]
mistral,exp17_test_edit_11,test_edit,native,paraphrase,0,172,-4,-5,-4,1.0,0.7142857142857143,0.7142857142857143,the single next action now.,the single next action now.,single next action now.[/INST],single next action now.[/INST],single next action now.[/INST]
mistral,exp17_test_edit_11,test_edit,native,canonical,1,173,-4,-5,-4,1.0,0.7142857142857143,0.7142857142857143,the single next action now.,the single next action now.,single next action now.[/INST],single next action now.[/INST],single next action now.[/INST]
mistral,exp17_test_edit_11,test_edit,native,paraphrase,1,174,-4,-5,-4,1.0,0.7142857142857143,0.7142857142857143,the single next action now.,the single next action now.,single next action now.[/INST],single next action now.[/INST],single next action now.[/INST]
mistral,exp17_test_edit_11,test_edit,suffix_short,canonical,0,187,7,6,-4,1.0,0.0,0.7142857142857143,the single next action now.,protocol marker R17.,marker R17.[/INST],marker R17.[/INST],"single next action now.
"
mistral,exp17_test_edit_11,test_edit,suffix_short,paraphrase,0,183,7,6,-4,1.0,0.0,0.7142857142857143,the single next action now.,protocol marker R17.,marker R17.[/INST],marker R17.[/INST],"single next action now.
"
mistral,exp17_test_edit_11,test_edit,suffix_short,canonical,1,184,7,6,-4,1.0,0.0,0.7142857142857143,the single next action now.,protocol marker R17.,marker R17.[/INST],marker R17.[/INST],"single next action now.
"
mistral,exp17_test_edit_11,test_edit,suffix_short,paraphrase,1,185,7,6,-4,1.0,0.0,0.7142857142857143,the single next action now.,protocol marker R17.,marker R17.[/INST],marker R17.[/INST],"single next action now.
"
mistral,exp17_test_edit_11,test_edit,suffix_long,canonical,0,200,20,19,-4,1.0,0.0,0.7142857142857143,the single next action now.,normal; checksum stable.,; checksum stable.[/INST],; checksum stable.[/INST],"single next action now.
"
mistral,exp17_test_edit_11,test_edit,suffix_long,paraphrase,0,196,20,19,-4,1.0,0.0,0.7142857142857143,the single next action now.,normal; checksum stable.,; checksum stable.[/INST],; checksum stable.[/INST],"single next action now.
"
mistral,exp17_test_edit_11,test_edit,suffix_long,canonical,1,197,20,19,-4,1.0,0.0,0.7142857142857143,the single next action now.,normal; checksum stable.,; checksum stable.[/INST],; checksum stable.[/INST],"single next action now.
"
mistral,exp17_test_edit_11,test_edit,suffix_long,paraphrase,1,198,20,19,-4,1.0,0.0,0.7142857142857143,the single next action now.,normal; checksum stable.,; checksum stable.[/INST],; checksum stable.[/INST],"single next action now.
"
mistral,exp17_test_edit_11,test_edit,instruction_early,canonical,0,200,65,19,-4,1.0,0.0,0.7142857142857143,the single next action now.,normal; checksum stable.,; checksum stable.[/INST],; checksum stable.[/INST],"matcher.py"")
"
mistral,exp17_test_edit_11,test_edit,instruction_early,paraphrase,0,196,65,19,-4,1.0,0.0,0.7142857142857143,the single next action now.,normal; checksum stable.,; checksum stable.[/INST],; checksum stable.[/INST],"matcher.py"")
"
mistral,exp17_test_edit_11,test_edit,instruction_early,canonical,1,197,65,19,-4,1.0,0.0,0.7142857142857143,the single next action now.,normal; checksum stable.,; checksum stable.[/INST],; checksum stable.[/INST],"matcher.py"")
"
mistral,exp17_test_edit_11,test_edit,instruction_early,paraphrase,1,198,65,19,-4,1.0,0.0,0.7142857142857143,the single next action now.,normal; checksum stable.,; checksum stable.[/INST],; checksum stable.[/INST],"matcher.py"")
"
mistral,exp17_search_edit_08,search_edit,native,canonical,0,156,-4,-5,-4,1.0,0.7142857142857143,0.7142857142857143,the single next action now.,the single next action now.,single next action now.[/INST],single next action now.[/INST],single next action now.[/INST]
mistral,exp17_search_edit_08,search_edit,native,paraphrase,0,151,-4,-5,-4,1.0,0.7142857142857143,0.7142857142857143,the single next action now.,the single next action now.,single next action now.[/INST],single next action now.[/INST],single next action now.[/INST]
mistral,exp17_search_edit_08,search_edit,native,canonical,1,152,-4,-5,-4,1.0,0.7142857142857143,0.7142857142857143,the single next action now.,the single next action now.,single next action now.[/INST],single next action now.[/INST],single next action now.[/INST]
mistral,exp17_search_edit_08,search_edit,native,paraphrase,1,149,-4,-5,-4,1.0,0.7142857142857143,0.7142857142857143,the single next action now.,the single next action now.,single next action now.[/INST],single next action now.[/INST],single next action now.[/INST]
mistral,exp17_search_edit_08,search_edit,suffix_short,canonical,0,167,7,6,-4,1.0,0.0,0.7142857142857143,the single next action now.,protocol marker R17.,marker R17.[/INST],marker R17.[/INST],"single next action now.
"
mistral,exp17_search_edit_08,search_edit,suffix_short,paraphrase,0,162,7,6,-4,1.0,0.0,0.7142857142857143,the single next action now.,protocol marker R17.,marker R17.[/INST],marker R17.[/INST],"single next action now.
"
mistral,exp17_search_edit_08,search_edit,suffix_short,canonical,1,163,7,6,-4,1.0,0.0,0.7142857142857143,the single next action now.,protocol marker R17.,marker R17.[/INST],marker R17.[/INST],"single next action now.
"
mistral,exp17_search_edit_08,search_edit,suffix_short,paraphrase,1,160,7,6,-4,1.0,0.0,0.7142857142857143,the single next action now.,protocol marker R17.,marker R17.[/INST],marker R17.[/INST],"single next action now.
"
mistral,exp17_search_edit_08,search_edit,suffix_long,canonical,0,180,20,19,-4,1.0,0.0,0.7142857142857143,the single next action now.,normal; checksum stable.,; checksum stable.[/INST],; checksum stable.[/INST],"single next action now.
"
mistral,exp17_search_edit_08,search_edit,suffix_long,paraphrase,0,175,20,19,-4,1.0,0.0,0.7142857142857143,the single next action now.,normal; checksum stable.,; checksum stable.[/INST],; checksum stable.[/INST],"single next action now.
"
mistral,exp17_search_edit_08,search_edit,suffix_long,canonical,1,176,20,19,-4,1.0,0.0,0.7142857142857143,the single next action now.,normal; checksum stable.,; checksum stable.[/INST],; checksum stable.[/INST],"single next action now.
"
mistral,exp17_search_edit_08,search_edit,suffix_long,paraphrase,1,173,20,19,-4,1.0,0.0,0.7142857142857143,the single next action now.,normal; checksum stable.,; checksum stable.[/INST],; checksum stable.[/INST],"single next action now.
"
mistral,exp17_search_edit_08,search_edit,instruction_early,canonical,0,180,49,19,-4,1.0,0.0,0.7142857142857143,the single next action now.,normal; checksum stable.,; checksum stable.[/INST],; checksum stable.[/INST],"tracker.py"")
"
mistral,exp17_search_edit_08,search_edit,instruction_early,paraphrase,0,175,49,19,-4,1.0,0.0,0.7142857142857143,the single next action now.,normal; checksum stable.,; checksum stable.[/INST],; checksum stable.[/INST],"tracker.py"")
"
mistral,exp17_search_edit_08,search_edit,instruction_early,canonical,1,176,49,19,-4,1.0,0.0,0.7142857142857143,the single next action now.,normal; checksum stable.,; checksum stable.[/INST],; checksum stable.[/INST],"tracker.py"")
"
mistral,exp17_search_edit_08,search_edit,instruction_early,paraphrase,1,173,49,19,-4,1.0,0.0,0.7142857142857143,the single next action now.,normal; checksum stable.,; checksum stable.[/INST],; checksum stable.[/INST],"tracker.py"")
"
mistral,exp17_search_edit_09,search_edit,native,canonical,0,158,-4,-5,-4,1.0,0.7142857142857143,0.7142857142857143,the single next action now.,the single next action now.,single next action now.[/INST],single next action now.[/INST],single next action now.[/INST]
mistral,exp17_search_edit_09,search_edit,native,paraphrase,0,153,-4,-5,-4,1.0,0.7142857142857143,0.7142857142857143,the single next action now.,the single next action now.,single next action now.[/INST],single next action now.[/INST],single next action now.[/INST]
mistral,exp17_search_edit_09,search_edit,native,canonical,1,154,-4,-5,-4,1.0,0.7142857142857143,0.7142857142857143,the single next action now.,the single next action now.,single next action now.[/INST],single next action now.[/INST],single next action now.[/INST]
mistral,exp17_search_edit_09,search_edit,native,paraphrase,1,151,-4,-5,-4,1.0,0.7142857142857143,0.7142857142857143,the single next action now.,the single next action now.,single next action now.[/INST],single next action now.[/INST],single next action now.[/INST]
mistral,exp17_search_edit_09,search_edit,suffix_short,canonical,0,169,7,6,-4,1.0,0.0,0.7142857142857143,the single next action now.,protocol marker R17.,marker R17.[/INST],marker R17.[/INST],"single next action now.
"
mistral,exp17_search_edit_09,search_edit,suffix_short,paraphrase,0,164,7,6,-4,1.0,0.0,0.7142857142857143,the single next action now.,protocol marker R17.,marker R17.[/INST],marker R17.[/INST],"single next action now.
"
mistral,exp17_search_edit_09,search_edit,suffix_short,canonical,1,165,7,6,-4,1.0,0.0,0.7142857142857143,the single next action now.,protocol marker R17.,marker R17.[/INST],marker R17.[/INST],"single next action now.
"
mistral,exp17_search_edit_09,search_edit,suffix_short,paraphrase,1,162,7,6,-4,1.0,0.0,0.7142857142857143,the single next action now.,protocol marker R17.,marker R17.[/INST],marker R17.[/INST],"single next action now.
"
mistral,exp17_search_edit_09,search_edit,suffix_long,canonical,0,182,20,19,-4,1.0,0.0,0.7142857142857143,the single next action now.,normal; checksum stable.,; checksum stable.[/INST],; checksum stable.[/INST],"single next action now.
"
mistral,exp17_search_edit_09,search_edit,suffix_long,paraphrase,0,177,20,19,-4,1.0,0.0,0.7142857142857143,the single next action now.,normal; checksum stable.,; checksum stable.[/INST],; checksum stable.[/INST],"single next action now.
"
mistral,exp17_search_edit_09,search_edit,suffix_long,canonical,1,178,20,19,-4,1.0,0.0,0.7142857142857143,the single next action now.,normal; checksum stable.,; checksum stable.[/INST],; checksum stable.[/INST],"single next action now.
"
mistral,exp17_search_edit_09,search_edit,suffix_long,paraphrase,1,175,20,19,-4,1.0,0.0,0.7142857142857143,the single next action now.,normal; checksum stable.,; checksum stable.[/INST],; checksum stable.[/INST],"single next action now.
"
mistral,exp17_search_edit_09,search_edit,instruction_early,canonical,0,182,50,19,-4,1.0,0.0,0.7142857142857143,the single next action now.,normal; checksum stable.,; checksum stable.[/INST],; checksum stable.[/INST],"allocator.py"")
"
mistral,exp17_search_edit_09,search_edit,instruction_early,paraphrase,0,177,50,19,-4,1.0,0.0,0.7142857142857143,the single next action now.,normal; checksum stable.,; checksum stable.[/INST],; checksum stable.[/INST],"allocator.py"")
"
mistral,exp17_search_edit_09,search_edit,instruction_early,canonical,1,178,50,19,-4,1.0,0.0,0.7142857142857143,the single next action now.,normal; checksum stable.,; checksum stable.[/INST],; checksum stable.[/INST],"allocator.py"")
"
mistral,exp17_search_edit_09,search_edit,instruction_early,paraphrase,1,175,50,19,-4,1.0,0.0,0.7142857142857143,the single next action now.,normal; checksum stable.,; checksum stable.[/INST],; checksum stable.[/INST],"allocator.py"")
"
mistral,exp17_search_edit_10,search_edit,native,canonical,0,160,-4,-5,-4,1.0,0.7142857142857143,0.7142857142857143,the single next action now.,the single next action now.,single next action now.[/INST],single next action now.[/INST],single next action now.[/INST]
mistral,exp17_search_edit_10,search_edit,native,paraphrase,0,155,-4,-5,-4,1.0,0.7142857142857143,0.7142857142857143,the single next action now.,the single next action now.,single next action now.[/INST],single next action now.[/INST],single next action now.[/INST]
mistral,exp17_search_edit_10,search_edit,native,canonical,1,156,-4,-5,-4,1.0,0.7142857142857143,0.7142857142857143,the single next action now.,the single next action now.,single next action now.[/INST],single next action now.[/INST],single next action now.[/INST]
mistral,exp17_search_edit_10,search_edit,native,paraphrase,1,153,-4,-5,-4,1.0,0.7142857142857143,0.7142857142857143,the single next action now.,the single next action now.,single next action now.[/INST],single next action now.[/INST],single next action now.[/INST]
mistral,exp17_search_edit_10,search_edit,suffix_short,canonical,0,171,7,6,-4,1.0,0.0,0.7142857142857143,the single next action now.,protocol marker R17.,marker R17.[/INST],marker R17.[/INST],"single next action now.
"
mistral,exp17_search_edit_10,search_edit,suffix_short,paraphrase,0,166,7,6,-4,1.0,0.0,0.7142857142857143,the single next action now.,protocol marker R17.,marker R17.[/INST],marker R17.[/INST],"single next action now.
"
mistral,exp17_search_edit_10,search_edit,suffix_short,canonical,1,167,7,6,-4,1.0,0.0,0.7142857142857143,the single next action now.,protocol marker R17.,marker R17.[/INST],marker R17.[/INST],"single next action now.
"
mistral,exp17_search_edit_10,search_edit,suffix_short,paraphrase,1,164,7,6,-4,1.0,0.0,0.7142857142857143,the single next action now.,protocol marker R17.,marker R17.[/INST],marker R17.[/INST],"single next action now.
"
mistral,exp17_search_edit_10,search_edit,suffix_long,canonical,0,184,20,19,-4,1.0,0.0,0.7142857142857143,the single next action now.,normal; checksum stable.,; checksum stable.[/INST],; checksum stable.[/INST],"single next action now.
"
mistral,exp17_search_edit_10,search_edit,suffix_long,paraphrase,0,179,20,19,-4,1.0,0.0,0.7142857142857143,the single next action now.,normal; checksum stable.,; checksum stable.[/INST],; checksum stable.[/INST],"single next action now.
"
mistral,exp17_search_edit_10,search_edit,suffix_long,canonical,1,180,20,19,-4,1.0,0.0,0.7142857142857143,the single next action now.,normal; checksum stable.,; checksum stable.[/INST],; checksum stable.[/INST],"single next action now.
"
mistral,exp17_search_edit_10,search_edit,suffix_long,paraphrase,1,177,20,19,-4,1.0,0.0,0.7142857142857143,the single next action now.,normal; checksum stable.,; checksum stable.[/INST],; checksum stable.[/INST],"single next action now.
"
mistral,exp17_search_edit_10,search_edit,instruction_early,canonical,0,184,51,19,-4,1.0,0.0,0.7142857142857143,the single next action now.,normal; checksum stable.,; checksum stable.[/INST],; checksum stable.[/INST],"itizer.py"")
"
mistral,exp17_search_edit_10,search_edit,instruction_early,paraphrase,0,179,51,19,-4,1.0,0.0,0.7142857142857143,the single next action now.,normal; checksum stable.,; checksum stable.[/INST],; checksum stable.[/INST],"itizer.py"")
"
mistral,exp17_search_edit_10,search_edit,instruction_early,canonical,1,180,51,19,-4,1.0,0.0,0.7142857142857143,the single next action now.,normal; checksum stable.,; checksum stable.[/INST],; checksum stable.[/INST],"itizer.py"")
"
mistral,exp17_search_edit_10,search_edit,instruction_early,paraphrase,1,177,51,19,-4,1.0,0.0,0.7142857142857143,the single next action now.,normal; checksum stable.,; checksum stable.[/INST],; checksum stable.[/INST],"itizer.py"")
"
mistral,exp17_search_edit_11,search_edit,native,canonical,0,156,-4,-5,-4,1.0,0.7142857142857143,0.7142857142857143,the single next action now.,the single next action now.,single next action now.[/INST],single next action now.[/INST],single next action now.[/INST]
mistral,exp17_search_edit_11,search_edit,native,paraphrase,0,151,-4,-5,-4,1.0,0.7142857142857143,0.7142857142857143,the single next action now.,the single next action now.,single next action now.[/INST],single next action now.[/INST],single next action now.[/INST]
mistral,exp17_search_edit_11,search_edit,native,canonical,1,152,-4,-5,-4,1.0,0.7142857142857143,0.7142857142857143,the single next action now.,the single next action now.,single next action now.[/INST],single next action now.[/INST],single next action now.[/INST]
mistral,exp17_search_edit_11,search_edit,native,paraphrase,1,149,-4,-5,-4,1.0,0.7142857142857143,0.7142857142857143,the single next action now.,the single next action now.,single next action now.[/INST],single next action now.[/INST],single next action now.[/INST]
mistral,exp17_search_edit_11,search_edit,suffix_short,canonical,0,167,7,6,-4,1.0,0.0,0.7142857142857143,the single next action now.,protocol marker R17.,marker R17.[/INST],marker R17.[/INST],"single next action now.
"
mistral,exp17_search_edit_11,search_edit,suffix_short,paraphrase,0,162,7,6,-4,1.0,0.0,0.7142857142857143,the single next action now.,protocol marker R17.,marker R17.[/INST],marker R17.[/INST],"single next action now.
"
mistral,exp17_search_edit_11,search_edit,suffix_short,canonical,1,163,7,6,-4,1.0,0.0,0.7142857142857143,the single next action now.,protocol marker R17.,marker R17.[/INST],marker R17.[/INST],"single next action now.
"
mistral,exp17_search_edit_11,search_edit,suffix_short,paraphrase,1,160,7,6,-4,1.0,0.0,0.7142857142857143,the single next action now.,protocol marker R17.,marker R17.[/INST],marker R17.[/INST],"single next action now.
"
mistral,exp17_search_edit_11,search_edit,suffix_long,canonical,0,180,20,19,-4,1.0,0.0,0.7142857142857143,the single next action now.,normal; checksum stable.,; checksum stable.[/INST],; checksum stable.[/INST],"single next action now.
"
mistral,exp17_search_edit_11,search_edit,suffix_long,paraphrase,0,175,20,19,-4,1.0,0.0,0.7142857142857143,the single next action now.,normal; checksum stable.,; checksum stable.[/INST],; checksum stable.[/INST],"single next action now.
"
mistral,exp17_search_edit_11,search_edit,suffix_long,canonical,1,176,20,19,-4,1.0,0.0,0.7142857142857143,the single next action now.,normal; checksum stable.,; checksum stable.[/INST],; checksum stable.[/INST],"single next action now.
"
mistral,exp17_search_edit_11,search_edit,suffix_long,paraphrase,1,173,20,19,-4,1.0,0.0,0.7142857142857143,the single next action now.,normal; checksum stable.,; checksum stable.[/INST],; checksum stable.[/INST],"single next action now.
"
mistral,exp17_search_edit_11,search_edit,instruction_early,canonical,0,180,49,19,-4,1.0,0.0,0.7142857142857143,the single next action now.,normal; checksum stable.,; checksum stable.[/INST],; checksum stable.[/INST],"matcher.py"")
"
mistral,exp17_search_edit_11,search_edit,instruction_early,paraphrase,0,175,49,19,-4,1.0,0.0,0.7142857142857143,the single next action now.,normal; checksum stable.,; checksum stable.[/INST],; checksum stable.[/INST],"matcher.py"")
"
mistral,exp17_search_edit_11,search_edit,instruction_early,canonical,1,176,49,19,-4,1.0,0.0,0.7142857142857143,the single next action now.,normal; checksum stable.,; checksum stable.[/INST],; checksum stable.[/INST],"matcher.py"")
"
mistral,exp17_search_edit_11,search_edit,instruction_early,paraphrase,1,173,49,19,-4,1.0,0.0,0.7142857142857143,the single next action now.,normal; checksum stable.,; checksum stable.[/INST],; checksum stable.[/INST],"matcher.py"")
"
mistral,exp17_config_command_08,config_command,native,canonical,0,149,-4,-5,-4,1.0,0.7142857142857143,0.7142857142857143,the single next action now.,the single next action now.,single next action now.[/INST],single next action now.[/INST],single next action now.[/INST]
mistral,exp17_config_command_08,config_command,native,paraphrase,0,146,-4,-5,-4,1.0,0.7142857142857143,0.7142857142857143,the single next action now.,the single next action now.,single next action now.[/INST],single next action now.[/INST],single next action now.[/INST]
mistral,exp17_config_command_08,config_command,native,canonical,1,147,-4,-5,-4,1.0,0.7142857142857143,0.7142857142857143,the single next action now.,the single next action now.,single next action now.[/INST],single next action now.[/INST],single next action now.[/INST]
mistral,exp17_config_command_08,config_command,native,paraphrase,1,147,-4,-5,-4,1.0,0.7142857142857143,0.7142857142857143,the single next action now.,the single next action now.,single next action now.[/INST],single next action now.[/INST],single next action now.[/INST]
mistral,exp17_config_command_08,config_command,suffix_short,canonical,0,160,7,6,-4,1.0,0.0,0.7142857142857143,the single next action now.,protocol marker R17.,marker R17.[/INST],marker R17.[/INST],"single next action now.
"
mistral,exp17_config_command_08,config_command,suffix_short,paraphrase,0,157,7,6,-4,1.0,0.0,0.7142857142857143,the single next action now.,protocol marker R17.,marker R17.[/INST],marker R17.[/INST],"single next action now.
"
mistral,exp17_config_command_08,config_command,suffix_short,canonical,1,158,7,6,-4,1.0,0.0,0.7142857142857143,the single next action now.,protocol marker R17.,marker R17.[/INST],marker R17.[/INST],"single next action now.
"
mistral,exp17_config_command_08,config_command,suffix_short,paraphrase,1,158,7,6,-4,1.0,0.0,0.7142857142857143,the single next action now.,protocol marker R17.,marker R17.[/INST],marker R17.[/INST],"single next action now.
"
mistral,exp17_config_command_08,config_command,suffix_long,canonical,0,173,20,19,-4,1.0,0.0,0.7142857142857143,the single next action now.,normal; checksum stable.,; checksum stable.[/INST],; checksum stable.[/INST],"single next action now.
"
mistral,exp17_config_command_08,config_command,suffix_long,paraphrase,0,170,20,19,-4,1.0,0.0,0.7142857142857143,the single next action now.,normal; checksum stable.,; checksum stable.[/INST],; checksum stable.[/INST],"single next action now.
"
mistral,exp17_config_command_08,config_command,suffix_long,canonical,1,171,20,19,-4,1.0,0.0,0.7142857142857143,the single next action now.,normal; checksum stable.,; checksum stable.[/INST],; checksum stable.[/INST],"single next action now.
"
mistral,exp17_config_command_08,config_command,suffix_long,paraphrase,1,171,20,19,-4,1.0,0.0,0.7142857142857143,the single next action now.,normal; checksum stable.,; checksum stable.[/INST],; checksum stable.[/INST],"single next action now.
"
mistral,exp17_config_command_08,config_command,instruction_early,canonical,0,173,57,19,-4,1.0,0.0,0.7142857142857143,the single next action now.,normal; checksum stable.,; checksum stable.[/INST],; checksum stable.[/INST],"pect_tracker"")
"
mistral,exp17_config_command_08,config_command,instruction_early,paraphrase,0,170,57,19,-4,1.0,0.0,0.7142857142857143,the single next action now.,normal; checksum stable.,; checksum stable.[/INST],; checksum stable.[/INST],"pect_tracker"")
"
mistral,exp17_config_command_08,config_command,instruction_early,canonical,1,171,57,19,-4,1.0,0.0,0.7142857142857143,the single next action now.,normal; checksum stable.,; checksum stable.[/INST],; checksum stable.[/INST],"pect_tracker"")
"
mistral,exp17_config_command_08,config_command,instruction_early,paraphrase,1,171,57,19,-4,1.0,0.0,0.7142857142857143,the single next action now.,normal; checksum stable.,; checksum stable.[/INST],; checksum stable.[/INST],"pect_tracker"")
"
mistral,exp17_config_command_09,config_command,native,canonical,0,149,-4,-5,-4,1.0,0.7142857142857143,0.7142857142857143,the single next action now.,the single next action now.,single next action now.[/INST],single next action now.[/INST],single next action now.[/INST]
mistral,exp17_config_command_09,config_command,native,paraphrase,0,146,-4,-5,-4,1.0,0.7142857142857143,0.7142857142857143,the single next action now.,the single next action now.,single next action now.[/INST],single next action now.[/INST],single next action now.[/INST]
mistral,exp17_config_command_09,config_command,native,canonical,1,147,-4,-5,-4,1.0,0.7142857142857143,0.7142857142857143,the single next action now.,the single next action now.,single next action now.[/INST],single next action now.[/INST],single next action now.[/INST]
mistral,exp17_config_command_09,config_command,native,paraphrase,1,147,-4,-5,-4,1.0,0.7142857142857143,0.7142857142857143,the single next action now.,the single next action now.,single next action now.[/INST],single next action now.[/INST],single next action now.[/INST]
mistral,exp17_config_command_09,config_command,suffix_short,canonical,0,160,7,6,-4,1.0,0.0,0.7142857142857143,the single next action now.,protocol marker R17.,marker R17.[/INST],marker R17.[/INST],"single next action now.
"
mistral,exp17_config_command_09,config_command,suffix_short,paraphrase,0,157,7,6,-4,1.0,0.0,0.7142857142857143,the single next action now.,protocol marker R17.,marker R17.[/INST],marker R17.[/INST],"single next action now.
"
mistral,exp17_config_command_09,config_command,suffix_short,canonical,1,158,7,6,-4,1.0,0.0,0.7142857142857143,the single next action now.,protocol marker R17.,marker R17.[/INST],marker R17.[/INST],"single next action now.
"
mistral,exp17_config_command_09,config_command,suffix_short,paraphrase,1,158,7,6,-4,1.0,0.0,0.7142857142857143,the single next action now.,protocol marker R17.,marker R17.[/INST],marker R17.[/INST],"single next action now.
"
mistral,exp17_config_command_09,config_command,suffix_long,canonical,0,173,20,19,-4,1.0,0.0,0.7142857142857143,the single next action now.,normal; checksum stable.,; checksum stable.[/INST],; checksum stable.[/INST],"single next action now.
"
mistral,exp17_config_command_09,config_command,suffix_long,paraphrase,0,170,20,19,-4,1.0,0.0,0.7142857142857143,the single next action now.,normal; checksum stable.,; checksum stable.[/INST],; checksum stable.[/INST],"single next action now.
"
mistral,exp17_config_command_09,config_command,suffix_long,canonical,1,171,20,19,-4,1.0,0.0,0.7142857142857143,the single next action now.,normal; checksum stable.,; checksum stable.[/INST],; checksum stable.[/INST],"single next action now.
"
mistral,exp17_config_command_09,config_command,suffix_long,paraphrase,1,171,20,19,-4,1.0,0.0,0.7142857142857143,the single next action now.,normal; checksum stable.,; checksum stable.[/INST],; checksum stable.[/INST],"single next action now.
"
mistral,exp17_config_command_09,config_command,instruction_early,canonical,0,173,56,19,-4,1.0,0.0,0.7142857142857143,the single next action now.,normal; checksum stable.,; checksum stable.[/INST],; checksum stable.[/INST],"check_allocator"")
"
mistral,exp17_config_command_09,config_command,instruction_early,paraphrase,0,170,56,19,-4,1.0,0.0,0.7142857142857143,the single next action now.,normal; checksum stable.,; checksum stable.[/INST],; checksum stable.[/INST],"check_allocator"")
"
mistral,exp17_config_command_09,config_command,instruction_early,canonical,1,171,56,19,-4,1.0,0.0,0.7142857142857143,the single next action now.,normal; checksum stable.,; checksum stable.[/INST],; checksum stable.[/INST],"check_allocator"")
"
mistral,exp17_config_command_09,config_command,instruction_early,paraphrase,1,171,56,19,-4,1.0,0.0,0.7142857142857143,the single next action now.,normal; checksum stable.,; checksum stable.[/INST],; checksum stable.[/INST],"check_allocator"")
"
mistral,exp17_config_command_10,config_command,native,canonical,0,152,-4,-5,-4,1.0,0.7142857142857143,0.7142857142857143,the single next action now.,the single next action now.,single next action now.[/INST],single next action now.[/INST],single next action now.[/INST]
mistral,exp17_config_command_10,config_command,native,paraphrase,0,149,-4,-5,-4,1.0,0.7142857142857143,0.7142857142857143,the single next action now.,the single next action now.,single next action now.[/INST],single next action now.[/INST],single next action now.[/INST]
mistral,exp17_config_command_10,config_command,native,canonical,1,150,-4,-5,-4,1.0,0.7142857142857143,0.7142857142857143,the single next action now.,the single next action now.,single next action now.[/INST],single next action now.[/INST],single next action now.[/INST]
mistral,exp17_config_command_10,config_command,native,paraphrase,1,150,-4,-5,-4,1.0,0.7142857142857143,0.7142857142857143,the single next action now.,the single next action now.,single next action now.[/INST],single next action now.[/INST],single next action now.[/INST]
mistral,exp17_config_command_10,config_command,suffix_short,canonical,0,163,7,6,-4,1.0,0.0,0.7142857142857143,the single next action now.,protocol marker R17.,marker R17.[/INST],marker R17.[/INST],"single next action now.
"
mistral,exp17_config_command_10,config_command,suffix_short,paraphrase,0,160,7,6,-4,1.0,0.0,0.7142857142857143,the single next action now.,protocol marker R17.,marker R17.[/INST],marker R17.[/INST],"single next action now.
"
mistral,exp17_config_command_10,config_command,suffix_short,canonical,1,161,7,6,-4,1.0,0.0,0.7142857142857143,the single next action now.,protocol marker R17.,marker R17.[/INST],marker R17.[/INST],"single next action now.
"
mistral,exp17_config_command_10,config_command,suffix_short,paraphrase,1,161,7,6,-4,1.0,0.0,0.7142857142857143,the single next action now.,protocol marker R17.,marker R17.[/INST],marker R17.[/INST],"single next action now.
"
mistral,exp17_config_command_10,config_command,suffix_long,canonical,0,176,20,19,-4,1.0,0.0,0.7142857142857143,the single next action now.,normal; checksum stable.,; checksum stable.[/INST],; checksum stable.[/INST],"single next action now.
"
mistral,exp17_config_command_10,config_command,suffix_long,paraphrase,0,173,20,19,-4,1.0,0.0,0.7142857142857143,the single next action now.,normal; checksum stable.,; checksum stable.[/INST],; checksum stable.[/INST],"single next action now.
"
mistral,exp17_config_command_10,config_command,suffix_long,canonical,1,174,20,19,-4,1.0,0.0,0.7142857142857143,the single next action now.,normal; checksum stable.,; checksum stable.[/INST],; checksum stable.[/INST],"single next action now.
"
mistral,exp17_config_command_10,config_command,suffix_long,paraphrase,1,174,20,19,-4,1.0,0.0,0.7142857142857143,the single next action now.,normal; checksum stable.,; checksum stable.[/INST],; checksum stable.[/INST],"single next action now.
"
mistral,exp17_config_command_10,config_command,instruction_early,canonical,0,176,58,19,-4,1.0,0.0,0.7142857142857143,the single next action now.,normal; checksum stable.,; checksum stable.[/INST],; checksum stable.[/INST],"_sanitizer"")
"
mistral,exp17_config_command_10,config_command,instruction_early,paraphrase,0,173,58,19,-4,1.0,0.0,0.7142857142857143,the single next action now.,normal; checksum stable.,; checksum stable.[/INST],; checksum stable.[/INST],"_sanitizer"")
"
mistral,exp17_config_command_10,config_command,instruction_early,canonical,1,174,58,19,-4,1.0,0.0,0.7142857142857143,the single next action now.,normal; checksum stable.,; checksum stable.[/INST],; checksum stable.[/INST],"_sanitizer"")
"
mistral,exp17_config_command_10,config_command,instruction_early,paraphrase,1,174,58,19,-4,1.0,0.0,0.7142857142857143,the single next action now.,normal; checksum stable.,; checksum stable.[/INST],; checksum stable.[/INST],"_sanitizer"")
"
mistral,exp17_config_command_11,config_command,native,canonical,0,148,-4,-5,-4,1.0,0.7142857142857143,0.7142857142857143,the single next action now.,the single next action now.,single next action now.[/INST],single next action now.[/INST],single next action now.[/INST]
mistral,exp17_config_command_11,config_command,native,paraphrase,0,145,-4,-5,-4,1.0,0.7142857142857143,0.7142857142857143,the single next action now.,the single next action now.,single next action now.[/INST],single next action now.[/INST],single next action now.[/INST]
mistral,exp17_config_command_11,config_command,native,canonical,1,146,-4,-5,-4,1.0,0.7142857142857143,0.7142857142857143,the single next action now.,the single next action now.,single next action now.[/INST],single next action now.[/INST],single next action now.[/INST]
mistral,exp17_config_command_11,config_command,native,paraphrase,1,146,-4,-5,-4,1.0,0.7142857142857143,0.7142857142857143,the single next action now.,the single next action now.,single next action now.[/INST],single next action now.[/INST],single next action now.[/INST]
mistral,exp17_config_command_11,config_command,suffix_short,canonical,0,159,7,6,-4,1.0,0.0,0.7142857142857143,the single next action now.,protocol marker R17.,marker R17.[/INST],marker R17.[/INST],"single next action now.
"
mistral,exp17_config_command_11,config_command,suffix_short,paraphrase,0,156,7,6,-4,1.0,0.0,0.7142857142857143,the single next action now.,protocol marker R17.,marker R17.[/INST],marker R17.[/INST],"single next action now.
"
mistral,exp17_config_command_11,config_command,suffix_short,canonical,1,157,7,6,-4,1.0,0.0,0.7142857142857143,the single next action now.,protocol marker R17.,marker R17.[/INST],marker R17.[/INST],"single next action now.
"
mistral,exp17_config_command_11,config_command,suffix_short,paraphrase,1,157,7,6,-4,1.0,0.0,0.7142857142857143,the single next action now.,protocol marker R17.,marker R17.[/INST],marker R17.[/INST],"single next action now.
"
mistral,exp17_config_command_11,config_command,suffix_long,canonical,0,172,20,19,-4,1.0,0.0,0.7142857142857143,the single next action now.,normal; checksum stable.,; checksum stable.[/INST],; checksum stable.[/INST],"single next action now.
"
mistral,exp17_config_command_11,config_command,suffix_long,paraphrase,0,169,20,19,-4,1.0,0.0,0.7142857142857143,the single next action now.,normal; checksum stable.,; checksum stable.[/INST],; checksum stable.[/INST],"single next action now.
"
mistral,exp17_config_command_11,config_command,suffix_long,canonical,1,170,20,19,-4,1.0,0.0,0.7142857142857143,the single next action now.,normal; checksum stable.,; checksum stable.[/INST],; checksum stable.[/INST],"single next action now.
"
mistral,exp17_config_command_11,config_command,suffix_long,paraphrase,1,170,20,19,-4,1.0,0.0,0.7142857142857143,the single next action now.,normal; checksum stable.,; checksum stable.[/INST],; checksum stable.[/INST],"single next action now.
"
mistral,exp17_config_command_11,config_command,instruction_early,canonical,0,172,56,19,-4,1.0,0.0,0.7142857142857143,the single next action now.,normal; checksum stable.,; checksum stable.[/INST],; checksum stable.[/INST],"verify_matcher"")
"
mistral,exp17_config_command_11,config_command,instruction_early,paraphrase,0,169,56,19,-4,1.0,0.0,0.7142857142857143,the single next action now.,normal; checksum stable.,; checksum stable.[/INST],; checksum stable.[/INST],"verify_matcher"")
"
mistral,exp17_config_command_11,config_command,instruction_early,canonical,1,170,56,19,-4,1.0,0.0,0.7142857142857143,the single next action now.,normal; checksum stable.,; checksum stable.[/INST],; checksum stable.[/INST],"verify_matcher"")
"
mistral,exp17_config_command_11,config_command,instruction_early,paraphrase,1,170,56,19,-4,1.0,0.0,0.7142857142857143,the single next action now.,normal; checksum stable.,; checksum stable.[/INST],; checksum stable.[/INST],"verify_matcher"")
"
mistral,exp17_docs_code_08,docs_code,native,canonical,0,149,-4,-5,-4,1.0,0.7142857142857143,0.7142857142857143,the single next action now.,the single next action now.,single next action now.[/INST],single next action now.[/INST],single next action now.[/INST]
mistral,exp17_docs_code_08,docs_code,native,paraphrase,0,144,-4,-5,-4,1.0,0.7142857142857143,0.7142857142857143,the single next action now.,the single next action now.,single next action now.[/INST],single next action now.[/INST],single next action now.[/INST]
mistral,exp17_docs_code_08,docs_code,native,canonical,1,149,-4,-5,-4,1.0,0.7142857142857143,0.7142857142857143,the single next action now.,the single next action now.,single next action now.[/INST],single next action now.[/INST],single next action now.[/INST]
mistral,exp17_docs_code_08,docs_code,native,paraphrase,1,151,-4,-5,-4,1.0,0.7142857142857143,0.7142857142857143,the single next action now.,the single next action now.,single next action now.[/INST],single next action now.[/INST],single next action now.[/INST]
mistral,exp17_docs_code_08,docs_code,suffix_short,canonical,0,160,7,6,-4,1.0,0.0,0.7142857142857143,the single next action now.,protocol marker R17.,marker R17.[/INST],marker R17.[/INST],"single next action now.
"
mistral,exp17_docs_code_08,docs_code,suffix_short,paraphrase,0,155,7,6,-4,1.0,0.0,0.7142857142857143,the single next action now.,protocol marker R17.,marker R17.[/INST],marker R17.[/INST],"single next action now.
"
mistral,exp17_docs_code_08,docs_code,suffix_short,canonical,1,160,7,6,-4,1.0,0.0,0.7142857142857143,the single next action now.,protocol marker R17.,marker R17.[/INST],marker R17.[/INST],"single next action now.
"
mistral,exp17_docs_code_08,docs_code,suffix_short,paraphrase,1,162,7,6,-4,1.0,0.0,0.7142857142857143,the single next action now.,protocol marker R17.,marker R17.[/INST],marker R17.[/INST],"single next action now.
"
mistral,exp17_docs_code_08,docs_code,suffix_long,canonical,0,173,20,19,-4,1.0,0.0,0.7142857142857143,the single next action now.,normal; checksum stable.,; checksum stable.[/INST],; checksum stable.[/INST],"single next action now.
"
mistral,exp17_docs_code_08,docs_code,suffix_long,paraphrase,0,168,20,19,-4,1.0,0.0,0.7142857142857143,the single next action now.,normal; checksum stable.,; checksum stable.[/INST],; checksum stable.[/INST],"single next action now.
"
mistral,exp17_docs_code_08,docs_code,suffix_long,canonical,1,173,20,19,-4,1.0,0.0,0.7142857142857143,the single next action now.,normal; checksum stable.,; checksum stable.[/INST],; checksum stable.[/INST],"single next action now.
"
mistral,exp17_docs_code_08,docs_code,suffix_long,paraphrase,1,175,20,19,-4,1.0,0.0,0.7142857142857143,the single next action now.,normal; checksum stable.,; checksum stable.[/INST],; checksum stable.[/INST],"single next action now.
"
mistral,exp17_docs_code_08,docs_code,instruction_early,canonical,0,173,52,19,-4,1.0,0.0,0.7142857142857143,the single next action now.,normal; checksum stable.,; checksum stable.[/INST],; checksum stable.[/INST],"tracker.py"")
"
mistral,exp17_docs_code_08,docs_code,instruction_early,paraphrase,0,168,52,19,-4,1.0,0.0,0.7142857142857143,the single next action now.,normal; checksum stable.,; checksum stable.[/INST],; checksum stable.[/INST],"tracker.py"")
"
mistral,exp17_docs_code_08,docs_code,instruction_early,canonical,1,173,52,19,-4,1.0,0.0,0.7142857142857143,the single next action now.,normal; checksum stable.,; checksum stable.[/INST],; checksum stable.[/INST],"tracker.py"")
"
mistral,exp17_docs_code_08,docs_code,instruction_early,paraphrase,1,175,52,19,-4,1.0,0.0,0.7142857142857143,the single next action now.,normal; checksum stable.,; checksum stable.[/INST],; checksum stable.[/INST],"tracker.py"")
"
mistral,exp17_docs_code_09,docs_code,native,canonical,0,150,-4,-5,-4,1.0,0.7142857142857143,0.7142857142857143,the single next action now.,the single next action now.,single next action now.[/INST],single next action now.[/INST],single next action now.[/INST]
mistral,exp17_docs_code_09,docs_code,native,paraphrase,0,145,-4,-5,-4,1.0,0.7142857142857143,0.7142857142857143,the single next action now.,the single next action now.,single next action now.[/INST],single next action now.[/INST],single next action now.[/INST]
mistral,exp17_docs_code_09,docs_code,native,canonical,1,150,-4,-5,-4,1.0,0.7142857142857143,0.7142857142857143,the single next action now.,the single next action now.,single next action now.[/INST],single next action now.[/INST],single next action now.[/INST]
mistral,exp17_docs_code_09,docs_code,native,paraphrase,1,152,-4,-5,-4,1.0,0.7142857142857143,0.7142857142857143,the single next action now.,the single next action now.,single next action now.[/INST],single next action now.[/INST],single next action now.[/INST]
mistral,exp17_docs_code_09,docs_code,suffix_short,canonical,0,161,7,6,-4,1.0,0.0,0.7142857142857143,the single next action now.,protocol marker R17.,marker R17.[/INST],marker R17.[/INST],"single next action now.
"
mistral,exp17_docs_code_09,docs_code,suffix_short,paraphrase,0,156,7,6,-4,1.0,0.0,0.7142857142857143,the single next action now.,protocol marker R17.,marker R17.[/INST],marker R17.[/INST],"single next action now.
"
mistral,exp17_docs_code_09,docs_code,suffix_short,canonical,1,161,7,6,-4,1.0,0.0,0.7142857142857143,the single next action now.,protocol marker R17.,marker R17.[/INST],marker R17.[/INST],"single next action now.
"
mistral,exp17_docs_code_09,docs_code,suffix_short,paraphrase,1,163,7,6,-4,1.0,0.0,0.7142857142857143,the single next action now.,protocol marker R17.,marker R17.[/INST],marker R17.[/INST],"single next action now.
"
mistral,exp17_docs_code_09,docs_code,suffix_long,canonical,0,174,20,19,-4,1.0,0.0,0.7142857142857143,the single next action now.,normal; checksum stable.,; checksum stable.[/INST],; checksum stable.[/INST],"single next action now.
"
mistral,exp17_docs_code_09,docs_code,suffix_long,paraphrase,0,169,20,19,-4,1.0,0.0,0.7142857142857143,the single next action now.,normal; checksum stable.,; checksum stable.[/INST],; checksum stable.[/INST],"single next action now.
"
mistral,exp17_docs_code_09,docs_code,suffix_long,canonical,1,174,20,19,-4,1.0,0.0,0.7142857142857143,the single next action now.,normal; checksum stable.,; checksum stable.[/INST],; checksum stable.[/INST],"single next action now.
"
mistral,exp17_docs_code_09,docs_code,suffix_long,paraphrase,1,176,20,19,-4,1.0,0.0,0.7142857142857143,the single next action now.,normal; checksum stable.,; checksum stable.[/INST],; checksum stable.[/INST],"single next action now.
"
mistral,exp17_docs_code_09,docs_code,instruction_early,canonical,0,174,52,19,-4,1.0,0.0,0.7142857142857143,the single next action now.,normal; checksum stable.,; checksum stable.[/INST],; checksum stable.[/INST],"allocator.py"")
"
mistral,exp17_docs_code_09,docs_code,instruction_early,paraphrase,0,169,52,19,-4,1.0,0.0,0.7142857142857143,the single next action now.,normal; checksum stable.,; checksum stable.[/INST],; checksum stable.[/INST],"allocator.py"")
"
mistral,exp17_docs_code_09,docs_code,instruction_early,canonical,1,174,52,19,-4,1.0,0.0,0.7142857142857143,the single next action now.,normal; checksum stable.,; checksum stable.[/INST],; checksum stable.[/INST],"allocator.py"")
"
mistral,exp17_docs_code_09,docs_code,instruction_early,paraphrase,1,176,52,19,-4,1.0,0.0,0.7142857142857143,the single next action now.,normal; checksum stable.,; checksum stable.[/INST],; checksum stable.[/INST],"allocator.py"")
"
mistral,exp17_docs_code_10,docs_code,native,canonical,0,151,-4,-5,-4,1.0,0.7142857142857143,0.7142857142857143,the single next action now.,the single next action now.,single next action now.[/INST],single next action now.[/INST],single next action now.[/INST]
mistral,exp17_docs_code_10,docs_code,native,paraphrase,0,146,-4,-5,-4,1.0,0.7142857142857143,0.7142857142857143,the single next action now.,the single next action now.,single next action now.[/INST],single next action now.[/INST],single next action now.[/INST]
mistral,exp17_docs_code_10,docs_code,native,canonical,1,151,-4,-5,-4,1.0,0.7142857142857143,0.7142857142857143,the single next action now.,the single next action now.,single next action now.[/INST],single next action now.[/INST],single next action now.[/INST]
mistral,exp17_docs_code_10,docs_code,native,paraphrase,1,153,-4,-5,-4,1.0,0.7142857142857143,0.7142857142857143,the single next action now.,the single next action now.,single next action now.[/INST],single next action now.[/INST],single next action now.[/INST]
mistral,exp17_docs_code_10,docs_code,suffix_short,canonical,0,162,7,6,-4,1.0,0.0,0.7142857142857143,the single next action now.,protocol marker R17.,marker R17.[/INST],marker R17.[/INST],"single next action now.
"
mistral,exp17_docs_code_10,docs_code,suffix_short,paraphrase,0,157,7,6,-4,1.0,0.0,0.7142857142857143,the single next action now.,protocol marker R17.,marker R17.[/INST],marker R17.[/INST],"single next action now.
"
mistral,exp17_docs_code_10,docs_code,suffix_short,canonical,1,162,7,6,-4,1.0,0.0,0.7142857142857143,the single next action now.,protocol marker R17.,marker R17.[/INST],marker R17.[/INST],"single next action now.
"
mistral,exp17_docs_code_10,docs_code,suffix_short,paraphrase,1,164,7,6,-4,1.0,0.0,0.7142857142857143,the single next action now.,protocol marker R17.,marker R17.[/INST],marker R17.[/INST],"single next action now.
"
mistral,exp17_docs_code_10,docs_code,suffix_long,canonical,0,175,20,19,-4,1.0,0.0,0.7142857142857143,the single next action now.,normal; checksum stable.,; checksum stable.[/INST],; checksum stable.[/INST],"single next action now.
"
mistral,exp17_docs_code_10,docs_code,suffix_long,paraphrase,0,170,20,19,-4,1.0,0.0,0.7142857142857143,the single next action now.,normal; checksum stable.,; checksum stable.[/INST],; checksum stable.[/INST],"single next action now.
"
mistral,exp17_docs_code_10,docs_code,suffix_long,canonical,1,175,20,19,-4,1.0,0.0,0.7142857142857143,the single next action now.,normal; checksum stable.,; checksum stable.[/INST],; checksum stable.[/INST],"single next action now.
"
mistral,exp17_docs_code_10,docs_code,suffix_long,paraphrase,1,177,20,19,-4,1.0,0.0,0.7142857142857143,the single next action now.,normal; checksum stable.,; checksum stable.[/INST],; checksum stable.[/INST],"single next action now.
"
mistral,exp17_docs_code_10,docs_code,instruction_early,canonical,0,175,52,19,-4,1.0,0.0,0.7142857142857143,the single next action now.,normal; checksum stable.,; checksum stable.[/INST],; checksum stable.[/INST],"itizer.py"")
"
mistral,exp17_docs_code_10,docs_code,instruction_early,paraphrase,0,170,52,19,-4,1.0,0.0,0.7142857142857143,the single next action now.,normal; checksum stable.,; checksum stable.[/INST],; checksum stable.[/INST],"itizer.py"")
"
mistral,exp17_docs_code_10,docs_code,instruction_early,canonical,1,175,52,19,-4,1.0,0.0,0.7142857142857143,the single next action now.,normal; checksum stable.,; checksum stable.[/INST],; checksum stable.[/INST],"itizer.py"")
"
mistral,exp17_docs_code_10,docs_code,instruction_early,paraphrase,1,177,52,19,-4,1.0,0.0,0.7142857142857143,the single next action now.,normal; checksum stable.,; checksum stable.[/INST],; checksum stable.[/INST],"itizer.py"")
"
mistral,exp17_docs_code_11,docs_code,native,canonical,0,147,-4,-5,-4,1.0,0.7142857142857143,0.7142857142857143,the single next action now.,the single next action now.,single next action now.[/INST],single next action now.[/INST],single next action now.[/INST]
mistral,exp17_docs_code_11,docs_code,native,paraphrase,0,142,-4,-5,-4,1.0,0.7142857142857143,0.7142857142857143,the single next action now.,the single next action now.,single next action now.[/INST],single next action now.[/INST],single next action now.[/INST]
mistral,exp17_docs_code_11,docs_code,native,canonical,1,147,-4,-5,-4,1.0,0.7142857142857143,0.7142857142857143,the single next action now.,the single next action now.,single next action now.[/INST],single next action now.[/INST],single next action now.[/INST]
mistral,exp17_docs_code_11,docs_code,native,paraphrase,1,149,-4,-5,-4,1.0,0.7142857142857143,0.7142857142857143,the single next action now.,the single next action now.,single next action now.[/INST],single next action now.[/INST],single next action now.[/INST]
mistral,exp17_docs_code_11,docs_code,suffix_short,canonical,0,158,7,6,-4,1.0,0.0,0.7142857142857143,the single next action now.,protocol marker R17.,marker R17.[/INST],marker R17.[/INST],"single next action now.
"
mistral,exp17_docs_code_11,docs_code,suffix_short,paraphrase,0,153,7,6,-4,1.0,0.0,0.7142857142857143,the single next action now.,protocol marker R17.,marker R17.[/INST],marker R17.[/INST],"single next action now.
"
mistral,exp17_docs_code_11,docs_code,suffix_short,canonical,1,158,7,6,-4,1.0,0.0,0.7142857142857143,the single next action now.,protocol marker R17.,marker R17.[/INST],marker R17.[/INST],"single next action now.
"
mistral,exp17_docs_code_11,docs_code,suffix_short,paraphrase,1,160,7,6,-4,1.0,0.0,0.7142857142857143,the single next action now.,protocol marker R17.,marker R17.[/INST],marker R17.[/INST],"single next action now.
"
mistral,exp17_docs_code_11,docs_code,suffix_long,canonical,0,171,20,19,-4,1.0,0.0,0.7142857142857143,the single next action now.,normal; checksum stable.,; checksum stable.[/INST],; checksum stable.[/INST],"single next action now.
"
mistral,exp17_docs_code_11,docs_code,suffix_long,paraphrase,0,166,20,19,-4,1.0,0.0,0.7142857142857143,the single next action now.,normal; checksum stable.,; checksum stable.[/INST],; checksum stable.[/INST],"single next action now.
"
mistral,exp17_docs_code_11,docs_code,suffix_long,canonical,1,171,20,19,-4,1.0,0.0,0.7142857142857143,the single next action now.,normal; checksum stable.,; checksum stable.[/INST],; checksum stable.[/INST],"single next action now.
"
mistral,exp17_docs_code_11,docs_code,suffix_long,paraphrase,1,173,20,19,-4,1.0,0.0,0.7142857142857143,the single next action now.,normal; checksum stable.,; checksum stable.[/INST],; checksum stable.[/INST],"single next action now.
"
mistral,exp17_docs_code_11,docs_code,instruction_early,canonical,0,171,50,19,-4,1.0,0.0,0.7142857142857143,the single next action now.,normal; checksum stable.,; checksum stable.[/INST],; checksum stable.[/INST],"matcher.py"")
"
mistral,exp17_docs_code_11,docs_code,instruction_early,paraphrase,0,166,50,19,-4,1.0,0.0,0.7142857142857143,the single next action now.,normal; checksum stable.,; checksum stable.[/INST],; checksum stable.[/INST],"matcher.py"")
"
mistral,exp17_docs_code_11,docs_code,instruction_early,canonical,1,171,50,19,-4,1.0,0.0,0.7142857142857143,the single next action now.,normal; checksum stable.,; checksum stable.[/INST],; checksum stable.[/INST],"matcher.py"")
"
mistral,exp17_docs_code_11,docs_code,instruction_early,paraphrase,1,173,50,19,-4,1.0,0.0,0.7142857142857143,the single next action now.,normal; checksum stable.,; checksum stable.[/INST],; checksum stable.[/INST],"matcher.py"")
"
granite,exp17_test_edit_08,test_edit,native,canonical,0,172,0,-5,0,1.0,0.09090909090909091,0.09090909090909091, the single next action now., the single next action now.,".<|end_of_text|>
<|start_of_role|>assistant<|end_of_role|>",".<|end_of_text|>
<|start_of_role|>assistant<|end_of_role|>",".<|end_of_text|>
<|start_of_role|>assistant<|end_of_role|>"
granite,exp17_test_edit_08,test_edit,native,paraphrase,0,168,0,-5,0,1.0,0.09090909090909091,0.09090909090909091, the single next action now., the single next action now.,".<|end_of_text|>
<|start_of_role|>assistant<|end_of_role|>",".<|end_of_text|>
<|start_of_role|>assistant<|end_of_role|>",".<|end_of_text|>
<|start_of_role|>assistant<|end_of_role|>"
granite,exp17_test_edit_08,test_edit,native,canonical,1,169,0,-5,0,1.0,0.09090909090909091,0.09090909090909091, the single next action now., the single next action now.,".<|end_of_text|>
<|start_of_role|>assistant<|end_of_role|>",".<|end_of_text|>
<|start_of_role|>assistant<|end_of_role|>",".<|end_of_text|>
<|start_of_role|>assistant<|end_of_role|>"
granite,exp17_test_edit_08,test_edit,native,paraphrase,1,169,0,-5,0,1.0,0.09090909090909091,0.09090909090909091, the single next action now., the single next action now.,".<|end_of_text|>
<|start_of_role|>assistant<|end_of_role|>",".<|end_of_text|>
<|start_of_role|>assistant<|end_of_role|>",".<|end_of_text|>
<|start_of_role|>assistant<|end_of_role|>"
granite,exp17_test_edit_08,test_edit,suffix_short,canonical,0,183,11,6,0,1.0,0.0,0.09090909090909091, the single next action now., protocol marker R17.,".<|end_of_text|>
<|start_of_role|>assistant<|end_of_role|>",".<|end_of_text|>
<|start_of_role|>assistant<|end_of_role|>",".

Reference note:"
granite,exp17_test_edit_08,test_edit,suffix_short,paraphrase,0,179,11,6,0,1.0,0.0,0.09090909090909091, the single next action now., protocol marker R17.,".<|end_of_text|>
<|start_of_role|>assistant<|end_of_role|>",".<|end_of_text|>
<|start_of_role|>assistant<|end_of_role|>",".

Reference note:"
granite,exp17_test_edit_08,test_edit,suffix_short,canonical,1,180,11,6,0,1.0,0.0,0.09090909090909091, the single next action now., protocol marker R17.,".<|end_of_text|>
<|start_of_role|>assistant<|end_of_role|>",".<|end_of_text|>
<|start_of_role|>assistant<|end_of_role|>",".

Reference note:"
granite,exp17_test_edit_08,test_edit,suffix_short,paraphrase,1,180,11,6,0,1.0,0.0,0.09090909090909091, the single next action now., protocol marker R17.,".<|end_of_text|>
<|start_of_role|>assistant<|end_of_role|>",".<|end_of_text|>
<|start_of_role|>assistant<|end_of_role|>",".

Reference note:"
granite,exp17_test_edit_08,test_edit,suffix_long,canonical,0,195,23,18,0,1.0,0.0,0.09090909090909091, the single next action now., priority normal; checksum stable.,".<|end_of_text|>
<|start_of_role|>assistant<|end_of_role|>",".<|end_of_text|>
<|start_of_role|>assistant<|end_of_role|>",".

Reference note:"
granite,exp17_test_edit_08,test_edit,suffix_long,paraphrase,0,191,23,18,0,1.0,0.0,0.09090909090909091, the single next action now., priority normal; checksum stable.,".<|end_of_text|>
<|start_of_role|>assistant<|end_of_role|>",".<|end_of_text|>
<|start_of_role|>assistant<|end_of_role|>",".

Reference note:"
granite,exp17_test_edit_08,test_edit,suffix_long,canonical,1,192,23,18,0,1.0,0.0,0.09090909090909091, the single next action now., priority normal; checksum stable.,".<|end_of_text|>
<|start_of_role|>assistant<|end_of_role|>",".<|end_of_text|>
<|start_of_role|>assistant<|end_of_role|>",".

Reference note:"
granite,exp17_test_edit_08,test_edit,suffix_long,paraphrase,1,192,23,18,0,1.0,0.0,0.09090909090909091, the single next action now., priority normal; checksum stable.,".<|end_of_text|>
<|start_of_role|>assistant<|end_of_role|>",".<|end_of_text|>
<|start_of_role|>assistant<|end_of_role|>",".

Reference note:"
granite,exp17_test_edit_08,test_edit,instruction_early,canonical,0,195,64,18,0,1.0,0.0,0.09090909090909091, the single next action now., priority normal; checksum stable.,".<|end_of_text|>
<|start_of_role|>assistant<|end_of_role|>",".<|end_of_text|>
<|start_of_role|>assistant<|end_of_role|>",""")

Reference note:"
granite,exp17_test_edit_08,test_edit,instruction_early,paraphrase,0,191,64,18,0,1.0,0.0,0.09090909090909091, the single next action now., priority normal; checksum stable.,".<|end_of_text|>
<|start_of_role|>assistant<|end_of_role|>",".<|end_of_text|>
<|start_of_role|>assistant<|end_of_role|>",""")

Reference note:"
granite,exp17_test_edit_08,test_edit,instruction_early,canonical,1,192,64,18,0,1.0,0.0,0.09090909090909091, the single next action now., priority normal; checksum stable.,".<|end_of_text|>
<|start_of_role|>assistant<|end_of_role|>",".<|end_of_text|>
<|start_of_role|>assistant<|end_of_role|>",""")

Reference note:"
granite,exp17_test_edit_08,test_edit,instruction_early,paraphrase,1,192,64,18,0,1.0,0.0,0.09090909090909091, the single next action now., priority normal; checksum stable.,".<|end_of_text|>
<|start_of_role|>assistant<|end_of_role|>",".<|end_of_text|>
<|start_of_role|>assistant<|end_of_role|>",""")

Reference note:"
granite,exp17_test_edit_09,test_edit,native,canonical,0,172,0,-5,0,1.0,0.09090909090909091,0.09090909090909091, the single next action now., the single next action now.,".<|end_of_text|>
<|start_of_role|>assistant<|end_of_role|>",".<|end_of_text|>
<|start_of_role|>assistant<|end_of_role|>",".<|end_of_text|>
<|start_of_role|>assistant<|end_of_role|>"
granite,exp17_test_edit_09,test_edit,native,paraphrase,0,168,0,-5,0,1.0,0.09090909090909091,0.09090909090909091, the single next action now., the single next action now.,".<|end_of_text|>
<|start_of_role|>assistant<|end_of_role|>",".<|end_of_text|>
<|start_of_role|>assistant<|end_of_role|>",".<|end_of_text|>
<|start_of_role|>assistant<|end_of_role|>"
granite,exp17_test_edit_09,test_edit,native,canonical,1,169,0,-5,0,1.0,0.09090909090909091,0.09090909090909091, the single next action now., the single next action now.,".<|end_of_text|>
<|start_of_role|>assistant<|end_of_role|>",".<|end_of_text|>
<|start_of_role|>assistant<|end_of_role|>",".<|end_of_text|>
<|start_of_role|>assistant<|end_of_role|>"
granite,exp17_test_edit_09,test_edit,native,paraphrase,1,169,0,-5,0,1.0,0.09090909090909091,0.09090909090909091, the single next action now., the single next action now.,".<|end_of_text|>
<|start_of_role|>assistant<|end_of_role|>",".<|end_of_text|>
<|start_of_role|>assistant<|end_of_role|>",".<|end_of_text|>
<|start_of_role|>assistant<|end_of_role|>"
granite,exp17_test_edit_09,test_edit,suffix_short,canonical,0,183,11,6,0,1.0,0.0,0.09090909090909091, the single next action now., protocol marker R17.,".<|end_of_text|>
<|start_of_role|>assistant<|end_of_role|>",".<|end_of_text|>
<|start_of_role|>assistant<|end_of_role|>",".

Reference note:"
granite,exp17_test_edit_09,test_edit,suffix_short,paraphrase,0,179,11,6,0,1.0,0.0,0.09090909090909091, the single next action now., protocol marker R17.,".<|end_of_text|>
<|start_of_role|>assistant<|end_of_role|>",".<|end_of_text|>
<|start_of_role|>assistant<|end_of_role|>",".

Reference note:"
granite,exp17_test_edit_09,test_edit,suffix_short,canonical,1,180,11,6,0,1.0,0.0,0.09090909090909091, the single next action now., protocol marker R17.,".<|end_of_text|>
<|start_of_role|>assistant<|end_of_role|>",".<|end_of_text|>
<|start_of_role|>assistant<|end_of_role|>",".

Reference note:"
granite,exp17_test_edit_09,test_edit,suffix_short,paraphrase,1,180,11,6,0,1.0,0.0,0.09090909090909091, the single next action now., protocol marker R17.,".<|end_of_text|>
<|start_of_role|>assistant<|end_of_role|>",".<|end_of_text|>
<|start_of_role|>assistant<|end_of_role|>",".

Reference note:"
granite,exp17_test_edit_09,test_edit,suffix_long,canonical,0,195,23,18,0,1.0,0.0,0.09090909090909091, the single next action now., priority normal; checksum stable.,".<|end_of_text|>
<|start_of_role|>assistant<|end_of_role|>",".<|end_of_text|>
<|start_of_role|>assistant<|end_of_role|>",".

Reference note:"
granite,exp17_test_edit_09,test_edit,suffix_long,paraphrase,0,191,23,18,0,1.0,0.0,0.09090909090909091, the single next action now., priority normal; checksum stable.,".<|end_of_text|>
<|start_of_role|>assistant<|end_of_role|>",".<|end_of_text|>
<|start_of_role|>assistant<|end_of_role|>",".

Reference note:"
granite,exp17_test_edit_09,test_edit,suffix_long,canonical,1,192,23,18,0,1.0,0.0,0.09090909090909091, the single next action now., priority normal; checksum stable.,".<|end_of_text|>
<|start_of_role|>assistant<|end_of_role|>",".<|end_of_text|>
<|start_of_role|>assistant<|end_of_role|>",".

Reference note:"
granite,exp17_test_edit_09,test_edit,suffix_long,paraphrase,1,192,23,18,0,1.0,0.0,0.09090909090909091, the single next action now., priority normal; checksum stable.,".<|end_of_text|>
<|start_of_role|>assistant<|end_of_role|>",".<|end_of_text|>
<|start_of_role|>assistant<|end_of_role|>",".

Reference note:"
granite,exp17_test_edit_09,test_edit,instruction_early,canonical,0,195,64,18,0,1.0,0.0,0.09090909090909091, the single next action now., priority normal; checksum stable.,".<|end_of_text|>
<|start_of_role|>assistant<|end_of_role|>",".<|end_of_text|>
<|start_of_role|>assistant<|end_of_role|>",""")

Reference note:"
granite,exp17_test_edit_09,test_edit,instruction_early,paraphrase,0,191,64,18,0,1.0,0.0,0.09090909090909091, the single next action now., priority normal; checksum stable.,".<|end_of_text|>
<|start_of_role|>assistant<|end_of_role|>",".<|end_of_text|>
<|start_of_role|>assistant<|end_of_role|>",""")

Reference note:"
granite,exp17_test_edit_09,test_edit,instruction_early,canonical,1,192,64,18,0,1.0,0.0,0.09090909090909091, the single next action now., priority normal; checksum stable.,".<|end_of_text|>
<|start_of_role|>assistant<|end_of_role|>",".<|end_of_text|>
<|start_of_role|>assistant<|end_of_role|>",""")

Reference note:"
granite,exp17_test_edit_09,test_edit,instruction_early,paraphrase,1,192,64,18,0,1.0,0.0,0.09090909090909091, the single next action now., priority normal; checksum stable.,".<|end_of_text|>
<|start_of_role|>assistant<|end_of_role|>",".<|end_of_text|>
<|start_of_role|>assistant<|end_of_role|>",""")

Reference note:"
granite,exp17_test_edit_10,test_edit,native,canonical,0,177,0,-5,0,1.0,0.09090909090909091,0.09090909090909091, the single next action now., the single next action now.,".<|end_of_text|>
<|start_of_role|>assistant<|end_of_role|>",".<|end_of_text|>
<|start_of_role|>assistant<|end_of_role|>",".<|end_of_text|>
<|start_of_role|>assistant<|end_of_role|>"
granite,exp17_test_edit_10,test_edit,native,paraphrase,0,173,0,-5,0,1.0,0.09090909090909091,0.09090909090909091, the single next action now., the single next action now.,".<|end_of_text|>
<|start_of_role|>assistant<|end_of_role|>",".<|end_of_text|>
<|start_of_role|>assistant<|end_of_role|>",".<|end_of_text|>
<|start_of_role|>assistant<|end_of_role|>"
granite,exp17_test_edit_10,test_edit,native,canonical,1,174,0,-5,0,1.0,0.09090909090909091,0.09090909090909091, the single next action now., the single next action now.,".<|end_of_text|>
<|start_of_role|>assistant<|end_of_role|>",".<|end_of_text|>
<|start_of_role|>assistant<|end_of_role|>",".<|end_of_text|>
<|start_of_role|>assistant<|end_of_role|>"
granite,exp17_test_edit_10,test_edit,native,paraphrase,1,174,0,-5,0,1.0,0.09090909090909091,0.09090909090909091, the single next action now., the single next action now.,".<|end_of_text|>
<|start_of_role|>assistant<|end_of_role|>",".<|end_of_text|>
<|start_of_role|>assistant<|end_of_role|>",".<|end_of_text|>
<|start_of_role|>assistant<|end_of_role|>"
granite,exp17_test_edit_10,test_edit,suffix_short,canonical,0,188,11,6,0,1.0,0.0,0.09090909090909091, the single next action now., protocol marker R17.,".<|end_of_text|>
<|start_of_role|>assistant<|end_of_role|>",".<|end_of_text|>
<|start_of_role|>assistant<|end_of_role|>",".

Reference note:"
granite,exp17_test_edit_10,test_edit,suffix_short,paraphrase,0,184,11,6,0,1.0,0.0,0.09090909090909091, the single next action now., protocol marker R17.,".<|end_of_text|>
<|start_of_role|>assistant<|end_of_role|>",".<|end_of_text|>
<|start_of_role|>assistant<|end_of_role|>",".

Reference note:"
granite,exp17_test_edit_10,test_edit,suffix_short,canonical,1,185,11,6,0,1.0,0.0,0.09090909090909091, the single next action now., protocol marker R17.,".<|end_of_text|>
<|start_of_role|>assistant<|end_of_role|>",".<|end_of_text|>
<|start_of_role|>assistant<|end_of_role|>",".

Reference note:"
granite,exp17_test_edit_10,test_edit,suffix_short,paraphrase,1,185,11,6,0,1.0,0.0,0.09090909090909091, the single next action now., protocol marker R17.,".<|end_of_text|>
<|start_of_role|>assistant<|end_of_role|>",".<|end_of_text|>
<|start_of_role|>assistant<|end_of_role|>",".

Reference note:"
granite,exp17_test_edit_10,test_edit,suffix_long,canonical,0,200,23,18,0,1.0,0.0,0.09090909090909091, the single next action now., priority normal; checksum stable.,".<|end_of_text|>
<|start_of_role|>assistant<|end_of_role|>",".<|end_of_text|>
<|start_of_role|>assistant<|end_of_role|>",".

Reference note:"
granite,exp17_test_edit_10,test_edit,suffix_long,paraphrase,0,196,23,18,0,1.0,0.0,0.09090909090909091, the single next action now., priority normal; checksum stable.,".<|end_of_text|>
<|start_of_role|>assistant<|end_of_role|>",".<|end_of_text|>
<|start_of_role|>assistant<|end_of_role|>",".

Reference note:"
granite,exp17_test_edit_10,test_edit,suffix_long,canonical,1,197,23,18,0,1.0,0.0,0.09090909090909091, the single next action now., priority normal; checksum stable.,".<|end_of_text|>
<|start_of_role|>assistant<|end_of_role|>",".<|end_of_text|>
<|start_of_role|>assistant<|end_of_role|>",".

Reference note:"
granite,exp17_test_edit_10,test_edit,suffix_long,paraphrase,1,197,23,18,0,1.0,0.0,0.09090909090909091, the single next action now., priority normal; checksum stable.,".<|end_of_text|>
<|start_of_role|>assistant<|end_of_role|>",".<|end_of_text|>
<|start_of_role|>assistant<|end_of_role|>",".

Reference note:"
granite,exp17_test_edit_10,test_edit,instruction_early,canonical,0,200,67,18,0,1.0,0.0,0.09090909090909091, the single next action now., priority normal; checksum stable.,".<|end_of_text|>
<|start_of_role|>assistant<|end_of_role|>",".<|end_of_text|>
<|start_of_role|>assistant<|end_of_role|>",""")

Reference note:"
granite,exp17_test_edit_10,test_edit,instruction_early,paraphrase,0,196,67,18,0,1.0,0.0,0.09090909090909091, the single next action now., priority normal; checksum stable.,".<|end_of_text|>
<|start_of_role|>assistant<|end_of_role|>",".<|end_of_text|>
<|start_of_role|>assistant<|end_of_role|>",""")

Reference note:"
granite,exp17_test_edit_10,test_edit,instruction_early,canonical,1,197,67,18,0,1.0,0.0,0.09090909090909091, the single next action now., priority normal; checksum stable.,".<|end_of_text|>
<|start_of_role|>assistant<|end_of_role|>",".<|end_of_text|>
<|start_of_role|>assistant<|end_of_role|>",""")

Reference note:"
granite,exp17_test_edit_10,test_edit,instruction_early,paraphrase,1,197,67,18,0,1.0,0.0,0.09090909090909091, the single next action now., priority normal; checksum stable.,".<|end_of_text|>
<|start_of_role|>assistant<|end_of_role|>",".<|end_of_text|>
<|start_of_role|>assistant<|end_of_role|>",""")

Reference note:"
granite,exp17_test_edit_11,test_edit,native,canonical,0,172,0,-5,0,1.0,0.09090909090909091,0.09090909090909091, the single next action now., the single next action now.,".<|end_of_text|>
<|start_of_role|>assistant<|end_of_role|>",".<|end_of_text|>
<|start_of_role|>assistant<|end_of_role|>",".<|end_of_text|>
<|start_of_role|>assistant<|end_of_role|>"
granite,exp17_test_edit_11,test_edit,native,paraphrase,0,168,0,-5,0,1.0,0.09090909090909091,0.09090909090909091, the single next action now., the single next action now.,".<|end_of_text|>
<|start_of_role|>assistant<|end_of_role|>",".<|end_of_text|>
<|start_of_role|>assistant<|end_of_role|>",".<|end_of_text|>
<|start_of_role|>assistant<|end_of_role|>"
granite,exp17_test_edit_11,test_edit,native,canonical,1,169,0,-5,0,1.0,0.09090909090909091,0.09090909090909091, the single next action now., the single next action now.,".<|end_of_text|>
<|start_of_role|>assistant<|end_of_role|>",".<|end_of_text|>
<|start_of_role|>assistant<|end_of_role|>",".<|end_of_text|>
<|start_of_role|>assistant<|end_of_role|>"
granite,exp17_test_edit_11,test_edit,native,paraphrase,1,169,0,-5,0,1.0,0.09090909090909091,0.09090909090909091, the single next action now., the single next action now.,".<|end_of_text|>
<|start_of_role|>assistant<|end_of_role|>",".<|end_of_text|>
<|start_of_role|>assistant<|end_of_role|>",".<|end_of_text|>
<|start_of_role|>assistant<|end_of_role|>"
granite,exp17_test_edit_11,test_edit,suffix_short,canonical,0,183,11,6,0,1.0,0.0,0.09090909090909091, the single next action now., protocol marker R17.,".<|end_of_text|>
<|start_of_role|>assistant<|end_of_role|>",".<|end_of_text|>
<|start_of_role|>assistant<|end_of_role|>",".

Reference note:"
granite,exp17_test_edit_11,test_edit,suffix_short,paraphrase,0,179,11,6,0,1.0,0.0,0.09090909090909091, the single next action now., protocol marker R17.,".<|end_of_text|>
<|start_of_role|>assistant<|end_of_role|>",".<|end_of_text|>
<|start_of_role|>assistant<|end_of_role|>",".

Reference note:"
granite,exp17_test_edit_11,test_edit,suffix_short,canonical,1,180,11,6,0,1.0,0.0,0.09090909090909091, the single next action now., protocol marker R17.,".<|end_of_text|>
<|start_of_role|>assistant<|end_of_role|>",".<|end_of_text|>
<|start_of_role|>assistant<|end_of_role|>",".

Reference note:"
granite,exp17_test_edit_11,test_edit,suffix_short,paraphrase,1,180,11,6,0,1.0,0.0,0.09090909090909091, the single next action now., protocol marker R17.,".<|end_of_text|>
<|start_of_role|>assistant<|end_of_role|>",".<|end_of_text|>
<|start_of_role|>assistant<|end_of_role|>",".

Reference note:"
granite,exp17_test_edit_11,test_edit,suffix_long,canonical,0,195,23,18,0,1.0,0.0,0.09090909090909091, the single next action now., priority normal; checksum stable.,".<|end_of_text|>
<|start_of_role|>assistant<|end_of_role|>",".<|end_of_text|>
<|start_of_role|>assistant<|end_of_role|>",".

Reference note:"
granite,exp17_test_edit_11,test_edit,suffix_long,paraphrase,0,191,23,18,0,1.0,0.0,0.09090909090909091, the single next action now., priority normal; checksum stable.,".<|end_of_text|>
<|start_of_role|>assistant<|end_of_role|>",".<|end_of_text|>
<|start_of_role|>assistant<|end_of_role|>",".

Reference note:"
granite,exp17_test_edit_11,test_edit,suffix_long,canonical,1,192,23,18,0,1.0,0.0,0.09090909090909091, the single next action now., priority normal; checksum stable.,".<|end_of_text|>
<|start_of_role|>assistant<|end_of_role|>",".<|end_of_text|>
<|start_of_role|>assistant<|end_of_role|>",".

Reference note:"
granite,exp17_test_edit_11,test_edit,suffix_long,paraphrase,1,192,23,18,0,1.0,0.0,0.09090909090909091, the single next action now., priority normal; checksum stable.,".<|end_of_text|>
<|start_of_role|>assistant<|end_of_role|>",".<|end_of_text|>
<|start_of_role|>assistant<|end_of_role|>",".

Reference note:"
granite,exp17_test_edit_11,test_edit,instruction_early,canonical,0,195,64,18,0,1.0,0.0,0.09090909090909091, the single next action now., priority normal; checksum stable.,".<|end_of_text|>
<|start_of_role|>assistant<|end_of_role|>",".<|end_of_text|>
<|start_of_role|>assistant<|end_of_role|>",""")

Reference note:"
granite,exp17_test_edit_11,test_edit,instruction_early,paraphrase,0,191,64,18,0,1.0,0.0,0.09090909090909091, the single next action now., priority normal; checksum stable.,".<|end_of_text|>
<|start_of_role|>assistant<|end_of_role|>",".<|end_of_text|>
<|start_of_role|>assistant<|end_of_role|>",""")

Reference note:"
granite,exp17_test_edit_11,test_edit,instruction_early,canonical,1,192,64,18,0,1.0,0.0,0.09090909090909091, the single next action now., priority normal; checksum stable.,".<|end_of_text|>
<|start_of_role|>assistant<|end_of_role|>",".<|end_of_text|>
<|start_of_role|>assistant<|end_of_role|>",""")

Reference note:"
granite,exp17_test_edit_11,test_edit,instruction_early,paraphrase,1,192,64,18,0,1.0,0.0,0.09090909090909091, the single next action now., priority normal; checksum stable.,".<|end_of_text|>
<|start_of_role|>assistant<|end_of_role|>",".<|end_of_text|>
<|start_of_role|>assistant<|end_of_role|>",""")

Reference note:"
granite,exp17_search_edit_08,search_edit,native,canonical,0,155,0,-5,0,1.0,0.09090909090909091,0.09090909090909091, the single next action now., the single next action now.,".<|end_of_text|>
<|start_of_role|>assistant<|end_of_role|>",".<|end_of_text|>
<|start_of_role|>assistant<|end_of_role|>",".<|end_of_text|>
<|start_of_role|>assistant<|end_of_role|>"
granite,exp17_search_edit_08,search_edit,native,paraphrase,0,151,0,-5,0,1.0,0.09090909090909091,0.09090909090909091, the single next action now., the single next action now.,".<|end_of_text|>
<|start_of_role|>assistant<|end_of_role|>",".<|end_of_text|>
<|start_of_role|>assistant<|end_of_role|>",".<|end_of_text|>
<|start_of_role|>assistant<|end_of_role|>"
granite,exp17_search_edit_08,search_edit,native,canonical,1,151,0,-5,0,1.0,0.09090909090909091,0.09090909090909091, the single next action now., the single next action now.,".<|end_of_text|>
<|start_of_role|>assistant<|end_of_role|>",".<|end_of_text|>
<|start_of_role|>assistant<|end_of_role|>",".<|end_of_text|>
<|start_of_role|>assistant<|end_of_role|>"
granite,exp17_search_edit_08,search_edit,native,paraphrase,1,150,0,-5,0,1.0,0.09090909090909091,0.09090909090909091, the single next action now., the single next action now.,".<|end_of_text|>
<|start_of_role|>assistant<|end_of_role|>",".<|end_of_text|>
<|start_of_role|>assistant<|end_of_role|>",".<|end_of_text|>
<|start_of_role|>assistant<|end_of_role|>"
granite,exp17_search_edit_08,search_edit,suffix_short,canonical,0,166,11,6,0,1.0,0.0,0.09090909090909091, the single next action now., protocol marker R17.,".<|end_of_text|>
<|start_of_role|>assistant<|end_of_role|>",".<|end_of_text|>
<|start_of_role|>assistant<|end_of_role|>",".

Reference note:"
granite,exp17_search_edit_08,search_edit,suffix_short,paraphrase,0,162,11,6,0,1.0,0.0,0.09090909090909091, the single next action now., protocol marker R17.,".<|end_of_text|>
<|start_of_role|>assistant<|end_of_role|>",".<|end_of_text|>
<|start_of_role|>assistant<|end_of_role|>",".

Reference note:"
granite,exp17_search_edit_08,search_edit,suffix_short,canonical,1,162,11,6,0,1.0,0.0,0.09090909090909091, the single next action now., protocol marker R17.,".<|end_of_text|>
<|start_of_role|>assistant<|end_of_role|>",".<|end_of_text|>
<|start_of_role|>assistant<|end_of_role|>",".

Reference note:"
granite,exp17_search_edit_08,search_edit,suffix_short,paraphrase,1,161,11,6,0,1.0,0.0,0.09090909090909091, the single next action now., protocol marker R17.,".<|end_of_text|>
<|start_of_role|>assistant<|end_of_role|>",".<|end_of_text|>
<|start_of_role|>assistant<|end_of_role|>",".

Reference note:"
granite,exp17_search_edit_08,search_edit,suffix_long,canonical,0,178,23,18,0,1.0,0.0,0.09090909090909091, the single next action now., priority normal; checksum stable.,".<|end_of_text|>
<|start_of_role|>assistant<|end_of_role|>",".<|end_of_text|>
<|start_of_role|>assistant<|end_of_role|>",".

Reference note:"
granite,exp17_search_edit_08,search_edit,suffix_long,paraphrase,0,174,23,18,0,1.0,0.0,0.09090909090909091, the single next action now., priority normal; checksum stable.,".<|end_of_text|>
<|start_of_role|>assistant<|end_of_role|>",".<|end_of_text|>
<|start_of_role|>assistant<|end_of_role|>",".

Reference note:"
granite,exp17_search_edit_08,search_edit,suffix_long,canonical,1,174,23,18,0,1.0,0.0,0.09090909090909091, the single next action now., priority normal; checksum stable.,".<|end_of_text|>
<|start_of_role|>assistant<|end_of_role|>",".<|end_of_text|>
<|start_of_role|>assistant<|end_of_role|>",".

Reference note:"
granite,exp17_search_edit_08,search_edit,suffix_long,paraphrase,1,173,23,18,0,1.0,0.0,0.09090909090909091, the single next action now., priority normal; checksum stable.,".<|end_of_text|>
<|start_of_role|>assistant<|end_of_role|>",".<|end_of_text|>
<|start_of_role|>assistant<|end_of_role|>",".

Reference note:"
granite,exp17_search_edit_08,search_edit,instruction_early,canonical,0,178,51,18,0,1.0,0.0,0.09090909090909091, the single next action now., priority normal; checksum stable.,".<|end_of_text|>
<|start_of_role|>assistant<|end_of_role|>",".<|end_of_text|>
<|start_of_role|>assistant<|end_of_role|>",""")

Reference note:"
granite,exp17_search_edit_08,search_edit,instruction_early,paraphrase,0,174,51,18,0,1.0,0.0,0.09090909090909091, the single next action now., priority normal; checksum stable.,".<|end_of_text|>
<|start_of_role|>assistant<|end_of_role|>",".<|end_of_text|>
<|start_of_role|>assistant<|end_of_role|>",""")

Reference note:"
granite,exp17_search_edit_08,search_edit,instruction_early,canonical,1,174,51,18,0,1.0,0.0,0.09090909090909091, the single next action now., priority normal; checksum stable.,".<|end_of_text|>
<|start_of_role|>assistant<|end_of_role|>",".<|end_of_text|>
<|start_of_role|>assistant<|end_of_role|>",""")

Reference note:"
granite,exp17_search_edit_08,search_edit,instruction_early,paraphrase,1,173,51,18,0,1.0,0.0,0.09090909090909091, the single next action now., priority normal; checksum stable.,".<|end_of_text|>
<|start_of_role|>assistant<|end_of_role|>",".<|end_of_text|>
<|start_of_role|>assistant<|end_of_role|>",""")

Reference note:"
granite,exp17_search_edit_09,search_edit,native,canonical,0,155,0,-5,0,1.0,0.09090909090909091,0.09090909090909091, the single next action now., the single next action now.,".<|end_of_text|>
<|start_of_role|>assistant<|end_of_role|>",".<|end_of_text|>
<|start_of_role|>assistant<|end_of_role|>",".<|end_of_text|>
<|start_of_role|>assistant<|end_of_role|>"
granite,exp17_search_edit_09,search_edit,native,paraphrase,0,151,0,-5,0,1.0,0.09090909090909091,0.09090909090909091, the single next action now., the single next action now.,".<|end_of_text|>
<|start_of_role|>assistant<|end_of_role|>",".<|end_of_text|>
<|start_of_role|>assistant<|end_of_role|>",".<|end_of_text|>
<|start_of_role|>assistant<|end_of_role|>"
granite,exp17_search_edit_09,search_edit,native,canonical,1,151,0,-5,0,1.0,0.09090909090909091,0.09090909090909091, the single next action now., the single next action now.,".<|end_of_text|>
<|start_of_role|>assistant<|end_of_role|>",".<|end_of_text|>
<|start_of_role|>assistant<|end_of_role|>",".<|end_of_text|>
<|start_of_role|>assistant<|end_of_role|>"
granite,exp17_search_edit_09,search_edit,native,paraphrase,1,150,0,-5,0,1.0,0.09090909090909091,0.09090909090909091, the single next action now., the single next action now.,".<|end_of_text|>
<|start_of_role|>assistant<|end_of_role|>",".<|end_of_text|>
<|start_of_role|>assistant<|end_of_role|>",".<|end_of_text|>
<|start_of_role|>assistant<|end_of_role|>"
granite,exp17_search_edit_09,search_edit,suffix_short,canonical,0,166,11,6,0,1.0,0.0,0.09090909090909091, the single next action now., protocol marker R17.,".<|end_of_text|>
<|start_of_role|>assistant<|end_of_role|>",".<|end_of_text|>
<|start_of_role|>assistant<|end_of_role|>",".

Reference note:"
granite,exp17_search_edit_09,search_edit,suffix_short,paraphrase,0,162,11,6,0,1.0,0.0,0.09090909090909091, the single next action now., protocol marker R17.,".<|end_of_text|>
<|start_of_role|>assistant<|end_of_role|>",".<|end_of_text|>
<|start_of_role|>assistant<|end_of_role|>",".

Reference note:"
granite,exp17_search_edit_09,search_edit,suffix_short,canonical,1,162,11,6,0,1.0,0.0,0.09090909090909091, the single next action now., protocol marker R17.,".<|end_of_text|>
<|start_of_role|>assistant<|end_of_role|>",".<|end_of_text|>
<|start_of_role|>assistant<|end_of_role|>",".

Reference note:"
granite,exp17_search_edit_09,search_edit,suffix_short,paraphrase,1,161,11,6,0,1.0,0.0,0.09090909090909091, the single next action now., protocol marker R17.,".<|end_of_text|>
<|start_of_role|>assistant<|end_of_role|>",".<|end_of_text|>
<|start_of_role|>assistant<|end_of_role|>",".

Reference note:"
granite,exp17_search_edit_09,search_edit,suffix_long,canonical,0,178,23,18,0,1.0,0.0,0.09090909090909091, the single next action now., priority normal; checksum stable.,".<|end_of_text|>
<|start_of_role|>assistant<|end_of_role|>",".<|end_of_text|>
<|start_of_role|>assistant<|end_of_role|>",".

Reference note:"
granite,exp17_search_edit_09,search_edit,suffix_long,paraphrase,0,174,23,18,0,1.0,0.0,0.09090909090909091, the single next action now., priority normal; checksum stable.,".<|end_of_text|>
<|start_of_role|>assistant<|end_of_role|>",".<|end_of_text|>
<|start_of_role|>assistant<|end_of_role|>",".

Reference note:"
granite,exp17_search_edit_09,search_edit,suffix_long,canonical,1,174,23,18,0,1.0,0.0,0.09090909090909091, the single next action now., priority normal; checksum stable.,".<|end_of_text|>
<|start_of_role|>assistant<|end_of_role|>",".<|end_of_text|>
<|start_of_role|>assistant<|end_of_role|>",".

Reference note:"
granite,exp17_search_edit_09,search_edit,suffix_long,paraphrase,1,173,23,18,0,1.0,0.0,0.09090909090909091, the single next action now., priority normal; checksum stable.,".<|end_of_text|>
<|start_of_role|>assistant<|end_of_role|>",".<|end_of_text|>
<|start_of_role|>assistant<|end_of_role|>",".

Reference note:"
granite,exp17_search_edit_09,search_edit,instruction_early,canonical,0,178,51,18,0,1.0,0.0,0.09090909090909091, the single next action now., priority normal; checksum stable.,".<|end_of_text|>
<|start_of_role|>assistant<|end_of_role|>",".<|end_of_text|>
<|start_of_role|>assistant<|end_of_role|>",""")

Reference note:"
granite,exp17_search_edit_09,search_edit,instruction_early,paraphrase,0,174,51,18,0,1.0,0.0,0.09090909090909091, the single next action now., priority normal; checksum stable.,".<|end_of_text|>
<|start_of_role|>assistant<|end_of_role|>",".<|end_of_text|>
<|start_of_role|>assistant<|end_of_role|>",""")

Reference note:"
granite,exp17_search_edit_09,search_edit,instruction_early,canonical,1,174,51,18,0,1.0,0.0,0.09090909090909091, the single next action now., priority normal; checksum stable.,".<|end_of_text|>
<|start_of_role|>assistant<|end_of_role|>",".<|end_of_text|>
<|start_of_role|>assistant<|end_of_role|>",""")

Reference note:"
granite,exp17_search_edit_09,search_edit,instruction_early,paraphrase,1,173,51,18,0,1.0,0.0,0.09090909090909091, the single next action now., priority normal; checksum stable.,".<|end_of_text|>
<|start_of_role|>assistant<|end_of_role|>",".<|end_of_text|>
<|start_of_role|>assistant<|end_of_role|>",""")

Reference note:"
granite,exp17_search_edit_10,search_edit,native,canonical,0,157,0,-5,0,1.0,0.09090909090909091,0.09090909090909091, the single next action now., the single next action now.,".<|end_of_text|>
<|start_of_role|>assistant<|end_of_role|>",".<|end_of_text|>
<|start_of_role|>assistant<|end_of_role|>",".<|end_of_text|>
<|start_of_role|>assistant<|end_of_role|>"
granite,exp17_search_edit_10,search_edit,native,paraphrase,0,153,0,-5,0,1.0,0.09090909090909091,0.09090909090909091, the single next action now., the single next action now.,".<|end_of_text|>
<|start_of_role|>assistant<|end_of_role|>",".<|end_of_text|>
<|start_of_role|>assistant<|end_of_role|>",".<|end_of_text|>
<|start_of_role|>assistant<|end_of_role|>"
granite,exp17_search_edit_10,search_edit,native,canonical,1,153,0,-5,0,1.0,0.09090909090909091,0.09090909090909091, the single next action now., the single next action now.,".<|end_of_text|>
<|start_of_role|>assistant<|end_of_role|>",".<|end_of_text|>
<|start_of_role|>assistant<|end_of_role|>",".<|end_of_text|>
<|start_of_role|>assistant<|end_of_role|>"
granite,exp17_search_edit_10,search_edit,native,paraphrase,1,152,0,-5,0,1.0,0.09090909090909091,0.09090909090909091, the single next action now., the single next action now.,".<|end_of_text|>
<|start_of_role|>assistant<|end_of_role|>",".<|end_of_text|>
<|start_of_role|>assistant<|end_of_role|>",".<|end_of_text|>
<|start_of_role|>assistant<|end_of_role|>"
granite,exp17_search_edit_10,search_edit,suffix_short,canonical,0,168,11,6,0,1.0,0.0,0.09090909090909091, the single next action now., protocol marker R17.,".<|end_of_text|>
<|start_of_role|>assistant<|end_of_role|>",".<|end_of_text|>
<|start_of_role|>assistant<|end_of_role|>",".

Reference note:"
granite,exp17_search_edit_10,search_edit,suffix_short,paraphrase,0,164,11,6,0,1.0,0.0,0.09090909090909091, the single next action now., protocol marker R17.,".<|end_of_text|>
<|start_of_role|>assistant<|end_of_role|>",".<|end_of_text|>
<|start_of_role|>assistant<|end_of_role|>",".

Reference note:"
granite,exp17_search_edit_10,search_edit,suffix_short,canonical,1,164,11,6,0,1.0,0.0,0.09090909090909091, the single next action now., protocol marker R17.,".<|end_of_text|>
<|start_of_role|>assistant<|end_of_role|>",".<|end_of_text|>
<|start_of_role|>assistant<|end_of_role|>",".

Reference note:"
granite,exp17_search_edit_10,search_edit,suffix_short,paraphrase,1,163,11,6,0,1.0,0.0,0.09090909090909091, the single next action now., protocol marker R17.,".<|end_of_text|>
<|start_of_role|>assistant<|end_of_role|>",".<|end_of_text|>
<|start_of_role|>assistant<|end_of_role|>",".

Reference note:"
granite,exp17_search_edit_10,search_edit,suffix_long,canonical,0,180,23,18,0,1.0,0.0,0.09090909090909091, the single next action now., priority normal; checksum stable.,".<|end_of_text|>
<|start_of_role|>assistant<|end_of_role|>",".<|end_of_text|>
<|start_of_role|>assistant<|end_of_role|>",".

Reference note:"
granite,exp17_search_edit_10,search_edit,suffix_long,paraphrase,0,176,23,18,0,1.0,0.0,0.09090909090909091, the single next action now., priority normal; checksum stable.,".<|end_of_text|>
<|start_of_role|>assistant<|end_of_role|>",".<|end_of_text|>
<|start_of_role|>assistant<|end_of_role|>",".

Reference note:"
granite,exp17_search_edit_10,search_edit,suffix_long,canonical,1,176,23,18,0,1.0,0.0,0.09090909090909091, the single next action now., priority normal; checksum stable.,".<|end_of_text|>
<|start_of_role|>assistant<|end_of_role|>",".<|end_of_text|>
<|start_of_role|>assistant<|end_of_role|>",".

Reference note:"
granite,exp17_search_edit_10,search_edit,suffix_long,paraphrase,1,175,23,18,0,1.0,0.0,0.09090909090909091, the single next action now., priority normal; checksum stable.,".<|end_of_text|>
<|start_of_role|>assistant<|end_of_role|>",".<|end_of_text|>
<|start_of_role|>assistant<|end_of_role|>",".

Reference note:"
granite,exp17_search_edit_10,search_edit,instruction_early,canonical,0,180,52,18,0,1.0,0.0,0.09090909090909091, the single next action now., priority normal; checksum stable.,".<|end_of_text|>
<|start_of_role|>assistant<|end_of_role|>",".<|end_of_text|>
<|start_of_role|>assistant<|end_of_role|>",""")

Reference note:"
granite,exp17_search_edit_10,search_edit,instruction_early,paraphrase,0,176,52,18,0,1.0,0.0,0.09090909090909091, the single next action now., priority normal; checksum stable.,".<|end_of_text|>
<|start_of_role|>assistant<|end_of_role|>",".<|end_of_text|>
<|start_of_role|>assistant<|end_of_role|>",""")

Reference note:"
granite,exp17_search_edit_10,search_edit,instruction_early,canonical,1,176,52,18,0,1.0,0.0,0.09090909090909091, the single next action now., priority normal; checksum stable.,".<|end_of_text|>
<|start_of_role|>assistant<|end_of_role|>",".<|end_of_text|>
<|start_of_role|>assistant<|end_of_role|>",""")

Reference note:"
granite,exp17_search_edit_10,search_edit,instruction_early,paraphrase,1,175,52,18,0,1.0,0.0,0.09090909090909091, the single next action now., priority normal; checksum stable.,".<|end_of_text|>
<|start_of_role|>assistant<|end_of_role|>",".<|end_of_text|>
<|start_of_role|>assistant<|end_of_role|>",""")

Reference note:"
granite,exp17_search_edit_11,search_edit,native,canonical,0,155,0,-5,0,1.0,0.09090909090909091,0.09090909090909091, the single next action now., the single next action now.,".<|end_of_text|>
<|start_of_role|>assistant<|end_of_role|>",".<|end_of_text|>
<|start_of_role|>assistant<|end_of_role|>",".<|end_of_text|>
<|start_of_role|>assistant<|end_of_role|>"
granite,exp17_search_edit_11,search_edit,native,paraphrase,0,151,0,-5,0,1.0,0.09090909090909091,0.09090909090909091, the single next action now., the single next action now.,".<|end_of_text|>
<|start_of_role|>assistant<|end_of_role|>",".<|end_of_text|>
<|start_of_role|>assistant<|end_of_role|>",".<|end_of_text|>
<|start_of_role|>assistant<|end_of_role|>"
granite,exp17_search_edit_11,search_edit,native,canonical,1,151,0,-5,0,1.0,0.09090909090909091,0.09090909090909091, the single next action now., the single next action now.,".<|end_of_text|>
<|start_of_role|>assistant<|end_of_role|>",".<|end_of_text|>
<|start_of_role|>assistant<|end_of_role|>",".<|end_of_text|>
<|start_of_role|>assistant<|end_of_role|>"
granite,exp17_search_edit_11,search_edit,native,paraphrase,1,150,0,-5,0,1.0,0.09090909090909091,0.09090909090909091, the single next action now., the single next action now.,".<|end_of_text|>
<|start_of_role|>assistant<|end_of_role|>",".<|end_of_text|>
<|start_of_role|>assistant<|end_of_role|>",".<|end_of_text|>
<|start_of_role|>assistant<|end_of_role|>"
granite,exp17_search_edit_11,search_edit,suffix_short,canonical,0,166,11,6,0,1.0,0.0,0.09090909090909091, the single next action now., protocol marker R17.,".<|end_of_text|>
<|start_of_role|>assistant<|end_of_role|>",".<|end_of_text|>
<|start_of_role|>assistant<|end_of_role|>",".

Reference note:"
granite,exp17_search_edit_11,search_edit,suffix_short,paraphrase,0,162,11,6,0,1.0,0.0,0.09090909090909091, the single next action now., protocol marker R17.,".<|end_of_text|>
<|start_of_role|>assistant<|end_of_role|>",".<|end_of_text|>
<|start_of_role|>assistant<|end_of_role|>",".

Reference note:"
granite,exp17_search_edit_11,search_edit,suffix_short,canonical,1,162,11,6,0,1.0,0.0,0.09090909090909091, the single next action now., protocol marker R17.,".<|end_of_text|>
<|start_of_role|>assistant<|end_of_role|>",".<|end_of_text|>
<|start_of_role|>assistant<|end_of_role|>",".

Reference note:"
granite,exp17_search_edit_11,search_edit,suffix_short,paraphrase,1,161,11,6,0,1.0,0.0,0.09090909090909091, the single next action now., protocol marker R17.,".<|end_of_text|>
<|start_of_role|>assistant<|end_of_role|>",".<|end_of_text|>
<|start_of_role|>assistant<|end_of_role|>",".

Reference note:"
granite,exp17_search_edit_11,search_edit,suffix_long,canonical,0,178,23,18,0,1.0,0.0,0.09090909090909091, the single next action now., priority normal; checksum stable.,".<|end_of_text|>
<|start_of_role|>assistant<|end_of_role|>",".<|end_of_text|>
<|start_of_role|>assistant<|end_of_role|>",".

Reference note:"
granite,exp17_search_edit_11,search_edit,suffix_long,paraphrase,0,174,23,18,0,1.0,0.0,0.09090909090909091, the single next action now., priority normal; checksum stable.,".<|end_of_text|>
<|start_of_role|>assistant<|end_of_role|>",".<|end_of_text|>
<|start_of_role|>assistant<|end_of_role|>",".

Reference note:"
granite,exp17_search_edit_11,search_edit,suffix_long,canonical,1,174,23,18,0,1.0,0.0,0.09090909090909091, the single next action now., priority normal; checksum stable.,".<|end_of_text|>
<|start_of_role|>assistant<|end_of_role|>",".<|end_of_text|>
<|start_of_role|>assistant<|end_of_role|>",".

Reference note:"
granite,exp17_search_edit_11,search_edit,suffix_long,paraphrase,1,173,23,18,0,1.0,0.0,0.09090909090909091, the single next action now., priority normal; checksum stable.,".<|end_of_text|>
<|start_of_role|>assistant<|end_of_role|>",".<|end_of_text|>
<|start_of_role|>assistant<|end_of_role|>",".

Reference note:"
granite,exp17_search_edit_11,search_edit,instruction_early,canonical,0,178,51,18,0,1.0,0.0,0.09090909090909091, the single next action now., priority normal; checksum stable.,".<|end_of_text|>
<|start_of_role|>assistant<|end_of_role|>",".<|end_of_text|>
<|start_of_role|>assistant<|end_of_role|>",""")

Reference note:"
granite,exp17_search_edit_11,search_edit,instruction_early,paraphrase,0,174,51,18,0,1.0,0.0,0.09090909090909091, the single next action now., priority normal; checksum stable.,".<|end_of_text|>
<|start_of_role|>assistant<|end_of_role|>",".<|end_of_text|>
<|start_of_role|>assistant<|end_of_role|>",""")

Reference note:"
granite,exp17_search_edit_11,search_edit,instruction_early,canonical,1,174,51,18,0,1.0,0.0,0.09090909090909091, the single next action now., priority normal; checksum stable.,".<|end_of_text|>
<|start_of_role|>assistant<|end_of_role|>",".<|end_of_text|>
<|start_of_role|>assistant<|end_of_role|>",""")

Reference note:"
granite,exp17_search_edit_11,search_edit,instruction_early,paraphrase,1,173,51,18,0,1.0,0.0,0.09090909090909091, the single next action now., priority normal; checksum stable.,".<|end_of_text|>
<|start_of_role|>assistant<|end_of_role|>",".<|end_of_text|>
<|start_of_role|>assistant<|end_of_role|>",""")

Reference note:"
granite,exp17_config_command_08,config_command,native,canonical,0,146,0,-5,0,1.0,0.09090909090909091,0.09090909090909091, the single next action now., the single next action now.,".<|end_of_text|>
<|start_of_role|>assistant<|end_of_role|>",".<|end_of_text|>
<|start_of_role|>assistant<|end_of_role|>",".<|end_of_text|>
<|start_of_role|>assistant<|end_of_role|>"
granite,exp17_config_command_08,config_command,native,paraphrase,0,141,0,-5,0,1.0,0.09090909090909091,0.09090909090909091, the single next action now., the single next action now.,".<|end_of_text|>
<|start_of_role|>assistant<|end_of_role|>",".<|end_of_text|>
<|start_of_role|>assistant<|end_of_role|>",".<|end_of_text|>
<|start_of_role|>assistant<|end_of_role|>"
granite,exp17_config_command_08,config_command,native,canonical,1,144,0,-5,0,1.0,0.09090909090909091,0.09090909090909091, the single next action now., the single next action now.,".<|end_of_text|>
<|start_of_role|>assistant<|end_of_role|>",".<|end_of_text|>
<|start_of_role|>assistant<|end_of_role|>",".<|end_of_text|>
<|start_of_role|>assistant<|end_of_role|>"
granite,exp17_config_command_08,config_command,native,paraphrase,1,145,0,-5,0,1.0,0.09090909090909091,0.09090909090909091, the single next action now., the single next action now.,".<|end_of_text|>
<|start_of_role|>assistant<|end_of_role|>",".<|end_of_text|>
<|start_of_role|>assistant<|end_of_role|>",".<|end_of_text|>
<|start_of_role|>assistant<|end_of_role|>"
granite,exp17_config_command_08,config_command,suffix_short,canonical,0,157,11,6,0,1.0,0.0,0.09090909090909091, the single next action now., protocol marker R17.,".<|end_of_text|>
<|start_of_role|>assistant<|end_of_role|>",".<|end_of_text|>
<|start_of_role|>assistant<|end_of_role|>",".

Reference note:"
granite,exp17_config_command_08,config_command,suffix_short,paraphrase,0,152,11,6,0,1.0,0.0,0.09090909090909091, the single next action now., protocol marker R17.,".<|end_of_text|>
<|start_of_role|>assistant<|end_of_role|>",".<|end_of_text|>
<|start_of_role|>assistant<|end_of_role|>",".

Reference note:"
granite,exp17_config_command_08,config_command,suffix_short,canonical,1,155,11,6,0,1.0,0.0,0.09090909090909091, the single next action now., protocol marker R17.,".<|end_of_text|>
<|start_of_role|>assistant<|end_of_role|>",".<|end_of_text|>
<|start_of_role|>assistant<|end_of_role|>",".

Reference note:"
granite,exp17_config_command_08,config_command,suffix_short,paraphrase,1,156,11,6,0,1.0,0.0,0.09090909090909091, the single next action now., protocol marker R17.,".<|end_of_text|>
<|start_of_role|>assistant<|end_of_role|>",".<|end_of_text|>
<|start_of_role|>assistant<|end_of_role|>",".

Reference note:"
granite,exp17_config_command_08,config_command,suffix_long,canonical,0,169,23,18,0,1.0,0.0,0.09090909090909091, the single next action now., priority normal; checksum stable.,".<|end_of_text|>
<|start_of_role|>assistant<|end_of_role|>",".<|end_of_text|>
<|start_of_role|>assistant<|end_of_role|>",".

Reference note:"
granite,exp17_config_command_08,config_command,suffix_long,paraphrase,0,164,23,18,0,1.0,0.0,0.09090909090909091, the single next action now., priority normal; checksum stable.,".<|end_of_text|>
<|start_of_role|>assistant<|end_of_role|>",".<|end_of_text|>
<|start_of_role|>assistant<|end_of_role|>",".

Reference note:"
granite,exp17_config_command_08,config_command,suffix_long,canonical,1,167,23,18,0,1.0,0.0,0.09090909090909091, the single next action now., priority normal; checksum stable.,".<|end_of_text|>
<|start_of_role|>assistant<|end_of_role|>",".<|end_of_text|>
<|start_of_role|>assistant<|end_of_role|>",".

Reference note:"
granite,exp17_config_command_08,config_command,suffix_long,paraphrase,1,168,23,18,0,1.0,0.0,0.09090909090909091, the single next action now., priority normal; checksum stable.,".<|end_of_text|>
<|start_of_role|>assistant<|end_of_role|>",".<|end_of_text|>
<|start_of_role|>assistant<|end_of_role|>",".

Reference note:"
granite,exp17_config_command_08,config_command,instruction_early,canonical,0,169,56,18,0,1.0,0.0,0.09090909090909091, the single next action now., priority normal; checksum stable.,".<|end_of_text|>
<|start_of_role|>assistant<|end_of_role|>",".<|end_of_text|>
<|start_of_role|>assistant<|end_of_role|>",""")

Reference note:"
granite,exp17_config_command_08,config_command,instruction_early,paraphrase,0,164,56,18,0,1.0,0.0,0.09090909090909091, the single next action now., priority normal; checksum stable.,".<|end_of_text|>
<|start_of_role|>assistant<|end_of_role|>",".<|end_of_text|>
<|start_of_role|>assistant<|end_of_role|>",""")

Reference note:"
granite,exp17_config_command_08,config_command,instruction_early,canonical,1,167,56,18,0,1.0,0.0,0.09090909090909091, the single next action now., priority normal; checksum stable.,".<|end_of_text|>
<|start_of_role|>assistant<|end_of_role|>",".<|end_of_text|>
<|start_of_role|>assistant<|end_of_role|>",""")

Reference note:"
granite,exp17_config_command_08,config_command,instruction_early,paraphrase,1,168,56,18,0,1.0,0.0,0.09090909090909091, the single next action now., priority normal; checksum stable.,".<|end_of_text|>
<|start_of_role|>assistant<|end_of_role|>",".<|end_of_text|>
<|start_of_role|>assistant<|end_of_role|>",""")

Reference note:"
granite,exp17_config_command_09,config_command,native,canonical,0,146,0,-5,0,1.0,0.09090909090909091,0.09090909090909091, the single next action now., the single next action now.,".<|end_of_text|>
<|start_of_role|>assistant<|end_of_role|>",".<|end_of_text|>
<|start_of_role|>assistant<|end_of_role|>",".<|end_of_text|>
<|start_of_role|>assistant<|end_of_role|>"
granite,exp17_config_command_09,config_command,native,paraphrase,0,141,0,-5,0,1.0,0.09090909090909091,0.09090909090909091, the single next action now., the single next action now.,".<|end_of_text|>
<|start_of_role|>assistant<|end_of_role|>",".<|end_of_text|>
<|start_of_role|>assistant<|end_of_role|>",".<|end_of_text|>
<|start_of_role|>assistant<|end_of_role|>"
granite,exp17_config_command_09,config_command,native,canonical,1,144,0,-5,0,1.0,0.09090909090909091,0.09090909090909091, the single next action now., the single next action now.,".<|end_of_text|>
<|start_of_role|>assistant<|end_of_role|>",".<|end_of_text|>
<|start_of_role|>assistant<|end_of_role|>",".<|end_of_text|>
<|start_of_role|>assistant<|end_of_role|>"
granite,exp17_config_command_09,config_command,native,paraphrase,1,145,0,-5,0,1.0,0.09090909090909091,0.09090909090909091, the single next action now., the single next action now.,".<|end_of_text|>
<|start_of_role|>assistant<|end_of_role|>",".<|end_of_text|>
<|start_of_role|>assistant<|end_of_role|>",".<|end_of_text|>
<|start_of_role|>assistant<|end_of_role|>"
granite,exp17_config_command_09,config_command,suffix_short,canonical,0,157,11,6,0,1.0,0.0,0.09090909090909091, the single next action now., protocol marker R17.,".<|end_of_text|>
<|start_of_role|>assistant<|end_of_role|>",".<|end_of_text|>
<|start_of_role|>assistant<|end_of_role|>",".

Reference note:"
granite,exp17_config_command_09,config_command,suffix_short,paraphrase,0,152,11,6,0,1.0,0.0,0.09090909090909091, the single next action now., protocol marker R17.,".<|end_of_text|>
<|start_of_role|>assistant<|end_of_role|>",".<|end_of_text|>
<|start_of_role|>assistant<|end_of_role|>",".

Reference note:"
granite,exp17_config_command_09,config_command,suffix_short,canonical,1,155,11,6,0,1.0,0.0,0.09090909090909091, the single next action now., protocol marker R17.,".<|end_of_text|>
<|start_of_role|>assistant<|end_of_role|>",".<|end_of_text|>
<|start_of_role|>assistant<|end_of_role|>",".

Reference note:"
granite,exp17_config_command_09,config_command,suffix_short,paraphrase,1,156,11,6,0,1.0,0.0,0.09090909090909091, the single next action now., protocol marker R17.,".<|end_of_text|>
<|start_of_role|>assistant<|end_of_role|>",".<|end_of_text|>
<|start_of_role|>assistant<|end_of_role|>",".

Reference note:"
granite,exp17_config_command_09,config_command,suffix_long,canonical,0,169,23,18,0,1.0,0.0,0.09090909090909091, the single next action now., priority normal; checksum stable.,".<|end_of_text|>
<|start_of_role|>assistant<|end_of_role|>",".<|end_of_text|>
<|start_of_role|>assistant<|end_of_role|>",".

Reference note:"
granite,exp17_config_command_09,config_command,suffix_long,paraphrase,0,164,23,18,0,1.0,0.0,0.09090909090909091, the single next action now., priority normal; checksum stable.,".<|end_of_text|>
<|start_of_role|>assistant<|end_of_role|>",".<|end_of_text|>
<|start_of_role|>assistant<|end_of_role|>",".

Reference note:"
granite,exp17_config_command_09,config_command,suffix_long,canonical,1,167,23,18,0,1.0,0.0,0.09090909090909091, the single next action now., priority normal; checksum stable.,".<|end_of_text|>
<|start_of_role|>assistant<|end_of_role|>",".<|end_of_text|>
<|start_of_role|>assistant<|end_of_role|>",".

Reference note:"
granite,exp17_config_command_09,config_command,suffix_long,paraphrase,1,168,23,18,0,1.0,0.0,0.09090909090909091, the single next action now., priority normal; checksum stable.,".<|end_of_text|>
<|start_of_role|>assistant<|end_of_role|>",".<|end_of_text|>
<|start_of_role|>assistant<|end_of_role|>",".

Reference note:"
granite,exp17_config_command_09,config_command,instruction_early,canonical,0,169,56,18,0,1.0,0.0,0.09090909090909091, the single next action now., priority normal; checksum stable.,".<|end_of_text|>
<|start_of_role|>assistant<|end_of_role|>",".<|end_of_text|>
<|start_of_role|>assistant<|end_of_role|>",""")

Reference note:"
granite,exp17_config_command_09,config_command,instruction_early,paraphrase,0,164,56,18,0,1.0,0.0,0.09090909090909091, the single next action now., priority normal; checksum stable.,".<|end_of_text|>
<|start_of_role|>assistant<|end_of_role|>",".<|end_of_text|>
<|start_of_role|>assistant<|end_of_role|>",""")

Reference note:"
granite,exp17_config_command_09,config_command,instruction_early,canonical,1,167,56,18,0,1.0,0.0,0.09090909090909091, the single next action now., priority normal; checksum stable.,".<|end_of_text|>
<|start_of_role|>assistant<|end_of_role|>",".<|end_of_text|>
<|start_of_role|>assistant<|end_of_role|>",""")

Reference note:"
granite,exp17_config_command_09,config_command,instruction_early,paraphrase,1,168,56,18,0,1.0,0.0,0.09090909090909091, the single next action now., priority normal; checksum stable.,".<|end_of_text|>
<|start_of_role|>assistant<|end_of_role|>",".<|end_of_text|>
<|start_of_role|>assistant<|end_of_role|>",""")

Reference note:"
granite,exp17_config_command_10,config_command,native,canonical,0,149,0,-5,0,1.0,0.09090909090909091,0.09090909090909091, the single next action now., the single next action now.,".<|end_of_text|>
<|start_of_role|>assistant<|end_of_role|>",".<|end_of_text|>
<|start_of_role|>assistant<|end_of_role|>",".<|end_of_text|>
<|start_of_role|>assistant<|end_of_role|>"
granite,exp17_config_command_10,config_command,native,paraphrase,0,144,0,-5,0,1.0,0.09090909090909091,0.09090909090909091, the single next action now., the single next action now.,".<|end_of_text|>
<|start_of_role|>assistant<|end_of_role|>",".<|end_of_text|>
<|start_of_role|>assistant<|end_of_role|>",".<|end_of_text|>
<|start_of_role|>assistant<|end_of_role|>"
granite,exp17_config_command_10,config_command,native,canonical,1,147,0,-5,0,1.0,0.09090909090909091,0.09090909090909091, the single next action now., the single next action now.,".<|end_of_text|>
<|start_of_role|>assistant<|end_of_role|>",".<|end_of_text|>
<|start_of_role|>assistant<|end_of_role|>",".<|end_of_text|>
<|start_of_role|>assistant<|end_of_role|>"
granite,exp17_config_command_10,config_command,native,paraphrase,1,148,0,-5,0,1.0,0.09090909090909091,0.09090909090909091, the single next action now., the single next action now.,".<|end_of_text|>
<|start_of_role|>assistant<|end_of_role|>",".<|end_of_text|>
<|start_of_role|>assistant<|end_of_role|>",".<|end_of_text|>
<|start_of_role|>assistant<|end_of_role|>"
granite,exp17_config_command_10,config_command,suffix_short,canonical,0,160,11,6,0,1.0,0.0,0.09090909090909091, the single next action now., protocol marker R17.,".<|end_of_text|>
<|start_of_role|>assistant<|end_of_role|>",".<|end_of_text|>
<|start_of_role|>assistant<|end_of_role|>",".

Reference note:"
granite,exp17_config_command_10,config_command,suffix_short,paraphrase,0,155,11,6,0,1.0,0.0,0.09090909090909091, the single next action now., protocol marker R17.,".<|end_of_text|>
<|start_of_role|>assistant<|end_of_role|>",".<|end_of_text|>
<|start_of_role|>assistant<|end_of_role|>",".

Reference note:"
granite,exp17_config_command_10,config_command,suffix_short,canonical,1,158,11,6,0,1.0,0.0,0.09090909090909091, the single next action now., protocol marker R17.,".<|end_of_text|>
<|start_of_role|>assistant<|end_of_role|>",".<|end_of_text|>
<|start_of_role|>assistant<|end_of_role|>",".

Reference note:"
granite,exp17_config_command_10,config_command,suffix_short,paraphrase,1,159,11,6,0,1.0,0.0,0.09090909090909091, the single next action now., protocol marker R17.,".<|end_of_text|>
<|start_of_role|>assistant<|end_of_role|>",".<|end_of_text|>
<|start_of_role|>assistant<|end_of_role|>",".

Reference note:"
granite,exp17_config_command_10,config_command,suffix_long,canonical,0,172,23,18,0,1.0,0.0,0.09090909090909091, the single next action now., priority normal; checksum stable.,".<|end_of_text|>
<|start_of_role|>assistant<|end_of_role|>",".<|end_of_text|>
<|start_of_role|>assistant<|end_of_role|>",".

Reference note:"
granite,exp17_config_command_10,config_command,suffix_long,paraphrase,0,167,23,18,0,1.0,0.0,0.09090909090909091, the single next action now., priority normal; checksum stable.,".<|end_of_text|>
<|start_of_role|>assistant<|end_of_role|>",".<|end_of_text|>
<|start_of_role|>assistant<|end_of_role|>",".

Reference note:"
granite,exp17_config_command_10,config_command,suffix_long,canonical,1,170,23,18,0,1.0,0.0,0.09090909090909091, the single next action now., priority normal; checksum stable.,".<|end_of_text|>
<|start_of_role|>assistant<|end_of_role|>",".<|end_of_text|>
<|start_of_role|>assistant<|end_of_role|>",".

Reference note:"
granite,exp17_config_command_10,config_command,suffix_long,paraphrase,1,171,23,18,0,1.0,0.0,0.09090909090909091, the single next action now., priority normal; checksum stable.,".<|end_of_text|>
<|start_of_role|>assistant<|end_of_role|>",".<|end_of_text|>
<|start_of_role|>assistant<|end_of_role|>",".

Reference note:"
granite,exp17_config_command_10,config_command,instruction_early,canonical,0,172,58,18,0,1.0,0.0,0.09090909090909091, the single next action now., priority normal; checksum stable.,".<|end_of_text|>
<|start_of_role|>assistant<|end_of_role|>",".<|end_of_text|>
<|start_of_role|>assistant<|end_of_role|>",""")

Reference note:"
granite,exp17_config_command_10,config_command,instruction_early,paraphrase,0,167,58,18,0,1.0,0.0,0.09090909090909091, the single next action now., priority normal; checksum stable.,".<|end_of_text|>
<|start_of_role|>assistant<|end_of_role|>",".<|end_of_text|>
<|start_of_role|>assistant<|end_of_role|>",""")

Reference note:"
granite,exp17_config_command_10,config_command,instruction_early,canonical,1,170,58,18,0,1.0,0.0,0.09090909090909091, the single next action now., priority normal; checksum stable.,".<|end_of_text|>
<|start_of_role|>assistant<|end_of_role|>",".<|end_of_text|>
<|start_of_role|>assistant<|end_of_role|>",""")

Reference note:"
granite,exp17_config_command_10,config_command,instruction_early,paraphrase,1,171,58,18,0,1.0,0.0,0.09090909090909091, the single next action now., priority normal; checksum stable.,".<|end_of_text|>
<|start_of_role|>assistant<|end_of_role|>",".<|end_of_text|>
<|start_of_role|>assistant<|end_of_role|>",""")

Reference note:"
granite,exp17_config_command_11,config_command,native,canonical,0,146,0,-5,0,1.0,0.09090909090909091,0.09090909090909091, the single next action now., the single next action now.,".<|end_of_text|>
<|start_of_role|>assistant<|end_of_role|>",".<|end_of_text|>
<|start_of_role|>assistant<|end_of_role|>",".<|end_of_text|>
<|start_of_role|>assistant<|end_of_role|>"
granite,exp17_config_command_11,config_command,native,paraphrase,0,141,0,-5,0,1.0,0.09090909090909091,0.09090909090909091, the single next action now., the single next action now.,".<|end_of_text|>
<|start_of_role|>assistant<|end_of_role|>",".<|end_of_text|>
<|start_of_role|>assistant<|end_of_role|>",".<|end_of_text|>
<|start_of_role|>assistant<|end_of_role|>"
granite,exp17_config_command_11,config_command,native,canonical,1,144,0,-5,0,1.0,0.09090909090909091,0.09090909090909091, the single next action now., the single next action now.,".<|end_of_text|>
<|start_of_role|>assistant<|end_of_role|>",".<|end_of_text|>
<|start_of_role|>assistant<|end_of_role|>",".<|end_of_text|>
<|start_of_role|>assistant<|end_of_role|>"
granite,exp17_config_command_11,config_command,native,paraphrase,1,145,0,-5,0,1.0,0.09090909090909091,0.09090909090909091, the single next action now., the single next action now.,".<|end_of_text|>
<|start_of_role|>assistant<|end_of_role|>",".<|end_of_text|>
<|start_of_role|>assistant<|end_of_role|>",".<|end_of_text|>
<|start_of_role|>assistant<|end_of_role|>"
granite,exp17_config_command_11,config_command,suffix_short,canonical,0,157,11,6,0,1.0,0.0,0.09090909090909091, the single next action now., protocol marker R17.,".<|end_of_text|>
<|start_of_role|>assistant<|end_of_role|>",".<|end_of_text|>
<|start_of_role|>assistant<|end_of_role|>",".

Reference note:"
granite,exp17_config_command_11,config_command,suffix_short,paraphrase,0,152,11,6,0,1.0,0.0,0.09090909090909091, the single next action now., protocol marker R17.,".<|end_of_text|>
<|start_of_role|>assistant<|end_of_role|>",".<|end_of_text|>
<|start_of_role|>assistant<|end_of_role|>",".

Reference note:"
granite,exp17_config_command_11,config_command,suffix_short,canonical,1,155,11,6,0,1.0,0.0,0.09090909090909091, the single next action now., protocol marker R17.,".<|end_of_text|>
<|start_of_role|>assistant<|end_of_role|>",".<|end_of_text|>
<|start_of_role|>assistant<|end_of_role|>",".

Reference note:"
granite,exp17_config_command_11,config_command,suffix_short,paraphrase,1,156,11,6,0,1.0,0.0,0.09090909090909091, the single next action now., protocol marker R17.,".<|end_of_text|>
<|start_of_role|>assistant<|end_of_role|>",".<|end_of_text|>
<|start_of_role|>assistant<|end_of_role|>",".

Reference note:"
granite,exp17_config_command_11,config_command,suffix_long,canonical,0,169,23,18,0,1.0,0.0,0.09090909090909091, the single next action now., priority normal; checksum stable.,".<|end_of_text|>
<|start_of_role|>assistant<|end_of_role|>",".<|end_of_text|>
<|start_of_role|>assistant<|end_of_role|>",".

Reference note:"
granite,exp17_config_command_11,config_command,suffix_long,paraphrase,0,164,23,18,0,1.0,0.0,0.09090909090909091, the single next action now., priority normal; checksum stable.,".<|end_of_text|>
<|start_of_role|>assistant<|end_of_role|>",".<|end_of_text|>
<|start_of_role|>assistant<|end_of_role|>",".

Reference note:"
granite,exp17_config_command_11,config_command,suffix_long,canonical,1,167,23,18,0,1.0,0.0,0.09090909090909091, the single next action now., priority normal; checksum stable.,".<|end_of_text|>
<|start_of_role|>assistant<|end_of_role|>",".<|end_of_text|>
<|start_of_role|>assistant<|end_of_role|>",".

Reference note:"
granite,exp17_config_command_11,config_command,suffix_long,paraphrase,1,168,23,18,0,1.0,0.0,0.09090909090909091, the single next action now., priority normal; checksum stable.,".<|end_of_text|>
<|start_of_role|>assistant<|end_of_role|>",".<|end_of_text|>
<|start_of_role|>assistant<|end_of_role|>",".

Reference note:"
granite,exp17_config_command_11,config_command,instruction_early,canonical,0,169,56,18,0,1.0,0.0,0.09090909090909091, the single next action now., priority normal; checksum stable.,".<|end_of_text|>
<|start_of_role|>assistant<|end_of_role|>",".<|end_of_text|>
<|start_of_role|>assistant<|end_of_role|>",""")

Reference note:"
granite,exp17_config_command_11,config_command,instruction_early,paraphrase,0,164,56,18,0,1.0,0.0,0.09090909090909091, the single next action now., priority normal; checksum stable.,".<|end_of_text|>
<|start_of_role|>assistant<|end_of_role|>",".<|end_of_text|>
<|start_of_role|>assistant<|end_of_role|>",""")

Reference note:"
granite,exp17_config_command_11,config_command,instruction_early,canonical,1,167,56,18,0,1.0,0.0,0.09090909090909091, the single next action now., priority normal; checksum stable.,".<|end_of_text|>
<|start_of_role|>assistant<|end_of_role|>",".<|end_of_text|>
<|start_of_role|>assistant<|end_of_role|>",""")

Reference note:"
granite,exp17_config_command_11,config_command,instruction_early,paraphrase,1,168,56,18,0,1.0,0.0,0.09090909090909091, the single next action now., priority normal; checksum stable.,".<|end_of_text|>
<|start_of_role|>assistant<|end_of_role|>",".<|end_of_text|>
<|start_of_role|>assistant<|end_of_role|>",""")

Reference note:"
granite,exp17_docs_code_08,docs_code,native,canonical,0,150,0,-5,0,1.0,0.09090909090909091,0.09090909090909091, the single next action now., the single next action now.,".<|end_of_text|>
<|start_of_role|>assistant<|end_of_role|>",".<|end_of_text|>
<|start_of_role|>assistant<|end_of_role|>",".<|end_of_text|>
<|start_of_role|>assistant<|end_of_role|>"
granite,exp17_docs_code_08,docs_code,native,paraphrase,0,144,0,-5,0,1.0,0.09090909090909091,0.09090909090909091, the single next action now., the single next action now.,".<|end_of_text|>
<|start_of_role|>assistant<|end_of_role|>",".<|end_of_text|>
<|start_of_role|>assistant<|end_of_role|>",".<|end_of_text|>
<|start_of_role|>assistant<|end_of_role|>"
granite,exp17_docs_code_08,docs_code,native,canonical,1,151,0,-5,0,1.0,0.09090909090909091,0.09090909090909091, the single next action now., the single next action now.,".<|end_of_text|>
<|start_of_role|>assistant<|end_of_role|>",".<|end_of_text|>
<|start_of_role|>assistant<|end_of_role|>",".<|end_of_text|>
<|start_of_role|>assistant<|end_of_role|>"
granite,exp17_docs_code_08,docs_code,native,paraphrase,1,150,0,-5,0,1.0,0.09090909090909091,0.09090909090909091, the single next action now., the single next action now.,".<|end_of_text|>
<|start_of_role|>assistant<|end_of_role|>",".<|end_of_text|>
<|start_of_role|>assistant<|end_of_role|>",".<|end_of_text|>
<|start_of_role|>assistant<|end_of_role|>"
granite,exp17_docs_code_08,docs_code,suffix_short,canonical,0,161,11,6,0,1.0,0.0,0.09090909090909091, the single next action now., protocol marker R17.,".<|end_of_text|>
<|start_of_role|>assistant<|end_of_role|>",".<|end_of_text|>
<|start_of_role|>assistant<|end_of_role|>",".

Reference note:"
granite,exp17_docs_code_08,docs_code,suffix_short,paraphrase,0,155,11,6,0,1.0,0.0,0.09090909090909091, the single next action now., protocol marker R17.,".<|end_of_text|>
<|start_of_role|>assistant<|end_of_role|>",".<|end_of_text|>
<|start_of_role|>assistant<|end_of_role|>",".

Reference note:"
granite,exp17_docs_code_08,docs_code,suffix_short,canonical,1,162,11,6,0,1.0,0.0,0.09090909090909091, the single next action now., protocol marker R17.,".<|end_of_text|>
<|start_of_role|>assistant<|end_of_role|>",".<|end_of_text|>
<|start_of_role|>assistant<|end_of_role|>",".

Reference note:"
granite,exp17_docs_code_08,docs_code,suffix_short,paraphrase,1,161,11,6,0,1.0,0.0,0.09090909090909091, the single next action now., protocol marker R17.,".<|end_of_text|>
<|start_of_role|>assistant<|end_of_role|>",".<|end_of_text|>
<|start_of_role|>assistant<|end_of_role|>",".

Reference note:"
granite,exp17_docs_code_08,docs_code,suffix_long,canonical,0,173,23,18,0,1.0,0.0,0.09090909090909091, the single next action now., priority normal; checksum stable.,".<|end_of_text|>
<|start_of_role|>assistant<|end_of_role|>",".<|end_of_text|>
<|start_of_role|>assistant<|end_of_role|>",".

Reference note:"
granite,exp17_docs_code_08,docs_code,suffix_long,paraphrase,0,167,23,18,0,1.0,0.0,0.09090909090909091, the single next action now., priority normal; checksum stable.,".<|end_of_text|>
<|start_of_role|>assistant<|end_of_role|>",".<|end_of_text|>
<|start_of_role|>assistant<|end_of_role|>",".

Reference note:"
granite,exp17_docs_code_08,docs_code,suffix_long,canonical,1,174,23,18,0,1.0,0.0,0.09090909090909091, the single next action now., priority normal; checksum stable.,".<|end_of_text|>
<|start_of_role|>assistant<|end_of_role|>",".<|end_of_text|>
<|start_of_role|>assistant<|end_of_role|>",".

Reference note:"
granite,exp17_docs_code_08,docs_code,suffix_long,paraphrase,1,173,23,18,0,1.0,0.0,0.09090909090909091, the single next action now., priority normal; checksum stable.,".<|end_of_text|>
<|start_of_role|>assistant<|end_of_role|>",".<|end_of_text|>
<|start_of_role|>assistant<|end_of_role|>",".

Reference note:"
granite,exp17_docs_code_08,docs_code,instruction_early,canonical,0,173,54,18,0,1.0,0.0,0.09090909090909091, the single next action now., priority normal; checksum stable.,".<|end_of_text|>
<|start_of_role|>assistant<|end_of_role|>",".<|end_of_text|>
<|start_of_role|>assistant<|end_of_role|>",""")

Reference note:"
granite,exp17_docs_code_08,docs_code,instruction_early,paraphrase,0,167,54,18,0,1.0,0.0,0.09090909090909091, the single next action now., priority normal; checksum stable.,".<|end_of_text|>
<|start_of_role|>assistant<|end_of_role|>",".<|end_of_text|>
<|start_of_role|>assistant<|end_of_role|>",""")

Reference note:"
granite,exp17_docs_code_08,docs_code,instruction_early,canonical,1,174,54,18,0,1.0,0.0,0.09090909090909091, the single next action now., priority normal; checksum stable.,".<|end_of_text|>
<|start_of_role|>assistant<|end_of_role|>",".<|end_of_text|>
<|start_of_role|>assistant<|end_of_role|>",""")

Reference note:"
granite,exp17_docs_code_08,docs_code,instruction_early,paraphrase,1,173,54,18,0,1.0,0.0,0.09090909090909091, the single next action now., priority normal; checksum stable.,".<|end_of_text|>
<|start_of_role|>assistant<|end_of_role|>",".<|end_of_text|>
<|start_of_role|>assistant<|end_of_role|>",""")

Reference note:"
granite,exp17_docs_code_09,docs_code,native,canonical,0,149,0,-5,0,1.0,0.09090909090909091,0.09090909090909091, the single next action now., the single next action now.,".<|end_of_text|>
<|start_of_role|>assistant<|end_of_role|>",".<|end_of_text|>
<|start_of_role|>assistant<|end_of_role|>",".<|end_of_text|>
<|start_of_role|>assistant<|end_of_role|>"
granite,exp17_docs_code_09,docs_code,native,paraphrase,0,143,0,-5,0,1.0,0.09090909090909091,0.09090909090909091, the single next action now., the single next action now.,".<|end_of_text|>
<|start_of_role|>assistant<|end_of_role|>",".<|end_of_text|>
<|start_of_role|>assistant<|end_of_role|>",".<|end_of_text|>
<|start_of_role|>assistant<|end_of_role|>"
granite,exp17_docs_code_09,docs_code,native,canonical,1,150,0,-5,0,1.0,0.09090909090909091,0.09090909090909091, the single next action now., the single next action now.,".<|end_of_text|>
<|start_of_role|>assistant<|end_of_role|>",".<|end_of_text|>
<|start_of_role|>assistant<|end_of_role|>",".<|end_of_text|>
<|start_of_role|>assistant<|end_of_role|>"
granite,exp17_docs_code_09,docs_code,native,paraphrase,1,149,0,-5,0,1.0,0.09090909090909091,0.09090909090909091, the single next action now., the single next action now.,".<|end_of_text|>
<|start_of_role|>assistant<|end_of_role|>",".<|end_of_text|>
<|start_of_role|>assistant<|end_of_role|>",".<|end_of_text|>
<|start_of_role|>assistant<|end_of_role|>"
granite,exp17_docs_code_09,docs_code,suffix_short,canonical,0,160,11,6,0,1.0,0.0,0.09090909090909091, the single next action now., protocol marker R17.,".<|end_of_text|>
<|start_of_role|>assistant<|end_of_role|>",".<|end_of_text|>
<|start_of_role|>assistant<|end_of_role|>",".

Reference note:"
granite,exp17_docs_code_09,docs_code,suffix_short,paraphrase,0,154,11,6,0,1.0,0.0,0.09090909090909091, the single next action now., protocol marker R17.,".<|end_of_text|>
<|start_of_role|>assistant<|end_of_role|>",".<|end_of_text|>
<|start_of_role|>assistant<|end_of_role|>",".

Reference note:"
granite,exp17_docs_code_09,docs_code,suffix_short,canonical,1,161,11,6,0,1.0,0.0,0.09090909090909091, the single next action now., protocol marker R17.,".<|end_of_text|>
<|start_of_role|>assistant<|end_of_role|>",".<|end_of_text|>
<|start_of_role|>assistant<|end_of_role|>",".

Reference note:"
granite,exp17_docs_code_09,docs_code,suffix_short,paraphrase,1,160,11,6,0,1.0,0.0,0.09090909090909091, the single next action now., protocol marker R17.,".<|end_of_text|>
<|start_of_role|>assistant<|end_of_role|>",".<|end_of_text|>
<|start_of_role|>assistant<|end_of_role|>",".

Reference note:"
granite,exp17_docs_code_09,docs_code,suffix_long,canonical,0,172,23,18,0,1.0,0.0,0.09090909090909091, the single next action now., priority normal; checksum stable.,".<|end_of_text|>
<|start_of_role|>assistant<|end_of_role|>",".<|end_of_text|>
<|start_of_role|>assistant<|end_of_role|>",".

Reference note:"
granite,exp17_docs_code_09,docs_code,suffix_long,paraphrase,0,166,23,18,0,1.0,0.0,0.09090909090909091, the single next action now., priority normal; checksum stable.,".<|end_of_text|>
<|start_of_role|>assistant<|end_of_role|>",".<|end_of_text|>
<|start_of_role|>assistant<|end_of_role|>",".

Reference note:"
granite,exp17_docs_code_09,docs_code,suffix_long,canonical,1,173,23,18,0,1.0,0.0,0.09090909090909091, the single next action now., priority normal; checksum stable.,".<|end_of_text|>
<|start_of_role|>assistant<|end_of_role|>",".<|end_of_text|>
<|start_of_role|>assistant<|end_of_role|>",".

Reference note:"
granite,exp17_docs_code_09,docs_code,suffix_long,paraphrase,1,172,23,18,0,1.0,0.0,0.09090909090909091, the single next action now., priority normal; checksum stable.,".<|end_of_text|>
<|start_of_role|>assistant<|end_of_role|>",".<|end_of_text|>
<|start_of_role|>assistant<|end_of_role|>",".

Reference note:"
granite,exp17_docs_code_09,docs_code,instruction_early,canonical,0,172,53,18,0,1.0,0.0,0.09090909090909091, the single next action now., priority normal; checksum stable.,".<|end_of_text|>
<|start_of_role|>assistant<|end_of_role|>",".<|end_of_text|>
<|start_of_role|>assistant<|end_of_role|>",""")

Reference note:"
granite,exp17_docs_code_09,docs_code,instruction_early,paraphrase,0,166,53,18,0,1.0,0.0,0.09090909090909091, the single next action now., priority normal; checksum stable.,".<|end_of_text|>
<|start_of_role|>assistant<|end_of_role|>",".<|end_of_text|>
<|start_of_role|>assistant<|end_of_role|>",""")

Reference note:"
granite,exp17_docs_code_09,docs_code,instruction_early,canonical,1,173,53,18,0,1.0,0.0,0.09090909090909091, the single next action now., priority normal; checksum stable.,".<|end_of_text|>
<|start_of_role|>assistant<|end_of_role|>",".<|end_of_text|>
<|start_of_role|>assistant<|end_of_role|>",""")

Reference note:"
granite,exp17_docs_code_09,docs_code,instruction_early,paraphrase,1,172,53,18,0,1.0,0.0,0.09090909090909091, the single next action now., priority normal; checksum stable.,".<|end_of_text|>
<|start_of_role|>assistant<|end_of_role|>",".<|end_of_text|>
<|start_of_role|>assistant<|end_of_role|>",""")

Reference note:"
granite,exp17_docs_code_10,docs_code,native,canonical,0,149,0,-5,0,1.0,0.09090909090909091,0.09090909090909091, the single next action now., the single next action now.,".<|end_of_text|>
<|start_of_role|>assistant<|end_of_role|>",".<|end_of_text|>
<|start_of_role|>assistant<|end_of_role|>",".<|end_of_text|>
<|start_of_role|>assistant<|end_of_role|>"
granite,exp17_docs_code_10,docs_code,native,paraphrase,0,143,0,-5,0,1.0,0.09090909090909091,0.09090909090909091, the single next action now., the single next action now.,".<|end_of_text|>
<|start_of_role|>assistant<|end_of_role|>",".<|end_of_text|>
<|start_of_role|>assistant<|end_of_role|>",".<|end_of_text|>
<|start_of_role|>assistant<|end_of_role|>"
granite,exp17_docs_code_10,docs_code,native,canonical,1,150,0,-5,0,1.0,0.09090909090909091,0.09090909090909091, the single next action now., the single next action now.,".<|end_of_text|>
<|start_of_role|>assistant<|end_of_role|>",".<|end_of_text|>
<|start_of_role|>assistant<|end_of_role|>",".<|end_of_text|>
<|start_of_role|>assistant<|end_of_role|>"
granite,exp17_docs_code_10,docs_code,native,paraphrase,1,149,0,-5,0,1.0,0.09090909090909091,0.09090909090909091, the single next action now., the single next action now.,".<|end_of_text|>
<|start_of_role|>assistant<|end_of_role|>",".<|end_of_text|>
<|start_of_role|>assistant<|end_of_role|>",".<|end_of_text|>
<|start_of_role|>assistant<|end_of_role|>"
granite,exp17_docs_code_10,docs_code,suffix_short,canonical,0,160,11,6,0,1.0,0.0,0.09090909090909091, the single next action now., protocol marker R17.,".<|end_of_text|>
<|start_of_role|>assistant<|end_of_role|>",".<|end_of_text|>
<|start_of_role|>assistant<|end_of_role|>",".

Reference note:"
granite,exp17_docs_code_10,docs_code,suffix_short,paraphrase,0,154,11,6,0,1.0,0.0,0.09090909090909091, the single next action now., protocol marker R17.,".<|end_of_text|>
<|start_of_role|>assistant<|end_of_role|>",".<|end_of_text|>
<|start_of_role|>assistant<|end_of_role|>",".

Reference note:"
granite,exp17_docs_code_10,docs_code,suffix_short,canonical,1,161,11,6,0,1.0,0.0,0.09090909090909091, the single next action now., protocol marker R17.,".<|end_of_text|>
<|start_of_role|>assistant<|end_of_role|>",".<|end_of_text|>
<|start_of_role|>assistant<|end_of_role|>",".

Reference note:"
granite,exp17_docs_code_10,docs_code,suffix_short,paraphrase,1,160,11,6,0,1.0,0.0,0.09090909090909091, the single next action now., protocol marker R17.,".<|end_of_text|>
<|start_of_role|>assistant<|end_of_role|>",".<|end_of_text|>
<|start_of_role|>assistant<|end_of_role|>",".

Reference note:"
granite,exp17_docs_code_10,docs_code,suffix_long,canonical,0,172,23,18,0,1.0,0.0,0.09090909090909091, the single next action now., priority normal; checksum stable.,".<|end_of_text|>
<|start_of_role|>assistant<|end_of_role|>",".<|end_of_text|>
<|start_of_role|>assistant<|end_of_role|>",".

Reference note:"
granite,exp17_docs_code_10,docs_code,suffix_long,paraphrase,0,166,23,18,0,1.0,0.0,0.09090909090909091, the single next action now., priority normal; checksum stable.,".<|end_of_text|>
<|start_of_role|>assistant<|end_of_role|>",".<|end_of_text|>
<|start_of_role|>assistant<|end_of_role|>",".

Reference note:"
granite,exp17_docs_code_10,docs_code,suffix_long,canonical,1,173,23,18,0,1.0,0.0,0.09090909090909091, the single next action now., priority normal; checksum stable.,".<|end_of_text|>
<|start_of_role|>assistant<|end_of_role|>",".<|end_of_text|>
<|start_of_role|>assistant<|end_of_role|>",".

Reference note:"
granite,exp17_docs_code_10,docs_code,suffix_long,paraphrase,1,172,23,18,0,1.0,0.0,0.09090909090909091, the single next action now., priority normal; checksum stable.,".<|end_of_text|>
<|start_of_role|>assistant<|end_of_role|>",".<|end_of_text|>
<|start_of_role|>assistant<|end_of_role|>",".

Reference note:"
granite,exp17_docs_code_10,docs_code,instruction_early,canonical,0,172,53,18,0,1.0,0.0,0.09090909090909091, the single next action now., priority normal; checksum stable.,".<|end_of_text|>
<|start_of_role|>assistant<|end_of_role|>",".<|end_of_text|>
<|start_of_role|>assistant<|end_of_role|>",""")

Reference note:"
granite,exp17_docs_code_10,docs_code,instruction_early,paraphrase,0,166,53,18,0,1.0,0.0,0.09090909090909091, the single next action now., priority normal; checksum stable.,".<|end_of_text|>
<|start_of_role|>assistant<|end_of_role|>",".<|end_of_text|>
<|start_of_role|>assistant<|end_of_role|>",""")

Reference note:"
granite,exp17_docs_code_10,docs_code,instruction_early,canonical,1,173,53,18,0,1.0,0.0,0.09090909090909091, the single next action now., priority normal; checksum stable.,".<|end_of_text|>
<|start_of_role|>assistant<|end_of_role|>",".<|end_of_text|>
<|start_of_role|>assistant<|end_of_role|>",""")

Reference note:"
granite,exp17_docs_code_10,docs_code,instruction_early,paraphrase,1,172,53,18,0,1.0,0.0,0.09090909090909091, the single next action now., priority normal; checksum stable.,".<|end_of_text|>
<|start_of_role|>assistant<|end_of_role|>",".<|end_of_text|>
<|start_of_role|>assistant<|end_of_role|>",""")

Reference note:"
granite,exp17_docs_code_11,docs_code,native,canonical,0,148,0,-5,0,1.0,0.09090909090909091,0.09090909090909091, the single next action now., the single next action now.,".<|end_of_text|>
<|start_of_role|>assistant<|end_of_role|>",".<|end_of_text|>
<|start_of_role|>assistant<|end_of_role|>",".<|end_of_text|>
<|start_of_role|>assistant<|end_of_role|>"
granite,exp17_docs_code_11,docs_code,native,paraphrase,0,142,0,-5,0,1.0,0.09090909090909091,0.09090909090909091, the single next action now., the single next action now.,".<|end_of_text|>
<|start_of_role|>assistant<|end_of_role|>",".<|end_of_text|>
<|start_of_role|>assistant<|end_of_role|>",".<|end_of_text|>
<|start_of_role|>assistant<|end_of_role|>"
granite,exp17_docs_code_11,docs_code,native,canonical,1,149,0,-5,0,1.0,0.09090909090909091,0.09090909090909091, the single next action now., the single next action now.,".<|end_of_text|>
<|start_of_role|>assistant<|end_of_role|>",".<|end_of_text|>
<|start_of_role|>assistant<|end_of_role|>",".<|end_of_text|>
<|start_of_role|>assistant<|end_of_role|>"
granite,exp17_docs_code_11,docs_code,native,paraphrase,1,148,0,-5,0,1.0,0.09090909090909091,0.09090909090909091, the single next action now., the single next action now.,".<|end_of_text|>
<|start_of_role|>assistant<|end_of_role|>",".<|end_of_text|>
<|start_of_role|>assistant<|end_of_role|>",".<|end_of_text|>
<|start_of_role|>assistant<|end_of_role|>"
granite,exp17_docs_code_11,docs_code,suffix_short,canonical,0,159,11,6,0,1.0,0.0,0.09090909090909091, the single next action now., protocol marker R17.,".<|end_of_text|>
<|start_of_role|>assistant<|end_of_role|>",".<|end_of_text|>
<|start_of_role|>assistant<|end_of_role|>",".

Reference note:"
granite,exp17_docs_code_11,docs_code,suffix_short,paraphrase,0,153,11,6,0,1.0,0.0,0.09090909090909091, the single next action now., protocol marker R17.,".<|end_of_text|>
<|start_of_role|>assistant<|end_of_role|>",".<|end_of_text|>
<|start_of_role|>assistant<|end_of_role|>",".

Reference note:"
granite,exp17_docs_code_11,docs_code,suffix_short,canonical,1,160,11,6,0,1.0,0.0,0.09090909090909091, the single next action now., protocol marker R17.,".<|end_of_text|>
<|start_of_role|>assistant<|end_of_role|>",".<|end_of_text|>
<|start_of_role|>assistant<|end_of_role|>",".

Reference note:"
granite,exp17_docs_code_11,docs_code,suffix_short,paraphrase,1,159,11,6,0,1.0,0.0,0.09090909090909091, the single next action now., protocol marker R17.,".<|end_of_text|>
<|start_of_role|>assistant<|end_of_role|>",".<|end_of_text|>
<|start_of_role|>assistant<|end_of_role|>",".

Reference note:"
granite,exp17_docs_code_11,docs_code,suffix_long,canonical,0,171,23,18,0,1.0,0.0,0.09090909090909091, the single next action now., priority normal; checksum stable.,".<|end_of_text|>
<|start_of_role|>assistant<|end_of_role|>",".<|end_of_text|>
<|start_of_role|>assistant<|end_of_role|>",".

Reference note:"
granite,exp17_docs_code_11,docs_code,suffix_long,paraphrase,0,165,23,18,0,1.0,0.0,0.09090909090909091, the single next action now., priority normal; checksum stable.,".<|end_of_text|>
<|start_of_role|>assistant<|end_of_role|>",".<|end_of_text|>
<|start_of_role|>assistant<|end_of_role|>",".

Reference note:"
granite,exp17_docs_code_11,docs_code,suffix_long,canonical,1,172,23,18,0,1.0,0.0,0.09090909090909091, the single next action now., priority normal; checksum stable.,".<|end_of_text|>
<|start_of_role|>assistant<|end_of_role|>",".<|end_of_text|>
<|start_of_role|>assistant<|end_of_role|>",".

Reference note:"
granite,exp17_docs_code_11,docs_code,suffix_long,paraphrase,1,171,23,18,0,1.0,0.0,0.09090909090909091, the single next action now., priority normal; checksum stable.,".<|end_of_text|>
<|start_of_role|>assistant<|end_of_role|>",".<|end_of_text|>
<|start_of_role|>assistant<|end_of_role|>",".

Reference note:"
granite,exp17_docs_code_11,docs_code,instruction_early,canonical,0,171,52,18,0,1.0,0.0,0.09090909090909091, the single next action now., priority normal; checksum stable.,".<|end_of_text|>
<|start_of_role|>assistant<|end_of_role|>",".<|end_of_text|>
<|start_of_role|>assistant<|end_of_role|>",""")

Reference note:"
granite,exp17_docs_code_11,docs_code,instruction_early,paraphrase,0,165,52,18,0,1.0,0.0,0.09090909090909091, the single next action now., priority normal; checksum stable.,".<|end_of_text|>
<|start_of_role|>assistant<|end_of_role|>",".<|end_of_text|>
<|start_of_role|>assistant<|end_of_role|>",""")

Reference note:"
granite,exp17_docs_code_11,docs_code,instruction_early,canonical,1,172,52,18,0,1.0,0.0,0.09090909090909091, the single next action now., priority normal; checksum stable.,".<|end_of_text|>
<|start_of_role|>assistant<|end_of_role|>",".<|end_of_text|>
<|start_of_role|>assistant<|end_of_role|>",""")

Reference note:"
granite,exp17_docs_code_11,docs_code,instruction_early,paraphrase,1,171,52,18,0,1.0,0.0,0.09090909090909091, the single next action now., priority normal; checksum stable.,".<|end_of_text|>
<|start_of_role|>assistant<|end_of_role|>",".<|end_of_text|>
<|start_of_role|>assistant<|end_of_role|>",""")

Reference note:"
