fold,task_idx,task_id,condition,wording,label,direction_type,control_id,alpha,test_mean_logprob,impl_mean_logprob,margin_impl_minus_test,delta_margin_from_baseline
0,3,task_003,canonical_test,canonical,0,baseline,-1,0.0,-1.2850311994552612,-1.0403882265090942,0.244642972946167,0.0
0,3,task_003,canonical_impl,canonical,1,baseline,-1,0.0,-1.398158073425293,-0.8912338614463806,0.5069242119789124,0.0
0,3,task_003,paraphrase_test,paraphrase,0,baseline,-1,0.0,-1.348140001296997,-0.9876812100410461,0.3604587912559509,0.0
0,3,task_003,paraphrase_impl,paraphrase,1,baseline,-1,0.0,-1.4976699352264404,-0.9024301171302795,0.5952398180961609,0.0
0,7,task_007,canonical_test,canonical,0,baseline,-1,0.0,-0.9459432363510132,-0.839161217212677,0.10678201913833618,0.0
0,7,task_007,canonical_impl,canonical,1,baseline,-1,0.0,-0.9526755213737488,-0.6582459807395935,0.2944295406341553,0.0
0,7,task_007,paraphrase_test,paraphrase,0,baseline,-1,0.0,-0.9574639797210693,-0.8305245041847229,0.12693947553634644,0.0
0,7,task_007,paraphrase_impl,paraphrase,1,baseline,-1,0.0,-0.9449632167816162,-0.688849925994873,0.25611329078674316,0.0
0,11,task_011,canonical_test,canonical,0,baseline,-1,0.0,-1.2862848043441772,-1.057708740234375,0.22857606410980225,0.0
0,11,task_011,canonical_impl,canonical,1,baseline,-1,0.0,-1.3107550144195557,-0.9405187964439392,0.37023621797561646,0.0
0,11,task_011,paraphrase_test,paraphrase,0,baseline,-1,0.0,-1.4324533939361572,-1.0896087884902954,0.3428446054458618,0.0
0,11,task_011,paraphrase_impl,paraphrase,1,baseline,-1,0.0,-1.40555739402771,-0.931164562702179,0.474392831325531,0.0
0,15,task_015,canonical_test,canonical,0,baseline,-1,0.0,-1.3281363248825073,-1.0454539060592651,0.2826824188232422,0.0
0,15,task_015,canonical_impl,canonical,1,baseline,-1,0.0,-1.5250873565673828,-0.9443696141242981,0.5807177424430847,0.0
0,15,task_015,paraphrase_test,paraphrase,0,baseline,-1,0.0,-1.3945306539535522,-0.9768628478050232,0.41766780614852905,0.0
0,15,task_015,paraphrase_impl,paraphrase,1,baseline,-1,0.0,-1.5594775676727295,-0.931662917137146,0.6278146505355835,0.0
0,19,task_019,canonical_test,canonical,0,baseline,-1,0.0,-0.9641791582107544,-0.8504948616027832,0.11368429660797119,0.0
0,19,task_019,canonical_impl,canonical,1,baseline,-1,0.0,-0.9332878589630127,-0.636629045009613,0.29665881395339966,0.0
0,19,task_019,paraphrase_test,paraphrase,0,baseline,-1,0.0,-0.9726232290267944,-0.8337789177894592,0.1388443112373352,0.0
0,19,task_019,paraphrase_impl,paraphrase,1,baseline,-1,0.0,-0.9697692394256592,-0.6914021372795105,0.2783671021461487,0.0
0,23,task_023,canonical_test,canonical,0,baseline,-1,0.0,-1.269063949584961,-1.099415898323059,0.16964805126190186,0.0
0,23,task_023,canonical_impl,canonical,1,baseline,-1,0.0,-1.2369871139526367,-0.9358826875686646,0.30110442638397217,0.0
0,23,task_023,paraphrase_test,paraphrase,0,baseline,-1,0.0,-1.3316268920898438,-1.0358411073684692,0.2957857847213745,0.0
0,23,task_023,paraphrase_impl,paraphrase,1,baseline,-1,0.0,-1.2666914463043213,-0.8655113577842712,0.40118008852005005,0.0
0,27,task_027,canonical_test,canonical,0,baseline,-1,0.0,-1.2862274646759033,-1.02834951877594,0.2578779458999634,0.0
0,27,task_027,canonical_impl,canonical,1,baseline,-1,0.0,-1.4260969161987305,-0.897376298904419,0.5287206172943115,0.0
0,27,task_027,paraphrase_test,paraphrase,0,baseline,-1,0.0,-1.3519171476364136,-0.9612598419189453,0.39065730571746826,0.0
0,27,task_027,paraphrase_impl,paraphrase,1,baseline,-1,0.0,-1.537713885307312,-0.8939006924629211,0.6438131928443909,0.0
0,31,task_031,canonical_test,canonical,0,baseline,-1,0.0,-0.9284183382987976,-0.849473237991333,0.0789451003074646,0.0
0,31,task_031,canonical_impl,canonical,1,baseline,-1,0.0,-0.9276310205459595,-0.6852004528045654,0.24243056774139404,0.0
0,31,task_031,paraphrase_test,paraphrase,0,baseline,-1,0.0,-0.9701001048088074,-0.8471862077713013,0.1229138970375061,0.0
0,31,task_031,paraphrase_impl,paraphrase,1,baseline,-1,0.0,-0.9231663942337036,-0.7029634118080139,0.2202029824256897,0.0
0,35,task_035,canonical_test,canonical,0,baseline,-1,0.0,-1.2725467681884766,-1.0705358982086182,0.2020108699798584,0.0
0,35,task_035,canonical_impl,canonical,1,baseline,-1,0.0,-1.2485907077789307,-0.9342937469482422,0.3142969608306885,0.0
0,35,task_035,paraphrase_test,paraphrase,0,baseline,-1,0.0,-1.3464980125427246,-1.0378137826919556,0.30868422985076904,0.0
0,35,task_035,paraphrase_impl,paraphrase,1,baseline,-1,0.0,-1.2973836660385132,-0.8782429695129395,0.41914069652557373,0.0
0,39,task_039,canonical_test,canonical,0,baseline,-1,0.0,-1.3378900289535522,-1.0797797441482544,0.25811028480529785,0.0
0,39,task_039,canonical_impl,canonical,1,baseline,-1,0.0,-1.4300512075424194,-0.9221685528755188,0.5078826546669006,0.0
0,39,task_039,paraphrase_test,paraphrase,0,baseline,-1,0.0,-1.3814401626586914,-0.9893656373023987,0.3920745253562927,0.0
0,39,task_039,paraphrase_impl,paraphrase,1,baseline,-1,0.0,-1.6178215742111206,-0.935863733291626,0.6819578409194946,0.0
0,43,task_043,canonical_test,canonical,0,baseline,-1,0.0,-0.9562334418296814,-0.8751949071884155,0.08103853464126587,0.0
0,43,task_043,canonical_impl,canonical,1,baseline,-1,0.0,-0.9365102648735046,-0.6906925439834595,0.24581772089004517,0.0
0,43,task_043,paraphrase_test,paraphrase,0,baseline,-1,0.0,-0.9704989194869995,-0.854789137840271,0.11570978164672852,0.0
0,43,task_043,paraphrase_impl,paraphrase,1,baseline,-1,0.0,-0.9655629396438599,-0.7107934951782227,0.2547694444656372,0.0
0,47,task_047,canonical_test,canonical,0,baseline,-1,0.0,-1.2953119277954102,-1.1031523942947388,0.1921595335006714,0.0
0,47,task_047,canonical_impl,canonical,1,baseline,-1,0.0,-1.2372500896453857,-0.9278570413589478,0.309393048286438,0.0
0,47,task_047,paraphrase_test,paraphrase,0,baseline,-1,0.0,-1.3294286727905273,-1.0268267393112183,0.3026019334793091,0.0
0,47,task_047,paraphrase_impl,paraphrase,1,baseline,-1,0.0,-1.2517589330673218,-0.8475368022918701,0.40422213077545166,0.0
0,3,task_003,canonical_test,canonical,0,real,-1,-2.0,-1.2975633144378662,-1.0499292612075806,0.24763405323028564,0.0029910802841186523
0,3,task_003,canonical_impl,canonical,1,real,-1,-2.0,-1.3894102573394775,-0.8997129797935486,0.48969727754592896,-0.0172269344329834
0,3,task_003,paraphrase_test,paraphrase,0,real,-1,-2.0,-1.3592009544372559,-1.0031087398529053,0.3560922145843506,-0.004366576671600342
0,3,task_003,paraphrase_impl,paraphrase,1,real,-1,-2.0,-1.514826774597168,-0.929149866104126,0.585676908493042,-0.009562909603118896
0,7,task_007,canonical_test,canonical,0,real,-1,-2.0,-0.9598255157470703,-0.85637366771698,0.10345184803009033,-0.0033301711082458496
0,7,task_007,canonical_impl,canonical,1,real,-1,-2.0,-0.9457873106002808,-0.6680971384048462,0.27769017219543457,-0.016739368438720703
0,7,task_007,paraphrase_test,paraphrase,0,real,-1,-2.0,-0.9908127784729004,-0.8616195321083069,0.1291932463645935,0.0022537708282470703
0,7,task_007,paraphrase_impl,paraphrase,1,real,-1,-2.0,-0.9666956663131714,-0.7115362286567688,0.2551594376564026,-0.0009538531303405762
0,11,task_011,canonical_test,canonical,0,real,-1,-2.0,-1.2860459089279175,-1.0648645162582397,0.22118139266967773,-0.007394671440124512
0,11,task_011,canonical_impl,canonical,1,real,-1,-2.0,-1.3036999702453613,-0.9494688510894775,0.3542311191558838,-0.016005098819732666
0,11,task_011,paraphrase_test,paraphrase,0,real,-1,-2.0,-1.45517098903656,-1.1132365465164185,0.3419344425201416,-0.0009101629257202148
0,11,task_011,paraphrase_impl,paraphrase,1,real,-1,-2.0,-1.4355510473251343,-0.9662527441978455,0.4692983031272888,-0.0050945281982421875
0,15,task_015,canonical_test,canonical,0,real,-1,-2.0,-1.3434522151947021,-1.0710289478302002,0.27242326736450195,-0.010259151458740234
0,15,task_015,canonical_impl,canonical,1,real,-1,-2.0,-1.5100479125976562,-0.9424434304237366,0.5676044821739197,-0.013113260269165039
0,15,task_015,paraphrase_test,paraphrase,0,real,-1,-2.0,-1.389538049697876,-0.9880074858665466,0.40153056383132935,-0.016137242317199707
0,15,task_015,paraphrase_impl,paraphrase,1,real,-1,-2.0,-1.5759090185165405,-0.9505153894424438,0.6253936290740967,-0.0024210214614868164
0,19,task_019,canonical_test,canonical,0,real,-1,-2.0,-0.9814786314964294,-0.8630069494247437,0.11847168207168579,0.0047873854637146
0,19,task_019,canonical_impl,canonical,1,real,-1,-2.0,-0.9358925819396973,-0.6530055403709412,0.2828870415687561,-0.013771772384643555
0,19,task_019,paraphrase_test,paraphrase,0,real,-1,-2.0,-0.9972893595695496,-0.8659031391143799,0.13138622045516968,-0.007458090782165527
0,19,task_019,paraphrase_impl,paraphrase,1,real,-1,-2.0,-0.9969354867935181,-0.7253283262252808,0.2716071605682373,-0.006759941577911377
0,23,task_023,canonical_test,canonical,0,real,-1,-2.0,-1.2865359783172607,-1.1049314737319946,0.1816045045852661,0.011956453323364258
0,23,task_023,canonical_impl,canonical,1,real,-1,-2.0,-1.2418259382247925,-0.9461663365364075,0.295659601688385,-0.005444824695587158
0,23,task_023,paraphrase_test,paraphrase,0,real,-1,-2.0,-1.363736629486084,-1.0648728609085083,0.2988637685775757,0.003077983856201172
0,23,task_023,paraphrase_impl,paraphrase,1,real,-1,-2.0,-1.2817790508270264,-0.890887439250946,0.3908916115760803,-0.010288476943969727
0,27,task_027,canonical_test,canonical,0,real,-1,-2.0,-1.2991926670074463,-1.0452251434326172,0.2539675235748291,-0.003910422325134277
0,27,task_027,canonical_impl,canonical,1,real,-1,-2.0,-1.4262288808822632,-0.9044870734214783,0.5217418074607849,-0.006978809833526611
0,27,task_027,paraphrase_test,paraphrase,0,real,-1,-2.0,-1.3568031787872314,-0.9794275760650635,0.37737560272216797,-0.013281702995300293
0,27,task_027,paraphrase_impl,paraphrase,1,real,-1,-2.0,-1.5616469383239746,-0.9328374862670898,0.6288094520568848,-0.015003740787506104
0,31,task_031,canonical_test,canonical,0,real,-1,-2.0,-0.948400616645813,-0.8639251589775085,0.08447545766830444,0.005530357360839844
0,31,task_031,canonical_impl,canonical,1,real,-1,-2.0,-0.9187424182891846,-0.6861011981964111,0.23264122009277344,-0.009789347648620605
0,31,task_031,paraphrase_test,paraphrase,0,real,-1,-2.0,-0.996064305305481,-0.8728803992271423,0.12318390607833862,0.00027000904083251953
0,31,task_031,paraphrase_impl,paraphrase,1,real,-1,-2.0,-0.9607570171356201,-0.73687744140625,0.22387957572937012,0.00367659330368042
0,35,task_035,canonical_test,canonical,0,real,-1,-2.0,-1.288267731666565,-1.0878608226776123,0.20040690898895264,-0.0016039609909057617
0,35,task_035,canonical_impl,canonical,1,real,-1,-2.0,-1.2526848316192627,-0.9437549710273743,0.3089298605918884,-0.005367100238800049
0,35,task_035,paraphrase_test,paraphrase,0,real,-1,-2.0,-1.355262041091919,-1.0512248277664185,0.3040372133255005,-0.004647016525268555
0,35,task_035,paraphrase_impl,paraphrase,1,real,-1,-2.0,-1.331648588180542,-0.9165570735931396,0.41509151458740234,-0.004049181938171387
0,39,task_039,canonical_test,canonical,0,real,-1,-2.0,-1.346184492111206,-1.0939991474151611,0.2521853446960449,-0.00592494010925293
0,39,task_039,canonical_impl,canonical,1,real,-1,-2.0,-1.420215368270874,-0.9226452112197876,0.4975701570510864,-0.010312497615814209
0,39,task_039,paraphrase_test,paraphrase,0,real,-1,-2.0,-1.3871949911117554,-1.0006057024002075,0.38658928871154785,-0.005485236644744873
0,39,task_039,paraphrase_impl,paraphrase,1,real,-1,-2.0,-1.62384831905365,-0.9474800229072571,0.6763682961463928,-0.005589544773101807
0,43,task_043,canonical_test,canonical,0,real,-1,-2.0,-0.9816147089004517,-0.8929274678230286,0.0886872410774231,0.0076487064361572266
0,43,task_043,canonical_impl,canonical,1,real,-1,-2.0,-0.9483664035797119,-0.706415057182312,0.2419513463973999,-0.0038663744926452637
0,43,task_043,paraphrase_test,paraphrase,0,real,-1,-2.0,-0.9917771220207214,-0.8771296143531799,0.1146475076675415,-0.0010622739791870117
0,43,task_043,paraphrase_impl,paraphrase,1,real,-1,-2.0,-0.9927343726158142,-0.7299454808235168,0.26278889179229736,0.008019447326660156
0,47,task_047,canonical_test,canonical,0,real,-1,-2.0,-1.3008025884628296,-1.108647108078003,0.19215548038482666,-4.0531158447265625e-06
0,47,task_047,canonical_impl,canonical,1,real,-1,-2.0,-1.2563360929489136,-0.9475522041320801,0.3087838888168335,-0.0006091594696044922
0,47,task_047,paraphrase_test,paraphrase,0,real,-1,-2.0,-1.3597314357757568,-1.0621230602264404,0.2976083755493164,-0.004993557929992676
0,47,task_047,paraphrase_impl,paraphrase,1,real,-1,-2.0,-1.277580738067627,-0.8725380897521973,0.4050426483154297,0.0008205175399780273
0,3,task_003,canonical_test,canonical,0,real,-1,-1.0,-1.2989215850830078,-1.0507097244262695,0.24821186065673828,0.003568887710571289
0,3,task_003,canonical_impl,canonical,1,real,-1,-1.0,-1.3953578472137451,-0.8962185978889465,0.4991392493247986,-0.0077849626541137695
0,3,task_003,paraphrase_test,paraphrase,0,real,-1,-1.0,-1.3585742712020874,-0.9953201413154602,0.3632541298866272,0.0027953386306762695
0,3,task_003,paraphrase_impl,paraphrase,1,real,-1,-1.0,-1.5193204879760742,-0.9249619245529175,0.5943585634231567,-0.0008812546730041504
0,7,task_007,canonical_test,canonical,0,real,-1,-1.0,-0.9555511474609375,-0.8462426662445068,0.10930848121643066,0.0025264620780944824
0,7,task_007,canonical_impl,canonical,1,real,-1,-1.0,-0.9469650983810425,-0.6613327264785767,0.2856323719024658,-0.008797168731689453
0,7,task_007,paraphrase_test,paraphrase,0,real,-1,-1.0,-0.9676190614700317,-0.8450411558151245,0.12257790565490723,-0.004361569881439209
0,7,task_007,paraphrase_impl,paraphrase,1,real,-1,-1.0,-0.9515690207481384,-0.700859785079956,0.2507092356681824,-0.005404055118560791
0,11,task_011,canonical_test,canonical,0,real,-1,-1.0,-1.2842742204666138,-1.0562500953674316,0.22802412509918213,-0.0005519390106201172
0,11,task_011,canonical_impl,canonical,1,real,-1,-1.0,-1.3080132007598877,-0.9459710717201233,0.3620421290397644,-0.00819408893585205
0,11,task_011,paraphrase_test,paraphrase,0,real,-1,-1.0,-1.4408748149871826,-1.094873070716858,0.3460017442703247,0.0031571388244628906
0,11,task_011,paraphrase_impl,paraphrase,1,real,-1,-1.0,-1.4217761754989624,-0.9497309327125549,0.47204524278640747,-0.002347588539123535
0,15,task_015,canonical_test,canonical,0,real,-1,-1.0,-1.3380321264266968,-1.05868661403656,0.2793455123901367,-0.0033369064331054688
0,15,task_015,canonical_impl,canonical,1,real,-1,-1.0,-1.5062472820281982,-0.9470731019973755,0.5591741800308228,-0.021543562412261963
0,15,task_015,paraphrase_test,paraphrase,0,real,-1,-1.0,-1.4039385318756104,-0.9837138056755066,0.42022472620010376,0.002556920051574707
0,15,task_015,paraphrase_impl,paraphrase,1,real,-1,-1.0,-1.5732810497283936,-0.9414124488830566,0.6318686008453369,0.004053950309753418
0,19,task_019,canonical_test,canonical,0,real,-1,-1.0,-0.9826781153678894,-0.8712117671966553,0.11146634817123413,-0.0022179484367370605
0,19,task_019,canonical_impl,canonical,1,real,-1,-1.0,-0.9312542676925659,-0.6500467658042908,0.28120750188827515,-0.015451312065124512
0,19,task_019,paraphrase_test,paraphrase,0,real,-1,-1.0,-0.9837956428527832,-0.8488954305648804,0.13490021228790283,-0.003944098949432373
0,19,task_019,paraphrase_impl,paraphrase,1,real,-1,-1.0,-0.9855082035064697,-0.7099142074584961,0.27559399604797363,-0.002773106098175049
0,23,task_023,canonical_test,canonical,0,real,-1,-1.0,-1.2826117277145386,-1.108979344367981,0.17363238334655762,0.003984332084655762
0,23,task_023,canonical_impl,canonical,1,real,-1,-1.0,-1.2226779460906982,-0.9331614375114441,0.28951650857925415,-0.011587917804718018
0,23,task_023,paraphrase_test,paraphrase,0,real,-1,-1.0,-1.347245693206787,-1.046864628791809,0.300381064414978,0.004595279693603516
0,23,task_023,paraphrase_impl,paraphrase,1,real,-1,-1.0,-1.2673676013946533,-0.873367190361023,0.39400041103363037,-0.007179677486419678
0,27,task_027,canonical_test,canonical,0,real,-1,-1.0,-1.2995293140411377,-1.037365436553955,0.2621638774871826,0.004285931587219238
0,27,task_027,canonical_impl,canonical,1,real,-1,-1.0,-1.411694884300232,-0.8937912583351135,0.5179036259651184,-0.010816991329193115
0,27,task_027,paraphrase_test,paraphrase,0,real,-1,-1.0,-1.3622963428497314,-0.9760733246803284,0.3862230181694031,-0.0044342875480651855
0,27,task_027,paraphrase_impl,paraphrase,1,real,-1,-1.0,-1.5366268157958984,-0.9077640175819397,0.6288627982139587,-0.014950394630432129
0,31,task_031,canonical_test,canonical,0,real,-1,-1.0,-0.932686448097229,-0.8530452847480774,0.07964116334915161,0.0006960630416870117
0,31,task_031,canonical_impl,canonical,1,real,-1,-1.0,-0.9182716608047485,-0.6785928606987,0.23967880010604858,-0.002751767635345459
0,31,task_031,paraphrase_test,paraphrase,0,real,-1,-1.0,-0.9876059889793396,-0.8673030734062195,0.12030291557312012,-0.0026109814643859863
0,31,task_031,paraphrase_impl,paraphrase,1,real,-1,-1.0,-0.9405549764633179,-0.7226110100746155,0.2179439663887024,-0.0022590160369873047
0,35,task_035,canonical_test,canonical,0,real,-1,-1.0,-1.2821589708328247,-1.0847069025039673,0.19745206832885742,-0.0045588016510009766
0,35,task_035,canonical_impl,canonical,1,real,-1,-1.0,-1.2530312538146973,-0.9448165893554688,0.3082146644592285,-0.006082296371459961
0,35,task_035,paraphrase_test,paraphrase,0,real,-1,-1.0,-1.3540819883346558,-1.0511528253555298,0.302929162979126,-0.005755066871643066
0,35,task_035,paraphrase_impl,paraphrase,1,real,-1,-1.0,-1.3185926675796509,-0.9079253673553467,0.4106673002243042,-0.008473396301269531
0,39,task_039,canonical_test,canonical,0,real,-1,-1.0,-1.3345463275909424,-1.0785022974014282,0.25604403018951416,-0.0020662546157836914
0,39,task_039,canonical_impl,canonical,1,real,-1,-1.0,-1.4363311529159546,-0.9340304136276245,0.5023007392883301,-0.005581915378570557
0,39,task_039,paraphrase_test,paraphrase,0,real,-1,-1.0,-1.391847014427185,-0.996953547000885,0.39489346742630005,0.0028189420700073242
0,39,task_039,paraphrase_impl,paraphrase,1,real,-1,-1.0,-1.6352033615112305,-0.9407901167869568,0.6944132447242737,0.012455403804779053
0,43,task_043,canonical_test,canonical,0,real,-1,-1.0,-0.9610003232955933,-0.8857442736625671,0.07525604963302612,-0.005782485008239746
0,43,task_043,canonical_impl,canonical,1,real,-1,-1.0,-0.9417679309844971,-0.6942344307899475,0.24753350019454956,0.0017157793045043945
0,43,task_043,paraphrase_test,paraphrase,0,real,-1,-1.0,-0.9816443920135498,-0.8625995516777039,0.11904484033584595,0.0033350586891174316
0,43,task_043,paraphrase_impl,paraphrase,1,real,-1,-1.0,-0.9871236681938171,-0.7259882092475891,0.261135458946228,0.00636601448059082
0,47,task_047,canonical_test,canonical,0,real,-1,-1.0,-1.3021430969238281,-1.1153723001480103,0.18677079677581787,-0.005388736724853516
0,47,task_047,canonical_impl,canonical,1,real,-1,-1.0,-1.253132700920105,-0.9399068355560303,0.3132258653640747,0.0038328170776367188
0,47,task_047,paraphrase_test,paraphrase,0,real,-1,-1.0,-1.3398478031158447,-1.0406949520111084,0.29915285110473633,-0.003449082374572754
0,47,task_047,paraphrase_impl,paraphrase,1,real,-1,-1.0,-1.28117835521698,-0.8676478266716003,0.41353052854537964,0.009308397769927979
0,3,task_003,canonical_test,canonical,0,real,-1,-0.5,-1.3036894798278809,-1.054058313369751,0.24963116645812988,0.004988193511962891
0,3,task_003,canonical_impl,canonical,1,real,-1,-0.5,-1.4099262952804565,-0.8995400667190552,0.5103862285614014,0.0034620165824890137
0,3,task_003,paraphrase_test,paraphrase,0,real,-1,-0.5,-1.345738410949707,-0.978732705116272,0.36700570583343506,0.006546914577484131
0,3,task_003,paraphrase_impl,paraphrase,1,real,-1,-0.5,-1.505589246749878,-0.9079558849334717,0.5976333618164062,0.0023935437202453613
0,7,task_007,canonical_test,canonical,0,real,-1,-0.5,-0.949591338634491,-0.8490924835205078,0.10049885511398315,-0.006283164024353027
0,7,task_007,canonical_impl,canonical,1,real,-1,-0.5,-0.9516620635986328,-0.664836049079895,0.2868260145187378,-0.0076035261154174805
0,7,task_007,paraphrase_test,paraphrase,0,real,-1,-0.5,-0.9625190496444702,-0.841335654258728,0.12118339538574219,-0.005756080150604248
0,7,task_007,paraphrase_impl,paraphrase,1,real,-1,-0.5,-0.9373946189880371,-0.6908546090126038,0.24654000997543335,-0.009573280811309814
0,11,task_011,canonical_test,canonical,0,real,-1,-0.5,-1.288679599761963,-1.0593676567077637,0.22931194305419922,0.0007358789443969727
0,11,task_011,canonical_impl,canonical,1,real,-1,-0.5,-1.2946350574493408,-0.9364968538284302,0.35813820362091064,-0.01209801435470581
0,11,task_011,paraphrase_test,paraphrase,0,real,-1,-0.5,-1.4404551982879639,-1.0952428579330444,0.34521234035491943,0.002367734909057617
0,11,task_011,paraphrase_impl,paraphrase,1,real,-1,-0.5,-1.416749358177185,-0.9386943578720093,0.4780550003051758,0.0036621689796447754
0,15,task_015,canonical_test,canonical,0,real,-1,-0.5,-1.3366411924362183,-1.057782530784607,0.27885866165161133,-0.0038237571716308594
0,15,task_015,canonical_impl,canonical,1,real,-1,-0.5,-1.5124391317367554,-0.9434426426887512,0.5689964890480042,-0.011721253395080566
0,15,task_015,paraphrase_test,paraphrase,0,real,-1,-0.5,-1.3983469009399414,-0.9795520901679993,0.41879481077194214,0.001127004623413086
0,15,task_015,paraphrase_impl,paraphrase,1,real,-1,-0.5,-1.5816949605941772,-0.9473459720611572,0.63434898853302,0.0065343379974365234
0,19,task_019,canonical_test,canonical,0,real,-1,-0.5,-0.9777776598930359,-0.8600916266441345,0.11768603324890137,0.004001736640930176
0,19,task_019,canonical_impl,canonical,1,real,-1,-0.5,-0.9428373575210571,-0.643511950969696,0.2993254065513611,0.0026665925979614258
0,19,task_019,paraphrase_test,paraphrase,0,real,-1,-0.5,-0.9733688235282898,-0.8416500091552734,0.13171881437301636,-0.007125496864318848
0,19,task_019,paraphrase_impl,paraphrase,1,real,-1,-0.5,-0.9789220690727234,-0.7053681015968323,0.2735539674758911,-0.004813134670257568
0,23,task_023,canonical_test,canonical,0,real,-1,-0.5,-1.277669906616211,-1.0981417894363403,0.1795281171798706,0.00988006591796875
0,23,task_023,canonical_impl,canonical,1,real,-1,-0.5,-1.2265949249267578,-0.9276784062385559,0.2989165186882019,-0.0021879076957702637
0,23,task_023,paraphrase_test,paraphrase,0,real,-1,-0.5,-1.3499512672424316,-1.0477893352508545,0.30216193199157715,0.006376147270202637
0,23,task_023,paraphrase_impl,paraphrase,1,real,-1,-0.5,-1.272220492362976,-0.8702626824378967,0.40195780992507935,0.0007777214050292969
0,27,task_027,canonical_test,canonical,0,real,-1,-0.5,-1.2943215370178223,-1.0329530239105225,0.2613685131072998,0.0034905672073364258
0,27,task_027,canonical_impl,canonical,1,real,-1,-0.5,-1.4071029424667358,-0.8909963369369507,0.5161066055297852,-0.012614011764526367
0,27,task_027,paraphrase_test,paraphrase,0,real,-1,-0.5,-1.353759527206421,-0.9699082970619202,0.38385123014450073,-0.006806075572967529
0,27,task_027,paraphrase_impl,paraphrase,1,real,-1,-0.5,-1.5260529518127441,-0.9004306793212891,0.6256222724914551,-0.01819092035293579
0,31,task_031,canonical_test,canonical,0,real,-1,-0.5,-0.9281467795372009,-0.849059522151947,0.0790872573852539,0.00014215707778930664
0,31,task_031,canonical_impl,canonical,1,real,-1,-0.5,-0.9234466552734375,-0.682245671749115,0.2412009835243225,-0.0012295842170715332
0,31,task_031,paraphrase_test,paraphrase,0,real,-1,-0.5,-0.9898606538772583,-0.861275851726532,0.12858480215072632,0.005670905113220215
0,31,task_031,paraphrase_impl,paraphrase,1,real,-1,-0.5,-0.9381790161132812,-0.7136914730072021,0.2244875431060791,0.004284560680389404
0,35,task_035,canonical_test,canonical,0,real,-1,-0.5,-1.2764365673065186,-1.0733011960983276,0.20313537120819092,0.0011245012283325195
0,35,task_035,canonical_impl,canonical,1,real,-1,-0.5,-1.2670729160308838,-0.9473696351051331,0.31970328092575073,0.005406320095062256
0,35,task_035,paraphrase_test,paraphrase,0,real,-1,-0.5,-1.3489999771118164,-1.0476140975952148,0.30138587951660156,-0.0072983503341674805
0,35,task_035,paraphrase_impl,paraphrase,1,real,-1,-0.5,-1.3028305768966675,-0.8894479274749756,0.4133826494216919,-0.005758047103881836
0,39,task_039,canonical_test,canonical,0,real,-1,-0.5,-1.328418254852295,-1.074156641960144,0.2542616128921509,-0.0038486719131469727
0,39,task_039,canonical_impl,canonical,1,real,-1,-0.5,-1.4302890300750732,-0.9217633008956909,0.5085257291793823,0.0006430745124816895
0,39,task_039,paraphrase_test,paraphrase,0,real,-1,-0.5,-1.3863017559051514,-0.9930409789085388,0.39326077699661255,0.0011862516403198242
0,39,task_039,paraphrase_impl,paraphrase,1,real,-1,-0.5,-1.6331342458724976,-0.9393235445022583,0.6938107013702393,0.011852860450744629
0,43,task_043,canonical_test,canonical,0,real,-1,-0.5,-0.9558512568473816,-0.8749402761459351,0.08091098070144653,-0.00012755393981933594
0,43,task_043,canonical_impl,canonical,1,real,-1,-0.5,-0.9366983771324158,-0.6908223628997803,0.2458760142326355,5.829334259033203e-05
0,43,task_043,paraphrase_test,paraphrase,0,real,-1,-0.5,-0.9762448072433472,-0.866033136844635,0.11021167039871216,-0.005498111248016357
0,43,task_043,paraphrase_impl,paraphrase,1,real,-1,-0.5,-0.9763481020927429,-0.7184147238731384,0.2579333782196045,0.003163933753967285
0,47,task_047,canonical_test,canonical,0,real,-1,-0.5,-1.2879223823547363,-1.097994089126587,0.18992829322814941,-0.0022312402725219727
0,47,task_047,canonical_impl,canonical,1,real,-1,-0.5,-1.2482284307479858,-0.9356251955032349,0.312603235244751,0.0032101869583129883
0,47,task_047,paraphrase_test,paraphrase,0,real,-1,-0.5,-1.3426711559295654,-1.0362908840179443,0.3063802719116211,0.0037783384323120117
0,47,task_047,paraphrase_impl,paraphrase,1,real,-1,-0.5,-1.2632112503051758,-0.85578453540802,0.40742671489715576,0.0032045841217041016
0,3,task_003,canonical_test,canonical,0,real,-1,0.5,-1.2882293462753296,-1.0431643724441528,0.24506497383117676,0.0004220008850097656
0,3,task_003,canonical_impl,canonical,1,real,-1,0.5,-1.4131371974945068,-0.8940987586975098,0.5190384387969971,0.012114226818084717
0,3,task_003,paraphrase_test,paraphrase,0,real,-1,0.5,-1.3348968029022217,-0.9712681770324707,0.363628625869751,0.003169834613800049
0,3,task_003,paraphrase_impl,paraphrase,1,real,-1,0.5,-1.4821357727050781,-0.891396164894104,0.5907396078109741,-0.004500210285186768
0,7,task_007,canonical_test,canonical,0,real,-1,0.5,-0.9411198496818542,-0.8355498313903809,0.10557001829147339,-0.001212000846862793
0,7,task_007,canonical_impl,canonical,1,real,-1,0.5,-0.9523710608482361,-0.6579912900924683,0.2943797707557678,-4.976987838745117e-05
0,7,task_007,paraphrase_test,paraphrase,0,real,-1,0.5,-0.9362978339195251,-0.8154351711273193,0.12086266279220581,-0.006076812744140625
0,7,task_007,paraphrase_impl,paraphrase,1,real,-1,0.5,-0.924811065196991,-0.6745415329933167,0.2502695322036743,-0.005843758583068848
0,11,task_011,canonical_test,canonical,0,real,-1,0.5,-1.2896467447280884,-1.0600882768630981,0.22955846786499023,0.0009824037551879883
0,11,task_011,canonical_impl,canonical,1,real,-1,0.5,-1.2940235137939453,-0.9287148118019104,0.3653087019920349,-0.004927515983581543
0,11,task_011,paraphrase_test,paraphrase,0,real,-1,0.5,-1.4153940677642822,-1.0702351331710815,0.3451589345932007,0.002314329147338867
0,11,task_011,paraphrase_impl,paraphrase,1,real,-1,0.5,-1.3976209163665771,-0.9252939820289612,0.47232693433761597,-0.002065896987915039
0,15,task_015,canonical_test,canonical,0,real,-1,0.5,-1.323229193687439,-1.040877103805542,0.282352089881897,-0.00033032894134521484
0,15,task_015,canonical_impl,canonical,1,real,-1,0.5,-1.5222928524017334,-0.9430029392242432,0.5792899131774902,-0.0014278292655944824
0,15,task_015,paraphrase_test,paraphrase,0,real,-1,0.5,-1.388474941253662,-0.965382993221283,0.42309194803237915,0.005424141883850098
0,15,task_015,paraphrase_impl,paraphrase,1,real,-1,0.5,-1.5724360942840576,-0.9334473013877869,0.6389887928962708,0.011174142360687256
0,19,task_019,canonical_test,canonical,0,real,-1,0.5,-0.9569811224937439,-0.8455919027328491,0.11138921976089478,-0.002295076847076416
0,19,task_019,canonical_impl,canonical,1,real,-1,0.5,-0.9281058311462402,-0.6329723000526428,0.2951335310935974,-0.001525282859802246
0,19,task_019,paraphrase_test,paraphrase,0,real,-1,0.5,-0.9514726400375366,-0.8188455104827881,0.13262712955474854,-0.00621718168258667
0,19,task_019,paraphrase_impl,paraphrase,1,real,-1,0.5,-0.9642680883407593,-0.6876187920570374,0.2766492962837219,-0.0017178058624267578
0,23,task_023,canonical_test,canonical,0,real,-1,0.5,-1.2682995796203613,-1.0915234088897705,0.17677617073059082,0.007128119468688965
0,23,task_023,canonical_impl,canonical,1,real,-1,0.5,-1.2238084077835083,-0.924541711807251,0.2992666959762573,-0.0018377304077148438
0,23,task_023,paraphrase_test,paraphrase,0,real,-1,0.5,-1.327584981918335,-1.0255814790725708,0.30200350284576416,0.0062177181243896484
0,23,task_023,paraphrase_impl,paraphrase,1,real,-1,0.5,-1.2490358352661133,-0.8530466556549072,0.39598917961120605,-0.005190908908843994
0,27,task_027,canonical_test,canonical,0,real,-1,0.5,-1.2634533643722534,-1.0122876167297363,0.2511657476425171,-0.006712198257446289
0,27,task_027,canonical_impl,canonical,1,real,-1,0.5,-1.4212102890014648,-0.8939213156700134,0.5272889733314514,-0.0014316439628601074
0,27,task_027,paraphrase_test,paraphrase,0,real,-1,0.5,-1.3450288772583008,-0.9565126895904541,0.3885161876678467,-0.002141118049621582
0,27,task_027,paraphrase_impl,paraphrase,1,real,-1,0.5,-1.529876470565796,-0.8883686065673828,0.6415078639984131,-0.002305328845977783
0,31,task_031,canonical_test,canonical,0,real,-1,0.5,-0.9285477995872498,-0.8493080735206604,0.07923972606658936,0.00029462575912475586
0,31,task_031,canonical_impl,canonical,1,real,-1,0.5,-0.9276236295700073,-0.6851953864097595,0.2424282431602478,-2.3245811462402344e-06
0,31,task_031,paraphrase_test,paraphrase,0,real,-1,0.5,-0.9614922404289246,-0.8412495851516724,0.1202426552772522,-0.0026712417602539062
0,31,task_031,paraphrase_impl,paraphrase,1,real,-1,0.5,-0.9208513498306274,-0.6939918398857117,0.22685950994491577,0.006656527519226074
0,35,task_035,canonical_test,canonical,0,real,-1,0.5,-1.2698230743408203,-1.0674391984939575,0.2023838758468628,0.00037300586700439453
0,35,task_035,canonical_impl,canonical,1,real,-1,0.5,-1.2494796514511108,-0.9275987148284912,0.32188093662261963,0.007583975791931152
0,35,task_035,paraphrase_test,paraphrase,0,real,-1,0.5,-1.3336422443389893,-1.0293971300125122,0.30424511432647705,-0.004439115524291992
0,35,task_035,paraphrase_impl,paraphrase,1,real,-1,0.5,-1.3030308485031128,-0.8822332620620728,0.42079758644104004,0.0016568899154663086
0,39,task_039,canonical_test,canonical,0,real,-1,0.5,-1.3309519290924072,-1.0754706859588623,0.2554812431335449,-0.0026290416717529297
0,39,task_039,canonical_impl,canonical,1,real,-1,0.5,-1.4288547039031982,-0.9207413792610168,0.5081133246421814,0.00023066997528076172
0,39,task_039,paraphrase_test,paraphrase,0,real,-1,0.5,-1.3858156204223633,-0.9924479126930237,0.3933677077293396,0.001293182373046875
0,39,task_039,paraphrase_impl,paraphrase,1,real,-1,0.5,-1.6163194179534912,-0.9274613857269287,0.6888580322265625,0.006900191307067871
0,43,task_043,canonical_test,canonical,0,real,-1,0.5,-0.9461898803710938,-0.8680968284606934,0.07809305191040039,-0.0029454827308654785
0,43,task_043,canonical_impl,canonical,1,real,-1,0.5,-0.9357175827026367,-0.6827695369720459,0.2529480457305908,0.007130324840545654
0,43,task_043,paraphrase_test,paraphrase,0,real,-1,0.5,-0.9658007025718689,-0.8513068556785583,0.11449384689331055,-0.0012159347534179688
0,43,task_043,paraphrase_impl,paraphrase,1,real,-1,0.5,-0.9457657337188721,-0.6968305706977844,0.24893516302108765,-0.0058342814445495605
0,47,task_047,canonical_test,canonical,0,real,-1,0.5,-1.2854491472244263,-1.0962194204330444,0.18922972679138184,-0.0029298067092895508
0,47,task_047,canonical_impl,canonical,1,real,-1,0.5,-1.2348299026489258,-0.9261316657066345,0.30869823694229126,-0.0006948113441467285
0,47,task_047,paraphrase_test,paraphrase,0,real,-1,0.5,-1.3247346878051758,-1.0244351625442505,0.3002995252609253,-0.002302408218383789
0,47,task_047,paraphrase_impl,paraphrase,1,real,-1,0.5,-1.2450628280639648,-0.8428592085838318,0.40220361948013306,-0.0020185112953186035
0,3,task_003,canonical_test,canonical,0,real,-1,1.0,-1.2731075286865234,-1.0251456499099731,0.2479618787765503,0.0033189058303833008
0,3,task_003,canonical_impl,canonical,1,real,-1,1.0,-1.4104021787643433,-0.8925221562385559,0.5178800225257874,0.010955810546875
0,3,task_003,paraphrase_test,paraphrase,0,real,-1,1.0,-1.3336246013641357,-0.9630167484283447,0.370607852935791,0.010149061679840088
0,3,task_003,paraphrase_impl,paraphrase,1,real,-1,1.0,-1.4872320890426636,-0.8876631855964661,0.5995689034461975,0.004329085350036621
0,7,task_007,canonical_test,canonical,0,real,-1,1.0,-0.9352235794067383,-0.8315781950950623,0.10364538431167603,-0.0031366348266601562
0,7,task_007,canonical_impl,canonical,1,real,-1,1.0,-0.9472472071647644,-0.6545957326889038,0.2926514744758606,-0.0017780661582946777
0,7,task_007,paraphrase_test,paraphrase,0,real,-1,1.0,-0.9247199296951294,-0.8075200319290161,0.11719989776611328,-0.009739577770233154
0,7,task_007,paraphrase_impl,paraphrase,1,real,-1,1.0,-0.9145870208740234,-0.6673154234886169,0.2472715973854065,-0.00884169340133667
0,11,task_011,canonical_test,canonical,0,real,-1,1.0,-1.2819117307662964,-1.0545692443847656,0.22734248638153076,-0.0012335777282714844
0,11,task_011,canonical_impl,canonical,1,real,-1,1.0,-1.29642915725708,-0.9304356575012207,0.3659934997558594,-0.00424271821975708
0,11,task_011,paraphrase_test,paraphrase,0,real,-1,1.0,-1.419592261314392,-1.0731784105300903,0.34641385078430176,0.0035692453384399414
0,11,task_011,paraphrase_impl,paraphrase,1,real,-1,1.0,-1.4040889739990234,-0.9223482608795166,0.48174071311950684,0.00734788179397583
0,15,task_015,canonical_test,canonical,0,real,-1,1.0,-1.3247437477111816,-1.0425242185592651,0.2822195291519165,-0.0004628896713256836
0,15,task_015,canonical_impl,canonical,1,real,-1,1.0,-1.503312110900879,-0.936392068862915,0.5669200420379639,-0.01379770040512085
0,15,task_015,paraphrase_test,paraphrase,0,real,-1,1.0,-1.3888044357299805,-0.9655749201774597,0.42322951555252075,0.005561709403991699
0,15,task_015,paraphrase_impl,paraphrase,1,real,-1,1.0,-1.562233328819275,-0.9261170625686646,0.6361162662506104,0.008301615715026855
0,19,task_019,canonical_test,canonical,0,real,-1,1.0,-0.9479853510856628,-0.8464122414588928,0.10157310962677002,-0.012111186981201172
0,19,task_019,canonical_impl,canonical,1,real,-1,1.0,-0.928206205368042,-0.6330407857894897,0.29516541957855225,-0.0014933943748474121
0,19,task_019,paraphrase_test,paraphrase,0,real,-1,1.0,-0.9511680006980896,-0.8185096979141235,0.13265830278396606,-0.006186008453369141
0,19,task_019,paraphrase_impl,paraphrase,1,real,-1,1.0,-0.9525601267814636,-0.679347038269043,0.27321308851242065,-0.005154013633728027
0,23,task_023,canonical_test,canonical,0,real,-1,1.0,-1.2700074911117554,-1.0927268266677856,0.17728066444396973,0.007632613182067871
0,23,task_023,canonical_impl,canonical,1,real,-1,1.0,-1.2288191318511963,-0.920720636844635,0.3080984950065613,0.006994068622589111
0,23,task_023,paraphrase_test,paraphrase,0,real,-1,1.0,-1.3142108917236328,-1.0161097049713135,0.29810118675231934,0.0023154020309448242
0,23,task_023,paraphrase_impl,paraphrase,1,real,-1,1.0,-1.2419973611831665,-0.8407248258590698,0.4012725353240967,9.244680404663086e-05
0,27,task_027,canonical_test,canonical,0,real,-1,1.0,-1.2666876316070557,-1.0138940811157227,0.252793550491333,-0.005084395408630371
0,27,task_027,canonical_impl,canonical,1,real,-1,1.0,-1.4036691188812256,-0.881102979183197,0.5225661396980286,-0.006154477596282959
0,27,task_027,paraphrase_test,paraphrase,0,real,-1,1.0,-1.3429205417633057,-0.954910397529602,0.3880101442337036,-0.0026471614837646484
0,27,task_027,paraphrase_impl,paraphrase,1,real,-1,1.0,-1.5431673526763916,-0.890394926071167,0.6527724266052246,0.00895923376083374
0,31,task_031,canonical_test,canonical,0,real,-1,1.0,-0.9191290140151978,-0.8350300788879395,0.0840989351272583,0.005153834819793701
0,31,task_031,canonical_impl,canonical,1,real,-1,1.0,-0.9314343333244324,-0.680701732635498,0.2507326006889343,0.008302032947540283
0,31,task_031,paraphrase_test,paraphrase,0,real,-1,1.0,-0.9515973329544067,-0.8342623114585876,0.11733502149581909,-0.005578875541687012
0,31,task_031,paraphrase_impl,paraphrase,1,real,-1,1.0,-0.9103096723556519,-0.6864488124847412,0.22386085987091064,0.0036578774452209473
0,35,task_035,canonical_test,canonical,0,real,-1,1.0,-1.2543047666549683,-1.0573515892028809,0.1969531774520874,-0.005057692527770996
0,35,task_035,canonical_impl,canonical,1,real,-1,1.0,-1.2481659650802612,-0.9266786575317383,0.32148730754852295,0.007190346717834473
0,35,task_035,paraphrase_test,paraphrase,0,real,-1,1.0,-1.3278918266296387,-1.025336503982544,0.3025553226470947,-0.006128907203674316
0,35,task_035,paraphrase_impl,paraphrase,1,real,-1,1.0,-1.2980148792266846,-0.870863139629364,0.42715173959732056,0.008011043071746826
0,39,task_039,canonical_test,canonical,0,real,-1,1.0,-1.3315857648849487,-1.0753275156021118,0.2562582492828369,-0.0018520355224609375
0,39,task_039,canonical_impl,canonical,1,real,-1,1.0,-1.4270966053009033,-0.919528067111969,0.5075685381889343,-0.0003141164779663086
0,39,task_039,paraphrase_test,paraphrase,0,real,-1,1.0,-1.3770368099212646,-0.9791717529296875,0.39786505699157715,0.005790531635284424
0,39,task_039,paraphrase_impl,paraphrase,1,real,-1,1.0,-1.6059494018554688,-0.9127756953239441,0.6931737065315247,0.01121586561203003
0,43,task_043,canonical_test,canonical,0,real,-1,1.0,-0.9453355669975281,-0.8674874901771545,0.07784807682037354,-0.003190457820892334
0,43,task_043,canonical_impl,canonical,1,real,-1,1.0,-0.9262863397598267,-0.6837438344955444,0.24254250526428223,-0.0032752156257629395
0,43,task_043,paraphrase_test,paraphrase,0,real,-1,1.0,-0.945304811000824,-0.8368081450462341,0.10849666595458984,-0.007213115692138672
0,43,task_043,paraphrase_impl,paraphrase,1,real,-1,1.0,-0.9447993040084839,-0.6961435675621033,0.24865573644638062,-0.006113708019256592
0,47,task_047,canonical_test,canonical,0,real,-1,1.0,-1.2727055549621582,-1.0881848335266113,0.18452072143554688,-0.007638812065124512
0,47,task_047,canonical_impl,canonical,1,real,-1,1.0,-1.228555679321289,-0.9140637516975403,0.3144919276237488,0.005098879337310791
0,47,task_047,paraphrase_test,paraphrase,0,real,-1,1.0,-1.3139686584472656,-1.0094858407974243,0.3044828176498413,0.0018808841705322266
0,47,task_047,paraphrase_impl,paraphrase,1,real,-1,1.0,-1.240259051322937,-0.8387997150421143,0.40145933628082275,-0.0027627944946289062
0,3,task_003,canonical_test,canonical,0,real,-1,2.0,-1.2627019882202148,-1.0176012516021729,0.245100736618042,0.000457763671875
0,3,task_003,canonical_impl,canonical,1,real,-1,2.0,-1.3964810371398926,-0.8826652765274048,0.5138157606124878,0.0068915486335754395
0,3,task_003,paraphrase_test,paraphrase,0,real,-1,2.0,-1.328994870185852,-0.9596539735794067,0.3693408966064453,0.008882105350494385
0,3,task_003,paraphrase_impl,paraphrase,1,real,-1,2.0,-1.4676021337509155,-0.8737503290176392,0.5938518047332764,-0.0013880133628845215
0,7,task_007,canonical_test,canonical,0,real,-1,2.0,-0.9252662658691406,-0.8245713710784912,0.10069489479064941,-0.006087124347686768
0,7,task_007,canonical_impl,canonical,1,real,-1,2.0,-0.9466115236282349,-0.6539224982261658,0.2926890254020691,-0.0017405152320861816
0,7,task_007,paraphrase_test,paraphrase,0,real,-1,2.0,-0.9094953536987305,-0.7966343760490417,0.11286097764968872,-0.014078497886657715
0,7,task_007,paraphrase_impl,paraphrase,1,real,-1,2.0,-0.9027943015098572,-0.6517596244812012,0.251034677028656,-0.005078613758087158
0,11,task_011,canonical_test,canonical,0,real,-1,2.0,-1.2569849491119385,-1.0296422243118286,0.22734272480010986,-0.0012333393096923828
0,11,task_011,canonical_impl,canonical,1,real,-1,2.0,-1.2940458059310913,-0.9214016795158386,0.3726441264152527,0.0024079084396362305
0,11,task_011,paraphrase_test,paraphrase,0,real,-1,2.0,-1.407738447189331,-1.0577746629714966,0.3499637842178345,0.007119178771972656
0,11,task_011,paraphrase_impl,paraphrase,1,real,-1,2.0,-1.3783502578735352,-0.9038140177726746,0.4745362401008606,0.00014340877532958984
0,15,task_015,canonical_test,canonical,0,real,-1,2.0,-1.3213772773742676,-1.0392240285873413,0.28215324878692627,-0.000529170036315918
0,15,task_015,canonical_impl,canonical,1,real,-1,2.0,-1.5249905586242676,-0.9442539215087891,0.5807366371154785,1.8894672393798828e-05
0,15,task_015,paraphrase_test,paraphrase,0,real,-1,2.0,-1.3860234022140503,-0.9635767340660095,0.42244666814804077,0.004778861999511719
0,15,task_015,paraphrase_impl,paraphrase,1,real,-1,2.0,-1.5587819814682007,-0.9163420796394348,0.6424399018287659,0.014625251293182373
0,19,task_019,canonical_test,canonical,0,real,-1,2.0,-0.9326484203338623,-0.8284199237823486,0.10422849655151367,-0.00945580005645752
0,19,task_019,canonical_impl,canonical,1,real,-1,2.0,-0.9278031587600708,-0.6327582001686096,0.2950449585914612,-0.0016138553619384766
0,19,task_019,paraphrase_test,paraphrase,0,real,-1,2.0,-0.9338911771774292,-0.7990705370903015,0.13482064008712769,-0.0040236711502075195
0,19,task_019,paraphrase_impl,paraphrase,1,real,-1,2.0,-0.9365890026092529,-0.6607236266136169,0.275865375995636,-0.0025017261505126953
0,23,task_023,canonical_test,canonical,0,real,-1,2.0,-1.2507578134536743,-1.0791155099868774,0.17164230346679688,0.0019942522048950195
0,23,task_023,canonical_impl,canonical,1,real,-1,2.0,-1.211943507194519,-0.9087919592857361,0.30315154790878296,0.002047121524810791
0,23,task_023,paraphrase_test,paraphrase,0,real,-1,2.0,-1.2981539964675903,-0.9974113702774048,0.30074262619018555,0.004956841468811035
0,23,task_023,paraphrase_impl,paraphrase,1,real,-1,2.0,-1.2274343967437744,-0.822330892086029,0.40510350465774536,0.0039234161376953125
0,27,task_027,canonical_test,canonical,0,real,-1,2.0,-1.2524893283843994,-1.0045233964920044,0.24796593189239502,-0.00991201400756836
0,27,task_027,canonical_impl,canonical,1,real,-1,2.0,-1.4114761352539062,-0.878909707069397,0.5325664281845093,0.003845810890197754
0,27,task_027,paraphrase_test,paraphrase,0,real,-1,2.0,-1.3316315412521362,-0.9396216869354248,0.3920098543167114,0.001352548599243164
0,27,task_027,paraphrase_impl,paraphrase,1,real,-1,2.0,-1.5138715505599976,-0.8696663975715637,0.6442051529884338,0.00039196014404296875
0,31,task_031,canonical_test,canonical,0,real,-1,2.0,-0.908758819103241,-0.8277167081832886,0.08104211091995239,0.002097010612487793
0,31,task_031,canonical_impl,canonical,1,real,-1,2.0,-0.912865400314331,-0.6746699810028076,0.23819541931152344,-0.0042351484298706055
0,31,task_031,paraphrase_test,paraphrase,0,real,-1,2.0,-0.933532178401947,-0.8210719227790833,0.11246025562286377,-0.010453641414642334
0,31,task_031,paraphrase_impl,paraphrase,1,real,-1,2.0,-0.8885858058929443,-0.6712215542793274,0.21736425161361694,-0.002838730812072754
0,35,task_035,canonical_test,canonical,0,real,-1,2.0,-1.2497291564941406,-1.055262804031372,0.19446635246276855,-0.007544517517089844
0,35,task_035,canonical_impl,canonical,1,real,-1,2.0,-1.2451746463775635,-0.9237112998962402,0.32146334648132324,0.007166385650634766
0,35,task_035,paraphrase_test,paraphrase,0,real,-1,2.0,-1.3181607723236084,-1.0111432075500488,0.30701756477355957,-0.0016666650772094727
0,35,task_035,paraphrase_impl,paraphrase,1,real,-1,2.0,-1.2659645080566406,-0.8482300043106079,0.4177345037460327,-0.0014061927795410156
0,39,task_039,canonical_test,canonical,0,real,-1,2.0,-1.3160127401351929,-1.0643144845962524,0.25169825553894043,-0.006412029266357422
0,39,task_039,canonical_impl,canonical,1,real,-1,2.0,-1.4293878078460693,-0.9137167930603027,0.5156710147857666,0.007788360118865967
0,39,task_039,paraphrase_test,paraphrase,0,real,-1,2.0,-1.3673384189605713,-0.9721099734306335,0.39522844552993774,0.0031539201736450195
0,39,task_039,paraphrase_impl,paraphrase,1,real,-1,2.0,-1.592668890953064,-0.9032990336418152,0.6893698573112488,0.00741201639175415
0,43,task_043,canonical_test,canonical,0,real,-1,2.0,-0.9302477240562439,-0.8566672205924988,0.07358050346374512,-0.007458031177520752
0,43,task_043,canonical_impl,canonical,1,real,-1,2.0,-0.9303678274154663,-0.6789681315422058,0.2513996958732605,0.005581974983215332
0,43,task_043,paraphrase_test,paraphrase,0,real,-1,2.0,-0.944756031036377,-0.8292068243026733,0.11554920673370361,-0.00016057491302490234
0,43,task_043,paraphrase_impl,paraphrase,1,real,-1,2.0,-0.9228804111480713,-0.6732498407363892,0.24963057041168213,-0.005138874053955078
0,47,task_047,canonical_test,canonical,0,real,-1,2.0,-1.2574094533920288,-1.0699892044067383,0.18742024898529053,-0.004739284515380859
0,47,task_047,canonical_impl,canonical,1,real,-1,2.0,-1.2309600114822388,-0.9169231057167053,0.31403690576553345,0.004643857479095459
0,47,task_047,paraphrase_test,paraphrase,0,real,-1,2.0,-1.297168254852295,-0.9893039464950562,0.30786430835723877,0.0052623748779296875
0,47,task_047,paraphrase_impl,paraphrase,1,real,-1,2.0,-1.220931887626648,-0.8184757828712463,0.4024561047554016,-0.0017660260200500488
0,3,task_003,canonical_test,canonical,0,same_state,-1,-1.0,-1.2951291799545288,-1.0475085973739624,0.2476205825805664,0.002977609634399414
0,3,task_003,canonical_impl,canonical,1,same_state,-1,-1.0,-1.4152376651763916,-0.9029362797737122,0.5123013854026794,0.00537717342376709
0,3,task_003,paraphrase_test,paraphrase,0,same_state,-1,-1.0,-1.3386561870574951,-0.980981707572937,0.3576744794845581,-0.0027843117713928223
0,3,task_003,paraphrase_impl,paraphrase,1,same_state,-1,-1.0,-1.497014045715332,-0.9019006490707397,0.5951133966445923,-0.00012642145156860352
0,7,task_007,canonical_test,canonical,0,same_state,-1,-1.0,-0.9513386487960815,-0.8427671790122986,0.10857146978378296,0.0017894506454467773
0,7,task_007,canonical_impl,canonical,1,same_state,-1,-1.0,-0.946454644203186,-0.6612178683280945,0.28523677587509155,-0.00919276475906372
0,7,task_007,paraphrase_test,paraphrase,0,same_state,-1,-1.0,-0.9616682529449463,-0.8408617377281189,0.12080651521682739,-0.006132960319519043
0,7,task_007,paraphrase_impl,paraphrase,1,same_state,-1,-1.0,-0.9507930278778076,-0.6929587125778198,0.2578343152999878,0.001721024513244629
0,11,task_011,canonical_test,canonical,0,same_state,-1,-1.0,-1.2875953912734985,-1.0577565431594849,0.22983884811401367,0.0012627840042114258
0,11,task_011,canonical_impl,canonical,1,same_state,-1,-1.0,-1.2970350980758667,-0.9382227659225464,0.3588123321533203,-0.011423885822296143
0,11,task_011,paraphrase_test,paraphrase,0,same_state,-1,-1.0,-1.446412444114685,-1.0987788438796997,0.34763360023498535,0.004788994789123535
0,11,task_011,paraphrase_impl,paraphrase,1,same_state,-1,-1.0,-1.4071111679077148,-0.9386391639709473,0.4684720039367676,-0.005920827388763428
0,15,task_015,canonical_test,canonical,0,same_state,-1,-1.0,-1.3406944274902344,-1.0616587400436401,0.27903568744659424,-0.0036467313766479492
0,15,task_015,canonical_impl,canonical,1,same_state,-1,-1.0,-1.5260963439941406,-0.9457603693008423,0.5803359746932983,-0.00038176774978637695
0,15,task_015,paraphrase_test,paraphrase,0,same_state,-1,-1.0,-1.3880555629730225,-0.972271203994751,0.4157843589782715,-0.0018834471702575684
0,15,task_015,paraphrase_impl,paraphrase,1,same_state,-1,-1.0,-1.569896936416626,-0.9388896822929382,0.6310072541236877,0.003192603588104248
0,19,task_019,canonical_test,canonical,0,same_state,-1,-1.0,-0.9791134595870972,-0.8610385060310364,0.11807495355606079,0.0043906569480896
0,19,task_019,canonical_impl,canonical,1,same_state,-1,-1.0,-0.9424210786819458,-0.6430771350860596,0.29934394359588623,0.0026851296424865723
0,19,task_019,paraphrase_test,paraphrase,0,same_state,-1,-1.0,-0.975982666015625,-0.8435144424438477,0.13246822357177734,-0.006376087665557861
0,19,task_019,paraphrase_impl,paraphrase,1,same_state,-1,-1.0,-0.974915623664856,-0.6951782703399658,0.27973735332489014,0.001370251178741455
0,23,task_023,canonical_test,canonical,0,same_state,-1,-1.0,-1.2921712398529053,-1.108398199081421,0.18377304077148438,0.01412498950958252
0,23,task_023,canonical_impl,canonical,1,same_state,-1,-1.0,-1.2351922988891602,-0.935013473033905,0.3001788258552551,-0.000925600528717041
0,23,task_023,paraphrase_test,paraphrase,0,same_state,-1,-1.0,-1.350334882736206,-1.0490177869796753,0.30131709575653076,0.00553131103515625
0,23,task_023,paraphrase_impl,paraphrase,1,same_state,-1,-1.0,-1.2669742107391357,-0.8650543093681335,0.4019199013710022,0.0007398128509521484
0,27,task_027,canonical_test,canonical,0,same_state,-1,-1.0,-1.2889926433563232,-1.0303230285644531,0.2586696147918701,0.0007916688919067383
0,27,task_027,canonical_impl,canonical,1,same_state,-1,-1.0,-1.4124202728271484,-0.8877164125442505,0.524703860282898,-0.004016757011413574
0,27,task_027,paraphrase_test,paraphrase,0,same_state,-1,-1.0,-1.356378436088562,-0.9717620611190796,0.3846163749694824,-0.00604093074798584
0,27,task_027,paraphrase_impl,paraphrase,1,same_state,-1,-1.0,-1.5329421758651733,-0.8978849053382874,0.635057270526886,-0.008755922317504883
0,31,task_031,canonical_test,canonical,0,same_state,-1,-1.0,-0.933567464351654,-0.8534082770347595,0.08015918731689453,0.0012140870094299316
0,31,task_031,canonical_impl,canonical,1,same_state,-1,-1.0,-0.923870325088501,-0.6899131536483765,0.2339571714401245,-0.008473396301269531
0,31,task_031,paraphrase_test,paraphrase,0,same_state,-1,-1.0,-0.974612832069397,-0.8577209711074829,0.11689186096191406,-0.006022036075592041
0,31,task_031,paraphrase_impl,paraphrase,1,same_state,-1,-1.0,-0.9349660873413086,-0.7187713384628296,0.216194748878479,-0.004008233547210693
0,35,task_035,canonical_test,canonical,0,same_state,-1,-1.0,-1.269012689590454,-1.0680534839630127,0.2009592056274414,-0.0010516643524169922
0,35,task_035,canonical_impl,canonical,1,same_state,-1,-1.0,-1.2550339698791504,-0.9380365610122681,0.3169974088668823,0.0027004480361938477
0,35,task_035,paraphrase_test,paraphrase,0,same_state,-1,-1.0,-1.3607044219970703,-1.0558276176452637,0.30487680435180664,-0.0038074254989624023
0,35,task_035,paraphrase_impl,paraphrase,1,same_state,-1,-1.0,-1.3109697103500366,-0.8951879143714905,0.41578179597854614,-0.003358900547027588
0,39,task_039,canonical_test,canonical,0,same_state,-1,-1.0,-1.3353402614593506,-1.0780110359191895,0.25732922554016113,-0.0007810592651367188
0,39,task_039,canonical_impl,canonical,1,same_state,-1,-1.0,-1.4247030019760132,-0.9184187650680542,0.506284236907959,-0.0015984177589416504
0,39,task_039,paraphrase_test,paraphrase,0,same_state,-1,-1.0,-1.384408712387085,-0.9916995763778687,0.3927091360092163,0.000634610652923584
0,39,task_039,paraphrase_impl,paraphrase,1,same_state,-1,-1.0,-1.624283790588379,-0.9331881403923035,0.6910956501960754,0.00913780927658081
0,43,task_043,canonical_test,canonical,0,same_state,-1,-1.0,-0.9612535834312439,-0.8785393238067627,0.0827142596244812,0.001675724983215332
0,43,task_043,canonical_impl,canonical,1,same_state,-1,-1.0,-0.9417325258255005,-0.6943693161010742,0.24736320972442627,0.0015454888343811035
0,43,task_043,paraphrase_test,paraphrase,0,same_state,-1,-1.0,-0.9771961569786072,-0.8667060136795044,0.11049014329910278,-0.005219638347625732
0,43,task_043,paraphrase_impl,paraphrase,1,same_state,-1,-1.0,-0.97027587890625,-0.7141314744949341,0.2561444044113159,0.001374959945678711
0,47,task_047,canonical_test,canonical,0,same_state,-1,-1.0,-1.2981300354003906,-1.1124874353408813,0.18564260005950928,-0.006516933441162109
0,47,task_047,canonical_impl,canonical,1,same_state,-1,-1.0,-1.2497155666351318,-0.9366670250892639,0.3130485415458679,0.0036554932594299316
0,47,task_047,paraphrase_test,paraphrase,0,same_state,-1,-1.0,-1.3575505018234253,-1.0457323789596558,0.31181812286376953,0.00921618938446045
0,47,task_047,paraphrase_impl,paraphrase,1,same_state,-1,-1.0,-1.2622328996658325,-0.8543256521224976,0.40790724754333496,0.0036851167678833008
0,3,task_003,canonical_test,canonical,0,same_state,-1,1.0,-1.286677360534668,-1.0346779823303223,0.2519993782043457,0.007356405258178711
0,3,task_003,canonical_impl,canonical,1,same_state,-1,1.0,-1.4028027057647705,-0.8945139050483704,0.5082888007164001,0.001364588737487793
0,3,task_003,paraphrase_test,paraphrase,0,same_state,-1,1.0,-1.3365830183029175,-0.9723004698753357,0.3642825484275818,0.0038237571716308594
0,3,task_003,paraphrase_impl,paraphrase,1,same_state,-1,1.0,-1.5053679943084717,-0.9078157544136047,0.5975522398948669,0.0023124217987060547
0,7,task_007,canonical_test,canonical,0,same_state,-1,1.0,-0.9355158805847168,-0.8315803408622742,0.10393553972244263,-0.0028464794158935547
0,7,task_007,canonical_impl,canonical,1,same_state,-1,1.0,-0.9575152397155762,-0.6618484854698181,0.29566675424575806,0.0012372136116027832
0,7,task_007,paraphrase_test,paraphrase,0,same_state,-1,1.0,-0.9451450705528259,-0.8217988610267639,0.12334620952606201,-0.003593266010284424
0,7,task_007,paraphrase_impl,paraphrase,1,same_state,-1,1.0,-0.9251083731651306,-0.6748633980751038,0.25024497509002686,-0.005868315696716309
0,11,task_011,canonical_test,canonical,0,same_state,-1,1.0,-1.271347999572754,-1.0471311807632446,0.22421681880950928,-0.004359245300292969
0,11,task_011,canonical_impl,canonical,1,same_state,-1,1.0,-1.2989223003387451,-0.9395255446434021,0.359396755695343,-0.010839462280273438
0,11,task_011,paraphrase_test,paraphrase,0,same_state,-1,1.0,-1.4257564544677734,-1.0852351188659668,0.34052133560180664,-0.0023232698440551758
0,11,task_011,paraphrase_impl,paraphrase,1,same_state,-1,1.0,-1.4116076231002808,-0.9351639151573181,0.47644370794296265,0.0020508766174316406
0,15,task_015,canonical_test,canonical,0,same_state,-1,1.0,-1.3356773853302002,-1.0507755279541016,0.28490185737609863,0.0022194385528564453
0,15,task_015,canonical_impl,canonical,1,same_state,-1,1.0,-1.5235793590545654,-0.9439113736152649,0.5796679854393005,-0.0010497570037841797
0,15,task_015,paraphrase_test,paraphrase,0,same_state,-1,1.0,-1.381564974784851,-0.967889130115509,0.41367584466934204,-0.003991961479187012
0,15,task_015,paraphrase_impl,paraphrase,1,same_state,-1,1.0,-1.5771359205245972,-0.9367569088935852,0.640379011631012,0.012564361095428467
0,19,task_019,canonical_test,canonical,0,same_state,-1,1.0,-0.9677042365074158,-0.8458080291748047,0.12189620733261108,0.008211910724639893
0,19,task_019,canonical_impl,canonical,1,same_state,-1,1.0,-0.9287168383598328,-0.6335466504096985,0.2951701879501343,-0.0014886260032653809
0,19,task_019,paraphrase_test,paraphrase,0,same_state,-1,1.0,-0.9572808742523193,-0.8228306770324707,0.13445019721984863,-0.004394114017486572
0,19,task_019,paraphrase_impl,paraphrase,1,same_state,-1,1.0,-0.9696468114852905,-0.6914218068122864,0.27822500467300415,-0.00014209747314453125
0,23,task_023,canonical_test,canonical,0,same_state,-1,1.0,-1.267856478691101,-1.0912367105484009,0.1766197681427002,0.00697171688079834
0,23,task_023,canonical_impl,canonical,1,same_state,-1,1.0,-1.2219882011413574,-0.9232563376426697,0.29873186349868774,-0.002372562885284424
0,23,task_023,paraphrase_test,paraphrase,0,same_state,-1,1.0,-1.3351469039916992,-1.0309287309646606,0.3042181730270386,0.008432388305664062
0,23,task_023,paraphrase_impl,paraphrase,1,same_state,-1,1.0,-1.2575852870941162,-0.8590887188911438,0.3984965682029724,-0.0026835203170776367
0,27,task_027,canonical_test,canonical,0,same_state,-1,1.0,-1.2828333377838135,-1.0254772901535034,0.25735604763031006,-0.0005218982696533203
0,27,task_027,canonical_impl,canonical,1,same_state,-1,1.0,-1.410393476486206,-0.8859507441520691,0.524442732334137,-0.0042778849601745605
0,27,task_027,paraphrase_test,paraphrase,0,same_state,-1,1.0,-1.3494517803192139,-0.9595118165016174,0.38993996381759644,-0.0007173418998718262
0,27,task_027,paraphrase_impl,paraphrase,1,same_state,-1,1.0,-1.5406806468963623,-0.896001398563385,0.6446792483329773,0.0008660554885864258
0,31,task_031,canonical_test,canonical,0,same_state,-1,1.0,-0.9191159009933472,-0.8432352542877197,0.07588064670562744,-0.003064453601837158
0,31,task_031,canonical_impl,canonical,1,same_state,-1,1.0,-0.9236913919448853,-0.6824308037757874,0.2412605881690979,-0.0011699795722961426
0,31,task_031,paraphrase_test,paraphrase,0,same_state,-1,1.0,-0.9622294306755066,-0.8417709469795227,0.12045848369598389,-0.002455413341522217
0,31,task_031,paraphrase_impl,paraphrase,1,same_state,-1,1.0,-0.9178617000579834,-0.6993480324745178,0.21851366758346558,-0.001689314842224121
0,35,task_035,canonical_test,canonical,0,same_state,-1,1.0,-1.2722336053848267,-1.0703164339065552,0.20191717147827148,-9.369850158691406e-05
0,35,task_035,canonical_impl,canonical,1,same_state,-1,1.0,-1.2518632411956787,-0.9284442067146301,0.3234190344810486,0.009122073650360107
0,35,task_035,paraphrase_test,paraphrase,0,same_state,-1,1.0,-1.3256782293319702,-1.0237810611724854,0.30189716815948486,-0.00678706169128418
0,35,task_035,paraphrase_impl,paraphrase,1,same_state,-1,1.0,-1.2921909093856812,-0.8745752573013306,0.4176156520843506,-0.0015250444412231445
0,39,task_039,canonical_test,canonical,0,same_state,-1,1.0,-1.3238615989685059,-1.070940613746643,0.2529209852218628,-0.005189299583435059
0,39,task_039,canonical_impl,canonical,1,same_state,-1,1.0,-1.4238979816436768,-0.9178405404090881,0.5060574412345886,-0.0018252134323120117
0,39,task_039,paraphrase_test,paraphrase,0,same_state,-1,1.0,-1.3864688873291016,-0.9858023524284363,0.4006665349006653,0.008592009544372559
0,39,task_039,paraphrase_impl,paraphrase,1,same_state,-1,1.0,-1.6191930770874023,-0.9294887185096741,0.6897043585777283,0.007746517658233643
0,43,task_043,canonical_test,canonical,0,same_state,-1,1.0,-0.9505325555801392,-0.8708251118659973,0.07970744371414185,-0.0013310909271240234
0,43,task_043,canonical_impl,canonical,1,same_state,-1,1.0,-0.9360101222991943,-0.683123767375946,0.2528863549232483,0.007068634033203125
0,43,task_043,paraphrase_test,paraphrase,0,same_state,-1,1.0,-0.9649931788444519,-0.8507279753684998,0.11426520347595215,-0.0014445781707763672
0,43,task_043,paraphrase_impl,paraphrase,1,same_state,-1,1.0,-0.9504379034042358,-0.700115442276001,0.25032246112823486,-0.004446983337402344
0,47,task_047,canonical_test,canonical,0,same_state,-1,1.0,-1.2739126682281494,-1.0881081819534302,0.18580448627471924,-0.0063550472259521484
0,47,task_047,canonical_impl,canonical,1,same_state,-1,1.0,-1.233187198638916,-0.9249873757362366,0.30819982290267944,-0.001193225383758545
0,47,task_047,paraphrase_test,paraphrase,0,same_state,-1,1.0,-1.3212342262268066,-1.021040439605713,0.30019378662109375,-0.002408146858215332
0,47,task_047,paraphrase_impl,paraphrase,1,same_state,-1,1.0,-1.2480987310409546,-0.8449615240097046,0.40313720703125,-0.0010849237442016602
0,3,task_003,canonical_test,canonical,0,random,0,-1.0,-1.294198751449585,-1.0468225479125977,0.2473762035369873,0.0027332305908203125
0,3,task_003,canonical_impl,canonical,1,random,0,-1.0,-1.4184865951538086,-0.8978942632675171,0.5205923318862915,0.01366811990737915
0,3,task_003,paraphrase_test,paraphrase,0,random,0,-1.0,-1.3434619903564453,-0.9770240783691406,0.3664379119873047,0.00597912073135376
0,3,task_003,paraphrase_impl,paraphrase,1,random,0,-1.0,-1.4924876689910889,-0.8987721800804138,0.593715488910675,-0.0015243291854858398
0,7,task_007,canonical_test,canonical,0,random,0,-1.0,-0.9450802803039551,-0.8456885814666748,0.09939169883728027,-0.007390320301055908
0,7,task_007,canonical_impl,canonical,1,random,0,-1.0,-0.9520041346549988,-0.6577237844467163,0.29428035020828247,-0.00014919042587280273
0,7,task_007,paraphrase_test,paraphrase,0,random,0,-1.0,-0.9564298391342163,-0.8370229601860046,0.11940687894821167,-0.007532596588134766
0,7,task_007,paraphrase_impl,paraphrase,1,random,0,-1.0,-0.939716100692749,-0.6850563287734985,0.2546597719192505,-0.0014535188674926758
0,11,task_011,canonical_test,canonical,0,random,0,-1.0,-1.2864127159118652,-1.057801365852356,0.22861135005950928,3.528594970703125e-05
0,11,task_011,canonical_impl,canonical,1,random,0,-1.0,-1.2967252731323242,-0.9297868013381958,0.3669384717941284,-0.003297746181488037
0,11,task_011,paraphrase_test,paraphrase,0,random,0,-1.0,-1.429004192352295,-1.0864782333374023,0.3425259590148926,-0.0003186464309692383
0,11,task_011,paraphrase_impl,paraphrase,1,random,0,-1.0,-1.404667615890503,-0.9307687878608704,0.47389882802963257,-0.0004940032958984375
0,15,task_015,canonical_test,canonical,0,random,0,-1.0,-1.3393663167953491,-1.0596275329589844,0.27973878383636475,-0.0029436349868774414
0,15,task_015,canonical_impl,canonical,1,random,0,-1.0,-1.517068862915039,-0.9393665790557861,0.5777022838592529,-0.003015458583831787
0,15,task_015,paraphrase_test,paraphrase,0,random,0,-1.0,-1.3867175579071045,-0.9712717533111572,0.41544580459594727,-0.002222001552581787
0,15,task_015,paraphrase_impl,paraphrase,1,random,0,-1.0,-1.5679678916931152,-0.9376519322395325,0.6303159594535828,0.0025013089179992676
0,19,task_019,canonical_test,canonical,0,random,0,-1.0,-0.972258448600769,-0.8566790819168091,0.11557936668395996,0.0018950700759887695
0,19,task_019,canonical_impl,canonical,1,random,0,-1.0,-0.9376456141471863,-0.6397108435630798,0.29793477058410645,0.0012759566307067871
0,19,task_019,paraphrase_test,paraphrase,0,random,0,-1.0,-0.9706332087516785,-0.8396100997924805,0.131023108959198,-0.007821202278137207
0,19,task_019,paraphrase_impl,paraphrase,1,random,0,-1.0,-0.9743362665176392,-0.6947184801101685,0.2796177864074707,0.0012506842613220215
0,23,task_023,canonical_test,canonical,0,random,0,-1.0,-1.271737813949585,-1.093966007232666,0.17777180671691895,0.00812375545501709
0,23,task_023,canonical_impl,canonical,1,random,0,-1.0,-1.224564790725708,-0.9271367192268372,0.29742807149887085,-0.0036763548851013184
0,23,task_023,paraphrase_test,paraphrase,0,random,0,-1.0,-1.341779112815857,-1.036344051361084,0.30543506145477295,0.009649276733398438
0,23,task_023,paraphrase_impl,paraphrase,1,random,0,-1.0,-1.2615137100219727,-0.861113965511322,0.40039974451065063,-0.0007803440093994141
0,27,task_027,canonical_test,canonical,0,random,0,-1.0,-1.294168472290039,-1.0339369773864746,0.26023149490356445,0.0023535490036010742
0,27,task_027,canonical_impl,canonical,1,random,0,-1.0,-1.4260352849960327,-0.896562933921814,0.5294723510742188,0.0007517337799072266
0,27,task_027,paraphrase_test,paraphrase,0,random,0,-1.0,-1.3534296751022339,-0.9623270630836487,0.3911026120185852,0.00044530630111694336
0,27,task_027,paraphrase_impl,paraphrase,1,random,0,-1.0,-1.5303878784179688,-0.8960847854614258,0.634303092956543,-0.0095100998878479
0,31,task_031,canonical_test,canonical,0,random,0,-1.0,-0.929039716720581,-0.849918007850647,0.07912170886993408,0.00017660856246948242
0,31,task_031,canonical_impl,canonical,1,random,0,-1.0,-0.927586019039154,-0.685169517993927,0.24241650104522705,-1.4066696166992188e-05
0,31,task_031,paraphrase_test,paraphrase,0,random,0,-1.0,-0.9691020846366882,-0.8466202616691589,0.1224818229675293,-0.00043207406997680664
0,31,task_031,paraphrase_impl,paraphrase,1,random,0,-1.0,-0.9328104853630066,-0.709790050983429,0.22302043437957764,0.0028174519538879395
0,35,task_035,canonical_test,canonical,0,random,0,-1.0,-1.277728796005249,-1.0738898515701294,0.20383894443511963,0.0018280744552612305
0,35,task_035,canonical_impl,canonical,1,random,0,-1.0,-1.2704110145568848,-0.9415447115898132,0.32886630296707153,0.014569342136383057
0,35,task_035,paraphrase_test,paraphrase,0,random,0,-1.0,-1.3459371328353882,-1.037420630455017,0.3085165023803711,-0.00016772747039794922
0,35,task_035,paraphrase_impl,paraphrase,1,random,0,-1.0,-1.3017268180847168,-0.8808351755142212,0.4208916425704956,0.001750946044921875
0,39,task_039,canonical_test,canonical,0,random,0,-1.0,-1.3406569957733154,-1.0822913646697998,0.2583656311035156,0.00025534629821777344
0,39,task_039,canonical_impl,canonical,1,random,0,-1.0,-1.4309256076812744,-0.9222109913825989,0.5087146162986755,0.0008319616317749023
0,39,task_039,paraphrase_test,paraphrase,0,random,0,-1.0,-1.3809555768966675,-0.9890520572662354,0.39190351963043213,-0.0001710057258605957
0,39,task_039,paraphrase_impl,paraphrase,1,random,0,-1.0,-1.6289033889770508,-0.9363288283348083,0.6925745606422424,0.010616719722747803
0,43,task_043,canonical_test,canonical,0,random,0,-1.0,-0.9611718654632568,-0.8856979012489319,0.07547396421432495,-0.005564570426940918
0,43,task_043,canonical_impl,canonical,1,random,0,-1.0,-0.9369951486587524,-0.6908641457557678,0.24613100290298462,0.0003132820129394531
0,43,task_043,paraphrase_test,paraphrase,0,random,0,-1.0,-0.9699426889419556,-0.8615890741348267,0.1083536148071289,-0.007356166839599609
0,43,task_043,paraphrase_impl,paraphrase,1,random,0,-1.0,-0.9743713736534119,-0.7096565365791321,0.2647148370742798,0.009945392608642578
0,47,task_047,canonical_test,canonical,0,random,0,-1.0,-1.28312087059021,-1.094581127166748,0.18853974342346191,-0.0036197900772094727
0,47,task_047,canonical_impl,canonical,1,random,0,-1.0,-1.2503609657287598,-0.9370926022529602,0.31326836347579956,0.0038753151893615723
0,47,task_047,paraphrase_test,paraphrase,0,random,0,-1.0,-1.3344085216522217,-1.031303882598877,0.3031046390533447,0.0005027055740356445
0,47,task_047,paraphrase_impl,paraphrase,1,random,0,-1.0,-1.2516047954559326,-0.847493052482605,0.40411174297332764,-0.00011038780212402344
0,3,task_003,canonical_test,canonical,0,random,0,1.0,-1.2770426273345947,-1.0347979068756104,0.24224472045898438,-0.002398252487182617
0,3,task_003,canonical_impl,canonical,1,random,0,1.0,-1.4108489751815796,-0.9001914262771606,0.510657548904419,0.003733336925506592
0,3,task_003,paraphrase_test,paraphrase,0,random,0,1.0,-1.3533830642700195,-0.9840258359909058,0.36935722827911377,0.008898437023162842
0,3,task_003,paraphrase_impl,paraphrase,1,random,0,1.0,-1.504321575164795,-0.9070225954055786,0.5972989797592163,0.00205916166305542
0,7,task_007,canonical_test,canonical,0,random,0,1.0,-0.9398009777069092,-0.8353176116943359,0.10448336601257324,-0.0022986531257629395
0,7,task_007,canonical_impl,canonical,1,random,0,1.0,-0.9516801834106445,-0.6650822162628174,0.28659796714782715,-0.007831573486328125
0,7,task_007,paraphrase_test,paraphrase,0,random,0,1.0,-0.9565082788467407,-0.8372213840484619,0.11928689479827881,-0.007652580738067627
0,7,task_007,paraphrase_impl,paraphrase,1,random,0,1.0,-0.9397656321525574,-0.6850982308387756,0.25466740131378174,-0.0014458894729614258
0,11,task_011,canonical_test,canonical,0,random,0,1.0,-1.292881727218628,-1.061503529548645,0.2313781976699829,0.002802133560180664
0,11,task_011,canonical_impl,canonical,1,random,0,1.0,-1.291957139968872,-0.9346334934234619,0.35732364654541016,-0.012912571430206299
0,11,task_011,paraphrase_test,paraphrase,0,random,0,1.0,-1.436752200126648,-1.0919386148452759,0.34481358528137207,0.001968979835510254
0,11,task_011,paraphrase_impl,paraphrase,1,random,0,1.0,-1.4201329946517944,-0.9406557083129883,0.47947728633880615,0.0050844550132751465
0,15,task_015,canonical_test,canonical,0,random,0,1.0,-1.3230998516082764,-1.0481905937194824,0.27490925788879395,-0.007773160934448242
0,15,task_015,canonical_impl,canonical,1,random,0,1.0,-1.5189311504364014,-0.9474647641181946,0.5714663863182068,-0.00925135612487793
0,15,task_015,paraphrase_test,paraphrase,0,random,0,1.0,-1.4033130407333374,-0.9832410216331482,0.4200720191001892,0.0024042129516601562
0,15,task_015,paraphrase_impl,paraphrase,1,random,0,1.0,-1.5726418495178223,-0.9409459829330444,0.6316958665847778,0.003881216049194336
0,19,task_019,canonical_test,canonical,0,random,0,1.0,-0.9630900621414185,-0.8426759839057922,0.12041407823562622,0.006729781627655029
0,19,task_019,canonical_impl,canonical,1,random,0,1.0,-0.9282936453819275,-0.633243978023529,0.29504966735839844,-0.0016091465950012207
0,19,task_019,paraphrase_test,paraphrase,0,random,0,1.0,-0.9712533950805664,-0.8328079581260681,0.1384454369544983,-0.00039887428283691406
0,19,task_019,paraphrase_impl,paraphrase,1,random,0,1.0,-0.97487473487854,-0.6951110363006592,0.27976369857788086,0.0013965964317321777
0,23,task_023,canonical_test,canonical,0,random,0,1.0,-1.2770293951034546,-1.0976837873458862,0.17934560775756836,0.009697556495666504
0,23,task_023,canonical_impl,canonical,1,random,0,1.0,-1.2377159595489502,-0.9355344176292419,0.30218154191970825,0.001077115535736084
0,23,task_023,paraphrase_test,paraphrase,0,random,0,1.0,-1.3386335372924805,-1.0416646003723145,0.296968936920166,0.001183152198791504
0,23,task_023,paraphrase_impl,paraphrase,1,random,0,1.0,-1.2566620111465454,-0.8585453629493713,0.3981166481971741,-0.0030634403228759766
0,27,task_027,canonical_test,canonical,0,random,0,1.0,-1.2725986242294312,-1.0187195539474487,0.2538790702819824,-0.003998875617980957
0,27,task_027,canonical_impl,canonical,1,random,0,1.0,-1.418945074081421,-0.8919804692268372,0.5269646048545837,-0.0017560124397277832
0,27,task_027,paraphrase_test,paraphrase,0,random,0,1.0,-1.3550069332122803,-0.9707931280136108,0.38421380519866943,-0.006443500518798828
0,27,task_027,paraphrase_impl,paraphrase,1,random,0,1.0,-1.5360691547393799,-0.9000175595283508,0.636051595211029,-0.007761597633361816
0,31,task_031,canonical_test,canonical,0,random,0,1.0,-0.9239367842674255,-0.846111536026001,0.07782524824142456,-0.001119852066040039
0,31,task_031,canonical_impl,canonical,1,random,0,1.0,-0.9145088195800781,-0.683297872543335,0.23121094703674316,-0.011219620704650879
0,31,task_031,paraphrase_test,paraphrase,0,random,0,1.0,-0.9671362638473511,-0.8524458408355713,0.11469042301177979,-0.008223474025726318
0,31,task_031,paraphrase_impl,paraphrase,1,random,0,1.0,-0.9285954833030701,-0.706813633441925,0.22178184986114502,0.0015788674354553223
0,35,task_035,canonical_test,canonical,0,random,0,1.0,-1.2591103315353394,-1.0607411861419678,0.19836914539337158,-0.0036417245864868164
0,35,task_035,canonical_impl,canonical,1,random,0,1.0,-1.2497642040252686,-0.934402346611023,0.3153618574142456,0.001064896583557129
0,35,task_035,paraphrase_test,paraphrase,0,random,0,1.0,-1.3385515213012695,-1.0328611135482788,0.3056904077529907,-0.0029938220977783203
0,35,task_035,paraphrase_impl,paraphrase,1,random,0,1.0,-1.295585036277771,-0.8843326568603516,0.41125237941741943,-0.007888317108154297
0,39,task_039,canonical_test,canonical,0,random,0,1.0,-1.31993567943573,-1.0681045055389404,0.25183117389678955,-0.006279110908508301
0,39,task_039,canonical_impl,canonical,1,random,0,1.0,-1.4147528409957886,-0.9114541411399841,0.5032986998558044,-0.004583954811096191
0,39,task_039,paraphrase_test,paraphrase,0,random,0,1.0,-1.3862130641937256,-0.9856213927268982,0.4005916714668274,0.008517146110534668
0,39,task_039,paraphrase_impl,paraphrase,1,random,0,1.0,-1.6239116191864014,-0.9328194856643677,0.6910921335220337,0.009134292602539062
0,43,task_043,canonical_test,canonical,0,random,0,1.0,-0.9558865427970886,-0.8749558925628662,0.08093065023422241,-0.00010788440704345703
0,43,task_043,canonical_impl,canonical,1,random,0,1.0,-0.9369246959686279,-0.6909757256507874,0.24594897031784058,0.00013124942779541016
0,43,task_043,paraphrase_test,paraphrase,0,random,0,1.0,-0.9705519080162048,-0.8548265099525452,0.11572539806365967,1.5616416931152344e-05
0,43,task_043,paraphrase_impl,paraphrase,1,random,0,1.0,-0.9655701518058777,-0.7108084559440613,0.2547616958618164,-7.748603820800781e-06
0,47,task_047,canonical_test,canonical,0,random,0,1.0,-1.2778128385543823,-1.0924099683761597,0.18540287017822266,-0.0067566633224487305
0,47,task_047,canonical_impl,canonical,1,random,0,1.0,-1.2249579429626465,-0.9200454354286194,0.3049125075340271,-0.004480540752410889
0,47,task_047,paraphrase_test,paraphrase,0,random,0,1.0,-1.3359731435775757,-1.032373070716858,0.3036000728607178,0.0009981393814086914
0,47,task_047,paraphrase_impl,paraphrase,1,random,0,1.0,-1.2568833827972412,-0.8519707918167114,0.4049125909805298,0.000690460205078125
0,3,task_003,canonical_test,canonical,0,random,1,-1.0,-1.2994577884674072,-1.0500935316085815,0.24936425685882568,0.004721283912658691
0,3,task_003,canonical_impl,canonical,1,random,1,-1.0,-1.4209067821502686,-0.9069541096687317,0.5139526724815369,0.007028460502624512
0,3,task_003,paraphrase_test,paraphrase,0,random,1,-1.0,-1.3497216701507568,-0.9817338585853577,0.36798781156539917,0.007529020309448242
0,3,task_003,paraphrase_impl,paraphrase,1,random,1,-1.0,-1.50413179397583,-0.9069234132766724,0.5972083806991577,0.001968562602996826
0,7,task_007,canonical_test,canonical,0,random,1,-1.0,-0.9513589143753052,-0.8429805636405945,0.1083783507347107,0.0015963315963745117
0,7,task_007,canonical_impl,canonical,1,random,1,-1.0,-0.9518187046051025,-0.665181040763855,0.28663766384124756,-0.007791876792907715
0,7,task_007,paraphrase_test,paraphrase,0,random,1,-1.0,-0.9452788829803467,-0.8292737603187561,0.11600512266159058,-0.01093435287475586
0,7,task_007,paraphrase_impl,paraphrase,1,random,1,-1.0,-0.9449360370635986,-0.6887410879135132,0.25619494915008545,8.165836334228516e-05
0,11,task_011,canonical_test,canonical,0,random,1,-1.0,-1.2816033363342285,-1.0543874502182007,0.22721588611602783,-0.001360177993774414
0,11,task_011,canonical_impl,canonical,1,random,1,-1.0,-1.3089113235473633,-0.9466046690940857,0.3623066544532776,-0.007929563522338867
0,11,task_011,paraphrase_test,paraphrase,0,random,1,-1.0,-1.4345273971557617,-1.0837202072143555,0.35080718994140625,0.007962584495544434
0,11,task_011,paraphrase_impl,paraphrase,1,random,1,-1.0,-1.4186986684799194,-0.9402951002120972,0.47840356826782227,0.00401073694229126
0,15,task_015,canonical_test,canonical,0,random,1,-1.0,-1.3400864601135254,-1.052753210067749,0.28733325004577637,0.00465083122253418
0,15,task_015,canonical_impl,canonical,1,random,1,-1.0,-1.5295543670654297,-0.9475587010383606,0.5819956660270691,0.001277923583984375
0,15,task_015,paraphrase_test,paraphrase,0,random,1,-1.0,-1.3880265951156616,-0.9723995327949524,0.41562706232070923,-0.0020407438278198242
0,15,task_015,paraphrase_impl,paraphrase,1,random,1,-1.0,-1.5853732824325562,-0.9425848722457886,0.6427884101867676,0.014973759651184082
0,19,task_019,canonical_test,canonical,0,random,1,-1.0,-0.96344393491745,-0.8426132202148438,0.1208307147026062,0.00714641809463501
0,19,task_019,canonical_impl,canonical,1,random,1,-1.0,-0.943240761756897,-0.6436569690704346,0.2995837926864624,0.002924978733062744
0,19,task_019,paraphrase_test,paraphrase,0,random,1,-1.0,-0.9671339988708496,-0.830008327960968,0.1371256709098816,-0.0017186403274536133
0,19,task_019,paraphrase_impl,paraphrase,1,random,1,-1.0,-0.9792172312736511,-0.6981720328330994,0.28104519844055176,0.002678096294403076
0,23,task_023,canonical_test,canonical,0,random,1,-1.0,-1.2672713994979858,-1.0981532335281372,0.16911816596984863,-0.0005298852920532227
0,23,task_023,canonical_impl,canonical,1,random,1,-1.0,-1.2349612712860107,-0.9332840442657471,0.30167722702026367,0.0005728006362915039
0,23,task_023,paraphrase_test,paraphrase,0,random,1,-1.0,-1.3336080312728882,-1.0371928215026855,0.29641520977020264,0.000629425048828125
0,23,task_023,paraphrase_impl,paraphrase,1,random,1,-1.0,-1.2609270811080933,-0.8607061505317688,0.40022093057632446,-0.0009591579437255859
0,27,task_027,canonical_test,canonical,0,random,1,-1.0,-1.2804522514343262,-1.0242892503738403,0.25616300106048584,-0.001714944839477539
0,27,task_027,canonical_impl,canonical,1,random,1,-1.0,-1.4323415756225586,-0.9014602303504944,0.5308813452720642,0.0021607279777526855
0,27,task_027,paraphrase_test,paraphrase,0,random,1,-1.0,-1.3450915813446045,-0.9637413024902344,0.3813502788543701,-0.009307026863098145
0,27,task_027,paraphrase_impl,paraphrase,1,random,1,-1.0,-1.5355744361877441,-0.8997439742088318,0.6358304619789124,-0.007982730865478516
0,31,task_031,canonical_test,canonical,0,random,1,-1.0,-0.9289405345916748,-0.8498462438583374,0.0790942907333374,0.00014919042587280273
0,31,task_031,canonical_impl,canonical,1,random,1,-1.0,-0.93294757604599,-0.6886812448501587,0.2442663311958313,0.0018357634544372559
0,31,task_031,paraphrase_test,paraphrase,0,random,1,-1.0,-0.9680083990097046,-0.8532028198242188,0.11480557918548584,-0.008108317852020264
0,31,task_031,paraphrase_impl,paraphrase,1,random,1,-1.0,-0.9305049180984497,-0.7008119225502014,0.2296929955482483,0.009490013122558594
0,35,task_035,canonical_test,canonical,0,random,1,-1.0,-1.2825641632080078,-1.0764375925064087,0.20612657070159912,0.004115700721740723
0,35,task_035,canonical_impl,canonical,1,random,1,-1.0,-1.254098892211914,-0.9382129311561584,0.3158859610557556,0.0015890002250671387
0,35,task_035,paraphrase_test,paraphrase,0,random,1,-1.0,-1.3403209447860718,-1.0341306924819946,0.30619025230407715,-0.0024939775466918945
0,35,task_035,paraphrase_impl,paraphrase,1,random,1,-1.0,-1.3036561012268066,-0.8821949362754822,0.42146116495132446,0.0023204684257507324
0,39,task_039,canonical_test,canonical,0,random,1,-1.0,-1.325655460357666,-1.071720838546753,0.2539346218109131,-0.004175662994384766
0,39,task_039,canonical_impl,canonical,1,random,1,-1.0,-1.4341294765472412,-0.92441725730896,0.5097122192382812,0.0018295645713806152
0,39,task_039,paraphrase_test,paraphrase,0,random,1,-1.0,-1.378563642501831,-0.9878442287445068,0.3907194137573242,-0.0013551115989685059
0,39,task_039,paraphrase_impl,paraphrase,1,random,1,-1.0,-1.6345734596252441,-0.9329877495765686,0.7015857100486755,0.019627869129180908
0,43,task_043,canonical_test,canonical,0,random,1,-1.0,-0.9499244093894958,-0.8703930377960205,0.07953137159347534,-0.0015071630477905273
0,43,task_043,canonical_impl,canonical,1,random,1,-1.0,-0.9422051310539246,-0.6945432424545288,0.24766188859939575,0.001844167709350586
0,43,task_043,paraphrase_test,paraphrase,0,random,1,-1.0,-0.9702792167663574,-0.8545939326286316,0.11568528413772583,-2.4497509002685547e-05
0,43,task_043,paraphrase_impl,paraphrase,1,random,1,-1.0,-0.9704369306564331,-0.7141721248626709,0.2562648057937622,0.001495361328125
0,47,task_047,canonical_test,canonical,0,random,1,-1.0,-1.298473834991455,-1.105414628982544,0.19305920600891113,0.0008996725082397461
0,47,task_047,canonical_impl,canonical,1,random,1,-1.0,-1.2445673942565918,-0.9330384731292725,0.31152892112731934,0.0021358728408813477
0,47,task_047,paraphrase_test,paraphrase,0,random,1,-1.0,-1.3298264741897583,-1.0271128416061401,0.30271363258361816,0.00011169910430908203
0,47,task_047,paraphrase_impl,paraphrase,1,random,1,-1.0,-1.2515954971313477,-0.8474887609481812,0.4041067361831665,-0.00011539459228515625
0,3,task_003,canonical_test,canonical,0,random,1,1.0,-1.2865190505981445,-1.04192316532135,0.24459588527679443,-4.7087669372558594e-05
0,3,task_003,canonical_impl,canonical,1,random,1,1.0,-1.416873812675476,-0.8970380425453186,0.5198357701301575,0.012911558151245117
0,3,task_003,paraphrase_test,paraphrase,0,random,1,1.0,-1.3336520195007324,-0.9775399565696716,0.3561120629310608,-0.004346728324890137
0,3,task_003,paraphrase_impl,paraphrase,1,random,1,1.0,-1.5046412944793701,-0.9073046445846558,0.5973366498947144,0.002096831798553467
0,7,task_007,canonical_test,canonical,0,random,1,1.0,-0.9401637315750122,-0.8348600268363953,0.10530370473861694,-0.0014783143997192383
0,7,task_007,canonical_impl,canonical,1,random,1,1.0,-0.9411427974700928,-0.657463550567627,0.2836792469024658,-0.010750293731689453
0,7,task_007,paraphrase_test,paraphrase,0,random,1,1.0,-0.942344069480896,-0.827078104019165,0.11526596546173096,-0.011673510074615479
0,7,task_007,paraphrase_impl,paraphrase,1,random,1,1.0,-0.934705913066864,-0.6816019415855408,0.25310397148132324,-0.003009319305419922
0,11,task_011,canonical_test,canonical,0,random,1,1.0,-1.2860291004180908,-1.0574829578399658,0.228546142578125,-2.9921531677246094e-05
0,11,task_011,canonical_impl,canonical,1,random,1,1.0,-1.2925350666046143,-0.9268417358398438,0.3656933307647705,-0.004542887210845947
0,11,task_011,paraphrase_test,paraphrase,0,random,1,1.0,-1.4257549047470093,-1.0848610401153564,0.34089386463165283,-0.0019507408142089844
0,11,task_011,paraphrase_impl,paraphrase,1,random,1,1.0,-1.4056386947631836,-0.9381526112556458,0.46748608350753784,-0.006906747817993164
0,15,task_015,canonical_test,canonical,0,random,1,1.0,-1.3259851932525635,-1.0439257621765137,0.2820594310760498,-0.0006229877471923828
0,15,task_015,canonical_impl,canonical,1,random,1,1.0,-1.5253561735153198,-0.9445817470550537,0.5807744264602661,5.6684017181396484e-05
0,15,task_015,paraphrase_test,paraphrase,0,random,1,1.0,-1.3954427242279053,-0.9776789546012878,0.41776376962661743,9.59634780883789e-05
0,15,task_015,paraphrase_impl,paraphrase,1,random,1,1.0,-1.5680650472640991,-0.9376248717308044,0.6304401755332947,0.0026255249977111816
0,19,task_019,canonical_test,canonical,0,random,1,1.0,-0.9738308787345886,-0.8573026061058044,0.11652827262878418,0.0028439760208129883
0,19,task_019,canonical_impl,canonical,1,random,1,1.0,-0.9268290996551514,-0.6395592093467712,0.2872698903083801,-0.009388923645019531
0,19,task_019,paraphrase_test,paraphrase,0,random,1,1.0,-0.9652719497680664,-0.8359375596046448,0.12933439016342163,-0.009509921073913574
0,19,task_019,paraphrase_impl,paraphrase,1,random,1,1.0,-0.9697058200836182,-0.6914026737213135,0.2783031463623047,-6.395578384399414e-05
0,23,task_023,canonical_test,canonical,0,random,1,1.0,-1.2708735466003418,-1.0933430194854736,0.17753052711486816,0.007882475852966309
0,23,task_023,canonical_impl,canonical,1,random,1,1.0,-1.2306325435638428,-0.9232444167137146,0.3073881268501282,0.006283700466156006
0,23,task_023,paraphrase_test,paraphrase,0,random,1,1.0,-1.3339643478393555,-1.038365125656128,0.29559922218322754,-0.00018656253814697266
0,23,task_023,paraphrase_impl,paraphrase,1,random,1,1.0,-1.2652146816253662,-0.8644900918006897,0.4007245898246765,-0.00045549869537353516
0,27,task_027,canonical_test,canonical,0,random,1,1.0,-1.283076286315918,-1.026160478591919,0.256915807723999,-0.0009621381759643555
0,27,task_027,canonical_impl,canonical,1,random,1,1.0,-1.4184112548828125,-0.8916329145431519,0.5267783403396606,-0.001942276954650879
0,27,task_027,paraphrase_test,paraphrase,0,random,1,1.0,-1.3522862195968628,-0.9689902067184448,0.38329601287841797,-0.007361292839050293
0,27,task_027,paraphrase_impl,paraphrase,1,random,1,1.0,-1.5302772521972656,-0.8959272503852844,0.6343500018119812,-0.009463191032409668
0,31,task_031,canonical_test,canonical,0,random,1,1.0,-0.9236237406730652,-0.8460708260536194,0.0775529146194458,-0.0013921856880187988
0,31,task_031,canonical_impl,canonical,1,random,1,1.0,-0.9226779937744141,-0.6815258860588074,0.2411521077156067,-0.0012784600257873535
0,31,task_031,paraphrase_test,paraphrase,0,random,1,1.0,-0.9701789617538452,-0.8472439050674438,0.12293505668640137,2.1159648895263672e-05
0,31,task_031,paraphrase_impl,paraphrase,1,random,1,1.0,-0.9233261346817017,-0.7030978798866272,0.22022825479507446,2.5272369384765625e-05
0,35,task_035,canonical_test,canonical,0,random,1,1.0,-1.2663347721099854,-1.0649940967559814,0.2013406753540039,-0.0006701946258544922
0,35,task_035,canonical_impl,canonical,1,random,1,1.0,-1.2534821033477783,-0.9369361400604248,0.3165459632873535,0.002249002456665039
0,35,task_035,paraphrase_test,paraphrase,0,random,1,1.0,-1.336193561553955,-1.0319616794586182,0.3042318820953369,-0.004452347755432129
0,35,task_035,paraphrase_impl,paraphrase,1,random,1,1.0,-1.3044304847717285,-0.8899834156036377,0.4144470691680908,-0.00469362735748291
0,39,task_039,canonical_test,canonical,0,random,1,1.0,-1.330918312072754,-1.0749036073684692,0.25601470470428467,-0.0020955801010131836
0,39,task_039,canonical_impl,canonical,1,random,1,1.0,-1.4285391569137573,-0.9211145043373108,0.5074246525764465,-0.00045800209045410156
0,39,task_039,paraphrase_test,paraphrase,0,random,1,1.0,-1.3845412731170654,-0.9917951226234436,0.3927461504936218,0.0006716251373291016
0,39,task_039,paraphrase_impl,paraphrase,1,random,1,1.0,-1.624984622001648,-0.9336848855018616,0.6912997364997864,0.009341895580291748
0,43,task_043,canonical_test,canonical,0,random,1,1.0,-0.9560326337814331,-0.8745231032371521,0.081509530544281,0.0004709959030151367
0,43,task_043,canonical_impl,canonical,1,random,1,1.0,-0.9315669536590576,-0.6871975660324097,0.24436938762664795,-0.0014483332633972168
0,43,task_043,paraphrase_test,paraphrase,0,random,1,1.0,-0.9702658653259277,-0.8618041276931763,0.10846173763275146,-0.007248044013977051
0,43,task_043,paraphrase_impl,paraphrase,1,random,1,1.0,-0.9570829272270203,-0.7047811150550842,0.25230181217193604,-0.002467632293701172
0,47,task_047,canonical_test,canonical,0,random,1,1.0,-1.2892978191375732,-1.0978635549545288,0.19143426418304443,-0.0007252693176269531
0,47,task_047,canonical_impl,canonical,1,random,1,1.0,-1.2346638441085815,-0.9260506629943848,0.3086131811141968,-0.0007798671722412109
0,47,task_047,paraphrase_test,paraphrase,0,random,1,1.0,-1.3342657089233398,-1.0385171175003052,0.29574859142303467,-0.006853342056274414
0,47,task_047,paraphrase_impl,paraphrase,1,random,1,1.0,-1.2515040636062622,-0.8481675386428833,0.4033365249633789,-0.0008856058120727539
0,3,task_003,canonical_test,canonical,0,random,2,-1.0,-1.2930904626846313,-1.046444058418274,0.24664640426635742,0.0020034313201904297
0,3,task_003,canonical_impl,canonical,1,random,2,-1.0,-1.4000972509384155,-0.8929290175437927,0.5071682333946228,0.00024402141571044922
0,3,task_003,paraphrase_test,paraphrase,0,random,2,-1.0,-1.3419957160949707,-0.9761160612106323,0.3658796548843384,0.005420863628387451
0,3,task_003,paraphrase_impl,paraphrase,1,random,2,-1.0,-1.5107126235961914,-0.9115692377090454,0.599143385887146,0.0039035677909851074
0,7,task_007,canonical_test,canonical,0,random,2,-1.0,-0.9503979086875916,-0.8420842289924622,0.1083136796951294,0.0015316605567932129
0,7,task_007,canonical_impl,canonical,1,random,2,-1.0,-0.9417487978935242,-0.6576566696166992,0.28409212827682495,-0.010337412357330322
0,7,task_007,paraphrase_test,paraphrase,0,random,2,-1.0,-0.9471971392631531,-0.8232932090759277,0.12390393018722534,-0.0030355453491210938
0,7,task_007,paraphrase_impl,paraphrase,1,random,2,-1.0,-0.9449005126953125,-0.6888035535812378,0.2560969591140747,-1.633167266845703e-05
0,11,task_011,canonical_test,canonical,0,random,2,-1.0,-1.2787985801696777,-1.0523951053619385,0.22640347480773926,-0.0021725893020629883
0,11,task_011,canonical_impl,canonical,1,random,2,-1.0,-1.2999005317687988,-0.9402139186859131,0.35968661308288574,-0.010549604892730713
0,11,task_011,paraphrase_test,paraphrase,0,random,2,-1.0,-1.4429978132247925,-1.0963702201843262,0.3466275930404663,0.003782987594604492
0,11,task_011,paraphrase_impl,paraphrase,1,random,2,-1.0,-1.4167840480804443,-0.938113272190094,0.47867077589035034,0.004277944564819336
0,15,task_015,canonical_test,canonical,0,random,2,-1.0,-1.3225314617156982,-1.0477173328399658,0.2748141288757324,-0.007868289947509766
0,15,task_015,canonical_impl,canonical,1,random,2,-1.0,-1.5039632320404053,-0.9374247193336487,0.5665385127067566,-0.014179229736328125
0,15,task_015,paraphrase_test,paraphrase,0,random,2,-1.0,-1.3849071264266968,-0.9775923490524292,0.4073147773742676,-0.010353028774261475
0,15,task_015,paraphrase_impl,paraphrase,1,random,2,-1.0,-1.5737154483795166,-0.9417180418968201,0.6319974064826965,0.004182755947113037
0,19,task_019,canonical_test,canonical,0,random,2,-1.0,-0.9727412462234497,-0.8568419218063354,0.11589932441711426,0.0022150278091430664
0,19,task_019,canonical_impl,canonical,1,random,2,-1.0,-0.9333917498588562,-0.6367037296295166,0.2966880202293396,2.9206275939941406e-05
0,19,task_019,paraphrase_test,paraphrase,0,random,2,-1.0,-0.9711892008781433,-0.8327662944793701,0.1384229063987732,-0.0004214048385620117
0,19,task_019,paraphrase_impl,paraphrase,1,random,2,-1.0,-0.9744469523429871,-0.7022013664245605,0.2722455859184265,-0.006121516227722168
0,23,task_023,canonical_test,canonical,0,random,2,-1.0,-1.272953987121582,-1.0947829484939575,0.1781710386276245,0.008522987365722656
0,23,task_023,canonical_impl,canonical,1,random,2,-1.0,-1.22549569606781,-0.9277541041374207,0.2977415919303894,-0.0033628344535827637
0,23,task_023,paraphrase_test,paraphrase,0,random,2,-1.0,-1.3462117910385132,-1.046091079711914,0.3001207113265991,0.004334926605224609
0,23,task_023,paraphrase_impl,paraphrase,1,random,2,-1.0,-1.2666313648223877,-0.8647487759590149,0.4018825888633728,0.0007025003433227539
0,27,task_027,canonical_test,canonical,0,random,2,-1.0,-1.288955569267273,-1.0302633047103882,0.25869226455688477,0.0008143186569213867
0,27,task_027,canonical_impl,canonical,1,random,2,-1.0,-1.420395851135254,-0.8925184011459351,0.5278774499893188,-0.0008431673049926758
0,27,task_027,paraphrase_test,paraphrase,0,random,2,-1.0,-1.3505046367645264,-0.9602022767066956,0.3903023600578308,-0.00035494565963745117
0,27,task_027,paraphrase_impl,paraphrase,1,random,2,-1.0,-1.5375821590423584,-0.9011619687080383,0.6364201903343201,-0.007393002510070801
0,31,task_031,canonical_test,canonical,0,random,2,-1.0,-0.929344117641449,-0.8430939316749573,0.0862501859664917,0.0073050856590271
0,31,task_031,canonical_impl,canonical,1,random,2,-1.0,-0.9225103855133057,-0.6815937757492065,0.24091660976409912,-0.0015139579772949219
0,31,task_031,paraphrase_test,paraphrase,0,random,2,-1.0,-0.9751232862472534,-0.8508715629577637,0.12425172328948975,0.0013378262519836426
0,31,task_031,paraphrase_impl,paraphrase,1,random,2,-1.0,-0.9307764768600464,-0.7011066675186157,0.22966980934143066,0.009466826915740967
0,35,task_035,canonical_test,canonical,0,random,2,-1.0,-1.2725577354431152,-1.0702288150787354,0.20232892036437988,0.0003180503845214844
0,35,task_035,canonical_impl,canonical,1,random,2,-1.0,-1.253820538520813,-0.938020646572113,0.31579989194869995,0.0015029311180114746
0,35,task_035,paraphrase_test,paraphrase,0,random,2,-1.0,-1.3432741165161133,-1.036225438117981,0.3070486783981323,-0.0016355514526367188
0,35,task_035,paraphrase_impl,paraphrase,1,random,2,-1.0,-1.303430199623108,-0.8898677229881287,0.41356247663497925,-0.005578219890594482
0,39,task_039,canonical_test,canonical,0,random,2,-1.0,-1.3278021812438965,-1.0810800790786743,0.24672210216522217,-0.011388182640075684
0,39,task_039,canonical_impl,canonical,1,random,2,-1.0,-1.425492286682129,-0.9183320999145508,0.5071601867675781,-0.0007224678993225098
0,39,task_039,paraphrase_test,paraphrase,0,random,2,-1.0,-1.3832510709762573,-0.9908270239830017,0.3924240469932556,0.0003495216369628906
0,39,task_039,paraphrase_impl,paraphrase,1,random,2,-1.0,-1.624237060546875,-0.9330466985702515,0.6911903619766235,0.009232521057128906
0,43,task_043,canonical_test,canonical,0,random,2,-1.0,-0.9514765739440918,-0.8718284368515015,0.07964813709259033,-0.0013903975486755371
0,43,task_043,canonical_impl,canonical,1,random,2,-1.0,-0.9367719888687134,-0.6907064914703369,0.24606549739837646,0.00024777650833129883
0,43,task_043,paraphrase_test,paraphrase,0,random,2,-1.0,-0.9751746654510498,-0.8580896258354187,0.1170850396156311,0.0013752579689025879
0,43,task_043,paraphrase_impl,paraphrase,1,random,2,-1.0,-0.9655691385269165,-0.7108060717582703,0.25476306676864624,-6.377696990966797e-06
0,47,task_047,canonical_test,canonical,0,random,2,-1.0,-1.2945020198822021,-1.1025593280792236,0.19194269180297852,-0.0002168416976928711
0,47,task_047,canonical_impl,canonical,1,random,2,-1.0,-1.241140604019165,-0.9314360022544861,0.30970460176467896,0.0003115534782409668
0,47,task_047,paraphrase_test,paraphrase,0,random,2,-1.0,-1.325838327407837,-1.0242927074432373,0.3015456199645996,-0.0010563135147094727
0,47,task_047,paraphrase_impl,paraphrase,1,random,2,-1.0,-1.2629857063293457,-0.8548609614372253,0.40812474489212036,0.003902614116668701
0,3,task_003,canonical_test,canonical,0,random,2,1.0,-1.2811334133148193,-1.0381299257278442,0.2430034875869751,-0.0016394853591918945
0,3,task_003,canonical_impl,canonical,1,random,2,1.0,-1.4004067182540894,-0.8928211331367493,0.5075855851173401,0.0006613731384277344
0,3,task_003,paraphrase_test,paraphrase,0,random,2,1.0,-1.352386474609375,-0.9835003018379211,0.36888617277145386,0.00842738151550293
0,3,task_003,paraphrase_impl,paraphrase,1,random,2,1.0,-1.4962880611419678,-0.9014507532119751,0.5948373079299927,-0.0004025101661682129
0,7,task_007,canonical_test,canonical,0,random,2,1.0,-0.9451152086257935,-0.8457264304161072,0.09938877820968628,-0.007393240928649902
0,7,task_007,canonical_impl,canonical,1,random,2,1.0,-0.9464026689529419,-0.6613516211509705,0.28505104780197144,-0.009378492832183838
0,7,task_007,paraphrase_test,paraphrase,0,random,2,1.0,-0.951323926448822,-0.8333776593208313,0.11794626712799072,-0.008993208408355713
0,7,task_007,paraphrase_impl,paraphrase,1,random,2,1.0,-0.9311370849609375,-0.686435878276825,0.24470120668411255,-0.011412084102630615
0,11,task_011,canonical_test,canonical,0,random,2,1.0,-1.2901115417480469,-1.060378074645996,0.22973346710205078,0.0011574029922485352
0,11,task_011,canonical_impl,canonical,1,random,2,1.0,-1.2964582443237305,-0.9377910494804382,0.35866719484329224,-0.011569023132324219
0,11,task_011,paraphrase_test,paraphrase,0,random,2,1.0,-1.4311012029647827,-1.0805917978286743,0.3505094051361084,0.007664799690246582
0,11,task_011,paraphrase_impl,paraphrase,1,random,2,1.0,-1.4045090675354004,-0.9373263120651245,0.4671827554702759,-0.007210075855255127
0,15,task_015,canonical_test,canonical,0,random,2,1.0,-1.3241740465164185,-1.0489764213562012,0.2751976251602173,-0.007484793663024902
0,15,task_015,canonical_impl,canonical,1,random,2,1.0,-1.5243031978607178,-0.9444132447242737,0.5798899531364441,-0.000827789306640625
0,15,task_015,paraphrase_test,paraphrase,0,random,2,1.0,-1.3956960439682007,-0.9778507351875305,0.41784530878067017,0.00017750263214111328
0,15,task_015,paraphrase_impl,paraphrase,1,random,2,1.0,-1.5615718364715576,-0.9330407977104187,0.6285310387611389,0.0007163882255554199
0,19,task_019,canonical_test,canonical,0,random,2,1.0,-0.9641028642654419,-0.8504371047019958,0.11366575956344604,-1.8537044525146484e-05
0,19,task_019,canonical_impl,canonical,1,random,2,1.0,-0.9373540282249451,-0.6394950747489929,0.29785895347595215,0.0012001395225524902
0,19,task_019,paraphrase_test,paraphrase,0,random,2,1.0,-0.9585615396499634,-0.8238507509231567,0.13471078872680664,-0.0041335225105285645
0,19,task_019,paraphrase_impl,paraphrase,1,random,2,1.0,-0.9696604013442993,-0.6914242506027222,0.27823615074157715,-0.0001309514045715332
0,23,task_023,canonical_test,canonical,0,random,2,1.0,-1.2781081199645996,-1.0984084606170654,0.17969965934753418,0.010051608085632324
0,23,task_023,canonical_impl,canonical,1,random,2,1.0,-1.2345221042633057,-0.9341378808021545,0.3003842234611511,-0.0007202029228210449
0,23,task_023,paraphrase_test,paraphrase,0,random,2,1.0,-1.334607481956482,-1.0369595289230347,0.29764795303344727,0.001862168312072754
0,23,task_023,paraphrase_impl,paraphrase,1,random,2,1.0,-1.2529040575027466,-0.8557756543159485,0.3971284031867981,-0.004051685333251953
0,27,task_027,canonical_test,canonical,0,random,2,1.0,-1.2856625318527222,-1.0275148153305054,0.2581477165222168,0.00026977062225341797
0,27,task_027,canonical_impl,canonical,1,random,2,1.0,-1.4287652969360352,-0.8989277482032776,0.5298375487327576,0.001116931438446045
0,27,task_027,paraphrase_test,paraphrase,0,random,2,1.0,-1.3574718236923218,-0.965173065662384,0.39229875802993774,0.0016414523124694824
0,27,task_027,paraphrase_impl,paraphrase,1,random,2,1.0,-1.525576114654541,-0.8926092386245728,0.6329668760299683,-0.010846316814422607
0,31,task_031,canonical_test,canonical,0,random,2,1.0,-0.9337968826293945,-0.8459229469299316,0.08787393569946289,0.008928835391998291
0,31,task_031,canonical_impl,canonical,1,random,2,1.0,-0.9276211261749268,-0.685204267501831,0.2424168586730957,-1.3709068298339844e-05
0,31,task_031,paraphrase_test,paraphrase,0,random,2,1.0,-0.9693436622619629,-0.8539788722991943,0.11536478996276855,-0.007549107074737549
0,31,task_031,paraphrase_impl,paraphrase,1,random,2,1.0,-0.9281036257743835,-0.7064630389213562,0.22164058685302734,0.0014376044273376465
0,35,task_035,canonical_test,canonical,0,random,2,1.0,-1.2568684816360474,-1.0594464540481567,0.19742202758789062,-0.0045888423919677734
0,35,task_035,canonical_impl,canonical,1,random,2,1.0,-1.251441240310669,-0.9363535642623901,0.3150876760482788,0.000790715217590332
0,35,task_035,paraphrase_test,paraphrase,0,random,2,1.0,-1.3359403610229492,-1.031040906906128,0.3048994541168213,-0.003784775733947754
0,35,task_035,paraphrase_impl,paraphrase,1,random,2,1.0,-1.2975716590881348,-0.8857367634773254,0.4118348956108093,-0.007305800914764404
0,39,task_039,canonical_test,canonical,0,random,2,1.0,-1.33146071434021,-1.075218677520752,0.256242036819458,-0.0018682479858398438
0,39,task_039,canonical_impl,canonical,1,random,2,1.0,-1.4244369268417358,-0.9182108640670776,0.5062260627746582,-0.0016565918922424316
0,39,task_039,paraphrase_test,paraphrase,0,random,2,1.0,-1.3860892057418823,-0.9928869605064392,0.3932022452354431,0.0011277198791503906
0,39,task_039,paraphrase_impl,paraphrase,1,random,2,1.0,-1.623708963394165,-0.9326737523078918,0.6910352110862732,0.009077370166778564
0,43,task_043,canonical_test,canonical,0,random,2,1.0,-0.9562198519706726,-0.874838650226593,0.08138120174407959,0.0003426671028137207
0,43,task_043,canonical_impl,canonical,1,random,2,1.0,-0.9321772456169128,-0.6876326203346252,0.2445446252822876,-0.0012730956077575684
0,43,task_043,paraphrase_test,paraphrase,0,random,2,1.0,-0.9710003137588501,-0.8549829125404358,0.1160174012184143,0.000307619571685791
0,43,task_043,paraphrase_impl,paraphrase,1,random,2,1.0,-0.9607990980148315,-0.7074403762817383,0.25335872173309326,-0.0014107227325439453
0,47,task_047,canonical_test,canonical,0,random,2,1.0,-1.2949445247650146,-1.1045113801956177,0.19043314456939697,-0.001726388931274414
0,47,task_047,canonical_impl,canonical,1,random,2,1.0,-1.2587521076202393,-0.9430436491966248,0.3157084584236145,0.006315410137176514
0,47,task_047,paraphrase_test,paraphrase,0,random,2,1.0,-1.330188274383545,-1.027362585067749,0.3028256893157959,0.0002237558364868164
0,47,task_047,paraphrase_impl,paraphrase,1,random,2,1.0,-1.2464017868041992,-0.8445819616317749,0.4018198251724243,-0.0024023056030273438
0,3,task_003,canonical_test,canonical,0,random,3,-1.0,-1.293441653251648,-1.046376347541809,0.24706530570983887,0.002422332763671875
0,3,task_003,canonical_impl,canonical,1,random,3,-1.0,-1.4068858623504639,-0.8973906636238098,0.509495198726654,0.0025709867477416992
0,3,task_003,paraphrase_test,paraphrase,0,random,3,-1.0,-1.3395366668701172,-0.9742537140846252,0.36528295278549194,0.004824161529541016
0,3,task_003,paraphrase_impl,paraphrase,1,random,3,-1.0,-1.4925531148910522,-0.898772120475769,0.5937809944152832,-0.0014588236808776855
0,7,task_007,canonical_test,canonical,0,random,3,-1.0,-0.9397880434989929,-0.8424742221832275,0.09731382131576538,-0.0094681978225708
0,7,task_007,canonical_impl,canonical,1,random,3,-1.0,-0.9428274631500244,-0.6514893770217896,0.29133808612823486,-0.00309145450592041
0,7,task_007,paraphrase_test,paraphrase,0,random,3,-1.0,-0.9484626054763794,-0.8243492245674133,0.12411338090896606,-0.002826094627380371
0,7,task_007,paraphrase_impl,paraphrase,1,random,3,-1.0,-0.9400524497032166,-0.6853784322738647,0.2546740174293518,-0.0014392733573913574
0,11,task_011,canonical_test,canonical,0,random,3,-1.0,-1.28411865234375,-1.0561788082122803,0.22793984413146973,-0.0006362199783325195
0,11,task_011,canonical_impl,canonical,1,random,3,-1.0,-1.310983419418335,-0.9407155513763428,0.3702678680419922,3.165006637573242e-05
0,11,task_011,paraphrase_test,paraphrase,0,random,3,-1.0,-1.4354422092437744,-1.0843440294265747,0.3510981798171997,0.00825357437133789
0,11,task_011,paraphrase_impl,paraphrase,1,random,3,-1.0,-1.4097065925598145,-0.9410368800163269,0.46866971254348755,-0.005723118782043457
0,15,task_015,canonical_test,canonical,0,random,3,-1.0,-1.3346672058105469,-1.050053358078003,0.28461384773254395,0.0019314289093017578
0,15,task_015,canonical_impl,canonical,1,random,3,-1.0,-1.5159701108932495,-0.9453331232070923,0.5706369876861572,-0.01008075475692749
0,15,task_015,paraphrase_test,paraphrase,0,random,3,-1.0,-1.392002820968628,-0.9752513766288757,0.4167514443397522,-0.0009163618087768555
0,15,task_015,paraphrase_impl,paraphrase,1,random,3,-1.0,-1.5648126602172852,-0.9353257417678833,0.6294869184494019,0.0016722679138183594
0,19,task_019,canonical_test,canonical,0,random,3,-1.0,-0.962718665599823,-0.8497724533081055,0.11294621229171753,-0.0007380843162536621
0,19,task_019,canonical_impl,canonical,1,random,3,-1.0,-0.926841139793396,-0.63942950963974,0.287411630153656,-0.009247183799743652
0,19,task_019,paraphrase_test,paraphrase,0,random,3,-1.0,-0.9676295518875122,-0.8374839425086975,0.1301456093788147,-0.008698701858520508
0,19,task_019,paraphrase_impl,paraphrase,1,random,3,-1.0,-0.9746075868606567,-0.6949710845947266,0.2796365022659302,0.0012694001197814941
0,23,task_023,canonical_test,canonical,0,random,3,-1.0,-1.2760987281799316,-1.0970593690872192,0.1790393590927124,0.009391307830810547
0,23,task_023,canonical_impl,canonical,1,random,3,-1.0,-1.2230552434921265,-0.9260715842247009,0.29698365926742554,-0.004120767116546631
0,23,task_023,paraphrase_test,paraphrase,0,random,3,-1.0,-1.3406857252120972,-1.034830093383789,0.3058556318283081,0.010069847106933594
0,23,task_023,paraphrase_impl,paraphrase,1,random,3,-1.0,-1.2626413106918335,-0.8612431287765503,0.4013981819152832,0.0002180933952331543
0,27,task_027,canonical_test,canonical,0,random,3,-1.0,-1.2818171977996826,-1.0248631238937378,0.2569540739059448,-0.0009238719940185547
0,27,task_027,canonical_impl,canonical,1,random,3,-1.0,-1.4217394590377808,-0.8939707279205322,0.5277687311172485,-0.0009518861770629883
0,27,task_027,paraphrase_test,paraphrase,0,random,3,-1.0,-1.3525221347808838,-0.9691652655601501,0.38335686922073364,-0.007300436496734619
0,27,task_027,paraphrase_impl,paraphrase,1,random,3,-1.0,-1.537433385848999,-0.8936276435852051,0.643805742263794,-7.450580596923828e-06
0,31,task_031,canonical_test,canonical,0,random,3,-1.0,-0.9280238151550293,-0.8495187163352966,0.07850509881973267,-0.0004400014877319336
0,31,task_031,canonical_impl,canonical,1,random,3,-1.0,-0.922531008720398,-0.6815993785858154,0.24093163013458252,-0.0014989376068115234
0,31,task_031,paraphrase_test,paraphrase,0,random,3,-1.0,-0.9744426012039185,-0.8577444553375244,0.11669814586639404,-0.0062157511711120605
0,31,task_031,paraphrase_impl,paraphrase,1,random,3,-1.0,-0.9288806319236755,-0.7071180939674377,0.2217625379562378,0.0015595555305480957
0,35,task_035,canonical_test,canonical,0,random,3,-1.0,-1.273247480392456,-1.07105553150177,0.20219194889068604,0.00018107891082763672
0,35,task_035,canonical_impl,canonical,1,random,3,-1.0,-1.2513952255249023,-0.9362999200820923,0.31509530544281006,0.000798344612121582
0,35,task_035,paraphrase_test,paraphrase,0,random,3,-1.0,-1.3410606384277344,-1.0346606969833374,0.306399941444397,-0.0022842884063720703
0,35,task_035,paraphrase_impl,paraphrase,1,random,3,-1.0,-1.3046129941940308,-0.8833513855934143,0.42126160860061646,0.0021209120750427246
0,39,task_039,canonical_test,canonical,0,random,3,-1.0,-1.331648826599121,-1.0753647089004517,0.25628411769866943,-0.001826167106628418
0,39,task_039,canonical_impl,canonical,1,random,3,-1.0,-1.419997215270996,-0.9218128323554993,0.4981843829154968,-0.009698271751403809
0,39,task_039,paraphrase_test,paraphrase,0,random,3,-1.0,-1.3867528438568115,-0.9860053658485413,0.40074747800827026,0.008672952651977539
0,39,task_039,paraphrase_impl,paraphrase,1,random,3,-1.0,-1.619470477104187,-0.9296712279319763,0.6897992491722107,0.007841408252716064
0,43,task_043,canonical_test,canonical,0,random,3,-1.0,-0.9458277225494385,-0.867503821849823,0.07832390069961548,-0.0027146339416503906
0,43,task_043,canonical_impl,canonical,1,random,3,-1.0,-0.9364813566207886,-0.6908129453659058,0.2456684112548828,-0.00014930963516235352
0,43,task_043,paraphrase_test,paraphrase,0,random,3,-1.0,-0.9760295748710632,-0.8585342168807983,0.11749535799026489,0.001785576343536377
0,43,task_043,paraphrase_impl,paraphrase,1,random,3,-1.0,-0.9563003778457642,-0.7043338418006897,0.25196653604507446,-0.002802908420562744
0,47,task_047,canonical_test,canonical,0,random,3,-1.0,-1.2979590892791748,-1.105064034461975,0.1928950548171997,0.0007355213165283203
0,47,task_047,canonical_impl,canonical,1,random,3,-1.0,-1.2459453344345093,-0.9340170621871948,0.31192827224731445,0.002535223960876465
0,47,task_047,paraphrase_test,paraphrase,0,random,3,-1.0,-1.337471842765808,-1.0325947999954224,0.30487704277038574,0.00227510929107666
0,47,task_047,paraphrase_impl,paraphrase,1,random,3,-1.0,-1.2532219886779785,-0.8486335277557373,0.4045884609222412,0.0003663301467895508
0,3,task_003,canonical_test,canonical,0,random,3,1.0,-1.2892601490020752,-1.0364859104156494,0.2527742385864258,0.008131265640258789
0,3,task_003,canonical_impl,canonical,1,random,3,1.0,-1.4163463115692139,-0.8963853120803833,0.5199609994888306,0.013036787509918213
0,3,task_003,paraphrase_test,paraphrase,0,random,3,1.0,-1.3361753225326538,-0.9795201420783997,0.35665518045425415,-0.0038036108016967773
0,3,task_003,paraphrase_impl,paraphrase,1,random,3,1.0,-1.4983673095703125,-0.9028795957565308,0.5954877138137817,0.0002478957176208496
0,7,task_007,canonical_test,canonical,0,random,3,1.0,-0.9456228017807007,-0.8387249112129211,0.10689789056777954,0.00011587142944335938
0,7,task_007,canonical_impl,canonical,1,random,3,1.0,-0.961608350276947,-0.6645076274871826,0.2971007227897644,0.002671182155609131
0,7,task_007,paraphrase_test,paraphrase,0,random,3,1.0,-0.9559993743896484,-0.8366801142692566,0.11931926012039185,-0.00762021541595459
0,7,task_007,paraphrase_impl,paraphrase,1,random,3,1.0,-0.9443598985671997,-0.6885212659835815,0.25583863258361816,-0.000274658203125
0,11,task_011,canonical_test,canonical,0,random,3,1.0,-1.2786388397216797,-1.0522814989089966,0.2263573408126831,-0.0022187232971191406
0,11,task_011,canonical_impl,canonical,1,random,3,1.0,-1.2955029010772705,-0.9289590120315552,0.36654388904571533,-0.003692328929901123
0,11,task_011,paraphrase_test,paraphrase,0,random,3,1.0,-1.433546543121338,-1.0830354690551758,0.3505110740661621,0.007666468620300293
0,11,task_011,paraphrase_impl,paraphrase,1,random,3,1.0,-1.4141929149627686,-0.9364640712738037,0.47772884368896484,0.003336012363433838
0,15,task_015,canonical_test,canonical,0,random,3,1.0,-1.334329605102539,-1.0566492080688477,0.2776803970336914,-0.005002021789550781
0,15,task_015,canonical_impl,canonical,1,random,3,1.0,-1.5269511938095093,-0.9463630318641663,0.580588161945343,-0.00012958049774169922
0,15,task_015,paraphrase_test,paraphrase,0,random,3,1.0,-1.388908863067627,-0.9728548526763916,0.41605401039123535,-0.0016137957572937012
0,15,task_015,paraphrase_impl,paraphrase,1,random,3,1.0,-1.572049856185913,-0.9405238628387451,0.631525993347168,0.0037113428115844727
0,19,task_019,canonical_test,canonical,0,random,3,1.0,-0.9672858119010925,-0.8529791235923767,0.11430668830871582,0.0006223917007446289
0,19,task_019,canonical_impl,canonical,1,random,3,1.0,-0.9379598498344421,-0.6399251818656921,0.29803466796875,0.0013758540153503418
0,19,task_019,paraphrase_test,paraphrase,0,random,3,1.0,-0.9657611846923828,-0.8288253545761108,0.13693583011627197,-0.0019084811210632324
0,19,task_019,paraphrase_impl,paraphrase,1,random,3,1.0,-0.9742391109466553,-0.694699227809906,0.27953988313674927,0.001172780990600586
0,23,task_023,canonical_test,canonical,0,random,3,1.0,-1.2774393558502197,-1.0979429483413696,0.1794964075088501,0.009848356246948242
0,23,task_023,canonical_impl,canonical,1,random,3,1.0,-1.2342727184295654,-0.9330988526344299,0.3011738657951355,6.943941116333008e-05
0,23,task_023,paraphrase_test,paraphrase,0,random,3,1.0,-1.329042911529541,-1.033954381942749,0.295088529586792,-0.0006972551345825195
0,23,task_023,paraphrase_impl,paraphrase,1,random,3,1.0,-1.2543604373931885,-0.8560670018196106,0.3982934355735779,-0.002886652946472168
0,27,task_027,canonical_test,canonical,0,random,3,1.0,-1.285940170288086,-1.0281754732131958,0.25776469707489014,-0.00011324882507324219
0,27,task_027,canonical_impl,canonical,1,random,3,1.0,-1.4327993392944336,-0.9016886353492737,0.5311107039451599,0.0023900866508483887
0,27,task_027,paraphrase_test,paraphrase,0,random,3,1.0,-1.3528121709823608,-0.9618334174156189,0.39097875356674194,0.00032144784927368164
0,27,task_027,paraphrase_impl,paraphrase,1,random,3,1.0,-1.5442171096801758,-0.9058442115783691,0.6383728981018066,-0.0054402947425842285
0,31,task_031,canonical_test,canonical,0,random,3,1.0,-0.938727080821991,-0.8567334413528442,0.08199363946914673,0.003048539161682129
0,31,task_031,canonical_impl,canonical,1,random,3,1.0,-0.927947461605072,-0.685151219367981,0.24279624223709106,0.0003656744956970215
0,31,task_031,paraphrase_test,paraphrase,0,random,3,1.0,-0.9734249114990234,-0.84967440366745,0.12375050783157349,0.0008366107940673828
0,31,task_031,paraphrase_impl,paraphrase,1,random,3,1.0,-0.9319583773612976,-0.7091987133026123,0.2227596640586853,0.0025566816329956055
0,35,task_035,canonical_test,canonical,0,random,3,1.0,-1.2742325067520142,-1.0713893175125122,0.20284318923950195,0.0008323192596435547
0,35,task_035,canonical_impl,canonical,1,random,3,1.0,-1.251443862915039,-0.9355159401893616,0.3159279227256775,0.0016309618949890137
0,35,task_035,paraphrase_test,paraphrase,0,random,3,1.0,-1.3382281064987183,-1.0326619148254395,0.3055661916732788,-0.0031180381774902344
0,35,task_035,paraphrase_impl,paraphrase,1,random,3,1.0,-1.3058630228042603,-0.8916257619857788,0.41423726081848145,-0.004903435707092285
0,39,task_039,canonical_test,canonical,0,random,3,1.0,-1.341893196105957,-1.0831584930419922,0.25873470306396484,0.0006244182586669922
0,39,task_039,canonical_impl,canonical,1,random,3,1.0,-1.4264960289001465,-0.9190736413002014,0.5074223875999451,-0.0004602670669555664
0,39,task_039,paraphrase_test,paraphrase,0,random,3,1.0,-1.3865001201629639,-0.9858272671699524,0.4006728529930115,0.00859832763671875
0,39,task_039,paraphrase_impl,paraphrase,1,random,3,1.0,-1.6371277570724487,-0.9347817301750183,0.7023460268974304,0.02038818597793579
0,43,task_043,canonical_test,canonical,0,random,3,1.0,-0.9508243799209595,-0.8713834285736084,0.07944095134735107,-0.001597583293914795
0,43,task_043,canonical_impl,canonical,1,random,3,1.0,-0.9419275522232056,-0.694491982460022,0.2474355697631836,0.0016178488731384277
0,43,task_043,paraphrase_test,paraphrase,0,random,3,1.0,-0.9695212244987488,-0.8540524244308472,0.11546880006790161,-0.0002409815788269043
0,43,task_043,paraphrase_impl,paraphrase,1,random,3,1.0,-0.9652639627456665,-0.7105951309204102,0.25466883182525635,-0.00010061264038085938
0,47,task_047,canonical_test,canonical,0,random,3,1.0,-1.2950762510299683,-1.102973461151123,0.19210278987884521,-5.6743621826171875e-05
0,47,task_047,canonical_impl,canonical,1,random,3,1.0,-1.236219048500061,-0.927959680557251,0.30825936794281006,-0.0011336803436279297
0,47,task_047,paraphrase_test,paraphrase,0,random,3,1.0,-1.3306270837783813,-1.0276758670806885,0.30295121669769287,0.00034928321838378906
0,47,task_047,paraphrase_impl,paraphrase,1,random,3,1.0,-1.2564693689346313,-0.8516942858695984,0.40477508306503296,0.0005529522895812988
0,3,task_003,canonical_test,canonical,0,random,4,-1.0,-1.2879385948181152,-1.0351099967956543,0.25282859802246094,0.008185625076293945
0,3,task_003,canonical_impl,canonical,1,random,4,-1.0,-1.410400390625,-0.8998661041259766,0.5105342864990234,0.003610074520111084
0,3,task_003,paraphrase_test,paraphrase,0,random,4,-1.0,-1.3510372638702393,-0.982369601726532,0.3686676621437073,0.008208870887756348
0,3,task_003,paraphrase_impl,paraphrase,1,random,4,-1.0,-1.5119518041610718,-0.9124433994293213,0.5995084047317505,0.0042685866355896
0,7,task_007,canonical_test,canonical,0,random,4,-1.0,-0.9563283324241638,-0.8462907671928406,0.11003756523132324,0.0032555460929870605
0,7,task_007,canonical_impl,canonical,1,random,4,-1.0,-0.9463032484054565,-0.6612821221351624,0.2850211262702942,-0.009408414363861084
0,7,task_007,paraphrase_test,paraphrase,0,random,4,-1.0,-0.9423397779464722,-0.8270732164382935,0.11526656150817871,-0.011672914028167725
0,7,task_007,paraphrase_impl,paraphrase,1,random,4,-1.0,-0.9397169351577759,-0.6850623488426208,0.25465458631515503,-0.0014587044715881348
0,11,task_011,canonical_test,canonical,0,random,4,-1.0,-1.2955067157745361,-1.063359260559082,0.2321474552154541,0.0035713911056518555
0,11,task_011,canonical_impl,canonical,1,random,4,-1.0,-1.3076471090316772,-0.9448418617248535,0.36280524730682373,-0.007430970668792725
0,11,task_011,paraphrase_test,paraphrase,0,random,4,-1.0,-1.4430060386657715,-1.096728801727295,0.34627723693847656,0.003432631492614746
0,11,task_011,paraphrase_impl,paraphrase,1,random,4,-1.0,-1.4170345067977905,-0.9388498663902283,0.47818464040756226,0.00379180908203125
0,15,task_015,canonical_test,canonical,0,random,4,-1.0,-1.3456227779388428,-1.057794451713562,0.28782832622528076,0.005145907402038574
0,15,task_015,canonical_impl,canonical,1,random,4,-1.0,-1.5136749744415283,-0.9369338154792786,0.5767411589622498,-0.003976583480834961
0,15,task_015,paraphrase_test,paraphrase,0,random,4,-1.0,-1.4022023677825928,-0.9824452996253967,0.41975706815719604,0.002089262008666992
0,15,task_015,paraphrase_impl,paraphrase,1,random,4,-1.0,-1.573277235031128,-0.9412992000579834,0.6319780349731445,0.004163384437561035
0,19,task_019,canonical_test,canonical,0,random,4,-1.0,-0.9640234708786011,-0.8503828644752502,0.11364060640335083,-4.369020462036133e-05
0,19,task_019,canonical_impl,canonical,1,random,4,-1.0,-0.9380972385406494,-0.6401675939559937,0.29792964458465576,0.0012708306312561035
0,19,task_019,paraphrase_test,paraphrase,0,random,4,-1.0,-0.966679573059082,-0.8295800089836121,0.13709956407546997,-0.0017447471618652344
0,19,task_019,paraphrase_impl,paraphrase,1,random,4,-1.0,-0.9747998714447021,-0.6951005458831787,0.27969932556152344,0.0013322234153747559
0,23,task_023,canonical_test,canonical,0,random,4,-1.0,-1.2808204889297485,-1.107681155204773,0.17313933372497559,0.0034912824630737305
0,23,task_023,canonical_impl,canonical,1,random,4,-1.0,-1.2243183851242065,-0.9261210560798645,0.29819732904434204,-0.002907097339630127
0,23,task_023,paraphrase_test,paraphrase,0,random,4,-1.0,-1.351656198501587,-1.0416406393051147,0.31001555919647217,0.014229774475097656
0,23,task_023,paraphrase_impl,paraphrase,1,random,4,-1.0,-1.2730519771575928,-0.8693665862083435,0.40368539094924927,0.0025053024291992188
0,27,task_027,canonical_test,canonical,0,random,4,-1.0,-1.286653757095337,-1.028250813484192,0.258402943611145,0.0005249977111816406
0,27,task_027,canonical_impl,canonical,1,random,4,-1.0,-1.4325225353240967,-0.9015873074531555,0.5309352278709412,0.0022146105766296387
0,27,task_027,paraphrase_test,paraphrase,0,random,4,-1.0,-1.3569035530090332,-0.964778482913971,0.39212507009506226,0.0014677643775939941
0,27,task_027,paraphrase_impl,paraphrase,1,random,4,-1.0,-1.5508787631988525,-0.9031184911727905,0.647760272026062,0.003947079181671143
0,31,task_031,canonical_test,canonical,0,random,4,-1.0,-0.9240426421165466,-0.8461636900901794,0.07787895202636719,-0.0010661482810974121
0,31,task_031,canonical_impl,canonical,1,random,4,-1.0,-0.9275895953178406,-0.6851710677146912,0.24241852760314941,-1.2040138244628906e-05
0,31,task_031,paraphrase_test,paraphrase,0,random,4,-1.0,-0.9687215685844421,-0.8535650968551636,0.11515647172927856,-0.007757425308227539
0,31,task_031,paraphrase_impl,paraphrase,1,random,4,-1.0,-0.9325700998306274,-0.7096169590950012,0.22295314073562622,0.0027501583099365234
0,35,task_035,canonical_test,canonical,0,random,4,-1.0,-1.2850780487060547,-1.0793756246566772,0.20570242404937744,0.003691554069519043
0,35,task_035,canonical_impl,canonical,1,random,4,-1.0,-1.2613297700881958,-0.9433160424232483,0.3180137276649475,0.003716766834259033
0,35,task_035,paraphrase_test,paraphrase,0,random,4,-1.0,-1.3506773710250854,-1.040684700012207,0.3099926710128784,0.001308441162109375
0,35,task_035,paraphrase_impl,paraphrase,1,random,4,-1.0,-1.3006739616394043,-0.8879209160804749,0.41275304555892944,-0.006387650966644287
0,39,task_039,canonical_test,canonical,0,random,4,-1.0,-1.3267512321472168,-1.0729281902313232,0.25382304191589355,-0.004287242889404297
0,39,task_039,canonical_impl,canonical,1,random,4,-1.0,-1.4310039281845093,-0.9228454232215881,0.5081585049629211,0.0002758502960205078
0,39,task_039,paraphrase_test,paraphrase,0,random,4,-1.0,-1.3884613513946533,-0.9945645332336426,0.39389681816101074,0.0018222928047180176
0,39,task_039,paraphrase_impl,paraphrase,1,random,4,-1.0,-1.6278071403503418,-0.9355664253234863,0.6922407150268555,0.01028287410736084
0,43,task_043,canonical_test,canonical,0,random,4,-1.0,-0.9561585187911987,-0.8677787780761719,0.08837974071502686,0.007341206073760986
0,43,task_043,canonical_impl,canonical,1,random,4,-1.0,-0.9419176578521729,-0.6944881677627563,0.2474294900894165,0.0016117691993713379
0,43,task_043,paraphrase_test,paraphrase,0,random,4,-1.0,-0.9692223072052002,-0.8613587617874146,0.10786354541778564,-0.007846236228942871
0,43,task_043,paraphrase_impl,paraphrase,1,random,4,-1.0,-0.9610003232955933,-0.7074787020683289,0.2535216212272644,-0.0012478232383728027
0,47,task_047,canonical_test,canonical,0,random,4,-1.0,-1.2982490062713623,-1.1052294969558716,0.19301950931549072,0.0008599758148193359
0,47,task_047,canonical_impl,canonical,1,random,4,-1.0,-1.2483198642730713,-0.9356967806816101,0.3126230835914612,0.0032300353050231934
0,47,task_047,paraphrase_test,paraphrase,0,random,4,-1.0,-1.336612582206726,-1.032004475593567,0.3046081066131592,0.0020061731338500977
0,47,task_047,paraphrase_impl,paraphrase,1,random,4,-1.0,-1.2589329481124878,-0.8520819544792175,0.40685099363327026,0.0026288628578186035
0,3,task_003,canonical_test,canonical,0,random,4,1.0,-1.2837789058685303,-1.0399901866912842,0.2437887191772461,-0.0008542537689208984
0,3,task_003,canonical_impl,canonical,1,random,4,1.0,-1.392836332321167,-0.8874730467796326,0.5053632855415344,-0.0015609264373779297
0,3,task_003,paraphrase_test,paraphrase,0,random,4,1.0,-1.3354012966156006,-0.9714576601982117,0.3639436364173889,0.0034848451614379883
0,3,task_003,paraphrase_impl,paraphrase,1,random,4,1.0,-1.496376395225525,-0.9014726877212524,0.5949037075042725,-0.00033611059188842773
0,7,task_007,canonical_test,canonical,0,random,4,1.0,-0.94005286693573,-0.8350033164024353,0.10504955053329468,-0.001732468605041504
0,7,task_007,canonical_impl,canonical,1,random,4,1.0,-0.9468881487846375,-0.6615197658538818,0.2853683829307556,-0.009061157703399658
0,7,task_007,paraphrase_test,paraphrase,0,random,4,1.0,-0.9423264861106873,-0.8273232579231262,0.11500322818756104,-0.0119362473487854
0,7,task_007,paraphrase_impl,paraphrase,1,random,4,1.0,-0.9304201602935791,-0.6785010695457458,0.25191909074783325,-0.004194200038909912
0,11,task_011,canonical_test,canonical,0,random,4,1.0,-1.272642970085144,-1.048828125,0.22381484508514404,-0.004761219024658203
0,11,task_011,canonical_impl,canonical,1,random,4,1.0,-1.2920589447021484,-0.9338803887367249,0.3581785559654236,-0.012057662010192871
0,11,task_011,paraphrase_test,paraphrase,0,random,4,1.0,-1.4299559593200684,-1.0798118114471436,0.3501441478729248,0.007299542427062988
0,11,task_011,paraphrase_impl,paraphrase,1,random,4,1.0,-1.4002145528793335,-0.9345113039016724,0.46570324897766113,-0.008689582347869873
0,15,task_015,canonical_test,canonical,0,random,4,1.0,-1.3138861656188965,-1.042328953742981,0.2715572118759155,-0.01112520694732666
0,15,task_015,canonical_impl,canonical,1,random,4,1.0,-1.5136466026306152,-0.9436628818511963,0.569983720779419,-0.010734021663665771
0,15,task_015,paraphrase_test,paraphrase,0,random,4,1.0,-1.382997989654541,-0.9687244296073914,0.41427356004714966,-0.0033942461013793945
0,15,task_015,paraphrase_impl,paraphrase,1,random,4,1.0,-1.5715421438217163,-0.9400612711906433,0.631480872631073,0.003666222095489502
0,19,task_019,canonical_test,canonical,0,random,4,1.0,-0.9640220403671265,-0.8508697152137756,0.11315232515335083,-0.0005319714546203613
0,19,task_019,canonical_impl,canonical,1,random,4,1.0,-0.9331440925598145,-0.6365271210670471,0.29661697149276733,-4.184246063232422e-05
0,19,task_019,paraphrase_test,paraphrase,0,random,4,1.0,-0.95698082447052,-0.822611391544342,0.13436943292617798,-0.0044748783111572266
0,19,task_019,paraphrase_impl,paraphrase,1,random,4,1.0,-0.9693097472190857,-0.6985285878181458,0.27078115940093994,-0.00758594274520874
0,23,task_023,canonical_test,canonical,0,random,4,1.0,-1.2727640867233276,-1.0946718454360962,0.17809224128723145,0.00844419002532959
0,23,task_023,canonical_impl,canonical,1,random,4,1.0,-1.227247953414917,-0.9289886355400085,0.29825931787490845,-0.0028451085090637207
0,23,task_023,paraphrase_test,paraphrase,0,random,4,1.0,-1.3268699645996094,-1.032353401184082,0.29451656341552734,-0.001269221305847168
0,23,task_023,paraphrase_impl,paraphrase,1,random,4,1.0,-1.2562320232391357,-0.8573964238166809,0.39883559942245483,-0.002344489097595215
0,27,task_027,canonical_test,canonical,0,random,4,1.0,-1.2838605642318726,-1.0266705751419067,0.2571899890899658,-0.0006879568099975586
0,27,task_027,canonical_impl,canonical,1,random,4,1.0,-1.4115543365478516,-0.8866724371910095,0.524881899356842,-0.0038387179374694824
0,27,task_027,paraphrase_test,paraphrase,0,random,4,1.0,-1.3474383354187012,-0.9653984308242798,0.3820399045944214,-0.008617401123046875
0,27,task_027,paraphrase_impl,paraphrase,1,random,4,1.0,-1.5353063344955444,-0.8922039270401001,0.6431024074554443,-0.0007107853889465332
0,31,task_031,canonical_test,canonical,0,random,4,1.0,-0.9237927794456482,-0.8462069034576416,0.07758587598800659,-0.0013592243194580078
0,31,task_031,canonical_impl,canonical,1,random,4,1.0,-0.9275565147399902,-0.6851652264595032,0.24239128828048706,-3.927946090698242e-05
0,31,task_031,paraphrase_test,paraphrase,0,random,4,1.0,-0.9677973985671997,-0.8456980586051941,0.12209933996200562,-0.0008145570755004883
0,31,task_031,paraphrase_impl,paraphrase,1,random,4,1.0,-0.926571786403656,-0.6980187892913818,0.22855299711227417,0.008350014686584473
0,35,task_035,canonical_test,canonical,0,random,4,1.0,-1.2739087343215942,-1.0715141296386719,0.20239460468292236,0.00038373470306396484
0,35,task_035,canonical_impl,canonical,1,random,4,1.0,-1.2462571859359741,-0.9326887130737305,0.31356847286224365,-0.0007284879684448242
0,35,task_035,paraphrase_test,paraphrase,0,random,4,1.0,-1.3365392684936523,-1.0314719676971436,0.3050673007965088,-0.003616929054260254
0,35,task_035,paraphrase_impl,paraphrase,1,random,4,1.0,-1.3059754371643066,-0.8916677832603455,0.4143076539039612,-0.004833042621612549
0,39,task_039,canonical_test,canonical,0,random,4,1.0,-1.3204319477081299,-1.0680336952209473,0.2523982524871826,-0.005712032318115234
0,39,task_039,canonical_impl,canonical,1,random,4,1.0,-1.4195359945297241,-0.9141565561294556,0.5053794384002686,-0.00250321626663208
0,39,task_039,paraphrase_test,paraphrase,0,random,4,1.0,-1.3777353763580322,-0.9870274662971497,0.39070791006088257,-0.0013666152954101562
0,39,task_039,paraphrase_impl,paraphrase,1,random,4,1.0,-1.6174542903900146,-0.9282485246658325,0.6892057657241821,0.0072479248046875
0,43,task_043,canonical_test,canonical,0,random,4,1.0,-0.9558345079421997,-0.874566376209259,0.08126813173294067,0.0002295970916748047
0,43,task_043,canonical_impl,canonical,1,random,4,1.0,-0.9362050294876099,-0.6905797123908997,0.2456253170967102,-0.00019240379333496094
0,43,task_043,paraphrase_test,paraphrase,0,random,4,1.0,-0.9652750492095947,-0.8509422540664673,0.11433279514312744,-0.0013769865036010742
0,43,task_043,paraphrase_impl,paraphrase,1,random,4,1.0,-0.9659998416900635,-0.7110520005226135,0.25494784116744995,0.00017839670181274414
0,47,task_047,canonical_test,canonical,0,random,4,1.0,-1.2906932830810547,-1.0999226570129395,0.19077062606811523,-0.0013889074325561523
0,47,task_047,canonical_impl,canonical,1,random,4,1.0,-1.234799861907959,-0.9269809722900391,0.3078188896179199,-0.0015741586685180664
0,47,task_047,paraphrase_test,paraphrase,0,random,4,1.0,-1.3254300355911255,-1.0240408182144165,0.301389217376709,-0.0012127161026000977
0,47,task_047,paraphrase_impl,paraphrase,1,random,4,1.0,-1.2517871856689453,-0.8476194739341736,0.40416771173477173,-5.441904067993164e-05
1,2,task_002,canonical_test,canonical,0,baseline,-1,0.0,-1.233424186706543,-1.3108105659484863,-0.07738637924194336,0.0
1,2,task_002,canonical_impl,canonical,1,baseline,-1,0.0,-1.114076852798462,-0.9677743315696716,0.14630252122879028,0.0
1,2,task_002,paraphrase_test,paraphrase,0,baseline,-1,0.0,-1.229622483253479,-1.2036166191101074,0.026005864143371582,0.0
1,2,task_002,paraphrase_impl,paraphrase,1,baseline,-1,0.0,-1.1322122812271118,-0.9512674808502197,0.1809448003768921,0.0
1,6,task_006,canonical_test,canonical,0,baseline,-1,0.0,-1.2458372116088867,-1.2466570138931274,-0.0008198022842407227,0.0
1,6,task_006,canonical_impl,canonical,1,baseline,-1,0.0,-1.2315040826797485,-0.9194695949554443,0.3120344877243042,0.0
1,6,task_006,paraphrase_test,paraphrase,0,baseline,-1,0.0,-1.1566519737243652,-1.0138893127441406,0.1427626609802246,0.0
1,6,task_006,paraphrase_impl,paraphrase,1,baseline,-1,0.0,-1.1802661418914795,-0.8692843317985535,0.310981810092926,0.0
1,10,task_010,canonical_test,canonical,0,baseline,-1,0.0,-0.8868684768676758,-1.0389018058776855,-0.15203332901000977,0.0
1,10,task_010,canonical_impl,canonical,1,baseline,-1,0.0,-0.804931104183197,-0.7596280574798584,0.04530304670333862,0.0
1,10,task_010,paraphrase_test,paraphrase,0,baseline,-1,0.0,-0.9031592607498169,-1.0056620836257935,-0.10250282287597656,0.0
1,10,task_010,paraphrase_impl,paraphrase,1,baseline,-1,0.0,-0.8278565406799316,-0.805018961429596,0.022837579250335693,0.0
1,14,task_014,canonical_test,canonical,0,baseline,-1,0.0,-1.2631198167800903,-1.274100422859192,-0.010980606079101562,0.0
1,14,task_014,canonical_impl,canonical,1,baseline,-1,0.0,-1.1640615463256836,-1.005044937133789,0.15901660919189453,0.0
1,14,task_014,paraphrase_test,paraphrase,0,baseline,-1,0.0,-1.2463829517364502,-1.17252779006958,0.07385516166687012,0.0
1,14,task_014,paraphrase_impl,paraphrase,1,baseline,-1,0.0,-1.1765533685684204,-0.9469500184059143,0.2296033501625061,0.0
1,18,task_018,canonical_test,canonical,0,baseline,-1,0.0,-1.2593669891357422,-1.293690800666809,-0.034323811531066895,0.0
1,18,task_018,canonical_impl,canonical,1,baseline,-1,0.0,-1.2534005641937256,-0.9574298858642578,0.2959706783294678,0.0
1,18,task_018,paraphrase_test,paraphrase,0,baseline,-1,0.0,-1.2712509632110596,-1.1391534805297852,0.13209748268127441,0.0
1,18,task_018,paraphrase_impl,paraphrase,1,baseline,-1,0.0,-1.3256394863128662,-0.9573035836219788,0.36833590269088745,0.0
1,22,task_022,canonical_test,canonical,0,baseline,-1,0.0,-0.9437756538391113,-1.012644648551941,-0.06886899471282959,0.0
1,22,task_022,canonical_impl,canonical,1,baseline,-1,0.0,-0.8248893618583679,-0.7221158146858215,0.10277354717254639,0.0
1,22,task_022,paraphrase_test,paraphrase,0,baseline,-1,0.0,-0.9332506060600281,-0.9754815101623535,-0.04223090410232544,0.0
1,22,task_022,paraphrase_impl,paraphrase,1,baseline,-1,0.0,-0.8966546058654785,-0.8092629909515381,0.08739161491394043,0.0
1,26,task_026,canonical_test,canonical,0,baseline,-1,0.0,-1.2446296215057373,-1.3125636577606201,-0.06793403625488281,0.0
1,26,task_026,canonical_impl,canonical,1,baseline,-1,0.0,-1.1337499618530273,-1.020388126373291,0.11336183547973633,0.0
1,26,task_026,paraphrase_test,paraphrase,0,baseline,-1,0.0,-1.2206549644470215,-1.1912966966629028,0.029358267784118652,0.0
1,26,task_026,paraphrase_impl,paraphrase,1,baseline,-1,0.0,-1.123077392578125,-0.9610142707824707,0.1620631217956543,0.0
1,30,task_030,canonical_test,canonical,0,baseline,-1,0.0,-1.2989959716796875,-1.3147865533828735,-0.015790581703186035,0.0
1,30,task_030,canonical_impl,canonical,1,baseline,-1,0.0,-1.2437520027160645,-0.9873886108398438,0.2563633918762207,0.0
1,30,task_030,paraphrase_test,paraphrase,0,baseline,-1,0.0,-1.2154918909072876,-1.0778627395629883,0.13762915134429932,0.0
1,30,task_030,paraphrase_impl,paraphrase,1,baseline,-1,0.0,-1.2386233806610107,-0.932684600353241,0.3059387803077698,0.0
1,34,task_034,canonical_test,canonical,0,baseline,-1,0.0,-0.926447868347168,-1.0375807285308838,-0.11113286018371582,0.0
1,34,task_034,canonical_impl,canonical,1,baseline,-1,0.0,-0.8142613172531128,-0.7367698550224304,0.07749146223068237,0.0
1,34,task_034,paraphrase_test,paraphrase,0,baseline,-1,0.0,-0.8759030103683472,-0.9348409175872803,-0.058937907218933105,0.0
1,34,task_034,paraphrase_impl,paraphrase,1,baseline,-1,0.0,-0.8233034610748291,-0.7429105639457703,0.08039289712905884,0.0
1,38,task_038,canonical_test,canonical,0,baseline,-1,0.0,-1.2393510341644287,-1.2800697088241577,-0.040718674659729004,0.0
1,38,task_038,canonical_impl,canonical,1,baseline,-1,0.0,-1.1106739044189453,-0.9746720790863037,0.1360018253326416,0.0
1,38,task_038,paraphrase_test,paraphrase,0,baseline,-1,0.0,-1.1913031339645386,-1.0971425771713257,0.09416055679321289,0.0
1,38,task_038,paraphrase_impl,paraphrase,1,baseline,-1,0.0,-1.1350730657577515,-0.8955757021903992,0.2394973635673523,0.0
1,42,task_042,canonical_test,canonical,0,baseline,-1,0.0,-1.2141636610031128,-1.2982088327407837,-0.0840451717376709,0.0
1,42,task_042,canonical_impl,canonical,1,baseline,-1,0.0,-1.1422957181930542,-0.9085174798965454,0.2337782382965088,0.0
1,42,task_042,paraphrase_test,paraphrase,0,baseline,-1,0.0,-1.2120851278305054,-1.1413464546203613,0.07073867321014404,0.0
1,42,task_042,paraphrase_impl,paraphrase,1,baseline,-1,0.0,-1.2457146644592285,-0.9524833559989929,0.2932313084602356,0.0
1,46,task_046,canonical_test,canonical,0,baseline,-1,0.0,-0.9351534843444824,-1.0067027807235718,-0.07154929637908936,0.0
1,46,task_046,canonical_impl,canonical,1,baseline,-1,0.0,-0.8320440053939819,-0.7124633193016052,0.11958068609237671,0.0
1,46,task_046,paraphrase_test,paraphrase,0,baseline,-1,0.0,-0.9267317056655884,-0.9708754420280457,-0.044143736362457275,0.0
1,46,task_046,paraphrase_impl,paraphrase,1,baseline,-1,0.0,-0.868846595287323,-0.7530290484428406,0.11581754684448242,0.0
1,2,task_002,canonical_test,canonical,0,real,-1,-2.0,-1.2486915588378906,-1.3141413927078247,-0.06544983386993408,0.011936545372009277
1,2,task_002,canonical_impl,canonical,1,real,-1,-2.0,-1.1359994411468506,-0.9906178712844849,0.14538156986236572,-0.0009209513664245605
1,2,task_002,paraphrase_test,paraphrase,0,real,-1,-2.0,-1.2534816265106201,-1.2351694107055664,0.01831221580505371,-0.007693648338317871
1,2,task_002,paraphrase_impl,paraphrase,1,real,-1,-2.0,-1.1593458652496338,-0.9777805209159851,0.18156534433364868,0.0006205439567565918
1,6,task_006,canonical_test,canonical,0,real,-1,-2.0,-1.2554786205291748,-1.2607426643371582,-0.0052640438079833984,-0.004444241523742676
1,6,task_006,canonical_impl,canonical,1,real,-1,-2.0,-1.2356064319610596,-0.9222506284713745,0.31335580348968506,0.0013213157653808594
1,6,task_006,paraphrase_test,paraphrase,0,real,-1,-2.0,-1.1680843830108643,-1.0367205142974854,0.1313638687133789,-0.011398792266845703
1,6,task_006,paraphrase_impl,paraphrase,1,real,-1,-2.0,-1.2150750160217285,-0.9085553884506226,0.30651962757110596,-0.004462182521820068
1,10,task_010,canonical_test,canonical,0,real,-1,-2.0,-0.9117516279220581,-1.0638056993484497,-0.1520540714263916,-2.0742416381835938e-05
1,10,task_010,canonical_impl,canonical,1,real,-1,-2.0,-0.8096505999565125,-0.7703500390052795,0.03930056095123291,-0.006002485752105713
1,10,task_010,paraphrase_test,paraphrase,0,real,-1,-2.0,-0.9196094870567322,-1.0246169567108154,-0.10500746965408325,-0.0025046467781066895
1,10,task_010,paraphrase_impl,paraphrase,1,real,-1,-2.0,-0.8645531535148621,-0.8382835388183594,0.026269614696502686,0.003432035446166992
1,14,task_014,canonical_test,canonical,0,real,-1,-2.0,-1.2759311199188232,-1.291132926940918,-0.015201807022094727,-0.004221200942993164
1,14,task_014,canonical_impl,canonical,1,real,-1,-2.0,-1.1677742004394531,-1.0145503282546997,0.15322387218475342,-0.005792737007141113
1,14,task_014,paraphrase_test,paraphrase,0,real,-1,-2.0,-1.2865350246429443,-1.215991735458374,0.07054328918457031,-0.0033118724822998047
1,14,task_014,paraphrase_impl,paraphrase,1,real,-1,-2.0,-1.2026184797286987,-0.9874220490455627,0.215196430683136,-0.014406919479370117
1,18,task_018,canonical_test,canonical,0,real,-1,-2.0,-1.274989128112793,-1.3051854372024536,-0.030196309089660645,0.00412750244140625
1,18,task_018,canonical_impl,canonical,1,real,-1,-2.0,-1.2576311826705933,-0.9677874445915222,0.28984373807907104,-0.0061269402503967285
1,18,task_018,paraphrase_test,paraphrase,0,real,-1,-2.0,-1.2770018577575684,-1.1576136350631714,0.11938822269439697,-0.012709259986877441
1,18,task_018,paraphrase_impl,paraphrase,1,real,-1,-2.0,-1.338239073753357,-0.988256573677063,0.34998250007629395,-0.018353402614593506
1,22,task_022,canonical_test,canonical,0,real,-1,-2.0,-0.9692816138267517,-1.0306663513183594,-0.061384737491607666,0.007484257221221924
1,22,task_022,canonical_impl,canonical,1,real,-1,-2.0,-0.8296570181846619,-0.7253812551498413,0.10427576303482056,0.00150221586227417
1,22,task_022,paraphrase_test,paraphrase,0,real,-1,-2.0,-0.9601395130157471,-1.0017343759536743,-0.041594862937927246,0.0006360411643981934
1,22,task_022,paraphrase_impl,paraphrase,1,real,-1,-2.0,-0.932192325592041,-0.8416813015937805,0.0905110239982605,0.0031194090843200684
1,26,task_026,canonical_test,canonical,0,real,-1,-2.0,-1.2590367794036865,-1.3227312564849854,-0.06369447708129883,0.004239559173583984
1,26,task_026,canonical_impl,canonical,1,real,-1,-2.0,-1.1561360359191895,-1.0429787635803223,0.11315727233886719,-0.00020456314086914062
1,26,task_026,paraphrase_test,paraphrase,0,real,-1,-2.0,-1.2547824382781982,-1.2228375673294067,0.031944870948791504,0.0025866031646728516
1,26,task_026,paraphrase_impl,paraphrase,1,real,-1,-2.0,-1.1550564765930176,-0.998639702796936,0.15641677379608154,-0.005646347999572754
1,30,task_030,canonical_test,canonical,0,real,-1,-2.0,-1.3150781393051147,-1.3256909847259521,-0.010612845420837402,0.005177736282348633
1,30,task_030,canonical_impl,canonical,1,real,-1,-2.0,-1.2379425764083862,-0.99068284034729,0.2472597360610962,-0.009103655815124512
1,30,task_030,paraphrase_test,paraphrase,0,real,-1,-2.0,-1.2236295938491821,-1.0984046459197998,0.12522494792938232,-0.012404203414916992
1,30,task_030,paraphrase_impl,paraphrase,1,real,-1,-2.0,-1.2493335008621216,-0.9550012946128845,0.29433220624923706,-0.011606574058532715
1,34,task_034,canonical_test,canonical,0,real,-1,-2.0,-0.9456743001937866,-1.0511454343795776,-0.10547113418579102,0.005661725997924805
1,34,task_034,canonical_impl,canonical,1,real,-1,-2.0,-0.8243705630302429,-0.7512691020965576,0.0731014609336853,-0.00439000129699707
1,34,task_034,paraphrase_test,paraphrase,0,real,-1,-2.0,-0.9070682525634766,-0.964189887046814,-0.0571216344833374,0.0018162727355957031
1,34,task_034,paraphrase_impl,paraphrase,1,real,-1,-2.0,-0.8635062575340271,-0.7859871983528137,0.07751905918121338,-0.002873837947845459
1,38,task_038,canonical_test,canonical,0,real,-1,-2.0,-1.2514863014221191,-1.2880171537399292,-0.03653085231781006,0.004187822341918945
1,38,task_038,canonical_impl,canonical,1,real,-1,-2.0,-1.1264888048171997,-1.0005733966827393,0.12591540813446045,-0.010086417198181152
1,38,task_038,paraphrase_test,paraphrase,0,real,-1,-2.0,-1.224423885345459,-1.1346579790115356,0.08976590633392334,-0.004394650459289551
1,38,task_038,paraphrase_impl,paraphrase,1,real,-1,-2.0,-1.1655369997024536,-0.9312941431999207,0.23424285650253296,-0.005254507064819336
1,42,task_042,canonical_test,canonical,0,real,-1,-2.0,-1.2324236631393433,-1.3111495971679688,-0.07872593402862549,0.00531923770904541
1,42,task_042,canonical_impl,canonical,1,real,-1,-2.0,-1.1434977054595947,-0.9237445592880249,0.21975314617156982,-0.014025092124938965
1,42,task_042,paraphrase_test,paraphrase,0,real,-1,-2.0,-1.2461137771606445,-1.1726841926574707,0.07342958450317383,0.002690911293029785
1,42,task_042,paraphrase_impl,paraphrase,1,real,-1,-2.0,-1.2584394216537476,-0.9762711524963379,0.28216826915740967,-0.011063039302825928
1,46,task_046,canonical_test,canonical,0,real,-1,-2.0,-0.9595955610275269,-1.031561255455017,-0.07196569442749023,-0.0004163980484008789
1,46,task_046,canonical_impl,canonical,1,real,-1,-2.0,-0.8370813131332397,-0.7161399722099304,0.12094134092330933,0.0013606548309326172
1,46,task_046,paraphrase_test,paraphrase,0,real,-1,-2.0,-0.9432394504547119,-0.9825798273086548,-0.03934037685394287,0.004803359508514404
1,46,task_046,paraphrase_impl,paraphrase,1,real,-1,-2.0,-0.9056930541992188,-0.7862997651100159,0.11939328908920288,0.003575742244720459
1,2,task_002,canonical_test,canonical,0,real,-1,-1.0,-1.2428840398788452,-1.3107459545135498,-0.06786191463470459,0.00952446460723877
1,2,task_002,canonical_impl,canonical,1,real,-1,-1.0,-1.1384180784225464,-0.9844986200332642,0.15391945838928223,0.007616937160491943
1,2,task_002,paraphrase_test,paraphrase,0,real,-1,-1.0,-1.2403980493545532,-1.2182021141052246,0.022195935249328613,-0.0038099288940429688
1,2,task_002,paraphrase_impl,paraphrase,1,real,-1,-1.0,-1.1360822916030884,-0.9537701606750488,0.18231213092803955,0.001367330551147461
1,6,task_006,canonical_test,canonical,0,real,-1,-1.0,-1.2458128929138184,-1.2539881467819214,-0.008175253868103027,-0.007355451583862305
1,6,task_006,canonical_impl,canonical,1,real,-1,-1.0,-1.2363817691802979,-0.9229024052619934,0.31347936391830444,0.0014448761940002441
1,6,task_006,paraphrase_test,paraphrase,0,real,-1,-1.0,-1.175247073173523,-1.0344231128692627,0.14082396030426025,-0.0019387006759643555
1,6,task_006,paraphrase_impl,paraphrase,1,real,-1,-1.0,-1.203230381011963,-0.8928436636924744,0.3103867173194885,-0.0005950927734375
1,10,task_010,canonical_test,canonical,0,real,-1,-1.0,-0.8971792459487915,-1.0461605787277222,-0.14898133277893066,0.0030519962310791016
1,10,task_010,canonical_impl,canonical,1,real,-1,-1.0,-0.8150107860565186,-0.7668694257736206,0.04814136028289795,0.002838313579559326
1,10,task_010,paraphrase_test,paraphrase,0,real,-1,-1.0,-0.9140524864196777,-1.0208574533462524,-0.10680496692657471,-0.0043021440505981445
1,10,task_010,paraphrase_impl,paraphrase,1,real,-1,-1.0,-0.8486430644989014,-0.827043890953064,0.021599173545837402,-0.001238405704498291
1,14,task_014,canonical_test,canonical,0,real,-1,-1.0,-1.2657880783081055,-1.2839607000350952,-0.018172621726989746,-0.007192015647888184
1,14,task_014,canonical_impl,canonical,1,real,-1,-1.0,-1.1741001605987549,-1.0199183225631714,0.1541818380355835,-0.004834771156311035
1,14,task_014,paraphrase_test,paraphrase,0,real,-1,-1.0,-1.2674769163131714,-1.1951708793640137,0.07230603694915771,-0.0015491247177124023
1,14,task_014,paraphrase_impl,paraphrase,1,real,-1,-1.0,-1.1854500770568848,-0.9605820775032043,0.22486799955368042,-0.004735350608825684
1,18,task_018,canonical_test,canonical,0,real,-1,-1.0,-1.2644306421279907,-1.2972595691680908,-0.0328289270401001,0.0014948844909667969
1,18,task_018,canonical_impl,canonical,1,real,-1,-1.0,-1.2495102882385254,-0.9546743035316467,0.29483598470687866,-0.0011346936225891113
1,18,task_018,paraphrase_test,paraphrase,0,real,-1,-1.0,-1.2904353141784668,-1.1599478721618652,0.13048744201660156,-0.0016100406646728516
1,18,task_018,paraphrase_impl,paraphrase,1,real,-1,-1.0,-1.3313822746276855,-0.9760632514953613,0.3553190231323242,-0.013016879558563232
1,22,task_022,canonical_test,canonical,0,real,-1,-1.0,-0.9640633463859558,-1.0269694328308105,-0.06290608644485474,0.0059629082679748535
1,22,task_022,canonical_impl,canonical,1,real,-1,-1.0,-0.8251318335533142,-0.7220689058303833,0.10306292772293091,0.0002893805503845215
1,22,task_022,paraphrase_test,paraphrase,0,real,-1,-1.0,-0.9500360488891602,-0.9872426390647888,-0.03720659017562866,0.005024313926696777
1,22,task_022,paraphrase_impl,paraphrase,1,real,-1,-1.0,-0.9167791604995728,-0.8235305547714233,0.09324860572814941,0.005856990814208984
1,26,task_026,canonical_test,canonical,0,real,-1,-1.0,-1.2622616291046143,-1.317639946937561,-0.05537831783294678,0.012555718421936035
1,26,task_026,canonical_impl,canonical,1,real,-1,-1.0,-1.1454949378967285,-1.0282384157180786,0.1172565221786499,0.0038946866989135742
1,26,task_026,paraphrase_test,paraphrase,0,real,-1,-1.0,-1.2257055044174194,-1.1949877738952637,0.03071773052215576,0.0013594627380371094
1,26,task_026,paraphrase_impl,paraphrase,1,real,-1,-1.0,-1.1383241415023804,-0.979137659072876,0.1591864824295044,-0.0028766393661499023
1,30,task_030,canonical_test,canonical,0,real,-1,-1.0,-1.3064477443695068,-1.3191646337509155,-0.012716889381408691,0.0030736923217773438
1,30,task_030,canonical_impl,canonical,1,real,-1,-1.0,-1.2474925518035889,-0.9973856806755066,0.2501068711280823,-0.006256520748138428
1,30,task_030,paraphrase_test,paraphrase,0,real,-1,-1.0,-1.2183175086975098,-1.087024211883545,0.13129329681396484,-0.006335854530334473
1,30,task_030,paraphrase_impl,paraphrase,1,real,-1,-1.0,-1.2415647506713867,-0.9421616792678833,0.2994030714035034,-0.006535708904266357
1,34,task_034,canonical_test,canonical,0,real,-1,-1.0,-0.9420938491821289,-1.0485992431640625,-0.1065053939819336,0.0046274662017822266
1,34,task_034,canonical_impl,canonical,1,real,-1,-1.0,-0.8143783807754517,-0.736738383769989,0.07763999700546265,0.00014853477478027344
1,34,task_034,paraphrase_test,paraphrase,0,real,-1,-1.0,-0.891636312007904,-0.9533124566078186,-0.06167614459991455,-0.0027382373809814453
1,34,task_034,paraphrase_impl,paraphrase,1,real,-1,-1.0,-0.8485545516014099,-0.7680831551551819,0.08047139644622803,7.849931716918945e-05
1,38,task_038,canonical_test,canonical,0,real,-1,-1.0,-1.2433340549468994,-1.2816622257232666,-0.03832817077636719,0.0023905038833618164
1,38,task_038,canonical_impl,canonical,1,real,-1,-1.0,-1.1130080223083496,-0.9836757779121399,0.12933224439620972,-0.006669580936431885
1,38,task_038,paraphrase_test,paraphrase,0,real,-1,-1.0,-1.2170524597167969,-1.1147557497024536,0.10229671001434326,0.008136153221130371
1,38,task_038,paraphrase_impl,paraphrase,1,real,-1,-1.0,-1.147676944732666,-0.9194889068603516,0.22818803787231445,-0.011309325695037842
1,42,task_042,canonical_test,canonical,0,real,-1,-1.0,-1.221989631652832,-1.3041982650756836,-0.08220863342285156,0.001836538314819336
1,42,task_042,canonical_impl,canonical,1,real,-1,-1.0,-1.1535637378692627,-0.9241874814033508,0.22937625646591187,-0.004401981830596924
1,42,task_042,paraphrase_test,paraphrase,0,real,-1,-1.0,-1.2171151638031006,-1.1451005935668945,0.07201457023620605,0.0012758970260620117
1,42,task_042,paraphrase_impl,paraphrase,1,real,-1,-1.0,-1.2542269229888916,-0.9659448266029358,0.2882820963859558,-0.004949212074279785
1,46,task_046,canonical_test,canonical,0,real,-1,-1.0,-0.9543067812919617,-1.0202122926712036,-0.06590551137924194,0.005643784999847412
1,46,task_046,canonical_impl,canonical,1,real,-1,-1.0,-0.8370475172996521,-0.7161176204681396,0.12092989683151245,0.0013492107391357422
1,46,task_046,paraphrase_test,paraphrase,0,real,-1,-1.0,-0.9360391497612,-0.9775018095970154,-0.04146265983581543,0.0026810765266418457
1,46,task_046,paraphrase_impl,paraphrase,1,real,-1,-1.0,-0.8899970054626465,-0.7679561972618103,0.12204080820083618,0.00622326135635376
1,2,task_002,canonical_test,canonical,0,real,-1,-0.5,-1.2447248697280884,-1.3181350231170654,-0.07341015338897705,0.003976225852966309
1,2,task_002,canonical_impl,canonical,1,real,-1,-0.5,-1.1347174644470215,-0.9818925261497498,0.15282493829727173,0.006522417068481445
1,2,task_002,paraphrase_test,paraphrase,0,real,-1,-0.5,-1.2336677312850952,-1.2134547233581543,0.020213007926940918,-0.005792856216430664
1,2,task_002,paraphrase_impl,paraphrase,1,real,-1,-0.5,-1.1359477043151855,-0.953914225101471,0.1820334792137146,0.0010886788368225098
1,6,task_006,canonical_test,canonical,0,real,-1,-0.5,-1.2457830905914307,-1.24693763256073,-0.0011545419692993164,-0.00033473968505859375
1,6,task_006,canonical_impl,canonical,1,real,-1,-0.5,-1.2311314344406128,-0.9192046523094177,0.31192678213119507,-0.00010770559310913086
1,6,task_006,paraphrase_test,paraphrase,0,real,-1,-0.5,-1.1591557264328003,-1.0156697034835815,0.14348602294921875,0.0007233619689941406
1,6,task_006,paraphrase_impl,paraphrase,1,real,-1,-0.5,-1.1859869956970215,-0.880672037601471,0.30531495809555054,-0.005666851997375488
1,10,task_010,canonical_test,canonical,0,real,-1,-0.5,-0.892213761806488,-1.0426613092422485,-0.1504475474357605,0.0015857815742492676
1,10,task_010,canonical_impl,canonical,1,real,-1,-0.5,-0.8048128485679626,-0.7668220400810242,0.03799080848693848,-0.0073122382164001465
1,10,task_010,paraphrase_test,paraphrase,0,real,-1,-0.5,-0.9085685610771179,-1.0095576047897339,-0.10098904371261597,0.0015137791633605957
1,10,task_010,paraphrase_impl,paraphrase,1,real,-1,-0.5,-0.8381121158599854,-0.8121827244758606,0.025929391384124756,0.0030918121337890625
1,14,task_014,canonical_test,canonical,0,real,-1,-0.5,-1.2658530473709106,-1.2760182619094849,-0.010165214538574219,0.0008153915405273438
1,14,task_014,canonical_impl,canonical,1,real,-1,-0.5,-1.1657111644744873,-1.0066393613815308,0.15907180309295654,5.519390106201172e-05
1,14,task_014,paraphrase_test,paraphrase,0,real,-1,-0.5,-1.2664850950241089,-1.1944431066513062,0.07204198837280273,-0.0018131732940673828
1,14,task_014,paraphrase_impl,paraphrase,1,real,-1,-0.5,-1.1849108934402466,-0.9602023959159851,0.22470849752426147,-0.004894852638244629
1,18,task_018,canonical_test,canonical,0,real,-1,-0.5,-1.2696104049682617,-1.3008595705032349,-0.031249165534973145,0.00307464599609375
1,18,task_018,canonical_impl,canonical,1,real,-1,-0.5,-1.2584387063980103,-0.9610061645507812,0.297432541847229,0.0014618635177612305
1,18,task_018,paraphrase_test,paraphrase,0,real,-1,-0.5,-1.276494026184082,-1.1500263214111328,0.12646770477294922,-0.005629777908325195
1,18,task_018,paraphrase_impl,paraphrase,1,real,-1,-0.5,-1.344032645225525,-0.977571964263916,0.3664606809616089,-0.0018752217292785645
1,22,task_022,canonical_test,canonical,0,real,-1,-0.5,-0.9542183876037598,-1.0273760557174683,-0.0731576681137085,-0.004288673400878906
1,22,task_022,canonical_impl,canonical,1,real,-1,-0.5,-0.8250653147697449,-0.7220392227172852,0.10302609205245972,0.0002525448799133301
1,22,task_022,paraphrase_test,paraphrase,0,real,-1,-0.5,-0.9389230608940125,-0.9793961644172668,-0.040473103523254395,0.001757800579071045
1,22,task_022,paraphrase_impl,paraphrase,1,real,-1,-0.5,-0.9064141511917114,-0.816149890422821,0.09026426076889038,0.002872645854949951
1,26,task_026,canonical_test,canonical,0,real,-1,-0.5,-1.2570358514785767,-1.3213038444519043,-0.06426799297332764,0.0036660432815551758
1,26,task_026,canonical_impl,canonical,1,real,-1,-0.5,-1.1396846771240234,-1.024012804031372,0.11567187309265137,0.002310037612915039
1,26,task_026,paraphrase_test,paraphrase,0,real,-1,-0.5,-1.2217872142791748,-1.1920946836471558,0.029692530632019043,0.0003342628479003906
1,26,task_026,paraphrase_impl,paraphrase,1,real,-1,-0.5,-1.1331572532653809,-0.9754829406738281,0.15767431259155273,-0.0043888092041015625
1,30,task_030,canonical_test,canonical,0,real,-1,-0.5,-1.3036104440689087,-1.317643165588379,-0.014032721519470215,0.0017578601837158203
1,30,task_030,canonical_impl,canonical,1,real,-1,-0.5,-1.2423852682113647,-0.9934530854225159,0.24893218278884888,-0.007431209087371826
1,30,task_030,paraphrase_test,paraphrase,0,real,-1,-0.5,-1.218817949295044,-1.0874000787734985,0.1314178705215454,-0.006211280822753906
1,30,task_030,paraphrase_impl,paraphrase,1,real,-1,-0.5,-1.2433726787567139,-0.9359794855117798,0.3073931932449341,0.0014544129371643066
1,34,task_034,canonical_test,canonical,0,real,-1,-0.5,-0.9280387759208679,-1.046021819114685,-0.11798304319381714,-0.006850183010101318
1,34,task_034,canonical_impl,canonical,1,real,-1,-0.5,-0.8149663209915161,-0.7298018336296082,0.08516448736190796,0.007673025131225586
1,34,task_034,paraphrase_test,paraphrase,0,real,-1,-0.5,-0.8868926763534546,-0.949962854385376,-0.06307017803192139,-0.004132270812988281
1,34,task_034,paraphrase_impl,paraphrase,1,real,-1,-0.5,-0.8282104730606079,-0.7463704943656921,0.08183997869491577,0.0014470815658569336
1,38,task_038,canonical_test,canonical,0,real,-1,-0.5,-1.237947702407837,-1.2717270851135254,-0.03377938270568848,0.006939291954040527
1,38,task_038,canonical_impl,canonical,1,real,-1,-0.5,-1.1188257932662964,-0.9878129363059998,0.13101285696029663,-0.004988968372344971
1,38,task_038,paraphrase_test,paraphrase,0,real,-1,-0.5,-1.2030977010726929,-1.1049034595489502,0.09819424152374268,0.004033684730529785
1,38,task_038,paraphrase_impl,paraphrase,1,real,-1,-0.5,-1.1513206958770752,-0.9065417051315308,0.24477899074554443,0.005281627178192139
1,42,task_042,canonical_test,canonical,0,real,-1,-0.5,-1.2163875102996826,-1.300304889678955,-0.08391737937927246,0.0001277923583984375
1,42,task_042,canonical_impl,canonical,1,real,-1,-0.5,-1.1336590051651,-0.91014164686203,0.22351735830307007,-0.01026087999343872
1,42,task_042,paraphrase_test,paraphrase,0,real,-1,-0.5,-1.215830683708191,-1.1441956758499146,0.07163500785827637,0.0008963346481323242
1,42,task_042,paraphrase_impl,paraphrase,1,real,-1,-0.5,-1.24565851688385,-0.9597986936569214,0.2858598232269287,-0.007371485233306885
1,46,task_046,canonical_test,canonical,0,real,-1,-0.5,-0.9441283941268921,-1.0130271911621094,-0.06889879703521729,0.0026504993438720703
1,46,task_046,canonical_impl,canonical,1,real,-1,-0.5,-0.8370923399925232,-0.7160295844078064,0.1210627555847168,0.0014820694923400879
1,46,task_046,paraphrase_test,paraphrase,0,real,-1,-0.5,-0.9308568239212036,-0.9738352298736572,-0.04297840595245361,0.0011653304100036621
1,46,task_046,paraphrase_impl,paraphrase,1,real,-1,-0.5,-0.8809241652488708,-0.7614669799804688,0.1194571852684021,0.0036396384239196777
1,2,task_002,canonical_test,canonical,0,real,-1,0.5,-1.2285722494125366,-1.2920175790786743,-0.0634453296661377,0.013941049575805664
1,2,task_002,canonical_impl,canonical,1,real,-1,0.5,-1.1209051609039307,-0.9647786617279053,0.1561264991760254,0.009823977947235107
1,2,task_002,paraphrase_test,paraphrase,0,real,-1,0.5,-1.214254379272461,-1.1930515766143799,0.021202802658081055,-0.004803061485290527
1,2,task_002,paraphrase_impl,paraphrase,1,real,-1,0.5,-1.1213510036468506,-0.9362560510635376,0.185094952583313,0.0041501522064208984
1,6,task_006,canonical_test,canonical,0,real,-1,0.5,-1.2361929416656494,-1.2395418882369995,-0.0033489465713500977,-0.002529144287109375
1,6,task_006,canonical_impl,canonical,1,real,-1,0.5,-1.234323263168335,-0.9141421914100647,0.32018107175827026,0.008146584033966064
1,6,task_006,paraphrase_test,paraphrase,0,real,-1,0.5,-1.1585476398468018,-1.0080437660217285,0.15050387382507324,0.007741212844848633
1,6,task_006,paraphrase_impl,paraphrase,1,real,-1,0.5,-1.1808910369873047,-0.8697072863578796,0.31118375062942505,0.00020194053649902344
1,10,task_010,canonical_test,canonical,0,real,-1,0.5,-0.881507396697998,-1.0348886251449585,-0.15338122844696045,-0.0013478994369506836
1,10,task_010,canonical_impl,canonical,1,real,-1,0.5,-0.7997899055480957,-0.756036639213562,0.04375326633453369,-0.0015497803688049316
1,10,task_010,paraphrase_test,paraphrase,0,real,-1,0.5,-0.8782370090484619,-0.9807198643684387,-0.1024828553199768,1.996755599975586e-05
1,10,task_010,paraphrase_impl,paraphrase,1,real,-1,0.5,-0.8122043609619141,-0.7939702272415161,0.01823413372039795,-0.004603445529937744
1,14,task_014,canonical_test,canonical,0,real,-1,0.5,-1.2556668519973755,-1.2683168649673462,-0.012650012969970703,-0.0016694068908691406
1,14,task_014,canonical_impl,canonical,1,real,-1,0.5,-1.1589301824569702,-1.0018621683120728,0.15706801414489746,-0.0019485950469970703
1,14,task_014,paraphrase_test,paraphrase,0,real,-1,0.5,-1.2454609870910645,-1.1645194292068481,0.08094155788421631,0.007086396217346191
1,14,task_014,paraphrase_impl,paraphrase,1,real,-1,0.5,-1.1602444648742676,-0.9431796669960022,0.21706479787826538,-0.012538552284240723
1,18,task_018,canonical_test,canonical,0,real,-1,0.5,-1.257797122001648,-1.2929633855819702,-0.035166263580322266,-0.0008424520492553711
1,18,task_018,canonical_impl,canonical,1,real,-1,0.5,-1.2541110515594482,-0.9583343267440796,0.29577672481536865,-0.0001939535140991211
1,18,task_018,paraphrase_test,paraphrase,0,real,-1,0.5,-1.264914631843567,-1.1273280382156372,0.1375865936279297,0.0054891109466552734
1,18,task_018,paraphrase_impl,paraphrase,1,real,-1,0.5,-1.3291170597076416,-0.9597577452659607,0.3693593144416809,0.001023411750793457
1,22,task_022,canonical_test,canonical,0,real,-1,0.5,-0.938452959060669,-1.0088810920715332,-0.07042813301086426,-0.001559138298034668
1,22,task_022,canonical_impl,canonical,1,real,-1,0.5,-0.8345674872398376,-0.7288497686386108,0.1057177186012268,0.00294417142868042
1,22,task_022,paraphrase_test,paraphrase,0,real,-1,0.5,-0.9278967380523682,-0.9641094207763672,-0.03621268272399902,0.006018221378326416
1,22,task_022,paraphrase_impl,paraphrase,1,real,-1,0.5,-0.8862220048904419,-0.8018951416015625,0.0843268632888794,-0.003064751625061035
1,26,task_026,canonical_test,canonical,0,real,-1,0.5,-1.2375903129577637,-1.3002139329910278,-0.06262362003326416,0.005310416221618652
1,26,task_026,canonical_impl,canonical,1,real,-1,0.5,-1.139594554901123,-1.0245009660720825,0.11509358882904053,0.0017317533493041992
1,26,task_026,paraphrase_test,paraphrase,0,real,-1,0.5,-1.2147924900054932,-1.1798995733261108,0.034892916679382324,0.005534648895263672
1,26,task_026,paraphrase_impl,paraphrase,1,real,-1,0.5,-1.1143348217010498,-0.9548435211181641,0.15949130058288574,-0.0025718212127685547
1,30,task_030,canonical_test,canonical,0,real,-1,0.5,-1.3071783781051636,-1.320155143737793,-0.012976765632629395,0.0028138160705566406
1,30,task_030,canonical_impl,canonical,1,real,-1,0.5,-1.2428531646728516,-0.9868415594100952,0.25601160526275635,-0.00035178661346435547
1,30,task_030,paraphrase_test,paraphrase,0,real,-1,0.5,-1.2084689140319824,-1.0655542612075806,0.14291465282440186,0.005285501480102539
1,30,task_030,paraphrase_impl,paraphrase,1,real,-1,0.5,-1.2174055576324463,-0.910402238368988,0.30700331926345825,0.0010645389556884766
1,34,task_034,canonical_test,canonical,0,real,-1,0.5,-0.9209638833999634,-1.0409220457077026,-0.11995816230773926,-0.008825302124023438
1,34,task_034,canonical_impl,canonical,1,real,-1,0.5,-0.8095752000808716,-0.7259963750839233,0.08357882499694824,0.006087362766265869
1,34,task_034,paraphrase_test,paraphrase,0,real,-1,0.5,-0.8607563376426697,-0.9241463541984558,-0.06339001655578613,-0.004452109336853027
1,34,task_034,paraphrase_impl,paraphrase,1,real,-1,0.5,-0.8067907691001892,-0.73125159740448,0.07553917169570923,-0.004853725433349609
1,38,task_038,canonical_test,canonical,0,real,-1,0.5,-1.2318569421768188,-1.2748031616210938,-0.0429462194442749,-0.0022275447845458984
1,38,task_038,canonical_impl,canonical,1,real,-1,0.5,-1.1104445457458496,-0.9818541407585144,0.1285904049873352,-0.0074114203453063965
1,38,task_038,paraphrase_test,paraphrase,0,real,-1,0.5,-1.191704511642456,-1.08213210105896,0.1095724105834961,0.015411853790283203
1,38,task_038,paraphrase_impl,paraphrase,1,real,-1,0.5,-1.1195693016052246,-0.8846015930175781,0.23496770858764648,-0.0045296549797058105
1,42,task_042,canonical_test,canonical,0,real,-1,0.5,-1.2098230123519897,-1.295237421989441,-0.08541440963745117,-0.0013692378997802734
1,42,task_042,canonical_impl,canonical,1,real,-1,0.5,-1.140775203704834,-0.9071031212806702,0.23367208242416382,-0.0001061558723449707
1,42,task_042,paraphrase_test,paraphrase,0,real,-1,0.5,-1.2089667320251465,-1.1319928169250488,0.07697391510009766,0.006235241889953613
1,42,task_042,paraphrase_impl,paraphrase,1,real,-1,0.5,-1.2350314855575562,-0.9376774430274963,0.2973540425300598,0.004122734069824219
1,46,task_046,canonical_test,canonical,0,real,-1,0.5,-0.9299248456954956,-1.0030100345611572,-0.07308518886566162,-0.0015358924865722656
1,46,task_046,canonical_impl,canonical,1,real,-1,0.5,-0.8283100128173828,-0.7026776075363159,0.1256324052810669,0.0060517191886901855
1,46,task_046,paraphrase_test,paraphrase,0,real,-1,0.5,-0.9142329692840576,-0.954706072807312,-0.040473103523254395,0.003670632839202881
1,46,task_046,paraphrase_impl,paraphrase,1,real,-1,0.5,-0.8592184782028198,-0.7387961745262146,0.12042230367660522,0.004604756832122803
1,2,task_002,canonical_test,canonical,0,real,-1,1.0,-1.241002082824707,-1.3088406324386597,-0.06783854961395264,0.009547829627990723
1,2,task_002,canonical_impl,canonical,1,real,-1,1.0,-1.1215550899505615,-0.9652604460716248,0.15629464387893677,0.009992122650146484
1,2,task_002,paraphrase_test,paraphrase,0,real,-1,1.0,-1.209337592124939,-1.1815993785858154,0.027738213539123535,0.0017323493957519531
1,2,task_002,paraphrase_impl,paraphrase,1,real,-1,1.0,-1.1157335042953491,-0.9246981143951416,0.19103538990020752,0.01009058952331543
1,6,task_006,canonical_test,canonical,0,real,-1,1.0,-1.2383038997650146,-1.2413383722305298,-0.0030344724655151367,-0.002214670181274414
1,6,task_006,canonical_impl,canonical,1,real,-1,1.0,-1.237880825996399,-0.9166403412818909,0.32124048471450806,0.009205996990203857
1,6,task_006,paraphrase_test,paraphrase,0,real,-1,1.0,-1.1629791259765625,-1.0038268566131592,0.15915226936340332,0.01638960838317871
1,6,task_006,paraphrase_impl,paraphrase,1,real,-1,1.0,-1.1716160774230957,-0.8558209538459778,0.3157951235771179,0.0048133134841918945
1,10,task_010,canonical_test,canonical,0,real,-1,1.0,-0.8708784580230713,-1.027483582496643,-0.15660512447357178,-0.004571795463562012
1,10,task_010,canonical_impl,canonical,1,real,-1,1.0,-0.7944940328598022,-0.7522649765014648,0.0422290563583374,-0.0030739903450012207
1,10,task_010,paraphrase_test,paraphrase,0,real,-1,1.0,-0.8724654912948608,-0.976718544960022,-0.10425305366516113,-0.0017502307891845703
1,10,task_010,paraphrase_impl,paraphrase,1,real,-1,1.0,-0.8019095659255981,-0.7793505191802979,0.022559046745300293,-0.0002785325050354004
1,14,task_014,canonical_test,canonical,0,real,-1,1.0,-1.2409741878509521,-1.2590113878250122,-0.01803719997406006,-0.007056593894958496
1,14,task_014,canonical_impl,canonical,1,real,-1,1.0,-1.1579104661941528,-0.9860127568244934,0.17189770936965942,0.012881100177764893
1,14,task_014,paraphrase_test,paraphrase,0,real,-1,1.0,-1.2315781116485596,-1.1473454236984253,0.08423268795013428,0.01037752628326416
1,14,task_014,paraphrase_impl,paraphrase,1,real,-1,1.0,-1.1498730182647705,-0.9278125166893005,0.22206050157546997,-0.007542848587036133
1,18,task_018,canonical_test,canonical,0,real,-1,1.0,-1.2470355033874512,-1.284942865371704,-0.03790736198425293,-0.003583550453186035
1,18,task_018,canonical_impl,canonical,1,real,-1,1.0,-1.247204065322876,-0.9456934332847595,0.30151063203811646,0.005539953708648682
1,18,task_018,paraphrase_test,paraphrase,0,real,-1,1.0,-1.258489727973938,-1.115257740020752,0.14323198795318604,0.011134505271911621
1,18,task_018,paraphrase_impl,paraphrase,1,real,-1,1.0,-1.3311724662780762,-0.9538646936416626,0.3773077726364136,0.008971869945526123
1,22,task_022,canonical_test,canonical,0,real,-1,1.0,-0.9290183782577515,-1.0021425485610962,-0.07312417030334473,-0.004255175590515137
1,22,task_022,canonical_impl,canonical,1,real,-1,1.0,-0.8348059058189392,-0.7291153073310852,0.105690598487854,0.002917051315307617
1,22,task_022,paraphrase_test,paraphrase,0,real,-1,1.0,-0.9168645739555359,-0.9564269781112671,-0.0395624041557312,0.0026684999465942383
1,22,task_022,paraphrase_impl,paraphrase,1,real,-1,1.0,-0.8748547434806824,-0.7865247130393982,0.08833003044128418,0.00093841552734375
1,26,task_026,canonical_test,canonical,0,real,-1,1.0,-1.236569881439209,-1.2995145320892334,-0.06294465065002441,0.0049893856048583984
1,26,task_026,canonical_impl,canonical,1,real,-1,1.0,-1.129789113998413,-1.017595887184143,0.11219322681427002,-0.0011686086654663086
1,26,task_026,paraphrase_test,paraphrase,0,real,-1,1.0,-1.209214210510254,-1.1686184406280518,0.04059576988220215,0.011237502098083496
1,26,task_026,paraphrase_impl,paraphrase,1,real,-1,1.0,-1.1135332584381104,-0.9466292262077332,0.1669040322303772,0.0048409104347229
1,30,task_030,canonical_test,canonical,0,real,-1,1.0,-1.3026028871536255,-1.3168907165527344,-0.014287829399108887,0.0015027523040771484
1,30,task_030,canonical_impl,canonical,1,real,-1,1.0,-1.2432444095611572,-0.9871140718460083,0.2561303377151489,-0.00023305416107177734
1,30,task_030,paraphrase_test,paraphrase,0,real,-1,1.0,-1.2137260437011719,-1.0693209171295166,0.14440512657165527,0.006775975227355957
1,30,task_030,paraphrase_impl,paraphrase,1,real,-1,1.0,-1.2147902250289917,-0.9085085988044739,0.3062816262245178,0.0003428459167480469
1,34,task_034,canonical_test,canonical,0,real,-1,1.0,-0.9118562936782837,-1.0271406173706055,-0.11528432369232178,-0.004151463508605957
1,34,task_034,canonical_impl,canonical,1,real,-1,1.0,-0.8139488101005554,-0.7291751503944397,0.08477365970611572,0.00728219747543335
1,34,task_034,paraphrase_test,paraphrase,0,real,-1,1.0,-0.8498591184616089,-0.9091936945915222,-0.05933457612991333,-0.0003966689109802246
1,34,task_034,paraphrase_impl,paraphrase,1,real,-1,1.0,-0.7963451147079468,-0.7238787412643433,0.07246637344360352,-0.007926523685455322
1,38,task_038,canonical_test,canonical,0,real,-1,1.0,-1.2208669185638428,-1.2590258121490479,-0.03815889358520508,0.0025597810745239258
1,38,task_038,canonical_impl,canonical,1,real,-1,1.0,-1.111070990562439,-0.9749519228935242,0.1361190676689148,0.00011724233627319336
1,38,task_038,paraphrase_test,paraphrase,0,real,-1,1.0,-1.1848740577697754,-1.0775189399719238,0.10735511779785156,0.013194561004638672
1,38,task_038,paraphrase_impl,paraphrase,1,real,-1,1.0,-1.1258189678192139,-0.8816871643066406,0.24413180351257324,0.004634439945220947
1,42,task_042,canonical_test,canonical,0,real,-1,1.0,-1.1949102878570557,-1.284705638885498,-0.08979535102844238,-0.005750179290771484
1,42,task_042,canonical_impl,canonical,1,real,-1,1.0,-1.1302244663238525,-0.9000562429428101,0.23016822338104248,-0.0036100149154663086
1,42,task_042,paraphrase_test,paraphrase,0,real,-1,1.0,-1.2034287452697754,-1.1207071542739868,0.08272159099578857,0.011982917785644531
1,42,task_042,paraphrase_impl,paraphrase,1,real,-1,1.0,-1.2350611686706543,-0.9302595853805542,0.3048015832901001,0.011570274829864502
1,46,task_046,canonical_test,canonical,0,real,-1,1.0,-0.9194613695144653,-0.9956231713294983,-0.07616180181503296,-0.0046125054359436035
1,46,task_046,canonical_impl,canonical,1,real,-1,1.0,-0.8180944919586182,-0.6952611207962036,0.12283337116241455,0.003252685070037842
1,46,task_046,paraphrase_test,paraphrase,0,real,-1,1.0,-0.8991878032684326,-0.9442160129547119,-0.0450282096862793,-0.0008844733238220215
1,46,task_046,paraphrase_impl,paraphrase,1,real,-1,1.0,-0.8426362872123718,-0.7344441413879395,0.10819214582443237,-0.007625401020050049
1,2,task_002,canonical_test,canonical,0,real,-1,2.0,-1.217604160308838,-1.2928786277770996,-0.07527446746826172,0.0021119117736816406
1,2,task_002,canonical_impl,canonical,1,real,-1,2.0,-1.1172771453857422,-0.9548972845077515,0.16237986087799072,0.01607733964920044
1,2,task_002,paraphrase_test,paraphrase,0,real,-1,2.0,-1.2007287740707397,-1.168169379234314,0.03255939483642578,0.006553530693054199
1,2,task_002,paraphrase_impl,paraphrase,1,real,-1,2.0,-1.0953021049499512,-0.9102728366851807,0.1850292682647705,0.004084467887878418
1,6,task_006,canonical_test,canonical,0,real,-1,2.0,-1.2162256240844727,-1.2184587717056274,-0.002233147621154785,-0.0014133453369140625
1,6,task_006,canonical_impl,canonical,1,real,-1,2.0,-1.2243454456329346,-0.9068601131439209,0.31748533248901367,0.005450844764709473
1,6,task_006,paraphrase_test,paraphrase,0,real,-1,2.0,-1.1488056182861328,-0.9939806461334229,0.15482497215270996,0.012062311172485352
1,6,task_006,paraphrase_impl,paraphrase,1,real,-1,2.0,-1.1543563604354858,-0.8436419367790222,0.3107144236564636,-0.00026738643646240234
1,10,task_010,canonical_test,canonical,0,real,-1,2.0,-0.8705283999443054,-1.019892930984497,-0.14936453104019165,0.0026687979698181152
1,10,task_010,canonical_impl,canonical,1,real,-1,2.0,-0.7897095680236816,-0.7488884925842285,0.040821075439453125,-0.004481971263885498
1,10,task_010,paraphrase_test,paraphrase,0,real,-1,2.0,-0.8506975173950195,-0.9539307951927185,-0.10323327779769897,-0.0007304549217224121
1,10,task_010,paraphrase_impl,paraphrase,1,real,-1,2.0,-0.7800201177597046,-0.7639027833938599,0.016117334365844727,-0.006720244884490967
1,14,task_014,canonical_test,canonical,0,real,-1,2.0,-1.2306724786758423,-1.2518030405044556,-0.02113056182861328,-0.010149955749511719
1,14,task_014,canonical_impl,canonical,1,real,-1,2.0,-1.1581366062164307,-0.9935105443000793,0.16462606191635132,0.005609452724456787
1,14,task_014,paraphrase_test,paraphrase,0,real,-1,2.0,-1.2204046249389648,-1.125287652015686,0.09511697292327881,0.02126181125640869
1,14,task_014,paraphrase_impl,paraphrase,1,real,-1,2.0,-1.1361842155456543,-0.9112008213996887,0.22498339414596558,-0.004619956016540527
1,18,task_018,canonical_test,canonical,0,real,-1,2.0,-1.2357022762298584,-1.2773005962371826,-0.04159832000732422,-0.007274508476257324
1,18,task_018,canonical_impl,canonical,1,real,-1,2.0,-1.2583789825439453,-0.9463344216346741,0.31204456090927124,0.016073882579803467
1,18,task_018,paraphrase_test,paraphrase,0,real,-1,2.0,-1.2557451725006104,-1.106029748916626,0.14971542358398438,0.01761794090270996
1,18,task_018,paraphrase_impl,paraphrase,1,real,-1,2.0,-1.3114495277404785,-0.9399629235267639,0.3714866042137146,0.0031507015228271484
1,22,task_022,canonical_test,canonical,0,real,-1,2.0,-0.9185818433761597,-0.9947699308395386,-0.0761880874633789,-0.007319092750549316
1,22,task_022,canonical_impl,canonical,1,real,-1,2.0,-0.8256714344024658,-0.7152151465415955,0.11045628786087036,0.007682740688323975
1,22,task_022,paraphrase_test,paraphrase,0,real,-1,2.0,-0.8922461271286011,-0.9315570592880249,-0.03931093215942383,0.0029199719429016113
1,22,task_022,paraphrase_impl,paraphrase,1,real,-1,2.0,-0.8439496755599976,-0.7572872042655945,0.08666247129440308,-0.0007291436195373535
1,26,task_026,canonical_test,canonical,0,real,-1,2.0,-1.2209678888320923,-1.288500428199768,-0.06753253936767578,0.00040149688720703125
1,26,task_026,canonical_impl,canonical,1,real,-1,2.0,-1.12485933303833,-1.0062941312789917,0.11856520175933838,0.005203366279602051
1,26,task_026,paraphrase_test,paraphrase,0,real,-1,2.0,-1.1773004531860352,-1.131507158279419,0.04579329490661621,0.01643502712249756
1,26,task_026,paraphrase_impl,paraphrase,1,real,-1,2.0,-1.091193675994873,-0.9238709807395935,0.16732269525527954,0.005259573459625244
1,30,task_030,canonical_test,canonical,0,real,-1,2.0,-1.2958451509475708,-1.3043091297149658,-0.00846397876739502,0.007326602935791016
1,30,task_030,canonical_impl,canonical,1,real,-1,2.0,-1.2392362356185913,-0.976941704750061,0.2622945308685303,0.00593113899230957
1,30,task_030,paraphrase_test,paraphrase,0,real,-1,2.0,-1.2039297819137573,-1.0477789640426636,0.15615081787109375,0.018521666526794434
1,30,task_030,paraphrase_impl,paraphrase,1,real,-1,2.0,-1.213505506515503,-0.9002968668937683,0.3132086396217346,0.007269859313964844
1,34,task_034,canonical_test,canonical,0,real,-1,2.0,-0.8946503400802612,-1.015071153640747,-0.12042081356048584,-0.00928795337677002
1,34,task_034,canonical_impl,canonical,1,real,-1,2.0,-0.7894753813743591,-0.7118993401527405,0.07757604122161865,8.45789909362793e-05
1,34,task_034,paraphrase_test,paraphrase,0,real,-1,2.0,-0.8336805105209351,-0.8976379036903381,-0.06395739316940308,-0.005019485950469971
1,34,task_034,paraphrase_impl,paraphrase,1,real,-1,2.0,-0.7656499743461609,-0.6947950720787048,0.07085490226745605,-0.009537994861602783
1,38,task_038,canonical_test,canonical,0,real,-1,2.0,-1.216172695159912,-1.2557141780853271,-0.03954148292541504,0.0011771917343139648
1,38,task_038,canonical_impl,canonical,1,real,-1,2.0,-1.1088662147521973,-0.9656419157981873,0.14322429895401,0.007222473621368408
1,38,task_038,paraphrase_test,paraphrase,0,real,-1,2.0,-1.1656594276428223,-1.056599736213684,0.10905969142913818,0.014899134635925293
1,38,task_038,paraphrase_impl,paraphrase,1,real,-1,2.0,-1.0932559967041016,-0.8588109612464905,0.23444503545761108,-0.005052328109741211
1,42,task_042,canonical_test,canonical,0,real,-1,2.0,-1.1831673383712769,-1.2768267393112183,-0.0936594009399414,-0.009614229202270508
1,42,task_042,canonical_impl,canonical,1,real,-1,2.0,-1.1306772232055664,-0.8926287889480591,0.23804843425750732,0.004270195960998535
1,42,task_042,paraphrase_test,paraphrase,0,real,-1,2.0,-1.1921193599700928,-1.0981334447860718,0.093985915184021,0.023247241973876953
1,42,task_042,paraphrase_impl,paraphrase,1,real,-1,2.0,-1.2237293720245361,-0.9222517609596252,0.3014776110649109,0.008246302604675293
1,46,task_046,canonical_test,canonical,0,real,-1,2.0,-0.9086731672286987,-0.995479166507721,-0.08680599927902222,-0.015256702899932861
1,46,task_046,canonical_impl,canonical,1,real,-1,2.0,-0.8226989507675171,-0.6986057162284851,0.12409323453903198,0.0045125484466552734
1,46,task_046,paraphrase_test,paraphrase,0,real,-1,2.0,-0.8880051970481873,-0.9288316369056702,-0.04082643985748291,0.0033172965049743652
1,46,task_046,paraphrase_impl,paraphrase,1,real,-1,2.0,-0.8177489638328552,-0.7021746635437012,0.11557430028915405,-0.00024324655532836914
1,2,task_002,canonical_test,canonical,0,same_state,-1,-1.0,-1.2514276504516602,-1.323564887046814,-0.07213723659515381,0.005249142646789551
1,2,task_002,canonical_impl,canonical,1,same_state,-1,-1.0,-1.1261967420578003,-0.9758899807929993,0.15030676126480103,0.004004240036010742
1,2,task_002,paraphrase_test,paraphrase,0,same_state,-1,-1.0,-1.2394351959228516,-1.2102118730545044,0.029223322868347168,0.003217458724975586
1,2,task_002,paraphrase_impl,paraphrase,1,same_state,-1,-1.0,-1.117740511894226,-0.9410607218742371,0.176679790019989,-0.004265010356903076
1,6,task_006,canonical_test,canonical,0,same_state,-1,-1.0,-1.246384620666504,-1.2470324039459229,-0.0006477832794189453,0.00017201900482177734
1,6,task_006,canonical_impl,canonical,1,same_state,-1,-1.0,-1.2367539405822754,-0.9231805801391602,0.31357336044311523,0.0015388727188110352
1,6,task_006,paraphrase_test,paraphrase,0,same_state,-1,-1.0,-1.1557101011276245,-1.0132156610488892,0.14249444007873535,-0.0002682209014892578
1,6,task_006,paraphrase_impl,paraphrase,1,same_state,-1,-1.0,-1.1709438562393188,-0.8700947761535645,0.3008490800857544,-0.01013273000717163
1,10,task_010,canonical_test,canonical,0,same_state,-1,-1.0,-0.8862564563751221,-1.0308725833892822,-0.14461612701416016,0.007417201995849609
1,10,task_010,canonical_impl,canonical,1,same_state,-1,-1.0,-0.7999240159988403,-0.7561318278312683,0.04379218816757202,-0.0015108585357666016
1,10,task_010,paraphrase_test,paraphrase,0,same_state,-1,-1.0,-0.8835457563400269,-0.991958498954773,-0.1084127426147461,-0.005909919738769531
1,10,task_010,paraphrase_impl,paraphrase,1,same_state,-1,-1.0,-0.8228234052658081,-0.8013931512832642,0.021430253982543945,-0.001407325267791748
1,14,task_014,canonical_test,canonical,0,same_state,-1,-1.0,-1.2631371021270752,-1.2741092443466187,-0.010972142219543457,8.463859558105469e-06
1,14,task_014,canonical_impl,canonical,1,same_state,-1,-1.0,-1.1702759265899658,-1.0098769664764404,0.1603989601135254,0.0013823509216308594
1,14,task_014,paraphrase_test,paraphrase,0,same_state,-1,-1.0,-1.2555806636810303,-1.179425597190857,0.07615506649017334,0.0022999048233032227
1,14,task_014,paraphrase_impl,paraphrase,1,same_state,-1,-1.0,-1.1677274703979492,-0.9476414918899536,0.2200859785079956,-0.009517371654510498
1,18,task_018,canonical_test,canonical,0,same_state,-1,-1.0,-1.2586631774902344,-1.2935999631881714,-0.03493678569793701,-0.0006129741668701172
1,18,task_018,canonical_impl,canonical,1,same_state,-1,-1.0,-1.2584021091461182,-0.9609506130218506,0.2974514961242676,0.0014808177947998047
1,18,task_018,paraphrase_test,paraphrase,0,same_state,-1,-1.0,-1.2619131803512573,-1.1323803663253784,0.1295328140258789,-0.002564668655395508
1,18,task_018,paraphrase_impl,paraphrase,1,same_state,-1,-1.0,-1.3340425491333008,-0.9631239771842957,0.3709185719490051,0.0025826692581176758
1,22,task_022,canonical_test,canonical,0,same_state,-1,-1.0,-0.9445090293884277,-1.0132850408554077,-0.06877601146697998,9.298324584960938e-05
1,22,task_022,canonical_impl,canonical,1,same_state,-1,-1.0,-0.8250213861465454,-0.7221121788024902,0.10290920734405518,0.00013566017150878906
1,22,task_022,paraphrase_test,paraphrase,0,same_state,-1,-1.0,-0.9287405014038086,-0.97206050157547,-0.04332000017166138,-0.0010890960693359375
1,22,task_022,paraphrase_impl,paraphrase,1,same_state,-1,-1.0,-0.8853146433830261,-0.801332414150238,0.08398222923278809,-0.0034093856811523438
1,26,task_026,canonical_test,canonical,0,same_state,-1,-1.0,-1.2440557479858398,-1.3121272325515747,-0.06807148456573486,-0.00013744831085205078
1,26,task_026,canonical_impl,canonical,1,same_state,-1,-1.0,-1.131548285484314,-1.0182771682739258,0.11327111721038818,-9.071826934814453e-05
1,26,task_026,paraphrase_test,paraphrase,0,same_state,-1,-1.0,-1.2212512493133545,-1.1916778087615967,0.029573440551757812,0.00021517276763916016
1,26,task_026,paraphrase_impl,paraphrase,1,same_state,-1,-1.0,-1.1276748180389404,-0.9638108611106873,0.16386395692825317,0.001800835132598877
1,30,task_030,canonical_test,canonical,0,same_state,-1,-1.0,-1.2973321676254272,-1.3131667375564575,-0.015834569931030273,-4.398822784423828e-05
1,30,task_030,canonical_impl,canonical,1,same_state,-1,-1.0,-1.2455034255981445,-0.9886279702186584,0.2568754553794861,0.0005120635032653809
1,30,task_030,paraphrase_test,paraphrase,0,same_state,-1,-1.0,-1.2097498178482056,-1.0738052129745483,0.13594460487365723,-0.0016845464706420898
1,30,task_030,paraphrase_impl,paraphrase,1,same_state,-1,-1.0,-1.2243247032165527,-0.9226976037025452,0.30162709951400757,-0.004311680793762207
1,34,task_034,canonical_test,canonical,0,same_state,-1,-1.0,-0.9213603734970093,-1.041431188583374,-0.12007081508636475,-0.008937954902648926
1,34,task_034,canonical_impl,canonical,1,same_state,-1,-1.0,-0.8095886707305908,-0.7261192202568054,0.0834694504737854,0.005977988243103027
1,34,task_034,paraphrase_test,paraphrase,0,same_state,-1,-1.0,-0.8655171394348145,-0.9275090098381042,-0.061991870403289795,-0.0030539631843566895
1,34,task_034,paraphrase_impl,paraphrase,1,same_state,-1,-1.0,-0.8121381998062134,-0.7350249886512756,0.07711321115493774,-0.0032796859741210938
1,38,task_038,canonical_test,canonical,0,same_state,-1,-1.0,-1.2425806522369385,-1.2823461294174194,-0.03976547718048096,0.0009531974792480469
1,38,task_038,canonical_impl,canonical,1,same_state,-1,-1.0,-1.1136823892593384,-0.9763064980506897,0.13737589120864868,0.00137406587600708
1,38,task_038,paraphrase_test,paraphrase,0,same_state,-1,-1.0,-1.1963443756103516,-1.1074954271316528,0.08884894847869873,-0.00531160831451416
1,38,task_038,paraphrase_impl,paraphrase,1,same_state,-1,-1.0,-1.1248191595077515,-0.8883315920829773,0.23648756742477417,-0.003009796142578125
1,42,task_042,canonical_test,canonical,0,same_state,-1,-1.0,-1.2037943601608276,-1.2918256521224976,-0.08803129196166992,-0.0039861202239990234
1,42,task_042,canonical_impl,canonical,1,same_state,-1,-1.0,-1.1353075504302979,-0.9036210179328918,0.231686532497406,-0.002091705799102783
1,42,task_042,paraphrase_test,paraphrase,0,same_state,-1,-1.0,-1.211033582687378,-1.1408088207244873,0.07022476196289062,-0.000513911247253418
1,42,task_042,paraphrase_impl,paraphrase,1,same_state,-1,-1.0,-1.2242188453674316,-0.9447540044784546,0.27946484088897705,-0.013766467571258545
1,46,task_046,canonical_test,canonical,0,same_state,-1,-1.0,-0.9345921277999878,-1.0136576890945435,-0.07906556129455566,-0.007516264915466309
1,46,task_046,canonical_impl,canonical,1,same_state,-1,-1.0,-0.831795871257782,-0.7122863531112671,0.11950951814651489,-7.11679458618164e-05
1,46,task_046,paraphrase_test,paraphrase,0,same_state,-1,-1.0,-0.916606068611145,-0.9637215733528137,-0.0471155047416687,-0.0029717683792114258
1,46,task_046,paraphrase_impl,paraphrase,1,same_state,-1,-1.0,-0.8633109331130981,-0.7490373253822327,0.11427360773086548,-0.0015439391136169434
1,2,task_002,canonical_test,canonical,0,same_state,-1,1.0,-1.2384003400802612,-1.3070213794708252,-0.06862103939056396,0.008765339851379395
1,2,task_002,canonical_impl,canonical,1,same_state,-1,1.0,-1.1192705631256104,-0.9709636569023132,0.14830690622329712,0.002004384994506836
1,2,task_002,paraphrase_test,paraphrase,0,same_state,-1,1.0,-1.2346268892288208,-1.1998006105422974,0.03482627868652344,0.008820414543151855
1,2,task_002,paraphrase_impl,paraphrase,1,same_state,-1,1.0,-1.1254843473434448,-0.9389371275901794,0.18654721975326538,0.005602419376373291
1,6,task_006,canonical_test,canonical,0,same_state,-1,1.0,-1.242068886756897,-1.2440025806427002,-0.0019336938858032227,-0.0011138916015625
1,6,task_006,canonical_impl,canonical,1,same_state,-1,1.0,-1.2345746755599976,-0.9145435094833374,0.32003116607666016,0.007996678352355957
1,6,task_006,paraphrase_test,paraphrase,0,same_state,-1,1.0,-1.1670687198638916,-1.0212326049804688,0.14583611488342285,0.003073453903198242
1,6,task_006,paraphrase_impl,paraphrase,1,same_state,-1,1.0,-1.1898926496505737,-0.8761773705482483,0.31371527910232544,0.002733469009399414
1,10,task_010,canonical_test,canonical,0,same_state,-1,1.0,-0.8868104815483093,-1.0387308597564697,-0.1519203782081604,0.00011295080184936523
1,10,task_010,canonical_impl,canonical,1,same_state,-1,1.0,-0.8148579597473145,-0.7667613625526428,0.04809659719467163,0.002793550491333008
1,10,task_010,paraphrase_test,paraphrase,0,same_state,-1,1.0,-0.9029406309127808,-1.0055078268051147,-0.10256719589233398,-6.437301635742188e-05
1,10,task_010,paraphrase_impl,paraphrase,1,same_state,-1,1.0,-0.8376657366752625,-0.8118683099746704,0.02579742670059204,0.0029598474502563477
1,14,task_014,canonical_test,canonical,0,same_state,-1,1.0,-1.251220464706421,-1.2662700414657593,-0.015049576759338379,-0.004068970680236816
1,14,task_014,canonical_impl,canonical,1,same_state,-1,1.0,-1.1623027324676514,-1.003813624382019,0.15848910808563232,-0.000527501106262207
1,14,task_014,paraphrase_test,paraphrase,0,same_state,-1,1.0,-1.2557885646820068,-1.1717991828918457,0.08398938179016113,0.010134220123291016
1,14,task_014,paraphrase_impl,paraphrase,1,same_state,-1,1.0,-1.1752785444259644,-0.9531115293502808,0.2221670150756836,-0.00743633508682251
1,18,task_018,canonical_test,canonical,0,same_state,-1,1.0,-1.2541078329086304,-1.2895708084106445,-0.03546297550201416,-0.0011391639709472656
1,18,task_018,canonical_impl,canonical,1,same_state,-1,1.0,-1.2602286338806152,-0.9622276425361633,0.2980009913444519,0.002030313014984131
1,18,task_018,paraphrase_test,paraphrase,0,same_state,-1,1.0,-1.2687230110168457,-1.1374969482421875,0.1312260627746582,-0.0008714199066162109
1,18,task_018,paraphrase_impl,paraphrase,1,same_state,-1,1.0,-1.3458476066589355,-0.9714970588684082,0.37435054779052734,0.006014645099639893
1,22,task_022,canonical_test,canonical,0,same_state,-1,1.0,-0.953690767288208,-1.0197840929031372,-0.0660933256149292,0.0027756690979003906
1,22,task_022,canonical_impl,canonical,1,same_state,-1,1.0,-0.8252338767051697,-0.7221622467041016,0.10307163000106812,0.0002980828285217285
1,22,task_022,paraphrase_test,paraphrase,0,same_state,-1,1.0,-0.9341100454330444,-0.9759986996650696,-0.041888654232025146,0.00034224987030029297
1,22,task_022,paraphrase_impl,paraphrase,1,same_state,-1,1.0,-0.9017584323883057,-0.8055145740509033,0.09624385833740234,0.008852243423461914
1,26,task_026,canonical_test,canonical,0,same_state,-1,1.0,-1.2518502473831177,-1.3176409006118774,-0.06579065322875977,0.002143383026123047
1,26,task_026,canonical_impl,canonical,1,same_state,-1,1.0,-1.1337885856628418,-1.019973874092102,0.11381471157073975,0.00045287609100341797
1,26,task_026,paraphrase_test,paraphrase,0,same_state,-1,1.0,-1.2200298309326172,-1.1836049556732178,0.036424875259399414,0.007066607475280762
1,26,task_026,paraphrase_impl,paraphrase,1,same_state,-1,1.0,-1.1372592449188232,-0.9713982939720154,0.16586095094680786,0.0037978291511535645
1,30,task_030,canonical_test,canonical,0,same_state,-1,1.0,-1.3055133819580078,-1.318970799446106,-0.013457417488098145,0.0023331642150878906
1,30,task_030,canonical_impl,canonical,1,same_state,-1,1.0,-1.2438209056854248,-0.9871139526367188,0.25670695304870605,0.00034356117248535156
1,30,task_030,paraphrase_test,paraphrase,0,same_state,-1,1.0,-1.221642017364502,-1.08212149143219,0.139520525932312,0.0018913745880126953
1,30,task_030,paraphrase_impl,paraphrase,1,same_state,-1,1.0,-1.235223650932312,-0.930335521697998,0.30488812923431396,-0.0010506510734558105
1,34,task_034,canonical_test,canonical,0,same_state,-1,1.0,-0.9262823462486267,-1.0375580787658691,-0.11127573251724243,-0.00014287233352661133
1,34,task_034,canonical_impl,canonical,1,same_state,-1,1.0,-0.8198100328445435,-0.7332208752632141,0.08658915758132935,0.009097695350646973
1,34,task_034,paraphrase_test,paraphrase,0,same_state,-1,1.0,-0.876217246055603,-0.9350559115409851,-0.05883866548538208,9.924173355102539e-05
1,34,task_034,paraphrase_impl,paraphrase,1,same_state,-1,1.0,-0.8271233439445496,-0.7529551982879639,0.0741681456565857,-0.0062247514724731445
1,38,task_038,canonical_test,canonical,0,same_state,-1,1.0,-1.2382440567016602,-1.2786891460418701,-0.04044508934020996,0.00027358531951904297
1,38,task_038,canonical_impl,canonical,1,same_state,-1,1.0,-1.1155486106872559,-0.9781496524810791,0.13739895820617676,0.0013971328735351562
1,38,task_038,paraphrase_test,paraphrase,0,same_state,-1,1.0,-1.1957473754882812,-1.0998660326004028,0.09588134288787842,0.0017207860946655273
1,38,task_038,paraphrase_impl,paraphrase,1,same_state,-1,1.0,-1.1358606815338135,-0.8961000442504883,0.2397606372833252,0.0002632737159729004
1,42,task_042,canonical_test,canonical,0,same_state,-1,1.0,-1.2138586044311523,-1.2989646196365356,-0.0851060152053833,-0.0010608434677124023
1,42,task_042,canonical_impl,canonical,1,same_state,-1,1.0,-1.1446881294250488,-0.9105800986289978,0.23410803079605103,0.00032979249954223633
1,42,task_042,paraphrase_test,paraphrase,0,same_state,-1,1.0,-1.214177131652832,-1.1429051160812378,0.07127201557159424,0.0005333423614501953
1,42,task_042,paraphrase_impl,paraphrase,1,same_state,-1,1.0,-1.2428497076034546,-0.9431162476539612,0.2997334599494934,0.0065021514892578125
1,46,task_046,canonical_test,canonical,0,same_state,-1,1.0,-0.9395772814750671,-1.0098161697387695,-0.07023888826370239,0.0013104081153869629
1,46,task_046,canonical_impl,canonical,1,same_state,-1,1.0,-0.8322789669036865,-0.712736189365387,0.11954277753829956,-3.790855407714844e-05
1,46,task_046,paraphrase_test,paraphrase,0,same_state,-1,1.0,-0.92699134349823,-0.9710633754730225,-0.04407203197479248,7.170438766479492e-05
1,46,task_046,paraphrase_impl,paraphrase,1,same_state,-1,1.0,-0.874026894569397,-0.7565895318984985,0.11743736267089844,0.0016198158264160156
1,2,task_002,canonical_test,canonical,0,random,0,-1.0,-1.2385711669921875,-1.3064099550247192,-0.06783878803253174,0.009547591209411621
1,2,task_002,canonical_impl,canonical,1,random,0,-1.0,-1.125690221786499,-0.9693042635917664,0.15638595819473267,0.010083436965942383
1,2,task_002,paraphrase_test,paraphrase,0,random,0,-1.0,-1.234367847442627,-1.2066527605056763,0.027715086936950684,0.0017092227935791016
1,2,task_002,paraphrase_impl,paraphrase,1,random,0,-1.0,-1.1359187364578247,-0.9463019967079163,0.18961673974990845,0.008671939373016357
1,6,task_006,canonical_test,canonical,0,random,0,-1.0,-1.2438952922821045,-1.2452903985977173,-0.001395106315612793,-0.0005753040313720703
1,6,task_006,canonical_impl,canonical,1,random,0,-1.0,-1.2427507638931274,-0.9200524687767029,0.32269829511642456,0.010663807392120361
1,6,task_006,paraphrase_test,paraphrase,0,random,0,-1.0,-1.1630661487579346,-1.0184088945388794,0.14465725421905518,0.0018945932388305664
1,6,task_006,paraphrase_impl,paraphrase,1,random,0,-1.0,-1.1927084922790527,-0.8780609369277954,0.3146475553512573,0.003665745258331299
1,10,task_010,canonical_test,canonical,0,random,0,-1.0,-0.8815429210662842,-1.0351293087005615,-0.15358638763427734,-0.0015530586242675781
1,10,task_010,canonical_impl,canonical,1,random,0,-1.0,-0.8047922849655151,-0.7595393061637878,0.045252978801727295,-5.0067901611328125e-05
1,10,task_010,paraphrase_test,paraphrase,0,random,0,-1.0,-0.9030390977859497,-1.0056475400924683,-0.10260844230651855,-0.00010561943054199219
1,10,task_010,paraphrase_impl,paraphrase,1,random,0,-1.0,-0.8277182579040527,-0.8049243688583374,0.022793889045715332,-4.369020462036133e-05
1,14,task_014,canonical_test,canonical,0,random,0,-1.0,-1.2603273391723633,-1.2794874906539917,-0.019160151481628418,-0.008179545402526855
1,14,task_014,canonical_impl,canonical,1,random,0,-1.0,-1.165856122970581,-1.006299376487732,0.15955674648284912,0.0005401372909545898
1,14,task_014,paraphrase_test,paraphrase,0,random,0,-1.0,-1.2506262063980103,-1.1754637956619263,0.07516241073608398,0.0013072490692138672
1,14,task_014,paraphrase_impl,paraphrase,1,random,0,-1.0,-1.1799489259719849,-0.9493114352226257,0.23063749074935913,0.0010341405868530273
1,18,task_018,canonical_test,canonical,0,random,0,-1.0,-1.2631460428237915,-1.2963194847106934,-0.033173441886901855,0.001150369644165039
1,18,task_018,canonical_impl,canonical,1,random,0,-1.0,-1.2534031867980957,-0.9577922821044922,0.2956109046936035,-0.0003597736358642578
1,18,task_018,paraphrase_test,paraphrase,0,random,0,-1.0,-1.2687073945999146,-1.1374850273132324,0.13122236728668213,-0.0008751153945922852
1,18,task_018,paraphrase_impl,paraphrase,1,random,0,-1.0,-1.3327691555023193,-0.9696300625801086,0.3631390929222107,-0.005196809768676758
1,22,task_022,canonical_test,canonical,0,random,0,-1.0,-0.9483810663223267,-1.0160276889801025,-0.06764662265777588,0.001222372055053711
1,22,task_022,canonical_impl,canonical,1,random,0,-1.0,-0.8293507099151611,-0.7251713871955872,0.10417932271957397,0.0014057755470275879
1,22,task_022,paraphrase_test,paraphrase,0,random,0,-1.0,-0.9325211048126221,-0.9748784303665161,-0.04235732555389404,-0.00012642145156860352
1,22,task_022,paraphrase_impl,paraphrase,1,random,0,-1.0,-0.901157557964325,-0.812436044216156,0.08872151374816895,0.0013298988342285156
1,26,task_026,canonical_test,canonical,0,random,0,-1.0,-1.2432383298873901,-1.3115472793579102,-0.06830894947052002,-0.00037491321563720703
1,26,task_026,canonical_impl,canonical,1,random,0,-1.0,-1.133784294128418,-1.0204131603240967,0.11337113380432129,9.298324584960938e-06
1,26,task_026,paraphrase_test,paraphrase,0,random,0,-1.0,-1.2150722742080688,-1.1874487400054932,0.027623534202575684,-0.0017347335815429688
1,26,task_026,paraphrase_impl,paraphrase,1,random,0,-1.0,-1.1349018812179565,-0.9693629145622253,0.1655389666557312,0.0034758448600769043
1,30,task_030,canonical_test,canonical,0,random,0,-1.0,-1.3027795553207397,-1.316569447517395,-0.013789892196655273,0.0020006895065307617
1,30,task_030,canonical_impl,canonical,1,random,0,-1.0,-1.2351922988891602,-0.9813416600227356,0.25385063886642456,-0.0025127530097961426
1,30,task_030,paraphrase_test,paraphrase,0,random,0,-1.0,-1.2168428897857666,-1.078959584236145,0.13788330554962158,0.0002541542053222656
1,30,task_030,paraphrase_impl,paraphrase,1,random,0,-1.0,-1.229536771774292,-0.9263226985931396,0.30321407318115234,-0.0027247071266174316
1,34,task_034,canonical_test,canonical,0,random,0,-1.0,-0.9222990870475769,-1.0347365140914917,-0.1124374270439148,-0.0013045668601989746
1,34,task_034,canonical_impl,canonical,1,random,0,-1.0,-0.8197123408317566,-0.7331544160842896,0.08655792474746704,0.009066462516784668
1,34,task_034,paraphrase_test,paraphrase,0,random,0,-1.0,-0.876586377620697,-0.9425498843193054,-0.0659635066986084,-0.007025599479675293
1,34,task_034,paraphrase_impl,paraphrase,1,random,0,-1.0,-0.8181630969047546,-0.7392058372497559,0.07895725965499878,-0.0014356374740600586
1,38,task_038,canonical_test,canonical,0,random,0,-1.0,-1.2381436824798584,-1.2786126136779785,-0.04046893119812012,0.0002497434616088867
1,38,task_038,canonical_impl,canonical,1,random,0,-1.0,-1.1242539882659912,-0.9847611784934998,0.13949280977249146,0.0034909844398498535
1,38,task_038,paraphrase_test,paraphrase,0,random,0,-1.0,-1.1963562965393066,-1.092798113822937,0.10355818271636963,0.009397625923156738
1,38,task_038,paraphrase_impl,paraphrase,1,random,0,-1.0,-1.139718770980835,-0.898861825466156,0.24085694551467896,0.0013595819473266602
1,42,task_042,canonical_test,canonical,0,random,0,-1.0,-1.2085769176483154,-1.2947731018066406,-0.0861961841583252,-0.002151012420654297
1,42,task_042,canonical_impl,canonical,1,random,0,-1.0,-1.140302062034607,-0.9071442484855652,0.23315781354904175,-0.000620424747467041
1,42,task_042,paraphrase_test,paraphrase,0,random,0,-1.0,-1.209144949913025,-1.1394691467285156,0.06967580318450928,-0.0010628700256347656
1,42,task_042,paraphrase_impl,paraphrase,1,random,0,-1.0,-1.2430872917175293,-0.9506317377090454,0.2924555540084839,-0.000775754451751709
1,46,task_046,canonical_test,canonical,0,random,0,-1.0,-0.9299180507659912,-1.0030097961425781,-0.07309174537658691,-0.0015424489974975586
1,46,task_046,canonical_impl,canonical,1,random,0,-1.0,-0.8268453478813171,-0.7089044451713562,0.11794090270996094,-0.0016397833824157715
1,46,task_046,paraphrase_test,paraphrase,0,random,0,-1.0,-0.9205862283706665,-0.9665403962135315,-0.04595416784286499,-0.0018104314804077148
1,46,task_046,paraphrase_impl,paraphrase,1,random,0,-1.0,-0.8698369860649109,-0.7463703155517578,0.12346667051315308,0.007649123668670654
1,2,task_002,canonical_test,canonical,0,random,0,1.0,-1.2429299354553223,-1.3175554275512695,-0.07462549209594727,0.0027608871459960938
1,2,task_002,canonical_impl,canonical,1,random,0,1.0,-1.1211053133010864,-0.9653883576393127,0.15571695566177368,0.009414434432983398
1,2,task_002,paraphrase_test,paraphrase,0,random,0,1.0,-1.2295522689819336,-1.2035775184631348,0.025974750518798828,-3.1113624572753906e-05
1,2,task_002,paraphrase_impl,paraphrase,1,random,0,1.0,-1.1206077337265015,-0.943075954914093,0.17753177881240845,-0.0034130215644836426
1,6,task_006,canonical_test,canonical,0,random,0,1.0,-1.2424051761627197,-1.2442494630813599,-0.0018442869186401367,-0.001024484634399414
1,6,task_006,canonical_impl,canonical,1,random,0,1.0,-1.230344533920288,-0.9189227223396301,0.31142181158065796,-0.0006126761436462402
1,6,task_006,paraphrase_test,paraphrase,0,random,0,1.0,-1.1613432168960571,-1.0173810720443726,0.14396214485168457,0.001199483871459961
1,6,task_006,paraphrase_impl,paraphrase,1,random,0,1.0,-1.1894810199737549,-0.8757818937301636,0.3136991262435913,0.002717316150665283
1,10,task_010,canonical_test,canonical,0,random,0,1.0,-0.8915907740592957,-1.042233943939209,-0.15064316987991333,0.0013901591300964355
1,10,task_010,canonical_impl,canonical,1,random,0,1.0,-0.8050701022148132,-0.7598505020141602,0.045219600200653076,-8.344650268554688e-05
1,10,task_010,paraphrase_test,paraphrase,0,random,0,1.0,-0.8976650238037109,-1.001781940460205,-0.10411691665649414,-0.0016140937805175781
1,10,task_010,paraphrase_impl,paraphrase,1,random,0,1.0,-0.8224225044250488,-0.8012611865997314,0.021161317825317383,-0.0016762614250183105
1,14,task_014,canonical_test,canonical,0,random,0,1.0,-1.2635493278503418,-1.2817593812942505,-0.01821005344390869,-0.007229447364807129
1,14,task_014,canonical_impl,canonical,1,random,0,1.0,-1.1641173362731934,-0.9977298974990845,0.1663874387741089,0.0073708295822143555
1,14,task_014,paraphrase_test,paraphrase,0,random,0,1.0,-1.2413328886032104,-1.1693787574768066,0.07195413112640381,-0.0019010305404663086
1,14,task_014,paraphrase_impl,paraphrase,1,random,0,1.0,-1.16581130027771,-0.9462594389915466,0.21955186128616333,-0.010051488876342773
1,18,task_018,canonical_test,canonical,0,random,0,1.0,-1.2690000534057617,-1.3005260229110718,-0.03152596950531006,0.002797842025756836
1,18,task_018,canonical_impl,canonical,1,random,0,1.0,-1.240506887435913,-0.948345422744751,0.2921614646911621,-0.003809213638305664
1,18,task_018,paraphrase_test,paraphrase,0,random,0,1.0,-1.2718359231948853,-1.1393948793411255,0.13244104385375977,0.00034356117248535156
1,18,task_018,paraphrase_impl,paraphrase,1,random,0,1.0,-1.3257277011871338,-0.9572584629058838,0.36846923828125,0.00013333559036254883
1,22,task_022,canonical_test,canonical,0,random,0,1.0,-0.9489519000053406,-1.0236585140228271,-0.07470661401748657,-0.005837619304656982
1,22,task_022,canonical_impl,canonical,1,random,0,1.0,-0.8303213119506836,-0.7258565425872803,0.10446476936340332,0.0016912221908569336
1,22,task_022,paraphrase_test,paraphrase,0,random,0,1.0,-0.9334142208099365,-0.975354015827179,-0.04193979501724243,0.0002911090850830078
1,22,task_022,paraphrase_impl,paraphrase,1,random,0,1.0,-0.8858248591423035,-0.8016162514686584,0.08420860767364502,-0.00318300724029541
1,26,task_026,canonical_test,canonical,0,random,0,1.0,-1.25636887550354,-1.3208340406417847,-0.06446516513824463,0.0034688711166381836
1,26,task_026,canonical_impl,canonical,1,random,0,1.0,-1.1308130025863647,-1.0178731679916382,0.11293983459472656,-0.0004220008850097656
1,26,task_026,paraphrase_test,paraphrase,0,random,0,1.0,-1.216617465019226,-1.1884278059005737,0.028189659118652344,-0.0011686086654663086
1,26,task_026,paraphrase_impl,paraphrase,1,random,0,1.0,-1.1276731491088867,-0.9716179966926575,0.15605515241622925,-0.006007969379425049
1,30,task_030,canonical_test,canonical,0,random,0,1.0,-1.3038129806518555,-1.3173143863677979,-0.013501405715942383,0.0022891759872436523
1,30,task_030,canonical_impl,canonical,1,random,0,1.0,-1.2456355094909668,-0.9887996912002563,0.25683581829071045,0.0004724264144897461
1,30,task_030,paraphrase_test,paraphrase,0,random,0,1.0,-1.2182537317276,-1.0798088312149048,0.1384449005126953,0.0008157491683959961
1,30,task_030,paraphrase_impl,paraphrase,1,random,0,1.0,-1.2249336242675781,-0.9230694770812988,0.3018641471862793,-0.0040746331214904785
1,34,task_034,canonical_test,canonical,0,random,0,1.0,-0.9214138388633728,-1.033886194229126,-0.11247235536575317,-0.0013394951820373535
1,34,task_034,canonical_impl,canonical,1,random,0,1.0,-0.8152066469192505,-0.729972243309021,0.08523440361022949,0.007742941379547119
1,34,task_034,paraphrase_test,paraphrase,0,random,0,1.0,-0.861707866191864,-0.9248129725456238,-0.06310510635375977,-0.00416719913482666
1,34,task_034,paraphrase_impl,paraphrase,1,random,0,1.0,-0.8130230903625488,-0.7357168197631836,0.07730627059936523,-0.0030866265296936035
1,38,task_038,canonical_test,canonical,0,random,0,1.0,-1.2350890636444092,-1.275823950767517,-0.04073488712310791,-1.621246337890625e-05
1,38,task_038,canonical_impl,canonical,1,random,0,1.0,-1.1105964183807373,-0.974639892578125,0.1359565258026123,-4.5299530029296875e-05
1,38,task_038,paraphrase_test,paraphrase,0,random,0,1.0,-1.1976218223571777,-1.0936615467071533,0.10396027565002441,0.009799718856811523
1,38,task_038,paraphrase_impl,paraphrase,1,random,0,1.0,-1.1255820989608765,-0.8888453245162964,0.23673677444458008,-0.002760589122772217
1,42,task_042,canonical_test,canonical,0,random,0,1.0,-1.2103195190429688,-1.2956069707870483,-0.08528745174407959,-0.0012422800064086914
1,42,task_042,canonical_impl,canonical,1,random,0,1.0,-1.1358275413513184,-0.9043393135070801,0.23148822784423828,-0.002290010452270508
1,42,task_042,paraphrase_test,paraphrase,0,random,0,1.0,-1.2120881080627441,-1.14153254032135,0.07055556774139404,-0.00018310546875
1,42,task_042,paraphrase_impl,paraphrase,1,random,0,1.0,-1.2399547100067139,-0.9409345984458923,0.29902011156082153,0.0057888031005859375
1,46,task_046,canonical_test,canonical,0,random,0,1.0,-0.9303381443023682,-1.003557562828064,-0.0732194185256958,-0.0016701221466064453
1,46,task_046,canonical_impl,canonical,1,random,0,1.0,-0.8274821043014526,-0.709247887134552,0.11823421716690063,-0.0013464689254760742
1,46,task_046,paraphrase_test,paraphrase,0,random,0,1.0,-0.9221529364585876,-0.9602967500686646,-0.038143813610076904,0.005999922752380371
1,46,task_046,paraphrase_impl,paraphrase,1,random,0,1.0,-0.8603035807609558,-0.739637017250061,0.12066656351089478,0.0048490166664123535
1,2,task_002,canonical_test,canonical,0,random,1,-1.0,-1.2339304685592651,-1.3038688898086548,-0.06993842124938965,0.007447957992553711
1,2,task_002,canonical_impl,canonical,1,random,1,-1.0,-1.1175508499145508,-0.9697826504707336,0.14776819944381714,0.0014656782150268555
1,2,task_002,paraphrase_test,paraphrase,0,random,1,-1.0,-1.229193091392517,-1.1962313652038574,0.03296172618865967,0.006955862045288086
1,2,task_002,paraphrase_impl,paraphrase,1,random,1,-1.0,-1.1233575344085693,-0.937433123588562,0.18592441082000732,0.004979610443115234
1,6,task_006,canonical_test,canonical,0,random,1,-1.0,-1.2263531684875488,-1.2328885793685913,-0.0065354108810424805,-0.005715608596801758
1,6,task_006,canonical_impl,canonical,1,random,1,-1.0,-1.224923014640808,-0.9148194193840027,0.3101035952568054,-0.0019308924674987793
1,6,task_006,paraphrase_test,paraphrase,0,random,1,-1.0,-1.1644461154937744,-1.0195763111114502,0.14486980438232422,0.0021071434020996094
1,6,task_006,paraphrase_impl,paraphrase,1,random,1,-1.0,-1.1802141666412354,-0.8693411946296692,0.31087297201156616,-0.00010883808135986328
1,10,task_010,canonical_test,canonical,0,random,1,-1.0,-0.8761805891990662,-1.0239975452423096,-0.1478169560432434,0.004216372966766357
1,10,task_010,canonical_impl,canonical,1,random,1,-1.0,-0.7941964864730835,-0.7594031095504761,0.03479337692260742,-0.010509669780731201
1,10,task_010,paraphrase_test,paraphrase,0,random,1,-1.0,-0.8832334876060486,-0.9843218326568604,-0.10108834505081177,0.001414477825164795
1,10,task_010,paraphrase_impl,paraphrase,1,random,1,-1.0,-0.811958909034729,-0.8011515140533447,0.010807394981384277,-0.012030184268951416
1,14,task_014,canonical_test,canonical,0,random,1,-1.0,-1.2459499835968018,-1.261983036994934,-0.016033053398132324,-0.005052447319030762
1,14,task_014,canonical_impl,canonical,1,random,1,-1.0,-1.1601245403289795,-1.0022680759429932,0.15785646438598633,-0.0011601448059082031
1,14,task_014,paraphrase_test,paraphrase,0,random,1,-1.0,-1.2449746131896973,-1.1720601320266724,0.0729144811630249,-0.0009406805038452148
1,14,task_014,paraphrase_impl,paraphrase,1,random,1,-1.0,-1.1585065126419067,-0.9415486454963684,0.21695786714553833,-0.012645483016967773
1,18,task_018,canonical_test,canonical,0,random,1,-1.0,-1.253003478050232,-1.2892013788223267,-0.03619790077209473,-0.001874089241027832
1,18,task_018,canonical_impl,canonical,1,random,1,-1.0,-1.2482484579086304,-0.953799307346344,0.2944491505622864,-0.0015215277671813965
1,18,task_018,paraphrase_test,paraphrase,0,random,1,-1.0,-1.2774699926376343,-1.143554449081421,0.13391554355621338,0.0018180608749389648
1,18,task_018,paraphrase_impl,paraphrase,1,random,1,-1.0,-1.3302617073059082,-0.9678530097007751,0.36240869760513306,-0.0059272050857543945
1,22,task_022,canonical_test,canonical,0,random,1,-1.0,-0.9342137575149536,-1.005807638168335,-0.07159388065338135,-0.002724885940551758
1,22,task_022,canonical_impl,canonical,1,random,1,-1.0,-0.8195073008537292,-0.7183257937431335,0.1011815071105957,-0.0015920400619506836
1,22,task_022,paraphrase_test,paraphrase,0,random,1,-1.0,-0.9280251264572144,-0.9716628789901733,-0.043637752532958984,-0.001406848430633545
1,22,task_022,paraphrase_impl,paraphrase,1,random,1,-1.0,-0.8811913728713989,-0.798352062702179,0.08283931016921997,-0.004552304744720459
1,26,task_026,canonical_test,canonical,0,random,1,-1.0,-1.236806869506836,-1.2996630668640137,-0.06285619735717773,0.005077838897705078
1,26,task_026,canonical_impl,canonical,1,random,1,-1.0,-1.1255677938461304,-1.0146018266677856,0.11096596717834473,-0.0023958683013916016
1,26,task_026,paraphrase_test,paraphrase,0,random,1,-1.0,-1.2182323932647705,-1.181736707687378,0.03649568557739258,0.007137417793273926
1,26,task_026,paraphrase_impl,paraphrase,1,random,1,-1.0,-1.1248492002487183,-0.9549129605293274,0.16993623971939087,0.007873117923736572
1,30,task_030,canonical_test,canonical,0,random,1,-1.0,-1.2942919731140137,-1.3041599988937378,-0.009868025779724121,0.005922555923461914
1,30,task_030,canonical_impl,canonical,1,random,1,-1.0,-1.2344573736190796,-0.9809140563011169,0.25354331731796265,-0.0028200745582580566
1,30,task_030,paraphrase_test,paraphrase,0,random,1,-1.0,-1.21080482006073,-1.0746952295303345,0.1361095905303955,-0.0015195608139038086
1,30,task_030,paraphrase_impl,paraphrase,1,random,1,-1.0,-1.2218042612075806,-0.9208139181137085,0.30099034309387207,-0.004948437213897705
1,34,task_034,canonical_test,canonical,0,random,1,-1.0,-0.920958936214447,-1.0409153699874878,-0.11995643377304077,-0.008823573589324951
1,34,task_034,canonical_impl,canonical,1,random,1,-1.0,-0.8095439672470093,-0.7259772419929504,0.08356672525405884,0.006075263023376465
1,34,task_034,paraphrase_test,paraphrase,0,random,1,-1.0,-0.8655175566673279,-0.9275093078613281,-0.061991751194000244,-0.0030538439750671387
1,34,task_034,paraphrase_impl,paraphrase,1,random,1,-1.0,-0.8120688199996948,-0.7349735498428345,0.07709527015686035,-0.0032976269721984863
1,38,task_038,canonical_test,canonical,0,random,1,-1.0,-1.2289299964904785,-1.2726999521255493,-0.0437699556350708,-0.003051280975341797
1,38,task_038,canonical_impl,canonical,1,random,1,-1.0,-1.10392427444458,-0.9699573516845703,0.13396692276000977,-0.002034902572631836
1,38,task_038,paraphrase_test,paraphrase,0,random,1,-1.0,-1.1870677471160889,-1.0862325429916382,0.10083520412445068,0.006674647331237793
1,38,task_038,paraphrase_impl,paraphrase,1,random,1,-1.0,-1.1171996593475342,-0.8907228112220764,0.22647684812545776,-0.013020515441894531
1,42,task_042,canonical_test,canonical,0,random,1,-1.0,-1.2024401426315308,-1.2830135822296143,-0.0805734395980835,0.0034717321395874023
1,42,task_042,canonical_impl,canonical,1,random,1,-1.0,-1.1245031356811523,-0.8960268497467041,0.22847628593444824,-0.005301952362060547
1,42,task_042,paraphrase_test,paraphrase,0,random,1,-1.0,-1.2106881141662598,-1.1331052780151367,0.07758283615112305,0.006844162940979004
1,42,task_042,paraphrase_impl,paraphrase,1,random,1,-1.0,-1.2360421419143677,-0.9383004307746887,0.29774171113967896,0.004510402679443359
1,46,task_046,canonical_test,canonical,0,random,1,-1.0,-0.9246644973754883,-0.9994074702262878,-0.07474297285079956,-0.003193676471710205
1,46,task_046,canonical_impl,canonical,1,random,1,-1.0,-0.8169238567352295,-0.7018826603889465,0.11504119634628296,-0.00453948974609375
1,46,task_046,paraphrase_test,paraphrase,0,random,1,-1.0,-0.916480302810669,-0.9561940431594849,-0.03971374034881592,0.004429996013641357
1,46,task_046,paraphrase_impl,paraphrase,1,random,1,-1.0,-0.8548343181610107,-0.7357041239738464,0.1191301941871643,0.0033126473426818848
1,2,task_002,canonical_test,canonical,0,random,1,1.0,-1.2530534267425537,-1.3173317909240723,-0.06427836418151855,0.013108015060424805
1,2,task_002,canonical_impl,canonical,1,random,1,1.0,-1.1435842514038086,-0.9885541200637817,0.15503013134002686,0.008727610111236572
1,2,task_002,paraphrase_test,paraphrase,0,random,1,1.0,-1.2341866493225098,-1.2068382501602173,0.02734839916229248,0.0013425350189208984
1,2,task_002,paraphrase_impl,paraphrase,1,random,1,1.0,-1.126495361328125,-0.9398790001869202,0.18661636114120483,0.005671560764312744
1,6,task_006,canonical_test,canonical,0,random,1,1.0,-1.2483558654785156,-1.2484359741210938,-8.0108642578125e-05,0.0007396936416625977
1,6,task_006,canonical_impl,canonical,1,random,1,1.0,-1.2502095699310303,-0.9326838254928589,0.3175257444381714,0.0054912567138671875
1,6,task_006,paraphrase_test,paraphrase,0,random,1,1.0,-1.1710021495819092,-1.0240073204040527,0.14699482917785645,0.004232168197631836
1,6,task_006,paraphrase_impl,paraphrase,1,random,1,1.0,-1.1945438385009766,-0.8792800903320312,0.3152637481689453,0.004281938076019287
1,10,task_010,canonical_test,canonical,0,random,1,1.0,-0.9018067121505737,-1.0493122339248657,-0.147505521774292,0.0045278072357177734
1,10,task_010,canonical_impl,canonical,1,random,1,1.0,-0.8107904195785522,-0.7638029456138611,0.04698747396469116,0.001684427261352539
1,10,task_010,paraphrase_test,paraphrase,0,random,1,1.0,-0.9034625887870789,-1.005881667137146,-0.10241907835006714,8.374452590942383e-05
1,10,task_010,paraphrase_impl,paraphrase,1,random,1,1.0,-0.8332828879356384,-0.8087819218635559,0.02450096607208252,0.0016633868217468262
1,14,task_014,canonical_test,canonical,0,random,1,1.0,-1.2658255100250244,-1.2760047912597656,-0.010179281234741211,0.0008013248443603516
1,14,task_014,canonical_impl,canonical,1,random,1,1.0,-1.1705422401428223,-1.0022411346435547,0.16830110549926758,0.009284496307373047
1,14,task_014,paraphrase_test,paraphrase,0,random,1,1.0,-1.255684733390808,-1.17947256565094,0.07621216773986816,0.002357006072998047
1,14,task_014,paraphrase_impl,paraphrase,1,random,1,1.0,-1.1805073022842407,-0.9570872187614441,0.22342008352279663,-0.006183266639709473
1,18,task_018,canonical_test,canonical,0,random,1,1.0,-1.2647901773452759,-1.2975102663040161,-0.032720088958740234,0.0016037225723266602
1,18,task_018,canonical_impl,canonical,1,random,1,1.0,-1.2700942754745483,-0.9691451787948608,0.3009490966796875,0.0049784183502197266
1,18,task_018,paraphrase_test,paraphrase,0,random,1,1.0,-1.2676632404327393,-1.1364420652389526,0.13122117519378662,-0.000876307487487793
1,18,task_018,paraphrase_impl,paraphrase,1,random,1,1.0,-1.3393887281417847,-0.9742448329925537,0.36514389514923096,-0.003192007541656494
1,22,task_022,canonical_test,canonical,0,random,1,1.0,-0.9593808650970459,-1.0310046672821045,-0.0716238021850586,-0.002754807472229004
1,22,task_022,canonical_impl,canonical,1,random,1,1.0,-0.8357073068618774,-0.7296499013900757,0.10605740547180176,0.003283858299255371
1,22,task_022,paraphrase_test,paraphrase,0,random,1,1.0,-0.9434331655502319,-0.9824376702308655,-0.039004504680633545,0.0032263994216918945
1,22,task_022,paraphrase_impl,paraphrase,1,random,1,1.0,-0.90647292137146,-0.8161738514900208,0.09029906988143921,0.0029074549674987793
1,26,task_026,canonical_test,canonical,0,random,1,1.0,-1.2606152296066284,-1.3238502740859985,-0.06323504447937012,0.004698991775512695
1,26,task_026,canonical_impl,canonical,1,random,1,1.0,-1.145979881286621,-1.0290215015411377,0.1169583797454834,0.0035965442657470703
1,26,task_026,paraphrase_test,paraphrase,0,random,1,1.0,-1.2252795696258545,-1.1951664686203003,0.0301131010055542,0.0007548332214355469
1,26,task_026,paraphrase_impl,paraphrase,1,random,1,1.0,-1.13242769241333,-0.9679457545280457,0.16448193788528442,0.002418816089630127
1,30,task_030,canonical_test,canonical,0,random,1,1.0,-1.3037588596343994,-1.3177032470703125,-0.013944387435913086,0.0018461942672729492
1,30,task_030,canonical_impl,canonical,1,random,1,1.0,-1.2458202838897705,-0.9883294701576233,0.2574908137321472,0.0011274218559265137
1,30,task_030,paraphrase_test,paraphrase,0,random,1,1.0,-1.2173821926116943,-1.0792746543884277,0.1381075382232666,0.00047838687896728516
1,30,task_030,paraphrase_impl,paraphrase,1,random,1,1.0,-1.2319854497909546,-0.9281054139137268,0.3038800358772278,-0.002058744430541992
1,34,task_034,canonical_test,canonical,0,random,1,1.0,-0.9365234375,-1.0447790622711182,-0.10825562477111816,0.0028772354125976562
1,34,task_034,canonical_impl,canonical,1,random,1,1.0,-0.8201779723167419,-0.7334818243980408,0.08669614791870117,0.009204685688018799
1,34,task_034,paraphrase_test,paraphrase,0,random,1,1.0,-0.890964925289154,-0.9454728364944458,-0.05450791120529175,0.004429996013641357
1,34,task_034,paraphrase_impl,paraphrase,1,random,1,1.0,-0.8280302882194519,-0.7535248398780823,0.07450544834136963,-0.005887448787689209
1,38,task_038,canonical_test,canonical,0,random,1,1.0,-1.2487304210662842,-1.2854558229446411,-0.036725401878356934,0.00399327278137207
1,38,task_038,canonical_impl,canonical,1,random,1,1.0,-1.1306064128875732,-0.9882516264915466,0.1423547863960266,0.00635296106338501
1,38,task_038,paraphrase_test,paraphrase,0,random,1,1.0,-1.2080371379852295,-1.1010470390319824,0.10699009895324707,0.01282954216003418
1,38,task_038,paraphrase_impl,paraphrase,1,random,1,1.0,-1.1443276405334473,-0.901620090007782,0.24270755052566528,0.0032101869583129883
1,42,task_042,canonical_test,canonical,0,random,1,1.0,-1.230553388595581,-1.309361457824707,-0.07880806922912598,0.005237102508544922
1,42,task_042,canonical_impl,canonical,1,random,1,1.0,-1.1428451538085938,-0.9088684320449829,0.23397672176361084,0.00019848346710205078
1,42,task_042,paraphrase_test,paraphrase,0,random,1,1.0,-1.2211469411849976,-1.1480575799942017,0.0730893611907959,0.0023506879806518555
1,42,task_042,paraphrase_impl,paraphrase,1,random,1,1.0,-1.242118239402771,-0.9499111175537109,0.29220712184906006,-0.0010241866111755371
1,46,task_046,canonical_test,canonical,0,random,1,1.0,-0.9456883668899536,-1.014249324798584,-0.06856095790863037,0.0029883384704589844
1,46,task_046,canonical_impl,canonical,1,random,1,1.0,-0.8437666893005371,-0.7134963870048523,0.13027030229568481,0.010689616203308105
1,46,task_046,paraphrase_test,paraphrase,0,random,1,1.0,-0.9254773855209351,-0.969933032989502,-0.044455647468566895,-0.00031191110610961914
1,46,task_046,paraphrase_impl,paraphrase,1,random,1,1.0,-0.8794118762016296,-0.7604811191558838,0.11893075704574585,0.0031132102012634277
1,2,task_002,canonical_test,canonical,0,random,2,-1.0,-1.239579677581787,-1.3071461915969849,-0.06756651401519775,0.009819865226745605
1,2,task_002,canonical_impl,canonical,1,random,2,-1.0,-1.1236071586608887,-0.9667087197303772,0.15689843893051147,0.010595917701721191
1,2,task_002,paraphrase_test,paraphrase,0,random,2,-1.0,-1.2313951253890991,-1.1968116760253906,0.034583449363708496,0.008577585220336914
1,2,task_002,paraphrase_impl,paraphrase,1,random,2,-1.0,-1.1227433681488037,-0.9445805549621582,0.1781628131866455,-0.002781987190246582
1,6,task_006,canonical_test,canonical,0,random,2,-1.0,-1.2417569160461426,-1.2433531284332275,-0.001596212387084961,-0.0007764101028442383
1,6,task_006,canonical_impl,canonical,1,random,2,-1.0,-1.234506368637085,-0.9144750237464905,0.3200313448905945,0.007996857166290283
1,6,task_006,paraphrase_test,paraphrase,0,random,2,-1.0,-1.1622185707092285,-1.0104670524597168,0.15175151824951172,0.00898885726928711
1,6,task_006,paraphrase_impl,paraphrase,1,random,2,-1.0,-1.1829864978790283,-0.8711996078491211,0.3117868900299072,0.0008050799369812012
1,10,task_010,canonical_test,canonical,0,random,2,-1.0,-0.896991491317749,-1.0456957817077637,-0.14870429039001465,0.003329038619995117
1,10,task_010,canonical_impl,canonical,1,random,2,-1.0,-0.8098963499069214,-0.7630582451820374,0.04683810472488403,0.0015350580215454102
1,10,task_010,paraphrase_test,paraphrase,0,random,2,-1.0,-0.9034990072250366,-1.0060510635375977,-0.10255205631256104,-4.9233436584472656e-05
1,10,task_010,paraphrase_impl,paraphrase,1,random,2,-1.0,-0.822422981262207,-0.808537483215332,0.013885498046875,-0.008952081203460693
1,14,task_014,canonical_test,canonical,0,random,2,-1.0,-1.2601127624511719,-1.2793365716934204,-0.019223809242248535,-0.008243203163146973
1,14,task_014,canonical_impl,canonical,1,random,2,-1.0,-1.1660882234573364,-1.0059936046600342,0.16009461879730225,0.0010780096054077148
1,14,task_014,paraphrase_test,paraphrase,0,random,2,-1.0,-1.2518365383148193,-1.1767492294311523,0.07508730888366699,0.001232147216796875
1,14,task_014,paraphrase_impl,paraphrase,1,random,2,-1.0,-1.174570083618164,-0.952887237071991,0.2216828465461731,-0.007920503616333008
1,18,task_018,canonical_test,canonical,0,random,2,-1.0,-1.2537329196929932,-1.290112018585205,-0.036379098892211914,-0.0020552873611450195
1,18,task_018,canonical_impl,canonical,1,random,2,-1.0,-1.253098726272583,-0.9572125673294067,0.29588615894317627,-8.45193862915039e-05
1,18,task_018,paraphrase_test,paraphrase,0,random,2,-1.0,-1.2755122184753418,-1.1421098709106445,0.13340234756469727,0.0013048648834228516
1,18,task_018,paraphrase_impl,paraphrase,1,random,2,-1.0,-1.3398642539978027,-0.967165470123291,0.3726987838745117,0.004362881183624268
1,22,task_022,canonical_test,canonical,0,random,2,-1.0,-0.9489412307739258,-1.0165270566940308,-0.06758582592010498,0.0012831687927246094
1,22,task_022,canonical_impl,canonical,1,random,2,-1.0,-0.8250442743301392,-0.7220073342323303,0.10303694009780884,0.00026339292526245117
1,22,task_022,paraphrase_test,paraphrase,0,random,2,-1.0,-0.9380075335502625,-0.9786146879196167,-0.04060715436935425,0.0016237497329711914
1,22,task_022,paraphrase_impl,paraphrase,1,random,2,-1.0,-0.8963209390640259,-0.8090048432350159,0.08731609582901001,-7.551908493041992e-05
1,26,task_026,canonical_test,canonical,0,random,2,-1.0,-1.247053861618042,-1.3063031435012817,-0.059249281883239746,0.008684754371643066
1,26,task_026,canonical_impl,canonical,1,random,2,-1.0,-1.1446152925491333,-1.028045892715454,0.1165693998336792,0.003207564353942871
1,26,task_026,paraphrase_test,paraphrase,0,random,2,-1.0,-1.2262845039367676,-1.1879175901412964,0.03836691379547119,0.009008646011352539
1,26,task_026,paraphrase_impl,paraphrase,1,random,2,-1.0,-1.1270086765289307,-0.9641321897506714,0.16287648677825928,0.0008133649826049805
1,30,task_030,canonical_test,canonical,0,random,2,-1.0,-1.3054180145263672,-1.3184453248977661,-0.013027310371398926,0.0027632713317871094
1,30,task_030,canonical_impl,canonical,1,random,2,-1.0,-1.2423958778381348,-0.993784487247467,0.24861139059066772,-0.0077520012855529785
1,30,task_030,paraphrase_test,paraphrase,0,random,2,-1.0,-1.2177197933197021,-1.0793260335922241,0.13839375972747803,0.0007646083831787109
1,30,task_030,paraphrase_impl,paraphrase,1,random,2,-1.0,-1.2367497682571411,-0.9314075112342834,0.30534225702285767,-0.0005965232849121094
1,34,task_034,canonical_test,canonical,0,random,2,-1.0,-0.9313936233520508,-1.0482853651046753,-0.11689174175262451,-0.005758881568908691
1,34,task_034,canonical_impl,canonical,1,random,2,-1.0,-0.8100828528404236,-0.72625732421875,0.08382552862167358,0.006334066390991211
1,34,task_034,paraphrase_test,paraphrase,0,random,2,-1.0,-0.8761248588562012,-0.9349972605705261,-0.05887240171432495,6.55055046081543e-05
1,34,task_034,paraphrase_impl,paraphrase,1,random,2,-1.0,-0.8226308226585388,-0.7423588037490845,0.08027201890945435,-0.00012087821960449219
1,38,task_038,canonical_test,canonical,0,random,2,-1.0,-1.2322874069213867,-1.274460792541504,-0.04217338562011719,-0.0014547109603881836
1,38,task_038,canonical_impl,canonical,1,random,2,-1.0,-1.1142175197601318,-0.9771848320960999,0.13703268766403198,0.0010308623313903809
1,38,task_038,paraphrase_test,paraphrase,0,random,2,-1.0,-1.1968553066253662,-1.0931483507156372,0.103706955909729,0.009546399116516113
1,38,task_038,paraphrase_impl,paraphrase,1,random,2,-1.0,-1.1353636980056763,-0.8961135149002075,0.23925018310546875,-0.0002471804618835449
1,42,task_042,canonical_test,canonical,0,random,2,-1.0,-1.205312728881836,-1.2924644947052002,-0.08715176582336426,-0.0031065940856933594
1,42,task_042,canonical_impl,canonical,1,random,2,-1.0,-1.1314303874969482,-0.9012101292610168,0.2302202582359314,-0.0035579800605773926
1,42,task_042,paraphrase_test,paraphrase,0,random,2,-1.0,-1.2225348949432373,-1.141710877418518,0.08082401752471924,0.010085344314575195
1,42,task_042,paraphrase_impl,paraphrase,1,random,2,-1.0,-1.2442777156829834,-0.9514327645301819,0.2928449511528015,-0.00038635730743408203
1,46,task_046,canonical_test,canonical,0,random,2,-1.0,-0.9352039694786072,-1.006735920906067,-0.07153195142745972,1.7344951629638672e-05
1,46,task_046,canonical_impl,canonical,1,random,2,-1.0,-0.8222531676292419,-0.705657958984375,0.11659520864486694,-0.0029854774475097656
1,46,task_046,paraphrase_test,paraphrase,0,random,2,-1.0,-0.9253501892089844,-0.9624703526496887,-0.037120163440704346,0.00702357292175293
1,46,task_046,paraphrase_impl,paraphrase,1,random,2,-1.0,-0.8638077974319458,-0.7494673728942871,0.11434042453765869,-0.0014771223068237305
1,2,task_002,canonical_test,canonical,0,random,2,1.0,-1.2292299270629883,-1.299842119216919,-0.07061219215393066,0.006774187088012695
1,2,task_002,canonical_impl,canonical,1,random,2,1.0,-1.122145175933838,-0.9741395115852356,0.1480056643486023,0.0017031431198120117
1,2,task_002,paraphrase_test,paraphrase,0,random,2,1.0,-1.2281635999679565,-1.2028312683105469,0.025332331657409668,-0.0006735324859619141
1,2,task_002,paraphrase_impl,paraphrase,1,random,2,1.0,-1.126957654953003,-0.9475667476654053,0.17939090728759766,-0.0015538930892944336
1,6,task_006,canonical_test,canonical,0,random,2,1.0,-1.246241569519043,-1.2469483613967896,-0.000706791877746582,0.00011301040649414062
1,6,task_006,canonical_impl,canonical,1,random,2,1.0,-1.2315564155578613,-0.9195376038551331,0.31201881170272827,-1.5676021575927734e-05
1,6,task_006,paraphrase_test,paraphrase,0,random,2,1.0,-1.1551549434661865,-1.0130218267440796,0.14213311672210693,-0.0006295442581176758
1,6,task_006,paraphrase_impl,paraphrase,1,random,2,1.0,-1.184031367301941,-0.8792946934700012,0.3047366738319397,-0.006245136260986328
1,10,task_010,canonical_test,canonical,0,random,2,1.0,-0.8862332701683044,-1.0384387969970703,-0.15220552682876587,-0.00017219781875610352
1,10,task_010,canonical_impl,canonical,1,random,2,1.0,-0.7953693866729736,-0.7529228925704956,0.04244649410247803,-0.0028565526008605957
1,10,task_010,paraphrase_test,paraphrase,0,random,2,1.0,-0.898534893989563,-1.002470850944519,-0.10393595695495605,-0.0014331340789794922
1,10,task_010,paraphrase_impl,paraphrase,1,random,2,1.0,-0.8225194811820984,-0.801251232624054,0.021268248558044434,-0.0015693306922912598
1,14,task_014,canonical_test,canonical,0,random,2,1.0,-1.2540879249572754,-1.2683141231536865,-0.014226198196411133,-0.0032455921173095703
1,14,task_014,canonical_impl,canonical,1,random,2,1.0,-1.16558837890625,-1.0061488151550293,0.1594395637512207,0.0004229545593261719
1,14,task_014,paraphrase_test,paraphrase,0,random,2,1.0,-1.2461538314819336,-1.1723238229751587,0.0738300085067749,-2.5153160095214844e-05
1,14,task_014,paraphrase_impl,paraphrase,1,random,2,1.0,-1.1626780033111572,-0.9445052742958069,0.21817272901535034,-0.011430621147155762
1,18,task_018,canonical_test,canonical,0,random,2,1.0,-1.2540981769561768,-1.2900105714797974,-0.035912394523620605,-0.001588582992553711
1,18,task_018,canonical_impl,canonical,1,random,2,1.0,-1.2600139379501343,-0.9620881676673889,0.29792577028274536,0.001955091953277588
1,18,task_018,paraphrase_test,paraphrase,0,random,2,1.0,-1.2658946514129639,-1.1353713274002075,0.13052332401275635,-0.0015741586685180664
1,18,task_018,paraphrase_impl,paraphrase,1,random,2,1.0,-1.3215930461883545,-0.9617984890937805,0.359794557094574,-0.008541345596313477
1,22,task_022,canonical_test,canonical,0,random,2,1.0,-0.9489984512329102,-1.0236740112304688,-0.0746755599975586,-0.005806565284729004
1,22,task_022,canonical_impl,canonical,1,random,2,1.0,-0.8295412063598633,-0.7254014611244202,0.10413974523544312,0.0013661980628967285
1,22,task_022,paraphrase_test,paraphrase,0,random,2,1.0,-0.9332491159439087,-0.9753352999687195,-0.04208618402481079,0.00014472007751464844
1,22,task_022,paraphrase_impl,paraphrase,1,random,2,1.0,-0.8965649604797363,-0.8092697262763977,0.08729523420333862,-9.638071060180664e-05
1,26,task_026,canonical_test,canonical,0,random,2,1.0,-1.2543556690216064,-1.3194310665130615,-0.06507539749145508,0.0028586387634277344
1,26,task_026,canonical_impl,canonical,1,random,2,1.0,-1.13563871383667,-1.0212832689285278,0.11435544490814209,0.0009936094284057617
1,26,task_026,paraphrase_test,paraphrase,0,random,2,1.0,-1.2158945798873901,-1.1880316734313965,0.027862906455993652,-0.001495361328125
1,26,task_026,paraphrase_impl,paraphrase,1,random,2,1.0,-1.122756838798523,-0.9607895016670227,0.16196733713150024,-9.578466415405273e-05
1,30,task_030,canonical_test,canonical,0,random,2,1.0,-1.307363510131836,-1.320226788520813,-0.01286327838897705,0.0029273033142089844
1,30,task_030,canonical_impl,canonical,1,random,2,1.0,-1.243807077407837,-0.9870899319648743,0.25671714544296265,0.00035375356674194336
1,30,task_030,paraphrase_test,paraphrase,0,random,2,1.0,-1.2163459062576294,-1.0858147144317627,0.1305311918258667,-0.007097959518432617
1,30,task_030,paraphrase_impl,paraphrase,1,random,2,1.0,-1.2223970890045166,-0.9212293028831482,0.3011677861213684,-0.004770994186401367
1,34,task_034,canonical_test,canonical,0,random,2,1.0,-0.9165009260177612,-1.0304183959960938,-0.11391746997833252,-0.0027846097946166992
1,34,task_034,canonical_impl,canonical,1,random,2,1.0,-0.8137913942337036,-0.7363283634185791,0.07746303081512451,-2.8431415557861328e-05
1,34,task_034,paraphrase_test,paraphrase,0,random,2,1.0,-0.871285617351532,-0.9315906763076782,-0.06030505895614624,-0.0013671517372131348
1,34,task_034,paraphrase_impl,paraphrase,1,random,2,1.0,-0.8179731369018555,-0.7391372323036194,0.07883590459823608,-0.001556992530822754
1,38,task_038,canonical_test,canonical,0,random,2,1.0,-1.2368459701538086,-1.278289556503296,-0.041443586349487305,-0.0007249116897583008
1,38,task_038,canonical_impl,canonical,1,random,2,1.0,-1.112755298614502,-0.9757370948791504,0.13701820373535156,0.001016378402709961
1,38,task_038,paraphrase_test,paraphrase,0,random,2,1.0,-1.1869454383850098,-1.0935012102127075,0.09344422817230225,-0.0007163286209106445
1,38,task_038,paraphrase_impl,paraphrase,1,random,2,1.0,-1.1330665349960327,-0.9014832377433777,0.23158329725265503,-0.007914066314697266
1,42,task_042,canonical_test,canonical,0,random,2,1.0,-1.2041265964508057,-1.291638970375061,-0.08751237392425537,-0.0034672021865844727
1,42,task_042,canonical_impl,canonical,1,random,2,1.0,-1.1364794969558716,-0.9044964909553528,0.2319830060005188,-0.0017952322959899902
1,42,task_042,paraphrase_test,paraphrase,0,random,2,1.0,-1.207815408706665,-1.1385315656661987,0.06928384304046631,-0.0014548301696777344
1,42,task_042,paraphrase_impl,paraphrase,1,random,2,1.0,-1.2362422943115234,-0.9458855986595154,0.29035669565200806,-0.002874612808227539
1,46,task_046,canonical_test,canonical,0,random,2,1.0,-0.9348095655441284,-1.0065667629241943,-0.07175719738006592,-0.0002079010009765625
1,46,task_046,canonical_impl,canonical,1,random,2,1.0,-0.8286250829696655,-0.7026893496513367,0.12593573331832886,0.0063550472259521484
1,46,task_046,paraphrase_test,paraphrase,0,random,2,1.0,-0.9151043891906738,-0.9627183079719543,-0.04761391878128052,-0.003470182418823242
1,46,task_046,paraphrase_impl,paraphrase,1,random,2,1.0,-0.8641537427902222,-0.7497115731239319,0.11444216966629028,-0.0013753771781921387
1,2,task_002,canonical_test,canonical,0,random,3,-1.0,-1.2343429327011108,-1.3108052015304565,-0.0764622688293457,0.0009241104125976562
1,2,task_002,canonical_impl,canonical,1,random,3,-1.0,-1.1273736953735352,-0.9773961305618286,0.14997756481170654,0.0036750435829162598
1,2,task_002,paraphrase_test,paraphrase,0,random,3,-1.0,-1.2448391914367676,-1.2143694162368774,0.030469775199890137,0.004463911056518555
1,2,task_002,paraphrase_impl,paraphrase,1,random,3,-1.0,-1.1380019187927246,-0.9480089545249939,0.1899929642677307,0.009048163890838623
1,6,task_006,canonical_test,canonical,0,random,3,-1.0,-1.2444403171539307,-1.2453089952468872,-0.000868678092956543,-4.887580871582031e-05
1,6,task_006,canonical_impl,canonical,1,random,3,-1.0,-1.238564133644104,-0.9169864654541016,0.32157766819000244,0.009543180465698242
1,6,task_006,paraphrase_test,paraphrase,0,random,3,-1.0,-1.158864974975586,-1.0154509544372559,0.14341402053833008,0.0006513595581054688
1,6,task_006,paraphrase_impl,paraphrase,1,random,3,-1.0,-1.1947005987167358,-0.8795102834701538,0.31519031524658203,0.004208505153656006
1,10,task_010,canonical_test,canonical,0,random,3,-1.0,-0.8869774341583252,-1.0389684438705444,-0.15199100971221924,4.2319297790527344e-05
1,10,task_010,canonical_impl,canonical,1,random,3,-1.0,-0.8097087740898132,-0.7631077766418457,0.04660099744796753,0.0012979507446289062
1,10,task_010,paraphrase_test,paraphrase,0,random,3,-1.0,-0.9033345580101013,-1.0059267282485962,-0.10259217023849487,-8.934736251831055e-05
1,10,task_010,paraphrase_impl,paraphrase,1,random,3,-1.0,-0.8328682780265808,-0.8086351156234741,0.02423316240310669,0.001395583152770996
1,14,task_014,canonical_test,canonical,0,random,3,-1.0,-1.2630383968353271,-1.2814137935638428,-0.018375396728515625,-0.0073947906494140625
1,14,task_014,canonical_impl,canonical,1,random,3,-1.0,-1.1703767776489258,-1.0095126628875732,0.16086411476135254,0.0018475055694580078
1,14,task_014,paraphrase_test,paraphrase,0,random,3,-1.0,-1.2519348859786987,-1.1768264770507812,0.07510840892791748,0.0012532472610473633
1,14,task_014,paraphrase_impl,paraphrase,1,random,3,-1.0,-1.1766917705535889,-0.9470658898353577,0.2296258807182312,2.2530555725097656e-05
1,18,task_018,canonical_test,canonical,0,random,3,-1.0,-1.2533804178237915,-1.289465069770813,-0.036084651947021484,-0.0017608404159545898
1,18,task_018,canonical_impl,canonical,1,random,3,-1.0,-1.2535860538482666,-0.9575509428977966,0.29603511095046997,6.443262100219727e-05
1,18,task_018,paraphrase_test,paraphrase,0,random,3,-1.0,-1.2703856229782104,-1.1383674144744873,0.13201820850372314,-7.927417755126953e-05
1,18,task_018,paraphrase_impl,paraphrase,1,random,3,-1.0,-1.335805892944336,-0.9643197655677795,0.3714861273765564,0.0031502246856689453
1,22,task_022,canonical_test,canonical,0,random,3,-1.0,-0.9436254501342773,-1.0125384330749512,-0.06891298294067383,-4.398822784423828e-05
1,22,task_022,canonical_impl,canonical,1,random,3,-1.0,-0.8252272009849548,-0.7222569584846497,0.10297024250030518,0.00019669532775878906
1,22,task_022,paraphrase_test,paraphrase,0,random,3,-1.0,-0.9380723834037781,-0.9786545038223267,-0.040582120418548584,0.0016487836837768555
1,22,task_022,paraphrase_impl,paraphrase,1,random,3,-1.0,-0.9011645317077637,-0.8125104308128357,0.08865410089492798,0.0012624859809875488
1,26,task_026,canonical_test,canonical,0,random,3,-1.0,-1.2485928535461426,-1.3159550428390503,-0.06736218929290771,0.0005718469619750977
1,26,task_026,canonical_impl,canonical,1,random,3,-1.0,-1.1326087713241577,-1.0190025568008423,0.11360621452331543,0.00024437904357910156
1,26,task_026,paraphrase_test,paraphrase,0,random,3,-1.0,-1.2263333797454834,-1.195306658744812,0.031026721000671387,0.0016684532165527344
1,26,task_026,paraphrase_impl,paraphrase,1,random,3,-1.0,-1.134591817855835,-0.9691356420516968,0.16545617580413818,0.0033930540084838867
1,30,task_030,canonical_test,canonical,0,random,3,-1.0,-1.3071616888046265,-1.3128191232681274,-0.0056574344635009766,0.010133147239685059
1,30,task_030,canonical_impl,canonical,1,random,3,-1.0,-1.2385976314544678,-0.9911215305328369,0.24747610092163086,-0.008887290954589844
1,30,task_030,paraphrase_test,paraphrase,0,random,3,-1.0,-1.2085936069488525,-1.072991132736206,0.13560247421264648,-0.002026677131652832
1,30,task_030,paraphrase_impl,paraphrase,1,random,3,-1.0,-1.2423994541168213,-0.9352858066558838,0.3071136474609375,0.0011748671531677246
1,34,task_034,canonical_test,canonical,0,random,3,-1.0,-0.9261457324028015,-1.0446925163269043,-0.11854678392410278,-0.007413923740386963
1,34,task_034,canonical_impl,canonical,1,random,3,-1.0,-0.8097290992736816,-0.7334730625152588,0.07625603675842285,-0.0012354254722595215
1,34,task_034,paraphrase_test,paraphrase,0,random,3,-1.0,-0.8711518049240112,-0.9388405084609985,-0.0676887035369873,-0.0087507963180542
1,34,task_034,paraphrase_impl,paraphrase,1,random,3,-1.0,-0.8231520056724548,-0.7427991628646851,0.08035284280776978,-4.00543212890625e-05
1,38,task_038,canonical_test,canonical,0,random,3,-1.0,-1.2408719062805176,-1.2805402278900146,-0.03966832160949707,0.0010503530502319336
1,38,task_038,canonical_impl,canonical,1,random,3,-1.0,-1.1118601560592651,-0.9755396246910095,0.13632053136825562,0.00031870603561401367
1,38,task_038,paraphrase_test,paraphrase,0,random,3,-1.0,-1.2029261589050293,-1.0974286794662476,0.10549747943878174,0.011336922645568848
1,38,task_038,paraphrase_impl,paraphrase,1,random,3,-1.0,-1.1364490985870361,-0.8963851928710938,0.24006390571594238,0.0005665421485900879
1,42,task_042,canonical_test,canonical,0,random,3,-1.0,-1.2131787538528442,-1.2980120182037354,-0.08483326435089111,-0.0007880926132202148
1,42,task_042,canonical_impl,canonical,1,random,3,-1.0,-1.1362552642822266,-0.9046201705932617,0.23163509368896484,-0.0021431446075439453
1,42,task_042,paraphrase_test,paraphrase,0,random,3,-1.0,-1.219103217124939,-1.1462714672088623,0.07283174991607666,0.002093076705932617
1,42,task_042,paraphrase_impl,paraphrase,1,random,3,-1.0,-1.2364341020584106,-0.9385777711868286,0.29785633087158203,0.0046250224113464355
1,46,task_046,canonical_test,canonical,0,random,3,-1.0,-0.9349008798599243,-1.01386559009552,-0.0789647102355957,-0.007415413856506348
1,46,task_046,canonical_impl,canonical,1,random,3,-1.0,-0.8319276571273804,-0.7124991416931152,0.11942851543426514,-0.00015217065811157227
1,46,task_046,paraphrase_test,paraphrase,0,random,3,-1.0,-0.9171870946884155,-0.9641411900520325,-0.04695409536361694,-0.002810359001159668
1,46,task_046,paraphrase_impl,paraphrase,1,random,3,-1.0,-0.8750078082084656,-0.7500160336494446,0.124991774559021,0.009174227714538574
1,2,task_002,canonical_test,canonical,0,random,3,1.0,-1.2387267351150513,-1.306542992591858,-0.06781625747680664,0.009570121765136719
1,2,task_002,canonical_impl,canonical,1,random,3,1.0,-1.1282068490982056,-0.9777429103851318,0.15046393871307373,0.004161417484283447
1,2,task_002,paraphrase_test,paraphrase,0,random,3,1.0,-1.2238898277282715,-1.1992393732070923,0.0246504545211792,-0.0013554096221923828
1,2,task_002,paraphrase_impl,paraphrase,1,random,3,1.0,-1.1197302341461182,-0.9348723292350769,0.18485790491104126,0.00391310453414917
1,6,task_006,canonical_test,canonical,0,random,3,1.0,-1.2441775798797607,-1.2455017566680908,-0.0013241767883300781,-0.0005043745040893555
1,6,task_006,canonical_impl,canonical,1,random,3,1.0,-1.2380162477493286,-0.9167648553848267,0.32125139236450195,0.009216904640197754
1,6,task_006,paraphrase_test,paraphrase,0,random,3,1.0,-1.1592051982879639,-1.0156810283660889,0.143524169921875,0.0007615089416503906
1,6,task_006,paraphrase_impl,paraphrase,1,random,3,1.0,-1.183516263961792,-0.8715757131576538,0.3119405508041382,0.0009587407112121582
1,10,task_010,canonical_test,canonical,0,random,3,1.0,-0.8864824771881104,-1.038389801979065,-0.1519073247909546,0.00012600421905517578
1,10,task_010,canonical_impl,canonical,1,random,3,1.0,-0.8095414638519287,-0.7704238295555115,0.039117634296417236,-0.006185412406921387
1,10,task_010,paraphrase_test,paraphrase,0,random,3,1.0,-0.8923943042755127,-0.9980645775794983,-0.1056702733039856,-0.003167450428009033
1,10,task_010,paraphrase_impl,paraphrase,1,random,3,1.0,-0.8279165625572205,-0.797710657119751,0.030205905437469482,0.007368326187133789
1,14,task_014,canonical_test,canonical,0,random,3,1.0,-1.2516602277755737,-1.2728550434112549,-0.021194815635681152,-0.01021420955657959
1,14,task_014,canonical_impl,canonical,1,random,3,1.0,-1.1646554470062256,-0.9981319308280945,0.1665235161781311,0.007506906986236572
1,14,task_014,paraphrase_test,paraphrase,0,random,3,1.0,-1.235985279083252,-1.1651535034179688,0.0708317756652832,-0.003023386001586914
1,14,task_014,paraphrase_impl,paraphrase,1,random,3,1.0,-1.1742987632751465,-0.9457261562347412,0.22857260704040527,-0.00103074312210083
1,18,task_018,canonical_test,canonical,0,random,3,1.0,-1.2547836303710938,-1.2908164262771606,-0.036032795906066895,-0.001708984375
1,18,task_018,canonical_impl,canonical,1,random,3,1.0,-1.259209394454956,-0.9619153141975403,0.29729408025741577,0.001323401927947998
1,18,task_018,paraphrase_test,paraphrase,0,random,3,1.0,-1.2716057300567627,-1.1392265558242798,0.1323791742324829,0.0002816915512084961
1,18,task_018,paraphrase_impl,paraphrase,1,random,3,1.0,-1.334082007408142,-0.9631933569908142,0.3708886504173279,0.0025527477264404297
1,22,task_022,canonical_test,canonical,0,random,3,1.0,-0.9491440653800964,-1.0164326429367065,-0.06728857755661011,0.0015804171562194824
1,22,task_022,canonical_impl,canonical,1,random,3,1.0,-0.83488529920578,-0.7290736436843872,0.10581165552139282,0.0030381083488464355
1,22,task_022,paraphrase_test,paraphrase,0,random,3,1.0,-0.933583676815033,-0.9681345820426941,-0.03455090522766113,0.007679998874664307
1,22,task_022,paraphrase_impl,paraphrase,1,random,3,1.0,-0.8907514810562134,-0.8051011562347412,0.08565032482147217,-0.0017412900924682617
1,26,task_026,canonical_test,canonical,0,random,3,1.0,-1.2544465065002441,-1.3194648027420044,-0.06501829624176025,0.0029157400131225586
1,26,task_026,canonical_impl,canonical,1,random,3,1.0,-1.1358389854431152,-1.0214530229568481,0.11438596248626709,0.0010241270065307617
1,26,task_026,paraphrase_test,paraphrase,0,random,3,1.0,-1.2246975898742676,-1.1869229078292847,0.03777468204498291,0.008416414260864258
1,26,task_026,paraphrase_impl,paraphrase,1,random,3,1.0,-1.1169228553771973,-0.9493207335472107,0.16760212182998657,0.005539000034332275
1,30,task_030,canonical_test,canonical,0,random,3,1.0,-1.3103188276290894,-1.3223673105239868,-0.012048482894897461,0.0037420988082885742
1,30,task_030,canonical_impl,canonical,1,random,3,1.0,-1.2455828189849854,-0.9887614846229553,0.25682133436203003,0.00045794248580932617
1,30,task_030,paraphrase_test,paraphrase,0,random,3,1.0,-1.2078993320465088,-1.0798583030700684,0.12804102897644043,-0.009588122367858887
1,30,task_030,paraphrase_impl,paraphrase,1,random,3,1.0,-1.2333018779754639,-0.9289299249649048,0.3043719530105591,-0.0015668272972106934
1,34,task_034,canonical_test,canonical,0,random,3,1.0,-0.9259418249130249,-1.04444420337677,-0.11850237846374512,-0.007369518280029297
1,34,task_034,canonical_impl,canonical,1,random,3,1.0,-0.8188531398773193,-0.7398987412452698,0.07895439863204956,0.0014629364013671875
1,34,task_034,paraphrase_test,paraphrase,0,random,3,1.0,-0.870715320110321,-0.9386230707168579,-0.06790775060653687,-0.00896984338760376
1,34,task_034,paraphrase_impl,paraphrase,1,random,3,1.0,-0.8167621493339539,-0.74564528465271,0.0711168646812439,-0.009276032447814941
1,38,task_038,canonical_test,canonical,0,random,3,1.0,-1.2371020317077637,-1.2778817415237427,-0.040779709815979004,-6.103515625e-05
1,38,task_038,canonical_impl,canonical,1,random,3,1.0,-1.1155121326446533,-0.9850314855575562,0.13048064708709717,-0.005521178245544434
1,38,task_038,paraphrase_test,paraphrase,0,random,3,1.0,-1.1913220882415771,-1.088797688484192,0.10252439975738525,0.008363842964172363
1,38,task_038,paraphrase_impl,paraphrase,1,random,3,1.0,-1.128032922744751,-0.8979281783103943,0.2301047444343567,-0.009392619132995605
1,42,task_042,canonical_test,canonical,0,random,3,1.0,-1.2055323123931885,-1.2922050952911377,-0.08667278289794922,-0.0026276111602783203
1,42,task_042,canonical_impl,canonical,1,random,3,1.0,-1.1365134716033936,-0.9045314192771912,0.2319820523262024,-0.0017961859703063965
1,42,task_042,paraphrase_test,paraphrase,0,random,3,1.0,-1.2057466506958008,-1.1297036409378052,0.0760430097579956,0.0053043365478515625
1,42,task_042,paraphrase_impl,paraphrase,1,random,3,1.0,-1.2392253875732422,-0.9406415820121765,0.2985838055610657,0.005352497100830078
1,46,task_046,canonical_test,canonical,0,random,3,1.0,-0.9348605871200562,-1.006496787071228,-0.07163619995117188,-8.690357208251953e-05
1,46,task_046,canonical_impl,canonical,1,random,3,1.0,-0.8222554922103882,-0.7056398391723633,0.1166156530380249,-0.0029650330543518066
1,46,task_046,paraphrase_test,paraphrase,0,random,3,1.0,-0.919853925704956,-0.9660256505012512,-0.046171724796295166,-0.0020279884338378906
1,46,task_046,paraphrase_impl,paraphrase,1,random,3,1.0,-0.8592777252197266,-0.746272623538971,0.11300510168075562,-0.0028124451637268066
1,2,task_002,canonical_test,canonical,0,random,4,-1.0,-1.2345019578933716,-1.3035629987716675,-0.0690610408782959,0.008325338363647461
1,2,task_002,canonical_impl,canonical,1,random,4,-1.0,-1.1235136985778809,-0.9670634865760803,0.15645021200180054,0.010147690773010254
1,2,task_002,paraphrase_test,paraphrase,0,random,4,-1.0,-1.2294554710388184,-1.2031824588775635,0.026273012161254883,0.0002671480178833008
1,2,task_002,paraphrase_impl,paraphrase,1,random,4,-1.0,-1.1320209503173828,-0.9511365294456482,0.18088442087173462,-6.03795051574707e-05
1,6,task_006,canonical_test,canonical,0,random,4,-1.0,-1.2379741668701172,-1.2410929203033447,-0.003118753433227539,-0.0022989511489868164
1,6,task_006,canonical_impl,canonical,1,random,4,-1.0,-1.2378630638122559,-0.9166709780693054,0.32119208574295044,0.00915759801864624
1,6,task_006,paraphrase_test,paraphrase,0,random,4,-1.0,-1.1619524955749512,-1.0176225900650024,0.14432990550994873,0.001567244529724121
1,6,task_006,paraphrase_impl,paraphrase,1,random,4,-1.0,-1.1850415468215942,-0.8801007866859436,0.30494076013565063,-0.006041049957275391
1,10,task_010,canonical_test,canonical,0,random,4,-1.0,-0.886715292930603,-1.0387921333312988,-0.1520768404006958,-4.3511390686035156e-05
1,10,task_010,canonical_impl,canonical,1,random,4,-1.0,-0.8093854784965515,-0.7701684832572937,0.03921699523925781,-0.0060860514640808105
1,10,task_010,paraphrase_test,paraphrase,0,random,4,-1.0,-0.8887032270431519,-0.9954626560211182,-0.10675942897796631,-0.004256606101989746
1,10,task_010,paraphrase_impl,paraphrase,1,random,4,-1.0,-0.8226033449172974,-0.8013923764228821,0.021210968494415283,-0.0016266107559204102
1,14,task_014,canonical_test,canonical,0,random,4,-1.0,-1.2596096992492676,-1.279502034187317,-0.019892334938049316,-0.008911728858947754
1,14,task_014,canonical_impl,canonical,1,random,4,-1.0,-1.163987636566162,-1.005024790763855,0.15896284580230713,-5.3763389587402344e-05
1,14,task_014,paraphrase_test,paraphrase,0,random,4,-1.0,-1.2612029314041138,-1.1760101318359375,0.08519279956817627,0.011337637901306152
1,14,task_014,paraphrase_impl,paraphrase,1,random,4,-1.0,-1.176673173904419,-0.9541487097740173,0.2225244641304016,-0.007078886032104492
1,18,task_018,canonical_test,canonical,0,random,4,-1.0,-1.253842830657959,-1.289771318435669,-0.03592848777770996,-0.0016046762466430664
1,18,task_018,canonical_impl,canonical,1,random,4,-1.0,-1.2538018226623535,-0.9577430486679077,0.2960587739944458,8.809566497802734e-05
1,18,task_018,paraphrase_test,paraphrase,0,random,4,-1.0,-1.2713665962219238,-1.1390131711959839,0.13235342502593994,0.00025594234466552734
1,18,task_018,paraphrase_impl,paraphrase,1,random,4,-1.0,-1.3328826427459717,-0.9697093963623047,0.363173246383667,-0.005162656307220459
1,22,task_022,canonical_test,canonical,0,random,4,-1.0,-0.9445149898529053,-1.0206624269485474,-0.07614743709564209,-0.0072784423828125
1,22,task_022,canonical_impl,canonical,1,random,4,-1.0,-0.8197924494743347,-0.7184128761291504,0.10137957334518433,-0.0013939738273620605
1,22,task_022,paraphrase_test,paraphrase,0,random,4,-1.0,-0.9233598113059998,-0.9684180021286011,-0.04505819082260132,-0.002827286720275879
1,22,task_022,paraphrase_impl,paraphrase,1,random,4,-1.0,-0.8908470869064331,-0.8052302598953247,0.0856168270111084,-0.0017747879028320312
1,26,task_026,canonical_test,canonical,0,random,4,-1.0,-1.2546477317810059,-1.3196173906326294,-0.06496965885162354,0.0029643774032592773
1,26,task_026,canonical_impl,canonical,1,random,4,-1.0,-1.1337878704071045,-1.0199878215789795,0.113800048828125,0.0004382133483886719
1,26,task_026,paraphrase_test,paraphrase,0,random,4,-1.0,-1.2286709547042847,-1.1897293329238892,0.03894162178039551,0.009583353996276855
1,26,task_026,paraphrase_impl,paraphrase,1,random,4,-1.0,-1.1242464780807495,-0.9618344902992249,0.16241198778152466,0.00034886598587036133
1,30,task_030,canonical_test,canonical,0,random,4,-1.0,-1.3037210702896118,-1.3108116388320923,-0.007090568542480469,0.008700013160705566
1,30,task_030,canonical_impl,canonical,1,random,4,-1.0,-1.2418601512908936,-0.9938443303108215,0.24801582098007202,-0.008347570896148682
1,30,task_030,paraphrase_test,paraphrase,0,random,4,-1.0,-1.2156392335891724,-1.077959418296814,0.1376798152923584,5.066394805908203e-05
1,30,task_030,paraphrase_impl,paraphrase,1,random,4,-1.0,-1.2249430418014526,-0.9230772852897644,0.30186575651168823,-0.004073023796081543
1,34,task_034,canonical_test,canonical,0,random,4,-1.0,-0.9224056601524353,-1.0272207260131836,-0.10481506586074829,0.006317794322967529
1,34,task_034,canonical_impl,canonical,1,random,4,-1.0,-0.8097013831138611,-0.7260880470275879,0.0836133360862732,0.00612187385559082
1,34,task_034,paraphrase_test,paraphrase,0,random,4,-1.0,-0.8703724145889282,-0.9308966398239136,-0.06052422523498535,-0.001586318016052246
1,34,task_034,paraphrase_impl,paraphrase,1,random,4,-1.0,-0.8173078298568726,-0.7386010885238647,0.07870674133300781,-0.0016861557960510254
1,38,task_038,canonical_test,canonical,0,random,4,-1.0,-1.2418677806854248,-1.2818478345870972,-0.03998005390167236,0.0007386207580566406
1,38,task_038,canonical_impl,canonical,1,random,4,-1.0,-1.1155656576156616,-0.9781443476676941,0.13742130994796753,0.0014194846153259277
1,38,task_038,paraphrase_test,paraphrase,0,random,4,-1.0,-1.1956640481948853,-1.0996546745300293,0.09600937366485596,0.0018488168716430664
1,38,task_038,paraphrase_impl,paraphrase,1,random,4,-1.0,-1.1396108865737915,-0.8987733125686646,0.24083757400512695,0.0013402104377746582
1,42,task_042,canonical_test,canonical,0,random,4,-1.0,-1.199168086051941,-1.2877026796340942,-0.08853459358215332,-0.004489421844482422
1,42,task_042,canonical_impl,canonical,1,random,4,-1.0,-1.126783847808838,-0.8976160883903503,0.22916775941848755,-0.00461047887802124
1,42,task_042,paraphrase_test,paraphrase,0,random,4,-1.0,-1.2107007503509521,-1.1405673027038574,0.07013344764709473,-0.0006052255630493164
1,42,task_042,paraphrase_impl,paraphrase,1,random,4,-1.0,-1.2449734210968018,-0.9447021484375,0.30027127265930176,0.007039964199066162
1,46,task_046,canonical_test,canonical,0,random,4,-1.0,-0.939372718334198,-1.0097877979278564,-0.07041507959365845,0.0011342167854309082
1,46,task_046,canonical_impl,canonical,1,random,4,-1.0,-0.8323594331741333,-0.7126809358596802,0.11967849731445312,9.781122207641602e-05
1,46,task_046,paraphrase_test,paraphrase,0,random,4,-1.0,-0.9141115546226501,-0.9619598388671875,-0.047848284244537354,-0.003704547882080078
1,46,task_046,paraphrase_impl,paraphrase,1,random,4,-1.0,-0.868704080581665,-0.752926766872406,0.11577731370925903,-4.023313522338867e-05
1,2,task_002,canonical_test,canonical,0,random,4,1.0,-1.2389131784439087,-1.2993000745773315,-0.06038689613342285,0.016999483108520508
1,2,task_002,canonical_impl,canonical,1,random,4,1.0,-1.128579020500183,-0.9701998233795166,0.1583791971206665,0.01207667589187622
1,2,task_002,paraphrase_test,paraphrase,0,random,4,1.0,-1.238097906112671,-1.2092821598052979,0.028815746307373047,0.002809882164001465
1,2,task_002,paraphrase_impl,paraphrase,1,random,4,1.0,-1.1235272884368896,-0.9377917647361755,0.1857355237007141,0.0047907233238220215
1,6,task_006,canonical_test,canonical,0,random,4,1.0,-1.2399228811264038,-1.242781639099121,-0.002858757972717285,-0.0020389556884765625
1,6,task_006,canonical_impl,canonical,1,random,4,1.0,-1.2458528280258179,-0.9218636751174927,0.3239891529083252,0.011954665184020996
1,6,task_006,paraphrase_test,paraphrase,0,random,4,1.0,-1.162827491760254,-1.018234133720398,0.14459335803985596,0.0018306970596313477
1,6,task_006,paraphrase_impl,paraphrase,1,random,4,1.0,-1.1809378862380981,-0.8697559237480164,0.3111819624900818,0.00020015239715576172
1,10,task_010,canonical_test,canonical,0,random,4,1.0,-0.8968347311019897,-1.0459225177764893,-0.1490877866744995,0.002945542335510254
1,10,task_010,canonical_impl,canonical,1,random,4,1.0,-0.8054593801498413,-0.7599254250526428,0.045533955097198486,0.00023090839385986328
1,10,task_010,paraphrase_test,paraphrase,0,random,4,1.0,-0.9028953909873962,-1.005618929862976,-0.10272353887557983,-0.00022071599960327148
1,10,task_010,paraphrase_impl,paraphrase,1,random,4,1.0,-0.8329067230224609,-0.8160156011581421,0.016891121864318848,-0.005946457386016846
1,14,task_014,canonical_test,canonical,0,random,4,1.0,-1.2540500164031982,-1.2677264213562012,-0.01367640495300293,-0.002695798873901367
1,14,task_014,canonical_impl,canonical,1,random,4,1.0,-1.1704761981964111,-1.0100072622299194,0.1604689359664917,0.001452326774597168
1,14,task_014,paraphrase_test,paraphrase,0,random,4,1.0,-1.2465742826461792,-1.17259681224823,0.07397747039794922,0.00012230873107910156
1,14,task_014,paraphrase_impl,paraphrase,1,random,4,1.0,-1.16983962059021,-0.9417616724967957,0.2280779480934143,-0.0015254020690917969
1,18,task_018,canonical_test,canonical,0,random,4,1.0,-1.2635583877563477,-1.2966632843017578,-0.033104896545410156,0.0012189149856567383
1,18,task_018,canonical_impl,canonical,1,random,4,1.0,-1.2591360807418823,-0.9610600471496582,0.2980760335922241,0.0021053552627563477
1,18,task_018,paraphrase_test,paraphrase,0,random,4,1.0,-1.2688934803009033,-1.1373196840286255,0.13157379627227783,-0.000523686408996582
1,18,task_018,paraphrase_impl,paraphrase,1,random,4,1.0,-1.3344614505767822,-0.9635310769081116,0.37093037366867065,0.002594470977783203
1,22,task_022,canonical_test,canonical,0,random,4,1.0,-0.9489350318908691,-1.0236304998397827,-0.07469546794891357,-0.005826473236083984
1,22,task_022,canonical_impl,canonical,1,random,4,1.0,-0.8302008509635925,-0.7257660031318665,0.10443484783172607,0.0016613006591796875
1,22,task_022,paraphrase_test,paraphrase,0,random,4,1.0,-0.938868522644043,-0.9792109131813049,-0.04034239053726196,0.0018885135650634766
1,22,task_022,paraphrase_impl,paraphrase,1,random,4,1.0,-0.9016361236572266,-0.8128482103347778,0.08878791332244873,0.0013962984085083008
1,26,task_026,canonical_test,canonical,0,random,4,1.0,-1.2444478273391724,-1.31242835521698,-0.06798052787780762,-4.649162292480469e-05
1,26,task_026,canonical_impl,canonical,1,random,4,1.0,-1.1318252086639404,-1.0184552669525146,0.11336994171142578,8.106231689453125e-06
1,26,task_026,paraphrase_test,paraphrase,0,random,4,1.0,-1.2212027311325073,-1.183831810951233,0.037370920181274414,0.008012652397155762
1,26,task_026,paraphrase_impl,paraphrase,1,random,4,1.0,-1.1283743381500244,-0.9647473692893982,0.16362696886062622,0.0015638470649719238
1,30,task_030,canonical_test,canonical,0,random,4,1.0,-1.2961256504058838,-1.3049657344818115,-0.008840084075927734,0.006950497627258301
1,30,task_030,canonical_impl,canonical,1,random,4,1.0,-1.2579679489135742,-0.9974275231361389,0.2605404257774353,0.0041770339012146
1,30,task_030,paraphrase_test,paraphrase,0,random,4,1.0,-1.217693567276001,-1.0867713689804077,0.13092219829559326,-0.006706953048706055
1,30,task_030,paraphrase_impl,paraphrase,1,random,4,1.0,-1.2264872789382935,-0.9240593314170837,0.3024279475212097,-0.0035108327865600586
1,34,task_034,canonical_test,canonical,0,random,4,1.0,-0.9213162660598755,-1.0340602397918701,-0.11274397373199463,-0.0016111135482788086
1,34,task_034,canonical_impl,canonical,1,random,4,1.0,-0.8146436214447021,-0.7370414733886719,0.07760214805603027,0.00011068582534790039
1,34,task_034,paraphrase_test,paraphrase,0,random,4,1.0,-0.8763428926467896,-0.9351431727409363,-0.05880028009414673,0.00013762712478637695
1,34,task_034,paraphrase_impl,paraphrase,1,random,4,1.0,-0.8225841522216797,-0.742396354675293,0.08018779754638672,-0.00020509958267211914
1,38,task_038,canonical_test,canonical,0,random,4,1.0,-1.2406448125839233,-1.2797629833221436,-0.039118170738220215,0.001600503921508789
1,38,task_038,canonical_impl,canonical,1,random,4,1.0,-1.112544059753418,-0.9759685397148132,0.13657552003860474,0.0005736947059631348
1,38,task_038,paraphrase_test,paraphrase,0,random,4,1.0,-1.192662239074707,-1.0901896953582764,0.10247254371643066,0.008311986923217773
1,38,task_038,paraphrase_impl,paraphrase,1,random,4,1.0,-1.13184654712677,-0.8928066492080688,0.23903989791870117,-0.00045746564865112305
1,42,task_042,canonical_test,canonical,0,random,4,1.0,-1.21949303150177,-1.302024483680725,-0.08253145217895508,0.0015137195587158203
1,42,task_042,canonical_impl,canonical,1,random,4,1.0,-1.1316665410995483,-0.9013940095901489,0.23027253150939941,-0.003505706787109375
1,42,task_042,paraphrase_test,paraphrase,0,random,4,1.0,-1.2116808891296387,-1.1412373781204224,0.07044351100921631,-0.0002951622009277344
1,42,task_042,paraphrase_impl,paraphrase,1,random,4,1.0,-1.2314891815185547,-0.9424377679824829,0.2890514135360718,-0.004179894924163818
1,46,task_046,canonical_test,canonical,0,random,4,1.0,-0.9402766227722168,-1.0103212594985962,-0.0700446367263794,0.001504659652709961
1,46,task_046,canonical_impl,canonical,1,random,4,1.0,-0.8269742727279663,-0.7090025544166565,0.11797171831130981,-0.0016089677810668945
1,46,task_046,paraphrase_test,paraphrase,0,random,4,1.0,-0.9256628751754761,-0.9626781344413757,-0.03701525926589966,0.007128477096557617
1,46,task_046,paraphrase_impl,paraphrase,1,random,4,1.0,-0.8705358505249023,-0.7468648552894592,0.12367099523544312,0.007853448390960693
2,1,task_001,canonical_test,canonical,0,baseline,-1,0.0,-0.9637448787689209,-0.8583086729049683,0.10543620586395264,0.0
2,1,task_001,canonical_impl,canonical,1,baseline,-1,0.0,-0.9324859380722046,-0.643503725528717,0.28898221254348755,0.0
2,1,task_001,paraphrase_test,paraphrase,0,baseline,-1,0.0,-0.9371992945671082,-0.8086379766464233,0.12856131792068481,0.0
2,1,task_001,paraphrase_impl,paraphrase,1,baseline,-1,0.0,-0.9677063226699829,-0.6532974243164062,0.31440889835357666,0.0
2,5,task_005,canonical_test,canonical,0,baseline,-1,0.0,-1.295723557472229,-1.0929067134857178,0.20281684398651123,0.0
2,5,task_005,canonical_impl,canonical,1,baseline,-1,0.0,-1.2722318172454834,-0.9052281975746155,0.3670036196708679,0.0
2,5,task_005,paraphrase_test,paraphrase,0,baseline,-1,0.0,-1.3651251792907715,-1.0552512407302856,0.30987393856048584,0.0
2,5,task_005,paraphrase_impl,paraphrase,1,baseline,-1,0.0,-1.3006186485290527,-0.8694618940353394,0.4311567544937134,0.0
2,9,task_009,canonical_test,canonical,0,baseline,-1,0.0,-1.383497953414917,-1.110419750213623,0.27307820320129395,0.0
2,9,task_009,canonical_impl,canonical,1,baseline,-1,0.0,-1.4664411544799805,-0.9544949531555176,0.5119462013244629,0.0
2,9,task_009,paraphrase_test,paraphrase,0,baseline,-1,0.0,-1.3747024536132812,-0.9774248600006104,0.3972775936126709,0.0
2,9,task_009,paraphrase_impl,paraphrase,1,baseline,-1,0.0,-1.4817774295806885,-0.9060143828392029,0.5757630467414856,0.0
2,13,task_013,canonical_test,canonical,0,baseline,-1,0.0,-0.9527255892753601,-0.8653425574302673,0.08738303184509277,0.0
2,13,task_013,canonical_impl,canonical,1,baseline,-1,0.0,-0.9373021125793457,-0.6471313834190369,0.29017072916030884,0.0
2,13,task_013,paraphrase_test,paraphrase,0,baseline,-1,0.0,-0.9369076490402222,-0.808598518371582,0.12830913066864014,0.0
2,13,task_013,paraphrase_impl,paraphrase,1,baseline,-1,0.0,-0.9458205103874207,-0.6450484991073608,0.3007720112800598,0.0
2,17,task_017,canonical_test,canonical,0,baseline,-1,0.0,-1.2881581783294678,-1.0802083015441895,0.20794987678527832,0.0
2,17,task_017,canonical_impl,canonical,1,baseline,-1,0.0,-1.2412225008010864,-0.9208623766899109,0.32036012411117554,0.0
2,17,task_017,paraphrase_test,paraphrase,0,baseline,-1,0.0,-1.2928204536437988,-0.9708260893821716,0.3219943642616272,0.0
2,17,task_017,paraphrase_impl,paraphrase,1,baseline,-1,0.0,-1.2500479221343994,-0.8443782925605774,0.405669629573822,0.0
2,21,task_021,canonical_test,canonical,0,baseline,-1,0.0,-1.2824078798294067,-1.002612590789795,0.2797952890396118,0.0
2,21,task_021,canonical_impl,canonical,1,baseline,-1,0.0,-1.4247596263885498,-0.8442178964614868,0.580541729927063,0.0
2,21,task_021,paraphrase_test,paraphrase,0,baseline,-1,0.0,-1.301267147064209,-0.9112783670425415,0.3899887800216675,0.0
2,21,task_021,paraphrase_impl,paraphrase,1,baseline,-1,0.0,-1.487382173538208,-0.8657178282737732,0.6216643452644348,0.0
2,25,task_025,canonical_test,canonical,0,baseline,-1,0.0,-0.9570858478546143,-0.8241887092590332,0.13289713859558105,0.0
2,25,task_025,canonical_impl,canonical,1,baseline,-1,0.0,-0.9437996745109558,-0.6367908120155334,0.30700886249542236,0.0
2,25,task_025,paraphrase_test,paraphrase,0,baseline,-1,0.0,-0.9389103651046753,-0.7730919122695923,0.165818452835083,0.0
2,25,task_025,paraphrase_impl,paraphrase,1,baseline,-1,0.0,-0.9807536005973816,-0.655049741268158,0.32570385932922363,0.0
2,29,task_029,canonical_test,canonical,0,baseline,-1,0.0,-1.2671526670455933,-1.0517207384109497,0.21543192863464355,0.0
2,29,task_029,canonical_impl,canonical,1,baseline,-1,0.0,-1.239599585533142,-0.8969298005104065,0.3426697850227356,0.0
2,29,task_029,paraphrase_test,paraphrase,0,baseline,-1,0.0,-1.3717434406280518,-1.0781850814819336,0.29355835914611816,0.0
2,29,task_029,paraphrase_impl,paraphrase,1,baseline,-1,0.0,-1.2925671339035034,-0.8817606568336487,0.41080647706985474,0.0
2,33,task_033,canonical_test,canonical,0,baseline,-1,0.0,-1.3138024806976318,-1.032709002494812,0.2810934782028198,0.0
2,33,task_033,canonical_impl,canonical,1,baseline,-1,0.0,-1.4304183721542358,-0.9084647297859192,0.5219536423683167,0.0
2,33,task_033,paraphrase_test,paraphrase,0,baseline,-1,0.0,-1.3480719327926636,-0.9297381639480591,0.4183337688446045,0.0
2,33,task_033,paraphrase_impl,paraphrase,1,baseline,-1,0.0,-1.5700334310531616,-0.9022656083106995,0.6677678227424622,0.0
2,37,task_037,canonical_test,canonical,0,baseline,-1,0.0,-0.9677738547325134,-0.8759321570396423,0.0918416976928711,0.0
2,37,task_037,canonical_impl,canonical,1,baseline,-1,0.0,-0.946266770362854,-0.6607563495635986,0.28551042079925537,0.0
2,37,task_037,paraphrase_test,paraphrase,0,baseline,-1,0.0,-0.8957290053367615,-0.7868989109992981,0.10883009433746338,0.0
2,37,task_037,paraphrase_impl,paraphrase,1,baseline,-1,0.0,-0.9230033755302429,-0.6512043476104736,0.2717990279197693,0.0
2,41,task_041,canonical_test,canonical,0,baseline,-1,0.0,-1.3364620208740234,-1.0985450744628906,0.2379169464111328,0.0
2,41,task_041,canonical_impl,canonical,1,baseline,-1,0.0,-1.3105578422546387,-0.9542943239212036,0.35626351833343506,0.0
2,41,task_041,paraphrase_test,paraphrase,0,baseline,-1,0.0,-1.3218226432800293,-0.9907880425453186,0.3310346007347107,0.0
2,41,task_041,paraphrase_impl,paraphrase,1,baseline,-1,0.0,-1.334820032119751,-0.8747223019599915,0.4600977301597595,0.0
2,45,task_045,canonical_test,canonical,0,baseline,-1,0.0,-1.339490294456482,-1.0729554891586304,0.26653480529785156,0.0
2,45,task_045,canonical_impl,canonical,1,baseline,-1,0.0,-1.4002301692962646,-0.8863487243652344,0.5138814449310303,0.0
2,45,task_045,paraphrase_test,paraphrase,0,baseline,-1,0.0,-1.3220105171203613,-0.9700000882148743,0.35201042890548706,0.0
2,45,task_045,paraphrase_impl,paraphrase,1,baseline,-1,0.0,-1.4656075239181519,-0.901847243309021,0.5637602806091309,0.0
2,1,task_001,canonical_test,canonical,0,real,-1,-2.0,-0.9793105125427246,-0.8693118691444397,0.10999864339828491,0.004562437534332275
2,1,task_001,canonical_impl,canonical,1,real,-1,-2.0,-0.9367062449455261,-0.661192774772644,0.2755134701728821,-0.013468742370605469
2,1,task_001,paraphrase_test,paraphrase,0,real,-1,-2.0,-0.9784777164459229,-0.8526450991630554,0.12583261728286743,-0.002728700637817383
2,1,task_001,paraphrase_impl,paraphrase,1,real,-1,-2.0,-0.9993829131126404,-0.6829967498779297,0.3163861632347107,0.001977264881134033
2,5,task_005,canonical_test,canonical,0,real,-1,-2.0,-1.3028473854064941,-1.0989875793457031,0.20385980606079102,0.0010429620742797852
2,5,task_005,canonical_impl,canonical,1,real,-1,-2.0,-1.2884339094161987,-0.9232124090194702,0.3652215003967285,-0.0017821192741394043
2,5,task_005,paraphrase_test,paraphrase,0,real,-1,-2.0,-1.3931543827056885,-1.0897300243377686,0.3034243583679199,-0.006449580192565918
2,5,task_005,paraphrase_impl,paraphrase,1,real,-1,-2.0,-1.3079757690429688,-0.889740526676178,0.41823524236679077,-0.012921512126922607
2,9,task_009,canonical_test,canonical,0,real,-1,-2.0,-1.3923749923706055,-1.124635100364685,0.2677398920059204,-0.005338311195373535
2,9,task_009,canonical_impl,canonical,1,real,-1,-2.0,-1.4474732875823975,-0.9562321901321411,0.49124109745025635,-0.020705103874206543
2,9,task_009,paraphrase_test,paraphrase,0,real,-1,-2.0,-1.383542776107788,-0.9908930659294128,0.39264971017837524,-0.004627883434295654
2,9,task_009,paraphrase_impl,paraphrase,1,real,-1,-2.0,-1.5063931941986084,-0.923366904258728,0.5830262899398804,0.007263243198394775
2,13,task_013,canonical_test,canonical,0,real,-1,-2.0,-0.9683927297592163,-0.8764307498931885,0.09196197986602783,0.004578948020935059
2,13,task_013,canonical_impl,canonical,1,real,-1,-2.0,-0.9314145445823669,-0.6428341865539551,0.28858035802841187,-0.0015903711318969727
2,13,task_013,paraphrase_test,paraphrase,0,real,-1,-2.0,-0.965071439743042,-0.8358587622642517,0.12921267747879028,0.0009035468101501465
2,13,task_013,paraphrase_impl,paraphrase,1,real,-1,-2.0,-0.9769526720046997,-0.6744264364242554,0.30252623558044434,0.0017542243003845215
2,17,task_017,canonical_test,canonical,0,real,-1,-2.0,-1.2936067581176758,-1.0767669677734375,0.21683979034423828,0.008889913558959961
2,17,task_017,canonical_impl,canonical,1,real,-1,-2.0,-1.246608018875122,-0.9256176948547363,0.32099032402038574,0.0006301999092102051
2,17,task_017,paraphrase_test,paraphrase,0,real,-1,-2.0,-1.3147306442260742,-0.9928146004676819,0.32191604375839233,-7.832050323486328e-05
2,17,task_017,paraphrase_impl,paraphrase,1,real,-1,-2.0,-1.2888892889022827,-0.8717028498649597,0.417186439037323,0.011516809463500977
2,21,task_021,canonical_test,canonical,0,real,-1,-2.0,-1.3075275421142578,-1.0285923480987549,0.27893519401550293,-0.0008600950241088867
2,21,task_021,canonical_impl,canonical,1,real,-1,-2.0,-1.4253896474838257,-0.8530145287513733,0.5723751187324524,-0.008166611194610596
2,21,task_021,paraphrase_test,paraphrase,0,real,-1,-2.0,-1.3101061582565308,-0.9243710041046143,0.3857351541519165,-0.0042536258697509766
2,21,task_021,paraphrase_impl,paraphrase,1,real,-1,-2.0,-1.5087761878967285,-0.8879948854446411,0.6207813024520874,-0.0008830428123474121
2,25,task_025,canonical_test,canonical,0,real,-1,-2.0,-0.9676828384399414,-0.8314833045005798,0.13619953393936157,0.0033023953437805176
2,25,task_025,canonical_impl,canonical,1,real,-1,-2.0,-0.9326944351196289,-0.6364694237709045,0.29622501134872437,-0.010783851146697998
2,25,task_025,paraphrase_test,paraphrase,0,real,-1,-2.0,-0.9696403741836548,-0.802259087562561,0.16738128662109375,0.0015628337860107422
2,25,task_025,paraphrase_impl,paraphrase,1,real,-1,-2.0,-1.0101432800292969,-0.6831512451171875,0.3269920349121094,0.0012881755828857422
2,29,task_029,canonical_test,canonical,0,real,-1,-2.0,-1.264654517173767,-1.0502769947052002,0.2143775224685669,-0.0010544061660766602
2,29,task_029,canonical_impl,canonical,1,real,-1,-2.0,-1.2388663291931152,-0.8982148766517639,0.3406514525413513,-0.0020183324813842773
2,29,task_029,paraphrase_test,paraphrase,0,real,-1,-2.0,-1.3928598165512085,-1.1004780530929565,0.29238176345825195,-0.001176595687866211
2,29,task_029,paraphrase_impl,paraphrase,1,real,-1,-2.0,-1.2927939891815186,-0.8951548933982849,0.39763909578323364,-0.013167381286621094
2,33,task_033,canonical_test,canonical,0,real,-1,-2.0,-1.3333847522735596,-1.0394470691680908,0.29393768310546875,0.012844204902648926
2,33,task_033,canonical_impl,canonical,1,real,-1,-2.0,-1.4346859455108643,-0.9194021821022034,0.5152837634086609,-0.006669878959655762
2,33,task_033,paraphrase_test,paraphrase,0,real,-1,-2.0,-1.354752540588379,-0.9417999386787415,0.41295260190963745,-0.005381166934967041
2,33,task_033,paraphrase_impl,paraphrase,1,real,-1,-2.0,-1.591591238975525,-0.9247294068336487,0.6668618321418762,-0.0009059906005859375
2,37,task_037,canonical_test,canonical,0,real,-1,-2.0,-0.9934839010238647,-0.8939478397369385,0.09953606128692627,0.007694363594055176
2,37,task_037,canonical_impl,canonical,1,real,-1,-2.0,-0.9520415663719177,-0.6722109317779541,0.2798306345939636,-0.005679786205291748
2,37,task_037,paraphrase_test,paraphrase,0,real,-1,-2.0,-0.9281880259513855,-0.8171986937522888,0.11098933219909668,0.0021592378616333008
2,37,task_037,paraphrase_impl,paraphrase,1,real,-1,-2.0,-0.9395759105682373,-0.6702505946159363,0.269325315952301,-0.0024737119674682617
2,41,task_041,canonical_test,canonical,0,real,-1,-2.0,-1.347391128540039,-1.1062614917755127,0.24112963676452637,0.0032126903533935547
2,41,task_041,canonical_impl,canonical,1,real,-1,-2.0,-1.3056780099868774,-0.9589547514915466,0.3467232584953308,-0.009540259838104248
2,41,task_041,paraphrase_test,paraphrase,0,real,-1,-2.0,-1.3549089431762695,-1.0209187269210815,0.333990216255188,0.002955615520477295
2,41,task_041,paraphrase_impl,paraphrase,1,real,-1,-2.0,-1.3485641479492188,-0.8986095190048218,0.449954628944397,-0.010143101215362549
2,45,task_045,canonical_test,canonical,0,real,-1,-2.0,-1.3475990295410156,-1.080331802368164,0.26726722717285156,0.000732421875
2,45,task_045,canonical_impl,canonical,1,real,-1,-2.0,-1.4005711078643799,-0.8943949341773987,0.5061761736869812,-0.007705271244049072
2,45,task_045,paraphrase_test,paraphrase,0,real,-1,-2.0,-1.3226356506347656,-0.977575957775116,0.34505969285964966,-0.006950736045837402
2,45,task_045,paraphrase_impl,paraphrase,1,real,-1,-2.0,-1.482320785522461,-0.9209612607955933,0.5613595247268677,-0.0024007558822631836
2,1,task_001,canonical_test,canonical,0,real,-1,-1.0,-0.9788661003112793,-0.8686610460281372,0.11020505428314209,0.004768848419189453
2,1,task_001,canonical_impl,canonical,1,real,-1,-1.0,-0.9425732493400574,-0.6506216526031494,0.29195159673690796,0.00296938419342041
2,1,task_001,paraphrase_test,paraphrase,0,real,-1,-1.0,-0.9633928537368774,-0.834489643573761,0.12890321016311646,0.0003418922424316406
2,1,task_001,paraphrase_impl,paraphrase,1,real,-1,-1.0,-0.989996612071991,-0.6691352128982544,0.3208613991737366,0.006452500820159912
2,5,task_005,canonical_test,canonical,0,real,-1,-1.0,-1.2952916622161865,-1.0936528444290161,0.2016388177871704,-0.0011780261993408203
2,5,task_005,canonical_impl,canonical,1,real,-1,-1.0,-1.2873305082321167,-0.9232240319252014,0.3641064763069153,-0.0028971433639526367
2,5,task_005,paraphrase_test,paraphrase,0,real,-1,-1.0,-1.3846189975738525,-1.0768976211547852,0.3077213764190674,-0.002152562141418457
2,5,task_005,paraphrase_impl,paraphrase,1,real,-1,-1.0,-1.3023011684417725,-0.878741979598999,0.42355918884277344,-0.007597565650939941
2,9,task_009,canonical_test,canonical,0,real,-1,-1.0,-1.3850281238555908,-1.1121193170547485,0.2729088068008423,-0.00016939640045166016
2,9,task_009,canonical_impl,canonical,1,real,-1,-1.0,-1.4764970541000366,-0.9611777067184448,0.5153193473815918,0.0033731460571289062
2,9,task_009,paraphrase_test,paraphrase,0,real,-1,-1.0,-1.3794045448303223,-0.9806206822395325,0.3987838625907898,0.0015062689781188965
2,9,task_009,paraphrase_impl,paraphrase,1,real,-1,-1.0,-1.4854607582092285,-0.9085882902145386,0.5768724679946899,0.0011094212532043457
2,13,task_013,canonical_test,canonical,0,real,-1,-1.0,-0.9681408405303955,-0.8759017586708069,0.09223908185958862,0.00485605001449585
2,13,task_013,canonical_impl,canonical,1,real,-1,-1.0,-0.9366648197174072,-0.6466827988624573,0.28998202085494995,-0.00018870830535888672
2,13,task_013,paraphrase_test,paraphrase,0,real,-1,-1.0,-0.9625664949417114,-0.826568067073822,0.1359984278678894,0.007689297199249268
2,13,task_013,paraphrase_impl,paraphrase,1,real,-1,-1.0,-0.9654862880706787,-0.6662738919258118,0.29921239614486694,-0.001559615135192871
2,17,task_017,canonical_test,canonical,0,real,-1,-1.0,-1.289769172668457,-1.0752077102661133,0.21456146240234375,0.00661158561706543
2,17,task_017,canonical_impl,canonical,1,real,-1,-1.0,-1.2462196350097656,-0.9253332614898682,0.32088637351989746,0.0005262494087219238
2,17,task_017,paraphrase_test,paraphrase,0,real,-1,-1.0,-1.2978593111038208,-0.9735945463180542,0.3242647647857666,0.0022704005241394043
2,17,task_017,paraphrase_impl,paraphrase,1,real,-1,-1.0,-1.2715526819229126,-0.8595556616783142,0.4119970202445984,0.006327390670776367
2,21,task_021,canonical_test,canonical,0,real,-1,-1.0,-1.303213357925415,-1.0181958675384521,0.2850174903869629,0.005222201347351074
2,21,task_021,canonical_impl,canonical,1,real,-1,-1.0,-1.4212154150009155,-0.8421820402145386,0.579033374786377,-0.0015083551406860352
2,21,task_021,paraphrase_test,paraphrase,0,real,-1,-1.0,-1.3131000995635986,-0.926753580570221,0.3863465189933777,-0.003642261028289795
2,21,task_021,paraphrase_impl,paraphrase,1,real,-1,-1.0,-1.5045956373214722,-0.8779959678649902,0.6265996694564819,0.004935324192047119
2,25,task_025,canonical_test,canonical,0,real,-1,-1.0,-0.9724711775779724,-0.8345286250114441,0.13794255256652832,0.005045413970947266
2,25,task_025,canonical_impl,canonical,1,real,-1,-1.0,-0.9391403198242188,-0.6336662769317627,0.30547404289245605,-0.0015348196029663086
2,25,task_025,paraphrase_test,paraphrase,0,real,-1,-1.0,-0.9545149803161621,-0.7914685010910034,0.1630464792251587,-0.0027719736099243164
2,25,task_025,paraphrase_impl,paraphrase,1,real,-1,-1.0,-0.999577522277832,-0.6757513284683228,0.3238261938095093,-0.0018776655197143555
2,29,task_029,canonical_test,canonical,0,real,-1,-1.0,-1.266980528831482,-1.060145616531372,0.20683491230010986,-0.008597016334533691
2,29,task_029,canonical_impl,canonical,1,real,-1,-1.0,-1.2457185983657837,-0.9021061062812805,0.3436124920845032,0.0009427070617675781
2,29,task_029,paraphrase_test,paraphrase,0,real,-1,-1.0,-1.3795862197875977,-1.0837212800979614,0.29586493968963623,0.0023065805435180664
2,29,task_029,paraphrase_impl,paraphrase,1,real,-1,-1.0,-1.296886682510376,-0.8921803832054138,0.40470629930496216,-0.006100177764892578
2,33,task_033,canonical_test,canonical,0,real,-1,-1.0,-1.3218352794647217,-1.038340449333191,0.28349483013153076,0.0024013519287109375
2,33,task_033,canonical_impl,canonical,1,real,-1,-1.0,-1.4303643703460693,-0.907955527305603,0.5224088430404663,0.0004552006721496582
2,33,task_033,paraphrase_test,paraphrase,0,real,-1,-1.0,-1.369391679763794,-0.9446394443511963,0.42475223541259766,0.006418466567993164
2,33,task_033,paraphrase_impl,paraphrase,1,real,-1,-1.0,-1.5701804161071777,-0.909722626209259,0.6604577898979187,-0.007310032844543457
2,37,task_037,canonical_test,canonical,0,real,-1,-1.0,-0.9903411865234375,-0.8922150731086731,0.0981261134147644,0.0062844157218933105
2,37,task_037,canonical_impl,canonical,1,real,-1,-1.0,-0.9516941905021667,-0.6719674468040466,0.2797267436981201,-0.005783677101135254
2,37,task_037,paraphrase_test,paraphrase,0,real,-1,-1.0,-0.9224650859832764,-0.8132866024971008,0.10917848348617554,0.0003483891487121582
2,37,task_037,paraphrase_impl,paraphrase,1,real,-1,-1.0,-0.9433602690696716,-0.6656690239906311,0.2776912450790405,0.00589221715927124
2,41,task_041,canonical_test,canonical,0,real,-1,-1.0,-1.3289670944213867,-1.0932539701461792,0.23571312427520752,-0.002203822135925293
2,41,task_041,canonical_impl,canonical,1,real,-1,-1.0,-1.3024225234985352,-0.9493082761764526,0.3531142473220825,-0.003149271011352539
2,41,task_041,paraphrase_test,paraphrase,0,real,-1,-1.0,-1.3359335660934448,-1.0014312267303467,0.33450233936309814,0.003467738628387451
2,41,task_041,paraphrase_impl,paraphrase,1,real,-1,-1.0,-1.3280620574951172,-0.8845567107200623,0.44350534677505493,-0.01659238338470459
2,45,task_045,canonical_test,canonical,0,real,-1,-1.0,-1.3400391340255737,-1.0736981630325317,0.266340970993042,-0.0001938343048095703
2,45,task_045,canonical_impl,canonical,1,real,-1,-1.0,-1.401196837425232,-0.8943859338760376,0.5068109035491943,-0.0070705413818359375
2,45,task_045,paraphrase_test,paraphrase,0,real,-1,-1.0,-1.3277373313903809,-0.9813953042030334,0.3463420271873474,-0.0056684017181396484
2,45,task_045,paraphrase_impl,paraphrase,1,real,-1,-1.0,-1.4711487293243408,-0.9057207107543945,0.5654280185699463,0.0016677379608154297
2,1,task_001,canonical_test,canonical,0,real,-1,-0.5,-0.9662090539932251,-0.8598978519439697,0.10631120204925537,0.0008749961853027344
2,1,task_001,canonical_impl,canonical,1,real,-1,-0.5,-0.9471206665039062,-0.6539767980575562,0.2931438684463501,0.004161655902862549
2,1,task_001,paraphrase_test,paraphrase,0,real,-1,-0.5,-0.957735538482666,-0.830483615398407,0.12725192308425903,-0.0013093948364257812
2,1,task_001,paraphrase_impl,paraphrase,1,real,-1,-0.5,-0.9845516681671143,-0.6652934551239014,0.3192582130432129,0.0048493146896362305
2,5,task_005,canonical_test,canonical,0,real,-1,-0.5,-1.300351858139038,-1.0961143970489502,0.2042374610900879,0.0014206171035766602
2,5,task_005,canonical_impl,canonical,1,real,-1,-0.5,-1.2839157581329346,-0.912731409072876,0.3711843490600586,0.004180729389190674
2,5,task_005,paraphrase_test,paraphrase,0,real,-1,-0.5,-1.3783148527145386,-1.0718958377838135,0.3064190149307251,-0.003454923629760742
2,5,task_005,paraphrase_impl,paraphrase,1,real,-1,-0.5,-1.2973711490631104,-0.874194860458374,0.42317628860473633,-0.00798046588897705
2,9,task_009,canonical_test,canonical,0,real,-1,-0.5,-1.3872817754745483,-1.113052487373352,0.2742292881011963,0.0011510848999023438
2,9,task_009,canonical_impl,canonical,1,real,-1,-0.5,-1.4578921794891357,-0.9558072686195374,0.5020849108695984,-0.009861290454864502
2,9,task_009,paraphrase_test,paraphrase,0,real,-1,-0.5,-1.3740730285644531,-0.9842086434364319,0.38986438512802124,-0.007413208484649658
2,9,task_009,paraphrase_impl,paraphrase,1,real,-1,-0.5,-1.4895355701446533,-0.9114665985107422,0.5780689716339111,0.002305924892425537
2,13,task_013,canonical_test,canonical,0,real,-1,-0.5,-0.9579498171806335,-0.8690449595451355,0.08890485763549805,0.0015218257904052734
2,13,task_013,canonical_impl,canonical,1,real,-1,-0.5,-0.932346761226654,-0.6434895992279053,0.2888571619987488,-0.0013135671615600586
2,13,task_013,paraphrase_test,paraphrase,0,real,-1,-0.5,-0.9394961595535278,-0.8102952241897583,0.12920093536376953,0.0008918046951293945
2,13,task_013,paraphrase_impl,paraphrase,1,real,-1,-0.5,-0.9552807807922363,-0.6517198085784912,0.3035609722137451,0.0027889609336853027
2,17,task_017,canonical_test,canonical,0,real,-1,-0.5,-1.2861061096191406,-1.0714191198349,0.21468698978424072,0.006737112998962402
2,17,task_017,canonical_impl,canonical,1,real,-1,-0.5,-1.2376837730407715,-0.9266606569290161,0.31102311611175537,-0.009337007999420166
2,17,task_017,paraphrase_test,paraphrase,0,real,-1,-0.5,-1.2980862855911255,-0.9745301604270935,0.323556125164032,0.0015617609024047852
2,17,task_017,paraphrase_impl,paraphrase,1,real,-1,-0.5,-1.2708781957626343,-0.8591104745864868,0.41176772117614746,0.0060980916023254395
2,21,task_021,canonical_test,canonical,0,real,-1,-0.5,-1.294205665588379,-1.019124150276184,0.2750815153121948,-0.004713773727416992
2,21,task_021,canonical_impl,canonical,1,real,-1,-0.5,-1.421487808227539,-0.8423448204994202,0.5791429877281189,-0.0013987421989440918
2,21,task_021,paraphrase_test,paraphrase,0,real,-1,-0.5,-1.2943114042282104,-0.9135125875473022,0.3807988166809082,-0.009189963340759277
2,21,task_021,paraphrase_impl,paraphrase,1,real,-1,-0.5,-1.4913792610168457,-0.8686625957489014,0.6227166652679443,0.0010523200035095215
2,25,task_025,canonical_test,canonical,0,real,-1,-0.5,-0.9672262072563171,-0.8313424587249756,0.13588374853134155,0.002986609935760498
2,25,task_025,canonical_impl,canonical,1,real,-1,-0.5,-0.9391428828239441,-0.633503794670105,0.3056390881538391,-0.001369774341583252
2,25,task_025,paraphrase_test,paraphrase,0,real,-1,-0.5,-0.9464427828788757,-0.7857626676559448,0.1606801152229309,-0.0051383376121521
2,25,task_025,paraphrase_impl,paraphrase,1,real,-1,-0.5,-0.9902749061584473,-0.6618315577507019,0.32844334840774536,0.0027394890785217285
2,29,task_029,canonical_test,canonical,0,real,-1,-0.5,-1.2621344327926636,-1.0493956804275513,0.2127387523651123,-0.00269317626953125
2,29,task_029,canonical_impl,canonical,1,real,-1,-0.5,-1.2556183338165283,-0.9100170731544495,0.34560126066207886,0.0029314756393432617
2,29,task_029,paraphrase_test,paraphrase,0,real,-1,-0.5,-1.3696308135986328,-1.0766934156417847,0.29293739795684814,-0.0006209611892700195
2,29,task_029,paraphrase_impl,paraphrase,1,real,-1,-0.5,-1.2878360748291016,-0.8857854604721069,0.40205061435699463,-0.008755862712860107
2,33,task_033,canonical_test,canonical,0,real,-1,-0.5,-1.3212921619415283,-1.0380009412765503,0.283291220664978,0.002197742462158203
2,33,task_033,canonical_impl,canonical,1,real,-1,-0.5,-1.4387242794036865,-0.9142906665802002,0.5244336128234863,0.0024799704551696777
2,33,task_033,paraphrase_test,paraphrase,0,real,-1,-0.5,-1.349414587020874,-0.9378852844238281,0.4115293025970459,-0.006804466247558594
2,33,task_033,paraphrase_impl,paraphrase,1,real,-1,-0.5,-1.5767849683761597,-0.9070318341255188,0.6697531342506409,0.001985311508178711
2,37,task_037,canonical_test,canonical,0,real,-1,-0.5,-0.9826333522796631,-0.8864229917526245,0.09621036052703857,0.0043686628341674805
2,37,task_037,canonical_impl,canonical,1,real,-1,-0.5,-0.9461077451705933,-0.6680046319961548,0.2781031131744385,-0.0074073076248168945
2,37,task_037,paraphrase_test,paraphrase,0,real,-1,-0.5,-0.9164528250694275,-0.8015343546867371,0.11491847038269043,0.006088376045227051
2,37,task_037,paraphrase_impl,paraphrase,1,real,-1,-0.5,-0.9281247854232788,-0.6548188328742981,0.2733059525489807,0.0015069246292114258
2,41,task_041,canonical_test,canonical,0,real,-1,-0.5,-1.325348138809204,-1.0914243459701538,0.2339237928390503,-0.0039931535720825195
2,41,task_041,canonical_impl,canonical,1,real,-1,-0.5,-1.300736427307129,-0.9481186866760254,0.3526177406311035,-0.003645777702331543
2,41,task_041,paraphrase_test,paraphrase,0,real,-1,-0.5,-1.3262443542480469,-0.9945879578590393,0.33165639638900757,0.000621795654296875
2,41,task_041,paraphrase_impl,paraphrase,1,real,-1,-0.5,-1.3382123708724976,-0.8765913844108582,0.4616209864616394,0.0015232563018798828
2,45,task_045,canonical_test,canonical,0,real,-1,-0.5,-1.3392847776412964,-1.0736675262451172,0.2656172513961792,-0.0009175539016723633
2,45,task_045,canonical_impl,canonical,1,real,-1,-0.5,-1.4187736511230469,-0.8921018242835999,0.526671826839447,0.012790381908416748
2,45,task_045,paraphrase_test,paraphrase,0,real,-1,-0.5,-1.3219527006149292,-0.9699581265449524,0.3519945740699768,-1.5854835510253906e-05
2,45,task_045,paraphrase_impl,paraphrase,1,real,-1,-0.5,-1.4790433645248413,-0.9113297462463379,0.5677136182785034,0.003953337669372559
2,1,task_001,canonical_test,canonical,0,real,-1,0.5,-0.9633545875549316,-0.8578564524650574,0.10549813508987427,6.192922592163086e-05
2,1,task_001,canonical_impl,canonical,1,real,-1,0.5,-0.9371238946914673,-0.6469199061393738,0.2902039885520935,0.001221776008605957
2,1,task_001,paraphrase_test,paraphrase,0,real,-1,0.5,-0.9304591417312622,-0.8113754391670227,0.1190837025642395,-0.009477615356445312
2,1,task_001,paraphrase_impl,paraphrase,1,real,-1,0.5,-0.9699119925498962,-0.6476067900657654,0.32230520248413086,0.0078963041305542
2,5,task_005,canonical_test,canonical,0,real,-1,0.5,-1.291316270828247,-1.0823931694030762,0.2089231014251709,0.006106257438659668
2,5,task_005,canonical_impl,canonical,1,real,-1,0.5,-1.267370581626892,-0.9010412096977234,0.3663293719291687,-0.0006742477416992188
2,5,task_005,paraphrase_test,paraphrase,0,real,-1,0.5,-1.3620197772979736,-1.0538725852966309,0.3081471920013428,-0.0017267465591430664
2,5,task_005,paraphrase_impl,paraphrase,1,real,-1,0.5,-1.278631567955017,-0.8617869019508362,0.4168446660041809,-0.01431208848953247
2,9,task_009,canonical_test,canonical,0,real,-1,0.5,-1.3639936447143555,-1.096620798110962,0.26737284660339355,-0.005705356597900391
2,9,task_009,canonical_impl,canonical,1,real,-1,0.5,-1.46088445186615,-0.9505521059036255,0.5103323459625244,-0.0016138553619384766
2,9,task_009,paraphrase_test,paraphrase,0,real,-1,0.5,-1.3619349002838135,-0.9684673547744751,0.3934675455093384,-0.0038100481033325195
2,9,task_009,paraphrase_impl,paraphrase,1,real,-1,0.5,-1.4756481647491455,-0.9016674757003784,0.5739806890487671,-0.0017823576927185059
2,13,task_013,canonical_test,canonical,0,real,-1,0.5,-0.9551026225090027,-0.85966956615448,0.0954330563545227,0.008050024509429932
2,13,task_013,canonical_impl,canonical,1,real,-1,0.5,-0.944443941116333,-0.6373096704483032,0.3071342706680298,0.016963541507720947
2,13,task_013,paraphrase_test,paraphrase,0,real,-1,0.5,-0.9215602874755859,-0.7976128458976746,0.12394744157791138,-0.00436168909072876
2,13,task_013,paraphrase_impl,paraphrase,1,real,-1,0.5,-0.9395124316215515,-0.6405781507492065,0.29893428087234497,-0.0018377304077148438
2,17,task_017,canonical_test,canonical,0,real,-1,0.5,-1.285768985748291,-1.0711880922317505,0.21458089351654053,0.006631016731262207
2,17,task_017,canonical_impl,canonical,1,real,-1,0.5,-1.2361716032028198,-0.9173002243041992,0.3188713788986206,-0.0014887452125549316
2,17,task_017,paraphrase_test,paraphrase,0,real,-1,0.5,-1.2838683128356934,-0.9645081758499146,0.3193601369857788,-0.0026342272758483887
2,17,task_017,paraphrase_impl,paraphrase,1,real,-1,0.5,-1.2479772567749023,-0.836201548576355,0.41177570819854736,0.006106078624725342
2,21,task_021,canonical_test,canonical,0,real,-1,0.5,-1.2765735387802124,-0.9916959404945374,0.28487759828567505,0.005082309246063232
2,21,task_021,canonical_impl,canonical,1,real,-1,0.5,-1.424208164215088,-0.8442656397819519,0.579942524433136,-0.000599205493927002
2,21,task_021,paraphrase_test,paraphrase,0,real,-1,0.5,-1.2946470975875854,-0.9137198328971863,0.38092726469039917,-0.00906151533126831
2,21,task_021,paraphrase_impl,paraphrase,1,real,-1,0.5,-1.4968228340148926,-0.8650310635566711,0.6317917704582214,0.010127425193786621
2,25,task_025,canonical_test,canonical,0,real,-1,0.5,-0.9483256340026855,-0.8104601502418518,0.13786548376083374,0.0049683451652526855
2,25,task_025,canonical_impl,canonical,1,real,-1,0.5,-0.9343048930168152,-0.6300877928733826,0.3042171001434326,-0.002791762351989746
2,25,task_025,paraphrase_test,paraphrase,0,real,-1,0.5,-0.9316533803939819,-0.7679724097251892,0.16368097066879272,-0.002137482166290283
2,25,task_025,paraphrase_impl,paraphrase,1,real,-1,0.5,-0.9750565886497498,-0.6511387228965759,0.32391786575317383,-0.0017859935760498047
2,29,task_029,canonical_test,canonical,0,real,-1,0.5,-1.251603126525879,-1.0419281721115112,0.20967495441436768,-0.005756974220275879
2,29,task_029,canonical_impl,canonical,1,real,-1,0.5,-1.2516249418258667,-0.8989836573600769,0.3526412844657898,0.0099714994430542
2,29,task_029,paraphrase_test,paraphrase,0,real,-1,0.5,-1.362166166305542,-1.0787681341171265,0.2833980321884155,-0.010160326957702637
2,29,task_029,paraphrase_impl,paraphrase,1,real,-1,0.5,-1.2825981378555298,-0.8740658164024353,0.4085323214530945,-0.002274155616760254
2,33,task_033,canonical_test,canonical,0,real,-1,0.5,-1.3006410598754883,-1.0238333940505981,0.27680766582489014,-0.0042858123779296875
2,33,task_033,canonical_impl,canonical,1,real,-1,0.5,-1.4212417602539062,-0.9019408822059631,0.5193008780479431,-0.002652764320373535
2,33,task_033,paraphrase_test,paraphrase,0,real,-1,0.5,-1.3479225635528564,-0.929477334022522,0.4184452295303345,0.00011146068572998047
2,33,task_033,paraphrase_impl,paraphrase,1,real,-1,0.5,-1.563622236251831,-0.8977398872375488,0.6658823490142822,-0.0018854737281799316
2,37,task_037,canonical_test,canonical,0,real,-1,0.5,-0.9745982885360718,-0.8804457187652588,0.09415256977081299,0.0023108720779418945
2,37,task_037,canonical_impl,canonical,1,real,-1,0.5,-0.9411570429801941,-0.6645074486732483,0.2766495943069458,-0.00886082649230957
2,37,task_037,paraphrase_test,paraphrase,0,real,-1,0.5,-0.8869379758834839,-0.7806940674781799,0.10624390840530396,-0.002586185932159424
2,37,task_037,paraphrase_impl,paraphrase,1,real,-1,0.5,-0.9069694876670837,-0.6398839354515076,0.26708555221557617,-0.004713475704193115
2,41,task_041,canonical_test,canonical,0,real,-1,0.5,-1.333694338798523,-1.0965741872787476,0.2371201515197754,-0.0007967948913574219
2,41,task_041,canonical_impl,canonical,1,real,-1,0.5,-1.302628517150879,-0.9421119689941406,0.3605165481567383,0.004253029823303223
2,41,task_041,paraphrase_test,paraphrase,0,real,-1,0.5,-1.3104168176651,-0.9754536747932434,0.3349631428718567,0.003928542137145996
2,41,task_041,paraphrase_impl,paraphrase,1,real,-1,0.5,-1.326575517654419,-0.8683757781982422,0.45819973945617676,-0.0018979907035827637
2,45,task_045,canonical_test,canonical,0,real,-1,0.5,-1.3426778316497803,-1.0754797458648682,0.2671980857849121,0.0006632804870605469
2,45,task_045,canonical_impl,canonical,1,real,-1,0.5,-1.410138487815857,-0.885413408279419,0.524725079536438,0.010843634605407715
2,45,task_045,paraphrase_test,paraphrase,0,real,-1,0.5,-1.3196499347686768,-0.968332827091217,0.3513171076774597,-0.0006933212280273438
2,45,task_045,paraphrase_impl,paraphrase,1,real,-1,0.5,-1.4706768989562988,-0.8980704545974731,0.5726064443588257,0.008846163749694824
2,1,task_001,canonical_test,canonical,0,real,-1,1.0,-0.9531701803207397,-0.8502132296562195,0.10295695066452026,-0.002479255199432373
2,1,task_001,canonical_impl,canonical,1,real,-1,1.0,-0.9371131658554077,-0.6467651724815369,0.29034799337387085,0.0013657808303833008
2,1,task_001,paraphrase_test,paraphrase,0,real,-1,1.0,-0.9306842088699341,-0.8038987517356873,0.12678545713424683,-0.0017758607864379883
2,1,task_001,paraphrase_impl,paraphrase,1,real,-1,1.0,-0.954687774181366,-0.6367902159690857,0.3178975582122803,0.0034886598587036133
2,5,task_005,canonical_test,canonical,0,real,-1,1.0,-1.2849115133285522,-1.0786269903182983,0.2062845230102539,0.0034676790237426758
2,5,task_005,canonical_impl,canonical,1,real,-1,1.0,-1.2711299657821655,-0.9044219255447388,0.36670804023742676,-0.0002955794334411621
2,5,task_005,paraphrase_test,paraphrase,0,real,-1,1.0,-1.3560870885849,-1.0502862930297852,0.30580079555511475,-0.004073143005371094
2,5,task_005,paraphrase_impl,paraphrase,1,real,-1,1.0,-1.2916197776794434,-0.8565927147865295,0.4350270628929138,0.0038703083992004395
2,9,task_009,canonical_test,canonical,0,real,-1,1.0,-1.3762924671173096,-1.1052693128585815,0.271023154258728,-0.002055048942565918
2,9,task_009,canonical_impl,canonical,1,real,-1,1.0,-1.4657968282699585,-0.9536004066467285,0.51219642162323,0.00025022029876708984
2,9,task_009,paraphrase_test,paraphrase,0,real,-1,1.0,-1.3616724014282227,-0.96826171875,0.39341068267822266,-0.003866910934448242
2,9,task_009,paraphrase_impl,paraphrase,1,real,-1,1.0,-1.4670614004135132,-0.8882491588592529,0.5788122415542603,0.003049194812774658
2,13,task_013,canonical_test,canonical,0,real,-1,1.0,-0.9329075217247009,-0.843824565410614,0.08908295631408691,0.0016999244689941406
2,13,task_013,canonical_impl,canonical,1,real,-1,1.0,-0.9276309013366699,-0.6328001618385315,0.2948307394981384,0.00466001033782959
2,13,task_013,paraphrase_test,paraphrase,0,real,-1,1.0,-0.915669322013855,-0.7934526205062866,0.12221670150756836,-0.006092429161071777
2,13,task_013,paraphrase_impl,paraphrase,1,real,-1,1.0,-0.9345359802246094,-0.6297022700309753,0.30483371019363403,0.004061698913574219
2,17,task_017,canonical_test,canonical,0,real,-1,1.0,-1.2627034187316895,-1.0560452938079834,0.20665812492370605,-0.0012917518615722656
2,17,task_017,canonical_impl,canonical,1,real,-1,1.0,-1.2308357954025269,-0.9145227074623108,0.31631308794021606,-0.004047036170959473
2,17,task_017,paraphrase_test,paraphrase,0,real,-1,1.0,-1.270390272140503,-0.9476047158241272,0.32278555631637573,0.0007911920547485352
2,17,task_017,paraphrase_impl,paraphrase,1,real,-1,1.0,-1.2480599880218506,-0.8356457948684692,0.41241419315338135,0.006744563579559326
2,21,task_021,canonical_test,canonical,0,real,-1,1.0,-1.2766008377075195,-0.9916489720344543,0.2849518656730652,0.005156576633453369
2,21,task_021,canonical_impl,canonical,1,real,-1,1.0,-1.4242329597473145,-0.8442809581756592,0.5799520015716553,-0.0005897283554077148
2,21,task_021,paraphrase_test,paraphrase,0,real,-1,1.0,-1.2916908264160156,-0.9116165041923523,0.38007432222366333,-0.00991445779800415
2,21,task_021,paraphrase_impl,paraphrase,1,real,-1,1.0,-1.4815071821212769,-0.8542097210884094,0.6272974610328674,0.005633115768432617
2,25,task_025,canonical_test,canonical,0,real,-1,1.0,-0.9416810274124146,-0.8129689693450928,0.12871205806732178,-0.004185080528259277
2,25,task_025,canonical_impl,canonical,1,real,-1,1.0,-0.9383100271224976,-0.6329126358032227,0.3053973913192749,-0.001611471176147461
2,25,task_025,paraphrase_test,paraphrase,0,real,-1,1.0,-0.9225488901138306,-0.7540594935417175,0.16848939657211304,0.0026709437370300293
2,25,task_025,paraphrase_impl,paraphrase,1,real,-1,1.0,-0.9656436443328857,-0.6370387673377991,0.32860487699508667,0.002901017665863037
2,29,task_029,canonical_test,canonical,0,real,-1,1.0,-1.2427592277526855,-1.0356413125991821,0.20711791515350342,-0.008314013481140137
2,29,task_029,canonical_impl,canonical,1,real,-1,1.0,-1.247815489768982,-0.8971666693687439,0.35064882040023804,0.007979035377502441
2,29,task_029,paraphrase_test,paraphrase,0,real,-1,1.0,-1.3484171628952026,-1.0616892576217651,0.2867279052734375,-0.006830453872680664
2,29,task_029,paraphrase_impl,paraphrase,1,real,-1,1.0,-1.2762072086334229,-0.8689479827880859,0.4072592258453369,-0.0035472512245178223
2,33,task_033,canonical_test,canonical,0,real,-1,1.0,-1.307307481765747,-1.0206900835037231,0.2866173982620239,0.0055239200592041016
2,33,task_033,canonical_impl,canonical,1,real,-1,1.0,-1.4393482208251953,-0.9073776006698608,0.5319706201553345,0.010016977787017822
2,33,task_033,paraphrase_test,paraphrase,0,real,-1,1.0,-1.3451123237609863,-0.927442729473114,0.4176695942878723,-0.0006641745567321777
2,33,task_033,paraphrase_impl,paraphrase,1,real,-1,1.0,-1.5743736028671265,-0.8979756832122803,0.6763979196548462,0.008630096912384033
2,37,task_037,canonical_test,canonical,0,real,-1,1.0,-0.9668285250663757,-0.8752492070198059,0.09157931804656982,-0.00026237964630126953
2,37,task_037,canonical_impl,canonical,1,real,-1,1.0,-0.935982346534729,-0.6608474254608154,0.2751349210739136,-0.010375499725341797
2,37,task_037,paraphrase_test,paraphrase,0,real,-1,1.0,-0.8741543292999268,-0.771668016910553,0.10248631238937378,-0.0063437819480896
2,37,task_037,paraphrase_impl,paraphrase,1,real,-1,1.0,-0.9061839580535889,-0.6393275856971741,0.2668563723564148,-0.004942655563354492
2,41,task_041,canonical_test,canonical,0,real,-1,1.0,-1.3184984922409058,-1.0867899656295776,0.23170852661132812,-0.0062084197998046875
2,41,task_041,canonical_impl,canonical,1,real,-1,1.0,-1.3001761436462402,-0.9403672218322754,0.35980892181396484,0.003545403480529785
2,41,task_041,paraphrase_test,paraphrase,0,real,-1,1.0,-1.3151979446411133,-0.9788275361061096,0.33637040853500366,0.005335807800292969
2,41,task_041,paraphrase_impl,paraphrase,1,real,-1,1.0,-1.319763422012329,-0.8631919622421265,0.45657145977020264,-0.0035262703895568848
2,45,task_045,canonical_test,canonical,0,real,-1,1.0,-1.3326231241226196,-1.0615527629852295,0.27107036113739014,0.004535555839538574
2,45,task_045,canonical_impl,canonical,1,real,-1,1.0,-1.425978660583496,-0.8892617225646973,0.5367169380187988,0.022835493087768555
2,45,task_045,paraphrase_test,paraphrase,0,real,-1,1.0,-1.3229882717132568,-0.9704625606536865,0.3525257110595703,0.000515282154083252
2,45,task_045,paraphrase_impl,paraphrase,1,real,-1,1.0,-1.469812273979187,-0.8901078701019287,0.5797044038772583,0.01594412326812744
2,1,task_001,canonical_test,canonical,0,real,-1,2.0,-0.9328600168228149,-0.8360427618026733,0.0968172550201416,-0.008618950843811035
2,1,task_001,canonical_impl,canonical,1,real,-1,2.0,-0.9218887090682983,-0.6360278129577637,0.28586089611053467,-0.003121316432952881
2,1,task_001,paraphrase_test,paraphrase,0,real,-1,2.0,-0.9128379225730896,-0.7914304733276367,0.12140744924545288,-0.007153868675231934
2,1,task_001,paraphrase_impl,paraphrase,1,real,-1,2.0,-0.9386362433433533,-0.625522792339325,0.3131134510040283,-0.0012954473495483398
2,5,task_005,canonical_test,canonical,0,real,-1,2.0,-1.2606325149536133,-1.0614817142486572,0.19915080070495605,-0.0036660432815551758
2,5,task_005,canonical_impl,canonical,1,real,-1,2.0,-1.2656909227371216,-0.8998284339904785,0.36586248874664307,-0.0011411309242248535
2,5,task_005,paraphrase_test,paraphrase,0,real,-1,2.0,-1.343045949935913,-1.0404350757598877,0.3026108741760254,-0.007263064384460449
2,5,task_005,paraphrase_impl,paraphrase,1,real,-1,2.0,-1.2717814445495605,-0.842600405216217,0.4291810393333435,-0.001975715160369873
2,9,task_009,canonical_test,canonical,0,real,-1,2.0,-1.3716301918029785,-1.1014297008514404,0.2702004909515381,-0.0028777122497558594
2,9,task_009,canonical_impl,canonical,1,real,-1,2.0,-1.4504613876342773,-0.9431737065315247,0.5072876811027527,-0.004658520221710205
2,9,task_009,paraphrase_test,paraphrase,0,real,-1,2.0,-1.3541300296783447,-0.9555397033691406,0.3985903263092041,0.0013127326965332031
2,9,task_009,paraphrase_impl,paraphrase,1,real,-1,2.0,-1.4733657836914062,-0.8852751851081848,0.5880905985832214,0.01232755184173584
2,13,task_013,canonical_test,canonical,0,real,-1,2.0,-0.9295810461044312,-0.8414729833602905,0.08810806274414062,0.0007250308990478516
2,13,task_013,canonical_impl,canonical,1,real,-1,2.0,-0.9280745983123779,-0.633112907409668,0.29496169090270996,0.004790961742401123
2,13,task_013,paraphrase_test,paraphrase,0,real,-1,2.0,-0.8999453783035278,-0.7822093367576599,0.11773604154586792,-0.010573089122772217
2,13,task_013,paraphrase_impl,paraphrase,1,real,-1,2.0,-0.9134410619735718,-0.614886999130249,0.29855406284332275,-0.0022179484367370605
2,17,task_017,canonical_test,canonical,0,real,-1,2.0,-1.262098789215088,-1.0544606447219849,0.20763814449310303,-0.00031173229217529297
2,17,task_017,canonical_impl,canonical,1,real,-1,2.0,-1.2212514877319336,-0.9003891944885254,0.3208622932434082,0.000502169132232666
2,17,task_017,paraphrase_test,paraphrase,0,real,-1,2.0,-1.254389762878418,-0.9363288879394531,0.31806087493896484,-0.0039334893226623535
2,17,task_017,paraphrase_impl,paraphrase,1,real,-1,2.0,-1.2353515625,-0.8272606134414673,0.4080909490585327,0.0024213194847106934
2,21,task_021,canonical_test,canonical,0,real,-1,2.0,-1.2661798000335693,-0.9842817783355713,0.28189802169799805,0.0021027326583862305
2,21,task_021,canonical_impl,canonical,1,real,-1,2.0,-1.4339954853057861,-0.8363347053527832,0.5976607799530029,0.01711905002593994
2,21,task_021,paraphrase_test,paraphrase,0,real,-1,2.0,-1.2888193130493164,-0.9022392630577087,0.38658004999160767,-0.0034087300300598145
2,21,task_021,paraphrase_impl,paraphrase,1,real,-1,2.0,-1.4827344417572021,-0.8476089835166931,0.635125458240509,0.013461112976074219
2,25,task_025,canonical_test,canonical,0,real,-1,2.0,-0.9364557266235352,-0.8017951846122742,0.134660542011261,0.0017634034156799316
2,25,task_025,canonical_impl,canonical,1,real,-1,2.0,-0.9283565878868103,-0.6258872747421265,0.30246931314468384,-0.004539549350738525
2,25,task_025,paraphrase_test,paraphrase,0,real,-1,2.0,-0.9064006805419922,-0.7426718473434448,0.16372883319854736,-0.0020896196365356445
2,25,task_025,paraphrase_impl,paraphrase,1,real,-1,2.0,-0.9395079016685486,-0.6185804009437561,0.3209275007247925,-0.004776358604431152
2,29,task_029,canonical_test,canonical,0,real,-1,2.0,-1.23225736618042,-1.0123777389526367,0.2198796272277832,0.0044476985931396484
2,29,task_029,canonical_impl,canonical,1,real,-1,2.0,-1.235374927520752,-0.8874236941337585,0.3479512333869934,0.0052814483642578125
2,29,task_029,paraphrase_test,paraphrase,0,real,-1,2.0,-1.3397605419158936,-1.0472824573516846,0.292478084564209,-0.0010802745819091797
2,29,task_029,paraphrase_impl,paraphrase,1,real,-1,2.0,-1.264338493347168,-0.8540196418762207,0.41031885147094727,-0.0004876255989074707
2,33,task_033,canonical_test,canonical,0,real,-1,2.0,-1.291975736618042,-1.0029009580612183,0.28907477855682373,0.007981300354003906
2,33,task_033,canonical_impl,canonical,1,real,-1,2.0,-1.4361305236816406,-0.8972030282020569,0.5389274954795837,0.01697385311126709
2,33,task_033,paraphrase_test,paraphrase,0,real,-1,2.0,-1.3363525867462158,-0.913912832736969,0.4224397540092468,0.004105985164642334
2,33,task_033,paraphrase_impl,paraphrase,1,real,-1,2.0,-1.546518087387085,-0.8783108592033386,0.6682072281837463,0.0004394054412841797
2,37,task_037,canonical_test,canonical,0,real,-1,2.0,-0.9492670893669128,-0.855190098285675,0.09407699108123779,0.0022352933883666992
2,37,task_037,canonical_impl,canonical,1,real,-1,2.0,-0.930870532989502,-0.6498895287513733,0.28098100423812866,-0.004529416561126709
2,37,task_037,paraphrase_test,paraphrase,0,real,-1,2.0,-0.8594812154769897,-0.7540640234947205,0.10541719198226929,-0.003412902355194092
2,37,task_037,paraphrase_impl,paraphrase,1,real,-1,2.0,-0.8797153234481812,-0.620814859867096,0.2589004635810852,-0.012898564338684082
2,41,task_041,canonical_test,canonical,0,real,-1,2.0,-1.313811182975769,-1.0751879215240479,0.2386232614517212,0.0007063150405883789
2,41,task_041,canonical_impl,canonical,1,real,-1,2.0,-1.2845654487609863,-0.928589403629303,0.35597604513168335,-0.000287473201751709
2,41,task_041,paraphrase_test,paraphrase,0,real,-1,2.0,-1.3026087284088135,-0.9632230401039124,0.3393856883049011,0.00835108757019043
2,41,task_041,paraphrase_impl,paraphrase,1,real,-1,2.0,-1.3045400381088257,-0.8457556962966919,0.4587843418121338,-0.0013133883476257324
2,45,task_045,canonical_test,canonical,0,real,-1,2.0,-1.319958209991455,-1.0525630712509155,0.26739513874053955,0.0008603334426879883
2,45,task_045,canonical_impl,canonical,1,real,-1,2.0,-1.4186382293701172,-0.8844853043556213,0.5341529250144958,0.020271480083465576
2,45,task_045,paraphrase_test,paraphrase,0,real,-1,2.0,-1.318253993988037,-0.9671386480331421,0.351115345954895,-0.000895082950592041
2,45,task_045,paraphrase_impl,paraphrase,1,real,-1,2.0,-1.460036277770996,-0.8833232522010803,0.5767130255699158,0.012952744960784912
2,1,task_001,canonical_test,canonical,0,same_state,-1,-1.0,-0.9558968544006348,-0.859950840473175,0.09594601392745972,-0.00949019193649292
2,1,task_001,canonical_impl,canonical,1,same_state,-1,-1.0,-0.9327036142349243,-0.6436564326286316,0.2890471816062927,6.496906280517578e-05
2,1,task_001,paraphrase_test,paraphrase,0,same_state,-1,-1.0,-0.9375254511833191,-0.8163669109344482,0.12115854024887085,-0.007402777671813965
2,1,task_001,paraphrase_impl,paraphrase,1,same_state,-1,-1.0,-0.9687692523002625,-0.6541495323181152,0.3146197199821472,0.00021082162857055664
2,5,task_005,canonical_test,canonical,0,same_state,-1,-1.0,-1.2959470748901367,-1.092192530632019,0.20375454425811768,0.0009377002716064453
2,5,task_005,canonical_impl,canonical,1,same_state,-1,-1.0,-1.2715246677398682,-0.9113326072692871,0.36019206047058105,-0.006811559200286865
2,5,task_005,paraphrase_test,paraphrase,0,same_state,-1,-1.0,-1.3623020648956299,-1.0615005493164062,0.30080151557922363,-0.009072422981262207
2,5,task_005,paraphrase_impl,paraphrase,1,same_state,-1,-1.0,-1.2791728973388672,-0.8625009655952454,0.4166719317436218,-0.014484822750091553
2,9,task_009,canonical_test,canonical,0,same_state,-1,-1.0,-1.383138656616211,-1.1107255220413208,0.27241313457489014,-0.0006650686264038086
2,9,task_009,canonical_impl,canonical,1,same_state,-1,-1.0,-1.4549098014831543,-0.9463343024253845,0.5085754990577698,-0.0033707022666931152
2,9,task_009,paraphrase_test,paraphrase,0,same_state,-1,-1.0,-1.3663580417633057,-0.9713926911354065,0.39496535062789917,-0.0023122429847717285
2,9,task_009,paraphrase_impl,paraphrase,1,same_state,-1,-1.0,-1.4889097213745117,-0.9110219478607178,0.577887773513794,0.0021247267723083496
2,13,task_013,canonical_test,canonical,0,same_state,-1,-1.0,-0.950528621673584,-0.8566220998764038,0.09390652179718018,0.006523489952087402
2,13,task_013,canonical_impl,canonical,1,same_state,-1,-1.0,-0.9429931044578552,-0.6436419486999512,0.29935115575790405,0.009180426597595215
2,13,task_013,paraphrase_test,paraphrase,0,same_state,-1,-1.0,-0.9271203279495239,-0.801542341709137,0.12557798624038696,-0.002731144428253174
2,13,task_013,paraphrase_impl,paraphrase,1,same_state,-1,-1.0,-0.9399377703666687,-0.6408970355987549,0.2990407347679138,-0.001731276512145996
2,17,task_017,canonical_test,canonical,0,same_state,-1,-1.0,-1.287217140197754,-1.072229266166687,0.2149878740310669,0.007037997245788574
2,17,task_017,canonical_impl,canonical,1,same_state,-1,-1.0,-1.246222734451294,-0.9253252744674683,0.3208974599838257,0.0005373358726501465
2,17,task_017,paraphrase_test,paraphrase,0,same_state,-1,-1.0,-1.2926769256591797,-0.9707385897636414,0.32193833589553833,-5.602836608886719e-05
2,17,task_017,paraphrase_impl,paraphrase,1,same_state,-1,-1.0,-1.259048581123352,-0.8507486581802368,0.40829992294311523,0.002630293369293213
2,21,task_021,canonical_test,canonical,0,same_state,-1,-1.0,-1.287470817565918,-1.006937861442566,0.28053295612335205,0.0007376670837402344
2,21,task_021,canonical_impl,canonical,1,same_state,-1,-1.0,-1.4222930669784546,-0.8424201011657715,0.5798729658126831,-0.0006687641143798828
2,21,task_021,paraphrase_test,paraphrase,0,same_state,-1,-1.0,-1.2978390455245972,-0.9159585237503052,0.381880521774292,-0.008108258247375488
2,21,task_021,paraphrase_impl,paraphrase,1,same_state,-1,-1.0,-1.4851305484771729,-0.8641360998153687,0.6209944486618042,-0.0006698966026306152
2,25,task_025,canonical_test,canonical,0,same_state,-1,-1.0,-0.9621576070785522,-0.8277696371078491,0.13438796997070312,0.0014908313751220703
2,25,task_025,canonical_impl,canonical,1,same_state,-1,-1.0,-0.9391365051269531,-0.6336598992347717,0.3054766058921814,-0.0015322566032409668
2,25,task_025,paraphrase_test,paraphrase,0,same_state,-1,-1.0,-0.9356455206871033,-0.7781397700309753,0.15750575065612793,-0.008312702178955078
2,25,task_025,paraphrase_impl,paraphrase,1,same_state,-1,-1.0,-0.9643287062644958,-0.6435165405273438,0.3208121657371521,-0.004891693592071533
2,29,task_029,canonical_test,canonical,0,same_state,-1,-1.0,-1.2517756223678589,-1.0408655405044556,0.21091008186340332,-0.004521846771240234
2,29,task_029,canonical_impl,canonical,1,same_state,-1,-1.0,-1.2464592456817627,-0.8944284915924072,0.35203075408935547,0.009360969066619873
2,29,task_029,paraphrase_test,paraphrase,0,same_state,-1,-1.0,-1.3608955144882202,-1.0704988241195679,0.29039669036865234,-0.0031616687774658203
2,29,task_029,paraphrase_impl,paraphrase,1,same_state,-1,-1.0,-1.2905418872833252,-0.8868566751480103,0.40368521213531494,-0.007121264934539795
2,33,task_033,canonical_test,canonical,0,same_state,-1,-1.0,-1.3158013820648193,-1.0348612070083618,0.2809401750564575,-0.0001533031463623047
2,33,task_033,canonical_impl,canonical,1,same_state,-1,-1.0,-1.4386537075042725,-0.9142448902130127,0.5244088172912598,0.0024551749229431152
2,33,task_033,paraphrase_test,paraphrase,0,same_state,-1,-1.0,-1.3485978841781616,-0.9297622442245483,0.4188356399536133,0.0005018711090087891
2,33,task_033,paraphrase_impl,paraphrase,1,same_state,-1,-1.0,-1.5691699981689453,-0.9015375375747681,0.6676324605941772,-0.0001353621482849121
2,37,task_037,canonical_test,canonical,0,same_state,-1,-1.0,-0.9702701568603516,-0.8776898980140686,0.09258025884628296,0.0007385611534118652
2,37,task_037,canonical_impl,canonical,1,same_state,-1,-1.0,-0.9520584940910339,-0.6648465394973755,0.28721195459365845,0.0017015337944030762
2,37,task_037,paraphrase_test,paraphrase,0,same_state,-1,-1.0,-0.8966280221939087,-0.7875655889511108,0.10906243324279785,0.00023233890533447266
2,37,task_037,paraphrase_impl,paraphrase,1,same_state,-1,-1.0,-0.9121705889701843,-0.6436508297920227,0.2685197591781616,-0.003279268741607666
2,41,task_041,canonical_test,canonical,0,same_state,-1,-1.0,-1.3313428163528442,-1.0958598852157593,0.23548293113708496,-0.0024340152740478516
2,41,task_041,canonical_impl,canonical,1,same_state,-1,-1.0,-1.3127964735031128,-0.9492735266685486,0.3635229468345642,0.00725942850112915
2,41,task_041,paraphrase_test,paraphrase,0,same_state,-1,-1.0,-1.3336814641952515,-0.998548150062561,0.33513331413269043,0.004098713397979736
2,41,task_041,paraphrase_impl,paraphrase,1,same_state,-1,-1.0,-1.325720191001892,-0.8751227855682373,0.4505974054336548,-0.009500324726104736
2,45,task_045,canonical_test,canonical,0,same_state,-1,-1.0,-1.3441098928451538,-1.077929973602295,0.2661799192428589,-0.0003548860549926758
2,45,task_045,canonical_impl,canonical,1,same_state,-1,-1.0,-1.4086730480194092,-0.8849390745162964,0.5237339735031128,0.00985252857208252
2,45,task_045,paraphrase_test,paraphrase,0,same_state,-1,-1.0,-1.314972162246704,-0.9723898768424988,0.3425822854042053,-0.009428143501281738
2,45,task_045,paraphrase_impl,paraphrase,1,same_state,-1,-1.0,-1.4610633850097656,-0.8987467885017395,0.5623165965080261,-0.0014436841011047363
2,1,task_001,canonical_test,canonical,0,same_state,-1,1.0,-0.9576284289360046,-0.8611741065979004,0.09645432233810425,-0.008981883525848389
2,1,task_001,canonical_impl,canonical,1,same_state,-1,1.0,-0.9319319725036621,-0.6431090235710144,0.2888229489326477,-0.00015926361083984375
2,1,task_001,paraphrase_test,paraphrase,0,same_state,-1,1.0,-0.9541473388671875,-0.820597231388092,0.13355010747909546,0.0049887895584106445
2,1,task_001,paraphrase_impl,paraphrase,1,same_state,-1,1.0,-0.9859303832054138,-0.658811092376709,0.32711929082870483,0.012710392475128174
2,5,task_005,canonical_test,canonical,0,same_state,-1,1.0,-1.3008760213851929,-1.0965003967285156,0.20437562465667725,0.0015587806701660156
2,5,task_005,canonical_impl,canonical,1,same_state,-1,1.0,-1.2797696590423584,-0.9105367660522461,0.3692328929901123,0.0022292733192443848
2,5,task_005,paraphrase_test,paraphrase,0,same_state,-1,1.0,-1.3666552305221558,-1.0645785331726074,0.30207669734954834,-0.0077972412109375
2,5,task_005,paraphrase_impl,paraphrase,1,same_state,-1,1.0,-1.3088349103927612,-0.8756662011146545,0.4331687092781067,0.0020119547843933105
2,9,task_009,canonical_test,canonical,0,same_state,-1,1.0,-1.3783577680587769,-1.1067718267440796,0.27158594131469727,-0.0014922618865966797
2,9,task_009,canonical_impl,canonical,1,same_state,-1,1.0,-1.4658594131469727,-0.9540959596633911,0.5117634534835815,-0.00018274784088134766
2,9,task_009,paraphrase_test,paraphrase,0,same_state,-1,1.0,-1.367836833000183,-0.9724500179290771,0.39538681507110596,-0.0018907785415649414
2,9,task_009,paraphrase_impl,paraphrase,1,same_state,-1,1.0,-1.504423975944519,-0.9146215319633484,0.5898024439811707,0.014039397239685059
2,13,task_013,canonical_test,canonical,0,same_state,-1,1.0,-0.9551308155059814,-0.8596986532211304,0.09543216228485107,0.0080491304397583
2,13,task_013,canonical_impl,canonical,1,same_state,-1,1.0,-0.9423408508300781,-0.6431823372840881,0.29915851354599,0.008987784385681152
2,13,task_013,paraphrase_test,paraphrase,0,same_state,-1,1.0,-0.9535895586013794,-0.8202192187309265,0.13337033987045288,0.005061209201812744
2,13,task_013,paraphrase_impl,paraphrase,1,same_state,-1,1.0,-0.9572684168815613,-0.6458485722541809,0.31141984462738037,0.010647833347320557
2,17,task_017,canonical_test,canonical,0,same_state,-1,1.0,-1.28087317943573,-1.0677459239959717,0.2131272554397583,0.0051773786544799805
2,17,task_017,canonical_impl,canonical,1,same_state,-1,1.0,-1.250213623046875,-0.9198535084724426,0.3303601145744324,0.009999990463256836
2,17,task_017,paraphrase_test,paraphrase,0,same_state,-1,1.0,-1.290278434753418,-0.9690181612968445,0.3212602734565735,-0.0007340908050537109
2,17,task_017,paraphrase_impl,paraphrase,1,same_state,-1,1.0,-1.2478028535842896,-0.8422613739967346,0.40554147958755493,-0.00012814998626708984
2,21,task_021,canonical_test,canonical,0,same_state,-1,1.0,-1.289180040359497,-1.0082379579544067,0.28094208240509033,0.0011467933654785156
2,21,task_021,canonical_impl,canonical,1,same_state,-1,1.0,-1.4245262145996094,-0.8440059423446655,0.5805202722549438,-2.1457672119140625e-05
2,21,task_021,paraphrase_test,paraphrase,0,same_state,-1,1.0,-1.3108348846435547,-0.9178030490875244,0.3930318355560303,0.003043055534362793
2,21,task_021,paraphrase_impl,paraphrase,1,same_state,-1,1.0,-1.4973162412643433,-0.8653398156166077,0.6319764256477356,0.010312080383300781
2,25,task_025,canonical_test,canonical,0,same_state,-1,1.0,-0.9628573656082153,-0.8208973407745361,0.1419600248336792,0.009062886238098145
2,25,task_025,canonical_impl,canonical,1,same_state,-1,1.0,-0.9387837648391724,-0.6332479119300842,0.30553585290908813,-0.0014730095863342285
2,25,task_025,paraphrase_test,paraphrase,0,same_state,-1,1.0,-0.9473993182182312,-0.7790619134902954,0.1683374047279358,0.002518951892852783
2,25,task_025,paraphrase_impl,paraphrase,1,same_state,-1,1.0,-0.9890438914299011,-0.6609634757041931,0.328080415725708,0.002376556396484375
2,29,task_029,canonical_test,canonical,0,same_state,-1,1.0,-1.2490559816360474,-1.038962960243225,0.21009302139282227,-0.005338907241821289
2,29,task_029,canonical_impl,canonical,1,same_state,-1,1.0,-1.2590978145599365,-0.90419602394104,0.3549017906188965,0.012232005596160889
2,29,task_029,paraphrase_test,paraphrase,0,same_state,-1,1.0,-1.3689990043640137,-1.082677960395813,0.2863210439682007,-0.0072373151779174805
2,29,task_029,paraphrase_impl,paraphrase,1,same_state,-1,1.0,-1.3053938150405884,-0.8901667594909668,0.4152270555496216,0.004420578479766846
2,33,task_033,canonical_test,canonical,0,same_state,-1,1.0,-1.3136051893234253,-1.032571792602539,0.28103339672088623,-6.008148193359375e-05
2,33,task_033,canonical_impl,canonical,1,same_state,-1,1.0,-1.4271411895751953,-0.9061257839202881,0.5210154056549072,-0.0009382367134094238
2,33,task_033,paraphrase_test,paraphrase,0,same_state,-1,1.0,-1.359093189239502,-0.937510073184967,0.4215831160545349,0.00324934720993042
2,33,task_033,paraphrase_impl,paraphrase,1,same_state,-1,1.0,-1.5651044845581055,-0.8986697793006897,0.6664347052574158,-0.0013331174850463867
2,37,task_037,canonical_test,canonical,0,same_state,-1,1.0,-0.9719462394714355,-0.8790140151977539,0.09293222427368164,0.0010905265808105469
2,37,task_037,canonical_impl,canonical,1,same_state,-1,1.0,-0.9358969926834106,-0.6607934236526489,0.2751035690307617,-0.010406851768493652
2,37,task_037,paraphrase_test,paraphrase,0,same_state,-1,1.0,-0.9023963809013367,-0.7842525243759155,0.11814385652542114,0.009313762187957764
2,37,task_037,paraphrase_impl,paraphrase,1,same_state,-1,1.0,-0.9233107566833496,-0.6513620018959045,0.27194875478744507,0.00014972686767578125
2,41,task_041,canonical_test,canonical,0,same_state,-1,1.0,-1.3310784101486206,-1.0947436094284058,0.23633480072021484,-0.0015821456909179688
2,41,task_041,canonical_impl,canonical,1,same_state,-1,1.0,-1.2958124876022339,-0.944654107093811,0.35115838050842285,-0.005105137825012207
2,41,task_041,paraphrase_test,paraphrase,0,same_state,-1,1.0,-1.3327988386154175,-0.9986198544502258,0.33417898416519165,0.003144383430480957
2,41,task_041,paraphrase_impl,paraphrase,1,same_state,-1,1.0,-1.3320746421813965,-0.8727843165397644,0.4592903256416321,-0.0008074045181274414
2,45,task_045,canonical_test,canonical,0,same_state,-1,1.0,-1.3424381017684937,-1.0685065984725952,0.27393150329589844,0.007396697998046875
2,45,task_045,canonical_impl,canonical,1,same_state,-1,1.0,-1.4250726699829102,-0.896544873714447,0.5285277962684631,0.014646351337432861
2,45,task_045,paraphrase_test,paraphrase,0,same_state,-1,1.0,-1.327258825302124,-0.9734783172607422,0.35378050804138184,0.0017700791358947754
2,45,task_045,paraphrase_impl,paraphrase,1,same_state,-1,1.0,-1.4656391143798828,-0.9019789695739746,0.5636601448059082,-0.00010013580322265625
2,1,task_001,canonical_test,canonical,0,random,0,-1.0,-0.9584330320358276,-0.8542341589927673,0.1041988730430603,-0.001237332820892334
2,1,task_001,canonical_impl,canonical,1,random,0,-1.0,-0.9318860769271851,-0.6430766582489014,0.2888094186782837,-0.00017279386520385742
2,1,task_001,paraphrase_test,paraphrase,0,random,0,-1.0,-0.9423043727874756,-0.8195890784263611,0.1227152943611145,-0.0058460235595703125
2,1,task_001,paraphrase_impl,paraphrase,1,random,0,-1.0,-0.965360164642334,-0.6442937254905701,0.3210664391517639,0.006657540798187256
2,5,task_005,canonical_test,canonical,0,random,0,-1.0,-1.2872956991195679,-1.0797685384750366,0.20752716064453125,0.0047103166580200195
2,5,task_005,canonical_impl,canonical,1,random,0,-1.0,-1.269863486289978,-0.9028007388114929,0.3670627474784851,5.91278076171875e-05
2,5,task_005,paraphrase_test,paraphrase,0,random,0,-1.0,-1.3616254329681396,-1.0614746809005737,0.3001507520675659,-0.009723186492919922
2,5,task_005,paraphrase_impl,paraphrase,1,random,0,-1.0,-1.273565649986267,-0.8585527539253235,0.4150128960609436,-0.016143858432769775
2,9,task_009,canonical_test,canonical,0,random,0,-1.0,-1.3680329322814941,-1.0994606018066406,0.2685723304748535,-0.00450587272644043
2,9,task_009,canonical_impl,canonical,1,random,0,-1.0,-1.456633448600769,-0.947594940662384,0.509038507938385,-0.002907693386077881
2,9,task_009,paraphrase_test,paraphrase,0,random,0,-1.0,-1.357039451599121,-0.9649435877799988,0.3920958638191223,-0.005181729793548584
2,9,task_009,paraphrase_impl,paraphrase,1,random,0,-1.0,-1.469700574874878,-0.8974632620811462,0.5722373127937317,-0.0035257339477539062
2,13,task_013,canonical_test,canonical,0,random,0,-1.0,-0.9345917701721191,-0.8525391221046448,0.08205264806747437,-0.005330383777618408
2,13,task_013,canonical_impl,canonical,1,random,0,-1.0,-0.9324637651443481,-0.6362136006355286,0.2962501645088196,0.006079435348510742
2,13,task_013,paraphrase_test,paraphrase,0,random,0,-1.0,-0.9264147281646729,-0.8010573983192444,0.12535732984542847,-0.00295180082321167
2,13,task_013,paraphrase_impl,paraphrase,1,random,0,-1.0,-0.9448035955429077,-0.6443264484405518,0.30047714710235596,-0.0002948641777038574
2,17,task_017,canonical_test,canonical,0,random,0,-1.0,-1.2763915061950684,-1.0645637512207031,0.21182775497436523,0.003877878189086914
2,17,task_017,canonical_impl,canonical,1,random,0,-1.0,-1.2253409624099731,-0.910607099533081,0.3147338628768921,-0.005626261234283447
2,17,task_017,paraphrase_test,paraphrase,0,random,0,-1.0,-1.2782751321792603,-0.9605231881141663,0.317751944065094,-0.004242420196533203
2,17,task_017,paraphrase_impl,paraphrase,1,random,0,-1.0,-1.2579286098480225,-0.8425554037094116,0.41537320613861084,0.009703576564788818
2,21,task_021,canonical_test,canonical,0,random,0,-1.0,-1.270296573638916,-0.9948132634162903,0.27548331022262573,-0.004311978816986084
2,21,task_021,canonical_impl,canonical,1,random,0,-1.0,-1.4187049865722656,-0.8403819799423218,0.5783230066299438,-0.0022187232971191406
2,21,task_021,paraphrase_test,paraphrase,0,random,0,-1.0,-1.2867660522460938,-0.9010430574417114,0.3857229948043823,-0.004265785217285156
2,21,task_021,paraphrase_impl,paraphrase,1,random,0,-1.0,-1.4778059720993042,-0.8590808510780334,0.6187251210212708,-0.0029392242431640625
2,25,task_025,canonical_test,canonical,0,random,0,-1.0,-0.9467629194259644,-0.8169030547142029,0.12985986471176147,-0.00303727388381958
2,25,task_025,canonical_impl,canonical,1,random,0,-1.0,-0.9191784858703613,-0.6195724606513977,0.2996060252189636,-0.00740283727645874
2,25,task_025,paraphrase_test,paraphrase,0,random,0,-1.0,-0.9370626211166382,-0.7717880606651306,0.16527456045150757,-0.0005438923835754395
2,25,task_025,paraphrase_impl,paraphrase,1,random,0,-1.0,-0.9754695892333984,-0.6513205766677856,0.3241490125656128,-0.0015548467636108398
2,29,task_029,canonical_test,canonical,0,random,0,-1.0,-1.2442134618759155,-1.0358397960662842,0.20837366580963135,-0.007058262825012207
2,29,task_029,canonical_impl,canonical,1,random,0,-1.0,-1.2395241260528564,-0.8904390931129456,0.3490850329399109,0.006415247917175293
2,29,task_029,paraphrase_test,paraphrase,0,random,0,-1.0,-1.359113097190857,-1.0755950212478638,0.28351807594299316,-0.010040283203125
2,29,task_029,paraphrase_impl,paraphrase,1,random,0,-1.0,-1.2867294549942017,-0.8776631951332092,0.40906625986099243,-0.0017402172088623047
2,33,task_033,canonical_test,canonical,0,random,0,-1.0,-1.3071593046188354,-1.021368145942688,0.28579115867614746,0.004697680473327637
2,33,task_033,canonical_impl,canonical,1,random,0,-1.0,-1.4367278814315796,-0.9050809144973755,0.5316469669342041,0.009693324565887451
2,33,task_033,paraphrase_test,paraphrase,0,random,0,-1.0,-1.3408100605010986,-0.924469530582428,0.41634052991867065,-0.001993238925933838
2,33,task_033,paraphrase_impl,paraphrase,1,random,0,-1.0,-1.5595097541809082,-0.8947265148162842,0.664783239364624,-0.0029845833778381348
2,37,task_037,canonical_test,canonical,0,random,0,-1.0,-0.9597277641296387,-0.8705832362174988,0.08914452791213989,-0.002697169780731201
2,37,task_037,canonical_impl,canonical,1,random,0,-1.0,-0.9361063241958618,-0.6608139276504517,0.27529239654541016,-0.010218024253845215
2,37,task_037,paraphrase_test,paraphrase,0,random,0,-1.0,-0.8869437575340271,-0.7733404040336609,0.11360335350036621,0.004773259162902832
2,37,task_037,paraphrase_impl,paraphrase,1,random,0,-1.0,-0.9171383380889893,-0.6470528841018677,0.2700854539871216,-0.001713573932647705
2,41,task_041,canonical_test,canonical,0,random,0,-1.0,-1.3261690139770508,-1.092194676399231,0.23397433757781982,-0.003942608833312988
2,41,task_041,canonical_impl,canonical,1,random,0,-1.0,-1.2906982898712158,-0.9402697086334229,0.35042858123779297,-0.00583493709564209
2,41,task_041,paraphrase_test,paraphrase,0,random,0,-1.0,-1.3162248134613037,-0.9868431091308594,0.32938170433044434,-0.0016528964042663574
2,41,task_041,paraphrase_impl,paraphrase,1,random,0,-1.0,-1.321736454963684,-0.8649665713310242,0.4567698836326599,-0.0033278465270996094
2,45,task_045,canonical_test,canonical,0,random,0,-1.0,-1.3281234502792358,-1.0665949583053589,0.26152849197387695,-0.005006313323974609
2,45,task_045,canonical_impl,canonical,1,random,0,-1.0,-1.401196837425232,-0.879682183265686,0.5215146541595459,0.007633209228515625
2,45,task_045,paraphrase_test,paraphrase,0,random,0,-1.0,-1.3151428699493408,-0.9654069542884827,0.34973591566085815,-0.0022745132446289062
2,45,task_045,paraphrase_impl,paraphrase,1,random,0,-1.0,-1.4712302684783936,-0.8985391855239868,0.5726910829544067,0.008930802345275879
2,1,task_001,canonical_test,canonical,0,random,0,1.0,-0.9735041856765747,-0.871918261051178,0.10158592462539673,-0.003850281238555908
2,1,task_001,canonical_impl,canonical,1,random,0,1.0,-0.9472717046737671,-0.6540828943252563,0.29318881034851074,0.004206597805023193
2,1,task_001,paraphrase_test,paraphrase,0,random,0,1.0,-0.9466539621353149,-0.8226602077484131,0.12399375438690186,-0.004567563533782959
2,1,task_001,paraphrase_impl,paraphrase,1,random,0,1.0,-0.98512864112854,-0.6583471894264221,0.3267814517021179,0.01237255334854126
2,5,task_005,canonical_test,canonical,0,random,0,1.0,-1.3029588460922241,-1.0987420082092285,0.2042168378829956,0.001399993896484375
2,5,task_005,canonical_impl,canonical,1,random,0,1.0,-1.2762577533721924,-0.9154086709022522,0.3608490824699402,-0.006154537200927734
2,5,task_005,paraphrase_test,paraphrase,0,random,0,1.0,-1.379387378692627,-1.0667580366134644,0.3126293420791626,0.002755403518676758
2,5,task_005,paraphrase_impl,paraphrase,1,random,0,1.0,-1.2943830490112305,-0.8729150295257568,0.42146801948547363,-0.009688735008239746
2,9,task_009,canonical_test,canonical,0,random,0,1.0,-1.3937969207763672,-1.1176496744155884,0.2761472463607788,0.0030690431594848633
2,9,task_009,canonical_impl,canonical,1,random,0,1.0,-1.4724061489105225,-0.958269476890564,0.5141366720199585,0.0021904706954956055
2,9,task_009,paraphrase_test,paraphrase,0,random,0,1.0,-1.3774547576904297,-0.9792950749397278,0.3981596827507019,0.0008820891380310059
2,9,task_009,paraphrase_impl,paraphrase,1,random,0,1.0,-1.4911777973175049,-0.9127268195152283,0.5784509778022766,0.0026879310607910156
2,13,task_013,canonical_test,canonical,0,random,0,1.0,-0.9587027430534363,-0.8623759746551514,0.09632676839828491,0.008943736553192139
2,13,task_013,canonical_impl,canonical,1,random,0,1.0,-0.9433951377868652,-0.6439386010169983,0.29945653676986694,0.009285807609558105
2,13,task_013,paraphrase_test,paraphrase,0,random,0,1.0,-0.944807231426239,-0.8138752579689026,0.13093197345733643,0.002622842788696289
2,13,task_013,paraphrase_impl,paraphrase,1,random,0,1.0,-0.960572361946106,-0.6554586887359619,0.30511367321014404,0.0043416619300842285
2,17,task_017,canonical_test,canonical,0,random,0,1.0,-1.299198865890503,-1.080649495124817,0.21854937076568604,0.010599493980407715
2,17,task_017,canonical_impl,canonical,1,random,0,1.0,-1.2450779676437378,-0.9253106117248535,0.3197673559188843,-0.0005927681922912598
2,17,task_017,paraphrase_test,paraphrase,0,random,0,1.0,-1.2889155149459839,-0.967981219291687,0.3209342956542969,-0.0010600686073303223
2,17,task_017,paraphrase_impl,paraphrase,1,random,0,1.0,-1.2706563472747803,-0.8589253425598145,0.4117310047149658,0.006061375141143799
2,21,task_021,canonical_test,canonical,0,random,0,1.0,-1.3114993572235107,-1.0231568813323975,0.2883424758911133,0.008547186851501465
2,21,task_021,canonical_impl,canonical,1,random,0,1.0,-1.426734209060669,-0.8456332087516785,0.5811010003089905,0.0005592703819274902
2,21,task_021,paraphrase_test,paraphrase,0,random,0,1.0,-1.3016293048858643,-0.9186331629753113,0.382996141910553,-0.006992638111114502
2,21,task_021,paraphrase_impl,paraphrase,1,random,0,1.0,-1.4977662563323975,-0.8733020424842834,0.624464213848114,0.0027998685836791992
2,25,task_025,canonical_test,canonical,0,random,0,1.0,-0.9720966815948486,-0.8344462513923645,0.13765043020248413,0.004753291606903076
2,25,task_025,canonical_impl,canonical,1,random,0,1.0,-0.9511839747428894,-0.6346470713615417,0.31653690338134766,0.009528040885925293
2,25,task_025,paraphrase_test,paraphrase,0,random,0,1.0,-0.947074294090271,-0.7788628935813904,0.16821140050888062,0.0023929476737976074
2,25,task_025,paraphrase_impl,paraphrase,1,random,0,1.0,-0.990003228187561,-0.6616827249526978,0.3283205032348633,0.0026166439056396484
2,29,task_029,canonical_test,canonical,0,random,0,1.0,-1.263157606124878,-1.0488793849945068,0.2142782211303711,-0.001153707504272461
2,29,task_029,canonical_impl,canonical,1,random,0,1.0,-1.2644556760787964,-0.9088627099990845,0.3555929660797119,0.012923181056976318
2,29,task_029,paraphrase_test,paraphrase,0,random,0,1.0,-1.379650354385376,-1.083755612373352,0.2958947420120239,0.0023363828659057617
2,29,task_029,paraphrase_impl,paraphrase,1,random,0,1.0,-1.3029956817626953,-0.888460636138916,0.4145350456237793,0.0037285685539245605
2,33,task_033,canonical_test,canonical,0,random,0,1.0,-1.3232005834579468,-1.0397307872772217,0.2834697961807251,0.0023763179779052734
2,33,task_033,canonical_impl,canonical,1,random,0,1.0,-1.4550285339355469,-0.9184467196464539,0.536581814289093,0.014628171920776367
2,33,task_033,paraphrase_test,paraphrase,0,random,0,1.0,-1.3562235832214355,-0.9354904294013977,0.42073315382003784,0.0023993849754333496
2,33,task_033,paraphrase_impl,paraphrase,1,random,0,1.0,-1.583940863609314,-0.9119709134101868,0.6719699501991272,0.004202127456665039
2,37,task_037,canonical_test,canonical,0,random,0,1.0,-0.9877737760543823,-0.8900464177131653,0.09772735834121704,0.005885660648345947
2,37,task_037,canonical_impl,canonical,1,random,0,1.0,-0.9516393542289734,-0.6720534563064575,0.27958589792251587,-0.005924522876739502
2,37,task_037,paraphrase_test,paraphrase,0,random,0,1.0,-0.9168879389762878,-0.8018357157707214,0.1150522232055664,0.006222128868103027
2,37,task_037,paraphrase_impl,paraphrase,1,random,0,1.0,-0.9326685667037964,-0.6581202149391174,0.27454835176467896,0.002749323844909668
2,41,task_041,canonical_test,canonical,0,random,0,1.0,-1.3438777923583984,-1.1111286878585815,0.2327491044998169,-0.005167841911315918
2,41,task_041,canonical_impl,canonical,1,random,0,1.0,-1.3184963464736938,-0.9598828554153442,0.3586134910583496,0.0023499727249145508
2,41,task_041,paraphrase_test,paraphrase,0,random,0,1.0,-1.3298145532608032,-0.9958410859107971,0.3339734673500061,0.00293886661529541
2,41,task_041,paraphrase_impl,paraphrase,1,random,0,1.0,-1.3423900604248047,-0.8800641298294067,0.46232593059539795,0.0022282004356384277
2,45,task_045,canonical_test,canonical,0,random,0,1.0,-1.346752643585205,-1.0776041746139526,0.26914846897125244,0.002613663673400879
2,45,task_045,canonical_impl,canonical,1,random,0,1.0,-1.4298286437988281,-0.8998899459838867,0.5299386978149414,0.016057252883911133
2,45,task_045,paraphrase_test,paraphrase,0,random,0,1.0,-1.3300632238388062,-0.9828094244003296,0.34725379943847656,-0.004756629467010498
2,45,task_045,paraphrase_impl,paraphrase,1,random,0,1.0,-1.4789437055587769,-0.9112598896026611,0.5676838159561157,0.003923535346984863
2,1,task_001,canonical_test,canonical,0,random,1,-1.0,-0.9658427238464355,-0.866802453994751,0.09904026985168457,-0.006395936012268066
2,1,task_001,canonical_impl,canonical,1,random,1,-1.0,-0.9420217871665955,-0.6503796577453613,0.29164212942123413,0.002659916877746582
2,1,task_001,paraphrase_test,paraphrase,0,random,1,-1.0,-0.9470298290252686,-0.8229255676269531,0.12410426139831543,-0.004457056522369385
2,1,task_001,paraphrase_impl,paraphrase,1,random,1,-1.0,-0.9808640480041504,-0.6553342938423157,0.3255297541618347,0.011120855808258057
2,5,task_005,canonical_test,canonical,0,random,1,-1.0,-1.298642873764038,-1.0949710607528687,0.20367181301116943,0.0008549690246582031
2,5,task_005,canonical_impl,canonical,1,random,1,-1.0,-1.2824108600616455,-0.9116129279136658,0.37079793214797974,0.0037943124771118164
2,5,task_005,paraphrase_test,paraphrase,0,random,1,-1.0,-1.3744596242904663,-1.0700891017913818,0.3043705224990845,-0.005503416061401367
2,5,task_005,paraphrase_impl,paraphrase,1,random,1,-1.0,-1.2952641248703003,-0.8745231628417969,0.4207409620285034,-0.010415792465209961
2,9,task_009,canonical_test,canonical,0,random,1,-1.0,-1.3757836818695068,-1.1049286127090454,0.2708550691604614,-0.0022231340408325195
2,9,task_009,canonical_impl,canonical,1,random,1,-1.0,-1.4641855955123901,-0.9529097080230713,0.5112758874893188,-0.000670313835144043
2,9,task_009,paraphrase_test,paraphrase,0,random,1,-1.0,-1.3698753118515015,-0.9740217924118042,0.39585351943969727,-0.0014240741729736328
2,9,task_009,paraphrase_impl,paraphrase,1,random,1,-1.0,-1.4956016540527344,-0.9084205031394958,0.5871811509132385,0.01141810417175293
2,13,task_013,canonical_test,canonical,0,random,1,-1.0,-0.960162341594696,-0.8632504940032959,0.09691184759140015,0.009528815746307373
2,13,task_013,canonical_impl,canonical,1,random,1,-1.0,-0.9420351982116699,-0.6429665684700012,0.2990686297416687,0.008897900581359863
2,13,task_013,paraphrase_test,paraphrase,0,random,1,-1.0,-0.9338529109954834,-0.8063052892684937,0.12754762172698975,-0.0007615089416503906
2,13,task_013,paraphrase_impl,paraphrase,1,random,1,-1.0,-0.9503611922264099,-0.6481136083602905,0.3022475838661194,0.0014755725860595703
2,17,task_017,canonical_test,canonical,0,random,1,-1.0,-1.293579339981079,-1.0766860246658325,0.21689331531524658,0.008943438529968262
2,17,task_017,canonical_impl,canonical,1,random,1,-1.0,-1.2414970397949219,-0.9210557341575623,0.3204413056373596,8.118152618408203e-05
2,17,task_017,paraphrase_test,paraphrase,0,random,1,-1.0,-1.288038969039917,-0.9674690365791321,0.3205699324607849,-0.0014244318008422852
2,17,task_017,paraphrase_impl,paraphrase,1,random,1,-1.0,-1.2690829038619995,-0.8504912853240967,0.41859161853790283,0.01292198896408081
2,21,task_021,canonical_test,canonical,0,random,1,-1.0,-1.2855992317199707,-1.005760669708252,0.27983856201171875,4.3272972106933594e-05
2,21,task_021,canonical_impl,canonical,1,random,1,-1.0,-1.4216279983520508,-0.8424449563026428,0.579183042049408,-0.0013586878776550293
2,21,task_021,paraphrase_test,paraphrase,0,random,1,-1.0,-1.2976168394088745,-0.9158023595809937,0.38181447982788086,-0.008174300193786621
2,21,task_021,paraphrase_impl,paraphrase,1,random,1,-1.0,-1.487816333770752,-0.8661579489707947,0.6216583847999573,-5.9604644775390625e-06
2,25,task_025,canonical_test,canonical,0,random,1,-1.0,-0.9665808081626892,-0.8308932781219482,0.13568753004074097,0.002790391445159912
2,25,task_025,canonical_impl,canonical,1,random,1,-1.0,-0.9440368413925171,-0.6369557976722717,0.30708104372024536,7.218122482299805e-05
2,25,task_025,paraphrase_test,paraphrase,0,random,1,-1.0,-0.9437738656997681,-0.7691717743873596,0.17460209131240845,0.00878363847732544
2,25,task_025,paraphrase_impl,paraphrase,1,random,1,-1.0,-0.9736039638519287,-0.6501079797744751,0.3234959840774536,-0.0022078752517700195
2,29,task_029,canonical_test,canonical,0,random,1,-1.0,-1.2677383422851562,-1.0521366596221924,0.21560168266296387,0.0001697540283203125
2,29,task_029,canonical_impl,canonical,1,random,1,-1.0,-1.2555100917816162,-0.9016592502593994,0.3538508415222168,0.011181056499481201
2,29,task_029,paraphrase_test,paraphrase,0,random,1,-1.0,-1.3677968978881836,-1.0827445983886719,0.2850522994995117,-0.008506059646606445
2,29,task_029,paraphrase_impl,paraphrase,1,random,1,-1.0,-1.2900331020355225,-0.8867296576499939,0.40330344438552856,-0.007503032684326172
2,33,task_033,canonical_test,canonical,0,random,1,-1.0,-1.3088842630386353,-1.0218452215194702,0.28703904151916504,0.005945563316345215
2,33,task_033,canonical_impl,canonical,1,random,1,-1.0,-1.439188003540039,-0.9140706062316895,0.5251173973083496,0.003163754940032959
2,33,task_033,paraphrase_test,paraphrase,0,random,1,-1.0,-1.3500956296920776,-0.9311895370483398,0.4189060926437378,0.0005723237991333008
2,33,task_033,paraphrase_impl,paraphrase,1,random,1,-1.0,-1.5653975009918213,-0.898881733417511,0.6665157675743103,-0.0012520551681518555
2,37,task_037,canonical_test,canonical,0,random,1,-1.0,-0.9749894142150879,-0.8813618421554565,0.09362757205963135,0.001785874366760254
2,37,task_037,canonical_impl,canonical,1,random,1,-1.0,-0.9414620399475098,-0.664869487285614,0.27659255266189575,-0.00891786813735962
2,37,task_037,paraphrase_test,paraphrase,0,random,1,-1.0,-0.8969754576683044,-0.78792405128479,0.1090514063835144,0.0002213120460510254
2,37,task_037,paraphrase_impl,paraphrase,1,random,1,-1.0,-0.9184001684188843,-0.6479513645172119,0.27044880390167236,-0.0013502240180969238
2,41,task_041,canonical_test,canonical,0,random,1,-1.0,-1.3476543426513672,-1.1081111431121826,0.23954319953918457,0.0016262531280517578
2,41,task_041,canonical_impl,canonical,1,random,1,-1.0,-1.3135528564453125,-0.9563713073730469,0.3571815490722656,0.0009180307388305664
2,41,task_041,paraphrase_test,paraphrase,0,random,1,-1.0,-1.3282679319381714,-0.9954097867012024,0.332858145236969,0.0018235445022583008
2,41,task_041,paraphrase_impl,paraphrase,1,random,1,-1.0,-1.3323278427124023,-0.8729632496833801,0.4593645930290222,-0.0007331371307373047
2,45,task_045,canonical_test,canonical,0,random,1,-1.0,-1.3357481956481934,-1.0712023973464966,0.2645457983016968,-0.001989006996154785
2,45,task_045,canonical_impl,canonical,1,random,1,-1.0,-1.4189480543136597,-0.8922229409217834,0.5267251133918762,0.012843668460845947
2,45,task_045,paraphrase_test,paraphrase,0,random,1,-1.0,-1.3254156112670898,-0.9795281887054443,0.3458874225616455,-0.006123006343841553
2,45,task_045,paraphrase_impl,paraphrase,1,random,1,-1.0,-1.468677043914795,-0.9041311740875244,0.5645458698272705,0.0007855892181396484
2,1,task_001,canonical_test,canonical,0,random,1,1.0,-0.9582666158676147,-0.8611658811569214,0.09710073471069336,-0.008335471153259277
2,1,task_001,canonical_impl,canonical,1,random,1,1.0,-0.9312376976013184,-0.6499711871147156,0.2812665104866028,-0.007715702056884766
2,1,task_001,paraphrase_test,paraphrase,0,random,1,1.0,-0.9470874667167664,-0.8156127333641052,0.13147473335266113,0.0029134154319763184
2,1,task_001,paraphrase_impl,paraphrase,1,random,1,1.0,-0.9726719260215759,-0.6569039821624756,0.31576794385910034,0.0013590455055236816
2,5,task_005,canonical_test,canonical,0,random,1,1.0,-1.2933839559555054,-1.0911959409713745,0.20218801498413086,-0.0006288290023803711
2,5,task_005,canonical_impl,canonical,1,random,1,1.0,-1.2581924200057983,-0.9019244909286499,0.35626792907714844,-0.010735690593719482
2,5,task_005,paraphrase_test,paraphrase,0,random,1,1.0,-1.3604673147201538,-1.0607471466064453,0.2997201681137085,-0.010153770446777344
2,5,task_005,paraphrase_impl,paraphrase,1,random,1,1.0,-1.2974848747253418,-0.8754354119300842,0.42204946279525757,-0.00910729169845581
2,9,task_009,canonical_test,canonical,0,random,1,1.0,-1.378265380859375,-1.1066854000091553,0.2715799808502197,-0.0014982223510742188
2,9,task_009,canonical_impl,canonical,1,random,1,1.0,-1.4516878128051758,-0.9514238834381104,0.5002639293670654,-0.011682271957397461
2,9,task_009,paraphrase_test,paraphrase,0,random,1,1.0,-1.3782234191894531,-0.9799454808235168,0.3982779383659363,0.0010003447532653809
2,9,task_009,paraphrase_impl,paraphrase,1,random,1,1.0,-1.4878568649291992,-0.90292888879776,0.5849279761314392,0.009164929389953613
2,13,task_013,canonical_test,canonical,0,random,1,1.0,-0.9454578757286072,-0.852513313293457,0.09294456243515015,0.005561530590057373
2,13,task_013,canonical_impl,canonical,1,random,1,1.0,-0.9382485151290894,-0.6402992010116577,0.29794931411743164,0.007778584957122803
2,13,task_013,paraphrase_test,paraphrase,0,random,1,1.0,-0.932302713394165,-0.8053543567657471,0.12694835662841797,-0.001360774040222168
2,13,task_013,paraphrase_impl,paraphrase,1,random,1,1.0,-0.9502339363098145,-0.6480116844177246,0.30222225189208984,0.0014502406120300293
2,17,task_017,canonical_test,canonical,0,random,1,1.0,-1.2755131721496582,-1.063999891281128,0.21151328086853027,0.003563404083251953
2,17,task_017,canonical_impl,canonical,1,random,1,1.0,-1.2341879606246948,-0.9095132350921631,0.32467472553253174,0.004314601421356201
2,17,task_017,paraphrase_test,paraphrase,0,random,1,1.0,-1.2884249687194824,-0.9676766395568848,0.32074832916259766,-0.001246035099029541
2,17,task_017,paraphrase_impl,paraphrase,1,random,1,1.0,-1.259042501449585,-0.843375027179718,0.41566747426986694,0.009997844696044922
2,21,task_021,canonical_test,canonical,0,random,1,1.0,-1.2824103832244873,-1.003162145614624,0.2792482376098633,-0.0005470514297485352
2,21,task_021,canonical_impl,canonical,1,random,1,1.0,-1.4481031894683838,-0.8533429503440857,0.5947602391242981,0.014218509197235107
2,21,task_021,paraphrase_test,paraphrase,0,random,1,1.0,-1.2924813032150269,-0.9122196435928345,0.3802616596221924,-0.009727120399475098
2,21,task_021,paraphrase_impl,paraphrase,1,random,1,1.0,-1.5005024671554565,-0.8749752044677734,0.6255272626876831,0.003862917423248291
2,25,task_025,canonical_test,canonical,0,random,1,1.0,-0.9551969766616821,-0.8151593804359436,0.14003759622573853,0.007140457630157471
2,25,task_025,canonical_impl,canonical,1,random,1,1.0,-0.9287211298942566,-0.6261432766914368,0.3025778532028198,-0.004431009292602539
2,25,task_025,paraphrase_test,paraphrase,0,random,1,1.0,-0.9527592062950134,-0.7828459143638611,0.16991329193115234,0.004094839096069336
2,25,task_025,paraphrase_impl,paraphrase,1,random,1,1.0,-0.9800945520401001,-0.6545816659927368,0.3255128860473633,-0.00019097328186035156
2,29,task_029,canonical_test,canonical,0,random,1,1.0,-1.2490410804748535,-1.040071725845337,0.2089693546295166,-0.006462574005126953
2,29,task_029,canonical_impl,canonical,1,random,1,1.0,-1.2561063766479492,-0.9012337923049927,0.35487258434295654,0.012202799320220947
2,29,task_029,paraphrase_test,paraphrase,0,random,1,1.0,-1.3563059568405151,-1.0672807693481445,0.2890251874923706,-0.004533171653747559
2,29,task_029,paraphrase_impl,paraphrase,1,random,1,1.0,-1.2924443483352661,-0.8810151219367981,0.411429226398468,0.0006227493286132812
2,33,task_033,canonical_test,canonical,0,random,1,1.0,-1.3139164447784424,-1.0334968566894531,0.28041958808898926,-0.0006738901138305664
2,33,task_033,canonical_impl,canonical,1,random,1,1.0,-1.4345817565917969,-0.9109916687011719,0.523590087890625,0.0016364455223083496
2,33,task_033,paraphrase_test,paraphrase,0,random,1,1.0,-1.3457112312316895,-0.928065836429596,0.4176453948020935,-0.0006883740425109863
2,33,task_033,paraphrase_impl,paraphrase,1,random,1,1.0,-1.5622568130493164,-0.8967767357826233,0.6654800772666931,-0.002287745475769043
2,37,task_037,canonical_test,canonical,0,random,1,1.0,-0.9702613353729248,-0.8776986598968506,0.09256267547607422,0.000720977783203125
2,37,task_037,canonical_impl,canonical,1,random,1,1.0,-0.9365856647491455,-0.66127610206604,0.27530956268310547,-0.010200858116149902
2,37,task_037,paraphrase_test,paraphrase,0,random,1,1.0,-0.8919617533683777,-0.7842462062835693,0.10771554708480835,-0.0011145472526550293
2,37,task_037,paraphrase_impl,paraphrase,1,random,1,1.0,-0.9181413054466248,-0.6477646231651306,0.27037668228149414,-0.0014223456382751465
2,41,task_041,canonical_test,canonical,0,random,1,1.0,-1.323999285697937,-1.0906693935394287,0.2333298921585083,-0.004587054252624512
2,41,task_041,canonical_impl,canonical,1,random,1,1.0,-1.3055977821350098,-0.951531708240509,0.35406607389450073,-0.002197444438934326
2,41,task_041,paraphrase_test,paraphrase,0,random,1,1.0,-1.3251376152038574,-0.9937872290611267,0.3313503861427307,0.00031578540802001953
2,41,task_041,paraphrase_impl,paraphrase,1,random,1,1.0,-1.3354830741882324,-0.8742853999137878,0.4611976742744446,0.0010999441146850586
2,45,task_045,canonical_test,canonical,0,random,1,1.0,-1.3387088775634766,-1.0732141733169556,0.265494704246521,-0.0010401010513305664
2,45,task_045,canonical_impl,canonical,1,random,1,1.0,-1.4113972187042236,-0.8873085379600525,0.5240886807441711,0.01020723581314087
2,45,task_045,paraphrase_test,paraphrase,0,random,1,1.0,-1.3175896406173706,-0.9666523933410645,0.35093724727630615,-0.0010731816291809082
2,45,task_045,paraphrase_impl,paraphrase,1,random,1,1.0,-1.4613640308380127,-0.8988521099090576,0.5625119209289551,-0.0012483596801757812
2,1,task_001,canonical_test,canonical,0,random,2,-1.0,-0.9629165530204773,-0.8649113774299622,0.09800517559051514,-0.0074310302734375
2,1,task_001,canonical_impl,canonical,1,random,2,-1.0,-0.9374932050704956,-0.6471824645996094,0.29031074047088623,0.0013285279273986816
2,1,task_001,paraphrase_test,paraphrase,0,random,2,-1.0,-0.9475111961364746,-0.8160466551780701,0.13146454095840454,0.0029032230377197266
2,1,task_001,paraphrase_impl,paraphrase,1,random,2,-1.0,-0.9738955497741699,-0.6577854752540588,0.3161100745201111,0.0017011761665344238
2,5,task_005,canonical_test,canonical,0,random,2,-1.0,-1.295092225074768,-1.0932029485702515,0.2018892765045166,-0.0009275674819946289
2,5,task_005,canonical_impl,canonical,1,random,2,-1.0,-1.2627142667770386,-0.8984962105751038,0.3642180562019348,-0.0027855634689331055
2,5,task_005,paraphrase_test,paraphrase,0,random,2,-1.0,-1.373652696609497,-1.062171220779419,0.3114814758300781,0.0016075372695922852
2,5,task_005,paraphrase_impl,paraphrase,1,random,2,-1.0,-1.2988364696502686,-0.8752244710922241,0.42361199855804443,-0.007544755935668945
2,9,task_009,canonical_test,canonical,0,random,2,-1.0,-1.366581678390503,-1.0990766286849976,0.26750504970550537,-0.005573153495788574
2,9,task_009,canonical_impl,canonical,1,random,2,-1.0,-1.4531396627426147,-0.9524381160736084,0.5007015466690063,-0.011244654655456543
2,9,task_009,paraphrase_test,paraphrase,0,random,2,-1.0,-1.3615200519561768,-0.9680445194244385,0.3934755325317383,-0.003802061080932617
2,9,task_009,paraphrase_impl,paraphrase,1,random,2,-1.0,-1.492279291152954,-0.9133316278457642,0.5789476633071899,0.0031846165657043457
2,13,task_013,canonical_test,canonical,0,random,2,-1.0,-0.9531265497207642,-0.8582854866981506,0.09484106302261353,0.007458031177520752
2,13,task_013,canonical_impl,canonical,1,random,2,-1.0,-0.9375276565551758,-0.6397901177406311,0.2977375388145447,0.00756680965423584
2,13,task_013,paraphrase_test,paraphrase,0,random,2,-1.0,-0.931111216545105,-0.8117187023162842,0.1193925142288208,-0.008916616439819336
2,13,task_013,paraphrase_impl,paraphrase,1,random,2,-1.0,-0.9499601721763611,-0.6479657292366028,0.3019944429397583,0.0012224316596984863
2,17,task_017,canonical_test,canonical,0,random,2,-1.0,-1.2888606786727905,-1.0733662843704224,0.21549439430236816,0.007544517517089844
2,17,task_017,canonical_impl,canonical,1,random,2,-1.0,-1.2422932386398315,-0.9225609302520752,0.31973230838775635,-0.0006278157234191895
2,17,task_017,paraphrase_test,paraphrase,0,random,2,-1.0,-1.2834157943725586,-0.9641523957252502,0.31926339864730835,-0.0027309656143188477
2,17,task_017,paraphrase_impl,paraphrase,1,random,2,-1.0,-1.2641559839248657,-0.8475997447967529,0.4165562391281128,0.010886609554290771
2,21,task_021,canonical_test,canonical,0,random,2,-1.0,-1.2811903953552246,-1.0031077861785889,0.27808260917663574,-0.0017126798629760742
2,21,task_021,canonical_impl,canonical,1,random,2,-1.0,-1.4316571950912476,-0.8490738272666931,0.5825833678245544,0.002041637897491455
2,21,task_021,paraphrase_test,paraphrase,0,random,2,-1.0,-1.2872222661972046,-0.9084883332252502,0.37873393297195435,-0.011254847049713135
2,21,task_021,paraphrase_impl,paraphrase,1,random,2,-1.0,-1.4982308149337769,-0.8735023140907288,0.6247285008430481,0.0030641555786132812
2,25,task_025,canonical_test,canonical,0,random,2,-1.0,-0.9568641185760498,-0.8233925104141235,0.13347160816192627,0.0005744695663452148
2,25,task_025,canonical_impl,canonical,1,random,2,-1.0,-0.9291386604309082,-0.6264387369155884,0.3026999235153198,-0.004308938980102539
2,25,task_025,paraphrase_test,paraphrase,0,random,2,-1.0,-0.9422112703323364,-0.7754254937171936,0.16678577661514282,0.0009673237800598145
2,25,task_025,paraphrase_impl,paraphrase,1,random,2,-1.0,-0.9806452989578247,-0.6551317572593689,0.3255135416984558,-0.00019031763076782227
2,29,task_029,canonical_test,canonical,0,random,2,-1.0,-1.2585176229476929,-1.046785831451416,0.21173179149627686,-0.0037001371383666992
2,29,task_029,canonical_impl,canonical,1,random,2,-1.0,-1.254673957824707,-0.9010761976242065,0.3535977602005005,0.010927975177764893
2,29,task_029,paraphrase_test,paraphrase,0,random,2,-1.0,-1.3784151077270508,-1.0829741954803467,0.2954409122467041,0.0018825531005859375
2,29,task_029,paraphrase_impl,paraphrase,1,random,2,-1.0,-1.2955306768417358,-0.8831917643547058,0.41233891248703003,0.001532435417175293
2,33,task_033,canonical_test,canonical,0,random,2,-1.0,-1.3107936382293701,-1.0305970907211304,0.28019654750823975,-0.0008969306945800781
2,33,task_033,canonical_impl,canonical,1,random,2,-1.0,-1.4370296001434326,-0.9130991101264954,0.5239304900169373,0.0019768476486206055
2,33,task_033,paraphrase_test,paraphrase,0,random,2,-1.0,-1.3584277629852295,-0.937046468257904,0.42138129472732544,0.0030475258827209473
2,33,task_033,paraphrase_impl,paraphrase,1,random,2,-1.0,-1.5701693296432495,-0.9023622870445251,0.6678070425987244,3.921985626220703e-05
2,37,task_037,canonical_test,canonical,0,random,2,-1.0,-0.9654011130332947,-0.8668804168701172,0.09852069616317749,0.0066789984703063965
2,37,task_037,canonical_impl,canonical,1,random,2,-1.0,-0.9411814212799072,-0.6645237803459167,0.2766576409339905,-0.008852779865264893
2,37,task_037,paraphrase_test,paraphrase,0,random,2,-1.0,-0.8969857096672058,-0.7804344296455383,0.11655128002166748,0.0077211856842041016
2,37,task_037,paraphrase_impl,paraphrase,1,random,2,-1.0,-0.9129917025566101,-0.6441656947135925,0.2688260078430176,-0.002973020076751709
2,41,task_041,canonical_test,canonical,0,random,2,-1.0,-1.3306317329406738,-1.0944297313690186,0.23620200157165527,-0.001714944839477539
2,41,task_041,canonical_impl,canonical,1,random,2,-1.0,-1.2985377311706543,-0.9457977414131165,0.35273998975753784,-0.003523528575897217
2,41,task_041,paraphrase_test,paraphrase,0,random,2,-1.0,-1.3262330293655396,-0.9939703345298767,0.33226269483566284,0.0012280941009521484
2,41,task_041,paraphrase_impl,paraphrase,1,random,2,-1.0,-1.3379154205322266,-0.8763787150382996,0.461536705493927,0.0014389753341674805
2,45,task_045,canonical_test,canonical,0,random,2,-1.0,-1.333723545074463,-1.0696767568588257,0.2640467882156372,-0.0024880170822143555
2,45,task_045,canonical_impl,canonical,1,random,2,-1.0,-1.400220274925232,-0.8784385323524475,0.5217817425727844,0.00790029764175415
2,45,task_045,paraphrase_test,paraphrase,0,random,2,-1.0,-1.3121654987335205,-0.9706573486328125,0.341508150100708,-0.010502278804779053
2,45,task_045,paraphrase_impl,paraphrase,1,random,2,-1.0,-1.468034029006958,-0.9037850499153137,0.5642489790916443,0.0004886984825134277
2,1,task_001,canonical_test,canonical,0,random,2,1.0,-0.9634048342704773,-0.8578957915306091,0.10550904273986816,7.283687591552734e-05
2,1,task_001,canonical_impl,canonical,1,random,2,1.0,-0.9373534917831421,-0.6469366550445557,0.2904168367385864,0.001434624195098877
2,1,task_001,paraphrase_test,paraphrase,0,random,2,1.0,-0.9528800249099731,-0.8272006511688232,0.1256793737411499,-0.002881944179534912
2,1,task_001,paraphrase_impl,paraphrase,1,random,2,1.0,-0.9805800318717957,-0.6551365256309509,0.3254435062408447,0.011034607887268066
2,5,task_005,canonical_test,canonical,0,random,2,1.0,-1.298608660697937,-1.0948916673660278,0.20371699333190918,0.0009001493453979492
2,5,task_005,canonical_impl,canonical,1,random,2,1.0,-1.2783018350601196,-0.9095026850700378,0.3687991499900818,0.0017955303192138672
2,5,task_005,paraphrase_test,paraphrase,0,random,2,1.0,-1.3621153831481934,-1.0619049072265625,0.30021047592163086,-0.00966346263885498
2,5,task_005,paraphrase_impl,paraphrase,1,random,2,1.0,-1.288385272026062,-0.8690109252929688,0.41937434673309326,-0.011782407760620117
2,9,task_009,canonical_test,canonical,0,random,2,1.0,-1.3845243453979492,-1.1111043691635132,0.27341997623443604,0.00034177303314208984
2,9,task_009,canonical_impl,canonical,1,random,2,1.0,-1.4524319171905518,-0.9445784091949463,0.5078535079956055,-0.004092693328857422
2,9,task_009,paraphrase_test,paraphrase,0,random,2,1.0,-1.3714091777801514,-0.974960207939148,0.3964489698410034,-0.0008286237716674805
2,9,task_009,paraphrase_impl,paraphrase,1,random,2,1.0,-1.4721473455429077,-0.8992212414741516,0.5729261040687561,-0.002836942672729492
2,13,task_013,canonical_test,canonical,0,random,2,1.0,-0.9583093523979187,-0.8619296550750732,0.09637969732284546,0.008996665477752686
2,13,task_013,canonical_impl,canonical,1,random,2,1.0,-0.9378020167350769,-0.6399751305580139,0.297826886177063,0.00765615701675415
2,13,task_013,paraphrase_test,paraphrase,0,random,2,1.0,-0.936238706111908,-0.8155109882354736,0.12072771787643433,-0.0075814127922058105
2,13,task_013,paraphrase_impl,paraphrase,1,random,2,1.0,-0.9493488669395447,-0.6475396752357483,0.3018091917037964,0.0010371804237365723
2,17,task_017,canonical_test,canonical,0,random,2,1.0,-1.2907664775848389,-1.0747135877609253,0.21605288982391357,0.008103013038635254
2,17,task_017,canonical_impl,canonical,1,random,2,1.0,-1.2358309030532837,-0.9180166721343994,0.3178142309188843,-0.0025458931922912598
2,17,task_017,paraphrase_test,paraphrase,0,random,2,1.0,-1.2760441303253174,-0.9663234949111938,0.30972063541412354,-0.012273728847503662
2,17,task_017,paraphrase_impl,paraphrase,1,random,2,1.0,-1.266611933708191,-0.8487446308135986,0.4178673028945923,0.012197673320770264
2,21,task_021,canonical_test,canonical,0,random,2,1.0,-1.2963100671768188,-1.012447714805603,0.2838623523712158,0.004067063331604004
2,21,task_021,canonical_impl,canonical,1,random,2,1.0,-1.416998267173767,-0.8386809229850769,0.5783173441886902,-0.0022243857383728027
2,21,task_021,paraphrase_test,paraphrase,0,random,2,1.0,-1.2984645366668701,-0.9090908765792847,0.38937366008758545,-0.0006151199340820312
2,21,task_021,paraphrase_impl,paraphrase,1,random,2,1.0,-1.4923012256622314,-0.8691789507865906,0.6231222748756409,0.0014579296112060547
2,25,task_025,canonical_test,canonical,0,random,2,1.0,-0.969149112701416,-0.8323550820350647,0.13679403066635132,0.0038968920707702637
2,25,task_025,canonical_impl,canonical,1,random,2,1.0,-0.9346758127212524,-0.6305115222930908,0.3041642904281616,-0.002844572067260742
2,25,task_025,paraphrase_test,paraphrase,0,random,2,1.0,-0.9438202381134033,-0.7692039608955383,0.174616277217865,0.008797824382781982
2,25,task_025,paraphrase_impl,paraphrase,1,random,2,1.0,-0.9743008613586426,-0.6578496098518372,0.3164512515068054,-0.009252607822418213
2,29,task_029,canonical_test,canonical,0,random,2,1.0,-1.2541158199310303,-1.0436737537384033,0.21044206619262695,-0.0049898624420166016
2,29,task_029,canonical_impl,canonical,1,random,2,1.0,-1.2451022863388062,-0.8943123817443848,0.3507899045944214,0.008120119571685791
2,29,task_029,paraphrase_test,paraphrase,0,random,2,1.0,-1.3541882038116455,-1.065801739692688,0.2883864641189575,-0.0051718950271606445
2,29,task_029,paraphrase_impl,paraphrase,1,random,2,1.0,-1.2826809883117676,-0.8741212487220764,0.40855973958969116,-0.0022467374801635742
2,33,task_033,canonical_test,canonical,0,random,2,1.0,-1.3176469802856445,-1.028767704963684,0.28887927532196045,0.007785797119140625
2,33,task_033,canonical_impl,canonical,1,random,2,1.0,-1.4437270164489746,-0.9178160429000854,0.5259109735488892,0.00395733118057251
2,33,task_033,paraphrase_test,paraphrase,0,random,2,1.0,-1.3400533199310303,-0.931283712387085,0.4087696075439453,-0.00956416130065918
2,33,task_033,paraphrase_impl,paraphrase,1,random,2,1.0,-1.5722706317901611,-0.9038445949554443,0.6684260368347168,0.0006582140922546387
2,37,task_037,canonical_test,canonical,0,random,2,1.0,-0.9801645278930664,-0.8773215413093567,0.10284298658370972,0.011001288890838623
2,37,task_037,canonical_impl,canonical,1,random,2,1.0,-0.9411829710006714,-0.6645216345787048,0.27666133642196655,-0.008849084377288818
2,37,task_037,paraphrase_test,paraphrase,0,random,2,1.0,-0.9071496725082397,-0.7874994874000549,0.11965018510818481,0.010820090770721436
2,37,task_037,paraphrase_impl,paraphrase,1,random,2,1.0,-0.9230004549026489,-0.6511905789375305,0.2718098759651184,1.0848045349121094e-05
2,41,task_041,canonical_test,canonical,0,random,2,1.0,-1.3332970142364502,-1.0963160991668701,0.23698091506958008,-0.0009360313415527344
2,41,task_041,canonical_impl,canonical,1,random,2,1.0,-1.303074836730957,-0.9497678279876709,0.35330700874328613,-0.0029565095901489258
2,41,task_041,paraphrase_test,paraphrase,0,random,2,1.0,-1.332072377204895,-0.9980950951576233,0.33397728204727173,0.002942681312561035
2,41,task_041,paraphrase_impl,paraphrase,1,random,2,1.0,-1.322365641593933,-0.8654017448425293,0.4569638967514038,-0.003133833408355713
2,45,task_045,canonical_test,canonical,0,random,2,1.0,-1.3507392406463623,-1.0816240310668945,0.2691152095794678,0.002580404281616211
2,45,task_045,canonical_impl,canonical,1,random,2,1.0,-1.4142205715179443,-0.8883101344108582,0.5259104371070862,0.012028992176055908
2,45,task_045,paraphrase_test,paraphrase,0,random,2,1.0,-1.3185501098632812,-0.9673247933387756,0.3512253165245056,-0.0007851123809814453
2,45,task_045,paraphrase_impl,paraphrase,1,random,2,1.0,-1.4714992046356201,-0.9060040712356567,0.5654951333999634,0.0017348527908325195
2,1,task_001,canonical_test,canonical,0,random,3,-1.0,-0.9635500907897949,-0.8578324913978577,0.10571759939193726,0.00028139352798461914
2,1,task_001,canonical_impl,canonical,1,random,3,-1.0,-0.9374790191650391,-0.6471723318099976,0.2903066873550415,0.001324474811553955
2,1,task_001,paraphrase_test,paraphrase,0,random,3,-1.0,-0.9574413299560547,-0.8229252099990845,0.13451611995697021,0.0059548020362854
2,1,task_001,paraphrase_impl,paraphrase,1,random,3,-1.0,-0.9966814517974854,-0.666399359703064,0.3302820920944214,0.015873193740844727
2,5,task_005,canonical_test,canonical,0,random,3,-1.0,-1.3054121732711792,-1.091513752937317,0.2138984203338623,0.011081576347351074
2,5,task_005,canonical_impl,canonical,1,random,3,-1.0,-1.2812120914459229,-0.9115610122680664,0.36965107917785645,0.0026474595069885254
2,5,task_005,paraphrase_test,paraphrase,0,random,3,-1.0,-1.385643720626831,-1.0779820680618286,0.30766165256500244,-0.0022122859954833984
2,5,task_005,paraphrase_impl,paraphrase,1,random,3,-1.0,-1.3114988803863525,-0.8852363228797913,0.4262625575065613,-0.0048941969871521
2,9,task_009,canonical_test,canonical,0,random,3,-1.0,-1.3822650909423828,-1.1105796098709106,0.27168548107147217,-0.0013927221298217773
2,9,task_009,canonical_impl,canonical,1,random,3,-1.0,-1.4658031463623047,-0.9536392092704773,0.5121639370918274,0.00021773576736450195
2,9,task_009,paraphrase_test,paraphrase,0,random,3,-1.0,-1.3742350339889526,-0.9844437837600708,0.38979125022888184,-0.0074863433837890625
2,9,task_009,paraphrase_impl,paraphrase,1,random,3,-1.0,-1.4853053092956543,-0.9084803462028503,0.576824963092804,0.0010619163513183594
2,13,task_013,canonical_test,canonical,0,random,3,-1.0,-0.9603338241577148,-0.8633652329444885,0.09696859121322632,0.009585559368133545
2,13,task_013,canonical_impl,canonical,1,random,3,-1.0,-0.9329646825790405,-0.6367049813270569,0.29625970125198364,0.006088972091674805
2,13,task_013,paraphrase_test,paraphrase,0,random,3,-1.0,-0.9447545409202576,-0.8140079379081726,0.13074660301208496,0.0024374723434448242
2,13,task_013,paraphrase_impl,paraphrase,1,random,3,-1.0,-0.9606952667236328,-0.6555249691009521,0.30517029762268066,0.00439828634262085
2,17,task_017,canonical_test,canonical,0,random,3,-1.0,-1.2808918952941895,-1.0688886642456055,0.21200323104858398,0.004053354263305664
2,17,task_017,canonical_impl,canonical,1,random,3,-1.0,-1.2360541820526123,-0.9172036051750183,0.318850576877594,-0.001509547233581543
2,17,task_017,paraphrase_test,paraphrase,0,random,3,-1.0,-1.3042042255401611,-0.9788482785224915,0.3253559470176697,0.0033615827560424805
2,17,task_017,paraphrase_impl,paraphrase,1,random,3,-1.0,-1.276269793510437,-0.8555347323417664,0.42073506116867065,0.015065431594848633
2,21,task_021,canonical_test,canonical,0,random,3,-1.0,-1.2931041717529297,-1.0101855993270874,0.2829185724258423,0.0031232833862304688
2,21,task_021,canonical_impl,canonical,1,random,3,-1.0,-1.416166067123413,-0.8385889530181885,0.5775771141052246,-0.002964615821838379
2,21,task_021,paraphrase_test,paraphrase,0,random,3,-1.0,-1.2996587753295898,-0.9172396659851074,0.3824191093444824,-0.007569670677185059
2,21,task_021,paraphrase_impl,paraphrase,1,random,3,-1.0,-1.4937833547592163,-0.8702350854873657,0.6235482692718506,0.0018839240074157715
2,25,task_025,canonical_test,canonical,0,random,3,-1.0,-0.9669593572616577,-0.8311464786529541,0.1358128786087036,0.0029157400131225586
2,25,task_025,canonical_impl,canonical,1,random,3,-1.0,-0.9343189001083374,-0.6300987005233765,0.30422019958496094,-0.0027886629104614258
2,25,task_025,paraphrase_test,paraphrase,0,random,3,-1.0,-0.9483522772789001,-0.7797570824623108,0.16859519481658936,0.0027767419815063477
2,25,task_025,paraphrase_impl,paraphrase,1,random,3,-1.0,-0.9911019206047058,-0.6623542308807373,0.3287476897239685,0.003043830394744873
2,29,task_029,canonical_test,canonical,0,random,3,-1.0,-1.2583231925964355,-1.0446616411209106,0.2136615514755249,-0.0017703771591186523
2,29,task_029,canonical_impl,canonical,1,random,3,-1.0,-1.2441041469573975,-0.8927493691444397,0.35135477781295776,0.008684992790222168
2,29,task_029,paraphrase_test,paraphrase,0,random,3,-1.0,-1.374253273010254,-1.0799560546875,0.2942972183227539,0.0007388591766357422
2,29,task_029,paraphrase_impl,paraphrase,1,random,3,-1.0,-1.2973374128341675,-0.8844677209854126,0.4128696918487549,0.0020632147789001465
2,33,task_033,canonical_test,canonical,0,random,3,-1.0,-1.3132514953613281,-1.032328724861145,0.2809227705001831,-0.00017070770263671875
2,33,task_033,canonical_impl,canonical,1,random,3,-1.0,-1.4380288124084473,-0.9138159155845642,0.5242128968238831,0.0022592544555664062
2,33,task_033,paraphrase_test,paraphrase,0,random,3,-1.0,-1.3534069061279297,-0.933495819568634,0.41991108655929565,0.0015773177146911621
2,33,task_033,paraphrase_impl,paraphrase,1,random,3,-1.0,-1.5786006450653076,-0.9082010984420776,0.67039954662323,0.0026317238807678223
2,37,task_037,canonical_test,canonical,0,random,3,-1.0,-0.9705137610435486,-0.870500385761261,0.1000133752822876,0.008171677589416504
2,37,task_037,canonical_impl,canonical,1,random,3,-1.0,-0.9368563890457153,-0.661468505859375,0.27538788318634033,-0.010122537612915039
2,37,task_037,paraphrase_test,paraphrase,0,random,3,-1.0,-0.9066756963729858,-0.7946293950080872,0.11204630136489868,0.0032162070274353027
2,37,task_037,paraphrase_impl,paraphrase,1,random,3,-1.0,-0.9378837943077087,-0.6618092060089111,0.2760745882987976,0.00427556037902832
2,41,task_041,canonical_test,canonical,0,random,3,-1.0,-1.3277113437652588,-1.0931117534637451,0.23459959030151367,-0.0033173561096191406
2,41,task_041,canonical_impl,canonical,1,random,3,-1.0,-1.301975131034851,-0.9416359066963196,0.3603392243385315,0.0040757060050964355
2,41,task_041,paraphrase_test,paraphrase,0,random,3,-1.0,-1.3458632230758667,-1.0078293085098267,0.33803391456604004,0.006999313831329346
2,41,task_041,paraphrase_impl,paraphrase,1,random,3,-1.0,-1.3412530422210693,-0.8787376284599304,0.4625154137611389,0.0024176836013793945
2,45,task_045,canonical_test,canonical,0,random,3,-1.0,-1.339548110961914,-1.0737818479537964,0.2657662630081177,-0.0007685422897338867
2,45,task_045,canonical_impl,canonical,1,random,3,-1.0,-1.4129718542099,-0.887433648109436,0.5255382061004639,0.011656761169433594
2,45,task_045,paraphrase_test,paraphrase,0,random,3,-1.0,-1.3273868560791016,-0.980919361114502,0.3464674949645996,-0.005542933940887451
2,45,task_045,paraphrase_impl,paraphrase,1,random,3,-1.0,-1.4760818481445312,-0.9093522429466248,0.5667296051979065,0.0029693245887756348
2,1,task_001,canonical_test,canonical,0,random,3,1.0,-0.9688766002655029,-0.8616018891334534,0.10727471113204956,0.0018385052680969238
2,1,task_001,canonical_impl,canonical,1,random,3,1.0,-0.9421652555465698,-0.6503402590751648,0.29182499647140503,0.0028427839279174805
2,1,task_001,paraphrase_test,paraphrase,0,random,3,1.0,-0.9374281764030457,-0.8161494135856628,0.12127876281738281,-0.007282555103302002
2,1,task_001,paraphrase_impl,paraphrase,1,random,3,1.0,-0.9570585489273071,-0.6458854079246521,0.31117314100265503,-0.003235757350921631
2,5,task_005,canonical_test,canonical,0,random,3,1.0,-1.2959773540496826,-1.0940849781036377,0.20189237594604492,-0.0009244680404663086
2,5,task_005,canonical_impl,canonical,1,random,3,1.0,-1.276228666305542,-0.9080360531806946,0.3681926131248474,0.0011889934539794922
2,5,task_005,paraphrase_test,paraphrase,0,random,3,1.0,-1.3581335544586182,-1.051737666130066,0.30639588832855225,-0.0034780502319335938
2,5,task_005,paraphrase_impl,paraphrase,1,random,3,1.0,-1.2820844650268555,-0.8644605278968811,0.41762393712997437,-0.013532817363739014
2,9,task_009,canonical_test,canonical,0,random,3,1.0,-1.3743383884429932,-1.1112735271453857,0.2630648612976074,-0.010013341903686523
2,9,task_009,canonical_impl,canonical,1,random,3,1.0,-1.4661979675292969,-0.9543065428733826,0.5118914246559143,-5.4776668548583984e-05
2,9,task_009,paraphrase_test,paraphrase,0,random,3,1.0,-1.3648462295532227,-0.9703253507614136,0.3945208787918091,-0.0027567148208618164
2,9,task_009,paraphrase_impl,paraphrase,1,random,3,1.0,-1.4644240140914917,-0.8937389254570007,0.570685088634491,-0.005077958106994629
2,13,task_013,canonical_test,canonical,0,random,3,1.0,-0.9499365091323853,-0.8635439276695251,0.08639258146286011,-0.000990450382232666
2,13,task_013,canonical_impl,canonical,1,random,3,1.0,-0.9441920518875122,-0.6372795701026917,0.30691248178482056,0.01674175262451172
2,13,task_013,paraphrase_test,paraphrase,0,random,3,1.0,-0.9214937686920166,-0.7975901365280151,0.12390363216400146,-0.004405498504638672
2,13,task_013,paraphrase_impl,paraphrase,1,random,3,1.0,-0.9397634267807007,-0.6408379673957825,0.2989254593849182,-0.0018465518951416016
2,17,task_017,canonical_test,canonical,0,random,3,1.0,-1.2884712219238281,-1.0731133222579956,0.21535789966583252,0.007408022880554199
2,17,task_017,canonical_impl,canonical,1,random,3,1.0,-1.2415159940719604,-0.9211041331291199,0.3204118609428406,5.173683166503906e-05
2,17,task_017,paraphrase_test,paraphrase,0,random,3,1.0,-1.2830522060394287,-0.9638609290122986,0.3191912770271301,-0.0028030872344970703
2,17,task_017,paraphrase_impl,paraphrase,1,random,3,1.0,-1.2368099689483643,-0.8350415825843811,0.40176838636398315,-0.003901243209838867
2,21,task_021,canonical_test,canonical,0,random,3,1.0,-1.2824575901031494,-1.003407597541809,0.27904999256134033,-0.0007452964782714844
2,21,task_021,canonical_impl,canonical,1,random,3,1.0,-1.4216058254241943,-0.8424280881881714,0.579177737236023,-0.001363992691040039
2,21,task_021,paraphrase_test,paraphrase,0,random,3,1.0,-1.2862262725830078,-0.9004064202308655,0.38581985235214233,-0.0041689276695251465
2,21,task_021,paraphrase_impl,paraphrase,1,random,3,1.0,-1.4888418912887573,-0.86688631772995,0.6219555735588074,0.0002912282943725586
2,25,task_025,canonical_test,canonical,0,random,3,1.0,-0.957152783870697,-0.823897123336792,0.13325566053390503,0.0003585219383239746
2,25,task_025,canonical_impl,canonical,1,random,3,1.0,-0.9441443681716919,-0.6370351910591125,0.30710917711257935,0.00010031461715698242
2,25,task_025,paraphrase_test,paraphrase,0,random,3,1.0,-0.9263306856155396,-0.7640900611877441,0.1622406244277954,-0.0035778284072875977
2,25,task_025,paraphrase_impl,paraphrase,1,random,3,1.0,-0.970319390296936,-0.6477454900741577,0.3225739002227783,-0.0031299591064453125
2,29,task_029,canonical_test,canonical,0,random,3,1.0,-1.252655267715454,-1.0426267385482788,0.2100285291671753,-0.005403399467468262
2,29,task_029,canonical_impl,canonical,1,random,3,1.0,-1.2504197359085083,-0.898061990737915,0.35235774517059326,0.009687960147857666
2,29,task_029,paraphrase_test,paraphrase,0,random,3,1.0,-1.3499765396118164,-1.062818169593811,0.28715837001800537,-0.006399989128112793
2,29,task_029,paraphrase_impl,paraphrase,1,random,3,1.0,-1.2868187427520752,-0.8770592212677002,0.409759521484375,-0.0010469555854797363
2,33,task_033,canonical_test,canonical,0,random,3,1.0,-1.3159598112106323,-1.0342378616333008,0.28172194957733154,0.0006284713745117188
2,33,task_033,canonical_impl,canonical,1,random,3,1.0,-1.4343786239624023,-0.9112212657928467,0.5231573581695557,0.0012037158012390137
2,33,task_033,paraphrase_test,paraphrase,0,random,3,1.0,-1.3465676307678223,-0.9284701943397522,0.41809743642807007,-0.00023633241653442383
2,33,task_033,paraphrase_impl,paraphrase,1,random,3,1.0,-1.5682849884033203,-0.9010273218154907,0.6672576665878296,-0.0005101561546325684
2,37,task_037,canonical_test,canonical,0,random,3,1.0,-0.9753389358520508,-0.873924970626831,0.10141396522521973,0.009572267532348633
2,37,task_037,canonical_impl,canonical,1,random,3,1.0,-0.9415040016174316,-0.6647526621818542,0.2767513394355774,-0.008759081363677979
2,37,task_037,paraphrase_test,paraphrase,0,random,3,1.0,-0.8863600492477417,-0.7730875015258789,0.11327254772186279,0.004442453384399414
2,37,task_037,paraphrase_impl,paraphrase,1,random,3,1.0,-0.911878764629364,-0.6433435678482056,0.26853519678115845,-0.00326383113861084
2,41,task_041,canonical_test,canonical,0,random,3,1.0,-1.3264999389648438,-1.0915166139602661,0.23498332500457764,-0.0029336214065551758
2,41,task_041,canonical_impl,canonical,1,random,3,1.0,-1.3010878562927246,-0.9483679533004761,0.35271990299224854,-0.0035436153411865234
2,41,task_041,paraphrase_test,paraphrase,0,random,3,1.0,-1.3213536739349365,-0.983171820640564,0.33818185329437256,0.007147252559661865
2,41,task_041,paraphrase_impl,paraphrase,1,random,3,1.0,-1.321702241897583,-0.8649362921714783,0.45676594972610474,-0.003331780433654785
2,45,task_045,canonical_test,canonical,0,random,3,1.0,-1.3357900381088257,-1.0710738897323608,0.26471614837646484,-0.0018186569213867188
2,45,task_045,canonical_impl,canonical,1,random,3,1.0,-1.4141688346862793,-0.8888432383537292,0.52532559633255,0.011444151401519775
2,45,task_045,paraphrase_test,paraphrase,0,random,3,1.0,-1.3205504417419434,-0.9689927697181702,0.3515576720237732,-0.0004527568817138672
2,45,task_045,paraphrase_impl,paraphrase,1,random,3,1.0,-1.46616792678833,-0.902353048324585,0.5638148784637451,5.459785461425781e-05
2,1,task_001,canonical_test,canonical,0,random,4,-1.0,-0.9686777591705322,-0.8611552119255066,0.10752254724502563,0.002086341381072998
2,1,task_001,canonical_impl,canonical,1,random,4,-1.0,-0.9418811202049255,-0.6502808332443237,0.2916002869606018,0.002618074417114258
2,1,task_001,paraphrase_test,paraphrase,0,random,4,-1.0,-0.9463045597076416,-0.8224121332168579,0.12389242649078369,-0.004668891429901123
2,1,task_001,paraphrase_impl,paraphrase,1,random,4,-1.0,-0.9791544675827026,-0.6614837050437927,0.3176707625389099,0.003261864185333252
2,5,task_005,canonical_test,canonical,0,random,4,-1.0,-1.3011730909347534,-1.0967015027999878,0.20447158813476562,0.0016547441482543945
2,5,task_005,canonical_impl,canonical,1,random,4,-1.0,-1.2719335556030273,-0.904257595539093,0.3676759600639343,0.0006723403930664062
2,5,task_005,paraphrase_test,paraphrase,0,random,4,-1.0,-1.3684165477752686,-1.0589988231658936,0.309417724609375,-0.00045621395111083984
2,5,task_005,paraphrase_impl,paraphrase,1,random,4,-1.0,-1.2968915700912476,-0.8745974898338318,0.42229408025741577,-0.008862674236297607
2,9,task_009,canonical_test,canonical,0,random,4,-1.0,-1.3849570751190186,-1.1118322610855103,0.2731248140335083,4.661083221435547e-05
2,9,task_009,canonical_impl,canonical,1,random,4,-1.0,-1.4660789966583252,-0.9542596340179443,0.5118193626403809,-0.00012683868408203125
2,9,task_009,paraphrase_test,paraphrase,0,random,4,-1.0,-1.36930513381958,-0.9735973477363586,0.39570778608322144,-0.0015698075294494629
2,9,task_009,paraphrase_impl,paraphrase,1,random,4,-1.0,-1.478712797164917,-0.9038539528846741,0.5748588442802429,-0.0009042024612426758
2,13,task_013,canonical_test,canonical,0,random,4,-1.0,-0.962804913520813,-0.8723088502883911,0.09049606323242188,0.0031130313873291016
2,13,task_013,canonical_impl,canonical,1,random,4,-1.0,-0.9432940483093262,-0.6438652276992798,0.2994288206100464,0.009258091449737549
2,13,task_013,paraphrase_test,paraphrase,0,random,4,-1.0,-0.9339386224746704,-0.8065159916877747,0.12742263078689575,-0.0008864998817443848
2,13,task_013,paraphrase_impl,paraphrase,1,random,4,-1.0,-0.9544736742973328,-0.6511324048042297,0.303341269493103,0.002569258213043213
2,17,task_017,canonical_test,canonical,0,random,4,-1.0,-1.2884390354156494,-1.074262022972107,0.21417701244354248,0.00622713565826416
2,17,task_017,canonical_impl,canonical,1,random,4,-1.0,-1.2458417415618896,-0.9250735640525818,0.32076817750930786,0.0004080533981323242
2,17,task_017,paraphrase_test,paraphrase,0,random,4,-1.0,-1.2910606861114502,-0.9703090786933899,0.3207516074180603,-0.0012427568435668945
2,17,task_017,paraphrase_impl,paraphrase,1,random,4,-1.0,-1.2635047435760498,-0.8471200466156006,0.4163846969604492,0.010715067386627197
2,21,task_021,canonical_test,canonical,0,random,4,-1.0,-1.2972168922424316,-1.01309072971344,0.2841261625289917,0.004330873489379883
2,21,task_021,canonical_impl,canonical,1,random,4,-1.0,-1.4213522672653198,-0.8422569036483765,0.5790953636169434,-0.001446366310119629
2,21,task_021,paraphrase_test,paraphrase,0,random,4,-1.0,-1.3030116558074951,-0.9122481942176819,0.39076346158981323,0.000774681568145752
2,21,task_021,paraphrase_impl,paraphrase,1,random,4,-1.0,-1.4920604228973389,-0.8690198063850403,0.6230406165122986,0.0013762712478637695
2,25,task_025,canonical_test,canonical,0,random,4,-1.0,-0.9666576385498047,-0.8307763934135437,0.135881245136261,0.0029841065406799316
2,25,task_025,canonical_impl,canonical,1,random,4,-1.0,-0.934227466583252,-0.6300273537635803,0.30420011281967163,-0.0028087496757507324
2,25,task_025,paraphrase_test,paraphrase,0,random,4,-1.0,-0.9418985843658447,-0.7751877307891846,0.16671085357666016,0.0008924007415771484
2,25,task_025,paraphrase_impl,paraphrase,1,random,4,-1.0,-0.9810791015625,-0.6552810072898865,0.3257980942726135,9.423494338989258e-05
2,29,task_029,canonical_test,canonical,0,random,4,-1.0,-1.2636194229125977,-1.0503860712051392,0.2132333517074585,-0.0021985769271850586
2,29,task_029,canonical_impl,canonical,1,random,4,-1.0,-1.2512860298156738,-0.8986583352088928,0.352627694606781,0.00995790958404541
2,29,task_029,paraphrase_test,paraphrase,0,random,4,-1.0,-1.364951491355896,-1.0733907222747803,0.2915607690811157,-0.0019975900650024414
2,29,task_029,paraphrase_impl,paraphrase,1,random,4,-1.0,-1.288562536239624,-0.8856253027915955,0.40293723344802856,-0.007869243621826172
2,33,task_033,canonical_test,canonical,0,random,4,-1.0,-1.3184194564819336,-1.0359764099121094,0.2824430465698242,0.0013495683670043945
2,33,task_033,canonical_impl,canonical,1,random,4,-1.0,-1.43367600440979,-0.9107165932655334,0.5229594111442566,0.0010057687759399414
2,33,task_033,paraphrase_test,paraphrase,0,random,4,-1.0,-1.349407434463501,-0.9306265115737915,0.4187809228897095,0.00044715404510498047
2,33,task_033,paraphrase_impl,paraphrase,1,random,4,-1.0,-1.567150354385376,-0.9002336859703064,0.6669166684150696,-0.0008511543273925781
2,37,task_037,canonical_test,canonical,0,random,4,-1.0,-0.9721013903617859,-0.8790009021759033,0.09310048818588257,0.0012587904930114746
2,37,task_037,canonical_impl,canonical,1,random,4,-1.0,-0.9413876533508301,-0.6646679043769836,0.27671974897384644,-0.008790671825408936
2,37,task_037,paraphrase_test,paraphrase,0,random,4,-1.0,-0.9059848189353943,-0.7867887616157532,0.11919605731964111,0.010365962982177734
2,37,task_037,paraphrase_impl,paraphrase,1,random,4,-1.0,-0.9265443086624146,-0.6537333130836487,0.27281099557876587,0.001011967658996582
2,41,task_041,canonical_test,canonical,0,random,4,-1.0,-1.3379178047180176,-1.1069236993789673,0.2309941053390503,-0.0069228410720825195
2,41,task_041,canonical_impl,canonical,1,random,4,-1.0,-1.3049895763397217,-0.9503649473190308,0.3546246290206909,-0.0016388893127441406
2,41,task_041,paraphrase_test,paraphrase,0,random,4,-1.0,-1.3345448970794678,-0.9998342990875244,0.33471059799194336,0.003675997257232666
2,41,task_041,paraphrase_impl,paraphrase,1,random,4,-1.0,-1.3332276344299316,-0.8732224106788635,0.4600052237510681,-9.250640869140625e-05
2,45,task_045,canonical_test,canonical,0,random,4,-1.0,-1.3471190929412842,-1.0783225297927856,0.26879656314849854,0.0022617578506469727
2,45,task_045,canonical_impl,canonical,1,random,4,-1.0,-1.4310381412506104,-0.9001796841621399,0.5308584570884705,0.016977012157440186
2,45,task_045,paraphrase_test,paraphrase,0,random,4,-1.0,-1.3196148872375488,-0.9680797457695007,0.3515351414680481,-0.00047528743743896484
2,45,task_045,paraphrase_impl,paraphrase,1,random,4,-1.0,-1.4739668369293213,-0.9005063772201538,0.5734604597091675,0.009700179100036621
2,1,task_001,canonical_test,canonical,0,random,4,1.0,-0.9586004614830017,-0.862047553062439,0.09655290842056274,-0.008883297443389893
2,1,task_001,canonical_impl,canonical,1,random,4,1.0,-0.937468409538269,-0.6471662521362305,0.2903021574020386,0.0013199448585510254
2,1,task_001,paraphrase_test,paraphrase,0,random,4,1.0,-0.9437422752380371,-0.8207451701164246,0.12299710512161255,-0.005564212799072266
2,1,task_001,paraphrase_impl,paraphrase,1,random,4,1.0,-0.9756068587303162,-0.6515243649482727,0.32408249378204346,0.009673595428466797
2,5,task_005,canonical_test,canonical,0,random,4,1.0,-1.2950729131698608,-1.0842242240905762,0.21084868907928467,0.008031845092773438
2,5,task_005,canonical_impl,canonical,1,random,4,1.0,-1.2652990818023682,-0.9069371819496155,0.3583618998527527,-0.008641719818115234
2,5,task_005,paraphrase_test,paraphrase,0,random,4,1.0,-1.3683316707611084,-1.058959722518921,0.3093719482421875,-0.0005019903182983398
2,5,task_005,paraphrase_impl,paraphrase,1,random,4,1.0,-1.288291335105896,-0.8681111931800842,0.42018014192581177,-0.010976612567901611
2,9,task_009,canonical_test,canonical,0,random,4,1.0,-1.3766200542449951,-1.1055262088775635,0.27109384536743164,-0.0019843578338623047
2,9,task_009,canonical_impl,canonical,1,random,4,1.0,-1.450446605682373,-0.9505375027656555,0.49990910291671753,-0.012037098407745361
2,9,task_009,paraphrase_test,paraphrase,0,random,4,1.0,-1.3738855123519897,-0.9767202734947205,0.3971652388572693,-0.00011235475540161133
2,9,task_009,paraphrase_impl,paraphrase,1,random,4,1.0,-1.4897059202194214,-0.9115883708000183,0.5781175494194031,0.0023545026779174805
2,13,task_013,canonical_test,canonical,0,random,4,1.0,-0.9504546523094177,-0.8635641932487488,0.08689045906066895,-0.0004925727844238281
2,13,task_013,canonical_impl,canonical,1,random,4,1.0,-0.935097336769104,-0.6305696368217468,0.3045276999473572,0.01435697078704834
2,13,task_013,paraphrase_test,paraphrase,0,random,4,1.0,-0.9347252249717712,-0.806902289390564,0.12782293558120728,-0.00048619508743286133
2,13,task_013,paraphrase_impl,paraphrase,1,random,4,1.0,-0.9503151178359985,-0.6482191681861877,0.3020959496498108,0.0013239383697509766
2,17,task_017,canonical_test,canonical,0,random,4,1.0,-1.2905882596969604,-1.0747915506362915,0.21579670906066895,0.007846832275390625
2,17,task_017,canonical_impl,canonical,1,random,4,1.0,-1.2370389699935913,-0.9180257320404053,0.31901323795318604,-0.001346886157989502
2,17,task_017,paraphrase_test,paraphrase,0,random,4,1.0,-1.283383846282959,-0.9641512632369995,0.3192325830459595,-0.0027617812156677246
2,17,task_017,paraphrase_impl,paraphrase,1,random,4,1.0,-1.260421872138977,-0.8517014980316162,0.40872037410736084,0.0030507445335388184
2,21,task_021,canonical_test,canonical,0,random,4,1.0,-1.2855987548828125,-1.0056134462356567,0.27998530864715576,0.0001900196075439453
2,21,task_021,canonical_impl,canonical,1,random,4,1.0,-1.4164042472839355,-0.8387558460235596,0.577648401260376,-0.0028933286666870117
2,21,task_021,paraphrase_test,paraphrase,0,random,4,1.0,-1.2967758178710938,-0.9081065058708191,0.38866931200027466,-0.0013194680213928223
2,21,task_021,paraphrase_impl,paraphrase,1,random,4,1.0,-1.4889096021652222,-0.8667827248573303,0.6221268773078918,0.00046253204345703125
2,25,task_025,canonical_test,canonical,0,random,4,1.0,-0.9520231485366821,-0.8206105828285217,0.1314125657081604,-0.0014845728874206543
2,25,task_025,canonical_impl,canonical,1,random,4,1.0,-0.9341315627098083,-0.6299657225608826,0.3041658401489258,-0.002843022346496582
2,25,task_025,paraphrase_test,paraphrase,0,random,4,1.0,-0.9503999948501587,-0.7812142372131348,0.16918575763702393,0.003367304801940918
2,25,task_025,paraphrase_impl,paraphrase,1,random,4,1.0,-0.9808623194694519,-0.6551940441131592,0.3256682753562927,-3.55839729309082e-05
2,29,task_029,canonical_test,canonical,0,random,4,1.0,-1.2390124797821045,-1.033009648323059,0.2060028314590454,-0.009429097175598145
2,29,task_029,canonical_impl,canonical,1,random,4,1.0,-1.2512837648391724,-0.8987708687782288,0.3525128960609436,0.009843111038208008
2,29,task_029,paraphrase_test,paraphrase,0,random,4,1.0,-1.3624505996704102,-1.0716263055801392,0.290824294090271,-0.002734065055847168
2,29,task_029,paraphrase_impl,paraphrase,1,random,4,1.0,-1.2867138385772705,-0.8776321411132812,0.40908169746398926,-0.0017247796058654785
2,33,task_033,canonical_test,canonical,0,random,4,1.0,-1.3134753704071045,-1.0324748754501343,0.2810004949569702,-9.298324584960938e-05
2,33,task_033,canonical_impl,canonical,1,random,4,1.0,-1.4360212087631226,-0.9120097160339355,0.524011492729187,0.0020578503608703613
2,33,task_033,paraphrase_test,paraphrase,0,random,4,1.0,-1.3579974174499512,-0.9365812540054321,0.42141616344451904,0.0030823945999145508
2,33,task_033,paraphrase_impl,paraphrase,1,random,4,1.0,-1.5723178386688232,-0.9040380120277405,0.6682798266410828,0.0005120038986206055
2,37,task_037,canonical_test,canonical,0,random,4,1.0,-0.9702031016349792,-0.8779807090759277,0.09222239255905151,0.0003806948661804199
2,37,task_037,canonical_impl,canonical,1,random,4,1.0,-0.9467808604240417,-0.6609947681427002,0.28578609228134155,0.00027567148208618164
2,37,task_037,paraphrase_test,paraphrase,0,random,4,1.0,-0.8972649574279785,-0.7878736853599548,0.10939127206802368,0.0005611777305603027
2,37,task_037,paraphrase_impl,paraphrase,1,random,4,1.0,-0.9128159880638123,-0.6440989375114441,0.26871705055236816,-0.003081977367401123
2,41,task_041,canonical_test,canonical,0,random,4,1.0,-1.3337321281433105,-1.0966166257858276,0.2371155023574829,-0.0008014440536499023
2,41,task_041,canonical_impl,canonical,1,random,4,1.0,-1.304246187210083,-0.9498549103736877,0.35439127683639526,-0.001872241497039795
2,41,task_041,paraphrase_test,paraphrase,0,random,4,1.0,-1.3237297534942627,-0.9921372532844543,0.33159250020980835,0.0005578994750976562
2,41,task_041,paraphrase_impl,paraphrase,1,random,4,1.0,-1.3383328914642334,-0.8766760230064392,0.4616568684577942,0.001559138298034668
2,45,task_045,canonical_test,canonical,0,random,4,1.0,-1.3411877155303955,-1.0749411582946777,0.2662465572357178,-0.00028824806213378906
2,45,task_045,canonical_impl,canonical,1,random,4,1.0,-1.4088376760482788,-0.8850846886634827,0.5237529873847961,0.00987154245376587
2,45,task_045,paraphrase_test,paraphrase,0,random,4,1.0,-1.3183228969573975,-0.9750024080276489,0.34332048892974854,-0.008689939975738525
2,45,task_045,paraphrase_impl,paraphrase,1,random,4,1.0,-1.4664394855499268,-0.9025517702102661,0.5638877153396606,0.00012743473052978516
3,0,task_000,canonical_test,canonical,0,baseline,-1,0.0,-1.229872226715088,-1.2578651905059814,-0.027992963790893555,0.0
3,0,task_000,canonical_impl,canonical,1,baseline,-1,0.0,-1.2758827209472656,-0.9140359163284302,0.36184680461883545,0.0
3,0,task_000,paraphrase_test,paraphrase,0,baseline,-1,0.0,-1.3253620862960815,-1.1997451782226562,0.1256169080734253,0.0
3,0,task_000,paraphrase_impl,paraphrase,1,baseline,-1,0.0,-1.348362922668457,-0.9808443784713745,0.3675185441970825,0.0
3,4,task_004,canonical_test,canonical,0,baseline,-1,0.0,-0.9819722175598145,-1.0769014358520508,-0.09492921829223633,0.0
3,4,task_004,canonical_impl,canonical,1,baseline,-1,0.0,-0.8335785269737244,-0.7871969938278198,0.04638153314590454,0.0
3,4,task_004,paraphrase_test,paraphrase,0,baseline,-1,0.0,-0.9175300598144531,-1.0160013437271118,-0.09847128391265869,0.0
3,4,task_004,paraphrase_impl,paraphrase,1,baseline,-1,0.0,-0.8510310053825378,-0.8508316278457642,0.00019937753677368164,0.0
3,8,task_008,canonical_test,canonical,0,baseline,-1,0.0,-1.233043909072876,-1.2890340089797974,-0.05599009990692139,0.0
3,8,task_008,canonical_impl,canonical,1,baseline,-1,0.0,-1.1363744735717773,-1.0054692029953003,0.13090527057647705,0.0
3,8,task_008,paraphrase_test,paraphrase,0,baseline,-1,0.0,-1.2823717594146729,-1.175655484199524,0.10671627521514893,0.0
3,8,task_008,paraphrase_impl,paraphrase,1,baseline,-1,0.0,-1.172151803970337,-0.9511375427246094,0.22101426124572754,0.0
3,12,task_012,canonical_test,canonical,0,baseline,-1,0.0,-1.2871026992797852,-1.3066577911376953,-0.019555091857910156,0.0
3,12,task_012,canonical_impl,canonical,1,baseline,-1,0.0,-1.308847427368164,-1.0258228778839111,0.28302454948425293,0.0
3,12,task_012,paraphrase_test,paraphrase,0,baseline,-1,0.0,-1.3111748695373535,-1.1306902170181274,0.18048465251922607,0.0
3,12,task_012,paraphrase_impl,paraphrase,1,baseline,-1,0.0,-1.370219111442566,-1.0255188941955566,0.3447002172470093,0.0
3,16,task_016,canonical_test,canonical,0,baseline,-1,0.0,-0.899550199508667,-1.0110834836959839,-0.1115332841873169,0.0
3,16,task_016,canonical_impl,canonical,1,baseline,-1,0.0,-0.8458811640739441,-0.7664529085159302,0.07942825555801392,0.0
3,16,task_016,paraphrase_test,paraphrase,0,baseline,-1,0.0,-0.9285038709640503,-0.9793416261672974,-0.05083775520324707,0.0
3,16,task_016,paraphrase_impl,paraphrase,1,baseline,-1,0.0,-0.8529219627380371,-0.7784681916236877,0.07445377111434937,0.0
3,20,task_020,canonical_test,canonical,0,baseline,-1,0.0,-1.271320104598999,-1.2277785539627075,0.043541550636291504,0.0
3,20,task_020,canonical_impl,canonical,1,baseline,-1,0.0,-1.2449390888214111,-1.010558009147644,0.2343810796737671,0.0
3,20,task_020,paraphrase_test,paraphrase,0,baseline,-1,0.0,-1.355345606803894,-1.1896239519119263,0.16572165489196777,0.0
3,20,task_020,paraphrase_impl,paraphrase,1,baseline,-1,0.0,-1.2504538297653198,-0.9765322208404541,0.2739216089248657,0.0
3,24,task_024,canonical_test,canonical,0,baseline,-1,0.0,-1.272058129310608,-1.2810819149017334,-0.009023785591125488,0.0
3,24,task_024,canonical_impl,canonical,1,baseline,-1,0.0,-1.360961675643921,-1.0035173892974854,0.35744428634643555,0.0
3,24,task_024,paraphrase_test,paraphrase,0,baseline,-1,0.0,-1.3486765623092651,-1.1425901651382446,0.2060863971710205,0.0
3,24,task_024,paraphrase_impl,paraphrase,1,baseline,-1,0.0,-1.378691554069519,-0.9800548553466797,0.39863669872283936,0.0
3,28,task_028,canonical_test,canonical,0,baseline,-1,0.0,-0.9180152416229248,-0.9727184176445007,-0.05470317602157593,0.0
3,28,task_028,canonical_impl,canonical,1,baseline,-1,0.0,-0.8284006118774414,-0.7323127388954163,0.09608787298202515,0.0
3,28,task_028,paraphrase_test,paraphrase,0,baseline,-1,0.0,-0.9287158250808716,-1.0018277168273926,-0.073111891746521,0.0
3,28,task_028,paraphrase_impl,paraphrase,1,baseline,-1,0.0,-0.8612068891525269,-0.799219012260437,0.061987876892089844,0.0
3,32,task_032,canonical_test,canonical,0,baseline,-1,0.0,-1.1986163854599,-1.235353708267212,-0.03673732280731201,0.0
3,32,task_032,canonical_impl,canonical,1,baseline,-1,0.0,-1.1057510375976562,-0.9486092925071716,0.15714174509048462,0.0
3,32,task_032,paraphrase_test,paraphrase,0,baseline,-1,0.0,-1.2348723411560059,-1.1350346803665161,0.09983766078948975,0.0
3,32,task_032,paraphrase_impl,paraphrase,1,baseline,-1,0.0,-1.1162819862365723,-0.9045078158378601,0.21177417039871216,0.0
3,36,task_036,canonical_test,canonical,0,baseline,-1,0.0,-1.2500567436218262,-1.2799745798110962,-0.02991783618927002,0.0
3,36,task_036,canonical_impl,canonical,1,baseline,-1,0.0,-1.2764902114868164,-0.966248095035553,0.3102421164512634,0.0
3,36,task_036,paraphrase_test,paraphrase,0,baseline,-1,0.0,-1.2716490030288696,-1.1174874305725098,0.15416157245635986,0.0
3,36,task_036,paraphrase_impl,paraphrase,1,baseline,-1,0.0,-1.3246426582336426,-0.9934865236282349,0.3311561346054077,0.0
3,40,task_040,canonical_test,canonical,0,baseline,-1,0.0,-0.9092828631401062,-1.0254164934158325,-0.11613363027572632,0.0
3,40,task_040,canonical_impl,canonical,1,baseline,-1,0.0,-0.8145064115524292,-0.751781702041626,0.06272470951080322,0.0
3,40,task_040,paraphrase_test,paraphrase,0,baseline,-1,0.0,-0.899154543876648,-1.0176774263381958,-0.11852288246154785,0.0
3,40,task_040,paraphrase_impl,paraphrase,1,baseline,-1,0.0,-0.8256738185882568,-0.8108924031257629,0.014781415462493896,0.0
3,44,task_044,canonical_test,canonical,0,baseline,-1,0.0,-1.2977508306503296,-1.299438238143921,-0.0016874074935913086,0.0
3,44,task_044,canonical_impl,canonical,1,baseline,-1,0.0,-1.242287278175354,-1.0894173383712769,0.15286993980407715,0.0
3,44,task_044,paraphrase_test,paraphrase,0,baseline,-1,0.0,-1.364762544631958,-1.278425931930542,0.08633661270141602,0.0
3,44,task_044,paraphrase_impl,paraphrase,1,baseline,-1,0.0,-1.2534805536270142,-1.1040593385696411,0.14942121505737305,0.0
3,0,task_000,canonical_test,canonical,0,real,-1,-2.0,-1.2504240274429321,-1.279773473739624,-0.029349446296691895,-0.0013564825057983398
3,0,task_000,canonical_impl,canonical,1,real,-1,-2.0,-1.275376558303833,-0.9213507175445557,0.35402584075927734,-0.007820963859558105
3,0,task_000,paraphrase_test,paraphrase,0,real,-1,-2.0,-1.338935375213623,-1.2166497707366943,0.12228560447692871,-0.003331303596496582
3,0,task_000,paraphrase_impl,paraphrase,1,real,-1,-2.0,-1.3781177997589111,-1.0091582536697388,0.36895954608917236,0.0014410018920898438
3,4,task_004,canonical_test,canonical,0,real,-1,-2.0,-1.0026111602783203,-1.0913466215133667,-0.08873546123504639,0.006193757057189941
3,4,task_004,canonical_impl,canonical,1,real,-1,-2.0,-0.8530842065811157,-0.8084843754768372,0.044599831104278564,-0.0017817020416259766
3,4,task_004,paraphrase_test,paraphrase,0,real,-1,-2.0,-0.9598636627197266,-1.0531761646270752,-0.09331250190734863,0.005158782005310059
3,4,task_004,paraphrase_impl,paraphrase,1,real,-1,-2.0,-0.8977304697036743,-0.8839066028594971,0.013823866844177246,0.013624489307403564
3,8,task_008,canonical_test,canonical,0,real,-1,-2.0,-1.247036337852478,-1.2984071969985962,-0.051370859146118164,0.004619240760803223
3,8,task_008,canonical_impl,canonical,1,real,-1,-2.0,-1.146695852279663,-1.0127155780792236,0.13398027420043945,0.0030750036239624023
3,8,task_008,paraphrase_test,paraphrase,0,real,-1,-2.0,-1.30828857421875,-1.2091213464736938,0.09916722774505615,-0.0075490474700927734
3,8,task_008,paraphrase_impl,paraphrase,1,real,-1,-2.0,-1.187269687652588,-0.9761859774589539,0.21108371019363403,-0.009930551052093506
3,12,task_012,canonical_test,canonical,0,real,-1,-2.0,-1.3012127876281738,-1.3166284561157227,-0.015415668487548828,0.004139423370361328
3,12,task_012,canonical_impl,canonical,1,real,-1,-2.0,-1.3376879692077637,-1.0466712713241577,0.29101669788360596,0.007992148399353027
3,12,task_012,paraphrase_test,paraphrase,0,real,-1,-2.0,-1.3293147087097168,-1.1581047773361206,0.1712099313735962,-0.009274721145629883
3,12,task_012,paraphrase_impl,paraphrase,1,real,-1,-2.0,-1.387235403060913,-1.0449800491333008,0.3422553539276123,-0.0024448633193969727
3,16,task_016,canonical_test,canonical,0,real,-1,-2.0,-0.9234568476676941,-1.0279362201690674,-0.10447937250137329,0.0070539116859436035
3,16,task_016,canonical_impl,canonical,1,real,-1,-2.0,-0.8462616205215454,-0.7667175531387329,0.0795440673828125,0.00011581182479858398
3,16,task_016,paraphrase_test,paraphrase,0,real,-1,-2.0,-0.9632954001426697,-1.0113067626953125,-0.04801136255264282,0.002826392650604248
3,16,task_016,paraphrase_impl,paraphrase,1,real,-1,-2.0,-0.8945949077606201,-0.815243124961853,0.07935178279876709,0.004898011684417725
3,20,task_020,canonical_test,canonical,0,real,-1,-2.0,-1.2854665517807007,-1.2450478076934814,0.04041874408721924,-0.0031228065490722656
3,20,task_020,canonical_impl,canonical,1,real,-1,-2.0,-1.258439302444458,-1.034185528755188,0.22425377368927002,-0.01012730598449707
3,20,task_020,paraphrase_test,paraphrase,0,real,-1,-2.0,-1.38365638256073,-1.2176529169082642,0.16600346565246582,0.0002818107604980469
3,20,task_020,paraphrase_impl,paraphrase,1,real,-1,-2.0,-1.2897837162017822,-1.0119786262512207,0.2778050899505615,0.0038834810256958008
3,24,task_024,canonical_test,canonical,0,real,-1,-2.0,-1.2946499586105347,-1.2965933084487915,-0.001943349838256836,0.007080435752868652
3,24,task_024,canonical_impl,canonical,1,real,-1,-2.0,-1.3535146713256836,-1.005618691444397,0.3478959798812866,-0.009548306465148926
3,24,task_024,paraphrase_test,paraphrase,0,real,-1,-2.0,-1.357964277267456,-1.163846492767334,0.19411778450012207,-0.011968612670898438
3,24,task_024,paraphrase_impl,paraphrase,1,real,-1,-2.0,-1.3845911026000977,-0.9990502595901489,0.38554084300994873,-0.013095855712890625
3,28,task_028,canonical_test,canonical,0,real,-1,-2.0,-0.9431788325309753,-0.990619421005249,-0.04744058847427368,0.007262587547302246
3,28,task_028,canonical_impl,canonical,1,real,-1,-2.0,-0.8332521319389343,-0.7359040975570679,0.09734803438186646,0.0012601613998413086
3,28,task_028,paraphrase_test,paraphrase,0,real,-1,-2.0,-0.9656118154525757,-1.0351333618164062,-0.06952154636383057,0.0035903453826904297
3,28,task_028,paraphrase_impl,paraphrase,1,real,-1,-2.0,-0.9021594524383545,-0.8428499102592468,0.059309542179107666,-0.0026783347129821777
3,32,task_032,canonical_test,canonical,0,real,-1,-2.0,-1.208984613418579,-1.2432528734207153,-0.03426826000213623,0.0024690628051757812
3,32,task_032,canonical_impl,canonical,1,real,-1,-2.0,-1.124769926071167,-0.9763059020042419,0.14846402406692505,-0.00867772102355957
3,32,task_032,paraphrase_test,paraphrase,0,real,-1,-2.0,-1.2656368017196655,-1.1639399528503418,0.10169684886932373,0.0018591880798339844
3,32,task_032,paraphrase_impl,paraphrase,1,real,-1,-2.0,-1.1516999006271362,-0.9375300407409668,0.21416985988616943,0.0023956894874572754
3,36,task_036,canonical_test,canonical,0,real,-1,-2.0,-1.27217698097229,-1.302922248840332,-0.030745267868041992,-0.0008274316787719727
3,36,task_036,canonical_impl,canonical,1,real,-1,-2.0,-1.2893781661987305,-0.9831278324127197,0.30625033378601074,-0.0039917826652526855
3,36,task_036,paraphrase_test,paraphrase,0,real,-1,-2.0,-1.288406491279602,-1.143851399421692,0.14455509185791016,-0.009606480598449707
3,36,task_036,paraphrase_impl,paraphrase,1,real,-1,-2.0,-1.3465516567230225,-1.0236066579818726,0.3229449987411499,-0.008211135864257812
3,40,task_040,canonical_test,canonical,0,real,-1,-2.0,-0.9282294511795044,-1.0461304187774658,-0.11790096759796143,-0.0017673373222351074
3,40,task_040,canonical_impl,canonical,1,real,-1,-2.0,-0.8248642683029175,-0.7589914202690125,0.06587284803390503,0.0031481385231018066
3,40,task_040,paraphrase_test,paraphrase,0,real,-1,-2.0,-0.9275583028793335,-1.0451054573059082,-0.11754715442657471,0.0009757280349731445
3,40,task_040,paraphrase_impl,paraphrase,1,real,-1,-2.0,-0.8772217035293579,-0.854571521282196,0.022650182247161865,0.007868766784667969
3,44,task_044,canonical_test,canonical,0,real,-1,-2.0,-1.3200920820236206,-1.320862054824829,-0.0007699728012084961,0.0009174346923828125
3,44,task_044,canonical_impl,canonical,1,real,-1,-2.0,-1.2478781938552856,-1.0998613834381104,0.1480168104171753,-0.0048531293869018555
3,44,task_044,paraphrase_test,paraphrase,0,real,-1,-2.0,-1.3975237607955933,-1.3008638620376587,0.09665989875793457,0.010323286056518555
3,44,task_044,paraphrase_impl,paraphrase,1,real,-1,-2.0,-1.2820563316345215,-1.124714732170105,0.1573415994644165,0.007920384407043457
3,0,task_000,canonical_test,canonical,0,real,-1,-1.0,-1.2397608757019043,-1.2722450494766235,-0.03248417377471924,-0.004491209983825684
3,0,task_000,canonical_impl,canonical,1,real,-1,-1.0,-1.276585340499878,-0.9218887686729431,0.3546965718269348,-0.007150232791900635
3,0,task_000,paraphrase_test,paraphrase,0,real,-1,-1.0,-1.326283574104309,-1.207719087600708,0.11856448650360107,-0.007052421569824219
3,0,task_000,paraphrase_impl,paraphrase,1,real,-1,-1.0,-1.36967134475708,-1.0032368898391724,0.3664344549179077,-0.0010840892791748047
3,4,task_004,canonical_test,canonical,0,real,-1,-1.0,-0.9827461242675781,-1.0774552822113037,-0.09470915794372559,0.0002200603485107422
3,4,task_004,canonical_impl,canonical,1,real,-1,-1.0,-0.8534042835235596,-0.8013553619384766,0.05204892158508301,0.005667388439178467
3,4,task_004,paraphrase_test,paraphrase,0,real,-1,-1.0,-0.9440729022026062,-1.0346856117248535,-0.09061270952224731,0.007858574390411377
3,4,task_004,paraphrase_impl,paraphrase,1,real,-1,-1.0,-0.885981023311615,-0.8755633234977722,0.010417699813842773,0.010218322277069092
3,8,task_008,canonical_test,canonical,0,real,-1,-1.0,-1.2348121404647827,-1.297102928161621,-0.06229078769683838,-0.006300687789916992
3,8,task_008,canonical_impl,canonical,1,real,-1,-1.0,-1.1541318893432617,-1.0184745788574219,0.13565731048583984,0.004752039909362793
3,8,task_008,paraphrase_test,paraphrase,0,real,-1,-1.0,-1.3093738555908203,-1.2024058103561401,0.10696804523468018,0.00025177001953125
3,8,task_008,paraphrase_impl,paraphrase,1,real,-1,-1.0,-1.1867048740386963,-0.968795120716095,0.21790975332260132,-0.0031045079231262207
3,12,task_012,canonical_test,canonical,0,real,-1,-1.0,-1.2976051568984985,-1.3140852451324463,-0.016480088233947754,0.0030750036239624023
3,12,task_012,canonical_impl,canonical,1,real,-1,-1.0,-1.3228003978729248,-1.0361639261245728,0.28663647174835205,0.003611922264099121
3,12,task_012,paraphrase_test,paraphrase,0,real,-1,-1.0,-1.317260503768921,-1.1497935056686401,0.16746699810028076,-0.013017654418945312
3,12,task_012,paraphrase_impl,paraphrase,1,real,-1,-1.0,-1.38084077835083,-1.0330029726028442,0.34783780574798584,0.0031375885009765625
3,16,task_016,canonical_test,canonical,0,real,-1,-1.0,-0.9183005094528198,-1.024187445640564,-0.10588693618774414,0.005646347999572754
3,16,task_016,canonical_impl,canonical,1,real,-1,-1.0,-0.8512487411499023,-0.7702444791793823,0.08100426197052002,0.0015760064125061035
3,16,task_016,paraphrase_test,paraphrase,0,real,-1,-1.0,-0.9568102359771729,-1.0066996812820435,-0.049889445304870605,0.0009483098983764648
3,16,task_016,paraphrase_impl,paraphrase,1,real,-1,-1.0,-0.8759503364562988,-0.802078366279602,0.07387197017669678,-0.0005818009376525879
3,20,task_020,canonical_test,canonical,0,real,-1,-1.0,-1.2986392974853516,-1.2470065355300903,0.05163276195526123,0.008091211318969727
3,20,task_020,canonical_impl,canonical,1,real,-1,-1.0,-1.2554082870483398,-1.0252972841262817,0.2301110029220581,-0.004270076751708984
3,20,task_020,paraphrase_test,paraphrase,0,real,-1,-1.0,-1.3762240409851074,-1.2043423652648926,0.17188167572021484,0.00616002082824707
3,20,task_020,paraphrase_impl,paraphrase,1,real,-1,-1.0,-1.273482322692871,-0.9931191802024841,0.28036314249038696,0.00644153356552124
3,24,task_024,canonical_test,canonical,0,real,-1,-1.0,-1.2849316596984863,-1.290185570716858,-0.005253911018371582,0.0037698745727539062
3,24,task_024,canonical_impl,canonical,1,real,-1,-1.0,-1.3669486045837402,-1.0078010559082031,0.3591475486755371,0.0017032623291015625
3,24,task_024,paraphrase_test,paraphrase,0,real,-1,-1.0,-1.3431384563446045,-1.1460545063018799,0.1970839500427246,-0.009002447128295898
3,24,task_024,paraphrase_impl,paraphrase,1,real,-1,-1.0,-1.3803369998931885,-0.9959814548492432,0.3843555450439453,-0.014281153678894043
3,28,task_028,canonical_test,canonical,0,real,-1,-1.0,-0.9285075068473816,-0.980120062828064,-0.05161255598068237,0.0030906200408935547
3,28,task_028,canonical_impl,canonical,1,real,-1,-1.0,-0.8333306312561035,-0.7357883453369141,0.09754228591918945,0.0014544129371643066
3,28,task_028,paraphrase_test,paraphrase,0,real,-1,-1.0,-0.9506677985191345,-1.0172312259674072,-0.0665634274482727,0.006548464298248291
3,28,task_028,paraphrase_impl,paraphrase,1,real,-1,-1.0,-0.8807472586631775,-0.8278080224990845,0.05293923616409302,-0.009048640727996826
3,32,task_032,canonical_test,canonical,0,real,-1,-1.0,-1.1947228908538818,-1.23318612575531,-0.03846323490142822,-0.001725912094116211
3,32,task_032,canonical_impl,canonical,1,real,-1,-1.0,-1.1165778636932373,-0.9636021852493286,0.1529756784439087,-0.004166066646575928
3,32,task_032,paraphrase_test,paraphrase,0,real,-1,-1.0,-1.256055235862732,-1.1571780443191528,0.0988771915435791,-0.0009604692459106445
3,32,task_032,paraphrase_impl,paraphrase,1,real,-1,-1.0,-1.1395577192306519,-0.9285899996757507,0.21096771955490112,-0.0008064508438110352
3,36,task_036,canonical_test,canonical,0,real,-1,-1.0,-1.2628604173660278,-1.2895853519439697,-0.026724934577941895,0.003192901611328125
3,36,task_036,canonical_impl,canonical,1,real,-1,-1.0,-1.2790900468826294,-0.9758628606796265,0.30322718620300293,-0.007014930248260498
3,36,task_036,paraphrase_test,paraphrase,0,real,-1,-1.0,-1.2889736890792847,-1.1442503929138184,0.1447232961654663,-0.009438276290893555
3,36,task_036,paraphrase_impl,paraphrase,1,real,-1,-1.0,-1.3245056867599487,-1.0007394552230835,0.32376623153686523,-0.0073899030685424805
3,40,task_040,canonical_test,canonical,0,real,-1,-1.0,-0.9224104285240173,-1.0419034957885742,-0.11949306726455688,-0.0033594369888305664
3,40,task_040,canonical_impl,canonical,1,real,-1,-1.0,-0.8198098540306091,-0.7555685043334961,0.06424134969711304,0.0015166401863098145
3,40,task_040,paraphrase_test,paraphrase,0,real,-1,-1.0,-0.9169344305992126,-1.0375810861587524,-0.1206466555595398,-0.0021237730979919434
3,40,task_040,paraphrase_impl,paraphrase,1,real,-1,-1.0,-0.8472129106521606,-0.826102077960968,0.021110832691192627,0.0063294172286987305
3,44,task_044,canonical_test,canonical,0,real,-1,-1.0,-1.3157374858856201,-1.3112930059432983,0.004444479942321777,0.006131887435913086
3,44,task_044,canonical_impl,canonical,1,real,-1,-1.0,-1.2516471147537231,-1.1024894714355469,0.14915764331817627,-0.003712296485900879
3,44,task_044,paraphrase_test,paraphrase,0,real,-1,-1.0,-1.3780443668365479,-1.2871125936508179,0.09093177318572998,0.004595160484313965
3,44,task_044,paraphrase_impl,paraphrase,1,real,-1,-1.0,-1.2691162824630737,-1.115575909614563,0.15354037284851074,0.004119157791137695
3,0,task_000,canonical_test,canonical,0,real,-1,-0.5,-1.2346833944320679,-1.2687089443206787,-0.03402554988861084,-0.006032586097717285
3,0,task_000,canonical_impl,canonical,1,real,-1,-0.5,-1.2760615348815918,-0.9141444563865662,0.36191707849502563,7.027387619018555e-05
3,0,task_000,paraphrase_test,paraphrase,0,real,-1,-0.5,-1.3307527303695679,-1.2035439014434814,0.12720882892608643,0.0015919208526611328
3,0,task_000,paraphrase_impl,paraphrase,1,real,-1,-0.5,-1.3603814840316772,-0.9893345832824707,0.37104690074920654,0.0035283565521240234
3,4,task_004,canonical_test,canonical,0,real,-1,-0.5,-0.9871845245361328,-1.080881953239441,-0.0936974287033081,0.0012317895889282227
3,4,task_004,canonical_impl,canonical,1,real,-1,-0.5,-0.8487560153007507,-0.7979114651679993,0.050844550132751465,0.004463016986846924
3,4,task_004,paraphrase_test,paraphrase,0,real,-1,-0.5,-0.9241141080856323,-1.0205872058868408,-0.0964730978012085,0.0019981861114501953
3,4,task_004,paraphrase_impl,paraphrase,1,real,-1,-0.5,-0.8668827414512634,-0.8546797633171082,0.012202978134155273,0.012003600597381592
3,8,task_008,canonical_test,canonical,0,real,-1,-0.5,-1.2338764667510986,-1.2896286249160767,-0.05575215816497803,0.00023794174194335938
3,8,task_008,canonical_impl,canonical,1,real,-1,-0.5,-1.1492400169372559,-1.015038013458252,0.1342020034790039,0.0032967329025268555
3,8,task_008,paraphrase_test,paraphrase,0,real,-1,-0.5,-1.2994978427886963,-1.1951323747634888,0.10436546802520752,-0.0023508071899414062
3,8,task_008,paraphrase_impl,paraphrase,1,real,-1,-0.5,-1.178734302520752,-0.9631373286247253,0.2155969738960266,-0.005417287349700928
3,12,task_012,canonical_test,canonical,0,real,-1,-0.5,-1.2949163913726807,-1.3127647638320923,-0.01784837245941162,0.0017067193984985352
3,12,task_012,canonical_impl,canonical,1,real,-1,-0.5,-1.3175753355026245,-1.0320374965667725,0.28553783893585205,0.002513289451599121
3,12,task_012,paraphrase_test,paraphrase,0,real,-1,-0.5,-1.3147159814834595,-1.1406580209732056,0.1740579605102539,-0.006426692008972168
3,12,task_012,paraphrase_impl,paraphrase,1,real,-1,-0.5,-1.3810399770736694,-1.0331482887268066,0.3478916883468628,0.0031914710998535156
3,16,task_016,canonical_test,canonical,0,real,-1,-0.5,-0.9183081388473511,-1.0241807699203491,-0.10587263107299805,0.005660653114318848
3,16,task_016,canonical_impl,canonical,1,real,-1,-0.5,-0.8415459990501404,-0.7633978128433228,0.07814818620681763,-0.001280069351196289
3,16,task_016,paraphrase_test,paraphrase,0,real,-1,-0.5,-0.9344629645347595,-0.9909279942512512,-0.0564650297164917,-0.005627274513244629
3,16,task_016,paraphrase_impl,paraphrase,1,real,-1,-0.5,-0.8594491481781006,-0.7830715775489807,0.07637757062911987,0.0019237995147705078
3,20,task_020,canonical_test,canonical,0,real,-1,-0.5,-1.2940937280654907,-1.2437984943389893,0.050295233726501465,0.006753683090209961
3,20,task_020,canonical_impl,canonical,1,real,-1,-0.5,-1.2501028776168823,-1.0209417343139648,0.22916114330291748,-0.005219936370849609
3,20,task_020,paraphrase_test,paraphrase,0,real,-1,-0.5,-1.367504596710205,-1.1910794973373413,0.17642509937286377,0.010703444480895996
3,20,task_020,paraphrase_impl,paraphrase,1,real,-1,-0.5,-1.2663084268569946,-0.9881832003593445,0.27812522649765015,0.004203617572784424
3,24,task_024,canonical_test,canonical,0,real,-1,-0.5,-1.2868735790252686,-1.2841908931732178,0.0026826858520507812,0.01170647144317627
3,24,task_024,canonical_impl,canonical,1,real,-1,-0.5,-1.3657424449920654,-1.007735013961792,0.35800743103027344,0.0005631446838378906
3,24,task_024,paraphrase_test,paraphrase,0,real,-1,-0.5,-1.3540077209472656,-1.1461955308914185,0.20781219005584717,0.0017257928848266602
3,24,task_024,paraphrase_impl,paraphrase,1,real,-1,-0.5,-1.375319242477417,-0.9851067662239075,0.3902124762535095,-0.008424222469329834
3,28,task_028,canonical_test,canonical,0,real,-1,-0.5,-0.9285176992416382,-0.980128824710846,-0.051611125469207764,0.003092050552368164
3,28,task_028,canonical_impl,canonical,1,real,-1,-0.5,-0.8280720114707947,-0.7321741580963135,0.0958978533744812,-0.0001900196075439453
3,28,task_028,paraphrase_test,paraphrase,0,real,-1,-0.5,-0.9397644400596619,-1.0096265077590942,-0.06986206769943237,0.003249824047088623
3,28,task_028,paraphrase_impl,paraphrase,1,real,-1,-0.5,-0.880441427230835,-0.827591598033905,0.05284982919692993,-0.009138047695159912
3,32,task_032,canonical_test,canonical,0,real,-1,-0.5,-1.2080214023590088,-1.2426077127456665,-0.034586310386657715,0.002151012420654297
3,32,task_032,canonical_impl,canonical,1,real,-1,-0.5,-1.1185808181762695,-0.9650191068649292,0.15356171131134033,-0.003580033779144287
3,32,task_032,paraphrase_test,paraphrase,0,real,-1,-0.5,-1.2457245588302612,-1.1426963806152344,0.10302817821502686,0.0031905174255371094
3,32,task_032,paraphrase_impl,paraphrase,1,real,-1,-0.5,-1.1371660232543945,-0.9192474484443665,0.21791857481002808,0.006144404411315918
3,36,task_036,canonical_test,canonical,0,real,-1,-0.5,-1.2551372051239014,-1.2908966541290283,-0.03575944900512695,-0.005841612815856934
3,36,task_036,canonical_impl,canonical,1,real,-1,-0.5,-1.2902226448059082,-0.9763785004615784,0.31384414434432983,0.0036020278930664062
3,36,task_036,paraphrase_test,paraphrase,0,real,-1,-0.5,-1.2766671180725098,-1.1209301948547363,0.15573692321777344,0.0015753507614135742
3,36,task_036,paraphrase_impl,paraphrase,1,real,-1,-0.5,-1.3139021396636963,-0.9858997464179993,0.328002393245697,-0.0031537413597106934
3,40,task_040,canonical_test,canonical,0,real,-1,-0.5,-0.9128028750419617,-1.035366177558899,-0.12256330251693726,-0.0064296722412109375
3,40,task_040,canonical_impl,canonical,1,real,-1,-0.5,-0.8198624849319458,-0.7554572224617004,0.06440526247024536,0.0016805529594421387
3,40,task_040,paraphrase_test,paraphrase,0,real,-1,-0.5,-0.9066941142082214,-1.0230183601379395,-0.11632424592971802,0.002198636531829834
3,40,task_040,paraphrase_impl,paraphrase,1,real,-1,-0.5,-0.8467357158660889,-0.8257651329040527,0.020970582962036133,0.006189167499542236
3,44,task_044,canonical_test,canonical,0,real,-1,-0.5,-1.30992591381073,-1.3071845769882202,0.0027413368225097656,0.004428744316101074
3,44,task_044,canonical_impl,canonical,1,real,-1,-0.5,-1.2519416809082031,-1.095349669456482,0.1565920114517212,0.003722071647644043
3,44,task_044,paraphrase_test,paraphrase,0,real,-1,-0.5,-1.3658101558685303,-1.2790735960006714,0.08673655986785889,0.0003999471664428711
3,44,task_044,paraphrase_impl,paraphrase,1,real,-1,-0.5,-1.2490113973617554,-1.10138738155365,0.14762401580810547,-0.0017971992492675781
3,0,task_000,canonical_test,canonical,0,real,-1,0.5,-1.223991870880127,-1.2611254453659058,-0.03713357448577881,-0.009140610694885254
3,0,task_000,canonical_impl,canonical,1,real,-1,0.5,-1.2752389907836914,-0.9063621759414673,0.3688768148422241,0.007030010223388672
3,0,task_000,paraphrase_test,paraphrase,0,real,-1,0.5,-1.313536286354065,-1.184077501296997,0.12945878505706787,0.003841876983642578
3,0,task_000,paraphrase_impl,paraphrase,1,real,-1,0.5,-1.348981261253357,-0.9812800288200378,0.3677012324333191,0.00018268823623657227
3,4,task_004,canonical_test,canonical,0,real,-1,0.5,-0.9726468920707703,-1.0703212022781372,-0.09767431020736694,-0.0027450919151306152
3,4,task_004,canonical_impl,canonical,1,real,-1,0.5,-0.83333820104599,-0.7871927618980408,0.04614543914794922,-0.00023609399795532227
3,4,task_004,paraphrase_test,paraphrase,0,real,-1,0.5,-0.9016835689544678,-1.0046528577804565,-0.10296928882598877,-0.004498004913330078
3,4,task_004,paraphrase_impl,paraphrase,1,real,-1,0.5,-0.8309003114700317,-0.8366367816925049,-0.0057364702224731445,-0.005935847759246826
3,8,task_008,canonical_test,canonical,0,real,-1,0.5,-1.2234045267105103,-1.281241774559021,-0.05783724784851074,-0.0018471479415893555
3,8,task_008,canonical_impl,canonical,1,real,-1,0.5,-1.1360279321670532,-0.9983471035957336,0.13768082857131958,0.006775557994842529
3,8,task_008,paraphrase_test,paraphrase,0,real,-1,0.5,-1.2780940532684326,-1.1652836799621582,0.11281037330627441,0.006094098091125488
3,8,task_008,paraphrase_impl,paraphrase,1,real,-1,0.5,-1.1728413105010986,-0.9441028237342834,0.22873848676681519,0.0077242255210876465
3,12,task_012,canonical_test,canonical,0,real,-1,0.5,-1.2715719938278198,-1.2962076663970947,-0.024635672569274902,-0.005080580711364746
3,12,task_012,canonical_impl,canonical,1,real,-1,0.5,-1.3199740648269653,-1.0259665250778198,0.2940075397491455,0.010982990264892578
3,12,task_012,paraphrase_test,paraphrase,0,real,-1,0.5,-1.3004372119903564,-1.1230888366699219,0.17734837532043457,-0.003136277198791504
3,12,task_012,paraphrase_impl,paraphrase,1,real,-1,0.5,-1.3571842908859253,-1.01619291305542,0.34099137783050537,-0.0037088394165039062
3,16,task_016,canonical_test,canonical,0,real,-1,0.5,-0.8926385641098022,-1.006198525428772,-0.11355996131896973,-0.002026677131652832
3,16,task_016,canonical_impl,canonical,1,real,-1,0.5,-0.8408443331718445,-0.7628961801528931,0.07794815301895142,-0.0014801025390625
3,16,task_016,paraphrase_test,paraphrase,0,real,-1,0.5,-0.9165118932723999,-0.9709699153900146,-0.054458022117614746,-0.0036202669143676758
3,16,task_016,paraphrase_impl,paraphrase,1,real,-1,0.5,-0.8325499892234802,-0.7567360401153564,0.07581394910812378,0.001360177993774414
3,20,task_020,canonical_test,canonical,0,real,-1,0.5,-1.2665696144104004,-1.2237316370010376,0.04283797740936279,-0.0007035732269287109
3,20,task_020,canonical_impl,canonical,1,real,-1,0.5,-1.2406182289123535,-1.0068809986114502,0.23373723030090332,-0.0006438493728637695
3,20,task_020,paraphrase_test,paraphrase,0,real,-1,0.5,-1.3300765752792358,-1.1577540636062622,0.17232251167297363,0.006600856781005859
3,20,task_020,paraphrase_impl,paraphrase,1,real,-1,0.5,-1.2483327388763428,-0.9750475287437439,0.2732852101325989,-0.0006363987922668457
3,24,task_024,canonical_test,canonical,0,real,-1,0.5,-1.2680004835128784,-1.2777574062347412,-0.009756922721862793,-0.0007331371307373047
3,24,task_024,canonical_impl,canonical,1,real,-1,0.5,-1.350516676902771,-0.9958449006080627,0.35467177629470825,-0.002772510051727295
3,24,task_024,paraphrase_test,paraphrase,0,real,-1,0.5,-1.3404344320297241,-1.1294742822647095,0.21096014976501465,0.004873752593994141
3,24,task_024,paraphrase_impl,paraphrase,1,real,-1,0.5,-1.3771929740905762,-0.9790852665901184,0.39810770750045776,-0.0005289912223815918
3,28,task_028,canonical_test,canonical,0,real,-1,0.5,-0.9178082942962646,-0.9726874232292175,-0.05487912893295288,-0.00017595291137695312
3,28,task_028,canonical_impl,canonical,1,real,-1,0.5,-0.8179794549942017,-0.7250508069992065,0.09292864799499512,-0.0031592249870300293
3,28,task_028,paraphrase_test,paraphrase,0,real,-1,0.5,-0.9123701453208923,-0.9902799129486084,-0.07790976762771606,-0.004797875881195068
3,28,task_028,paraphrase_impl,paraphrase,1,real,-1,0.5,-0.8492340445518494,-0.7981216311454773,0.05111241340637207,-0.010875463485717773
3,32,task_032,canonical_test,canonical,0,real,-1,0.5,-1.196866512298584,-1.2341644763946533,-0.037297964096069336,-0.0005606412887573242
3,32,task_032,canonical_impl,canonical,1,real,-1,0.5,-1.1155043840408325,-0.9550407528877258,0.1604636311531067,0.0033218860626220703
3,32,task_032,paraphrase_test,paraphrase,0,real,-1,0.5,-1.2248122692108154,-1.1135973930358887,0.11121487617492676,0.011377215385437012
3,32,task_032,paraphrase_impl,paraphrase,1,real,-1,0.5,-1.1104700565338135,-0.8934423923492432,0.2170276641845703,0.005253493785858154
3,36,task_036,canonical_test,canonical,0,real,-1,0.5,-1.250122308731079,-1.2805099487304688,-0.03038763999938965,-0.0004698038101196289
3,36,task_036,canonical_impl,canonical,1,real,-1,0.5,-1.2806137800216675,-0.9691237211227417,0.3114900588989258,0.0012479424476623535
3,36,task_036,paraphrase_test,paraphrase,0,real,-1,0.5,-1.2678253650665283,-1.1073206663131714,0.16050469875335693,0.00634312629699707
3,36,task_036,paraphrase_impl,paraphrase,1,real,-1,0.5,-1.303452730178833,-0.9786282777786255,0.3248244524002075,-0.006331682205200195
3,40,task_040,canonical_test,canonical,0,real,-1,0.5,-0.9083039164543152,-1.03219735622406,-0.12389343976974487,-0.007759809494018555
3,40,task_040,canonical_impl,canonical,1,real,-1,0.5,-0.8152088522911072,-0.7448199391365051,0.07038891315460205,0.007664203643798828
3,40,task_040,paraphrase_test,paraphrase,0,real,-1,0.5,-0.8790878057479858,-0.9961639642715454,-0.11707615852355957,0.0014467239379882812
3,40,task_040,paraphrase_impl,paraphrase,1,real,-1,0.5,-0.8163632750511169,-0.7968995571136475,0.019463717937469482,0.004682302474975586
3,44,task_044,canonical_test,canonical,0,real,-1,0.5,-1.2901867628097534,-1.2940808534622192,-0.0038940906524658203,-0.0022066831588745117
3,44,task_044,canonical_impl,canonical,1,real,-1,0.5,-1.2371095418930054,-1.0850837230682373,0.15202581882476807,-0.000844120979309082
3,44,task_044,paraphrase_test,paraphrase,0,real,-1,0.5,-1.3577516078948975,-1.2655115127563477,0.0922400951385498,0.005903482437133789
3,44,task_044,paraphrase_impl,paraphrase,1,real,-1,0.5,-1.2445027828216553,-1.0903750658035278,0.15412771701812744,0.0047065019607543945
3,0,task_000,canonical_test,canonical,0,real,-1,1.0,-1.2280458211898804,-1.2565664052963257,-0.028520584106445312,-0.0005276203155517578
3,0,task_000,canonical_impl,canonical,1,real,-1,1.0,-1.2758231163024902,-0.9067796468734741,0.3690434694290161,0.007196664810180664
3,0,task_000,paraphrase_test,paraphrase,0,real,-1,1.0,-1.3119089603424072,-1.1755757331848145,0.13633322715759277,0.01071631908416748
3,0,task_000,paraphrase_impl,paraphrase,1,real,-1,1.0,-1.345362901687622,-0.9713730812072754,0.3739898204803467,0.00647127628326416
3,4,task_004,canonical_test,canonical,0,real,-1,1.0,-0.952708899974823,-1.0562514066696167,-0.1035425066947937,-0.008613288402557373
3,4,task_004,canonical_impl,canonical,1,real,-1,1.0,-0.833347499370575,-0.7797933220863342,0.05355417728424072,0.007172644138336182
3,4,task_004,paraphrase_test,paraphrase,0,real,-1,1.0,-0.8908559679985046,-0.9896723628044128,-0.0988163948059082,-0.0003451108932495117
3,4,task_004,paraphrase_impl,paraphrase,1,real,-1,1.0,-0.8296071887016296,-0.8357090353965759,-0.006101846694946289,-0.006301224231719971
3,8,task_008,canonical_test,canonical,0,real,-1,1.0,-1.2098040580749512,-1.2647240161895752,-0.05491995811462402,0.0010701417922973633
3,8,task_008,canonical_impl,canonical,1,real,-1,1.0,-1.136622428894043,-0.9983024597167969,0.1383199691772461,0.007414698600769043
3,8,task_008,paraphrase_test,paraphrase,0,real,-1,1.0,-1.26690673828125,-1.1578234434127808,0.10908329486846924,0.0023670196533203125
3,8,task_008,paraphrase_impl,paraphrase,1,real,-1,1.0,-1.1507494449615479,-0.93586665391922,0.21488279104232788,-0.006131470203399658
3,12,task_012,canonical_test,canonical,0,real,-1,1.0,-1.2663350105285645,-1.2920199632644653,-0.02568495273590088,-0.006129860877990723
3,12,task_012,canonical_impl,canonical,1,real,-1,1.0,-1.3049554824829102,-1.0153546333312988,0.28960084915161133,0.0065762996673583984
3,12,task_012,paraphrase_test,paraphrase,0,real,-1,1.0,-1.3101505041122437,-1.1225171089172363,0.18763339519500732,0.00714874267578125
3,12,task_012,paraphrase_impl,paraphrase,1,real,-1,1.0,-1.3480556011199951,-1.0097967386245728,0.33825886249542236,-0.006441354751586914
3,16,task_016,canonical_test,canonical,0,real,-1,1.0,-0.8833817839622498,-1.0069990158081055,-0.12361723184585571,-0.012083947658538818
3,16,task_016,canonical_impl,canonical,1,real,-1,1.0,-0.831037163734436,-0.7560469508171082,0.07499021291732788,-0.004438042640686035
3,16,task_016,paraphrase_test,paraphrase,0,real,-1,1.0,-0.90617835521698,-0.9563078284263611,-0.050129473209381104,0.0007082819938659668
3,16,task_016,paraphrase_impl,paraphrase,1,real,-1,1.0,-0.823299765586853,-0.7502119541168213,0.07308781147003174,-0.001365959644317627
3,20,task_020,canonical_test,canonical,0,real,-1,1.0,-1.254969596862793,-1.208879828453064,0.046089768409729004,0.0025482177734375
3,20,task_020,canonical_impl,canonical,1,real,-1,1.0,-1.2405822277069092,-1.0074622631072998,0.23311996459960938,-0.0012611150741577148
3,20,task_020,paraphrase_test,paraphrase,0,real,-1,1.0,-1.3269895315170288,-1.1555778980255127,0.1714116334915161,0.00568997859954834
3,20,task_020,paraphrase_impl,paraphrase,1,real,-1,1.0,-1.2295185327529907,-0.9622358679771423,0.2672826647758484,-0.006638944149017334
3,24,task_024,canonical_test,canonical,0,real,-1,1.0,-1.265546202659607,-1.2694369554519653,-0.0038907527923583984,0.00513303279876709
3,24,task_024,canonical_impl,canonical,1,real,-1,1.0,-1.3452908992767334,-0.9929230809211731,0.3523678183555603,-0.005076467990875244
3,24,task_024,paraphrase_test,paraphrase,0,real,-1,1.0,-1.3356523513793945,-1.118748664855957,0.2169036865234375,0.010817289352416992
3,24,task_024,paraphrase_impl,paraphrase,1,real,-1,1.0,-1.3673245906829834,-0.9647698998451233,0.4025546908378601,0.003917992115020752
3,28,task_028,canonical_test,canonical,0,real,-1,1.0,-0.9073866605758667,-0.9650837182998657,-0.05769705772399902,-0.0029938817024230957
3,28,task_028,canonical_impl,canonical,1,real,-1,1.0,-0.8132884502410889,-0.7142353057861328,0.09905314445495605,0.002965271472930908
3,28,task_028,paraphrase_test,paraphrase,0,real,-1,1.0,-0.9022884368896484,-0.9831655025482178,-0.08087706565856934,-0.00776517391204834
3,28,task_028,paraphrase_impl,paraphrase,1,real,-1,1.0,-0.8285566568374634,-0.776166558265686,0.052390098571777344,-0.0095977783203125
3,32,task_032,canonical_test,canonical,0,real,-1,1.0,-1.191800832748413,-1.2237414121627808,-0.031940579414367676,0.004796743392944336
3,32,task_032,canonical_impl,canonical,1,real,-1,1.0,-1.112346887588501,-0.9528148770332336,0.15953201055526733,0.002390265464782715
3,32,task_032,paraphrase_test,paraphrase,0,real,-1,1.0,-1.2156747579574585,-1.106760859489441,0.10891389846801758,0.009076237678527832
3,32,task_032,paraphrase_impl,paraphrase,1,real,-1,1.0,-1.1000642776489258,-0.8860788941383362,0.2139853835105896,0.0022112131118774414
3,36,task_036,canonical_test,canonical,0,real,-1,1.0,-1.2318987846374512,-1.2676039934158325,-0.03570520877838135,-0.005787372589111328
3,36,task_036,canonical_impl,canonical,1,real,-1,1.0,-1.2786226272583008,-0.9603650569915771,0.31825757026672363,0.008015453815460205
3,36,task_036,paraphrase_test,paraphrase,0,real,-1,1.0,-1.2616050243377686,-1.103039264678955,0.15856575965881348,0.004404187202453613
3,36,task_036,paraphrase_impl,paraphrase,1,real,-1,1.0,-1.2881278991699219,-0.9677120447158813,0.3204158544540405,-0.010740280151367188
3,40,task_040,canonical_test,canonical,0,real,-1,1.0,-0.8885964751243591,-1.018147349357605,-0.12955087423324585,-0.013417243957519531
3,40,task_040,canonical_impl,canonical,1,real,-1,1.0,-0.8049414157867432,-0.7375785112380981,0.06736290454864502,0.004638195037841797
3,40,task_040,paraphrase_test,paraphrase,0,real,-1,1.0,-0.878480076789856,-0.995807409286499,-0.11732733249664307,0.0011955499649047852
3,40,task_040,paraphrase_impl,paraphrase,1,real,-1,1.0,-0.8009216785430908,-0.7860660552978516,0.014855623245239258,7.420778274536133e-05
3,44,task_044,canonical_test,canonical,0,real,-1,1.0,-1.2943894863128662,-1.2888495922088623,0.005539894104003906,0.007227301597595215
3,44,task_044,canonical_impl,canonical,1,real,-1,1.0,-1.2325338125228882,-1.081829309463501,0.1507045030593872,-0.0021654367446899414
3,44,task_044,paraphrase_test,paraphrase,0,real,-1,1.0,-1.3416588306427002,-1.2474322319030762,0.09422659873962402,0.007889986038208008
3,44,task_044,paraphrase_impl,paraphrase,1,real,-1,1.0,-1.229877233505249,-1.0800461769104004,0.14983105659484863,0.00040984153747558594
3,0,task_000,canonical_test,canonical,0,real,-1,2.0,-1.1995402574539185,-1.2361832857131958,-0.036643028259277344,-0.008650064468383789
3,0,task_000,canonical_impl,canonical,1,real,-1,2.0,-1.2604632377624512,-0.8959325551986694,0.36453068256378174,0.002683877944946289
3,0,task_000,paraphrase_test,paraphrase,0,real,-1,2.0,-1.299065113067627,-1.159210443496704,0.13985466957092285,0.014237761497497559
3,0,task_000,paraphrase_impl,paraphrase,1,real,-1,2.0,-1.3243464231491089,-0.9491800665855408,0.3751663565635681,0.007647812366485596
3,4,task_004,canonical_test,canonical,0,real,-1,2.0,-0.931492269039154,-1.0340286493301392,-0.10253638029098511,-0.007607161998748779
3,4,task_004,canonical_impl,canonical,1,real,-1,2.0,-0.8176735639572144,-0.7760872840881348,0.04158627986907959,-0.004795253276824951
3,4,task_004,paraphrase_test,paraphrase,0,real,-1,2.0,-0.8642120361328125,-0.9635723233222961,-0.09936028718948364,-0.0008890032768249512
3,4,task_004,paraphrase_impl,paraphrase,1,real,-1,2.0,-0.7882095575332642,-0.7917002439498901,-0.0034906864166259766,-0.003690063953399658
3,8,task_008,canonical_test,canonical,0,real,-1,2.0,-1.2010833024978638,-1.259137749671936,-0.058054447174072266,-0.002064347267150879
3,8,task_008,canonical_impl,canonical,1,real,-1,2.0,-1.1240503787994385,-0.989987313747406,0.13406306505203247,0.00315779447555542
3,8,task_008,paraphrase_test,paraphrase,0,real,-1,2.0,-1.2514523267745972,-1.1316863298416138,0.1197659969329834,0.013049721717834473
3,8,task_008,paraphrase_impl,paraphrase,1,real,-1,2.0,-1.1414334774017334,-0.914426863193512,0.22700661420822144,0.0059923529624938965
3,12,task_012,canonical_test,canonical,0,real,-1,2.0,-1.2528977394104004,-1.2751051187515259,-0.02220737934112549,-0.002652287483215332
3,12,task_012,canonical_impl,canonical,1,real,-1,2.0,-1.309657335281372,-1.0118687152862549,0.2977886199951172,0.014764070510864258
3,12,task_012,paraphrase_test,paraphrase,0,real,-1,2.0,-1.291969895362854,-1.1024861335754395,0.18948376178741455,0.008999109268188477
3,12,task_012,paraphrase_impl,paraphrase,1,real,-1,2.0,-1.3483585119247437,-1.0026471614837646,0.345711350440979,0.0010111331939697266
3,16,task_016,canonical_test,canonical,0,real,-1,2.0,-0.8734651803970337,-0.9924378991127014,-0.11897271871566772,-0.00743943452835083
3,16,task_016,canonical_impl,canonical,1,real,-1,2.0,-0.8215133547782898,-0.7417967319488525,0.07971662282943726,0.00028836727142333984
3,16,task_016,paraphrase_test,paraphrase,0,real,-1,2.0,-0.8792656660079956,-0.9298987984657288,-0.050633132457733154,0.00020462274551391602
3,16,task_016,paraphrase_impl,paraphrase,1,real,-1,2.0,-0.7914363145828247,-0.7204161882400513,0.07102012634277344,-0.0034336447715759277
3,20,task_020,canonical_test,canonical,0,real,-1,2.0,-1.2351648807525635,-1.1948796510696411,0.04028522968292236,-0.0032563209533691406
3,20,task_020,canonical_impl,canonical,1,real,-1,2.0,-1.2354345321655273,-0.9964936375617981,0.23894089460372925,0.004559814929962158
3,20,task_020,paraphrase_test,paraphrase,0,real,-1,2.0,-1.3071235418319702,-1.1337647438049316,0.17335879802703857,0.007637143135070801
3,20,task_020,paraphrase_impl,paraphrase,1,real,-1,2.0,-1.2249072790145874,-0.9434842467308044,0.28142303228378296,0.007501423358917236
3,24,task_024,canonical_test,canonical,0,real,-1,2.0,-1.2629481554031372,-1.2675639390945435,-0.00461578369140625,0.004408001899719238
3,24,task_024,canonical_impl,canonical,1,real,-1,2.0,-1.347625494003296,-0.9864431023597717,0.36118239164352417,0.003738105297088623
3,24,task_024,paraphrase_test,paraphrase,0,real,-1,2.0,-1.326981782913208,-1.1052570343017578,0.2217247486114502,0.015638351440429688
3,24,task_024,paraphrase_impl,paraphrase,1,real,-1,2.0,-1.3626618385314941,-0.9614652991294861,0.40119653940200806,0.002559840679168701
3,28,task_028,canonical_test,canonical,0,real,-1,2.0,-0.8768537044525146,-0.9511162042617798,-0.07426249980926514,-0.01955932378768921
3,28,task_028,canonical_impl,canonical,1,real,-1,2.0,-0.7981259226799011,-0.7035325169563293,0.09459340572357178,-0.0014944672584533691
3,28,task_028,paraphrase_test,paraphrase,0,real,-1,2.0,-0.8710914850234985,-0.9537109136581421,-0.08261942863464355,-0.009507536888122559
3,28,task_028,paraphrase_impl,paraphrase,1,real,-1,2.0,-0.7931357622146606,-0.7438082695007324,0.04932749271392822,-0.012660384178161621
3,32,task_032,canonical_test,canonical,0,real,-1,2.0,-1.1508265733718872,-1.1948376893997192,-0.04401111602783203,-0.0072737932205200195
3,32,task_032,canonical_impl,canonical,1,real,-1,2.0,-1.1007401943206787,-0.9378241300582886,0.16291606426239014,0.005774319171905518
3,32,task_032,paraphrase_test,paraphrase,0,real,-1,2.0,-1.1912529468536377,-1.074810266494751,0.11644268035888672,0.016605019569396973
3,32,task_032,paraphrase_impl,paraphrase,1,real,-1,2.0,-1.0967234373092651,-0.8761183619499207,0.22060507535934448,0.008830904960632324
3,36,task_036,canonical_test,canonical,0,real,-1,2.0,-1.2198735475540161,-1.2517982721328735,-0.03192472457885742,-0.0020068883895874023
3,36,task_036,canonical_impl,canonical,1,real,-1,2.0,-1.2526987791061401,-0.942230224609375,0.31046855449676514,0.00022643804550170898
3,36,task_036,paraphrase_test,paraphrase,0,real,-1,2.0,-1.2498230934143066,-1.0875258445739746,0.16229724884033203,0.008135676383972168
3,36,task_036,paraphrase_impl,paraphrase,1,real,-1,2.0,-1.2800370454788208,-0.9545817971229553,0.3254552483558655,-0.005700886249542236
3,40,task_040,canonical_test,canonical,0,real,-1,2.0,-0.8842310309410095,-1.0149520635604858,-0.13072103261947632,-0.01458740234375
3,40,task_040,canonical_impl,canonical,1,real,-1,2.0,-0.8039499521255493,-0.736976683139801,0.06697326898574829,0.004248559474945068
3,40,task_040,paraphrase_test,paraphrase,0,real,-1,2.0,-0.8516215085983276,-0.9692761898040771,-0.11765468120574951,0.0008682012557983398
3,40,task_040,paraphrase_impl,paraphrase,1,real,-1,2.0,-0.7783212065696716,-0.7626904249191284,0.015630781650543213,0.0008493661880493164
3,44,task_044,canonical_test,canonical,0,real,-1,2.0,-1.276566505432129,-1.2836387157440186,-0.0070722103118896484,-0.00538480281829834
3,44,task_044,canonical_impl,canonical,1,real,-1,2.0,-1.2293752431869507,-1.0722442865371704,0.15713095664978027,0.004261016845703125
3,44,task_044,paraphrase_test,paraphrase,0,real,-1,2.0,-1.3184425830841064,-1.2231757640838623,0.09526681900024414,0.008930206298828125
3,44,task_044,paraphrase_impl,paraphrase,1,real,-1,2.0,-1.2053734064102173,-1.0481854677200317,0.15718793869018555,0.0077667236328125
3,0,task_000,canonical_test,canonical,0,same_state,-1,-1.0,-1.2249720096588135,-1.2617928981781006,-0.03682088851928711,-0.008827924728393555
3,0,task_000,canonical_impl,canonical,1,same_state,-1,-1.0,-1.2868328094482422,-0.9143694639205933,0.3724633455276489,0.010616540908813477
3,0,task_000,paraphrase_test,paraphrase,0,same_state,-1,-1.0,-1.3194650411605835,-1.195565938949585,0.12389910221099854,-0.0017178058624267578
3,0,task_000,paraphrase_impl,paraphrase,1,same_state,-1,-1.0,-1.356148600578308,-0.9863681793212891,0.36978042125701904,0.0022618770599365234
3,4,task_004,canonical_test,canonical,0,same_state,-1,-1.0,-0.9723232984542847,-1.0701055526733398,-0.09778225421905518,-0.0028530359268188477
3,4,task_004,canonical_impl,canonical,1,same_state,-1,-1.0,-0.8389999866485596,-0.791022777557373,0.04797720909118652,0.0015956759452819824
3,4,task_004,paraphrase_test,paraphrase,0,same_state,-1,-1.0,-0.9077577590942383,-1.0091290473937988,-0.10137128829956055,-0.0029000043869018555
3,4,task_004,paraphrase_impl,paraphrase,1,same_state,-1,-1.0,-0.8454834222793579,-0.8542755246162415,-0.008792102336883545,-0.008991479873657227
3,8,task_008,canonical_test,canonical,0,same_state,-1,-1.0,-1.2390178442001343,-1.2927323579788208,-0.05371451377868652,0.0022755861282348633
3,8,task_008,canonical_impl,canonical,1,same_state,-1,-1.0,-1.1469440460205078,-1.0132133960723877,0.13373064994812012,0.0028253793716430664
3,8,task_008,paraphrase_test,paraphrase,0,same_state,-1,-1.0,-1.287567377090454,-1.1793220043182373,0.1082453727722168,0.001529097557067871
3,8,task_008,paraphrase_impl,paraphrase,1,same_state,-1,-1.0,-1.1774863004684448,-0.9549153447151184,0.22257095575332642,0.001556694507598877
3,12,task_012,canonical_test,canonical,0,same_state,-1,-1.0,-1.274682879447937,-1.2978978157043457,-0.02321493625640869,-0.003659844398498535
3,12,task_012,canonical_impl,canonical,1,same_state,-1,-1.0,-1.317631721496582,-1.0320380926132202,0.2855936288833618,0.0025690793991088867
3,12,task_012,paraphrase_test,paraphrase,0,same_state,-1,-1.0,-1.3127093315124512,-1.1391319036483765,0.1735774278640747,-0.006907224655151367
3,12,task_012,paraphrase_impl,paraphrase,1,same_state,-1,-1.0,-1.374443769454956,-1.0284512042999268,0.3459925651550293,0.0012923479080200195
3,16,task_016,canonical_test,canonical,0,same_state,-1,-1.0,-0.8928501605987549,-1.0136960744857788,-0.12084591388702393,-0.009312629699707031
3,16,task_016,canonical_impl,canonical,1,same_state,-1,-1.0,-0.842117428779602,-0.7637987732887268,0.07831865549087524,-0.0011096000671386719
3,16,task_016,paraphrase_test,paraphrase,0,same_state,-1,-1.0,-0.9270486235618591,-0.9783152341842651,-0.051266610622406006,-0.00042885541915893555
3,16,task_016,paraphrase_impl,paraphrase,1,same_state,-1,-1.0,-0.8385497331619263,-0.7683919668197632,0.07015776634216309,-0.004296004772186279
3,20,task_020,canonical_test,canonical,0,same_state,-1,-1.0,-1.2773383855819702,-1.2319656610488892,0.045372724533081055,0.0018311738967895508
3,20,task_020,canonical_impl,canonical,1,same_state,-1,-1.0,-1.2500250339508057,-1.0141451358795166,0.23587989807128906,0.0014988183975219727
3,20,task_020,paraphrase_test,paraphrase,0,same_state,-1,-1.0,-1.3364262580871582,-1.1769459247589111,0.15948033332824707,-0.006241321563720703
3,20,task_020,paraphrase_impl,paraphrase,1,same_state,-1,-1.0,-1.2540090084075928,-0.9790326356887817,0.27497637271881104,0.0010547637939453125
3,24,task_024,canonical_test,canonical,0,same_state,-1,-1.0,-1.2729061841964722,-1.2738990783691406,-0.000992894172668457,0.008030891418457031
3,24,task_024,canonical_impl,canonical,1,same_state,-1,-1.0,-1.365732192993164,-1.0073546171188354,0.3583775758743286,0.0009332895278930664
3,24,task_024,paraphrase_test,paraphrase,0,same_state,-1,-1.0,-1.3453261852264404,-1.140381932258606,0.20494425296783447,-0.0011421442031860352
3,24,task_024,paraphrase_impl,paraphrase,1,same_state,-1,-1.0,-1.3879560232162476,-0.9865842461585999,0.4013717770576477,0.0027350783348083496
3,28,task_028,canonical_test,canonical,0,same_state,-1,-1.0,-0.9129596948623657,-0.976620614528656,-0.06366091966629028,-0.008957743644714355
3,28,task_028,canonical_impl,canonical,1,same_state,-1,-1.0,-0.828546404838562,-0.7325044870376587,0.09604191780090332,-4.595518112182617e-05
3,28,task_028,paraphrase_test,paraphrase,0,same_state,-1,-1.0,-0.9245280623435974,-0.9988775849342346,-0.07434952259063721,-0.001237630844116211
3,28,task_028,paraphrase_impl,paraphrase,1,same_state,-1,-1.0,-0.8505488634109497,-0.7990682125091553,0.051480650901794434,-0.01050722599029541
3,32,task_032,canonical_test,canonical,0,same_state,-1,-1.0,-1.1930639743804932,-1.224663496017456,-0.03159952163696289,0.005137801170349121
3,32,task_032,canonical_impl,canonical,1,same_state,-1,-1.0,-1.1150398254394531,-0.962496280670166,0.1525435447692871,-0.00459820032119751
3,32,task_032,paraphrase_test,paraphrase,0,same_state,-1,-1.0,-1.2402207851409912,-1.1388096809387207,0.10141110420227051,0.0015734434127807617
3,32,task_032,paraphrase_impl,paraphrase,1,same_state,-1,-1.0,-1.116490364074707,-0.9050437808036804,0.2114465832710266,-0.0003275871276855469
3,36,task_036,canonical_test,canonical,0,same_state,-1,-1.0,-1.2496085166931152,-1.28010892868042,-0.030500411987304688,-0.000582575798034668
3,36,task_036,canonical_impl,canonical,1,same_state,-1,-1.0,-1.2820403575897217,-0.9701414704322815,0.3118988871574402,0.0016567707061767578
3,36,task_036,paraphrase_test,paraphrase,0,same_state,-1,-1.0,-1.2753548622131348,-1.1201016902923584,0.15525317192077637,0.001091599464416504
3,36,task_036,paraphrase_impl,paraphrase,1,same_state,-1,-1.0,-1.321373462677002,-0.9911866784095764,0.33018678426742554,-0.0009693503379821777
3,40,task_040,canonical_test,canonical,0,same_state,-1,-1.0,-0.9092394113540649,-1.0327163934707642,-0.12347698211669922,-0.0073433518409729
3,40,task_040,canonical_impl,canonical,1,same_state,-1,-1.0,-0.8207260966300964,-0.7562182545661926,0.06450784206390381,0.001783132553100586
3,40,task_040,paraphrase_test,paraphrase,0,same_state,-1,-1.0,-0.8920762538909912,-1.0126874446868896,-0.12061119079589844,-0.002088308334350586
3,40,task_040,paraphrase_impl,paraphrase,1,same_state,-1,-1.0,-0.8224149942398071,-0.8085365295410156,0.013878464698791504,-0.0009029507637023926
3,44,task_044,canonical_test,canonical,0,same_state,-1,-1.0,-1.2977862358093262,-1.2986102104187012,-0.000823974609375,0.0008634328842163086
3,44,task_044,canonical_impl,canonical,1,same_state,-1,-1.0,-1.2477120161056519,-1.093201756477356,0.1545102596282959,0.00164031982421875
3,44,task_044,paraphrase_test,paraphrase,0,same_state,-1,-1.0,-1.3636554479599,-1.277031421661377,0.08662402629852295,0.0002874135971069336
3,44,task_044,paraphrase_impl,paraphrase,1,same_state,-1,-1.0,-1.2535340785980225,-1.1045974493026733,0.14893662929534912,-0.0004845857620239258
3,0,task_000,canonical_test,canonical,0,same_state,-1,1.0,-1.2388617992401123,-1.271605372428894,-0.03274357318878174,-0.004750609397888184
3,0,task_000,canonical_impl,canonical,1,same_state,-1,1.0,-1.2695890665054321,-0.9097365140914917,0.35985255241394043,-0.0019942522048950195
3,0,task_000,paraphrase_test,paraphrase,0,same_state,-1,1.0,-1.3163609504699707,-1.185941219329834,0.13041973114013672,0.004802823066711426
3,0,task_000,paraphrase_impl,paraphrase,1,same_state,-1,1.0,-1.3555772304534912,-0.9785836338996887,0.3769935965538025,0.00947505235671997
3,4,task_004,canonical_test,canonical,0,same_state,-1,1.0,-0.9830660223960876,-1.0776879787445068,-0.09462195634841919,0.00030726194381713867
3,4,task_004,canonical_impl,canonical,1,same_state,-1,1.0,-0.8376051187515259,-0.790039598941803,0.0475655198097229,0.0011839866638183594
3,4,task_004,paraphrase_test,paraphrase,0,same_state,-1,1.0,-0.9125866889953613,-1.0125075578689575,-0.09992086887359619,-0.0014495849609375
3,4,task_004,paraphrase_impl,paraphrase,1,same_state,-1,1.0,-0.8603095412254333,-0.8572954535484314,0.003014087677001953,0.0028147101402282715
3,8,task_008,canonical_test,canonical,0,same_state,-1,1.0,-1.2386178970336914,-1.2920150756835938,-0.053397178649902344,0.002592921257019043
3,8,task_008,canonical_impl,canonical,1,same_state,-1,1.0,-1.1356276273727417,-0.9980849027633667,0.137542724609375,0.006637454032897949
3,8,task_008,paraphrase_test,paraphrase,0,same_state,-1,1.0,-1.287376880645752,-1.179184913635254,0.10819196701049805,0.001475691795349121
3,8,task_008,paraphrase_impl,paraphrase,1,same_state,-1,1.0,-1.1720051765441895,-0.9435226321220398,0.22848254442214966,0.007468283176422119
3,12,task_012,canonical_test,canonical,0,same_state,-1,1.0,-1.2897320985794067,-1.308519721031189,-0.018787622451782227,0.0007674694061279297
3,12,task_012,canonical_impl,canonical,1,same_state,-1,1.0,-1.3069570064544678,-1.0245556831359863,0.28240132331848145,-0.0006232261657714844
3,12,task_012,paraphrase_test,paraphrase,0,same_state,-1,1.0,-1.3107212781906128,-1.1376800537109375,0.1730412244796753,-0.007443428039550781
3,12,task_012,paraphrase_impl,paraphrase,1,same_state,-1,1.0,-1.3731842041015625,-1.027598261833191,0.3455859422683716,0.0008857250213623047
3,16,task_016,canonical_test,canonical,0,same_state,-1,1.0,-0.9092275500297546,-1.017789363861084,-0.10856181383132935,0.002971470355987549
3,16,task_016,canonical_impl,canonical,1,same_state,-1,1.0,-0.8408414125442505,-0.7628942728042603,0.07794713973999023,-0.0014811158180236816
3,16,task_016,paraphrase_test,paraphrase,0,same_state,-1,1.0,-0.9315897822380066,-0.9742523431777954,-0.04266256093978882,0.008175194263458252
3,16,task_016,paraphrase_impl,paraphrase,1,same_state,-1,1.0,-0.8527181148529053,-0.7784364223480225,0.07428169250488281,-0.00017207860946655273
3,20,task_020,canonical_test,canonical,0,same_state,-1,1.0,-1.274627685546875,-1.2300333976745605,0.04459428787231445,0.0010527372360229492
3,20,task_020,canonical_impl,canonical,1,same_state,-1,1.0,-1.239889144897461,-1.0069721937179565,0.2329169511795044,-0.0014641284942626953
3,20,task_020,paraphrase_test,paraphrase,0,same_state,-1,1.0,-1.3375451564788818,-1.1703633069992065,0.1671818494796753,0.0014601945877075195
3,20,task_020,paraphrase_impl,paraphrase,1,same_state,-1,1.0,-1.248052954673767,-0.9750039577484131,0.273048996925354,-0.0008726119995117188
3,24,task_024,canonical_test,canonical,0,same_state,-1,1.0,-1.2819170951843262,-1.2806904315948486,0.001226663589477539,0.010250449180603027
3,24,task_024,canonical_impl,canonical,1,same_state,-1,1.0,-1.3485721349716187,-0.9952515959739685,0.35332053899765015,-0.0041237473487854
3,24,task_024,paraphrase_test,paraphrase,0,same_state,-1,1.0,-1.3354177474975586,-1.1329771280288696,0.20244061946868896,-0.003645777702331543
3,24,task_024,paraphrase_impl,paraphrase,1,same_state,-1,1.0,-1.3772544860839844,-0.9791851043701172,0.3980693817138672,-0.000567317008972168
3,28,task_028,canonical_test,canonical,0,same_state,-1,1.0,-0.9278764128684998,-0.9796704649925232,-0.05179405212402344,0.0029091238975524902
3,28,task_028,canonical_impl,canonical,1,same_state,-1,1.0,-0.8228414058685303,-0.7283953428268433,0.09444606304168701,-0.0016418099403381348
3,28,task_028,paraphrase_test,paraphrase,0,same_state,-1,1.0,-0.9294227957725525,-0.9949648380279541,-0.06554204225540161,0.007569849491119385
3,28,task_028,paraphrase_impl,paraphrase,1,same_state,-1,1.0,-0.8700962066650391,-0.812847375869751,0.057248830795288086,-0.004739046096801758
3,32,task_032,canonical_test,canonical,0,same_state,-1,1.0,-1.1976208686828613,-1.2346762418746948,-0.037055373191833496,-0.0003180503845214844
3,32,task_032,canonical_impl,canonical,1,same_state,-1,1.0,-1.1149001121520996,-0.9550479650497437,0.15985214710235596,0.002710402011871338
3,32,task_032,paraphrase_test,paraphrase,0,same_state,-1,1.0,-1.2396312952041626,-1.1383941173553467,0.10123717784881592,0.0013995170593261719
3,32,task_032,paraphrase_impl,paraphrase,1,same_state,-1,1.0,-1.1279561519622803,-0.9131255745887756,0.21483057737350464,0.0030564069747924805
3,36,task_036,canonical_test,canonical,0,same_state,-1,1.0,-1.2489666938781738,-1.2796638011932373,-0.030697107315063477,-0.000779271125793457
3,36,task_036,canonical_impl,canonical,1,same_state,-1,1.0,-1.279594898223877,-0.9684514403343201,0.3111434578895569,0.000901341438293457
3,36,task_036,paraphrase_test,paraphrase,0,same_state,-1,1.0,-1.2666771411895752,-1.1137864589691162,0.15289068222045898,-0.001270890235900879
3,36,task_036,paraphrase_impl,paraphrase,1,same_state,-1,1.0,-1.314077615737915,-0.9861351251602173,0.32794249057769775,-0.003213644027709961
3,40,task_040,canonical_test,canonical,0,same_state,-1,1.0,-0.9089020490646362,-1.0252398252487183,-0.11633777618408203,-0.0002041459083557129
3,40,task_040,canonical_impl,canonical,1,same_state,-1,1.0,-0.8043639659881592,-0.7445178031921387,0.05984616279602051,-0.002878546714782715
3,40,task_040,paraphrase_test,paraphrase,0,same_state,-1,1.0,-0.8959572315216064,-1.015419363975525,-0.11946213245391846,-0.0009392499923706055
3,40,task_040,paraphrase_impl,paraphrase,1,same_state,-1,1.0,-0.8318047523498535,-0.8078687191009521,0.023936033248901367,0.00915461778640747
3,44,task_044,canonical_test,canonical,0,same_state,-1,1.0,-1.3026437759399414,-1.3020564317703247,0.0005873441696166992,0.002274751663208008
3,44,task_044,canonical_impl,canonical,1,same_state,-1,1.0,-1.2369208335876465,-1.084940791130066,0.15198004245758057,-0.000889897346496582
3,44,task_044,paraphrase_test,paraphrase,0,same_state,-1,1.0,-1.3591116666793823,-1.2677407264709473,0.09137094020843506,0.005034327507019043
3,44,task_044,paraphrase_impl,paraphrase,1,same_state,-1,1.0,-1.2477034330368042,-1.0926300287246704,0.1550734043121338,0.005652189254760742
3,0,task_000,canonical_test,canonical,0,random,0,-1.0,-1.2345731258392334,-1.2686015367507935,-0.03402841091156006,-0.006035447120666504
3,0,task_000,canonical_impl,canonical,1,random,0,-1.0,-1.2797257900238037,-0.9096964597702026,0.3700293302536011,0.008182525634765625
3,0,task_000,paraphrase_test,paraphrase,0,random,0,-1.0,-1.3267109394073486,-1.2006332874298096,0.12607765197753906,0.00046074390411376953
3,0,task_000,paraphrase_impl,paraphrase,1,random,0,-1.0,-1.340780258178711,-0.9754912257194519,0.36528903245925903,-0.0022295117378234863
3,4,task_004,canonical_test,canonical,0,random,0,-1.0,-0.9718939661979675,-1.0697952508926392,-0.09790128469467163,-0.0029720664024353027
3,4,task_004,canonical_impl,canonical,1,random,0,-1.0,-0.8330854177474976,-0.7871307730674744,0.04595464468002319,-0.00042688846588134766
3,4,task_004,paraphrase_test,paraphrase,0,random,0,-1.0,-0.9127087593078613,-1.0126087665557861,-0.0999000072479248,-0.0014287233352661133
3,4,task_004,paraphrase_impl,paraphrase,1,random,0,-1.0,-0.8460713624954224,-0.8399705290794373,0.006100833415985107,0.005901455879211426
3,8,task_008,canonical_test,canonical,0,random,0,-1.0,-1.2285468578338623,-1.2848925590515137,-0.05634570121765137,-0.00035560131072998047
3,8,task_008,canonical_impl,canonical,1,random,0,-1.0,-1.1538931131362915,-1.0183395147323608,0.13555359840393066,0.004648327827453613
3,8,task_008,paraphrase_test,paraphrase,0,random,0,-1.0,-1.2725160121917725,-1.1686965227127075,0.10381948947906494,-0.0028967857360839844
3,8,task_008,paraphrase_impl,paraphrase,1,random,0,-1.0,-1.1611307859420776,-0.9431877136230469,0.21794307231903076,-0.0030711889266967773
3,12,task_012,canonical_test,canonical,0,random,0,-1.0,-1.284759283065796,-1.3050270080566406,-0.020267724990844727,-0.0007126331329345703
3,12,task_012,canonical_impl,canonical,1,random,0,-1.0,-1.3174233436584473,-1.0318825244903564,0.2855408191680908,0.0025162696838378906
3,12,task_012,paraphrase_test,paraphrase,0,random,0,-1.0,-1.3116958141326904,-1.138417363166809,0.17327845096588135,-0.0072062015533447266
3,12,task_012,paraphrase_impl,paraphrase,1,random,0,-1.0,-1.3672120571136475,-1.023380994796753,0.34383106231689453,-0.0008691549301147461
3,16,task_016,canonical_test,canonical,0,random,0,-1.0,-0.9092608690261841,-1.0179311037063599,-0.10867023468017578,0.0028630495071411133
3,16,task_016,canonical_impl,canonical,1,random,0,-1.0,-0.8364133834838867,-0.7597671151161194,0.07664626836776733,-0.002781987190246582
3,16,task_016,paraphrase_test,paraphrase,0,random,0,-1.0,-0.9241942167282104,-0.9689398407936096,-0.04474562406539917,0.0060921311378479
3,16,task_016,paraphrase_impl,paraphrase,1,random,0,-1.0,-0.8402315974235535,-0.7622801661491394,0.07795143127441406,0.0034976601600646973
3,20,task_020,canonical_test,canonical,0,random,0,-1.0,-1.2843436002731323,-1.236287236213684,0.04805636405944824,0.004514813423156738
3,20,task_020,canonical_impl,canonical,1,random,0,-1.0,-1.2500184774398804,-1.0204075574874878,0.22961091995239258,-0.004770159721374512
3,20,task_020,paraphrase_test,paraphrase,0,random,0,-1.0,-1.3318265676498413,-1.1732810735702515,0.15854549407958984,-0.00717616081237793
3,20,task_020,paraphrase_impl,paraphrase,1,random,0,-1.0,-1.2452561855316162,-0.9728570580482483,0.2723991274833679,-0.0015224814414978027
3,24,task_024,canonical_test,canonical,0,random,0,-1.0,-1.2723137140274048,-1.2739320993423462,-0.0016183853149414062,0.007405400276184082
3,24,task_024,canonical_impl,canonical,1,random,0,-1.0,-1.3711780309677124,-1.0111265182495117,0.3600515127182007,0.0026072263717651367
3,24,task_024,paraphrase_test,paraphrase,0,random,0,-1.0,-1.3471972942352295,-1.1415084600448608,0.20568883419036865,-0.00039756298065185547
3,24,task_024,paraphrase_impl,paraphrase,1,random,0,-1.0,-1.3774179220199585,-0.9791590571403503,0.39825886487960815,-0.00037783384323120117
3,28,task_028,canonical_test,canonical,0,random,0,-1.0,-0.9182278513908386,-0.9731236696243286,-0.05489581823348999,-0.0001926422119140625
3,28,task_028,canonical_impl,canonical,1,random,0,-1.0,-0.823492169380188,-0.7288526892662048,0.09463948011398315,-0.0014483928680419922
3,28,task_028,paraphrase_test,paraphrase,0,random,0,-1.0,-0.9235907793045044,-0.9982014894485474,-0.07461071014404297,-0.0014988183975219727
3,28,task_028,paraphrase_impl,paraphrase,1,random,0,-1.0,-0.8597704768180847,-0.8056478500366211,0.05412262678146362,-0.00786525011062622
3,32,task_032,canonical_test,canonical,0,random,0,-1.0,-1.2026742696762085,-1.2382619380950928,-0.03558766841888428,0.0011496543884277344
3,32,task_032,canonical_impl,canonical,1,random,0,-1.0,-1.114771842956543,-0.9618774652481079,0.15289437770843506,-0.0042473673820495605
3,32,task_032,paraphrase_test,paraphrase,0,random,0,-1.0,-1.2159154415130615,-1.11411452293396,0.10180091857910156,0.0019632577896118164
3,32,task_032,paraphrase_impl,paraphrase,1,random,0,-1.0,-1.1134588718414307,-0.9028134346008301,0.21064543724060059,-0.0011287331581115723
3,36,task_036,canonical_test,canonical,0,random,0,-1.0,-1.262955665588379,-1.2890249490737915,-0.026069283485412598,0.003848552703857422
3,36,task_036,canonical_impl,canonical,1,random,0,-1.0,-1.2854480743408203,-0.9730697274208069,0.3123783469200134,0.00213623046875
3,36,task_036,paraphrase_test,paraphrase,0,random,0,-1.0,-1.2691075801849365,-1.1228721141815186,0.14623546600341797,-0.007926106452941895
3,36,task_036,paraphrase_impl,paraphrase,1,random,0,-1.0,-1.31691575050354,-0.9880325198173523,0.32888323068618774,-0.0022729039192199707
3,40,task_040,canonical_test,canonical,0,random,0,-1.0,-0.918778657913208,-1.0395700931549072,-0.12079143524169922,-0.0046578049659729
3,40,task_040,canonical_impl,canonical,1,random,0,-1.0,-0.8101949095726013,-0.7412793636322021,0.06891554594039917,0.006190836429595947
3,40,task_040,paraphrase_test,paraphrase,0,random,0,-1.0,-0.8938170671463013,-1.0065603256225586,-0.11274325847625732,0.005779623985290527
3,40,task_040,paraphrase_impl,paraphrase,1,random,0,-1.0,-0.826012372970581,-0.8110643029212952,0.014948070049285889,0.0001666545867919922
3,44,task_044,canonical_test,canonical,0,random,0,-1.0,-1.3042033910751343,-1.3031774759292603,0.0010259151458740234,0.002713322639465332
3,44,task_044,canonical_impl,canonical,1,random,0,-1.0,-1.2530736923217773,-1.0954463481903076,0.15762734413146973,0.004757404327392578
3,44,task_044,paraphrase_test,paraphrase,0,random,0,-1.0,-1.3493826389312744,-1.26749849319458,0.08188414573669434,-0.00445246696472168
3,44,task_044,paraphrase_impl,paraphrase,1,random,0,-1.0,-1.242832899093628,-1.096543312072754,0.14628958702087402,-0.0031316280364990234
3,0,task_000,canonical_test,canonical,0,random,0,1.0,-1.2197723388671875,-1.2578617334365845,-0.03808939456939697,-0.010096430778503418
3,0,task_000,canonical_impl,canonical,1,random,0,1.0,-1.275710940361023,-0.9068599343299866,0.3688510060310364,0.007004201412200928
3,0,task_000,paraphrase_test,paraphrase,0,random,0,1.0,-1.323668360710144,-1.1984835863113403,0.1251847743988037,-0.00043213367462158203
3,0,task_000,paraphrase_impl,paraphrase,1,random,0,1.0,-1.353550672531128,-0.984508752822876,0.36904191970825195,0.0015233755111694336
3,4,task_004,canonical_test,canonical,0,random,0,1.0,-0.9721969366073608,-1.07001793384552,-0.09782099723815918,-0.0028917789459228516
3,4,task_004,canonical_impl,canonical,1,random,0,1.0,-0.8432397842407227,-0.794296383857727,0.048943400382995605,0.0025618672370910645
3,4,task_004,paraphrase_test,paraphrase,0,random,0,1.0,-0.9176439046859741,-1.0160943269729614,-0.0984504222869873,2.086162567138672e-05
3,4,task_004,paraphrase_impl,paraphrase,1,random,0,1.0,-0.8558152914047241,-0.8542670011520386,0.0015482902526855469,0.0013489127159118652
3,8,task_008,canonical_test,canonical,0,random,0,1.0,-1.2297134399414062,-1.2861663103103638,-0.05645287036895752,-0.0004627704620361328
3,8,task_008,canonical_impl,canonical,1,random,0,1.0,-1.1541556119918823,-1.0184937715530396,0.13566184043884277,0.004756569862365723
3,8,task_008,paraphrase_test,paraphrase,0,random,0,1.0,-1.2928130626678467,-1.1903645992279053,0.1024484634399414,-0.0042678117752075195
3,8,task_008,paraphrase_impl,paraphrase,1,random,0,1.0,-1.1734013557434082,-0.9520570039749146,0.22134435176849365,0.0003300905227661133
3,12,task_012,canonical_test,canonical,0,random,0,1.0,-1.284196376800537,-1.3045976161956787,-0.0204012393951416,-0.0008461475372314453
3,12,task_012,canonical_impl,canonical,1,random,0,1.0,-1.3227075338363647,-1.0357775688171387,0.2869299650192261,0.0039054155349731445
3,12,task_012,paraphrase_test,paraphrase,0,random,0,1.0,-1.3086501359939575,-1.1362667083740234,0.17238342761993408,-0.008101224899291992
3,12,task_012,paraphrase_impl,paraphrase,1,random,0,1.0,-1.377239465713501,-1.0304579734802246,0.34678149223327637,0.00208127498626709
3,16,task_016,canonical_test,canonical,0,random,0,1.0,-0.8977364897727966,-1.0171443223953247,-0.11940783262252808,-0.007874548435211182
3,16,task_016,canonical_impl,canonical,1,random,0,1.0,-0.841710090637207,-0.7635076642036438,0.07820242643356323,-0.0012258291244506836
3,16,task_016,paraphrase_test,paraphrase,0,random,0,1.0,-0.929417073726654,-0.9799935817718506,-0.05057650804519653,0.0002612471580505371
3,16,task_016,paraphrase_impl,paraphrase,1,random,0,1.0,-0.8580870628356934,-0.7821057438850403,0.07598131895065308,0.001527547836303711
3,20,task_020,canonical_test,canonical,0,random,0,1.0,-1.2698915004730225,-1.226702332496643,0.043189167976379395,-0.0003523826599121094
3,20,task_020,canonical_impl,canonical,1,random,0,1.0,-1.2445898056030273,-1.0170642137527466,0.22752559185028076,-0.006855487823486328
3,20,task_020,paraphrase_test,paraphrase,0,random,0,1.0,-1.3550183773040771,-1.1827181577682495,0.17230021953582764,0.006578564643859863
3,20,task_020,paraphrase_impl,paraphrase,1,random,0,1.0,-1.25778329372406,-0.9817293882369995,0.27605390548706055,0.0021322965621948242
3,24,task_024,canonical_test,canonical,0,random,0,1.0,-1.2654123306274414,-1.2685941457748413,-0.0031818151473999023,0.005841970443725586
3,24,task_024,canonical_impl,canonical,1,random,0,1.0,-1.3407529592514038,-0.9892513155937195,0.3515016436576843,-0.005942642688751221
3,24,task_024,paraphrase_test,paraphrase,0,random,0,1.0,-1.3498032093048096,-1.1434317827224731,0.20637142658233643,0.00028502941131591797
3,24,task_024,paraphrase_impl,paraphrase,1,random,0,1.0,-1.3863954544067383,-0.9854906797409058,0.4009047746658325,0.002268075942993164
3,28,task_028,canonical_test,canonical,0,random,0,1.0,-0.9130434393882751,-0.9693183898925781,-0.05627495050430298,-0.0015717744827270508
3,28,task_028,canonical_impl,canonical,1,random,0,1.0,-0.8234869837760925,-0.7288497090339661,0.09463727474212646,-0.0014505982398986816
3,28,task_028,paraphrase_test,paraphrase,0,random,0,1.0,-0.9293684363365173,-1.0021377801895142,-0.07276934385299683,0.0003425478935241699
3,28,task_028,paraphrase_impl,paraphrase,1,random,0,1.0,-0.8654493689537048,-0.8095861077308655,0.055863261222839355,-0.006124615669250488
3,32,task_032,canonical_test,canonical,0,random,0,1.0,-1.1937204599380493,-1.2245692014694214,-0.03084874153137207,0.005888581275939941
3,32,task_032,canonical_impl,canonical,1,random,0,1.0,-1.1002445220947266,-0.9520707726478577,0.1481737494468689,-0.008967995643615723
3,32,task_032,paraphrase_test,paraphrase,0,random,0,1.0,-1.2518811225891113,-1.140062689781189,0.11181843280792236,0.011980772018432617
3,32,task_032,paraphrase_impl,paraphrase,1,random,0,1.0,-1.1294562816619873,-0.913811981678009,0.21564429998397827,0.0038701295852661133
3,36,task_036,canonical_test,canonical,0,random,0,1.0,-1.2469778060913086,-1.2851368188858032,-0.03815901279449463,-0.00824117660522461
3,36,task_036,canonical_impl,canonical,1,random,0,1.0,-1.2812131643295288,-0.9700230956077576,0.31119006872177124,0.0009479522705078125
3,36,task_036,paraphrase_test,paraphrase,0,random,0,1.0,-1.2812464237213135,-1.1316781044006348,0.1495683193206787,-0.004593253135681152
3,36,task_036,paraphrase_impl,paraphrase,1,random,0,1.0,-1.3190486431121826,-0.9895379543304443,0.3295106887817383,-0.0016454458236694336
3,40,task_040,canonical_test,canonical,0,random,0,1.0,-0.9107891917228699,-1.0263396501541138,-0.1155504584312439,0.0005831718444824219
3,40,task_040,canonical_impl,canonical,1,random,0,1.0,-0.8245036005973816,-0.7588375210762024,0.0656660795211792,0.0029413700103759766
3,40,task_040,paraphrase_test,paraphrase,0,random,0,1.0,-0.8994144797325134,-1.017873764038086,-0.11845928430557251,6.35981559753418e-05
3,40,task_040,paraphrase_impl,paraphrase,1,random,0,1.0,-0.8367754817008972,-0.8113787770271301,0.02539670467376709,0.010615289211273193
3,44,task_044,canonical_test,canonical,0,random,0,1.0,-1.297750473022461,-1.2985948324203491,-0.0008443593978881836,0.000843048095703125
3,44,task_044,canonical_impl,canonical,1,random,0,1.0,-1.2369070053100586,-1.0840544700622559,0.15285253524780273,-1.7404556274414062e-05
3,44,task_044,paraphrase_test,paraphrase,0,random,0,1.0,-1.3667182922363281,-1.2798452377319336,0.08687305450439453,0.0005364418029785156
3,44,task_044,paraphrase_impl,paraphrase,1,random,0,1.0,-1.2485252618789673,-1.1005889177322388,0.14793634414672852,-0.0014848709106445312
3,0,task_000,canonical_test,canonical,0,random,1,-1.0,-1.2247412204742432,-1.2540428638458252,-0.02930164337158203,-0.0013086795806884766
3,0,task_000,canonical_impl,canonical,1,random,1,-1.0,-1.2858095169067383,-0.913650393486023,0.37215912342071533,0.010312318801879883
3,0,task_000,paraphrase_test,paraphrase,0,random,1,-1.0,-1.3245975971221924,-1.199140191078186,0.12545740604400635,-0.0001595020294189453
3,0,task_000,paraphrase_impl,paraphrase,1,random,1,-1.0,-1.3536105155944824,-0.9845780730247498,0.36903244256973267,0.0015138983726501465
3,4,task_004,canonical_test,canonical,0,random,1,-1.0,-0.9768198728561401,-1.073259711265564,-0.09643983840942383,-0.0015106201171875
3,4,task_004,canonical_impl,canonical,1,random,1,-1.0,-0.8384055495262146,-0.790605366230011,0.04780018329620361,0.0014186501502990723
3,4,task_004,paraphrase_test,paraphrase,0,random,1,-1.0,-0.9181913733482361,-1.0164786577224731,-0.09828728437423706,0.00018399953842163086
3,4,task_004,paraphrase_impl,paraphrase,1,random,1,-1.0,-0.8512636423110962,-0.8437884449958801,0.0074751973152160645,0.007275819778442383
3,8,task_008,canonical_test,canonical,0,random,1,-1.0,-1.2336293458938599,-1.2884783744812012,-0.05484902858734131,0.0011410713195800781
3,8,task_008,canonical_impl,canonical,1,random,1,-1.0,-1.1502933502197266,-1.0161099433898926,0.13418340682983398,0.0032781362533569336
3,8,task_008,paraphrase_test,paraphrase,0,random,1,-1.0,-1.2927722930908203,-1.190346121788025,0.10242617130279541,-0.004290103912353516
3,8,task_008,paraphrase_impl,paraphrase,1,random,1,-1.0,-1.1719863414764404,-0.9510509371757507,0.2209354043006897,-7.88569450378418e-05
3,12,task_012,canonical_test,canonical,0,random,1,-1.0,-1.2864599227905273,-1.306177020072937,-0.019717097282409668,-0.00016200542449951172
3,12,task_012,canonical_impl,canonical,1,random,1,-1.0,-1.3171641826629639,-1.031708836555481,0.2854553461074829,0.0024307966232299805
3,12,task_012,paraphrase_test,paraphrase,0,random,1,-1.0,-1.322066068649292,-1.14569091796875,0.176375150680542,-0.004109501838684082
3,12,task_012,paraphrase_impl,paraphrase,1,random,1,-1.0,-1.3750667572021484,-1.0289254188537598,0.34614133834838867,0.0014411211013793945
3,16,task_016,canonical_test,canonical,0,random,1,-1.0,-0.8998005390167236,-1.0111281871795654,-0.1113276481628418,0.00020563602447509766
3,16,task_016,canonical_impl,canonical,1,random,1,-1.0,-0.8461121916770935,-0.7665355801582336,0.07957661151885986,0.00014835596084594727
3,16,task_016,paraphrase_test,paraphrase,0,random,1,-1.0,-0.9290062189102173,-0.9723499417304993,-0.04334372282028198,0.007494032382965088
3,16,task_016,paraphrase_impl,paraphrase,1,random,1,-1.0,-0.8533279299736023,-0.7714579105377197,0.08187001943588257,0.007416248321533203
3,20,task_020,canonical_test,canonical,0,random,1,-1.0,-1.2697103023529053,-1.2265788316726685,0.043131470680236816,-0.0004100799560546875
3,20,task_020,canonical_impl,canonical,1,random,1,-1.0,-1.2440546751022339,-1.0167996883392334,0.2272549867630005,-0.0071260929107666016
3,20,task_020,paraphrase_test,paraphrase,0,random,1,-1.0,-1.3553565740585327,-1.1835464239120483,0.17181015014648438,0.0060884952545166016
3,20,task_020,paraphrase_impl,paraphrase,1,random,1,-1.0,-1.2663923501968384,-0.9877747893333435,0.2786175608634949,0.00469595193862915
3,24,task_024,canonical_test,canonical,0,random,1,-1.0,-1.2729158401489258,-1.274302363395691,-0.0013865232467651367,0.0076372623443603516
3,24,task_024,canonical_impl,canonical,1,random,1,-1.0,-1.3654544353485107,-1.0071502923965454,0.35830414295196533,0.0008598566055297852
3,24,task_024,paraphrase_test,paraphrase,0,random,1,-1.0,-1.3539116382598877,-1.1389541625976562,0.21495747566223145,0.008871078491210938
3,24,task_024,paraphrase_impl,paraphrase,1,random,1,-1.0,-1.383371114730835,-0.9834061861038208,0.39996492862701416,0.0013282299041748047
3,28,task_028,canonical_test,canonical,0,random,1,-1.0,-0.9180643558502197,-0.9727531671524048,-0.05468881130218506,1.436471939086914e-05
3,28,task_028,canonical_impl,canonical,1,random,1,-1.0,-0.8283249735832214,-0.7323519587516785,0.09597301483154297,-0.00011485815048217773
3,28,task_028,paraphrase_test,paraphrase,0,random,1,-1.0,-0.934036135673523,-1.0055822134017944,-0.07154607772827148,0.0015658140182495117
3,28,task_028,paraphrase_impl,paraphrase,1,random,1,-1.0,-0.8654631972312927,-0.809594452381134,0.05586874485015869,-0.006119132041931152
3,32,task_032,canonical_test,canonical,0,random,1,-1.0,-1.1875395774841309,-1.2275817394256592,-0.04004216194152832,-0.0033048391342163086
3,32,task_032,canonical_impl,canonical,1,random,1,-1.0,-1.1156041622161865,-0.9624970555305481,0.15310710668563843,-0.004034638404846191
3,32,task_032,paraphrase_test,paraphrase,0,random,1,-1.0,-1.2359106540679932,-1.1278547048568726,0.1080559492111206,0.00821828842163086
3,32,task_032,paraphrase_impl,paraphrase,1,random,1,-1.0,-1.1286494731903076,-0.9132437109947205,0.21540576219558716,0.003631591796875
3,36,task_036,canonical_test,canonical,0,random,1,-1.0,-1.2549734115600586,-1.2834506034851074,-0.028477191925048828,0.0014406442642211914
3,36,task_036,canonical_impl,canonical,1,random,1,-1.0,-1.2905910015106201,-0.9762009978294373,0.31439000368118286,0.004147887229919434
3,36,task_036,paraphrase_test,paraphrase,0,random,1,-1.0,-1.2855333089828491,-1.1271945238113403,0.1583387851715088,0.004177212715148926
3,36,task_036,paraphrase_impl,paraphrase,1,random,1,-1.0,-1.3240091800689697,-0.9930404424667358,0.3309687376022339,-0.00018739700317382812
3,40,task_040,canonical_test,canonical,0,random,1,-1.0,-0.9039430022239685,-1.0290954113006592,-0.12515240907669067,-0.009018778800964355
3,40,task_040,canonical_impl,canonical,1,random,1,-1.0,-0.8149368166923523,-0.7446336150169373,0.07030320167541504,0.007578492164611816
3,40,task_040,paraphrase_test,paraphrase,0,random,1,-1.0,-0.894966721534729,-1.0146418809890747,-0.1196751594543457,-0.0011522769927978516
3,40,task_040,paraphrase_impl,paraphrase,1,random,1,-1.0,-0.8414349555969238,-0.8220210671424866,0.019413888454437256,0.004632472991943359
3,44,task_044,canonical_test,canonical,0,random,1,-1.0,-1.2923911809921265,-1.2948458194732666,-0.0024546384811401367,-0.0007672309875488281
3,44,task_044,canonical_impl,canonical,1,random,1,-1.0,-1.2423131465911865,-1.0894256830215454,0.1528874635696411,1.7523765563964844e-05
3,44,task_044,paraphrase_test,paraphrase,0,random,1,-1.0,-1.3627427816390991,-1.2763034105300903,0.08643937110900879,0.00010275840759277344
3,44,task_044,paraphrase_impl,paraphrase,1,random,1,-1.0,-1.2501885890960693,-1.094384789466858,0.15580379962921143,0.006382584571838379
3,0,task_000,canonical_test,canonical,0,random,1,1.0,-1.2299059629440308,-1.2578965425491333,-0.02799057960510254,2.384185791015625e-06
3,0,task_000,canonical_impl,canonical,1,random,1,1.0,-1.271291732788086,-0.9110969305038452,0.3601948022842407,-0.0016520023345947266
3,0,task_000,paraphrase_test,paraphrase,0,random,1,1.0,-1.3204962015151978,-1.1962471008300781,0.12424910068511963,-0.001367807388305664
3,0,task_000,paraphrase_impl,paraphrase,1,random,1,1.0,-1.3355211019515991,-0.9718140959739685,0.3637070059776306,-0.0038115382194519043
3,4,task_004,canonical_test,canonical,0,random,1,1.0,-0.9820257425308228,-1.077240228652954,-0.09521448612213135,-0.00028526782989501953
3,4,task_004,canonical_impl,canonical,1,random,1,1.0,-0.8438142538070679,-0.7870643138885498,0.056749939918518066,0.010368406772613525
3,4,task_004,paraphrase_test,paraphrase,0,random,1,1.0,-0.907505214214325,-1.0089309215545654,-0.10142570734024048,-0.002954423427581787
3,4,task_004,paraphrase_impl,paraphrase,1,random,1,1.0,-0.8459171652793884,-0.8472285866737366,-0.0013114213943481445,-0.0015107989311218262
3,8,task_008,canonical_test,canonical,0,random,1,1.0,-1.2295794486999512,-1.2856237888336182,-0.05604434013366699,-5.424022674560547e-05
3,8,task_008,canonical_impl,canonical,1,random,1,1.0,-1.1363770961761475,-1.0054702758789062,0.1309068202972412,1.5497207641601562e-06
3,8,task_008,paraphrase_test,paraphrase,0,random,1,1.0,-1.2863167524337769,-1.1784311532974243,0.10788559913635254,0.0011693239212036133
3,8,task_008,paraphrase_impl,paraphrase,1,random,1,1.0,-1.1660844087600708,-0.9466866850852966,0.21939772367477417,-0.0016165375709533691
3,12,task_012,canonical_test,canonical,0,random,1,1.0,-1.280450701713562,-1.3019195795059204,-0.0214688777923584,-0.0019137859344482422
3,12,task_012,canonical_impl,canonical,1,random,1,1.0,-1.3076844215393066,-1.0249996185302734,0.2826848030090332,-0.00033974647521972656
3,12,task_012,paraphrase_test,paraphrase,0,random,1,1.0,-1.3104743957519531,-1.1375138759613037,0.17296051979064941,-0.00752413272857666
3,12,task_012,paraphrase_impl,paraphrase,1,random,1,1.0,-1.3712185621261597,-1.0262099504470825,0.34500861167907715,0.0003083944320678711
3,16,task_016,canonical_test,canonical,0,random,1,1.0,-0.9048411846160889,-1.0146933794021606,-0.10985219478607178,0.0016810894012451172
3,16,task_016,canonical_impl,canonical,1,random,1,1.0,-0.846037745475769,-0.7665704488754272,0.0794672966003418,3.904104232788086e-05
3,16,task_016,paraphrase_test,paraphrase,0,random,1,1.0,-0.9236335754394531,-0.9759044647216797,-0.05227088928222656,-0.0014331340789794922
3,16,task_016,paraphrase_impl,paraphrase,1,random,1,1.0,-0.8450822234153748,-0.7729278206825256,0.07215440273284912,-0.002299368381500244
3,20,task_020,canonical_test,canonical,0,random,1,1.0,-1.2713639736175537,-1.2284477949142456,0.042916178703308105,-0.0006253719329833984
3,20,task_020,canonical_impl,canonical,1,random,1,1.0,-1.2644470930099487,-1.0238525867462158,0.2405945062637329,0.00621342658996582
3,20,task_020,paraphrase_test,paraphrase,0,random,1,1.0,-1.3507866859436035,-1.1863900423049927,0.16439664363861084,-0.0013250112533569336
3,20,task_020,paraphrase_impl,paraphrase,1,random,1,1.0,-1.254750370979309,-0.9795516729354858,0.27519869804382324,0.0012770891189575195
3,24,task_024,canonical_test,canonical,0,random,1,1.0,-1.2677736282348633,-1.278041124343872,-0.010267496109008789,-0.0012437105178833008
3,24,task_024,canonical_impl,canonical,1,random,1,1.0,-1.3557493686676025,-0.9998847842216492,0.35586458444595337,-0.0015797019004821777
3,24,task_024,paraphrase_test,paraphrase,0,random,1,1.0,-1.3400311470031738,-1.1365010738372803,0.20353007316589355,-0.002556324005126953
3,24,task_024,paraphrase_impl,paraphrase,1,random,1,1.0,-1.3773243427276611,-0.9792251586914062,0.3980991840362549,-0.0005375146865844727
3,28,task_028,canonical_test,canonical,0,random,1,1.0,-0.9180077314376831,-0.972698450088501,-0.05469071865081787,1.245737075805664e-05
3,28,task_028,canonical_impl,canonical,1,random,1,1.0,-0.822896420955658,-0.7285209894180298,0.09437543153762817,-0.0017124414443969727
3,28,task_028,paraphrase_test,paraphrase,0,random,1,1.0,-0.923578143119812,-0.9982016086578369,-0.0746234655380249,-0.0015115737915039062
3,28,task_028,paraphrase_impl,paraphrase,1,random,1,1.0,-0.8596899509429932,-0.8055909276008606,0.05409902334213257,-0.007888853549957275
3,32,task_032,canonical_test,canonical,0,random,1,1.0,-1.1935538053512573,-1.2250089645385742,-0.031455159187316895,0.005282163619995117
3,32,task_032,canonical_impl,canonical,1,random,1,1.0,-1.105911374092102,-0.9487119317054749,0.1571994423866272,5.7697296142578125e-05
3,32,task_032,paraphrase_test,paraphrase,0,random,1,1.0,-1.2301172018051147,-1.124700665473938,0.10541653633117676,0.005578875541687012
3,32,task_032,paraphrase_impl,paraphrase,1,random,1,1.0,-1.1262860298156738,-0.9115778803825378,0.214708149433136,0.002933979034423828
3,36,task_036,canonical_test,canonical,0,random,1,1.0,-1.2463611364364624,-1.2778154611587524,-0.03145432472229004,-0.0015364885330200195
3,36,task_036,canonical_impl,canonical,1,random,1,1.0,-1.284467101097107,-0.9723791480064392,0.3120879530906677,0.0018458366394042969
3,36,task_036,paraphrase_test,paraphrase,0,random,1,1.0,-1.271754503250122,-1.117445945739746,0.15430855751037598,0.00014698505401611328
3,36,task_036,paraphrase_impl,paraphrase,1,random,1,1.0,-1.3138742446899414,-0.9858877658843994,0.327986478805542,-0.0031696557998657227
3,40,task_040,canonical_test,canonical,0,random,1,1.0,-0.90404212474823,-1.0291810035705566,-0.12513887882232666,-0.009005248546600342
3,40,task_040,canonical_impl,canonical,1,random,1,1.0,-0.815316915512085,-0.7522485256195068,0.06306838989257812,0.00034368038177490234
3,40,task_040,paraphrase_test,paraphrase,0,random,1,1.0,-0.8898186683654785,-1.011013150215149,-0.12119448184967041,-0.0026715993881225586
3,40,task_040,paraphrase_impl,paraphrase,1,random,1,1.0,-0.8259303569793701,-0.8110779523849487,0.014852404594421387,7.098913192749023e-05
3,44,task_044,canonical_test,canonical,0,random,1,1.0,-1.2979555130004883,-1.2979037761688232,5.173683166503906e-05,0.0017391443252563477
3,44,task_044,canonical_impl,canonical,1,random,1,1.0,-1.2508361339569092,-1.0945770740509033,0.15625905990600586,0.003389120101928711
3,44,task_044,paraphrase_test,paraphrase,0,random,1,1.0,-1.3508175611495972,-1.2612744569778442,0.08954310417175293,0.003206491470336914
3,44,task_044,paraphrase_impl,paraphrase,1,random,1,1.0,-1.244875431060791,-1.090660572052002,0.15421485900878906,0.004793643951416016
3,0,task_000,canonical_test,canonical,0,random,2,-1.0,-1.2263050079345703,-1.2624683380126953,-0.036163330078125,-0.008170366287231445
3,0,task_000,canonical_impl,canonical,1,random,2,-1.0,-1.2809617519378662,-0.9104085564613342,0.370553195476532,0.008706390857696533
3,0,task_000,paraphrase_test,paraphrase,0,random,2,-1.0,-1.3204774856567383,-1.1963284015655518,0.12414908409118652,-0.0014678239822387695
3,0,task_000,paraphrase_impl,paraphrase,1,random,2,-1.0,-1.3431223630905151,-0.9771755337715149,0.36594682931900024,-0.0015717148780822754
3,4,task_004,canonical_test,canonical,0,random,2,-1.0,-0.9831671714782715,-1.0774807929992676,-0.0943136215209961,0.0006155967712402344
3,4,task_004,canonical_impl,canonical,1,random,2,-1.0,-0.8395403623580933,-0.7915715575218201,0.04796880483627319,0.0015872716903686523
3,4,task_004,paraphrase_test,paraphrase,0,random,2,-1.0,-0.9137164354324341,-1.0131707191467285,-0.09945428371429443,-0.0009829998016357422
3,4,task_004,paraphrase_impl,paraphrase,1,random,2,-1.0,-0.8520594835281372,-0.8442598581314087,0.007799625396728516,0.007600247859954834
3,8,task_008,canonical_test,canonical,0,random,2,-1.0,-1.2143374681472778,-1.2753880023956299,-0.06105053424835205,-0.005060434341430664
3,8,task_008,canonical_impl,canonical,1,random,2,-1.0,-1.1488515138626099,-1.0148038864135742,0.13404762744903564,0.0031423568725585938
3,8,task_008,paraphrase_test,paraphrase,0,random,2,-1.0,-1.281354308128357,-1.1827312707901,0.09862303733825684,-0.00809323787689209
3,8,task_008,paraphrase_impl,paraphrase,1,random,2,-1.0,-1.1570625305175781,-0.940788745880127,0.21627378463745117,-0.004740476608276367
3,12,task_012,canonical_test,canonical,0,random,2,-1.0,-1.2874125242233276,-1.3068922758102417,-0.019479751586914062,7.534027099609375e-05
3,12,task_012,canonical_impl,canonical,1,random,2,-1.0,-1.3178439140319824,-1.0317986011505127,0.2860453128814697,0.003020763397216797
3,12,task_012,paraphrase_test,paraphrase,0,random,2,-1.0,-1.3062779903411865,-1.1345921754837036,0.1716858148574829,-0.008798837661743164
3,12,task_012,paraphrase_impl,paraphrase,1,random,2,-1.0,-1.3610830307006836,-1.0190833806991577,0.3419996500015259,-0.0027005672454833984
3,16,task_016,canonical_test,canonical,0,random,2,-1.0,-0.9043734073638916,-1.0219388008117676,-0.11756539344787598,-0.006032109260559082
3,16,task_016,canonical_impl,canonical,1,random,2,-1.0,-0.8472641706466675,-0.7674252986907959,0.07983887195587158,0.000410616397857666
3,16,task_016,paraphrase_test,paraphrase,0,random,2,-1.0,-0.928669810295105,-0.9793494939804077,-0.050679683685302734,0.00015807151794433594
3,16,task_016,paraphrase_impl,paraphrase,1,random,2,-1.0,-0.8535165190696716,-0.7789402008056641,0.07457631826400757,0.00012254714965820312
3,20,task_020,canonical_test,canonical,0,random,2,-1.0,-1.2790727615356445,-1.2258878946304321,0.0531848669052124,0.009643316268920898
3,20,task_020,canonical_impl,canonical,1,random,2,-1.0,-1.2507281303405762,-1.0140173435211182,0.236710786819458,0.002329707145690918
3,20,task_020,paraphrase_test,paraphrase,0,random,2,-1.0,-1.341842532157898,-1.1807869672775269,0.1610555648803711,-0.00466609001159668
3,20,task_020,paraphrase_impl,paraphrase,1,random,2,-1.0,-1.2484967708587646,-0.9751417636871338,0.27335500717163086,-0.0005666017532348633
3,24,task_024,canonical_test,canonical,0,random,2,-1.0,-1.2718257904052734,-1.2805007696151733,-0.008674979209899902,0.00034880638122558594
3,24,task_024,canonical_impl,canonical,1,random,2,-1.0,-1.3661731481552124,-1.0071990489959717,0.3589740991592407,0.0015298128128051758
3,24,task_024,paraphrase_test,paraphrase,0,random,2,-1.0,-1.3392547369003296,-1.1360880136489868,0.20316672325134277,-0.0029196739196777344
3,24,task_024,paraphrase_impl,paraphrase,1,random,2,-1.0,-1.3722753524780273,-0.97552490234375,0.39675045013427734,-0.0018862485885620117
3,28,task_028,canonical_test,canonical,0,random,2,-1.0,-0.9232180118560791,-0.97637939453125,-0.0531613826751709,0.0015417933464050293
3,28,task_028,canonical_impl,canonical,1,random,2,-1.0,-0.8384127020835876,-0.7393286228179932,0.09908407926559448,0.002996206283569336
3,28,task_028,paraphrase_test,paraphrase,0,random,2,-1.0,-0.9337886571884155,-1.0052567720413208,-0.07146811485290527,0.0016437768936157227
3,28,task_028,paraphrase_impl,paraphrase,1,random,2,-1.0,-0.8651897311210632,-0.8093177080154419,0.05587202310562134,-0.006115853786468506
3,32,task_032,canonical_test,canonical,0,random,2,-1.0,-1.197892189025879,-1.2348899841308594,-0.03699779510498047,-0.00026047229766845703
3,32,task_032,canonical_impl,canonical,1,random,2,-1.0,-1.1057102680206299,-0.9554809331893921,0.1502293348312378,-0.006912410259246826
3,32,task_032,paraphrase_test,paraphrase,0,random,2,-1.0,-1.2301013469696045,-1.1243157386779785,0.10578560829162598,0.0059479475021362305
3,32,task_032,paraphrase_impl,paraphrase,1,random,2,-1.0,-1.1180753707885742,-0.9057909846305847,0.2122843861579895,0.0005102157592773438
3,36,task_036,canonical_test,canonical,0,random,2,-1.0,-1.255112648010254,-1.2835370302200317,-0.028424382209777832,0.0014934539794921875
3,36,task_036,canonical_impl,canonical,1,random,2,-1.0,-1.3053706884384155,-0.9871577024459839,0.31821298599243164,0.007970869541168213
3,36,task_036,paraphrase_test,paraphrase,0,random,2,-1.0,-1.2747652530670166,-1.1271356344223022,0.14762961864471436,-0.006531953811645508
3,36,task_036,paraphrase_impl,paraphrase,1,random,2,-1.0,-1.3107507228851318,-0.9836755394935608,0.32707518339157104,-0.00408095121383667
3,40,task_040,canonical_test,canonical,0,random,2,-1.0,-0.9038764238357544,-1.0290641784667969,-0.12518775463104248,-0.009054124355316162
3,40,task_040,canonical_impl,canonical,1,random,2,-1.0,-0.8208980560302734,-0.7489383220672607,0.0719597339630127,0.009235024452209473
3,40,task_040,paraphrase_test,paraphrase,0,random,2,-1.0,-0.8945353031158447,-1.0144151449203491,-0.1198798418045044,-0.001356959342956543
3,40,task_040,paraphrase_impl,paraphrase,1,random,2,-1.0,-0.8318970203399658,-0.8152838349342346,0.0166131854057312,0.0018317699432373047
3,44,task_044,canonical_test,canonical,0,random,2,-1.0,-1.2957128286361694,-1.2979141473770142,-0.0022013187408447266,-0.000513911247253418
3,44,task_044,canonical_impl,canonical,1,random,2,-1.0,-1.2473418712615967,-1.092286229133606,0.15505564212799072,0.0021857023239135742
3,44,task_044,paraphrase_test,paraphrase,0,random,2,-1.0,-1.3494443893432617,-1.2676124572753906,0.0818319320678711,-0.004504680633544922
3,44,task_044,paraphrase_impl,paraphrase,1,random,2,-1.0,-1.248580813407898,-1.0932750701904297,0.15530574321746826,0.005884528160095215
3,0,task_000,canonical_test,canonical,0,random,2,1.0,-1.2245203256607056,-1.2538533210754395,-0.029332995414733887,-0.001340031623840332
3,0,task_000,canonical_impl,canonical,1,random,2,1.0,-1.2754791975021362,-0.9066948294639587,0.3687843680381775,0.006937563419342041
3,0,task_000,paraphrase_test,paraphrase,0,random,2,1.0,-1.3306025266647339,-1.2034263610839844,0.1271761655807495,0.0015592575073242188
3,0,task_000,paraphrase_impl,paraphrase,1,random,2,1.0,-1.348441481590271,-0.9809283018112183,0.36751317977905273,-5.364418029785156e-06
3,4,task_004,canonical_test,canonical,0,random,2,1.0,-0.9767012596130371,-1.0731885433197021,-0.09648728370666504,-0.001558065414428711
3,4,task_004,canonical_impl,canonical,1,random,2,1.0,-0.8383853435516357,-0.7907550930976868,0.047630250453948975,0.0012487173080444336
3,4,task_004,paraphrase_test,paraphrase,0,random,2,1.0,-0.913019061088562,-1.0128185749053955,-0.0997995138168335,-0.0013282299041748047
3,4,task_004,paraphrase_impl,paraphrase,1,random,2,1.0,-0.8458325266838074,-0.8398151397705078,0.0060173869132995605,0.005818009376525879
3,8,task_008,canonical_test,canonical,0,random,2,1.0,-1.2345564365386963,-1.2895770072937012,-0.05502057075500488,0.0009695291519165039
3,8,task_008,canonical_impl,canonical,1,random,2,1.0,-1.1415687799453735,-1.0094268321990967,0.13214194774627686,0.0012366771697998047
3,8,task_008,paraphrase_test,paraphrase,0,random,2,1.0,-1.288106918334961,-1.1797289848327637,0.10837793350219727,0.0016616582870483398
3,8,task_008,paraphrase_impl,paraphrase,1,random,2,1.0,-1.17044198513031,-0.9499609470367432,0.2204810380935669,-0.0005332231521606445
3,12,task_012,canonical_test,canonical,0,random,2,1.0,-1.2844668626785278,-1.3048207759857178,-0.02035391330718994,-0.0007988214492797852
3,12,task_012,canonical_impl,canonical,1,random,2,1.0,-1.3120524883270264,-1.0280981063842773,0.283954381942749,0.0009298324584960938
3,12,task_012,paraphrase_test,paraphrase,0,random,2,1.0,-1.3204180002212524,-1.1372390985488892,0.18317890167236328,0.002694249153137207
3,12,task_012,paraphrase_impl,paraphrase,1,random,2,1.0,-1.375656008720398,-1.029322624206543,0.346333384513855,0.0016331672668457031
3,16,task_016,canonical_test,canonical,0,random,2,1.0,-0.9038700461387634,-1.0141240358352661,-0.11025398969650269,0.001279294490814209
3,16,task_016,canonical_impl,canonical,1,random,2,1.0,-0.8358277082443237,-0.7592840790748596,0.07654362916946411,-0.0028846263885498047
3,16,task_016,paraphrase_test,paraphrase,0,random,2,1.0,-0.9347059726715088,-0.9765135645866394,-0.041807591915130615,0.009030163288116455
3,16,task_016,paraphrase_impl,paraphrase,1,random,2,1.0,-0.8391467332839966,-0.7613938450813293,0.07775288820266724,0.003299117088317871
3,20,task_020,canonical_test,canonical,0,random,2,1.0,-1.2797768115997314,-1.233680009841919,0.0460968017578125,0.002555251121520996
3,20,task_020,canonical_impl,canonical,1,random,2,1.0,-1.2558445930480957,-1.0171668529510498,0.2386777400970459,0.004296660423278809
3,20,task_020,paraphrase_test,paraphrase,0,random,2,1.0,-1.350172519683838,-1.1793140172958374,0.1708585023880005,0.005136847496032715
3,20,task_020,paraphrase_impl,paraphrase,1,random,2,1.0,-1.264054298400879,-0.9861235022544861,0.2779307961463928,0.0040091872215271
3,24,task_024,canonical_test,canonical,0,random,2,1.0,-1.2733099460601807,-1.2819790840148926,-0.008669137954711914,0.0003546476364135742
3,24,task_024,canonical_impl,canonical,1,random,2,1.0,-1.3695815801620483,-1.0100204944610596,0.35956108570098877,0.0021167993545532227
3,24,task_024,paraphrase_test,paraphrase,0,random,2,1.0,-1.3432811498641968,-1.1314282417297363,0.21185290813446045,0.005766510963439941
3,24,task_024,paraphrase_impl,paraphrase,1,random,2,1.0,-1.3792222738265991,-0.9878311157226562,0.39139115810394287,-0.007245540618896484
3,28,task_028,canonical_test,canonical,0,random,2,1.0,-0.9176747798919678,-0.9724742770195007,-0.05479949712753296,-9.632110595703125e-05
3,28,task_028,canonical_impl,canonical,1,random,2,1.0,-0.8231216669082642,-0.7286792397499084,0.09444242715835571,-0.0016454458236694336
3,28,task_028,paraphrase_test,paraphrase,0,random,2,1.0,-0.9293228387832642,-1.0022625923156738,-0.07293975353240967,0.00017213821411132812
3,28,task_028,paraphrase_impl,paraphrase,1,random,2,1.0,-0.8498873710632324,-0.7986011505126953,0.05128622055053711,-0.010701656341552734
3,32,task_032,canonical_test,canonical,0,random,2,1.0,-1.2030044794082642,-1.2390347719192505,-0.03603029251098633,0.0007070302963256836
3,32,task_032,canonical_impl,canonical,1,random,2,1.0,-1.1053893566131592,-0.9557066559791565,0.14968270063400269,-0.007459044456481934
3,32,task_032,paraphrase_test,paraphrase,0,random,2,1.0,-1.2359018325805664,-1.1288014650344849,0.10710036754608154,0.007262706756591797
3,32,task_032,paraphrase_impl,paraphrase,1,random,2,1.0,-1.137512445449829,-0.9124369621276855,0.22507548332214355,0.013301312923431396
3,36,task_036,canonical_test,canonical,0,random,2,1.0,-1.2445955276489258,-1.2761001586914062,-0.03150463104248047,-0.0015867948532104492
3,36,task_036,canonical_impl,canonical,1,random,2,1.0,-1.2854421138763428,-0.9734928011894226,0.31194931268692017,0.0017071962356567383
3,36,task_036,paraphrase_test,paraphrase,0,random,2,1.0,-1.2764828205108643,-1.1208049058914185,0.1556779146194458,0.0015163421630859375
3,36,task_036,paraphrase_impl,paraphrase,1,random,2,1.0,-1.3246943950653076,-0.9935926795005798,0.3311017155647278,-5.441904067993164e-05
3,40,task_040,canonical_test,canonical,0,random,2,1.0,-0.8988096714019775,-1.0181382894515991,-0.11932861804962158,-0.0031949877738952637
3,40,task_040,canonical_impl,canonical,1,random,2,1.0,-0.8045032024383545,-0.7447695732116699,0.05973362922668457,-0.0029910802841186523
3,40,task_040,paraphrase_test,paraphrase,0,random,2,1.0,-0.8993546962738037,-1.010398030281067,-0.11104333400726318,0.007479548454284668
3,40,task_040,paraphrase_impl,paraphrase,1,random,2,1.0,-0.8361563086509705,-0.8183721899986267,0.01778411865234375,0.0030027031898498535
3,44,task_044,canonical_test,canonical,0,random,2,1.0,-1.2976875305175781,-1.2993956804275513,-0.0017081499099731445,-2.0742416381835938e-05
3,44,task_044,canonical_impl,canonical,1,random,2,1.0,-1.2311570644378662,-1.0815529823303223,0.14960408210754395,-0.003265857696533203
3,44,task_044,paraphrase_test,paraphrase,0,random,2,1.0,-1.3675925731658936,-1.2730674743652344,0.09452509880065918,0.008188486099243164
3,44,task_044,paraphrase_impl,paraphrase,1,random,2,1.0,-1.2536978721618652,-1.096859097480774,0.1568387746810913,0.007417559623718262
3,0,task_000,canonical_test,canonical,0,random,3,-1.0,-1.2343662977218628,-1.260780692100525,-0.02641439437866211,0.0015785694122314453
3,0,task_000,canonical_impl,canonical,1,random,3,-1.0,-1.2904454469680786,-0.9170981049537659,0.37334734201431274,0.011500537395477295
3,0,task_000,paraphrase_test,paraphrase,0,random,3,-1.0,-1.3356146812438965,-1.2070131301879883,0.1286015510559082,0.00298464298248291
3,0,task_000,paraphrase_impl,paraphrase,1,random,3,-1.0,-1.3509957790374756,-0.9827057123184204,0.3682900667190552,0.0007715225219726562
3,4,task_004,canonical_test,canonical,0,random,3,-1.0,-0.9819085001945496,-1.0768609046936035,-0.09495240449905396,-2.3186206817626953e-05
3,4,task_004,canonical_impl,canonical,1,random,3,-1.0,-0.8434101343154907,-0.7942447066307068,0.049165427684783936,0.0027838945388793945
3,4,task_004,paraphrase_test,paraphrase,0,random,3,-1.0,-0.927435040473938,-1.0228502750396729,-0.09541523456573486,0.003056049346923828
3,4,task_004,paraphrase_impl,paraphrase,1,random,3,-1.0,-0.8614487051963806,-0.8508309721946716,0.010617733001708984,0.010418355464935303
3,8,task_008,canonical_test,canonical,0,random,3,-1.0,-1.2298030853271484,-1.2862203121185303,-0.056417226791381836,-0.0004271268844604492
3,8,task_008,canonical_impl,canonical,1,random,3,-1.0,-1.1594178676605225,-1.0222047567367554,0.1372131109237671,0.006307840347290039
3,8,task_008,paraphrase_test,paraphrase,0,random,3,-1.0,-1.3033196926116943,-1.1901922225952148,0.11312747001647949,0.006411194801330566
3,8,task_008,paraphrase_impl,paraphrase,1,random,3,-1.0,-1.1831732988357544,-0.9588708281517029,0.2243024706840515,0.0032882094383239746
3,12,task_012,canonical_test,canonical,0,random,3,-1.0,-1.2869188785552979,-1.3065102100372314,-0.019591331481933594,-3.62396240234375e-05
3,12,task_012,canonical_impl,canonical,1,random,3,-1.0,-1.328737497329712,-1.039927363395691,0.288810133934021,0.005785584449768066
3,12,task_012,paraphrase_test,paraphrase,0,random,3,-1.0,-1.3119983673095703,-1.1313409805297852,0.18065738677978516,0.00017273426055908203
3,12,task_012,paraphrase_impl,paraphrase,1,random,3,-1.0,-1.3812808990478516,-1.033312201499939,0.3479686975479126,0.0032684803009033203
3,16,task_016,canonical_test,canonical,0,random,3,-1.0,-0.9091576337814331,-1.0178579092025757,-0.10870027542114258,0.0028330087661743164
3,16,task_016,canonical_impl,canonical,1,random,3,-1.0,-0.8460568189620972,-0.7664791345596313,0.07957768440246582,0.0001494288444519043
3,16,task_016,paraphrase_test,paraphrase,0,random,3,-1.0,-0.92900550365448,-0.9797117710113525,-0.05070626735687256,0.00013148784637451172
3,16,task_016,paraphrase_impl,paraphrase,1,random,3,-1.0,-0.8534299731254578,-0.7715297341346741,0.08190023899078369,0.007446467876434326
3,20,task_020,canonical_test,canonical,0,random,3,-1.0,-1.2841904163360596,-1.2368780374526978,0.047312378883361816,0.0037708282470703125
3,20,task_020,canonical_impl,canonical,1,random,3,-1.0,-1.2550513744354248,-1.017693042755127,0.23735833168029785,0.0029772520065307617
3,20,task_020,paraphrase_test,paraphrase,0,random,3,-1.0,-1.3626893758773804,-1.1954641342163086,0.16722524166107178,0.001503586769104004
3,20,task_020,paraphrase_impl,paraphrase,1,random,3,-1.0,-1.2697833776474,-0.9906349182128906,0.2791484594345093,0.005226850509643555
3,24,task_024,canonical_test,canonical,0,random,3,-1.0,-1.281043291091919,-1.2873088121414185,-0.006265521049499512,0.0027582645416259766
3,24,task_024,canonical_impl,canonical,1,random,3,-1.0,-1.3799384832382202,-1.0169150829315186,0.36302340030670166,0.005579113960266113
3,24,task_024,paraphrase_test,paraphrase,0,random,3,-1.0,-1.3383150100708008,-1.13523530960083,0.2030797004699707,-0.0030066967010498047
3,24,task_024,paraphrase_impl,paraphrase,1,random,3,-1.0,-1.383896827697754,-0.9838072657585144,0.4000895619392395,0.0014528632164001465
3,28,task_028,canonical_test,canonical,0,random,3,-1.0,-0.9230377674102783,-0.9763800501823425,-0.05334228277206421,0.0013608932495117188
3,28,task_028,canonical_impl,canonical,1,random,3,-1.0,-0.8242309093475342,-0.7219610214233398,0.10226988792419434,0.0061820149421691895
3,28,task_028,paraphrase_test,paraphrase,0,random,3,-1.0,-0.9384855031967163,-1.0087190866470337,-0.07023358345031738,0.0028783082962036133
3,28,task_028,paraphrase_impl,paraphrase,1,random,3,-1.0,-0.8698916435241699,-0.812704861164093,0.057186782360076904,-0.0048010945320129395
3,32,task_032,canonical_test,canonical,0,random,3,-1.0,-1.1978683471679688,-1.2348350286483765,-0.036966681480407715,-0.00022935867309570312
3,32,task_032,canonical_impl,canonical,1,random,3,-1.0,-1.1148157119750977,-0.9624654054641724,0.1523503065109253,-0.004791438579559326
3,32,task_032,paraphrase_test,paraphrase,0,random,3,-1.0,-1.2500689029693604,-1.1384097337722778,0.11165916919708252,0.011821508407592773
3,32,task_032,paraphrase_impl,paraphrase,1,random,3,-1.0,-1.1443634033203125,-0.9243250489234924,0.22003835439682007,0.00826418399810791
3,36,task_036,canonical_test,canonical,0,random,3,-1.0,-1.2629873752593994,-1.289099097251892,-0.026111721992492676,0.0038061141967773438
3,36,task_036,canonical_impl,canonical,1,random,3,-1.0,-1.2902427911758423,-0.9769046902656555,0.31333810091018677,0.00309598445892334
3,36,task_036,paraphrase_test,paraphrase,0,random,3,-1.0,-1.287557601928711,-1.1287801265716553,0.15877747535705566,0.004615902900695801
3,36,task_036,paraphrase_impl,paraphrase,1,random,3,-1.0,-1.3252665996551514,-0.9938613772392273,0.3314052224159241,0.0002490878105163574
3,40,task_040,canonical_test,canonical,0,random,3,-1.0,-0.9121170043945312,-1.0346333980560303,-0.12251639366149902,-0.006382763385772705
3,40,task_040,canonical_impl,canonical,1,random,3,-1.0,-0.8195449709892273,-0.7553375363349915,0.06420743465423584,0.0014827251434326172
3,40,task_040,paraphrase_test,paraphrase,0,random,3,-1.0,-0.8994622230529785,-1.0178958177566528,-0.11843359470367432,8.928775787353516e-05
3,40,task_040,paraphrase_impl,paraphrase,1,random,3,-1.0,-0.8416077494621277,-0.8147900104522705,0.026817739009857178,0.012036323547363281
3,44,task_044,canonical_test,canonical,0,random,3,-1.0,-1.3056873083114624,-1.3034217357635498,0.0022655725479125977,0.003952980041503906
3,44,task_044,canonical_impl,canonical,1,random,3,-1.0,-1.2576631307601929,-1.0995445251464844,0.1581186056137085,0.005248665809631348
3,44,task_044,paraphrase_test,paraphrase,0,random,3,-1.0,-1.3764033317565918,-1.2866833209991455,0.08972001075744629,0.0033833980560302734
3,44,task_044,paraphrase_impl,paraphrase,1,random,3,-1.0,-1.2688727378845215,-1.107597827911377,0.16127490997314453,0.011853694915771484
3,0,task_000,canonical_test,canonical,0,random,3,1.0,-1.2338383197784424,-1.268017053604126,-0.034178733825683594,-0.006185770034790039
3,0,task_000,canonical_impl,canonical,1,random,3,1.0,-1.2710044384002686,-0.9109210968017578,0.36008334159851074,-0.001763463020324707
3,0,task_000,paraphrase_test,paraphrase,0,random,3,1.0,-1.3100030422210693,-1.1888152360916138,0.12118780612945557,-0.0044291019439697266
3,0,task_000,paraphrase_impl,paraphrase,1,random,3,1.0,-1.3450406789779663,-0.978527307510376,0.36651337146759033,-0.0010051727294921875
3,4,task_004,canonical_test,canonical,0,random,3,1.0,-0.9684509634971619,-1.0675197839736938,-0.09906882047653198,-0.004139602184295654
3,4,task_004,canonical_impl,canonical,1,random,3,1.0,-0.8383591175079346,-0.7907376289367676,0.04762148857116699,0.0012399554252624512
3,4,task_004,paraphrase_test,paraphrase,0,random,3,1.0,-0.903771162033081,-1.0062276124954224,-0.10245645046234131,-0.003985166549682617
3,4,task_004,paraphrase_impl,paraphrase,1,random,3,1.0,-0.840219259262085,-0.8432908654212952,-0.003071606159210205,-0.0032709836959838867
3,8,task_008,canonical_test,canonical,0,random,3,1.0,-1.2232545614242554,-1.2815684080123901,-0.058313846588134766,-0.002323746681213379
3,8,task_008,canonical_impl,canonical,1,random,3,1.0,-1.131037712097168,-1.0020564794540405,0.12898123264312744,-0.0019240379333496094
3,8,task_008,paraphrase_test,paraphrase,0,random,3,1.0,-1.2680258750915527,-1.1650629043579102,0.10296297073364258,-0.0037533044815063477
3,8,task_008,paraphrase_impl,paraphrase,1,random,3,1.0,-1.1516952514648438,-0.9369283318519592,0.21476691961288452,-0.006247341632843018
3,12,task_012,canonical_test,canonical,0,random,3,1.0,-1.2812515497207642,-1.3025527000427246,-0.02130115032196045,-0.001746058464050293
3,12,task_012,canonical_impl,canonical,1,random,3,1.0,-1.3134665489196777,-1.029146432876587,0.2843201160430908,0.0012955665588378906
3,12,task_012,paraphrase_test,paraphrase,0,random,3,1.0,-1.3072752952575684,-1.1353836059570312,0.1718916893005371,-0.008592963218688965
3,12,task_012,paraphrase_impl,paraphrase,1,random,3,1.0,-1.361311435699463,-1.0191733837127686,0.34213805198669434,-0.0025621652603149414
3,16,task_016,canonical_test,canonical,0,random,3,1.0,-0.8995193839073181,-1.01863694190979,-0.11911755800247192,-0.007584273815155029
3,16,task_016,canonical_impl,canonical,1,random,3,1.0,-0.8457598090171814,-0.7662906050682068,0.07946920394897461,4.094839096069336e-05
3,16,task_016,paraphrase_test,paraphrase,0,random,3,1.0,-0.9196380972862244,-0.9657421112060547,-0.04610401391983032,0.004733741283416748
3,16,task_016,paraphrase_impl,paraphrase,1,random,3,1.0,-0.8332022428512573,-0.7646021842956543,0.06860005855560303,-0.005853712558746338
3,20,task_020,canonical_test,canonical,0,random,3,1.0,-1.2695599794387817,-1.2264899015426636,0.043070077896118164,-0.00047147274017333984
3,20,task_020,canonical_impl,canonical,1,random,3,1.0,-1.2458302974700928,-1.0105619430541992,0.23526835441589355,0.0008872747421264648
3,20,task_020,paraphrase_test,paraphrase,0,random,3,1.0,-1.3312395811080933,-1.1659302711486816,0.16530930995941162,-0.00041234493255615234
3,20,task_020,paraphrase_impl,paraphrase,1,random,3,1.0,-1.2408123016357422,-0.9695168733596802,0.271295428276062,-0.002626180648803711
3,24,task_024,canonical_test,canonical,0,random,3,1.0,-1.2768229246139526,-1.2844492197036743,-0.00762629508972168,0.0013974905014038086
3,24,task_024,canonical_impl,canonical,1,random,3,1.0,-1.3553736209869385,-0.9999154210090637,0.35545819997787476,-0.001986086368560791
3,24,task_024,paraphrase_test,paraphrase,0,random,3,1.0,-1.3421610593795776,-1.1380995512008667,0.20406150817871094,-0.0020248889923095703
3,24,task_024,paraphrase_impl,paraphrase,1,random,3,1.0,-1.3686670064926147,-0.9730272889137268,0.39563971757888794,-0.002996981143951416
3,28,task_028,canonical_test,canonical,0,random,3,1.0,-0.9181575179100037,-0.9726886749267578,-0.05453115701675415,0.00017201900482177734
3,28,task_028,canonical_impl,canonical,1,random,3,1.0,-0.8134424090385437,-0.7217640280723572,0.09167838096618652,-0.004409492015838623
3,28,task_028,paraphrase_test,paraphrase,0,random,3,1.0,-0.9238811731338501,-0.9983294010162354,-0.07444822788238525,-0.0013363361358642578
3,28,task_028,paraphrase_impl,paraphrase,1,random,3,1.0,-0.8504527807235718,-0.7989199161529541,0.051532864570617676,-0.010455012321472168
3,32,task_032,canonical_test,canonical,0,random,3,1.0,-1.1876130104064941,-1.2281384468078613,-0.04052543640136719,-0.0037881135940551758
3,32,task_032,canonical_impl,canonical,1,random,3,1.0,-1.1051251888275146,-0.9555286169052124,0.14959657192230225,-0.007545173168182373
3,32,task_032,paraphrase_test,paraphrase,0,random,3,1.0,-1.2142877578735352,-1.1129976511001587,0.10129010677337646,0.0014524459838867188
3,32,task_032,paraphrase_impl,paraphrase,1,random,3,1.0,-1.1054929494857788,-0.8971907496452332,0.20830219984054565,-0.003471970558166504
3,36,task_036,canonical_test,canonical,0,random,3,1.0,-1.2447021007537842,-1.2761375904083252,-0.031435489654541016,-0.001517653465270996
3,36,task_036,canonical_impl,canonical,1,random,3,1.0,-1.2805804014205933,-0.9695546627044678,0.3110257387161255,0.0007836222648620605
3,36,task_036,paraphrase_test,paraphrase,0,random,3,1.0,-1.262473464012146,-1.110998511314392,0.1514749526977539,-0.002686619758605957
3,36,task_036,paraphrase_impl,paraphrase,1,random,3,1.0,-1.3046684265136719,-0.9793871641159058,0.3252812623977661,-0.0058748722076416016
3,40,task_040,canonical_test,canonical,0,random,3,1.0,-0.9088203310966492,-1.0327013731002808,-0.12388104200363159,-0.0077474117279052734
3,40,task_040,canonical_impl,canonical,1,random,3,1.0,-0.8152621984481812,-0.7448562979698181,0.07040590047836304,0.0076811909675598145
3,40,task_040,paraphrase_test,paraphrase,0,random,3,1.0,-0.880099892616272,-1.0041478872299194,-0.12404799461364746,-0.005525112152099609
3,40,task_040,paraphrase_impl,paraphrase,1,random,3,1.0,-0.8261122703552246,-0.8038674592971802,0.022244811058044434,0.007463395595550537
3,44,task_044,canonical_test,canonical,0,random,3,1.0,-1.292534589767456,-1.294917106628418,-0.002382516860961914,-0.0006951093673706055
3,44,task_044,canonical_impl,canonical,1,random,3,1.0,-1.2322174310684204,-1.0887761116027832,0.1434413194656372,-0.009428620338439941
3,44,task_044,paraphrase_test,paraphrase,0,random,3,1.0,-1.3441264629364014,-1.2638370990753174,0.08028936386108398,-0.006047248840332031
3,44,task_044,paraphrase_impl,paraphrase,1,random,3,1.0,-1.2283637523651123,-1.0863590240478516,0.14200472831726074,-0.007416486740112305
3,0,task_000,canonical_test,canonical,0,random,4,-1.0,-1.2333533763885498,-1.2674461603164673,-0.03409278392791748,-0.006099820137023926
3,0,task_000,canonical_impl,canonical,1,random,4,-1.0,-1.279228925704956,-0.909152090549469,0.37007683515548706,0.008230030536651611
3,0,task_000,paraphrase_test,paraphrase,0,random,4,-1.0,-1.3233706951141357,-1.1983325481414795,0.12503814697265625,-0.000578761100769043
3,0,task_000,paraphrase_impl,paraphrase,1,random,4,-1.0,-1.345869541168213,-0.9790845513343811,0.3667849898338318,-0.0007335543632507324
3,4,task_004,canonical_test,canonical,0,random,4,-1.0,-0.9671711921691895,-1.066192626953125,-0.09902143478393555,-0.004092216491699219
3,4,task_004,canonical_impl,canonical,1,random,4,-1.0,-0.8434106111526489,-0.7942489385604858,0.049161672592163086,0.002780139446258545
3,4,task_004,paraphrase_test,paraphrase,0,random,4,-1.0,-0.9229065775871277,-1.019644856452942,-0.09673827886581421,0.0017330050468444824
3,4,task_004,paraphrase_impl,paraphrase,1,random,4,-1.0,-0.8508216738700867,-0.8433911204338074,0.007430553436279297,0.007231175899505615
3,8,task_008,canonical_test,canonical,0,random,4,-1.0,-1.2329597473144531,-1.2889732122421265,-0.05601346492767334,-2.3365020751953125e-05
3,8,task_008,canonical_impl,canonical,1,random,4,-1.0,-1.1440846920013428,-1.011898159980774,0.13218653202056885,0.0012812614440917969
3,8,task_008,paraphrase_test,paraphrase,0,random,4,-1.0,-1.2781541347503662,-1.1726757287979126,0.10547840595245361,-0.0012378692626953125
3,8,task_008,paraphrase_impl,paraphrase,1,random,4,-1.0,-1.1642045974731445,-0.9455459713935852,0.21865862607955933,-0.002355635166168213
3,12,task_012,canonical_test,canonical,0,random,4,-1.0,-1.287047266960144,-1.3061258792877197,-0.019078612327575684,0.00047647953033447266
3,12,task_012,canonical_impl,canonical,1,random,4,-1.0,-1.317183256149292,-1.0317177772521973,0.2854654788970947,0.002440929412841797
3,12,task_012,paraphrase_test,paraphrase,0,random,4,-1.0,-1.3139259815216064,-1.1326359510421753,0.18129003047943115,0.0008053779602050781
3,12,task_012,paraphrase_impl,paraphrase,1,random,4,-1.0,-1.3676128387451172,-1.0236363410949707,0.3439764976501465,-0.000723719596862793
3,16,task_016,canonical_test,canonical,0,random,4,-1.0,-0.8995369672775269,-1.0110676288604736,-0.11153066158294678,2.6226043701171875e-06
3,16,task_016,canonical_impl,canonical,1,random,4,-1.0,-0.8460899591445923,-0.7664957642555237,0.0795941948890686,0.0001659393310546875
3,16,task_016,paraphrase_test,paraphrase,0,random,4,-1.0,-0.9290074706077576,-0.9797022342681885,-0.05069476366043091,0.0001429915428161621
3,16,task_016,paraphrase_impl,paraphrase,1,random,4,-1.0,-0.8481423258781433,-0.7677971124649048,0.08034521341323853,0.00589144229888916
3,20,task_020,canonical_test,canonical,0,random,4,-1.0,-1.277572751045227,-1.2321263551712036,0.04544639587402344,0.0019048452377319336
3,20,task_020,canonical_impl,canonical,1,random,4,-1.0,-1.2488445043563843,-1.0206423997879028,0.22820210456848145,-0.0061789751052856445
3,20,task_020,paraphrase_test,paraphrase,0,random,4,-1.0,-1.3367197513580322,-1.177155613899231,0.15956413745880127,-0.006157517433166504
3,20,task_020,paraphrase_impl,paraphrase,1,random,4,-1.0,-1.2577828168869019,-0.9821851253509521,0.2755976915359497,0.0016760826110839844
3,24,task_024,canonical_test,canonical,0,random,4,-1.0,-1.274705410003662,-1.2758928537368774,-0.001187443733215332,0.007836341857910156
3,24,task_024,canonical_impl,canonical,1,random,4,-1.0,-1.3500268459320068,-0.9966065883636475,0.3534202575683594,-0.004024028778076172
3,24,task_024,paraphrase_test,paraphrase,0,random,4,-1.0,-1.3495382070541382,-1.1431965827941895,0.20634162425994873,0.00025522708892822266
3,24,task_024,paraphrase_impl,paraphrase,1,random,4,-1.0,-1.383760929107666,-0.9837175011634827,0.40004342794418335,0.0014067292213439941
3,28,task_028,canonical_test,canonical,0,random,4,-1.0,-0.923114538192749,-0.9764334559440613,-0.053318917751312256,0.0013842582702636719
3,28,task_028,canonical_impl,canonical,1,random,4,-1.0,-0.8292446136474609,-0.725649356842041,0.10359525680541992,0.007507383823394775
3,28,task_028,paraphrase_test,paraphrase,0,random,4,-1.0,-0.9327980279922485,-1.0047082901000977,-0.07191026210784912,0.001201629638671875
3,28,task_028,paraphrase_impl,paraphrase,1,random,4,-1.0,-0.8551096320152283,-0.7949166297912598,0.060193002223968506,-0.0017948746681213379
3,32,task_032,canonical_test,canonical,0,random,4,-1.0,-1.1884150505065918,-1.2213714122772217,-0.03295636177062988,0.003780961036682129
3,32,task_032,canonical_impl,canonical,1,random,4,-1.0,-1.1182761192321777,-0.9574419856071472,0.16083413362503052,0.0036923885345458984
3,32,task_032,paraphrase_test,paraphrase,0,random,4,-1.0,-1.2445104122161865,-1.1418403387069702,0.10267007350921631,0.0028324127197265625
3,32,task_032,paraphrase_impl,paraphrase,1,random,4,-1.0,-1.1151132583618164,-0.9036905765533447,0.21142268180847168,-0.0003514885902404785
3,36,task_036,canonical_test,canonical,0,random,4,-1.0,-1.2521828413009644,-1.2819256782531738,-0.029742836952209473,0.00017499923706054688
3,36,task_036,canonical_impl,canonical,1,random,4,-1.0,-1.2762410640716553,-0.9665831327438354,0.3096579313278198,-0.0005841851234436035
3,36,task_036,paraphrase_test,paraphrase,0,random,4,-1.0,-1.2736728191375732,-1.1188828945159912,0.15478992462158203,0.000628352165222168
3,36,task_036,paraphrase_impl,paraphrase,1,random,4,-1.0,-1.3246898651123047,-0.9935598969459534,0.3311299681663513,-2.6166439056396484e-05
3,40,task_040,canonical_test,canonical,0,random,4,-1.0,-0.9039086699485779,-1.0214835405349731,-0.11757487058639526,-0.0014412403106689453
3,40,task_040,canonical_impl,canonical,1,random,4,-1.0,-0.8155761957168579,-0.7450785636901855,0.07049763202667236,0.007772922515869141
3,40,task_040,paraphrase_test,paraphrase,0,random,4,-1.0,-0.8936477899551392,-1.013790249824524,-0.12014245986938477,-0.001619577407836914
3,40,task_040,paraphrase_impl,paraphrase,1,random,4,-1.0,-0.8313062191009521,-0.8075180053710938,0.0237882137298584,0.009006798267364502
3,44,task_044,canonical_test,canonical,0,random,4,-1.0,-1.3055747747421265,-1.3041285276412964,0.0014462471008300781,0.0031336545944213867
3,44,task_044,canonical_impl,canonical,1,random,4,-1.0,-1.2463010549545288,-1.0915313959121704,0.1547696590423584,0.00189971923828125
3,44,task_044,paraphrase_test,paraphrase,0,random,4,-1.0,-1.3478846549987793,-1.2665518522262573,0.08133280277252197,-0.005003809928894043
3,44,task_044,paraphrase_impl,paraphrase,1,random,4,-1.0,-1.2427310943603516,-1.0896390676498413,0.15309202671051025,0.003670811653137207
3,0,task_000,canonical_test,canonical,0,random,4,1.0,-1.2300325632095337,-1.264812707901001,-0.034780144691467285,-0.0067871809005737305
3,0,task_000,canonical_impl,canonical,1,random,4,1.0,-1.2752633094787598,-0.9139259457588196,0.3613373637199402,-0.0005094408988952637
3,0,task_000,paraphrase_test,paraphrase,0,random,4,1.0,-1.3132902383804321,-1.1912226676940918,0.12206757068634033,-0.003549337387084961
3,0,task_000,paraphrase_impl,paraphrase,1,random,4,1.0,-1.3483703136444092,-0.9808536171913147,0.3675166964530945,-1.8477439880371094e-06
3,4,task_004,canonical_test,canonical,0,random,4,1.0,-0.9778879880905151,-1.0743257999420166,-0.09643781185150146,-0.0015085935592651367
3,4,task_004,canonical_impl,canonical,1,random,4,1.0,-0.8342213034629822,-0.7878170013427734,0.04640430212020874,2.276897430419922e-05
3,4,task_004,paraphrase_test,paraphrase,0,random,4,1.0,-0.9179434180259705,-1.0162947177886963,-0.09835129976272583,0.00011998414993286133
3,4,task_004,paraphrase_impl,paraphrase,1,random,4,1.0,-0.850705087184906,-0.8506039977073669,0.0001010894775390625,-9.828805923461914e-05
3,8,task_008,canonical_test,canonical,0,random,4,1.0,-1.2337102890014648,-1.2889848947525024,-0.0552746057510376,0.0007154941558837891
3,8,task_008,canonical_impl,canonical,1,random,4,1.0,-1.1466467380523682,-1.0127280950546265,0.1339186429977417,0.0030133724212646484
3,8,task_008,paraphrase_test,paraphrase,0,random,4,1.0,-1.2923290729522705,-1.1823965311050415,0.109932541847229,0.003216266632080078
3,8,task_008,paraphrase_impl,paraphrase,1,random,4,1.0,-1.171546459197998,-0.9507303833961487,0.22081607580184937,-0.00019818544387817383
3,12,task_012,canonical_test,canonical,0,random,4,1.0,-1.2752952575683594,-1.298325538635254,-0.02303028106689453,-0.003475189208984375
3,12,task_012,canonical_impl,canonical,1,random,4,1.0,-1.3178987503051758,-1.0326945781707764,0.2852041721343994,0.0021796226501464844
3,12,task_012,paraphrase_test,paraphrase,0,random,4,1.0,-1.3099501132965088,-1.129872441291809,0.1800776720046997,-0.0004069805145263672
3,12,task_012,paraphrase_impl,paraphrase,1,random,4,1.0,-1.3739694356918335,-1.0206589698791504,0.3533104658126831,0.008610248565673828
3,16,task_016,canonical_test,canonical,0,random,4,1.0,-0.8994580507278442,-1.0110002756118774,-0.1115422248840332,-8.940696716308594e-06
3,16,task_016,canonical_impl,canonical,1,random,4,1.0,-0.8421863913536072,-0.76376873254776,0.07841765880584717,-0.001010596752166748
3,16,task_016,paraphrase_test,paraphrase,0,random,4,1.0,-0.9280405044555664,-0.9790364503860474,-0.05099594593048096,-0.00015819072723388672
3,16,task_016,paraphrase_impl,paraphrase,1,random,4,1.0,-0.8484677076339722,-0.7753879427909851,0.07307976484298706,-0.0013740062713623047
3,20,task_020,canonical_test,canonical,0,random,4,1.0,-1.2822332382202148,-1.235437035560608,0.046796202659606934,0.0032546520233154297
3,20,task_020,canonical_impl,canonical,1,random,4,1.0,-1.2556794881820679,-1.0175386667251587,0.23814082145690918,0.00375974178314209
3,20,task_020,paraphrase_test,paraphrase,0,random,4,1.0,-1.3382076025009155,-1.1775258779525757,0.16068172454833984,-0.00503993034362793
3,20,task_020,paraphrase_impl,paraphrase,1,random,4,1.0,-1.2646937370300293,-0.9865753054618835,0.27811843156814575,0.004196822643280029
3,24,task_024,canonical_test,canonical,0,random,4,1.0,-1.2679799795150757,-1.2782031297683716,-0.010223150253295898,-0.0011993646621704102
3,24,task_024,canonical_impl,canonical,1,random,4,1.0,-1.36104416847229,-1.0035806894302368,0.3574634790420532,1.919269561767578e-05
3,24,task_024,paraphrase_test,paraphrase,0,random,4,1.0,-1.3423198461532593,-1.1380940675735474,0.20422577857971191,-0.0018606185913085938
3,24,task_024,paraphrase_impl,paraphrase,1,random,4,1.0,-1.383707880973816,-0.9835882782936096,0.4001196026802063,0.0014829039573669434
3,28,task_028,canonical_test,canonical,0,random,4,1.0,-0.9176924228668213,-0.9724876284599304,-0.05479520559310913,-9.202957153320312e-05
3,28,task_028,canonical_impl,canonical,1,random,4,1.0,-0.8133057355880737,-0.7216649651527405,0.09164077043533325,-0.0044471025466918945
3,28,task_028,paraphrase_test,paraphrase,0,random,4,1.0,-0.9287415742874146,-1.0018523931503296,-0.07311081886291504,1.0728836059570312e-06
3,28,task_028,paraphrase_impl,paraphrase,1,random,4,1.0,-0.8551578521728516,-0.8096824884414673,0.04547536373138428,-0.016512513160705566
3,32,task_032,canonical_test,canonical,0,random,4,1.0,-1.187637448310852,-1.2276283502578735,-0.039990901947021484,-0.0032535791397094727
3,32,task_032,canonical_impl,canonical,1,random,4,1.0,-1.115695595741272,-0.9629752039909363,0.1527203917503357,-0.004421353340148926
3,32,task_032,paraphrase_test,paraphrase,0,random,4,1.0,-1.245521068572998,-1.1352014541625977,0.11031961441040039,0.010481953620910645
3,32,task_032,paraphrase_impl,paraphrase,1,random,4,1.0,-1.1157166957855225,-0.9044058322906494,0.21131086349487305,-0.00046330690383911133
3,36,task_036,canonical_test,canonical,0,random,4,1.0,-1.2491921186447144,-1.2798556089401245,-0.030663490295410156,-0.0007456541061401367
3,36,task_036,canonical_impl,canonical,1,random,4,1.0,-1.2909330129623413,-0.9764121770858765,0.31452083587646484,0.004278719425201416
3,36,task_036,paraphrase_test,paraphrase,0,random,4,1.0,-1.2650867700576782,-1.1127586364746094,0.15232813358306885,-0.0018334388732910156
3,36,task_036,paraphrase_impl,paraphrase,1,random,4,1.0,-1.311265230178833,-0.9840380549430847,0.3272271752357483,-0.003928959369659424
3,40,task_040,canonical_test,canonical,0,random,4,1.0,-0.9057854413986206,-1.0302878618240356,-0.12450242042541504,-0.00836879014968872
3,40,task_040,canonical_impl,canonical,1,random,4,1.0,-0.8151082396507263,-0.7448925971984863,0.07021564245223999,0.007490932941436768
3,40,task_040,paraphrase_test,paraphrase,0,random,4,1.0,-0.8989471793174744,-1.0175328254699707,-0.11858564615249634,-6.276369094848633e-05
3,40,task_040,paraphrase_impl,paraphrase,1,random,4,1.0,-0.8318512439727783,-0.8152545094490051,0.016596734523773193,0.0018153190612792969
3,44,task_044,canonical_test,canonical,0,random,4,1.0,-1.2951830625534058,-1.2968086004257202,-0.0016255378723144531,6.186962127685547e-05
3,44,task_044,canonical_impl,canonical,1,random,4,1.0,-1.241528034210205,-1.0888673067092896,0.15266072750091553,-0.0002092123031616211
3,44,task_044,paraphrase_test,paraphrase,0,random,4,1.0,-1.3603389263153076,-1.275303602218628,0.08503532409667969,-0.0013012886047363281
3,44,task_044,paraphrase_impl,paraphrase,1,random,4,1.0,-1.2534425258636475,-1.104030966758728,0.14941155910491943,-9.655952453613281e-06
