phase,task_id,family,recipient_wording,recipient_label,donor_wording,donor_label,relation,anchor,metric,value,selected_anchor,runner_up_anchor,reader_leakage_ratio,reader_baseline_margin_diff,reader_verified_v_diff,donor_selected_anchor
confirmation,exp12_test_edit_02,test_edit,canonical,0,canonical,1,opposite_same_wording,USER_END,selected_H20_residual_effect,0.20408273115754128,USER_END,ACTION0_END,,,,
confirmation,exp12_test_edit_02,test_edit,canonical,0,canonical,1,opposite_same_wording,USER_END,selected_V_sufficiency,0.0964040718972683,USER_END,ACTION0_END,,,,
confirmation,exp12_test_edit_02,test_edit,canonical,0,canonical,1,opposite_same_wording,USER_END,selected_V_necessity_loss,0.12556623108685017,USER_END,ACTION0_END,,,,
confirmation,exp12_test_edit_02,test_edit,canonical,0,canonical,1,opposite_same_wording,OLD_ABSOLUTE,old_absolute_V_sufficiency,-0.02656042017042637,USER_END,ACTION0_END,,,,
confirmation,exp12_test_edit_02,test_edit,canonical,0,canonical,1,opposite_same_wording,OLD_ABSOLUTE,old_absolute_local_V_necessity_loss,0.08713364228606224,USER_END,ACTION0_END,,,,
confirmation,exp12_test_edit_02,test_edit,canonical,0,canonical,1,opposite_same_wording,ACTION0_END,runner_up_V_sufficiency,0.026765303686261177,USER_END,ACTION0_END,,,,
confirmation,exp12_test_edit_02,test_edit,canonical,0,canonical,1,opposite_same_wording,ACTION0_END,runner_up_V_necessity_loss,0.018009472638368607,USER_END,ACTION0_END,,,,
confirmation,exp12_test_edit_02,test_edit,canonical,0,canonical,1,opposite_same_wording,USER_END,reader_verified_v_effect,0.0964040718972683,USER_END,ACTION0_END,0.0,0.0,0.0,
confirmation,exp12_test_edit_02,test_edit,canonical,0,canonical,1,opposite_same_wording,USER_END,reader_target_sufficiency,0.12424968555569649,USER_END,ACTION0_END,0.0,0.0,0.0,
confirmation,exp12_test_edit_02,test_edit,canonical,0,canonical,1,opposite_same_wording,USER_END,reader_target_necessity,0.11677886173129082,USER_END,ACTION0_END,0.0,0.0,0.0,
confirmation,exp12_test_edit_02,test_edit,canonical,0,canonical,1,opposite_same_wording,USER_END,reader_negative_sufficiency,-0.053695352748036385,USER_END,ACTION0_END,0.0,0.0,0.0,
confirmation,exp12_test_edit_02,test_edit,canonical,0,canonical,1,opposite_same_wording,USER_END,reader_negative_necessity,-0.05467909760773182,USER_END,ACTION0_END,0.0,0.0,0.0,
confirmation,exp12_test_edit_02,test_edit,canonical,0,canonical,1,opposite_same_wording,USER_END,reader_all7_sufficiency,0.0964040718972683,USER_END,ACTION0_END,0.0,0.0,0.0,
confirmation,exp12_test_edit_02,test_edit,canonical,0,canonical,1,opposite_same_wording,USER_END,reader_all7_necessity,0.0964040718972683,USER_END,ACTION0_END,0.0,0.0,0.0,
confirmation,exp12_test_edit_02,test_edit,canonical,0,canonical,1,opposite_same_wording,USER_END,reader_non_kv0_sufficiency,0.0,USER_END,ACTION0_END,0.0,0.0,0.0,
confirmation,exp12_test_edit_02,test_edit,canonical,0,canonical,1,opposite_same_wording,USER_END,reader_non_kv0_necessity,0.0,USER_END,ACTION0_END,0.0,0.0,0.0,
confirmation,exp12_test_edit_02,test_edit,canonical,0,paraphrase,1,opposite_cross_wording,USER_END,cross_selected_V_sufficiency,0.0888407900929451,,,,,,USER_END
confirmation,exp12_test_edit_02,test_edit,canonical,0,paraphrase,1,opposite_cross_wording,USER_END,cross_selected_V_necessity_loss,0.07237805984914303,,,,,,USER_END
confirmation,exp12_test_edit_02,test_edit,canonical,0,paraphrase,0,same_state_cross_wording,USER_END,same_state_selected_V_control,0.010945772752165794,,,,,,USER_END
confirmation,exp12_test_edit_02,test_edit,paraphrase,0,paraphrase,1,opposite_same_wording,USER_END,selected_H20_residual_effect,0.08909127488732338,USER_END,ACTION0_END,,,,
confirmation,exp12_test_edit_02,test_edit,paraphrase,0,paraphrase,1,opposite_same_wording,USER_END,selected_V_sufficiency,0.03801758401095867,USER_END,ACTION0_END,,,,
confirmation,exp12_test_edit_02,test_edit,paraphrase,0,paraphrase,1,opposite_same_wording,USER_END,selected_V_necessity_loss,0.026006054133176804,USER_END,ACTION0_END,,,,
confirmation,exp12_test_edit_02,test_edit,paraphrase,0,paraphrase,1,opposite_same_wording,OLD_ABSOLUTE,old_absolute_V_sufficiency,-0.07056568935513496,USER_END,ACTION0_END,,,,
confirmation,exp12_test_edit_02,test_edit,paraphrase,0,paraphrase,1,opposite_same_wording,OLD_ABSOLUTE,old_absolute_local_V_necessity_loss,0.07658673822879791,USER_END,ACTION0_END,,,,
confirmation,exp12_test_edit_02,test_edit,paraphrase,0,paraphrase,1,opposite_same_wording,ACTION0_END,runner_up_V_sufficiency,0.026784352958202362,USER_END,ACTION0_END,,,,
confirmation,exp12_test_edit_02,test_edit,paraphrase,0,paraphrase,1,opposite_same_wording,ACTION0_END,runner_up_V_necessity_loss,0.00742708332836628,USER_END,ACTION0_END,,,,
confirmation,exp12_test_edit_02,test_edit,paraphrase,0,paraphrase,1,opposite_same_wording,USER_END,reader_verified_v_effect,0.03801758401095867,USER_END,ACTION0_END,0.0,0.0,0.0,
confirmation,exp12_test_edit_02,test_edit,paraphrase,0,paraphrase,1,opposite_same_wording,USER_END,reader_target_sufficiency,0.08256090432405472,USER_END,ACTION0_END,0.0,0.0,0.0,
confirmation,exp12_test_edit_02,test_edit,paraphrase,0,paraphrase,1,opposite_same_wording,USER_END,reader_target_necessity,0.09028864838182926,USER_END,ACTION0_END,0.0,0.0,0.0,
confirmation,exp12_test_edit_02,test_edit,paraphrase,0,paraphrase,1,opposite_same_wording,USER_END,reader_negative_sufficiency,-0.06201786547899246,USER_END,ACTION0_END,0.0,0.0,0.0,
confirmation,exp12_test_edit_02,test_edit,paraphrase,0,paraphrase,1,opposite_same_wording,USER_END,reader_negative_necessity,-0.062409425154328346,USER_END,ACTION0_END,0.0,0.0,0.0,
confirmation,exp12_test_edit_02,test_edit,paraphrase,0,paraphrase,1,opposite_same_wording,USER_END,reader_all7_sufficiency,0.03801758401095867,USER_END,ACTION0_END,0.0,0.0,0.0,
confirmation,exp12_test_edit_02,test_edit,paraphrase,0,paraphrase,1,opposite_same_wording,USER_END,reader_all7_necessity,0.03801758401095867,USER_END,ACTION0_END,0.0,0.0,0.0,
confirmation,exp12_test_edit_02,test_edit,paraphrase,0,paraphrase,1,opposite_same_wording,USER_END,reader_non_kv0_sufficiency,0.0,USER_END,ACTION0_END,0.0,0.0,0.0,
confirmation,exp12_test_edit_02,test_edit,paraphrase,0,paraphrase,1,opposite_same_wording,USER_END,reader_non_kv0_necessity,0.0,USER_END,ACTION0_END,0.0,0.0,0.0,
confirmation,exp12_test_edit_02,test_edit,paraphrase,0,canonical,1,opposite_cross_wording,USER_END,cross_selected_V_sufficiency,0.046547986567020416,,,,,,USER_END
confirmation,exp12_test_edit_02,test_edit,paraphrase,0,canonical,1,opposite_cross_wording,USER_END,cross_selected_V_necessity_loss,0.10742403380572796,,,,,,USER_END
confirmation,exp12_test_edit_02,test_edit,paraphrase,0,canonical,0,same_state_cross_wording,USER_END,same_state_selected_V_control,-0.00805743969976902,,,,,,USER_END
confirmation,exp12_test_edit_02,test_edit,canonical,1,canonical,0,opposite_same_wording,USER_END,selected_H20_residual_effect,0.13412919640541077,USER_END,ACTION0_END,,,,
confirmation,exp12_test_edit_02,test_edit,canonical,1,canonical,0,opposite_same_wording,USER_END,selected_V_sufficiency,0.11947961151599884,USER_END,ACTION0_END,,,,
confirmation,exp12_test_edit_02,test_edit,canonical,1,canonical,0,opposite_same_wording,USER_END,selected_V_necessity_loss,0.08755703270435333,USER_END,ACTION0_END,,,,
confirmation,exp12_test_edit_02,test_edit,canonical,1,canonical,0,opposite_same_wording,OLD_ABSOLUTE,old_absolute_V_sufficiency,0.0651988834142685,USER_END,ACTION0_END,,,,
confirmation,exp12_test_edit_02,test_edit,canonical,1,canonical,0,opposite_same_wording,OLD_ABSOLUTE,old_absolute_local_V_necessity_loss,-0.06013931334018707,USER_END,ACTION0_END,,,,
confirmation,exp12_test_edit_02,test_edit,canonical,1,canonical,0,opposite_same_wording,ACTION0_END,runner_up_V_sufficiency,0.013753816485404968,USER_END,ACTION0_END,,,,
confirmation,exp12_test_edit_02,test_edit,canonical,1,canonical,0,opposite_same_wording,ACTION0_END,runner_up_V_necessity_loss,0.002515368163585663,USER_END,ACTION0_END,,,,
confirmation,exp12_test_edit_02,test_edit,canonical,1,canonical,0,opposite_same_wording,USER_END,reader_verified_v_effect,0.11947961151599884,USER_END,ACTION0_END,0.0,0.0,0.0,
confirmation,exp12_test_edit_02,test_edit,canonical,1,canonical,0,opposite_same_wording,USER_END,reader_target_sufficiency,0.13611184060573578,USER_END,ACTION0_END,0.0,0.0,0.0,
confirmation,exp12_test_edit_02,test_edit,canonical,1,canonical,0,opposite_same_wording,USER_END,reader_target_necessity,0.12254643440246582,USER_END,ACTION0_END,0.0,0.0,0.0,
confirmation,exp12_test_edit_02,test_edit,canonical,1,canonical,0,opposite_same_wording,USER_END,reader_negative_sufficiency,-0.010056361556053162,USER_END,ACTION0_END,0.0,0.0,0.0,
confirmation,exp12_test_edit_02,test_edit,canonical,1,canonical,0,opposite_same_wording,USER_END,reader_negative_necessity,-0.03186485171318054,USER_END,ACTION0_END,0.0,0.0,0.0,
confirmation,exp12_test_edit_02,test_edit,canonical,1,canonical,0,opposite_same_wording,USER_END,reader_all7_sufficiency,0.11947961151599884,USER_END,ACTION0_END,0.0,0.0,0.0,
confirmation,exp12_test_edit_02,test_edit,canonical,1,canonical,0,opposite_same_wording,USER_END,reader_all7_necessity,0.11947961151599884,USER_END,ACTION0_END,0.0,0.0,0.0,
confirmation,exp12_test_edit_02,test_edit,canonical,1,canonical,0,opposite_same_wording,USER_END,reader_non_kv0_sufficiency,-0.0,USER_END,ACTION0_END,0.0,0.0,0.0,
confirmation,exp12_test_edit_02,test_edit,canonical,1,canonical,0,opposite_same_wording,USER_END,reader_non_kv0_necessity,0.0,USER_END,ACTION0_END,0.0,0.0,0.0,
confirmation,exp12_test_edit_02,test_edit,canonical,1,paraphrase,0,opposite_cross_wording,USER_END,cross_selected_V_sufficiency,0.09767525643110275,,,,,,USER_END
confirmation,exp12_test_edit_02,test_edit,canonical,1,paraphrase,0,opposite_cross_wording,USER_END,cross_selected_V_necessity_loss,0.048452362418174744,,,,,,USER_END
confirmation,exp12_test_edit_02,test_edit,canonical,1,paraphrase,1,same_state_cross_wording,USER_END,same_state_selected_V_control,0.0077212899923324585,,,,,,USER_END
confirmation,exp12_test_edit_02,test_edit,paraphrase,1,paraphrase,0,opposite_same_wording,USER_END,selected_H20_residual_effect,0.19926241040229797,USER_END,ACTION0_END,,,,
confirmation,exp12_test_edit_02,test_edit,paraphrase,1,paraphrase,0,opposite_same_wording,USER_END,selected_V_sufficiency,0.12597355246543884,USER_END,ACTION0_END,,,,
confirmation,exp12_test_edit_02,test_edit,paraphrase,1,paraphrase,0,opposite_same_wording,USER_END,selected_V_necessity_loss,0.16866670548915863,USER_END,ACTION0_END,,,,
confirmation,exp12_test_edit_02,test_edit,paraphrase,1,paraphrase,0,opposite_same_wording,OLD_ABSOLUTE,old_absolute_V_sufficiency,0.04958269000053406,USER_END,ACTION0_END,,,,
confirmation,exp12_test_edit_02,test_edit,paraphrase,1,paraphrase,0,opposite_same_wording,OLD_ABSOLUTE,old_absolute_local_V_necessity_loss,-0.017777826637029648,USER_END,ACTION0_END,,,,
confirmation,exp12_test_edit_02,test_edit,paraphrase,1,paraphrase,0,opposite_same_wording,ACTION0_END,runner_up_V_sufficiency,0.0012805312871932983,USER_END,ACTION0_END,,,,
confirmation,exp12_test_edit_02,test_edit,paraphrase,1,paraphrase,0,opposite_same_wording,ACTION0_END,runner_up_V_necessity_loss,-0.00017374753952026367,USER_END,ACTION0_END,,,,
confirmation,exp12_test_edit_02,test_edit,paraphrase,1,paraphrase,0,opposite_same_wording,USER_END,reader_verified_v_effect,0.12597355246543884,USER_END,ACTION0_END,0.0,0.0,0.0,
confirmation,exp12_test_edit_02,test_edit,paraphrase,1,paraphrase,0,opposite_same_wording,USER_END,reader_target_sufficiency,0.13598541915416718,USER_END,ACTION0_END,0.0,0.0,0.0,
confirmation,exp12_test_edit_02,test_edit,paraphrase,1,paraphrase,0,opposite_same_wording,USER_END,reader_target_necessity,0.12452596426010132,USER_END,ACTION0_END,0.0,0.0,0.0,
confirmation,exp12_test_edit_02,test_edit,paraphrase,1,paraphrase,0,opposite_same_wording,USER_END,reader_negative_sufficiency,-0.02849997580051422,USER_END,ACTION0_END,0.0,0.0,0.0,
confirmation,exp12_test_edit_02,test_edit,paraphrase,1,paraphrase,0,opposite_same_wording,USER_END,reader_negative_necessity,-0.02584114670753479,USER_END,ACTION0_END,0.0,0.0,0.0,
confirmation,exp12_test_edit_02,test_edit,paraphrase,1,paraphrase,0,opposite_same_wording,USER_END,reader_all7_sufficiency,0.12597355246543884,USER_END,ACTION0_END,0.0,0.0,0.0,
confirmation,exp12_test_edit_02,test_edit,paraphrase,1,paraphrase,0,opposite_same_wording,USER_END,reader_all7_necessity,0.12597355246543884,USER_END,ACTION0_END,0.0,0.0,0.0,
confirmation,exp12_test_edit_02,test_edit,paraphrase,1,paraphrase,0,opposite_same_wording,USER_END,reader_non_kv0_sufficiency,-0.0,USER_END,ACTION0_END,0.0,0.0,0.0,
confirmation,exp12_test_edit_02,test_edit,paraphrase,1,paraphrase,0,opposite_same_wording,USER_END,reader_non_kv0_necessity,0.0,USER_END,ACTION0_END,0.0,0.0,0.0,
confirmation,exp12_test_edit_02,test_edit,paraphrase,1,canonical,0,opposite_cross_wording,USER_END,cross_selected_V_sufficiency,0.12617354094982147,,,,,,USER_END
confirmation,exp12_test_edit_02,test_edit,paraphrase,1,canonical,0,opposite_cross_wording,USER_END,cross_selected_V_necessity_loss,0.20687846839427948,,,,,,USER_END
confirmation,exp12_test_edit_02,test_edit,paraphrase,1,canonical,1,same_state_cross_wording,USER_END,same_state_selected_V_control,-0.009280487895011902,,,,,,USER_END
confirmation,exp12_test_edit_04,test_edit,canonical,0,canonical,1,opposite_same_wording,USER_END,selected_H20_residual_effect,0.1648403275758028,USER_END,ACTION0_END,,,,
confirmation,exp12_test_edit_04,test_edit,canonical,0,canonical,1,opposite_same_wording,USER_END,selected_V_sufficiency,0.07036595046520233,USER_END,ACTION0_END,,,,
confirmation,exp12_test_edit_04,test_edit,canonical,0,canonical,1,opposite_same_wording,USER_END,selected_V_necessity_loss,0.10280381515622139,USER_END,ACTION0_END,,,,
confirmation,exp12_test_edit_04,test_edit,canonical,0,canonical,1,opposite_same_wording,OLD_ABSOLUTE,old_absolute_V_sufficiency,-0.03100922703742981,USER_END,ACTION0_END,,,,
confirmation,exp12_test_edit_04,test_edit,canonical,0,canonical,1,opposite_same_wording,OLD_ABSOLUTE,old_absolute_local_V_necessity_loss,0.06214268133044243,USER_END,ACTION0_END,,,,
confirmation,exp12_test_edit_04,test_edit,canonical,0,canonical,1,opposite_same_wording,ACTION0_END,runner_up_V_sufficiency,0.015847286209464073,USER_END,ACTION0_END,,,,
confirmation,exp12_test_edit_04,test_edit,canonical,0,canonical,1,opposite_same_wording,ACTION0_END,runner_up_V_necessity_loss,0.0017274199053645134,USER_END,ACTION0_END,,,,
confirmation,exp12_test_edit_04,test_edit,canonical,0,canonical,1,opposite_same_wording,USER_END,reader_verified_v_effect,0.07036595046520233,USER_END,ACTION0_END,0.0,0.0,0.0,
confirmation,exp12_test_edit_04,test_edit,canonical,0,canonical,1,opposite_same_wording,USER_END,reader_target_sufficiency,0.0946942288428545,USER_END,ACTION0_END,0.0,0.0,0.0,
confirmation,exp12_test_edit_04,test_edit,canonical,0,canonical,1,opposite_same_wording,USER_END,reader_target_necessity,0.1015702337026596,USER_END,ACTION0_END,0.0,0.0,0.0,
confirmation,exp12_test_edit_04,test_edit,canonical,0,canonical,1,opposite_same_wording,USER_END,reader_negative_sufficiency,-0.04682141728699207,USER_END,ACTION0_END,0.0,0.0,0.0,
confirmation,exp12_test_edit_04,test_edit,canonical,0,canonical,1,opposite_same_wording,USER_END,reader_negative_necessity,-0.06258876249194145,USER_END,ACTION0_END,0.0,0.0,0.0,
confirmation,exp12_test_edit_04,test_edit,canonical,0,canonical,1,opposite_same_wording,USER_END,reader_all7_sufficiency,0.07036595046520233,USER_END,ACTION0_END,0.0,0.0,0.0,
confirmation,exp12_test_edit_04,test_edit,canonical,0,canonical,1,opposite_same_wording,USER_END,reader_all7_necessity,0.07036595046520233,USER_END,ACTION0_END,0.0,0.0,0.0,
confirmation,exp12_test_edit_04,test_edit,canonical,0,canonical,1,opposite_same_wording,USER_END,reader_non_kv0_sufficiency,0.0,USER_END,ACTION0_END,0.0,0.0,0.0,
confirmation,exp12_test_edit_04,test_edit,canonical,0,canonical,1,opposite_same_wording,USER_END,reader_non_kv0_necessity,0.0,USER_END,ACTION0_END,0.0,0.0,0.0,
confirmation,exp12_test_edit_04,test_edit,canonical,0,paraphrase,1,opposite_cross_wording,USER_END,cross_selected_V_sufficiency,0.06271579302847385,,,,,,USER_END
confirmation,exp12_test_edit_04,test_edit,canonical,0,paraphrase,1,opposite_cross_wording,USER_END,cross_selected_V_necessity_loss,0.04733707569539547,,,,,,USER_END
confirmation,exp12_test_edit_04,test_edit,canonical,0,paraphrase,0,same_state_cross_wording,USER_END,same_state_selected_V_control,0.007728101685643196,,,,,,USER_END
confirmation,exp12_test_edit_04,test_edit,paraphrase,0,paraphrase,1,opposite_same_wording,USER_END,selected_H20_residual_effect,0.09282754734158516,USER_END,ACTION0_END,,,,
confirmation,exp12_test_edit_04,test_edit,paraphrase,0,paraphrase,1,opposite_same_wording,USER_END,selected_V_sufficiency,0.053792400285601616,USER_END,ACTION0_END,,,,
confirmation,exp12_test_edit_04,test_edit,paraphrase,0,paraphrase,1,opposite_same_wording,USER_END,selected_V_necessity_loss,0.03094344772398472,USER_END,ACTION0_END,,,,
confirmation,exp12_test_edit_04,test_edit,paraphrase,0,paraphrase,1,opposite_same_wording,OLD_ABSOLUTE,old_absolute_V_sufficiency,-0.03972761146724224,USER_END,ACTION0_END,,,,
confirmation,exp12_test_edit_04,test_edit,paraphrase,0,paraphrase,1,opposite_same_wording,OLD_ABSOLUTE,old_absolute_local_V_necessity_loss,0.05562254413962364,USER_END,ACTION0_END,,,,
confirmation,exp12_test_edit_04,test_edit,paraphrase,0,paraphrase,1,opposite_same_wording,ACTION0_END,runner_up_V_sufficiency,0.007797593250870705,USER_END,ACTION0_END,,,,
confirmation,exp12_test_edit_04,test_edit,paraphrase,0,paraphrase,1,opposite_same_wording,ACTION0_END,runner_up_V_necessity_loss,0.022014454938471317,USER_END,ACTION0_END,,,,
confirmation,exp12_test_edit_04,test_edit,paraphrase,0,paraphrase,1,opposite_same_wording,USER_END,reader_verified_v_effect,0.053792400285601616,USER_END,ACTION0_END,0.0,0.0,0.0,
confirmation,exp12_test_edit_04,test_edit,paraphrase,0,paraphrase,1,opposite_same_wording,USER_END,reader_target_sufficiency,0.09292149916291237,USER_END,ACTION0_END,0.0,0.0,0.0,
confirmation,exp12_test_edit_04,test_edit,paraphrase,0,paraphrase,1,opposite_same_wording,USER_END,reader_target_necessity,0.08513707295060158,USER_END,ACTION0_END,0.0,0.0,0.0,
confirmation,exp12_test_edit_04,test_edit,paraphrase,0,paraphrase,1,opposite_same_wording,USER_END,reader_negative_sufficiency,-0.03919922187924385,USER_END,ACTION0_END,0.0,0.0,0.0,
confirmation,exp12_test_edit_04,test_edit,paraphrase,0,paraphrase,1,opposite_same_wording,USER_END,reader_negative_necessity,-0.04672565869987011,USER_END,ACTION0_END,0.0,0.0,0.0,
confirmation,exp12_test_edit_04,test_edit,paraphrase,0,paraphrase,1,opposite_same_wording,USER_END,reader_all7_sufficiency,0.053792400285601616,USER_END,ACTION0_END,0.0,0.0,0.0,
confirmation,exp12_test_edit_04,test_edit,paraphrase,0,paraphrase,1,opposite_same_wording,USER_END,reader_all7_necessity,0.053792400285601616,USER_END,ACTION0_END,0.0,0.0,0.0,
confirmation,exp12_test_edit_04,test_edit,paraphrase,0,paraphrase,1,opposite_same_wording,USER_END,reader_non_kv0_sufficiency,0.0,USER_END,ACTION0_END,0.0,0.0,0.0,
confirmation,exp12_test_edit_04,test_edit,paraphrase,0,paraphrase,1,opposite_same_wording,USER_END,reader_non_kv0_necessity,0.0,USER_END,ACTION0_END,0.0,0.0,0.0,
confirmation,exp12_test_edit_04,test_edit,paraphrase,0,canonical,1,opposite_cross_wording,USER_END,cross_selected_V_sufficiency,0.05394042655825615,,,,,,USER_END
confirmation,exp12_test_edit_04,test_edit,paraphrase,0,canonical,1,opposite_cross_wording,USER_END,cross_selected_V_necessity_loss,0.10790757834911346,,,,,,USER_END
confirmation,exp12_test_edit_04,test_edit,paraphrase,0,canonical,0,same_state_cross_wording,USER_END,same_state_selected_V_control,0.0009913835674524307,,,,,,USER_END
confirmation,exp12_test_edit_04,test_edit,canonical,1,canonical,0,opposite_same_wording,USER_END,selected_H20_residual_effect,0.11576027423143387,USER_END,ACTION0_END,,,,
confirmation,exp12_test_edit_04,test_edit,canonical,1,canonical,0,opposite_same_wording,USER_END,selected_V_sufficiency,0.10290933400392532,USER_END,ACTION0_END,,,,
confirmation,exp12_test_edit_04,test_edit,canonical,1,canonical,0,opposite_same_wording,USER_END,selected_V_necessity_loss,0.0746368020772934,USER_END,ACTION0_END,,,,
confirmation,exp12_test_edit_04,test_edit,canonical,1,canonical,0,opposite_same_wording,OLD_ABSOLUTE,old_absolute_V_sufficiency,0.058134518563747406,USER_END,ACTION0_END,,,,
confirmation,exp12_test_edit_04,test_edit,canonical,1,canonical,0,opposite_same_wording,OLD_ABSOLUTE,old_absolute_local_V_necessity_loss,-0.05606013163924217,USER_END,ACTION0_END,,,,
confirmation,exp12_test_edit_04,test_edit,canonical,1,canonical,0,opposite_same_wording,ACTION0_END,runner_up_V_sufficiency,-0.0001979619264602661,USER_END,ACTION0_END,,,,
confirmation,exp12_test_edit_04,test_edit,canonical,1,canonical,0,opposite_same_wording,ACTION0_END,runner_up_V_necessity_loss,0.0023523345589637756,USER_END,ACTION0_END,,,,
confirmation,exp12_test_edit_04,test_edit,canonical,1,canonical,0,opposite_same_wording,USER_END,reader_verified_v_effect,0.10290933400392532,USER_END,ACTION0_END,0.0,0.0,0.0,
confirmation,exp12_test_edit_04,test_edit,canonical,1,canonical,0,opposite_same_wording,USER_END,reader_target_sufficiency,0.10806647688150406,USER_END,ACTION0_END,0.0,0.0,0.0,
confirmation,exp12_test_edit_04,test_edit,canonical,1,canonical,0,opposite_same_wording,USER_END,reader_target_necessity,0.11433810740709305,USER_END,ACTION0_END,0.0,0.0,0.0,
confirmation,exp12_test_edit_04,test_edit,canonical,1,canonical,0,opposite_same_wording,USER_END,reader_negative_sufficiency,-0.012540481984615326,USER_END,ACTION0_END,0.0,0.0,0.0,
confirmation,exp12_test_edit_04,test_edit,canonical,1,canonical,0,opposite_same_wording,USER_END,reader_negative_necessity,-0.029516443610191345,USER_END,ACTION0_END,0.0,0.0,0.0,
confirmation,exp12_test_edit_04,test_edit,canonical,1,canonical,0,opposite_same_wording,USER_END,reader_all7_sufficiency,0.10290933400392532,USER_END,ACTION0_END,0.0,0.0,0.0,
confirmation,exp12_test_edit_04,test_edit,canonical,1,canonical,0,opposite_same_wording,USER_END,reader_all7_necessity,0.10290933400392532,USER_END,ACTION0_END,0.0,0.0,0.0,
confirmation,exp12_test_edit_04,test_edit,canonical,1,canonical,0,opposite_same_wording,USER_END,reader_non_kv0_sufficiency,-0.0,USER_END,ACTION0_END,0.0,0.0,0.0,
confirmation,exp12_test_edit_04,test_edit,canonical,1,canonical,0,opposite_same_wording,USER_END,reader_non_kv0_necessity,0.0,USER_END,ACTION0_END,0.0,0.0,0.0,
confirmation,exp12_test_edit_04,test_edit,canonical,1,paraphrase,0,opposite_cross_wording,USER_END,cross_selected_V_sufficiency,0.08611297607421875,,,,,,USER_END
confirmation,exp12_test_edit_04,test_edit,canonical,1,paraphrase,0,opposite_cross_wording,USER_END,cross_selected_V_necessity_loss,0.05257337540388107,,,,,,USER_END
confirmation,exp12_test_edit_04,test_edit,canonical,1,paraphrase,1,same_state_cross_wording,USER_END,same_state_selected_V_control,0.008992552757263184,,,,,,USER_END
confirmation,exp12_test_edit_04,test_edit,paraphrase,1,paraphrase,0,opposite_same_wording,USER_END,selected_H20_residual_effect,0.16579286009073257,USER_END,ACTION0_END,,,,
confirmation,exp12_test_edit_04,test_edit,paraphrase,1,paraphrase,0,opposite_same_wording,USER_END,selected_V_sufficiency,0.09910488873720169,USER_END,ACTION0_END,,,,
confirmation,exp12_test_edit_04,test_edit,paraphrase,1,paraphrase,0,opposite_same_wording,USER_END,selected_V_necessity_loss,0.13413766771554947,USER_END,ACTION0_END,,,,
confirmation,exp12_test_edit_04,test_edit,paraphrase,1,paraphrase,0,opposite_same_wording,OLD_ABSOLUTE,old_absolute_V_sufficiency,0.042411498725414276,USER_END,ACTION0_END,,,,
confirmation,exp12_test_edit_04,test_edit,paraphrase,1,paraphrase,0,opposite_same_wording,OLD_ABSOLUTE,old_absolute_local_V_necessity_loss,-0.03087720274925232,USER_END,ACTION0_END,,,,
confirmation,exp12_test_edit_04,test_edit,paraphrase,1,paraphrase,0,opposite_same_wording,ACTION0_END,runner_up_V_sufficiency,0.002097383141517639,USER_END,ACTION0_END,,,,
confirmation,exp12_test_edit_04,test_edit,paraphrase,1,paraphrase,0,opposite_same_wording,ACTION0_END,runner_up_V_necessity_loss,-0.0020322203636169434,USER_END,ACTION0_END,,,,
confirmation,exp12_test_edit_04,test_edit,paraphrase,1,paraphrase,0,opposite_same_wording,USER_END,reader_verified_v_effect,0.09910488873720169,USER_END,ACTION0_END,0.0,0.0,0.0,
confirmation,exp12_test_edit_04,test_edit,paraphrase,1,paraphrase,0,opposite_same_wording,USER_END,reader_target_sufficiency,0.10788341611623764,USER_END,ACTION0_END,0.0,0.0,0.0,
confirmation,exp12_test_edit_04,test_edit,paraphrase,1,paraphrase,0,opposite_same_wording,USER_END,reader_target_necessity,0.10647698491811752,USER_END,ACTION0_END,0.0,0.0,0.0,
confirmation,exp12_test_edit_04,test_edit,paraphrase,1,paraphrase,0,opposite_same_wording,USER_END,reader_negative_sufficiency,-0.0166897252202034,USER_END,ACTION0_END,0.0,0.0,0.0,
confirmation,exp12_test_edit_04,test_edit,paraphrase,1,paraphrase,0,opposite_same_wording,USER_END,reader_negative_necessity,-0.025389865040779114,USER_END,ACTION0_END,0.0,0.0,0.0,
confirmation,exp12_test_edit_04,test_edit,paraphrase,1,paraphrase,0,opposite_same_wording,USER_END,reader_all7_sufficiency,0.09910488873720169,USER_END,ACTION0_END,0.0,0.0,0.0,
confirmation,exp12_test_edit_04,test_edit,paraphrase,1,paraphrase,0,opposite_same_wording,USER_END,reader_all7_necessity,0.09910488873720169,USER_END,ACTION0_END,0.0,0.0,0.0,
confirmation,exp12_test_edit_04,test_edit,paraphrase,1,paraphrase,0,opposite_same_wording,USER_END,reader_non_kv0_sufficiency,-0.0,USER_END,ACTION0_END,0.0,0.0,0.0,
confirmation,exp12_test_edit_04,test_edit,paraphrase,1,paraphrase,0,opposite_same_wording,USER_END,reader_non_kv0_necessity,0.0,USER_END,ACTION0_END,0.0,0.0,0.0,
confirmation,exp12_test_edit_04,test_edit,paraphrase,1,canonical,0,opposite_cross_wording,USER_END,cross_selected_V_sufficiency,0.09997492283582687,,,,,,USER_END
confirmation,exp12_test_edit_04,test_edit,paraphrase,1,canonical,0,opposite_cross_wording,USER_END,cross_selected_V_necessity_loss,0.17666012793779373,,,,,,USER_END
confirmation,exp12_test_edit_04,test_edit,paraphrase,1,canonical,1,same_state_cross_wording,USER_END,same_state_selected_V_control,-0.0009752660989761353,,,,,,USER_END
confirmation,exp12_test_edit_06,test_edit,canonical,0,canonical,1,opposite_same_wording,USER_END,selected_H20_residual_effect,0.1401062924414873,USER_END,ACTION0_END,,,,
confirmation,exp12_test_edit_06,test_edit,canonical,0,canonical,1,opposite_same_wording,USER_END,selected_V_sufficiency,0.04737451486289501,USER_END,ACTION0_END,,,,
confirmation,exp12_test_edit_06,test_edit,canonical,0,canonical,1,opposite_same_wording,USER_END,selected_V_necessity_loss,0.09353986941277981,USER_END,ACTION0_END,,,,
confirmation,exp12_test_edit_06,test_edit,canonical,0,canonical,1,opposite_same_wording,OLD_ABSOLUTE,old_absolute_V_sufficiency,-0.03982589393854141,USER_END,ACTION0_END,,,,
confirmation,exp12_test_edit_06,test_edit,canonical,0,canonical,1,opposite_same_wording,OLD_ABSOLUTE,old_absolute_local_V_necessity_loss,0.03819875791668892,USER_END,ACTION0_END,,,,
confirmation,exp12_test_edit_06,test_edit,canonical,0,canonical,1,opposite_same_wording,ACTION0_END,runner_up_V_sufficiency,-0.0009557623416185379,USER_END,ACTION0_END,,,,
confirmation,exp12_test_edit_06,test_edit,canonical,0,canonical,1,opposite_same_wording,ACTION0_END,runner_up_V_necessity_loss,0.00783899612724781,USER_END,ACTION0_END,,,,
confirmation,exp12_test_edit_06,test_edit,canonical,0,canonical,1,opposite_same_wording,USER_END,reader_verified_v_effect,0.04737451486289501,USER_END,ACTION0_END,0.0,0.0,0.0,
confirmation,exp12_test_edit_06,test_edit,canonical,0,canonical,1,opposite_same_wording,USER_END,reader_target_sufficiency,0.07868959754705429,USER_END,ACTION0_END,0.0,0.0,0.0,
confirmation,exp12_test_edit_06,test_edit,canonical,0,canonical,1,opposite_same_wording,USER_END,reader_target_necessity,0.08638678677380085,USER_END,ACTION0_END,0.0,0.0,0.0,
confirmation,exp12_test_edit_06,test_edit,canonical,0,canonical,1,opposite_same_wording,USER_END,reader_negative_sufficiency,-0.06223106198012829,USER_END,ACTION0_END,0.0,0.0,0.0,
confirmation,exp12_test_edit_06,test_edit,canonical,0,canonical,1,opposite_same_wording,USER_END,reader_negative_necessity,-0.05465858802199364,USER_END,ACTION0_END,0.0,0.0,0.0,
confirmation,exp12_test_edit_06,test_edit,canonical,0,canonical,1,opposite_same_wording,USER_END,reader_all7_sufficiency,0.04737451486289501,USER_END,ACTION0_END,0.0,0.0,0.0,
confirmation,exp12_test_edit_06,test_edit,canonical,0,canonical,1,opposite_same_wording,USER_END,reader_all7_necessity,0.04737451486289501,USER_END,ACTION0_END,0.0,0.0,0.0,
confirmation,exp12_test_edit_06,test_edit,canonical,0,canonical,1,opposite_same_wording,USER_END,reader_non_kv0_sufficiency,0.0,USER_END,ACTION0_END,0.0,0.0,0.0,
confirmation,exp12_test_edit_06,test_edit,canonical,0,canonical,1,opposite_same_wording,USER_END,reader_non_kv0_necessity,0.0,USER_END,ACTION0_END,0.0,0.0,0.0,
confirmation,exp12_test_edit_06,test_edit,canonical,0,paraphrase,1,opposite_cross_wording,USER_END,cross_selected_V_sufficiency,0.04718218185007572,,,,,,USER_END
confirmation,exp12_test_edit_06,test_edit,canonical,0,paraphrase,1,opposite_cross_wording,USER_END,cross_selected_V_necessity_loss,0.0467116329818964,,,,,,USER_END
confirmation,exp12_test_edit_06,test_edit,canonical,0,paraphrase,0,same_state_cross_wording,USER_END,same_state_selected_V_control,0.023103885352611542,,,,,,USER_END
confirmation,exp12_test_edit_06,test_edit,paraphrase,0,paraphrase,1,opposite_same_wording,USER_END,selected_H20_residual_effect,0.07763468474149704,USER_END,ACTION0_END,,,,
confirmation,exp12_test_edit_06,test_edit,paraphrase,0,paraphrase,1,opposite_same_wording,USER_END,selected_V_sufficiency,0.039257051423192024,USER_END,ACTION0_END,,,,
confirmation,exp12_test_edit_06,test_edit,paraphrase,0,paraphrase,1,opposite_same_wording,USER_END,selected_V_necessity_loss,0.0083340834826231,USER_END,ACTION0_END,,,,
confirmation,exp12_test_edit_06,test_edit,paraphrase,0,paraphrase,1,opposite_same_wording,OLD_ABSOLUTE,old_absolute_V_sufficiency,-0.061514681205153465,USER_END,ACTION0_END,,,,
confirmation,exp12_test_edit_06,test_edit,paraphrase,0,paraphrase,1,opposite_same_wording,OLD_ABSOLUTE,old_absolute_local_V_necessity_loss,0.02763652801513672,USER_END,ACTION0_END,,,,
confirmation,exp12_test_edit_06,test_edit,paraphrase,0,paraphrase,1,opposite_same_wording,ACTION0_END,runner_up_V_sufficiency,0.008492471650242805,USER_END,ACTION0_END,,,,
confirmation,exp12_test_edit_06,test_edit,paraphrase,0,paraphrase,1,opposite_same_wording,ACTION0_END,runner_up_V_necessity_loss,0.02142583206295967,USER_END,ACTION0_END,,,,
confirmation,exp12_test_edit_06,test_edit,paraphrase,0,paraphrase,1,opposite_same_wording,USER_END,reader_verified_v_effect,0.039257051423192024,USER_END,ACTION0_END,0.0,0.0,0.0,
confirmation,exp12_test_edit_06,test_edit,paraphrase,0,paraphrase,1,opposite_same_wording,USER_END,reader_target_sufficiency,0.08623349107801914,USER_END,ACTION0_END,0.0,0.0,0.0,
confirmation,exp12_test_edit_06,test_edit,paraphrase,0,paraphrase,1,opposite_same_wording,USER_END,reader_target_necessity,0.0780374351888895,USER_END,ACTION0_END,0.0,0.0,0.0,
confirmation,exp12_test_edit_06,test_edit,paraphrase,0,paraphrase,1,opposite_same_wording,USER_END,reader_negative_sufficiency,-0.04667509347200394,USER_END,ACTION0_END,0.0,0.0,0.0,
confirmation,exp12_test_edit_06,test_edit,paraphrase,0,paraphrase,1,opposite_same_wording,USER_END,reader_negative_necessity,-0.05481770820915699,USER_END,ACTION0_END,0.0,0.0,0.0,
confirmation,exp12_test_edit_06,test_edit,paraphrase,0,paraphrase,1,opposite_same_wording,USER_END,reader_all7_sufficiency,0.039257051423192024,USER_END,ACTION0_END,0.0,0.0,0.0,
confirmation,exp12_test_edit_06,test_edit,paraphrase,0,paraphrase,1,opposite_same_wording,USER_END,reader_all7_necessity,0.039257051423192024,USER_END,ACTION0_END,0.0,0.0,0.0,
confirmation,exp12_test_edit_06,test_edit,paraphrase,0,paraphrase,1,opposite_same_wording,USER_END,reader_non_kv0_sufficiency,0.0,USER_END,ACTION0_END,0.0,0.0,0.0,
confirmation,exp12_test_edit_06,test_edit,paraphrase,0,paraphrase,1,opposite_same_wording,USER_END,reader_non_kv0_necessity,0.0,USER_END,ACTION0_END,0.0,0.0,0.0,
confirmation,exp12_test_edit_06,test_edit,paraphrase,0,canonical,1,opposite_cross_wording,USER_END,cross_selected_V_sufficiency,0.04744144529104233,,,,,,USER_END
confirmation,exp12_test_edit_06,test_edit,paraphrase,0,canonical,1,opposite_cross_wording,USER_END,cross_selected_V_necessity_loss,0.08698653429746628,,,,,,USER_END
confirmation,exp12_test_edit_06,test_edit,paraphrase,0,canonical,0,same_state_cross_wording,USER_END,same_state_selected_V_control,-0.0014727916568517685,,,,,,USER_END
confirmation,exp12_test_edit_06,test_edit,canonical,1,canonical,0,opposite_same_wording,USER_END,selected_H20_residual_effect,0.13462194055318832,USER_END,ACTION0_END,,,,
confirmation,exp12_test_edit_06,test_edit,canonical,1,canonical,0,opposite_same_wording,USER_END,selected_V_sufficiency,0.10133674740791321,USER_END,ACTION0_END,,,,
confirmation,exp12_test_edit_06,test_edit,canonical,1,canonical,0,opposite_same_wording,USER_END,selected_V_necessity_loss,0.09484092891216278,USER_END,ACTION0_END,,,,
confirmation,exp12_test_edit_06,test_edit,canonical,1,canonical,0,opposite_same_wording,OLD_ABSOLUTE,old_absolute_V_sufficiency,0.04804588109254837,USER_END,ACTION0_END,,,,
confirmation,exp12_test_edit_06,test_edit,canonical,1,canonical,0,opposite_same_wording,OLD_ABSOLUTE,old_absolute_local_V_necessity_loss,-0.05509965866804123,USER_END,ACTION0_END,,,,
confirmation,exp12_test_edit_06,test_edit,canonical,1,canonical,0,opposite_same_wording,ACTION0_END,runner_up_V_sufficiency,-0.0005190446972846985,USER_END,ACTION0_END,,,,
confirmation,exp12_test_edit_06,test_edit,canonical,1,canonical,0,opposite_same_wording,ACTION0_END,runner_up_V_necessity_loss,0.00646519660949707,USER_END,ACTION0_END,,,,
confirmation,exp12_test_edit_06,test_edit,canonical,1,canonical,0,opposite_same_wording,USER_END,reader_verified_v_effect,0.10133674740791321,USER_END,ACTION0_END,0.0,0.0,0.0,
confirmation,exp12_test_edit_06,test_edit,canonical,1,canonical,0,opposite_same_wording,USER_END,reader_target_sufficiency,0.11392705887556076,USER_END,ACTION0_END,0.0,0.0,0.0,
confirmation,exp12_test_edit_06,test_edit,canonical,1,canonical,0,opposite_same_wording,USER_END,reader_target_necessity,0.11987297981977463,USER_END,ACTION0_END,0.0,0.0,0.0,
confirmation,exp12_test_edit_06,test_edit,canonical,1,canonical,0,opposite_same_wording,USER_END,reader_negative_sufficiency,-0.025456607341766357,USER_END,ACTION0_END,0.0,0.0,0.0,
confirmation,exp12_test_edit_06,test_edit,canonical,1,canonical,0,opposite_same_wording,USER_END,reader_negative_necessity,-0.025188878178596497,USER_END,ACTION0_END,0.0,0.0,0.0,
confirmation,exp12_test_edit_06,test_edit,canonical,1,canonical,0,opposite_same_wording,USER_END,reader_all7_sufficiency,0.10133674740791321,USER_END,ACTION0_END,0.0,0.0,0.0,
confirmation,exp12_test_edit_06,test_edit,canonical,1,canonical,0,opposite_same_wording,USER_END,reader_all7_necessity,0.10133674740791321,USER_END,ACTION0_END,0.0,0.0,0.0,
confirmation,exp12_test_edit_06,test_edit,canonical,1,canonical,0,opposite_same_wording,USER_END,reader_non_kv0_sufficiency,-0.0,USER_END,ACTION0_END,0.0,0.0,0.0,
confirmation,exp12_test_edit_06,test_edit,canonical,1,canonical,0,opposite_same_wording,USER_END,reader_non_kv0_necessity,0.0,USER_END,ACTION0_END,0.0,0.0,0.0,
confirmation,exp12_test_edit_06,test_edit,canonical,1,paraphrase,0,opposite_cross_wording,USER_END,cross_selected_V_sufficiency,0.08736373484134674,,,,,,USER_END
confirmation,exp12_test_edit_06,test_edit,canonical,1,paraphrase,0,opposite_cross_wording,USER_END,cross_selected_V_necessity_loss,0.06314902007579803,,,,,,USER_END
confirmation,exp12_test_edit_06,test_edit,canonical,1,paraphrase,1,same_state_cross_wording,USER_END,same_state_selected_V_control,-0.0009357333183288574,,,,,,USER_END
confirmation,exp12_test_edit_06,test_edit,paraphrase,1,paraphrase,0,opposite_same_wording,USER_END,selected_H20_residual_effect,0.16249264031648636,USER_END,ACTION0_END,,,,
confirmation,exp12_test_edit_06,test_edit,paraphrase,1,paraphrase,0,opposite_same_wording,USER_END,selected_V_sufficiency,0.0795087143778801,USER_END,ACTION0_END,,,,
confirmation,exp12_test_edit_06,test_edit,paraphrase,1,paraphrase,0,opposite_same_wording,USER_END,selected_V_necessity_loss,0.1374135985970497,USER_END,ACTION0_END,,,,
confirmation,exp12_test_edit_06,test_edit,paraphrase,1,paraphrase,0,opposite_same_wording,OLD_ABSOLUTE,old_absolute_V_sufficiency,0.04741821438074112,USER_END,ACTION0_END,,,,
confirmation,exp12_test_edit_06,test_edit,paraphrase,1,paraphrase,0,opposite_same_wording,OLD_ABSOLUTE,old_absolute_local_V_necessity_loss,-0.030172523111104965,USER_END,ACTION0_END,,,,
confirmation,exp12_test_edit_06,test_edit,paraphrase,1,paraphrase,0,opposite_same_wording,ACTION0_END,runner_up_V_sufficiency,-4.5530498027801514e-05,USER_END,ACTION0_END,,,,
confirmation,exp12_test_edit_06,test_edit,paraphrase,1,paraphrase,0,opposite_same_wording,ACTION0_END,runner_up_V_necessity_loss,0.003976613283157349,USER_END,ACTION0_END,,,,
confirmation,exp12_test_edit_06,test_edit,paraphrase,1,paraphrase,0,opposite_same_wording,USER_END,reader_verified_v_effect,0.0795087143778801,USER_END,ACTION0_END,0.0,0.0,0.0,
confirmation,exp12_test_edit_06,test_edit,paraphrase,1,paraphrase,0,opposite_same_wording,USER_END,reader_target_sufficiency,0.08596135675907135,USER_END,ACTION0_END,0.0,0.0,0.0,
confirmation,exp12_test_edit_06,test_edit,paraphrase,1,paraphrase,0,opposite_same_wording,USER_END,reader_target_necessity,0.0837058424949646,USER_END,ACTION0_END,0.0,0.0,0.0,
confirmation,exp12_test_edit_06,test_edit,paraphrase,1,paraphrase,0,opposite_same_wording,USER_END,reader_negative_sufficiency,-0.01247338205575943,USER_END,ACTION0_END,0.0,0.0,0.0,
confirmation,exp12_test_edit_06,test_edit,paraphrase,1,paraphrase,0,opposite_same_wording,USER_END,reader_negative_necessity,-0.038891613483428955,USER_END,ACTION0_END,0.0,0.0,0.0,
confirmation,exp12_test_edit_06,test_edit,paraphrase,1,paraphrase,0,opposite_same_wording,USER_END,reader_all7_sufficiency,0.0795087143778801,USER_END,ACTION0_END,0.0,0.0,0.0,
confirmation,exp12_test_edit_06,test_edit,paraphrase,1,paraphrase,0,opposite_same_wording,USER_END,reader_all7_necessity,0.0795087143778801,USER_END,ACTION0_END,0.0,0.0,0.0,
confirmation,exp12_test_edit_06,test_edit,paraphrase,1,paraphrase,0,opposite_same_wording,USER_END,reader_non_kv0_sufficiency,-0.0,USER_END,ACTION0_END,0.0,0.0,0.0,
confirmation,exp12_test_edit_06,test_edit,paraphrase,1,paraphrase,0,opposite_same_wording,USER_END,reader_non_kv0_necessity,0.0,USER_END,ACTION0_END,0.0,0.0,0.0,
confirmation,exp12_test_edit_06,test_edit,paraphrase,1,canonical,0,opposite_cross_wording,USER_END,cross_selected_V_sufficiency,0.08966558426618576,,,,,,USER_END
confirmation,exp12_test_edit_06,test_edit,paraphrase,1,canonical,0,opposite_cross_wording,USER_END,cross_selected_V_necessity_loss,0.16709373146295547,,,,,,USER_END
confirmation,exp12_test_edit_06,test_edit,paraphrase,1,canonical,1,same_state_cross_wording,USER_END,same_state_selected_V_control,-0.0028445497155189514,,,,,,USER_END
confirmation,exp12_test_edit_10,test_edit,canonical,0,canonical,1,opposite_same_wording,USER_END,selected_H20_residual_effect,0.14777313359081745,USER_END,ACTION0_END,,,,
confirmation,exp12_test_edit_10,test_edit,canonical,0,canonical,1,opposite_same_wording,USER_END,selected_V_sufficiency,0.06210293620824814,USER_END,ACTION0_END,,,,
confirmation,exp12_test_edit_10,test_edit,canonical,0,canonical,1,opposite_same_wording,USER_END,selected_V_necessity_loss,0.10893232375383377,USER_END,ACTION0_END,,,,
confirmation,exp12_test_edit_10,test_edit,canonical,0,canonical,1,opposite_same_wording,OLD_ABSOLUTE,old_absolute_V_sufficiency,-0.047505512833595276,USER_END,ACTION0_END,,,,
confirmation,exp12_test_edit_10,test_edit,canonical,0,canonical,1,opposite_same_wording,OLD_ABSOLUTE,old_absolute_local_V_necessity_loss,0.05289234593510628,USER_END,ACTION0_END,,,,
confirmation,exp12_test_edit_10,test_edit,canonical,0,canonical,1,opposite_same_wording,ACTION0_END,runner_up_V_sufficiency,-0.008556392043828964,USER_END,ACTION0_END,,,,
confirmation,exp12_test_edit_10,test_edit,canonical,0,canonical,1,opposite_same_wording,ACTION0_END,runner_up_V_necessity_loss,-0.007831620052456856,USER_END,ACTION0_END,,,,
confirmation,exp12_test_edit_10,test_edit,canonical,0,canonical,1,opposite_same_wording,USER_END,reader_verified_v_effect,0.06210293620824814,USER_END,ACTION0_END,0.0,0.0,0.0,
confirmation,exp12_test_edit_10,test_edit,canonical,0,canonical,1,opposite_same_wording,USER_END,reader_target_sufficiency,0.08647479861974716,USER_END,ACTION0_END,0.0,0.0,0.0,
confirmation,exp12_test_edit_10,test_edit,canonical,0,canonical,1,opposite_same_wording,USER_END,reader_target_necessity,0.10838544741272926,USER_END,ACTION0_END,0.0,0.0,0.0,
confirmation,exp12_test_edit_10,test_edit,canonical,0,canonical,1,opposite_same_wording,USER_END,reader_negative_sufficiency,-0.0554824024438858,USER_END,ACTION0_END,0.0,0.0,0.0,
confirmation,exp12_test_edit_10,test_edit,canonical,0,canonical,1,opposite_same_wording,USER_END,reader_negative_necessity,-0.04797285236418247,USER_END,ACTION0_END,0.0,0.0,0.0,
confirmation,exp12_test_edit_10,test_edit,canonical,0,canonical,1,opposite_same_wording,USER_END,reader_all7_sufficiency,0.06210293620824814,USER_END,ACTION0_END,0.0,0.0,0.0,
confirmation,exp12_test_edit_10,test_edit,canonical,0,canonical,1,opposite_same_wording,USER_END,reader_all7_necessity,0.06210293620824814,USER_END,ACTION0_END,0.0,0.0,0.0,
confirmation,exp12_test_edit_10,test_edit,canonical,0,canonical,1,opposite_same_wording,USER_END,reader_non_kv0_sufficiency,0.0,USER_END,ACTION0_END,0.0,0.0,0.0,
confirmation,exp12_test_edit_10,test_edit,canonical,0,canonical,1,opposite_same_wording,USER_END,reader_non_kv0_necessity,0.0,USER_END,ACTION0_END,0.0,0.0,0.0,
confirmation,exp12_test_edit_10,test_edit,canonical,0,paraphrase,1,opposite_cross_wording,USER_END,cross_selected_V_sufficiency,0.03945732302963734,,,,,,USER_END
confirmation,exp12_test_edit_10,test_edit,canonical,0,paraphrase,1,opposite_cross_wording,USER_END,cross_selected_V_necessity_loss,0.0322155486792326,,,,,,USER_END
confirmation,exp12_test_edit_10,test_edit,canonical,0,paraphrase,0,same_state_cross_wording,USER_END,same_state_selected_V_control,0.015244409441947937,,,,,,USER_END
confirmation,exp12_test_edit_10,test_edit,paraphrase,0,paraphrase,1,opposite_same_wording,USER_END,selected_H20_residual_effect,0.06972469203174114,USER_END,ACTION0_END,,,,
confirmation,exp12_test_edit_10,test_edit,paraphrase,0,paraphrase,1,opposite_same_wording,USER_END,selected_V_sufficiency,0.03994104266166687,USER_END,ACTION0_END,,,,
confirmation,exp12_test_edit_10,test_edit,paraphrase,0,paraphrase,1,opposite_same_wording,USER_END,selected_V_necessity_loss,0.03081631474196911,USER_END,ACTION0_END,,,,
confirmation,exp12_test_edit_10,test_edit,paraphrase,0,paraphrase,1,opposite_same_wording,OLD_ABSOLUTE,old_absolute_V_sufficiency,-0.05514964088797569,USER_END,ACTION0_END,,,,
confirmation,exp12_test_edit_10,test_edit,paraphrase,0,paraphrase,1,opposite_same_wording,OLD_ABSOLUTE,old_absolute_local_V_necessity_loss,0.07204356044530869,USER_END,ACTION0_END,,,,
confirmation,exp12_test_edit_10,test_edit,paraphrase,0,paraphrase,1,opposite_same_wording,ACTION0_END,runner_up_V_sufficiency,0.008208155632019043,USER_END,ACTION0_END,,,,
confirmation,exp12_test_edit_10,test_edit,paraphrase,0,paraphrase,1,opposite_same_wording,ACTION0_END,runner_up_V_necessity_loss,-9.752810001373291e-06,USER_END,ACTION0_END,,,,
confirmation,exp12_test_edit_10,test_edit,paraphrase,0,paraphrase,1,opposite_same_wording,USER_END,reader_verified_v_effect,0.03994104266166687,USER_END,ACTION0_END,0.0,0.0,0.0,
confirmation,exp12_test_edit_10,test_edit,paraphrase,0,paraphrase,1,opposite_same_wording,USER_END,reader_target_sufficiency,0.08664624951779842,USER_END,ACTION0_END,0.0,0.0,0.0,
confirmation,exp12_test_edit_10,test_edit,paraphrase,0,paraphrase,1,opposite_same_wording,USER_END,reader_target_necessity,0.07196463085711002,USER_END,ACTION0_END,0.0,0.0,0.0,
confirmation,exp12_test_edit_10,test_edit,paraphrase,0,paraphrase,1,opposite_same_wording,USER_END,reader_negative_sufficiency,-0.03984449803829193,USER_END,ACTION0_END,0.0,0.0,0.0,
confirmation,exp12_test_edit_10,test_edit,paraphrase,0,paraphrase,1,opposite_same_wording,USER_END,reader_negative_necessity,-0.05413431487977505,USER_END,ACTION0_END,0.0,0.0,0.0,
confirmation,exp12_test_edit_10,test_edit,paraphrase,0,paraphrase,1,opposite_same_wording,USER_END,reader_all7_sufficiency,0.03994104266166687,USER_END,ACTION0_END,0.0,0.0,0.0,
confirmation,exp12_test_edit_10,test_edit,paraphrase,0,paraphrase,1,opposite_same_wording,USER_END,reader_all7_necessity,0.03994104266166687,USER_END,ACTION0_END,0.0,0.0,0.0,
confirmation,exp12_test_edit_10,test_edit,paraphrase,0,paraphrase,1,opposite_same_wording,USER_END,reader_non_kv0_sufficiency,0.0,USER_END,ACTION0_END,0.0,0.0,0.0,
confirmation,exp12_test_edit_10,test_edit,paraphrase,0,paraphrase,1,opposite_same_wording,USER_END,reader_non_kv0_necessity,0.0,USER_END,ACTION0_END,0.0,0.0,0.0,
confirmation,exp12_test_edit_10,test_edit,paraphrase,0,canonical,1,opposite_cross_wording,USER_END,cross_selected_V_sufficiency,0.039960166439414024,,,,,,USER_END
confirmation,exp12_test_edit_10,test_edit,paraphrase,0,canonical,1,opposite_cross_wording,USER_END,cross_selected_V_necessity_loss,0.09981644712388515,,,,,,USER_END
confirmation,exp12_test_edit_10,test_edit,paraphrase,0,canonical,0,same_state_cross_wording,USER_END,same_state_selected_V_control,-0.00786060094833374,,,,,,USER_END
confirmation,exp12_test_edit_10,test_edit,canonical,1,canonical,0,opposite_same_wording,USER_END,selected_H20_residual_effect,0.13456162810325623,USER_END,ACTION0_END,,,,
confirmation,exp12_test_edit_10,test_edit,canonical,1,canonical,0,opposite_same_wording,USER_END,selected_V_sufficiency,0.1056254431605339,USER_END,ACTION0_END,,,,
confirmation,exp12_test_edit_10,test_edit,canonical,1,canonical,0,opposite_same_wording,USER_END,selected_V_necessity_loss,0.09295880794525146,USER_END,ACTION0_END,,,,
confirmation,exp12_test_edit_10,test_edit,canonical,1,canonical,0,opposite_same_wording,OLD_ABSOLUTE,old_absolute_V_sufficiency,0.07514625042676926,USER_END,ACTION0_END,,,,
confirmation,exp12_test_edit_10,test_edit,canonical,1,canonical,0,opposite_same_wording,OLD_ABSOLUTE,old_absolute_local_V_necessity_loss,-0.0548587329685688,USER_END,ACTION0_END,,,,
confirmation,exp12_test_edit_10,test_edit,canonical,1,canonical,0,opposite_same_wording,ACTION0_END,runner_up_V_sufficiency,0.005252256989479065,USER_END,ACTION0_END,,,,
confirmation,exp12_test_edit_10,test_edit,canonical,1,canonical,0,opposite_same_wording,ACTION0_END,runner_up_V_necessity_loss,-1.1101365089416504e-05,USER_END,ACTION0_END,,,,
confirmation,exp12_test_edit_10,test_edit,canonical,1,canonical,0,opposite_same_wording,USER_END,reader_verified_v_effect,0.1056254431605339,USER_END,ACTION0_END,0.0,0.0,0.0,
confirmation,exp12_test_edit_10,test_edit,canonical,1,canonical,0,opposite_same_wording,USER_END,reader_target_sufficiency,0.12020280957221985,USER_END,ACTION0_END,0.0,0.0,0.0,
confirmation,exp12_test_edit_10,test_edit,canonical,1,canonical,0,opposite_same_wording,USER_END,reader_target_necessity,0.12260559946298599,USER_END,ACTION0_END,0.0,0.0,0.0,
confirmation,exp12_test_edit_10,test_edit,canonical,1,canonical,0,opposite_same_wording,USER_END,reader_negative_sufficiency,-0.023833341896533966,USER_END,ACTION0_END,0.0,0.0,0.0,
confirmation,exp12_test_edit_10,test_edit,canonical,1,canonical,0,opposite_same_wording,USER_END,reader_negative_necessity,-0.029423803091049194,USER_END,ACTION0_END,0.0,0.0,0.0,
confirmation,exp12_test_edit_10,test_edit,canonical,1,canonical,0,opposite_same_wording,USER_END,reader_all7_sufficiency,0.1056254431605339,USER_END,ACTION0_END,0.0,0.0,0.0,
confirmation,exp12_test_edit_10,test_edit,canonical,1,canonical,0,opposite_same_wording,USER_END,reader_all7_necessity,0.1056254431605339,USER_END,ACTION0_END,0.0,0.0,0.0,
confirmation,exp12_test_edit_10,test_edit,canonical,1,canonical,0,opposite_same_wording,USER_END,reader_non_kv0_sufficiency,-0.0,USER_END,ACTION0_END,0.0,0.0,0.0,
confirmation,exp12_test_edit_10,test_edit,canonical,1,canonical,0,opposite_same_wording,USER_END,reader_non_kv0_necessity,0.0,USER_END,ACTION0_END,0.0,0.0,0.0,
confirmation,exp12_test_edit_10,test_edit,canonical,1,paraphrase,0,opposite_cross_wording,USER_END,cross_selected_V_sufficiency,0.08539179712533951,,,,,,USER_END
confirmation,exp12_test_edit_10,test_edit,canonical,1,paraphrase,0,opposite_cross_wording,USER_END,cross_selected_V_necessity_loss,0.06730391830205917,,,,,,USER_END
confirmation,exp12_test_edit_10,test_edit,canonical,1,paraphrase,1,same_state_cross_wording,USER_END,same_state_selected_V_control,-0.0007457435131072998,,,,,,USER_END
confirmation,exp12_test_edit_10,test_edit,paraphrase,1,paraphrase,0,opposite_same_wording,USER_END,selected_H20_residual_effect,0.1827814131975174,USER_END,ACTION0_END,,,,
confirmation,exp12_test_edit_10,test_edit,paraphrase,1,paraphrase,0,opposite_same_wording,USER_END,selected_V_sufficiency,0.10845823585987091,USER_END,ACTION0_END,,,,
confirmation,exp12_test_edit_10,test_edit,paraphrase,1,paraphrase,0,opposite_same_wording,USER_END,selected_V_necessity_loss,0.1485699862241745,USER_END,ACTION0_END,,,,
confirmation,exp12_test_edit_10,test_edit,paraphrase,1,paraphrase,0,opposite_same_wording,OLD_ABSOLUTE,old_absolute_V_sufficiency,0.06552380323410034,USER_END,ACTION0_END,,,,
confirmation,exp12_test_edit_10,test_edit,paraphrase,1,paraphrase,0,opposite_same_wording,OLD_ABSOLUTE,old_absolute_local_V_necessity_loss,-0.004040978848934174,USER_END,ACTION0_END,,,,
confirmation,exp12_test_edit_10,test_edit,paraphrase,1,paraphrase,0,opposite_same_wording,ACTION0_END,runner_up_V_sufficiency,8.26120376586914e-05,USER_END,ACTION0_END,,,,
confirmation,exp12_test_edit_10,test_edit,paraphrase,1,paraphrase,0,opposite_same_wording,ACTION0_END,runner_up_V_necessity_loss,-0.003311753273010254,USER_END,ACTION0_END,,,,
confirmation,exp12_test_edit_10,test_edit,paraphrase,1,paraphrase,0,opposite_same_wording,USER_END,reader_verified_v_effect,0.10845823585987091,USER_END,ACTION0_END,0.0,0.0,0.0,
confirmation,exp12_test_edit_10,test_edit,paraphrase,1,paraphrase,0,opposite_same_wording,USER_END,reader_target_sufficiency,0.11747239530086517,USER_END,ACTION0_END,0.0,0.0,0.0,
confirmation,exp12_test_edit_10,test_edit,paraphrase,1,paraphrase,0,opposite_same_wording,USER_END,reader_target_necessity,0.1074942946434021,USER_END,ACTION0_END,0.0,0.0,0.0,
confirmation,exp12_test_edit_10,test_edit,paraphrase,1,paraphrase,0,opposite_same_wording,USER_END,reader_negative_sufficiency,-0.01489458978176117,USER_END,ACTION0_END,0.0,0.0,0.0,
confirmation,exp12_test_edit_10,test_edit,paraphrase,1,paraphrase,0,opposite_same_wording,USER_END,reader_negative_necessity,-0.02719251811504364,USER_END,ACTION0_END,0.0,0.0,0.0,
confirmation,exp12_test_edit_10,test_edit,paraphrase,1,paraphrase,0,opposite_same_wording,USER_END,reader_all7_sufficiency,0.10845823585987091,USER_END,ACTION0_END,0.0,0.0,0.0,
confirmation,exp12_test_edit_10,test_edit,paraphrase,1,paraphrase,0,opposite_same_wording,USER_END,reader_all7_necessity,0.10845823585987091,USER_END,ACTION0_END,0.0,0.0,0.0,
confirmation,exp12_test_edit_10,test_edit,paraphrase,1,paraphrase,0,opposite_same_wording,USER_END,reader_non_kv0_sufficiency,-0.0,USER_END,ACTION0_END,0.0,0.0,0.0,
confirmation,exp12_test_edit_10,test_edit,paraphrase,1,paraphrase,0,opposite_same_wording,USER_END,reader_non_kv0_necessity,0.0,USER_END,ACTION0_END,0.0,0.0,0.0,
confirmation,exp12_test_edit_10,test_edit,paraphrase,1,canonical,0,opposite_cross_wording,USER_END,cross_selected_V_sufficiency,0.10850748419761658,,,,,,USER_END
confirmation,exp12_test_edit_10,test_edit,paraphrase,1,canonical,0,opposite_cross_wording,USER_END,cross_selected_V_necessity_loss,0.1841585412621498,,,,,,USER_END
confirmation,exp12_test_edit_10,test_edit,paraphrase,1,canonical,1,same_state_cross_wording,USER_END,same_state_selected_V_control,-0.0016583055257797241,,,,,,USER_END
confirmation,exp12_test_edit_11,test_edit,canonical,0,canonical,1,opposite_same_wording,USER_END,selected_H20_residual_effect,0.14961858838796616,USER_END,ACTION0_END,,,,
confirmation,exp12_test_edit_11,test_edit,canonical,0,canonical,1,opposite_same_wording,USER_END,selected_V_sufficiency,0.0318425539880991,USER_END,ACTION0_END,,,,
confirmation,exp12_test_edit_11,test_edit,canonical,0,canonical,1,opposite_same_wording,USER_END,selected_V_necessity_loss,0.08672106266021729,USER_END,ACTION0_END,,,,
confirmation,exp12_test_edit_11,test_edit,canonical,0,canonical,1,opposite_same_wording,OLD_ABSOLUTE,old_absolute_V_sufficiency,-0.0540627297013998,USER_END,ACTION0_END,,,,
confirmation,exp12_test_edit_11,test_edit,canonical,0,canonical,1,opposite_same_wording,OLD_ABSOLUTE,old_absolute_local_V_necessity_loss,0.05299486964941025,USER_END,ACTION0_END,,,,
confirmation,exp12_test_edit_11,test_edit,canonical,0,canonical,1,opposite_same_wording,ACTION0_END,runner_up_V_sufficiency,-0.006404448300600052,USER_END,ACTION0_END,,,,
confirmation,exp12_test_edit_11,test_edit,canonical,0,canonical,1,opposite_same_wording,ACTION0_END,runner_up_V_necessity_loss,0.01574871875345707,USER_END,ACTION0_END,,,,
confirmation,exp12_test_edit_11,test_edit,canonical,0,canonical,1,opposite_same_wording,USER_END,reader_verified_v_effect,0.0318425539880991,USER_END,ACTION0_END,0.0,0.0,0.0,
confirmation,exp12_test_edit_11,test_edit,canonical,0,canonical,1,opposite_same_wording,USER_END,reader_target_sufficiency,0.07184085249900818,USER_END,ACTION0_END,0.0,0.0,0.0,
confirmation,exp12_test_edit_11,test_edit,canonical,0,canonical,1,opposite_same_wording,USER_END,reader_target_necessity,0.07717282697558403,USER_END,ACTION0_END,0.0,0.0,0.0,
confirmation,exp12_test_edit_11,test_edit,canonical,0,canonical,1,opposite_same_wording,USER_END,reader_negative_sufficiency,-0.047223249450325966,USER_END,ACTION0_END,0.0,0.0,0.0,
confirmation,exp12_test_edit_11,test_edit,canonical,0,canonical,1,opposite_same_wording,USER_END,reader_negative_necessity,-0.0555998831987381,USER_END,ACTION0_END,0.0,0.0,0.0,
confirmation,exp12_test_edit_11,test_edit,canonical,0,canonical,1,opposite_same_wording,USER_END,reader_all7_sufficiency,0.0318425539880991,USER_END,ACTION0_END,0.0,0.0,0.0,
confirmation,exp12_test_edit_11,test_edit,canonical,0,canonical,1,opposite_same_wording,USER_END,reader_all7_necessity,0.0318425539880991,USER_END,ACTION0_END,0.0,0.0,0.0,
confirmation,exp12_test_edit_11,test_edit,canonical,0,canonical,1,opposite_same_wording,USER_END,reader_non_kv0_sufficiency,0.0,USER_END,ACTION0_END,0.0,0.0,0.0,
confirmation,exp12_test_edit_11,test_edit,canonical,0,canonical,1,opposite_same_wording,USER_END,reader_non_kv0_necessity,0.0,USER_END,ACTION0_END,0.0,0.0,0.0,
confirmation,exp12_test_edit_11,test_edit,canonical,0,paraphrase,1,opposite_cross_wording,USER_END,cross_selected_V_sufficiency,0.03278692997992039,,,,,,USER_END
confirmation,exp12_test_edit_11,test_edit,canonical,0,paraphrase,1,opposite_cross_wording,USER_END,cross_selected_V_necessity_loss,0.03267621994018555,,,,,,USER_END
confirmation,exp12_test_edit_11,test_edit,canonical,0,paraphrase,0,same_state_cross_wording,USER_END,same_state_selected_V_control,0.007537929341197014,,,,,,USER_END
confirmation,exp12_test_edit_11,test_edit,paraphrase,0,paraphrase,1,opposite_same_wording,USER_END,selected_H20_residual_effect,0.08471637591719627,USER_END,ACTION0_END,,,,
confirmation,exp12_test_edit_11,test_edit,paraphrase,0,paraphrase,1,opposite_same_wording,USER_END,selected_V_sufficiency,0.024190514348447323,USER_END,ACTION0_END,,,,
confirmation,exp12_test_edit_11,test_edit,paraphrase,0,paraphrase,1,opposite_same_wording,USER_END,selected_V_necessity_loss,0.007904291152954102,USER_END,ACTION0_END,,,,
confirmation,exp12_test_edit_11,test_edit,paraphrase,0,paraphrase,1,opposite_same_wording,OLD_ABSOLUTE,old_absolute_V_sufficiency,-0.06156743876636028,USER_END,ACTION0_END,,,,
confirmation,exp12_test_edit_11,test_edit,paraphrase,0,paraphrase,1,opposite_same_wording,OLD_ABSOLUTE,old_absolute_local_V_necessity_loss,0.02700066566467285,USER_END,ACTION0_END,,,,
confirmation,exp12_test_edit_11,test_edit,paraphrase,0,paraphrase,1,opposite_same_wording,ACTION0_END,runner_up_V_sufficiency,0.015981336124241352,USER_END,ACTION0_END,,,,
confirmation,exp12_test_edit_11,test_edit,paraphrase,0,paraphrase,1,opposite_same_wording,ACTION0_END,runner_up_V_necessity_loss,0.0016683470457792282,USER_END,ACTION0_END,,,,
confirmation,exp12_test_edit_11,test_edit,paraphrase,0,paraphrase,1,opposite_same_wording,USER_END,reader_verified_v_effect,0.024190514348447323,USER_END,ACTION0_END,0.0,0.0,0.0,
confirmation,exp12_test_edit_11,test_edit,paraphrase,0,paraphrase,1,opposite_same_wording,USER_END,reader_target_sufficiency,0.0706875417381525,USER_END,ACTION0_END,0.0,0.0,0.0,
confirmation,exp12_test_edit_11,test_edit,paraphrase,0,paraphrase,1,opposite_same_wording,USER_END,reader_target_necessity,0.0617634067311883,USER_END,ACTION0_END,0.0,0.0,0.0,
confirmation,exp12_test_edit_11,test_edit,paraphrase,0,paraphrase,1,opposite_same_wording,USER_END,reader_negative_sufficiency,-0.046876030042767525,USER_END,ACTION0_END,0.0,0.0,0.0,
confirmation,exp12_test_edit_11,test_edit,paraphrase,0,paraphrase,1,opposite_same_wording,USER_END,reader_negative_necessity,-0.06034839432686567,USER_END,ACTION0_END,0.0,0.0,0.0,
confirmation,exp12_test_edit_11,test_edit,paraphrase,0,paraphrase,1,opposite_same_wording,USER_END,reader_all7_sufficiency,0.024190514348447323,USER_END,ACTION0_END,0.0,0.0,0.0,
confirmation,exp12_test_edit_11,test_edit,paraphrase,0,paraphrase,1,opposite_same_wording,USER_END,reader_all7_necessity,0.024190514348447323,USER_END,ACTION0_END,0.0,0.0,0.0,
confirmation,exp12_test_edit_11,test_edit,paraphrase,0,paraphrase,1,opposite_same_wording,USER_END,reader_non_kv0_sufficiency,0.0,USER_END,ACTION0_END,0.0,0.0,0.0,
confirmation,exp12_test_edit_11,test_edit,paraphrase,0,paraphrase,1,opposite_same_wording,USER_END,reader_non_kv0_necessity,0.0,USER_END,ACTION0_END,0.0,0.0,0.0,
confirmation,exp12_test_edit_11,test_edit,paraphrase,0,canonical,1,opposite_cross_wording,USER_END,cross_selected_V_sufficiency,0.031445007771253586,,,,,,USER_END
confirmation,exp12_test_edit_11,test_edit,paraphrase,0,canonical,1,opposite_cross_wording,USER_END,cross_selected_V_necessity_loss,0.07104731444269419,,,,,,USER_END
confirmation,exp12_test_edit_11,test_edit,paraphrase,0,canonical,0,same_state_cross_wording,USER_END,same_state_selected_V_control,-0.008016008883714676,,,,,,USER_END
confirmation,exp12_test_edit_11,test_edit,canonical,1,canonical,0,opposite_same_wording,USER_END,selected_H20_residual_effect,0.11287068575620651,USER_END,ACTION0_END,,,,
confirmation,exp12_test_edit_11,test_edit,canonical,1,canonical,0,opposite_same_wording,USER_END,selected_V_sufficiency,0.08429278433322906,USER_END,ACTION0_END,,,,
confirmation,exp12_test_edit_11,test_edit,canonical,1,canonical,0,opposite_same_wording,USER_END,selected_V_necessity_loss,0.08169960975646973,USER_END,ACTION0_END,,,,
confirmation,exp12_test_edit_11,test_edit,canonical,1,canonical,0,opposite_same_wording,OLD_ABSOLUTE,old_absolute_V_sufficiency,0.048550233244895935,USER_END,ACTION0_END,,,,
confirmation,exp12_test_edit_11,test_edit,canonical,1,canonical,0,opposite_same_wording,OLD_ABSOLUTE,old_absolute_local_V_necessity_loss,-0.06789176911115646,USER_END,ACTION0_END,,,,
confirmation,exp12_test_edit_11,test_edit,canonical,1,canonical,0,opposite_same_wording,ACTION0_END,runner_up_V_sufficiency,-0.007239550352096558,USER_END,ACTION0_END,,,,
confirmation,exp12_test_edit_11,test_edit,canonical,1,canonical,0,opposite_same_wording,ACTION0_END,runner_up_V_necessity_loss,0.009417161345481873,USER_END,ACTION0_END,,,,
confirmation,exp12_test_edit_11,test_edit,canonical,1,canonical,0,opposite_same_wording,USER_END,reader_verified_v_effect,0.08429278433322906,USER_END,ACTION0_END,0.0,0.0,0.0,
confirmation,exp12_test_edit_11,test_edit,canonical,1,canonical,0,opposite_same_wording,USER_END,reader_target_sufficiency,0.10320456326007843,USER_END,ACTION0_END,0.0,0.0,0.0,
confirmation,exp12_test_edit_11,test_edit,canonical,1,canonical,0,opposite_same_wording,USER_END,reader_target_necessity,0.10637495666742325,USER_END,ACTION0_END,0.0,0.0,0.0,
confirmation,exp12_test_edit_11,test_edit,canonical,1,canonical,0,opposite_same_wording,USER_END,reader_negative_sufficiency,-0.02400296926498413,USER_END,ACTION0_END,0.0,0.0,0.0,
confirmation,exp12_test_edit_11,test_edit,canonical,1,canonical,0,opposite_same_wording,USER_END,reader_negative_necessity,-0.029678501188755035,USER_END,ACTION0_END,0.0,0.0,0.0,
confirmation,exp12_test_edit_11,test_edit,canonical,1,canonical,0,opposite_same_wording,USER_END,reader_all7_sufficiency,0.08429278433322906,USER_END,ACTION0_END,0.0,0.0,0.0,
confirmation,exp12_test_edit_11,test_edit,canonical,1,canonical,0,opposite_same_wording,USER_END,reader_all7_necessity,0.08429278433322906,USER_END,ACTION0_END,0.0,0.0,0.0,
confirmation,exp12_test_edit_11,test_edit,canonical,1,canonical,0,opposite_same_wording,USER_END,reader_non_kv0_sufficiency,-0.0,USER_END,ACTION0_END,0.0,0.0,0.0,
confirmation,exp12_test_edit_11,test_edit,canonical,1,canonical,0,opposite_same_wording,USER_END,reader_non_kv0_necessity,0.0,USER_END,ACTION0_END,0.0,0.0,0.0,
confirmation,exp12_test_edit_11,test_edit,canonical,1,paraphrase,0,opposite_cross_wording,USER_END,cross_selected_V_sufficiency,0.07850774377584457,,,,,,USER_END
confirmation,exp12_test_edit_11,test_edit,canonical,1,paraphrase,0,opposite_cross_wording,USER_END,cross_selected_V_necessity_loss,0.05528316646814346,,,,,,USER_END
confirmation,exp12_test_edit_11,test_edit,canonical,1,paraphrase,1,same_state_cross_wording,USER_END,same_state_selected_V_control,0.010011084377765656,,,,,,USER_END
confirmation,exp12_test_edit_11,test_edit,paraphrase,1,paraphrase,0,opposite_same_wording,USER_END,selected_H20_residual_effect,0.13344300538301468,USER_END,ACTION0_END,,,,
confirmation,exp12_test_edit_11,test_edit,paraphrase,1,paraphrase,0,opposite_same_wording,USER_END,selected_V_sufficiency,0.07943043857812881,USER_END,ACTION0_END,,,,
confirmation,exp12_test_edit_11,test_edit,paraphrase,1,paraphrase,0,opposite_same_wording,USER_END,selected_V_necessity_loss,0.09903568029403687,USER_END,ACTION0_END,,,,
confirmation,exp12_test_edit_11,test_edit,paraphrase,1,paraphrase,0,opposite_same_wording,OLD_ABSOLUTE,old_absolute_V_sufficiency,0.04203391075134277,USER_END,ACTION0_END,,,,
confirmation,exp12_test_edit_11,test_edit,paraphrase,1,paraphrase,0,opposite_same_wording,OLD_ABSOLUTE,old_absolute_local_V_necessity_loss,-0.030664758756756783,USER_END,ACTION0_END,,,,
confirmation,exp12_test_edit_11,test_edit,paraphrase,1,paraphrase,0,opposite_same_wording,ACTION0_END,runner_up_V_sufficiency,0.010069847106933594,USER_END,ACTION0_END,,,,
confirmation,exp12_test_edit_11,test_edit,paraphrase,1,paraphrase,0,opposite_same_wording,ACTION0_END,runner_up_V_necessity_loss,0.0074829161167144775,USER_END,ACTION0_END,,,,
confirmation,exp12_test_edit_11,test_edit,paraphrase,1,paraphrase,0,opposite_same_wording,USER_END,reader_verified_v_effect,0.07943043857812881,USER_END,ACTION0_END,0.0,0.0,0.0,
confirmation,exp12_test_edit_11,test_edit,paraphrase,1,paraphrase,0,opposite_same_wording,USER_END,reader_target_sufficiency,0.07622334361076355,USER_END,ACTION0_END,0.0,0.0,0.0,
confirmation,exp12_test_edit_11,test_edit,paraphrase,1,paraphrase,0,opposite_same_wording,USER_END,reader_target_necessity,0.08604244142770767,USER_END,ACTION0_END,0.0,0.0,0.0,
confirmation,exp12_test_edit_11,test_edit,paraphrase,1,paraphrase,0,opposite_same_wording,USER_END,reader_negative_sufficiency,-0.017925456166267395,USER_END,ACTION0_END,0.0,0.0,0.0,
confirmation,exp12_test_edit_11,test_edit,paraphrase,1,paraphrase,0,opposite_same_wording,USER_END,reader_negative_necessity,-0.027619436383247375,USER_END,ACTION0_END,0.0,0.0,0.0,
confirmation,exp12_test_edit_11,test_edit,paraphrase,1,paraphrase,0,opposite_same_wording,USER_END,reader_all7_sufficiency,0.07943043857812881,USER_END,ACTION0_END,0.0,0.0,0.0,
confirmation,exp12_test_edit_11,test_edit,paraphrase,1,paraphrase,0,opposite_same_wording,USER_END,reader_all7_necessity,0.07943043857812881,USER_END,ACTION0_END,0.0,0.0,0.0,
confirmation,exp12_test_edit_11,test_edit,paraphrase,1,paraphrase,0,opposite_same_wording,USER_END,reader_non_kv0_sufficiency,-0.0,USER_END,ACTION0_END,0.0,0.0,0.0,
confirmation,exp12_test_edit_11,test_edit,paraphrase,1,paraphrase,0,opposite_same_wording,USER_END,reader_non_kv0_necessity,0.0,USER_END,ACTION0_END,0.0,0.0,0.0,
confirmation,exp12_test_edit_11,test_edit,paraphrase,1,canonical,0,opposite_cross_wording,USER_END,cross_selected_V_sufficiency,0.08123534172773361,,,,,,USER_END
confirmation,exp12_test_edit_11,test_edit,paraphrase,1,canonical,0,opposite_cross_wording,USER_END,cross_selected_V_necessity_loss,0.16790571808815002,,,,,,USER_END
confirmation,exp12_test_edit_11,test_edit,paraphrase,1,canonical,1,same_state_cross_wording,USER_END,same_state_selected_V_control,-0.01218576729297638,,,,,,USER_END
confirmation,exp12_test_edit_12,test_edit,canonical,0,canonical,1,opposite_same_wording,USER_END,selected_H20_residual_effect,0.186350392177701,USER_END,ACTION0_END,,,,
confirmation,exp12_test_edit_12,test_edit,canonical,0,canonical,1,opposite_same_wording,USER_END,selected_V_sufficiency,0.03935815393924713,USER_END,ACTION0_END,,,,
confirmation,exp12_test_edit_12,test_edit,canonical,0,canonical,1,opposite_same_wording,USER_END,selected_V_necessity_loss,0.06821965798735619,USER_END,ACTION0_END,,,,
confirmation,exp12_test_edit_12,test_edit,canonical,0,canonical,1,opposite_same_wording,OLD_ABSOLUTE,old_absolute_V_sufficiency,-0.05436505936086178,USER_END,ACTION0_END,,,,
confirmation,exp12_test_edit_12,test_edit,canonical,0,canonical,1,opposite_same_wording,OLD_ABSOLUTE,old_absolute_local_V_necessity_loss,0.03664020821452141,USER_END,ACTION0_END,,,,
confirmation,exp12_test_edit_12,test_edit,canonical,0,canonical,1,opposite_same_wording,ACTION0_END,runner_up_V_sufficiency,-0.0017050337046384811,USER_END,ACTION0_END,,,,
confirmation,exp12_test_edit_12,test_edit,canonical,0,canonical,1,opposite_same_wording,ACTION0_END,runner_up_V_necessity_loss,0.0012299418449401855,USER_END,ACTION0_END,,,,
confirmation,exp12_test_edit_12,test_edit,canonical,0,canonical,1,opposite_same_wording,USER_END,reader_verified_v_effect,0.03935815393924713,USER_END,ACTION0_END,0.0,0.0,0.0,
confirmation,exp12_test_edit_12,test_edit,canonical,0,canonical,1,opposite_same_wording,USER_END,reader_target_sufficiency,0.08550353161990643,USER_END,ACTION0_END,0.0,0.0,0.0,
confirmation,exp12_test_edit_12,test_edit,canonical,0,canonical,1,opposite_same_wording,USER_END,reader_target_necessity,0.0706405807286501,USER_END,ACTION0_END,0.0,0.0,0.0,
confirmation,exp12_test_edit_12,test_edit,canonical,0,canonical,1,opposite_same_wording,USER_END,reader_negative_sufficiency,-0.03284377232193947,USER_END,ACTION0_END,0.0,0.0,0.0,
confirmation,exp12_test_edit_12,test_edit,canonical,0,canonical,1,opposite_same_wording,USER_END,reader_negative_necessity,-0.06175593473017216,USER_END,ACTION0_END,0.0,0.0,0.0,
confirmation,exp12_test_edit_12,test_edit,canonical,0,canonical,1,opposite_same_wording,USER_END,reader_all7_sufficiency,0.03935815393924713,USER_END,ACTION0_END,0.0,0.0,0.0,
confirmation,exp12_test_edit_12,test_edit,canonical,0,canonical,1,opposite_same_wording,USER_END,reader_all7_necessity,0.03935815393924713,USER_END,ACTION0_END,0.0,0.0,0.0,
confirmation,exp12_test_edit_12,test_edit,canonical,0,canonical,1,opposite_same_wording,USER_END,reader_non_kv0_sufficiency,0.0,USER_END,ACTION0_END,0.0,0.0,0.0,
confirmation,exp12_test_edit_12,test_edit,canonical,0,canonical,1,opposite_same_wording,USER_END,reader_non_kv0_necessity,0.0,USER_END,ACTION0_END,0.0,0.0,0.0,
confirmation,exp12_test_edit_12,test_edit,canonical,0,paraphrase,1,opposite_cross_wording,USER_END,cross_selected_V_sufficiency,0.038699470460414886,,,,,,USER_END
confirmation,exp12_test_edit_12,test_edit,canonical,0,paraphrase,1,opposite_cross_wording,USER_END,cross_selected_V_necessity_loss,0.03194516338407993,,,,,,USER_END
confirmation,exp12_test_edit_12,test_edit,canonical,0,paraphrase,0,same_state_cross_wording,USER_END,same_state_selected_V_control,0.007650218904018402,,,,,,USER_END
confirmation,exp12_test_edit_12,test_edit,paraphrase,0,paraphrase,1,opposite_same_wording,USER_END,selected_H20_residual_effect,0.0846899263560772,USER_END,ACTION0_END,,,,
confirmation,exp12_test_edit_12,test_edit,paraphrase,0,paraphrase,1,opposite_same_wording,USER_END,selected_V_sufficiency,0.030969337560236454,USER_END,ACTION0_END,,,,
confirmation,exp12_test_edit_12,test_edit,paraphrase,0,paraphrase,1,opposite_same_wording,USER_END,selected_V_necessity_loss,-0.007807409390807152,USER_END,ACTION0_END,,,,
confirmation,exp12_test_edit_12,test_edit,paraphrase,0,paraphrase,1,opposite_same_wording,OLD_ABSOLUTE,old_absolute_V_sufficiency,-0.03233944997191429,USER_END,ACTION0_END,,,,
confirmation,exp12_test_edit_12,test_edit,paraphrase,0,paraphrase,1,opposite_same_wording,OLD_ABSOLUTE,old_absolute_local_V_necessity_loss,0.02724466472864151,USER_END,ACTION0_END,,,,
confirmation,exp12_test_edit_12,test_edit,paraphrase,0,paraphrase,1,opposite_same_wording,ACTION0_END,runner_up_V_sufficiency,0.02296010684221983,USER_END,ACTION0_END,,,,
confirmation,exp12_test_edit_12,test_edit,paraphrase,0,paraphrase,1,opposite_same_wording,ACTION0_END,runner_up_V_necessity_loss,0.015577360056340694,USER_END,ACTION0_END,,,,
confirmation,exp12_test_edit_12,test_edit,paraphrase,0,paraphrase,1,opposite_same_wording,USER_END,reader_verified_v_effect,0.030969337560236454,USER_END,ACTION0_END,0.0,0.0,0.0,
confirmation,exp12_test_edit_12,test_edit,paraphrase,0,paraphrase,1,opposite_same_wording,USER_END,reader_target_sufficiency,0.08441553637385368,USER_END,ACTION0_END,0.0,0.0,0.0,
confirmation,exp12_test_edit_12,test_edit,paraphrase,0,paraphrase,1,opposite_same_wording,USER_END,reader_target_necessity,0.056042048148810863,USER_END,ACTION0_END,0.0,0.0,0.0,
confirmation,exp12_test_edit_12,test_edit,paraphrase,0,paraphrase,1,opposite_same_wording,USER_END,reader_negative_sufficiency,-0.025507044047117233,USER_END,ACTION0_END,0.0,0.0,0.0,
confirmation,exp12_test_edit_12,test_edit,paraphrase,0,paraphrase,1,opposite_same_wording,USER_END,reader_negative_necessity,-0.06154156196862459,USER_END,ACTION0_END,0.0,0.0,0.0,
confirmation,exp12_test_edit_12,test_edit,paraphrase,0,paraphrase,1,opposite_same_wording,USER_END,reader_all7_sufficiency,0.030969337560236454,USER_END,ACTION0_END,0.0,0.0,0.0,
confirmation,exp12_test_edit_12,test_edit,paraphrase,0,paraphrase,1,opposite_same_wording,USER_END,reader_all7_necessity,0.030969337560236454,USER_END,ACTION0_END,0.0,0.0,0.0,
confirmation,exp12_test_edit_12,test_edit,paraphrase,0,paraphrase,1,opposite_same_wording,USER_END,reader_non_kv0_sufficiency,0.0,USER_END,ACTION0_END,0.0,0.0,0.0,
confirmation,exp12_test_edit_12,test_edit,paraphrase,0,paraphrase,1,opposite_same_wording,USER_END,reader_non_kv0_necessity,0.0,USER_END,ACTION0_END,0.0,0.0,0.0,
confirmation,exp12_test_edit_12,test_edit,paraphrase,0,canonical,1,opposite_cross_wording,USER_END,cross_selected_V_sufficiency,0.05306435376405716,,,,,,USER_END
confirmation,exp12_test_edit_12,test_edit,paraphrase,0,canonical,1,opposite_cross_wording,USER_END,cross_selected_V_necessity_loss,0.07006833516061306,,,,,,USER_END
confirmation,exp12_test_edit_12,test_edit,paraphrase,0,canonical,0,same_state_cross_wording,USER_END,same_state_selected_V_control,-0.013757474720478058,,,,,,USER_END
confirmation,exp12_test_edit_12,test_edit,canonical,1,canonical,0,opposite_same_wording,USER_END,selected_H20_residual_effect,0.10042517632246017,USER_END,ACTION0_END,,,,
confirmation,exp12_test_edit_12,test_edit,canonical,1,canonical,0,opposite_same_wording,USER_END,selected_V_sufficiency,0.08268429338932037,USER_END,ACTION0_END,,,,
confirmation,exp12_test_edit_12,test_edit,canonical,1,canonical,0,opposite_same_wording,USER_END,selected_V_necessity_loss,0.07304740697145462,USER_END,ACTION0_END,,,,
confirmation,exp12_test_edit_12,test_edit,canonical,1,canonical,0,opposite_same_wording,OLD_ABSOLUTE,old_absolute_V_sufficiency,0.0503261536359787,USER_END,ACTION0_END,,,,
confirmation,exp12_test_edit_12,test_edit,canonical,1,canonical,0,opposite_same_wording,OLD_ABSOLUTE,old_absolute_local_V_necessity_loss,-0.06803946942090988,USER_END,ACTION0_END,,,,
confirmation,exp12_test_edit_12,test_edit,canonical,1,canonical,0,opposite_same_wording,ACTION0_END,runner_up_V_sufficiency,-0.0013148337602615356,USER_END,ACTION0_END,,,,
confirmation,exp12_test_edit_12,test_edit,canonical,1,canonical,0,opposite_same_wording,ACTION0_END,runner_up_V_necessity_loss,0.017700396478176117,USER_END,ACTION0_END,,,,
confirmation,exp12_test_edit_12,test_edit,canonical,1,canonical,0,opposite_same_wording,USER_END,reader_verified_v_effect,0.08268429338932037,USER_END,ACTION0_END,0.0,0.0,0.0,
confirmation,exp12_test_edit_12,test_edit,canonical,1,canonical,0,opposite_same_wording,USER_END,reader_target_sufficiency,0.0985550507903099,USER_END,ACTION0_END,0.0,0.0,0.0,
confirmation,exp12_test_edit_12,test_edit,canonical,1,canonical,0,opposite_same_wording,USER_END,reader_target_necessity,0.09912188351154327,USER_END,ACTION0_END,0.0,0.0,0.0,
confirmation,exp12_test_edit_12,test_edit,canonical,1,canonical,0,opposite_same_wording,USER_END,reader_negative_sufficiency,-0.023583456873893738,USER_END,ACTION0_END,0.0,0.0,0.0,
confirmation,exp12_test_edit_12,test_edit,canonical,1,canonical,0,opposite_same_wording,USER_END,reader_negative_necessity,-0.030925236642360687,USER_END,ACTION0_END,0.0,0.0,0.0,
confirmation,exp12_test_edit_12,test_edit,canonical,1,canonical,0,opposite_same_wording,USER_END,reader_all7_sufficiency,0.08268429338932037,USER_END,ACTION0_END,0.0,0.0,0.0,
confirmation,exp12_test_edit_12,test_edit,canonical,1,canonical,0,opposite_same_wording,USER_END,reader_all7_necessity,0.08268429338932037,USER_END,ACTION0_END,0.0,0.0,0.0,
confirmation,exp12_test_edit_12,test_edit,canonical,1,canonical,0,opposite_same_wording,USER_END,reader_non_kv0_sufficiency,-0.0,USER_END,ACTION0_END,0.0,0.0,0.0,
confirmation,exp12_test_edit_12,test_edit,canonical,1,canonical,0,opposite_same_wording,USER_END,reader_non_kv0_necessity,0.0,USER_END,ACTION0_END,0.0,0.0,0.0,
confirmation,exp12_test_edit_12,test_edit,canonical,1,paraphrase,0,opposite_cross_wording,USER_END,cross_selected_V_sufficiency,0.07049818336963654,,,,,,USER_END
confirmation,exp12_test_edit_12,test_edit,canonical,1,paraphrase,0,opposite_cross_wording,USER_END,cross_selected_V_necessity_loss,0.05029216408729553,,,,,,USER_END
confirmation,exp12_test_edit_12,test_edit,canonical,1,paraphrase,1,same_state_cross_wording,USER_END,same_state_selected_V_control,0.00446377694606781,,,,,,USER_END
confirmation,exp12_test_edit_12,test_edit,paraphrase,1,paraphrase,0,opposite_same_wording,USER_END,selected_H20_residual_effect,0.11248114705085754,USER_END,ACTION0_END,,,,
confirmation,exp12_test_edit_12,test_edit,paraphrase,1,paraphrase,0,opposite_same_wording,USER_END,selected_V_sufficiency,0.056282199919223785,USER_END,ACTION0_END,,,,
confirmation,exp12_test_edit_12,test_edit,paraphrase,1,paraphrase,0,opposite_same_wording,USER_END,selected_V_necessity_loss,0.10446114838123322,USER_END,ACTION0_END,,,,
confirmation,exp12_test_edit_12,test_edit,paraphrase,1,paraphrase,0,opposite_same_wording,OLD_ABSOLUTE,old_absolute_V_sufficiency,0.03136414289474487,USER_END,ACTION0_END,,,,
confirmation,exp12_test_edit_12,test_edit,paraphrase,1,paraphrase,0,opposite_same_wording,OLD_ABSOLUTE,old_absolute_local_V_necessity_loss,-0.014937758445739746,USER_END,ACTION0_END,,,,
confirmation,exp12_test_edit_12,test_edit,paraphrase,1,paraphrase,0,opposite_same_wording,ACTION0_END,runner_up_V_sufficiency,0.00031754374504089355,USER_END,ACTION0_END,,,,
confirmation,exp12_test_edit_12,test_edit,paraphrase,1,paraphrase,0,opposite_same_wording,ACTION0_END,runner_up_V_necessity_loss,-0.011926338076591492,USER_END,ACTION0_END,,,,
confirmation,exp12_test_edit_12,test_edit,paraphrase,1,paraphrase,0,opposite_same_wording,USER_END,reader_verified_v_effect,0.056282199919223785,USER_END,ACTION0_END,0.0,0.0,0.0,
confirmation,exp12_test_edit_12,test_edit,paraphrase,1,paraphrase,0,opposite_same_wording,USER_END,reader_target_sufficiency,0.0642852708697319,USER_END,ACTION0_END,0.0,0.0,0.0,
confirmation,exp12_test_edit_12,test_edit,paraphrase,1,paraphrase,0,opposite_same_wording,USER_END,reader_target_necessity,0.07545886933803558,USER_END,ACTION0_END,0.0,0.0,0.0,
confirmation,exp12_test_edit_12,test_edit,paraphrase,1,paraphrase,0,opposite_same_wording,USER_END,reader_negative_sufficiency,-0.018115028738975525,USER_END,ACTION0_END,0.0,0.0,0.0,
confirmation,exp12_test_edit_12,test_edit,paraphrase,1,paraphrase,0,opposite_same_wording,USER_END,reader_negative_necessity,-0.02618762105703354,USER_END,ACTION0_END,0.0,0.0,0.0,
confirmation,exp12_test_edit_12,test_edit,paraphrase,1,paraphrase,0,opposite_same_wording,USER_END,reader_all7_sufficiency,0.056282199919223785,USER_END,ACTION0_END,0.0,0.0,0.0,
confirmation,exp12_test_edit_12,test_edit,paraphrase,1,paraphrase,0,opposite_same_wording,USER_END,reader_all7_necessity,0.056282199919223785,USER_END,ACTION0_END,0.0,0.0,0.0,
confirmation,exp12_test_edit_12,test_edit,paraphrase,1,paraphrase,0,opposite_same_wording,USER_END,reader_non_kv0_sufficiency,-0.0,USER_END,ACTION0_END,0.0,0.0,0.0,
confirmation,exp12_test_edit_12,test_edit,paraphrase,1,paraphrase,0,opposite_same_wording,USER_END,reader_non_kv0_necessity,0.0,USER_END,ACTION0_END,0.0,0.0,0.0,
confirmation,exp12_test_edit_12,test_edit,paraphrase,1,canonical,0,opposite_cross_wording,USER_END,cross_selected_V_sufficiency,0.05646641552448273,,,,,,USER_END
confirmation,exp12_test_edit_12,test_edit,paraphrase,1,canonical,0,opposite_cross_wording,USER_END,cross_selected_V_necessity_loss,0.13748371601104736,,,,,,USER_END
confirmation,exp12_test_edit_12,test_edit,paraphrase,1,canonical,1,same_state_cross_wording,USER_END,same_state_selected_V_control,0.01238933950662613,,,,,,USER_END
confirmation,exp12_test_edit_13,test_edit,canonical,0,canonical,1,opposite_same_wording,USER_END,selected_H20_residual_effect,0.13347317464649677,USER_END,ACTION0_END,,,,
confirmation,exp12_test_edit_13,test_edit,canonical,0,canonical,1,opposite_same_wording,USER_END,selected_V_sufficiency,0.055394504219293594,USER_END,ACTION0_END,,,,
confirmation,exp12_test_edit_13,test_edit,canonical,0,canonical,1,opposite_same_wording,USER_END,selected_V_necessity_loss,0.09535135142505169,USER_END,ACTION0_END,,,,
confirmation,exp12_test_edit_13,test_edit,canonical,0,canonical,1,opposite_same_wording,OLD_ABSOLUTE,old_absolute_V_sufficiency,-0.04633514583110809,USER_END,ACTION0_END,,,,
confirmation,exp12_test_edit_13,test_edit,canonical,0,canonical,1,opposite_same_wording,OLD_ABSOLUTE,old_absolute_local_V_necessity_loss,0.07751903310418129,USER_END,ACTION0_END,,,,
confirmation,exp12_test_edit_13,test_edit,canonical,0,canonical,1,opposite_same_wording,ACTION0_END,runner_up_V_sufficiency,0.000380711629986763,USER_END,ACTION0_END,,,,
confirmation,exp12_test_edit_13,test_edit,canonical,0,canonical,1,opposite_same_wording,ACTION0_END,runner_up_V_necessity_loss,0.00012958794832229614,USER_END,ACTION0_END,,,,
confirmation,exp12_test_edit_13,test_edit,canonical,0,canonical,1,opposite_same_wording,USER_END,reader_verified_v_effect,0.055394504219293594,USER_END,ACTION0_END,0.0,0.0,0.0,
confirmation,exp12_test_edit_13,test_edit,canonical,0,canonical,1,opposite_same_wording,USER_END,reader_target_sufficiency,0.10183560661971569,USER_END,ACTION0_END,0.0,0.0,0.0,
confirmation,exp12_test_edit_13,test_edit,canonical,0,canonical,1,opposite_same_wording,USER_END,reader_target_necessity,0.0941015463322401,USER_END,ACTION0_END,0.0,0.0,0.0,
confirmation,exp12_test_edit_13,test_edit,canonical,0,canonical,1,opposite_same_wording,USER_END,reader_negative_sufficiency,-0.05431008338928223,USER_END,ACTION0_END,0.0,0.0,0.0,
confirmation,exp12_test_edit_13,test_edit,canonical,0,canonical,1,opposite_same_wording,USER_END,reader_negative_necessity,-0.0700210016220808,USER_END,ACTION0_END,0.0,0.0,0.0,
confirmation,exp12_test_edit_13,test_edit,canonical,0,canonical,1,opposite_same_wording,USER_END,reader_all7_sufficiency,0.055394504219293594,USER_END,ACTION0_END,0.0,0.0,0.0,
confirmation,exp12_test_edit_13,test_edit,canonical,0,canonical,1,opposite_same_wording,USER_END,reader_all7_necessity,0.055394504219293594,USER_END,ACTION0_END,0.0,0.0,0.0,
confirmation,exp12_test_edit_13,test_edit,canonical,0,canonical,1,opposite_same_wording,USER_END,reader_non_kv0_sufficiency,0.0,USER_END,ACTION0_END,0.0,0.0,0.0,
confirmation,exp12_test_edit_13,test_edit,canonical,0,canonical,1,opposite_same_wording,USER_END,reader_non_kv0_necessity,0.0,USER_END,ACTION0_END,0.0,0.0,0.0,
confirmation,exp12_test_edit_13,test_edit,canonical,0,paraphrase,1,opposite_cross_wording,USER_END,cross_selected_V_sufficiency,0.05494299717247486,,,,,,USER_END
confirmation,exp12_test_edit_13,test_edit,canonical,0,paraphrase,1,opposite_cross_wording,USER_END,cross_selected_V_necessity_loss,0.054731955751776695,,,,,,USER_END
confirmation,exp12_test_edit_13,test_edit,canonical,0,paraphrase,0,same_state_cross_wording,USER_END,same_state_selected_V_control,0.01539694331586361,,,,,,USER_END
confirmation,exp12_test_edit_13,test_edit,paraphrase,0,paraphrase,1,opposite_same_wording,USER_END,selected_H20_residual_effect,0.08488607034087181,USER_END,ACTION0_END,,,,
confirmation,exp12_test_edit_13,test_edit,paraphrase,0,paraphrase,1,opposite_same_wording,USER_END,selected_V_sufficiency,0.05366753973066807,USER_END,ACTION0_END,,,,
confirmation,exp12_test_edit_13,test_edit,paraphrase,0,paraphrase,1,opposite_same_wording,USER_END,selected_V_necessity_loss,0.0313996896147728,USER_END,ACTION0_END,,,,
confirmation,exp12_test_edit_13,test_edit,paraphrase,0,paraphrase,1,opposite_same_wording,OLD_ABSOLUTE,old_absolute_V_sufficiency,-0.054900968447327614,USER_END,ACTION0_END,,,,
confirmation,exp12_test_edit_13,test_edit,paraphrase,0,paraphrase,1,opposite_same_wording,OLD_ABSOLUTE,old_absolute_local_V_necessity_loss,0.07080419361591339,USER_END,ACTION0_END,,,,
confirmation,exp12_test_edit_13,test_edit,paraphrase,0,paraphrase,1,opposite_same_wording,ACTION0_END,runner_up_V_sufficiency,0.015996739268302917,USER_END,ACTION0_END,,,,
confirmation,exp12_test_edit_13,test_edit,paraphrase,0,paraphrase,1,opposite_same_wording,ACTION0_END,runner_up_V_necessity_loss,0.008277496322989464,USER_END,ACTION0_END,,,,
confirmation,exp12_test_edit_13,test_edit,paraphrase,0,paraphrase,1,opposite_same_wording,USER_END,reader_verified_v_effect,0.05366753973066807,USER_END,ACTION0_END,0.0,0.0,0.0,
confirmation,exp12_test_edit_13,test_edit,paraphrase,0,paraphrase,1,opposite_same_wording,USER_END,reader_target_sufficiency,0.08627416752278805,USER_END,ACTION0_END,0.0,0.0,0.0,
confirmation,exp12_test_edit_13,test_edit,paraphrase,0,paraphrase,1,opposite_same_wording,USER_END,reader_target_necessity,0.08463701419532299,USER_END,ACTION0_END,0.0,0.0,0.0,
confirmation,exp12_test_edit_13,test_edit,paraphrase,0,paraphrase,1,opposite_same_wording,USER_END,reader_negative_sufficiency,-0.03876364417374134,USER_END,ACTION0_END,0.0,0.0,0.0,
confirmation,exp12_test_edit_13,test_edit,paraphrase,0,paraphrase,1,opposite_same_wording,USER_END,reader_negative_necessity,-0.04695308580994606,USER_END,ACTION0_END,0.0,0.0,0.0,
confirmation,exp12_test_edit_13,test_edit,paraphrase,0,paraphrase,1,opposite_same_wording,USER_END,reader_all7_sufficiency,0.05366753973066807,USER_END,ACTION0_END,0.0,0.0,0.0,
confirmation,exp12_test_edit_13,test_edit,paraphrase,0,paraphrase,1,opposite_same_wording,USER_END,reader_all7_necessity,0.05366753973066807,USER_END,ACTION0_END,0.0,0.0,0.0,
confirmation,exp12_test_edit_13,test_edit,paraphrase,0,paraphrase,1,opposite_same_wording,USER_END,reader_non_kv0_sufficiency,0.0,USER_END,ACTION0_END,0.0,0.0,0.0,
confirmation,exp12_test_edit_13,test_edit,paraphrase,0,paraphrase,1,opposite_same_wording,USER_END,reader_non_kv0_necessity,0.0,USER_END,ACTION0_END,0.0,0.0,0.0,
confirmation,exp12_test_edit_13,test_edit,paraphrase,0,canonical,1,opposite_cross_wording,USER_END,cross_selected_V_sufficiency,0.06281173042953014,,,,,,USER_END
confirmation,exp12_test_edit_13,test_edit,paraphrase,0,canonical,1,opposite_cross_wording,USER_END,cross_selected_V_necessity_loss,0.09510855004191399,,,,,,USER_END
confirmation,exp12_test_edit_13,test_edit,paraphrase,0,canonical,0,same_state_cross_wording,USER_END,same_state_selected_V_control,-0.007695682346820831,,,,,,USER_END
confirmation,exp12_test_edit_13,test_edit,canonical,1,canonical,0,opposite_same_wording,USER_END,selected_H20_residual_effect,0.12608878314495087,USER_END,ACTION0_END,,,,
confirmation,exp12_test_edit_13,test_edit,canonical,1,canonical,0,opposite_same_wording,USER_END,selected_V_sufficiency,0.10230179876089096,USER_END,ACTION0_END,,,,
confirmation,exp12_test_edit_13,test_edit,canonical,1,canonical,0,opposite_same_wording,USER_END,selected_V_necessity_loss,0.08898456394672394,USER_END,ACTION0_END,,,,
confirmation,exp12_test_edit_13,test_edit,canonical,1,canonical,0,opposite_same_wording,OLD_ABSOLUTE,old_absolute_V_sufficiency,0.06370078027248383,USER_END,ACTION0_END,,,,
confirmation,exp12_test_edit_13,test_edit,canonical,1,canonical,0,opposite_same_wording,OLD_ABSOLUTE,old_absolute_local_V_necessity_loss,-0.05438016355037689,USER_END,ACTION0_END,,,,
confirmation,exp12_test_edit_13,test_edit,canonical,1,canonical,0,opposite_same_wording,ACTION0_END,runner_up_V_sufficiency,0.00019991397857666016,USER_END,ACTION0_END,,,,
confirmation,exp12_test_edit_13,test_edit,canonical,1,canonical,0,opposite_same_wording,ACTION0_END,runner_up_V_necessity_loss,-0.008478477597236633,USER_END,ACTION0_END,,,,
confirmation,exp12_test_edit_13,test_edit,canonical,1,canonical,0,opposite_same_wording,USER_END,reader_verified_v_effect,0.10230179876089096,USER_END,ACTION0_END,0.0,0.0,0.0,
confirmation,exp12_test_edit_13,test_edit,canonical,1,canonical,0,opposite_same_wording,USER_END,reader_target_sufficiency,0.10863783955574036,USER_END,ACTION0_END,0.0,0.0,0.0,
confirmation,exp12_test_edit_13,test_edit,canonical,1,canonical,0,opposite_same_wording,USER_END,reader_target_necessity,0.11600881069898605,USER_END,ACTION0_END,0.0,0.0,0.0,
confirmation,exp12_test_edit_13,test_edit,canonical,1,canonical,0,opposite_same_wording,USER_END,reader_negative_sufficiency,-0.019590213894844055,USER_END,ACTION0_END,0.0,0.0,0.0,
confirmation,exp12_test_edit_13,test_edit,canonical,1,canonical,0,opposite_same_wording,USER_END,reader_negative_necessity,-0.03356277197599411,USER_END,ACTION0_END,0.0,0.0,0.0,
confirmation,exp12_test_edit_13,test_edit,canonical,1,canonical,0,opposite_same_wording,USER_END,reader_all7_sufficiency,0.10230179876089096,USER_END,ACTION0_END,0.0,0.0,0.0,
confirmation,exp12_test_edit_13,test_edit,canonical,1,canonical,0,opposite_same_wording,USER_END,reader_all7_necessity,0.10230179876089096,USER_END,ACTION0_END,0.0,0.0,0.0,
confirmation,exp12_test_edit_13,test_edit,canonical,1,canonical,0,opposite_same_wording,USER_END,reader_non_kv0_sufficiency,-0.0,USER_END,ACTION0_END,0.0,0.0,0.0,
confirmation,exp12_test_edit_13,test_edit,canonical,1,canonical,0,opposite_same_wording,USER_END,reader_non_kv0_necessity,0.0,USER_END,ACTION0_END,0.0,0.0,0.0,
confirmation,exp12_test_edit_13,test_edit,canonical,1,paraphrase,0,opposite_cross_wording,USER_END,cross_selected_V_sufficiency,0.09050151705741882,,,,,,USER_END
confirmation,exp12_test_edit_13,test_edit,canonical,1,paraphrase,0,opposite_cross_wording,USER_END,cross_selected_V_necessity_loss,0.061202794313430786,,,,,,USER_END
confirmation,exp12_test_edit_13,test_edit,canonical,1,paraphrase,1,same_state_cross_wording,USER_END,same_state_selected_V_control,0.01076335459947586,,,,,,USER_END
confirmation,exp12_test_edit_13,test_edit,paraphrase,1,paraphrase,0,opposite_same_wording,USER_END,selected_H20_residual_effect,0.1815008968114853,USER_END,ACTION0_END,,,,
confirmation,exp12_test_edit_13,test_edit,paraphrase,1,paraphrase,0,opposite_same_wording,USER_END,selected_V_sufficiency,0.1298695206642151,USER_END,ACTION0_END,,,,
confirmation,exp12_test_edit_13,test_edit,paraphrase,1,paraphrase,0,opposite_same_wording,USER_END,selected_V_necessity_loss,0.1481054127216339,USER_END,ACTION0_END,,,,
confirmation,exp12_test_edit_13,test_edit,paraphrase,1,paraphrase,0,opposite_same_wording,OLD_ABSOLUTE,old_absolute_V_sufficiency,0.06330394744873047,USER_END,ACTION0_END,,,,
confirmation,exp12_test_edit_13,test_edit,paraphrase,1,paraphrase,0,opposite_same_wording,OLD_ABSOLUTE,old_absolute_local_V_necessity_loss,-0.032659854739904404,USER_END,ACTION0_END,,,,
confirmation,exp12_test_edit_13,test_edit,paraphrase,1,paraphrase,0,opposite_same_wording,ACTION0_END,runner_up_V_sufficiency,0.01038128137588501,USER_END,ACTION0_END,,,,
confirmation,exp12_test_edit_13,test_edit,paraphrase,1,paraphrase,0,opposite_same_wording,ACTION0_END,runner_up_V_necessity_loss,-0.00015619397163391113,USER_END,ACTION0_END,,,,
confirmation,exp12_test_edit_13,test_edit,paraphrase,1,paraphrase,0,opposite_same_wording,USER_END,reader_verified_v_effect,0.1298695206642151,USER_END,ACTION0_END,0.0,0.0,0.0,
confirmation,exp12_test_edit_13,test_edit,paraphrase,1,paraphrase,0,opposite_same_wording,USER_END,reader_target_sufficiency,0.11391597986221313,USER_END,ACTION0_END,0.0,0.0,0.0,
confirmation,exp12_test_edit_13,test_edit,paraphrase,1,paraphrase,0,opposite_same_wording,USER_END,reader_target_necessity,0.11550930142402649,USER_END,ACTION0_END,0.0,0.0,0.0,
confirmation,exp12_test_edit_13,test_edit,paraphrase,1,paraphrase,0,opposite_same_wording,USER_END,reader_negative_sufficiency,-0.016923576593399048,USER_END,ACTION0_END,0.0,0.0,0.0,
confirmation,exp12_test_edit_13,test_edit,paraphrase,1,paraphrase,0,opposite_same_wording,USER_END,reader_negative_necessity,-0.004132300615310669,USER_END,ACTION0_END,0.0,0.0,0.0,
confirmation,exp12_test_edit_13,test_edit,paraphrase,1,paraphrase,0,opposite_same_wording,USER_END,reader_all7_sufficiency,0.1298695206642151,USER_END,ACTION0_END,0.0,0.0,0.0,
confirmation,exp12_test_edit_13,test_edit,paraphrase,1,paraphrase,0,opposite_same_wording,USER_END,reader_all7_necessity,0.1298695206642151,USER_END,ACTION0_END,0.0,0.0,0.0,
confirmation,exp12_test_edit_13,test_edit,paraphrase,1,paraphrase,0,opposite_same_wording,USER_END,reader_non_kv0_sufficiency,-0.0,USER_END,ACTION0_END,0.0,0.0,0.0,
confirmation,exp12_test_edit_13,test_edit,paraphrase,1,paraphrase,0,opposite_same_wording,USER_END,reader_non_kv0_necessity,0.0,USER_END,ACTION0_END,0.0,0.0,0.0,
confirmation,exp12_test_edit_13,test_edit,paraphrase,1,canonical,0,opposite_cross_wording,USER_END,cross_selected_V_sufficiency,0.11856044828891754,,,,,,USER_END
confirmation,exp12_test_edit_13,test_edit,paraphrase,1,canonical,0,opposite_cross_wording,USER_END,cross_selected_V_necessity_loss,0.16996335983276367,,,,,,USER_END
confirmation,exp12_test_edit_13,test_edit,paraphrase,1,canonical,1,same_state_cross_wording,USER_END,same_state_selected_V_control,-0.009965762495994568,,,,,,USER_END
confirmation,exp12_test_edit_14,test_edit,canonical,0,canonical,1,opposite_same_wording,USER_END,selected_H20_residual_effect,0.13920367881655693,USER_END,ACTION0_END,,,,
confirmation,exp12_test_edit_14,test_edit,canonical,0,canonical,1,opposite_same_wording,USER_END,selected_V_sufficiency,0.055892711505293846,USER_END,ACTION0_END,,,,
confirmation,exp12_test_edit_14,test_edit,canonical,0,canonical,1,opposite_same_wording,USER_END,selected_V_necessity_loss,0.09691025875508785,USER_END,ACTION0_END,,,,
confirmation,exp12_test_edit_14,test_edit,canonical,0,canonical,1,opposite_same_wording,OLD_ABSOLUTE,old_absolute_V_sufficiency,-0.040668513625860214,USER_END,ACTION0_END,,,,
confirmation,exp12_test_edit_14,test_edit,canonical,0,canonical,1,opposite_same_wording,OLD_ABSOLUTE,old_absolute_local_V_necessity_loss,0.04561654478311539,USER_END,ACTION0_END,,,,
confirmation,exp12_test_edit_14,test_edit,canonical,0,canonical,1,opposite_same_wording,ACTION0_END,runner_up_V_sufficiency,0.0007306169718503952,USER_END,ACTION0_END,,,,
confirmation,exp12_test_edit_14,test_edit,canonical,0,canonical,1,opposite_same_wording,ACTION0_END,runner_up_V_necessity_loss,0.0007406901568174362,USER_END,ACTION0_END,,,,
confirmation,exp12_test_edit_14,test_edit,canonical,0,canonical,1,opposite_same_wording,USER_END,reader_verified_v_effect,0.055892711505293846,USER_END,ACTION0_END,0.0,0.0,0.0,
confirmation,exp12_test_edit_14,test_edit,canonical,0,canonical,1,opposite_same_wording,USER_END,reader_target_sufficiency,0.08413749001920223,USER_END,ACTION0_END,0.0,0.0,0.0,
confirmation,exp12_test_edit_14,test_edit,canonical,0,canonical,1,opposite_same_wording,USER_END,reader_target_necessity,0.08366546407341957,USER_END,ACTION0_END,0.0,0.0,0.0,
confirmation,exp12_test_edit_14,test_edit,canonical,0,canonical,1,opposite_same_wording,USER_END,reader_negative_sufficiency,-0.06115426681935787,USER_END,ACTION0_END,0.0,0.0,0.0,
confirmation,exp12_test_edit_14,test_edit,canonical,0,canonical,1,opposite_same_wording,USER_END,reader_negative_necessity,-0.04898880794644356,USER_END,ACTION0_END,0.0,0.0,0.0,
confirmation,exp12_test_edit_14,test_edit,canonical,0,canonical,1,opposite_same_wording,USER_END,reader_all7_sufficiency,0.055892711505293846,USER_END,ACTION0_END,0.0,0.0,0.0,
confirmation,exp12_test_edit_14,test_edit,canonical,0,canonical,1,opposite_same_wording,USER_END,reader_all7_necessity,0.055892711505293846,USER_END,ACTION0_END,0.0,0.0,0.0,
confirmation,exp12_test_edit_14,test_edit,canonical,0,canonical,1,opposite_same_wording,USER_END,reader_non_kv0_sufficiency,0.0,USER_END,ACTION0_END,0.0,0.0,0.0,
confirmation,exp12_test_edit_14,test_edit,canonical,0,canonical,1,opposite_same_wording,USER_END,reader_non_kv0_necessity,0.0,USER_END,ACTION0_END,0.0,0.0,0.0,
confirmation,exp12_test_edit_14,test_edit,canonical,0,paraphrase,1,opposite_cross_wording,USER_END,cross_selected_V_sufficiency,0.035577019676566124,,,,,,USER_END
confirmation,exp12_test_edit_14,test_edit,canonical,0,paraphrase,1,opposite_cross_wording,USER_END,cross_selected_V_necessity_loss,0.04898003116250038,,,,,,USER_END
confirmation,exp12_test_edit_14,test_edit,canonical,0,paraphrase,0,same_state_cross_wording,USER_END,same_state_selected_V_control,0.006867820397019386,,,,,,USER_END
confirmation,exp12_test_edit_14,test_edit,paraphrase,0,paraphrase,1,opposite_same_wording,USER_END,selected_H20_residual_effect,0.08265670575201511,USER_END,ACTION0_END,,,,
confirmation,exp12_test_edit_14,test_edit,paraphrase,0,paraphrase,1,opposite_same_wording,USER_END,selected_V_sufficiency,0.04845600575208664,USER_END,ACTION0_END,,,,
confirmation,exp12_test_edit_14,test_edit,paraphrase,0,paraphrase,1,opposite_same_wording,USER_END,selected_V_necessity_loss,0.013640277087688446,USER_END,ACTION0_END,,,,
confirmation,exp12_test_edit_14,test_edit,paraphrase,0,paraphrase,1,opposite_same_wording,OLD_ABSOLUTE,old_absolute_V_sufficiency,-0.035784801468253136,USER_END,ACTION0_END,,,,
confirmation,exp12_test_edit_14,test_edit,paraphrase,0,paraphrase,1,opposite_same_wording,OLD_ABSOLUTE,old_absolute_local_V_necessity_loss,0.04982750862836838,USER_END,ACTION0_END,,,,
confirmation,exp12_test_edit_14,test_edit,paraphrase,0,paraphrase,1,opposite_same_wording,ACTION0_END,runner_up_V_sufficiency,0.0003757346421480179,USER_END,ACTION0_END,,,,
confirmation,exp12_test_edit_14,test_edit,paraphrase,0,paraphrase,1,opposite_same_wording,ACTION0_END,runner_up_V_necessity_loss,0.00693194754421711,USER_END,ACTION0_END,,,,
confirmation,exp12_test_edit_14,test_edit,paraphrase,0,paraphrase,1,opposite_same_wording,USER_END,reader_verified_v_effect,0.04845600575208664,USER_END,ACTION0_END,0.0,0.0,0.0,
confirmation,exp12_test_edit_14,test_edit,paraphrase,0,paraphrase,1,opposite_same_wording,USER_END,reader_target_sufficiency,0.08972484804689884,USER_END,ACTION0_END,0.0,0.0,0.0,
confirmation,exp12_test_edit_14,test_edit,paraphrase,0,paraphrase,1,opposite_same_wording,USER_END,reader_target_necessity,0.07740933820605278,USER_END,ACTION0_END,0.0,0.0,0.0,
confirmation,exp12_test_edit_14,test_edit,paraphrase,0,paraphrase,1,opposite_same_wording,USER_END,reader_negative_sufficiency,-0.03546229004859924,USER_END,ACTION0_END,0.0,0.0,0.0,
confirmation,exp12_test_edit_14,test_edit,paraphrase,0,paraphrase,1,opposite_same_wording,USER_END,reader_negative_necessity,-0.05599811673164368,USER_END,ACTION0_END,0.0,0.0,0.0,
confirmation,exp12_test_edit_14,test_edit,paraphrase,0,paraphrase,1,opposite_same_wording,USER_END,reader_all7_sufficiency,0.04845600575208664,USER_END,ACTION0_END,0.0,0.0,0.0,
confirmation,exp12_test_edit_14,test_edit,paraphrase,0,paraphrase,1,opposite_same_wording,USER_END,reader_all7_necessity,0.04845600575208664,USER_END,ACTION0_END,0.0,0.0,0.0,
confirmation,exp12_test_edit_14,test_edit,paraphrase,0,paraphrase,1,opposite_same_wording,USER_END,reader_non_kv0_sufficiency,0.0,USER_END,ACTION0_END,0.0,0.0,0.0,
confirmation,exp12_test_edit_14,test_edit,paraphrase,0,paraphrase,1,opposite_same_wording,USER_END,reader_non_kv0_necessity,0.0,USER_END,ACTION0_END,0.0,0.0,0.0,
confirmation,exp12_test_edit_14,test_edit,paraphrase,0,canonical,1,opposite_cross_wording,USER_END,cross_selected_V_sufficiency,0.06859167851507664,,,,,,USER_END
confirmation,exp12_test_edit_14,test_edit,paraphrase,0,canonical,1,opposite_cross_wording,USER_END,cross_selected_V_necessity_loss,0.0979287438094616,,,,,,USER_END
confirmation,exp12_test_edit_14,test_edit,paraphrase,0,canonical,0,same_state_cross_wording,USER_END,same_state_selected_V_control,-0.013090841472148895,,,,,,USER_END
confirmation,exp12_test_edit_14,test_edit,canonical,1,canonical,0,opposite_same_wording,USER_END,selected_H20_residual_effect,0.13895533978939056,USER_END,ACTION0_END,,,,
confirmation,exp12_test_edit_14,test_edit,canonical,1,canonical,0,opposite_same_wording,USER_END,selected_V_sufficiency,0.1108337938785553,USER_END,ACTION0_END,,,,
confirmation,exp12_test_edit_14,test_edit,canonical,1,canonical,0,opposite_same_wording,USER_END,selected_V_necessity_loss,0.09756183624267578,USER_END,ACTION0_END,,,,
confirmation,exp12_test_edit_14,test_edit,canonical,1,canonical,0,opposite_same_wording,OLD_ABSOLUTE,old_absolute_V_sufficiency,0.06301534920930862,USER_END,ACTION0_END,,,,
confirmation,exp12_test_edit_14,test_edit,canonical,1,canonical,0,opposite_same_wording,OLD_ABSOLUTE,old_absolute_local_V_necessity_loss,-0.061337534338235855,USER_END,ACTION0_END,,,,
confirmation,exp12_test_edit_14,test_edit,canonical,1,canonical,0,opposite_same_wording,ACTION0_END,runner_up_V_sufficiency,8.876621723175049e-05,USER_END,ACTION0_END,,,,
confirmation,exp12_test_edit_14,test_edit,canonical,1,canonical,0,opposite_same_wording,ACTION0_END,runner_up_V_necessity_loss,0.019480183720588684,USER_END,ACTION0_END,,,,
confirmation,exp12_test_edit_14,test_edit,canonical,1,canonical,0,opposite_same_wording,USER_END,reader_verified_v_effect,0.1108337938785553,USER_END,ACTION0_END,0.0,0.0,0.0,
confirmation,exp12_test_edit_14,test_edit,canonical,1,canonical,0,opposite_same_wording,USER_END,reader_target_sufficiency,0.11680552363395691,USER_END,ACTION0_END,0.0,0.0,0.0,
confirmation,exp12_test_edit_14,test_edit,canonical,1,canonical,0,opposite_same_wording,USER_END,reader_target_necessity,0.12342122197151184,USER_END,ACTION0_END,0.0,0.0,0.0,
confirmation,exp12_test_edit_14,test_edit,canonical,1,canonical,0,opposite_same_wording,USER_END,reader_negative_sufficiency,-0.020770199596881866,USER_END,ACTION0_END,0.0,0.0,0.0,
confirmation,exp12_test_edit_14,test_edit,canonical,1,canonical,0,opposite_same_wording,USER_END,reader_negative_necessity,-0.017039723694324493,USER_END,ACTION0_END,0.0,0.0,0.0,
confirmation,exp12_test_edit_14,test_edit,canonical,1,canonical,0,opposite_same_wording,USER_END,reader_all7_sufficiency,0.1108337938785553,USER_END,ACTION0_END,0.0,0.0,0.0,
confirmation,exp12_test_edit_14,test_edit,canonical,1,canonical,0,opposite_same_wording,USER_END,reader_all7_necessity,0.1108337938785553,USER_END,ACTION0_END,0.0,0.0,0.0,
confirmation,exp12_test_edit_14,test_edit,canonical,1,canonical,0,opposite_same_wording,USER_END,reader_non_kv0_sufficiency,-0.0,USER_END,ACTION0_END,0.0,0.0,0.0,
confirmation,exp12_test_edit_14,test_edit,canonical,1,canonical,0,opposite_same_wording,USER_END,reader_non_kv0_necessity,0.0,USER_END,ACTION0_END,0.0,0.0,0.0,
confirmation,exp12_test_edit_14,test_edit,canonical,1,paraphrase,0,opposite_cross_wording,USER_END,cross_selected_V_sufficiency,0.09081040322780609,,,,,,USER_END
confirmation,exp12_test_edit_14,test_edit,canonical,1,paraphrase,0,opposite_cross_wording,USER_END,cross_selected_V_necessity_loss,0.06188094615936279,,,,,,USER_END
confirmation,exp12_test_edit_14,test_edit,canonical,1,paraphrase,1,same_state_cross_wording,USER_END,same_state_selected_V_control,0.00035844743251800537,,,,,,USER_END
confirmation,exp12_test_edit_14,test_edit,paraphrase,1,paraphrase,0,opposite_same_wording,USER_END,selected_H20_residual_effect,0.1749737784266472,USER_END,ACTION0_END,,,,
confirmation,exp12_test_edit_14,test_edit,paraphrase,1,paraphrase,0,opposite_same_wording,USER_END,selected_V_sufficiency,0.10618113726377487,USER_END,ACTION0_END,,,,
confirmation,exp12_test_edit_14,test_edit,paraphrase,1,paraphrase,0,opposite_same_wording,USER_END,selected_V_necessity_loss,0.13099396228790283,USER_END,ACTION0_END,,,,
confirmation,exp12_test_edit_14,test_edit,paraphrase,1,paraphrase,0,opposite_same_wording,OLD_ABSOLUTE,old_absolute_V_sufficiency,0.05345052480697632,USER_END,ACTION0_END,,,,
confirmation,exp12_test_edit_14,test_edit,paraphrase,1,paraphrase,0,opposite_same_wording,OLD_ABSOLUTE,old_absolute_local_V_necessity_loss,-0.015276331454515457,USER_END,ACTION0_END,,,,
confirmation,exp12_test_edit_14,test_edit,paraphrase,1,paraphrase,0,opposite_same_wording,ACTION0_END,runner_up_V_sufficiency,0.006409153342247009,USER_END,ACTION0_END,,,,
confirmation,exp12_test_edit_14,test_edit,paraphrase,1,paraphrase,0,opposite_same_wording,ACTION0_END,runner_up_V_necessity_loss,-0.011119477450847626,USER_END,ACTION0_END,,,,
confirmation,exp12_test_edit_14,test_edit,paraphrase,1,paraphrase,0,opposite_same_wording,USER_END,reader_verified_v_effect,0.10618113726377487,USER_END,ACTION0_END,0.0,0.0,0.0,
confirmation,exp12_test_edit_14,test_edit,paraphrase,1,paraphrase,0,opposite_same_wording,USER_END,reader_target_sufficiency,0.11498480290174484,USER_END,ACTION0_END,0.0,0.0,0.0,
confirmation,exp12_test_edit_14,test_edit,paraphrase,1,paraphrase,0,opposite_same_wording,USER_END,reader_target_necessity,0.1103903129696846,USER_END,ACTION0_END,0.0,0.0,0.0,
confirmation,exp12_test_edit_14,test_edit,paraphrase,1,paraphrase,0,opposite_same_wording,USER_END,reader_negative_sufficiency,-0.016179829835891724,USER_END,ACTION0_END,0.0,0.0,0.0,
confirmation,exp12_test_edit_14,test_edit,paraphrase,1,paraphrase,0,opposite_same_wording,USER_END,reader_negative_necessity,-0.02498486638069153,USER_END,ACTION0_END,0.0,0.0,0.0,
confirmation,exp12_test_edit_14,test_edit,paraphrase,1,paraphrase,0,opposite_same_wording,USER_END,reader_all7_sufficiency,0.10618113726377487,USER_END,ACTION0_END,0.0,0.0,0.0,
confirmation,exp12_test_edit_14,test_edit,paraphrase,1,paraphrase,0,opposite_same_wording,USER_END,reader_all7_necessity,0.10618113726377487,USER_END,ACTION0_END,0.0,0.0,0.0,
confirmation,exp12_test_edit_14,test_edit,paraphrase,1,paraphrase,0,opposite_same_wording,USER_END,reader_non_kv0_sufficiency,-0.0,USER_END,ACTION0_END,0.0,0.0,0.0,
confirmation,exp12_test_edit_14,test_edit,paraphrase,1,paraphrase,0,opposite_same_wording,USER_END,reader_non_kv0_necessity,0.0,USER_END,ACTION0_END,0.0,0.0,0.0,
confirmation,exp12_test_edit_14,test_edit,paraphrase,1,canonical,0,opposite_cross_wording,USER_END,cross_selected_V_sufficiency,0.10632377117872238,,,,,,USER_END
confirmation,exp12_test_edit_14,test_edit,paraphrase,1,canonical,0,opposite_cross_wording,USER_END,cross_selected_V_necessity_loss,0.17026641219854355,,,,,,USER_END
confirmation,exp12_test_edit_14,test_edit,paraphrase,1,canonical,1,same_state_cross_wording,USER_END,same_state_selected_V_control,-0.006936296820640564,,,,,,USER_END
confirmation,exp12_search_edit_00,search_edit,canonical,0,canonical,1,opposite_same_wording,USER_END,selected_H20_residual_effect,0.04468381591141224,USER_END,SKILL_END,,,,
confirmation,exp12_search_edit_00,search_edit,canonical,0,canonical,1,opposite_same_wording,USER_END,selected_V_sufficiency,0.05361754819750786,USER_END,SKILL_END,,,,
confirmation,exp12_search_edit_00,search_edit,canonical,0,canonical,1,opposite_same_wording,USER_END,selected_V_necessity_loss,0.017882993444800377,USER_END,SKILL_END,,,,
confirmation,exp12_search_edit_00,search_edit,canonical,0,canonical,1,opposite_same_wording,OLD_ABSOLUTE,old_absolute_V_sufficiency,-0.008938569575548172,USER_END,SKILL_END,,,,
confirmation,exp12_search_edit_00,search_edit,canonical,0,canonical,1,opposite_same_wording,OLD_ABSOLUTE,old_absolute_local_V_necessity_loss,-0.0184866264462471,USER_END,SKILL_END,,,,
confirmation,exp12_search_edit_00,search_edit,canonical,0,canonical,1,opposite_same_wording,SKILL_END,runner_up_V_sufficiency,-0.008939161896705627,USER_END,SKILL_END,,,,
confirmation,exp12_search_edit_00,search_edit,canonical,0,canonical,1,opposite_same_wording,SKILL_END,runner_up_V_necessity_loss,0.018408263102173805,USER_END,SKILL_END,,,,
confirmation,exp12_search_edit_00,search_edit,canonical,0,canonical,1,opposite_same_wording,USER_END,reader_verified_v_effect,0.05361754819750786,USER_END,SKILL_END,0.0,0.0,0.0,
confirmation,exp12_search_edit_00,search_edit,canonical,0,canonical,1,opposite_same_wording,USER_END,reader_target_sufficiency,0.053665440529584885,USER_END,SKILL_END,0.0,0.0,0.0,
confirmation,exp12_search_edit_00,search_edit,canonical,0,canonical,1,opposite_same_wording,USER_END,reader_target_necessity,0.06297244504094124,USER_END,SKILL_END,0.0,0.0,0.0,
confirmation,exp12_search_edit_00,search_edit,canonical,0,canonical,1,opposite_same_wording,USER_END,reader_negative_sufficiency,-0.00891173630952835,USER_END,SKILL_END,0.0,0.0,0.0,
confirmation,exp12_search_edit_00,search_edit,canonical,0,canonical,1,opposite_same_wording,USER_END,reader_negative_necessity,-0.017931416630744934,USER_END,SKILL_END,0.0,0.0,0.0,
confirmation,exp12_search_edit_00,search_edit,canonical,0,canonical,1,opposite_same_wording,USER_END,reader_all7_sufficiency,0.05361754819750786,USER_END,SKILL_END,0.0,0.0,0.0,
confirmation,exp12_search_edit_00,search_edit,canonical,0,canonical,1,opposite_same_wording,USER_END,reader_all7_necessity,0.05361754819750786,USER_END,SKILL_END,0.0,0.0,0.0,
confirmation,exp12_search_edit_00,search_edit,canonical,0,canonical,1,opposite_same_wording,USER_END,reader_non_kv0_sufficiency,0.0,USER_END,SKILL_END,0.0,0.0,0.0,
confirmation,exp12_search_edit_00,search_edit,canonical,0,canonical,1,opposite_same_wording,USER_END,reader_non_kv0_necessity,0.0,USER_END,SKILL_END,0.0,0.0,0.0,
confirmation,exp12_search_edit_00,search_edit,canonical,0,paraphrase,1,opposite_cross_wording,USER_END,cross_selected_V_sufficiency,0.026813790202140808,,,,,,USER_END
confirmation,exp12_search_edit_00,search_edit,canonical,0,paraphrase,1,opposite_cross_wording,USER_END,cross_selected_V_necessity_loss,-1.708604395389557e-05,,,,,,USER_END
confirmation,exp12_search_edit_00,search_edit,canonical,0,paraphrase,0,same_state_cross_wording,USER_END,same_state_selected_V_control,0.018231911584734917,,,,,,USER_END
confirmation,exp12_search_edit_00,search_edit,paraphrase,0,paraphrase,1,opposite_same_wording,USER_END,selected_H20_residual_effect,0.027086518704891205,USER_END,FINAL_INSTRUCTION_END,,,,
confirmation,exp12_search_edit_00,search_edit,paraphrase,0,paraphrase,1,opposite_same_wording,USER_END,selected_V_sufficiency,0.03607952408492565,USER_END,FINAL_INSTRUCTION_END,,,,
confirmation,exp12_search_edit_00,search_edit,paraphrase,0,paraphrase,1,opposite_same_wording,USER_END,selected_V_necessity_loss,-3.376603126525879e-05,USER_END,FINAL_INSTRUCTION_END,,,,
confirmation,exp12_search_edit_00,search_edit,paraphrase,0,paraphrase,1,opposite_same_wording,OLD_ABSOLUTE,old_absolute_V_sufficiency,-0.062493033707141876,USER_END,FINAL_INSTRUCTION_END,,,,
confirmation,exp12_search_edit_00,search_edit,paraphrase,0,paraphrase,1,opposite_same_wording,OLD_ABSOLUTE,old_absolute_local_V_necessity_loss,-0.054382991045713425,USER_END,FINAL_INSTRUCTION_END,,,,
confirmation,exp12_search_edit_00,search_edit,paraphrase,0,paraphrase,1,opposite_same_wording,FINAL_INSTRUCTION_END,runner_up_V_sufficiency,0.008857714012265205,USER_END,FINAL_INSTRUCTION_END,,,,
confirmation,exp12_search_edit_00,search_edit,paraphrase,0,paraphrase,1,opposite_same_wording,FINAL_INSTRUCTION_END,runner_up_V_necessity_loss,0.00925443321466446,USER_END,FINAL_INSTRUCTION_END,,,,
confirmation,exp12_search_edit_00,search_edit,paraphrase,0,paraphrase,1,opposite_same_wording,USER_END,reader_verified_v_effect,0.03607952408492565,USER_END,FINAL_INSTRUCTION_END,0.0,0.0,0.0,
confirmation,exp12_search_edit_00,search_edit,paraphrase,0,paraphrase,1,opposite_same_wording,USER_END,reader_target_sufficiency,0.026752039790153503,USER_END,FINAL_INSTRUCTION_END,0.0,0.0,0.0,
confirmation,exp12_search_edit_00,search_edit,paraphrase,0,paraphrase,1,opposite_same_wording,USER_END,reader_target_necessity,0.017835160717368126,USER_END,FINAL_INSTRUCTION_END,0.0,0.0,0.0,
confirmation,exp12_search_edit_00,search_edit,paraphrase,0,paraphrase,1,opposite_same_wording,USER_END,reader_negative_sufficiency,0.009316371753811836,USER_END,FINAL_INSTRUCTION_END,0.0,0.0,0.0,
confirmation,exp12_search_edit_00,search_edit,paraphrase,0,paraphrase,1,opposite_same_wording,USER_END,reader_negative_necessity,0.009300503879785538,USER_END,FINAL_INSTRUCTION_END,0.0,0.0,0.0,
confirmation,exp12_search_edit_00,search_edit,paraphrase,0,paraphrase,1,opposite_same_wording,USER_END,reader_all7_sufficiency,0.03607952408492565,USER_END,FINAL_INSTRUCTION_END,0.0,0.0,0.0,
confirmation,exp12_search_edit_00,search_edit,paraphrase,0,paraphrase,1,opposite_same_wording,USER_END,reader_all7_necessity,0.03607952408492565,USER_END,FINAL_INSTRUCTION_END,0.0,0.0,0.0,
confirmation,exp12_search_edit_00,search_edit,paraphrase,0,paraphrase,1,opposite_same_wording,USER_END,reader_non_kv0_sufficiency,0.0,USER_END,FINAL_INSTRUCTION_END,0.0,0.0,0.0,
confirmation,exp12_search_edit_00,search_edit,paraphrase,0,paraphrase,1,opposite_same_wording,USER_END,reader_non_kv0_necessity,0.0,USER_END,FINAL_INSTRUCTION_END,0.0,0.0,0.0,
confirmation,exp12_search_edit_00,search_edit,paraphrase,0,canonical,1,opposite_cross_wording,USER_END,cross_selected_V_sufficiency,0.0356758926063776,,,,,,USER_END
confirmation,exp12_search_edit_00,search_edit,paraphrase,0,canonical,1,opposite_cross_wording,USER_END,cross_selected_V_necessity_loss,0.027155444025993347,,,,,,USER_END
confirmation,exp12_search_edit_00,search_edit,paraphrase,0,canonical,0,same_state_cross_wording,USER_END,same_state_selected_V_control,-0.008915917947888374,,,,,,USER_END
confirmation,exp12_search_edit_00,search_edit,canonical,1,canonical,0,opposite_same_wording,USER_END,selected_H20_residual_effect,0.2461206391453743,USER_END,SKILL_END,,,,
confirmation,exp12_search_edit_00,search_edit,canonical,1,canonical,0,opposite_same_wording,USER_END,selected_V_sufficiency,0.143744558095932,USER_END,SKILL_END,,,,
confirmation,exp12_search_edit_00,search_edit,canonical,1,canonical,0,opposite_same_wording,USER_END,selected_V_necessity_loss,0.1436665654182434,USER_END,SKILL_END,,,,
confirmation,exp12_search_edit_00,search_edit,canonical,1,canonical,0,opposite_same_wording,OLD_ABSOLUTE,old_absolute_V_sufficiency,8.513033390045166e-05,USER_END,SKILL_END,,,,
confirmation,exp12_search_edit_00,search_edit,canonical,1,canonical,0,opposite_same_wording,OLD_ABSOLUTE,old_absolute_local_V_necessity_loss,-0.017949122935533524,USER_END,SKILL_END,,,,
confirmation,exp12_search_edit_00,search_edit,canonical,1,canonical,0,opposite_same_wording,SKILL_END,runner_up_V_sufficiency,0.02050163596868515,USER_END,SKILL_END,,,,
confirmation,exp12_search_edit_00,search_edit,canonical,1,canonical,0,opposite_same_wording,SKILL_END,runner_up_V_necessity_loss,0.020673386752605438,USER_END,SKILL_END,,,,
confirmation,exp12_search_edit_00,search_edit,canonical,1,canonical,0,opposite_same_wording,USER_END,reader_verified_v_effect,0.143744558095932,USER_END,SKILL_END,0.0,0.0,0.0,
confirmation,exp12_search_edit_00,search_edit,canonical,1,canonical,0,opposite_same_wording,USER_END,reader_target_sufficiency,0.16420968621969223,USER_END,SKILL_END,0.0,0.0,0.0,
confirmation,exp12_search_edit_00,search_edit,canonical,1,canonical,0,opposite_same_wording,USER_END,reader_target_necessity,0.1447705328464508,USER_END,SKILL_END,0.0,0.0,0.0,
confirmation,exp12_search_edit_00,search_edit,canonical,1,canonical,0,opposite_same_wording,USER_END,reader_negative_sufficiency,-0.021764308214187622,USER_END,SKILL_END,0.0,0.0,0.0,
confirmation,exp12_search_edit_00,search_edit,canonical,1,canonical,0,opposite_same_wording,USER_END,reader_negative_necessity,-0.04178618639707565,USER_END,SKILL_END,0.0,0.0,0.0,
confirmation,exp12_search_edit_00,search_edit,canonical,1,canonical,0,opposite_same_wording,USER_END,reader_all7_sufficiency,0.143744558095932,USER_END,SKILL_END,0.0,0.0,0.0,
confirmation,exp12_search_edit_00,search_edit,canonical,1,canonical,0,opposite_same_wording,USER_END,reader_all7_necessity,0.143744558095932,USER_END,SKILL_END,0.0,0.0,0.0,
confirmation,exp12_search_edit_00,search_edit,canonical,1,canonical,0,opposite_same_wording,USER_END,reader_non_kv0_sufficiency,-0.0,USER_END,SKILL_END,0.0,0.0,0.0,
confirmation,exp12_search_edit_00,search_edit,canonical,1,canonical,0,opposite_same_wording,USER_END,reader_non_kv0_necessity,0.0,USER_END,SKILL_END,0.0,0.0,0.0,
confirmation,exp12_search_edit_00,search_edit,canonical,1,paraphrase,0,opposite_cross_wording,USER_END,cross_selected_V_sufficiency,0.12408854067325592,,,,,,USER_END
confirmation,exp12_search_edit_00,search_edit,canonical,1,paraphrase,0,opposite_cross_wording,USER_END,cross_selected_V_necessity_loss,0.06274985522031784,,,,,,USER_END
confirmation,exp12_search_edit_00,search_edit,canonical,1,paraphrase,1,same_state_cross_wording,USER_END,same_state_selected_V_control,-0.0621776282787323,,,,,,USER_END
confirmation,exp12_search_edit_00,search_edit,paraphrase,1,paraphrase,0,opposite_same_wording,USER_END,selected_H20_residual_effect,0.11828793585300446,USER_END,FINAL_INSTRUCTION_END,,,,
confirmation,exp12_search_edit_00,search_edit,paraphrase,1,paraphrase,0,opposite_same_wording,USER_END,selected_V_sufficiency,0.058798640966415405,USER_END,FINAL_INSTRUCTION_END,,,,
confirmation,exp12_search_edit_00,search_edit,paraphrase,1,paraphrase,0,opposite_same_wording,USER_END,selected_V_necessity_loss,0.07816803455352783,USER_END,FINAL_INSTRUCTION_END,,,,
confirmation,exp12_search_edit_00,search_edit,paraphrase,1,paraphrase,0,opposite_same_wording,OLD_ABSOLUTE,old_absolute_V_sufficiency,-0.020357728004455566,USER_END,FINAL_INSTRUCTION_END,,,,
confirmation,exp12_search_edit_00,search_edit,paraphrase,1,paraphrase,0,opposite_same_wording,OLD_ABSOLUTE,old_absolute_local_V_necessity_loss,-0.035807158797979355,USER_END,FINAL_INSTRUCTION_END,,,,
confirmation,exp12_search_edit_00,search_edit,paraphrase,1,paraphrase,0,opposite_same_wording,FINAL_INSTRUCTION_END,runner_up_V_sufficiency,0.019080281257629395,USER_END,FINAL_INSTRUCTION_END,,,,
confirmation,exp12_search_edit_00,search_edit,paraphrase,1,paraphrase,0,opposite_same_wording,FINAL_INSTRUCTION_END,runner_up_V_necessity_loss,0.018912166357040405,USER_END,FINAL_INSTRUCTION_END,,,,
confirmation,exp12_search_edit_00,search_edit,paraphrase,1,paraphrase,0,opposite_same_wording,USER_END,reader_verified_v_effect,0.058798640966415405,USER_END,FINAL_INSTRUCTION_END,0.0,0.0,0.0,
confirmation,exp12_search_edit_00,search_edit,paraphrase,1,paraphrase,0,opposite_same_wording,USER_END,reader_target_sufficiency,0.07875917851924896,USER_END,FINAL_INSTRUCTION_END,0.0,0.0,0.0,
confirmation,exp12_search_edit_00,search_edit,paraphrase,1,paraphrase,0,opposite_same_wording,USER_END,reader_target_necessity,0.058834806084632874,USER_END,FINAL_INSTRUCTION_END,0.0,0.0,0.0,
confirmation,exp12_search_edit_00,search_edit,paraphrase,1,paraphrase,0,opposite_same_wording,USER_END,reader_negative_sufficiency,-0.020359233021736145,USER_END,FINAL_INSTRUCTION_END,0.0,0.0,0.0,
confirmation,exp12_search_edit_00,search_edit,paraphrase,1,paraphrase,0,opposite_same_wording,USER_END,reader_negative_necessity,-0.03851445019245148,USER_END,FINAL_INSTRUCTION_END,0.0,0.0,0.0,
confirmation,exp12_search_edit_00,search_edit,paraphrase,1,paraphrase,0,opposite_same_wording,USER_END,reader_all7_sufficiency,0.058798640966415405,USER_END,FINAL_INSTRUCTION_END,0.0,0.0,0.0,
confirmation,exp12_search_edit_00,search_edit,paraphrase,1,paraphrase,0,opposite_same_wording,USER_END,reader_all7_necessity,0.058798640966415405,USER_END,FINAL_INSTRUCTION_END,0.0,0.0,0.0,
confirmation,exp12_search_edit_00,search_edit,paraphrase,1,paraphrase,0,opposite_same_wording,USER_END,reader_non_kv0_sufficiency,-0.0,USER_END,FINAL_INSTRUCTION_END,0.0,0.0,0.0,
confirmation,exp12_search_edit_00,search_edit,paraphrase,1,paraphrase,0,opposite_same_wording,USER_END,reader_non_kv0_necessity,0.0,USER_END,FINAL_INSTRUCTION_END,0.0,0.0,0.0,
confirmation,exp12_search_edit_00,search_edit,paraphrase,1,canonical,0,opposite_cross_wording,USER_END,cross_selected_V_sufficiency,0.07886014878749847,,,,,,USER_END
confirmation,exp12_search_edit_00,search_edit,paraphrase,1,canonical,0,opposite_cross_wording,USER_END,cross_selected_V_necessity_loss,0.11492982506752014,,,,,,USER_END
confirmation,exp12_search_edit_00,search_edit,paraphrase,1,canonical,1,same_state_cross_wording,USER_END,same_state_selected_V_control,-0.0001239776611328125,,,,,,USER_END
confirmation,exp12_search_edit_02,search_edit,canonical,0,canonical,1,opposite_same_wording,USER_END,selected_H20_residual_effect,0.04513868689537048,USER_END,SKILL_END,,,,
confirmation,exp12_search_edit_02,search_edit,canonical,0,canonical,1,opposite_same_wording,USER_END,selected_V_sufficiency,0.04463836923241615,USER_END,SKILL_END,,,,
confirmation,exp12_search_edit_02,search_edit,canonical,0,canonical,1,opposite_same_wording,USER_END,selected_V_necessity_loss,0.0362390149384737,USER_END,SKILL_END,,,,
confirmation,exp12_search_edit_02,search_edit,canonical,0,canonical,1,opposite_same_wording,OLD_ABSOLUTE,old_absolute_V_sufficiency,-9.754486382007599e-05,USER_END,SKILL_END,,,,
confirmation,exp12_search_edit_02,search_edit,canonical,0,canonical,1,opposite_same_wording,OLD_ABSOLUTE,old_absolute_local_V_necessity_loss,-0.018387064337730408,USER_END,SKILL_END,,,,
confirmation,exp12_search_edit_02,search_edit,canonical,0,canonical,1,opposite_same_wording,SKILL_END,runner_up_V_sufficiency,0.00040008872747421265,USER_END,SKILL_END,,,,
confirmation,exp12_search_edit_02,search_edit,canonical,0,canonical,1,opposite_same_wording,SKILL_END,runner_up_V_necessity_loss,0.00039949454367160797,USER_END,SKILL_END,,,,
confirmation,exp12_search_edit_02,search_edit,canonical,0,canonical,1,opposite_same_wording,USER_END,reader_verified_v_effect,0.04463836923241615,USER_END,SKILL_END,0.0,0.0,0.0,
confirmation,exp12_search_edit_02,search_edit,canonical,0,canonical,1,opposite_same_wording,USER_END,reader_target_sufficiency,0.07189188152551651,USER_END,SKILL_END,0.0,0.0,0.0,
confirmation,exp12_search_edit_02,search_edit,canonical,0,canonical,1,opposite_same_wording,USER_END,reader_target_necessity,0.04426367208361626,USER_END,SKILL_END,0.0,0.0,0.0,
confirmation,exp12_search_edit_02,search_edit,canonical,0,canonical,1,opposite_same_wording,USER_END,reader_negative_sufficiency,-0.01793726161122322,USER_END,SKILL_END,0.0,0.0,0.0,
confirmation,exp12_search_edit_02,search_edit,canonical,0,canonical,1,opposite_same_wording,USER_END,reader_negative_necessity,-0.036182183772325516,USER_END,SKILL_END,0.0,0.0,0.0,
confirmation,exp12_search_edit_02,search_edit,canonical,0,canonical,1,opposite_same_wording,USER_END,reader_all7_sufficiency,0.04463836923241615,USER_END,SKILL_END,0.0,0.0,0.0,
confirmation,exp12_search_edit_02,search_edit,canonical,0,canonical,1,opposite_same_wording,USER_END,reader_all7_necessity,0.04463836923241615,USER_END,SKILL_END,0.0,0.0,0.0,
confirmation,exp12_search_edit_02,search_edit,canonical,0,canonical,1,opposite_same_wording,USER_END,reader_non_kv0_sufficiency,0.0,USER_END,SKILL_END,0.0,0.0,0.0,
confirmation,exp12_search_edit_02,search_edit,canonical,0,canonical,1,opposite_same_wording,USER_END,reader_non_kv0_necessity,0.0,USER_END,SKILL_END,0.0,0.0,0.0,
confirmation,exp12_search_edit_02,search_edit,canonical,0,paraphrase,1,opposite_cross_wording,USER_END,cross_selected_V_sufficiency,0.018159274011850357,,,,,,USER_END
confirmation,exp12_search_edit_02,search_edit,canonical,0,paraphrase,1,opposite_cross_wording,USER_END,cross_selected_V_necessity_loss,0.018252206966280937,,,,,,USER_END
confirmation,exp12_search_edit_02,search_edit,canonical,0,paraphrase,0,same_state_cross_wording,USER_END,same_state_selected_V_control,0.026901135221123695,,,,,,USER_END
confirmation,exp12_search_edit_02,search_edit,paraphrase,0,paraphrase,1,opposite_same_wording,USER_END,selected_H20_residual_effect,0.00921013206243515,USER_END,FINAL_INSTRUCTION_END,,,,
confirmation,exp12_search_edit_02,search_edit,paraphrase,0,paraphrase,1,opposite_same_wording,USER_END,selected_V_sufficiency,0.009120812639594078,USER_END,FINAL_INSTRUCTION_END,,,,
confirmation,exp12_search_edit_02,search_edit,paraphrase,0,paraphrase,1,opposite_same_wording,USER_END,selected_V_necessity_loss,0.009207010269165039,USER_END,FINAL_INSTRUCTION_END,,,,
confirmation,exp12_search_edit_02,search_edit,paraphrase,0,paraphrase,1,opposite_same_wording,OLD_ABSOLUTE,old_absolute_V_sufficiency,-0.07147234119474888,USER_END,FINAL_INSTRUCTION_END,,,,
confirmation,exp12_search_edit_02,search_edit,paraphrase,0,paraphrase,1,opposite_same_wording,OLD_ABSOLUTE,old_absolute_local_V_necessity_loss,-0.05430418252944946,USER_END,FINAL_INSTRUCTION_END,,,,
confirmation,exp12_search_edit_02,search_edit,paraphrase,0,paraphrase,1,opposite_same_wording,FINAL_INSTRUCTION_END,runner_up_V_sufficiency,-0.008738460019230843,USER_END,FINAL_INSTRUCTION_END,,,,
confirmation,exp12_search_edit_02,search_edit,paraphrase,0,paraphrase,1,opposite_same_wording,FINAL_INSTRUCTION_END,runner_up_V_necessity_loss,-4.864297807216644e-05,USER_END,FINAL_INSTRUCTION_END,,,,
confirmation,exp12_search_edit_02,search_edit,paraphrase,0,paraphrase,1,opposite_same_wording,USER_END,reader_verified_v_effect,0.009120812639594078,USER_END,FINAL_INSTRUCTION_END,0.0,0.0,0.0,
confirmation,exp12_search_edit_02,search_edit,paraphrase,0,paraphrase,1,opposite_same_wording,USER_END,reader_target_sufficiency,0.009123696014285088,USER_END,FINAL_INSTRUCTION_END,0.0,0.0,0.0,
confirmation,exp12_search_edit_02,search_edit,paraphrase,0,paraphrase,1,opposite_same_wording,USER_END,reader_target_necessity,0.027039524167776108,USER_END,FINAL_INSTRUCTION_END,0.0,0.0,0.0,
confirmation,exp12_search_edit_02,search_edit,paraphrase,0,paraphrase,1,opposite_same_wording,USER_END,reader_negative_sufficiency,-0.017657509073615074,USER_END,FINAL_INSTRUCTION_END,0.0,0.0,0.0,
confirmation,exp12_search_edit_02,search_edit,paraphrase,0,paraphrase,1,opposite_same_wording,USER_END,reader_negative_necessity,-0.008929874747991562,USER_END,FINAL_INSTRUCTION_END,0.0,0.0,0.0,
confirmation,exp12_search_edit_02,search_edit,paraphrase,0,paraphrase,1,opposite_same_wording,USER_END,reader_all7_sufficiency,0.009120812639594078,USER_END,FINAL_INSTRUCTION_END,0.0,0.0,0.0,
confirmation,exp12_search_edit_02,search_edit,paraphrase,0,paraphrase,1,opposite_same_wording,USER_END,reader_all7_necessity,0.009120812639594078,USER_END,FINAL_INSTRUCTION_END,0.0,0.0,0.0,
confirmation,exp12_search_edit_02,search_edit,paraphrase,0,paraphrase,1,opposite_same_wording,USER_END,reader_non_kv0_sufficiency,0.0,USER_END,FINAL_INSTRUCTION_END,0.0,0.0,0.0,
confirmation,exp12_search_edit_02,search_edit,paraphrase,0,paraphrase,1,opposite_same_wording,USER_END,reader_non_kv0_necessity,0.0,USER_END,FINAL_INSTRUCTION_END,0.0,0.0,0.0,
confirmation,exp12_search_edit_02,search_edit,paraphrase,0,canonical,1,opposite_cross_wording,USER_END,cross_selected_V_sufficiency,0.018045097589492798,,,,,,USER_END
confirmation,exp12_search_edit_02,search_edit,paraphrase,0,canonical,1,opposite_cross_wording,USER_END,cross_selected_V_necessity_loss,0.0003713257610797882,,,,,,USER_END
confirmation,exp12_search_edit_02,search_edit,paraphrase,0,canonical,0,same_state_cross_wording,USER_END,same_state_selected_V_control,-0.00018599070608615875,,,,,,USER_END
confirmation,exp12_search_edit_02,search_edit,canonical,1,canonical,0,opposite_same_wording,USER_END,selected_H20_residual_effect,0.2060409113764763,USER_END,SKILL_END,,,,
confirmation,exp12_search_edit_02,search_edit,canonical,1,canonical,0,opposite_same_wording,USER_END,selected_V_sufficiency,0.10335634648799896,USER_END,SKILL_END,,,,
confirmation,exp12_search_edit_02,search_edit,canonical,1,canonical,0,opposite_same_wording,USER_END,selected_V_necessity_loss,0.10357285290956497,USER_END,SKILL_END,,,,
confirmation,exp12_search_edit_02,search_edit,canonical,1,canonical,0,opposite_same_wording,OLD_ABSOLUTE,old_absolute_V_sufficiency,1.630932092666626e-05,USER_END,SKILL_END,,,,
confirmation,exp12_search_edit_02,search_edit,canonical,1,canonical,0,opposite_same_wording,OLD_ABSOLUTE,old_absolute_local_V_necessity_loss,0.017928600311279297,USER_END,SKILL_END,,,,
confirmation,exp12_search_edit_02,search_edit,canonical,1,canonical,0,opposite_same_wording,SKILL_END,runner_up_V_sufficiency,0.0002046823501586914,USER_END,SKILL_END,,,,
confirmation,exp12_search_edit_02,search_edit,canonical,1,canonical,0,opposite_same_wording,SKILL_END,runner_up_V_necessity_loss,-0.0011394321918487549,USER_END,SKILL_END,,,,
confirmation,exp12_search_edit_02,search_edit,canonical,1,canonical,0,opposite_same_wording,USER_END,reader_verified_v_effect,0.10335634648799896,USER_END,SKILL_END,0.0,0.0,0.0,
confirmation,exp12_search_edit_02,search_edit,canonical,1,canonical,0,opposite_same_wording,USER_END,reader_target_sufficiency,0.12384727597236633,USER_END,SKILL_END,0.0,0.0,0.0,
confirmation,exp12_search_edit_02,search_edit,canonical,1,canonical,0,opposite_same_wording,USER_END,reader_target_necessity,0.12405858188867569,USER_END,SKILL_END,0.0,0.0,0.0,
confirmation,exp12_search_edit_02,search_edit,canonical,1,canonical,0,opposite_same_wording,USER_END,reader_negative_sufficiency,-0.02070075273513794,USER_END,SKILL_END,0.0,0.0,0.0,
confirmation,exp12_search_edit_02,search_edit,canonical,1,canonical,0,opposite_same_wording,USER_END,reader_negative_necessity,-0.04115498065948486,USER_END,SKILL_END,0.0,0.0,0.0,
confirmation,exp12_search_edit_02,search_edit,canonical,1,canonical,0,opposite_same_wording,USER_END,reader_all7_sufficiency,0.10335634648799896,USER_END,SKILL_END,0.0,0.0,0.0,
confirmation,exp12_search_edit_02,search_edit,canonical,1,canonical,0,opposite_same_wording,USER_END,reader_all7_necessity,0.10335634648799896,USER_END,SKILL_END,0.0,0.0,0.0,
confirmation,exp12_search_edit_02,search_edit,canonical,1,canonical,0,opposite_same_wording,USER_END,reader_non_kv0_sufficiency,-0.0,USER_END,SKILL_END,0.0,0.0,0.0,
confirmation,exp12_search_edit_02,search_edit,canonical,1,canonical,0,opposite_same_wording,USER_END,reader_non_kv0_necessity,0.0,USER_END,SKILL_END,0.0,0.0,0.0,
confirmation,exp12_search_edit_02,search_edit,canonical,1,paraphrase,0,opposite_cross_wording,USER_END,cross_selected_V_sufficiency,0.103065624833107,,,,,,USER_END
confirmation,exp12_search_edit_02,search_edit,canonical,1,paraphrase,0,opposite_cross_wording,USER_END,cross_selected_V_necessity_loss,0.061747364699840546,,,,,,USER_END
confirmation,exp12_search_edit_02,search_edit,canonical,1,paraphrase,1,same_state_cross_wording,USER_END,same_state_selected_V_control,-0.04151589423418045,,,,,,USER_END
confirmation,exp12_search_edit_02,search_edit,paraphrase,1,paraphrase,0,opposite_same_wording,USER_END,selected_H20_residual_effect,0.09666816890239716,USER_END,FINAL_INSTRUCTION_END,,,,
confirmation,exp12_search_edit_02,search_edit,paraphrase,1,paraphrase,0,opposite_same_wording,USER_END,selected_V_sufficiency,0.05715087056159973,USER_END,FINAL_INSTRUCTION_END,,,,
confirmation,exp12_search_edit_02,search_edit,paraphrase,1,paraphrase,0,opposite_same_wording,USER_END,selected_V_necessity_loss,0.03934548795223236,USER_END,FINAL_INSTRUCTION_END,,,,
confirmation,exp12_search_edit_02,search_edit,paraphrase,1,paraphrase,0,opposite_same_wording,OLD_ABSOLUTE,old_absolute_V_sufficiency,-0.018888011574745178,USER_END,FINAL_INSTRUCTION_END,,,,
confirmation,exp12_search_edit_02,search_edit,paraphrase,1,paraphrase,0,opposite_same_wording,OLD_ABSOLUTE,old_absolute_local_V_necessity_loss,-0.05441945418715477,USER_END,FINAL_INSTRUCTION_END,,,,
confirmation,exp12_search_edit_02,search_edit,paraphrase,1,paraphrase,0,opposite_same_wording,FINAL_INSTRUCTION_END,runner_up_V_sufficiency,0.01984138786792755,USER_END,FINAL_INSTRUCTION_END,,,,
confirmation,exp12_search_edit_02,search_edit,paraphrase,1,paraphrase,0,opposite_same_wording,FINAL_INSTRUCTION_END,runner_up_V_necessity_loss,0.03959701955318451,USER_END,FINAL_INSTRUCTION_END,,,,
confirmation,exp12_search_edit_02,search_edit,paraphrase,1,paraphrase,0,opposite_same_wording,USER_END,reader_verified_v_effect,0.05715087056159973,USER_END,FINAL_INSTRUCTION_END,0.0,0.0,0.0,
confirmation,exp12_search_edit_02,search_edit,paraphrase,1,paraphrase,0,opposite_same_wording,USER_END,reader_target_sufficiency,0.0778375118970871,USER_END,FINAL_INSTRUCTION_END,0.0,0.0,0.0,
confirmation,exp12_search_edit_02,search_edit,paraphrase,1,paraphrase,0,opposite_same_wording,USER_END,reader_target_necessity,0.058450549840927124,USER_END,FINAL_INSTRUCTION_END,0.0,0.0,0.0,
confirmation,exp12_search_edit_02,search_edit,paraphrase,1,paraphrase,0,opposite_same_wording,USER_END,reader_negative_sufficiency,-0.020112499594688416,USER_END,FINAL_INSTRUCTION_END,0.0,0.0,0.0,
confirmation,exp12_search_edit_02,search_edit,paraphrase,1,paraphrase,0,opposite_same_wording,USER_END,reader_negative_necessity,-0.038244426250457764,USER_END,FINAL_INSTRUCTION_END,0.0,0.0,0.0,
confirmation,exp12_search_edit_02,search_edit,paraphrase,1,paraphrase,0,opposite_same_wording,USER_END,reader_all7_sufficiency,0.05715087056159973,USER_END,FINAL_INSTRUCTION_END,0.0,0.0,0.0,
confirmation,exp12_search_edit_02,search_edit,paraphrase,1,paraphrase,0,opposite_same_wording,USER_END,reader_all7_necessity,0.05715087056159973,USER_END,FINAL_INSTRUCTION_END,0.0,0.0,0.0,
confirmation,exp12_search_edit_02,search_edit,paraphrase,1,paraphrase,0,opposite_same_wording,USER_END,reader_non_kv0_sufficiency,-0.0,USER_END,FINAL_INSTRUCTION_END,0.0,0.0,0.0,
confirmation,exp12_search_edit_02,search_edit,paraphrase,1,paraphrase,0,opposite_same_wording,USER_END,reader_non_kv0_necessity,0.0,USER_END,FINAL_INSTRUCTION_END,0.0,0.0,0.0,
confirmation,exp12_search_edit_02,search_edit,paraphrase,1,canonical,0,opposite_cross_wording,USER_END,cross_selected_V_sufficiency,0.05720333755016327,,,,,,USER_END
confirmation,exp12_search_edit_02,search_edit,paraphrase,1,canonical,0,opposite_cross_wording,USER_END,cross_selected_V_necessity_loss,0.09572054445743561,,,,,,USER_END
confirmation,exp12_search_edit_02,search_edit,paraphrase,1,canonical,1,same_state_cross_wording,USER_END,same_state_selected_V_control,0.018880560994148254,,,,,,USER_END
confirmation,exp12_search_edit_04,search_edit,canonical,0,canonical,1,opposite_same_wording,USER_END,selected_H20_residual_effect,0.08915857598185539,USER_END,SKILL_END,,,,
confirmation,exp12_search_edit_04,search_edit,canonical,0,canonical,1,opposite_same_wording,USER_END,selected_V_sufficiency,0.07081392407417297,USER_END,SKILL_END,,,,
confirmation,exp12_search_edit_04,search_edit,canonical,0,canonical,1,opposite_same_wording,USER_END,selected_V_necessity_loss,0.0006492827087640762,USER_END,SKILL_END,,,,
confirmation,exp12_search_edit_04,search_edit,canonical,0,canonical,1,opposite_same_wording,OLD_ABSOLUTE,old_absolute_V_sufficiency,-0.0047712549567222595,USER_END,SKILL_END,,,,
confirmation,exp12_search_edit_04,search_edit,canonical,0,canonical,1,opposite_same_wording,OLD_ABSOLUTE,old_absolute_local_V_necessity_loss,-0.0003682449460029602,USER_END,SKILL_END,,,,
confirmation,exp12_search_edit_04,search_edit,canonical,0,canonical,1,opposite_same_wording,SKILL_END,runner_up_V_sufficiency,0.002476464956998825,USER_END,SKILL_END,,,,
confirmation,exp12_search_edit_04,search_edit,canonical,0,canonical,1,opposite_same_wording,SKILL_END,runner_up_V_necessity_loss,0.009734474122524261,USER_END,SKILL_END,,,,
confirmation,exp12_search_edit_04,search_edit,canonical,0,canonical,1,opposite_same_wording,USER_END,reader_verified_v_effect,0.07081392407417297,USER_END,SKILL_END,0.0,0.0,0.0,
confirmation,exp12_search_edit_04,search_edit,canonical,0,canonical,1,opposite_same_wording,USER_END,reader_target_sufficiency,0.07870306447148323,USER_END,SKILL_END,0.0,0.0,0.0,
confirmation,exp12_search_edit_04,search_edit,canonical,0,canonical,1,opposite_same_wording,USER_END,reader_target_necessity,0.08638351783156395,USER_END,SKILL_END,0.0,0.0,0.0,
confirmation,exp12_search_edit_04,search_edit,canonical,0,canonical,1,opposite_same_wording,USER_END,reader_negative_sufficiency,-0.028710460290312767,USER_END,SKILL_END,0.0,0.0,0.0,
confirmation,exp12_search_edit_04,search_edit,canonical,0,canonical,1,opposite_same_wording,USER_END,reader_negative_necessity,-0.026361174881458282,USER_END,SKILL_END,0.0,0.0,0.0,
confirmation,exp12_search_edit_04,search_edit,canonical,0,canonical,1,opposite_same_wording,USER_END,reader_all7_sufficiency,0.07081392407417297,USER_END,SKILL_END,0.0,0.0,0.0,
confirmation,exp12_search_edit_04,search_edit,canonical,0,canonical,1,opposite_same_wording,USER_END,reader_all7_necessity,0.07081392407417297,USER_END,SKILL_END,0.0,0.0,0.0,
confirmation,exp12_search_edit_04,search_edit,canonical,0,canonical,1,opposite_same_wording,USER_END,reader_non_kv0_sufficiency,0.0,USER_END,SKILL_END,0.0,0.0,0.0,
confirmation,exp12_search_edit_04,search_edit,canonical,0,canonical,1,opposite_same_wording,USER_END,reader_non_kv0_necessity,0.0,USER_END,SKILL_END,0.0,0.0,0.0,
confirmation,exp12_search_edit_04,search_edit,canonical,0,paraphrase,1,opposite_cross_wording,USER_END,cross_selected_V_sufficiency,0.03692475147545338,,,,,,USER_END
confirmation,exp12_search_edit_04,search_edit,canonical,0,paraphrase,1,opposite_cross_wording,USER_END,cross_selected_V_necessity_loss,0.007849294692277908,,,,,,USER_END
confirmation,exp12_search_edit_04,search_edit,canonical,0,paraphrase,0,same_state_cross_wording,USER_END,same_state_selected_V_control,0.029355449602007866,,,,,,USER_END
confirmation,exp12_search_edit_04,search_edit,paraphrase,0,paraphrase,1,opposite_same_wording,USER_END,selected_H20_residual_effect,0.023398008197546005,USER_END,FINAL_INSTRUCTION_END,,,,
confirmation,exp12_search_edit_04,search_edit,paraphrase,0,paraphrase,1,opposite_same_wording,USER_END,selected_V_sufficiency,0.023513028398156166,USER_END,FINAL_INSTRUCTION_END,,,,
confirmation,exp12_search_edit_04,search_edit,paraphrase,0,paraphrase,1,opposite_same_wording,USER_END,selected_V_necessity_loss,-6.938353180885315e-05,USER_END,FINAL_INSTRUCTION_END,,,,
confirmation,exp12_search_edit_04,search_edit,paraphrase,0,paraphrase,1,opposite_same_wording,OLD_ABSOLUTE,old_absolute_V_sufficiency,-0.04726390354335308,USER_END,FINAL_INSTRUCTION_END,,,,
confirmation,exp12_search_edit_04,search_edit,paraphrase,0,paraphrase,1,opposite_same_wording,OLD_ABSOLUTE,old_absolute_local_V_necessity_loss,-0.0325118713080883,USER_END,FINAL_INSTRUCTION_END,,,,
confirmation,exp12_search_edit_04,search_edit,paraphrase,0,paraphrase,1,opposite_same_wording,FINAL_INSTRUCTION_END,runner_up_V_sufficiency,3.74428927898407e-05,USER_END,FINAL_INSTRUCTION_END,,,,
confirmation,exp12_search_edit_04,search_edit,paraphrase,0,paraphrase,1,opposite_same_wording,FINAL_INSTRUCTION_END,runner_up_V_necessity_loss,0.00043509341776371,USER_END,FINAL_INSTRUCTION_END,,,,
confirmation,exp12_search_edit_04,search_edit,paraphrase,0,paraphrase,1,opposite_same_wording,USER_END,reader_verified_v_effect,0.023513028398156166,USER_END,FINAL_INSTRUCTION_END,0.0,0.0,0.0,
confirmation,exp12_search_edit_04,search_edit,paraphrase,0,paraphrase,1,opposite_same_wording,USER_END,reader_target_sufficiency,0.03983065485954285,USER_END,FINAL_INSTRUCTION_END,0.0,0.0,0.0,
confirmation,exp12_search_edit_04,search_edit,paraphrase,0,paraphrase,1,opposite_same_wording,USER_END,reader_target_necessity,0.031249528750777245,USER_END,FINAL_INSTRUCTION_END,0.0,0.0,0.0,
confirmation,exp12_search_edit_04,search_edit,paraphrase,0,paraphrase,1,opposite_same_wording,USER_END,reader_negative_sufficiency,-0.015588952228426933,USER_END,FINAL_INSTRUCTION_END,0.0,0.0,0.0,
confirmation,exp12_search_edit_04,search_edit,paraphrase,0,paraphrase,1,opposite_same_wording,USER_END,reader_negative_necessity,-0.024082092568278313,USER_END,FINAL_INSTRUCTION_END,0.0,0.0,0.0,
confirmation,exp12_search_edit_04,search_edit,paraphrase,0,paraphrase,1,opposite_same_wording,USER_END,reader_all7_sufficiency,0.023513028398156166,USER_END,FINAL_INSTRUCTION_END,0.0,0.0,0.0,
confirmation,exp12_search_edit_04,search_edit,paraphrase,0,paraphrase,1,opposite_same_wording,USER_END,reader_all7_necessity,0.023513028398156166,USER_END,FINAL_INSTRUCTION_END,0.0,0.0,0.0,
confirmation,exp12_search_edit_04,search_edit,paraphrase,0,paraphrase,1,opposite_same_wording,USER_END,reader_non_kv0_sufficiency,0.0,USER_END,FINAL_INSTRUCTION_END,0.0,0.0,0.0,
confirmation,exp12_search_edit_04,search_edit,paraphrase,0,paraphrase,1,opposite_same_wording,USER_END,reader_non_kv0_necessity,0.0,USER_END,FINAL_INSTRUCTION_END,0.0,0.0,0.0,
confirmation,exp12_search_edit_04,search_edit,paraphrase,0,canonical,1,opposite_cross_wording,USER_END,cross_selected_V_sufficiency,0.03137171268463135,,,,,,USER_END
confirmation,exp12_search_edit_04,search_edit,paraphrase,0,canonical,1,opposite_cross_wording,USER_END,cross_selected_V_necessity_loss,0.02351205050945282,,,,,,USER_END
confirmation,exp12_search_edit_04,search_edit,paraphrase,0,canonical,0,same_state_cross_wording,USER_END,same_state_selected_V_control,-0.015682648867368698,,,,,,USER_END
confirmation,exp12_search_edit_04,search_edit,canonical,1,canonical,0,opposite_same_wording,USER_END,selected_H20_residual_effect,0.24340085685253143,USER_END,SKILL_END,,,,
confirmation,exp12_search_edit_04,search_edit,canonical,1,canonical,0,opposite_same_wording,USER_END,selected_V_sufficiency,0.10317930579185486,USER_END,SKILL_END,,,,
confirmation,exp12_search_edit_04,search_edit,canonical,1,canonical,0,opposite_same_wording,USER_END,selected_V_necessity_loss,0.14048445969820023,USER_END,SKILL_END,,,,
confirmation,exp12_search_edit_04,search_edit,canonical,1,canonical,0,opposite_same_wording,OLD_ABSOLUTE,old_absolute_V_sufficiency,0.020564623177051544,USER_END,SKILL_END,,,,
confirmation,exp12_search_edit_04,search_edit,canonical,1,canonical,0,opposite_same_wording,OLD_ABSOLUTE,old_absolute_local_V_necessity_loss,0.015822768211364746,USER_END,SKILL_END,,,,
confirmation,exp12_search_edit_04,search_edit,canonical,1,canonical,0,opposite_same_wording,SKILL_END,runner_up_V_sufficiency,-0.0014608651399612427,USER_END,SKILL_END,,,,
confirmation,exp12_search_edit_04,search_edit,canonical,1,canonical,0,opposite_same_wording,SKILL_END,runner_up_V_necessity_loss,-0.01898389309644699,USER_END,SKILL_END,,,,
confirmation,exp12_search_edit_04,search_edit,canonical,1,canonical,0,opposite_same_wording,USER_END,reader_verified_v_effect,0.10317930579185486,USER_END,SKILL_END,0.0,0.0,0.0,
confirmation,exp12_search_edit_04,search_edit,canonical,1,canonical,0,opposite_same_wording,USER_END,reader_target_sufficiency,0.12360057979822159,USER_END,SKILL_END,0.0,0.0,0.0,
confirmation,exp12_search_edit_04,search_edit,canonical,1,canonical,0,opposite_same_wording,USER_END,reader_target_necessity,0.14439057558774948,USER_END,SKILL_END,0.0,0.0,0.0,
confirmation,exp12_search_edit_04,search_edit,canonical,1,canonical,0,opposite_same_wording,USER_END,reader_negative_sufficiency,-0.04125881940126419,USER_END,SKILL_END,0.0,0.0,0.0,
confirmation,exp12_search_edit_04,search_edit,canonical,1,canonical,0,opposite_same_wording,USER_END,reader_negative_necessity,-0.05921942740678787,USER_END,SKILL_END,0.0,0.0,0.0,
confirmation,exp12_search_edit_04,search_edit,canonical,1,canonical,0,opposite_same_wording,USER_END,reader_all7_sufficiency,0.10317930579185486,USER_END,SKILL_END,0.0,0.0,0.0,
confirmation,exp12_search_edit_04,search_edit,canonical,1,canonical,0,opposite_same_wording,USER_END,reader_all7_necessity,0.10317930579185486,USER_END,SKILL_END,0.0,0.0,0.0,
confirmation,exp12_search_edit_04,search_edit,canonical,1,canonical,0,opposite_same_wording,USER_END,reader_non_kv0_sufficiency,-0.0,USER_END,SKILL_END,0.0,0.0,0.0,
confirmation,exp12_search_edit_04,search_edit,canonical,1,canonical,0,opposite_same_wording,USER_END,reader_non_kv0_necessity,0.0,USER_END,SKILL_END,0.0,0.0,0.0,
confirmation,exp12_search_edit_04,search_edit,canonical,1,paraphrase,0,opposite_cross_wording,USER_END,cross_selected_V_sufficiency,0.12170067429542542,,,,,,USER_END
confirmation,exp12_search_edit_04,search_edit,canonical,1,paraphrase,0,opposite_cross_wording,USER_END,cross_selected_V_necessity_loss,0.12030620872974396,,,,,,USER_END
confirmation,exp12_search_edit_04,search_edit,canonical,1,paraphrase,1,same_state_cross_wording,USER_END,same_state_selected_V_control,-0.05990399420261383,,,,,,USER_END
confirmation,exp12_search_edit_04,search_edit,paraphrase,1,paraphrase,0,opposite_same_wording,USER_END,selected_H20_residual_effect,0.19332849979400635,USER_END,FINAL_INSTRUCTION_END,,,,
confirmation,exp12_search_edit_04,search_edit,paraphrase,1,paraphrase,0,opposite_same_wording,USER_END,selected_V_sufficiency,0.05444641411304474,USER_END,FINAL_INSTRUCTION_END,,,,
confirmation,exp12_search_edit_04,search_edit,paraphrase,1,paraphrase,0,opposite_same_wording,USER_END,selected_V_necessity_loss,0.12227071821689606,USER_END,FINAL_INSTRUCTION_END,,,,
confirmation,exp12_search_edit_04,search_edit,paraphrase,1,paraphrase,0,opposite_same_wording,OLD_ABSOLUTE,old_absolute_V_sufficiency,-0.017295420169830322,USER_END,FINAL_INSTRUCTION_END,,,,
confirmation,exp12_search_edit_04,search_edit,paraphrase,1,paraphrase,0,opposite_same_wording,OLD_ABSOLUTE,old_absolute_local_V_necessity_loss,-0.032496389001607895,USER_END,FINAL_INSTRUCTION_END,,,,
confirmation,exp12_search_edit_04,search_edit,paraphrase,1,paraphrase,0,opposite_same_wording,FINAL_INSTRUCTION_END,runner_up_V_sufficiency,-5.0187110900878906e-05,USER_END,FINAL_INSTRUCTION_END,,,,
confirmation,exp12_search_edit_04,search_edit,paraphrase,1,paraphrase,0,opposite_same_wording,FINAL_INSTRUCTION_END,runner_up_V_necessity_loss,0.03606121242046356,USER_END,FINAL_INSTRUCTION_END,,,,
confirmation,exp12_search_edit_04,search_edit,paraphrase,1,paraphrase,0,opposite_same_wording,USER_END,reader_verified_v_effect,0.05444641411304474,USER_END,FINAL_INSTRUCTION_END,0.0,0.0,0.0,
confirmation,exp12_search_edit_04,search_edit,paraphrase,1,paraphrase,0,opposite_same_wording,USER_END,reader_target_sufficiency,0.07140287756919861,USER_END,FINAL_INSTRUCTION_END,0.0,0.0,0.0,
confirmation,exp12_search_edit_04,search_edit,paraphrase,1,paraphrase,0,opposite_same_wording,USER_END,reader_target_necessity,0.05436301231384277,USER_END,FINAL_INSTRUCTION_END,0.0,0.0,0.0,
confirmation,exp12_search_edit_04,search_edit,paraphrase,1,paraphrase,0,opposite_same_wording,USER_END,reader_negative_sufficiency,-0.03602460026741028,USER_END,FINAL_INSTRUCTION_END,0.0,0.0,0.0,
confirmation,exp12_search_edit_04,search_edit,paraphrase,1,paraphrase,0,opposite_same_wording,USER_END,reader_negative_necessity,-0.035595595836639404,USER_END,FINAL_INSTRUCTION_END,0.0,0.0,0.0,
confirmation,exp12_search_edit_04,search_edit,paraphrase,1,paraphrase,0,opposite_same_wording,USER_END,reader_all7_sufficiency,0.05444641411304474,USER_END,FINAL_INSTRUCTION_END,0.0,0.0,0.0,
confirmation,exp12_search_edit_04,search_edit,paraphrase,1,paraphrase,0,opposite_same_wording,USER_END,reader_all7_necessity,0.05444641411304474,USER_END,FINAL_INSTRUCTION_END,0.0,0.0,0.0,
confirmation,exp12_search_edit_04,search_edit,paraphrase,1,paraphrase,0,opposite_same_wording,USER_END,reader_non_kv0_sufficiency,-0.0,USER_END,FINAL_INSTRUCTION_END,0.0,0.0,0.0,
confirmation,exp12_search_edit_04,search_edit,paraphrase,1,paraphrase,0,opposite_same_wording,USER_END,reader_non_kv0_necessity,0.0,USER_END,FINAL_INSTRUCTION_END,0.0,0.0,0.0,
confirmation,exp12_search_edit_04,search_edit,paraphrase,1,canonical,0,opposite_cross_wording,USER_END,cross_selected_V_sufficiency,0.07113952934741974,,,,,,USER_END
confirmation,exp12_search_edit_04,search_edit,paraphrase,1,canonical,0,opposite_cross_wording,USER_END,cross_selected_V_necessity_loss,0.10373057425022125,,,,,,USER_END
confirmation,exp12_search_edit_04,search_edit,paraphrase,1,canonical,1,same_state_cross_wording,USER_END,same_state_selected_V_control,0.03587985038757324,,,,,,USER_END
confirmation,exp12_search_edit_06,search_edit,canonical,0,canonical,1,opposite_same_wording,USER_END,selected_H20_residual_effect,0.1071109939366579,USER_END,SKILL_END,,,,
confirmation,exp12_search_edit_06,search_edit,canonical,0,canonical,1,opposite_same_wording,USER_END,selected_V_sufficiency,0.07096427865326405,USER_END,SKILL_END,,,,
confirmation,exp12_search_edit_06,search_edit,canonical,0,canonical,1,opposite_same_wording,USER_END,selected_V_necessity_loss,0.029026852920651436,USER_END,SKILL_END,,,,
confirmation,exp12_search_edit_06,search_edit,canonical,0,canonical,1,opposite_same_wording,OLD_ABSOLUTE,old_absolute_V_sufficiency,0.002411322668194771,USER_END,SKILL_END,,,,
confirmation,exp12_search_edit_06,search_edit,canonical,0,canonical,1,opposite_same_wording,OLD_ABSOLUTE,old_absolute_local_V_necessity_loss,-0.001480981707572937,USER_END,SKILL_END,,,,
confirmation,exp12_search_edit_06,search_edit,canonical,0,canonical,1,opposite_same_wording,SKILL_END,runner_up_V_sufficiency,0.000273900106549263,USER_END,SKILL_END,,,,
confirmation,exp12_search_edit_06,search_edit,canonical,0,canonical,1,opposite_same_wording,SKILL_END,runner_up_V_necessity_loss,0.003653384745121002,USER_END,SKILL_END,,,,
confirmation,exp12_search_edit_06,search_edit,canonical,0,canonical,1,opposite_same_wording,USER_END,reader_verified_v_effect,0.07096427865326405,USER_END,SKILL_END,0.0,0.0,0.0,
confirmation,exp12_search_edit_06,search_edit,canonical,0,canonical,1,opposite_same_wording,USER_END,reader_target_sufficiency,0.08640538901090622,USER_END,SKILL_END,0.0,0.0,0.0,
confirmation,exp12_search_edit_06,search_edit,canonical,0,canonical,1,opposite_same_wording,USER_END,reader_target_necessity,0.07883735001087189,USER_END,SKILL_END,0.0,0.0,0.0,
confirmation,exp12_search_edit_06,search_edit,canonical,0,canonical,1,opposite_same_wording,USER_END,reader_negative_sufficiency,-0.023457296192646027,USER_END,SKILL_END,0.0,0.0,0.0,
confirmation,exp12_search_edit_06,search_edit,canonical,0,canonical,1,opposite_same_wording,USER_END,reader_negative_necessity,-0.031134355813264847,USER_END,SKILL_END,0.0,0.0,0.0,
confirmation,exp12_search_edit_06,search_edit,canonical,0,canonical,1,opposite_same_wording,USER_END,reader_all7_sufficiency,0.07096427865326405,USER_END,SKILL_END,0.0,0.0,0.0,
confirmation,exp12_search_edit_06,search_edit,canonical,0,canonical,1,opposite_same_wording,USER_END,reader_all7_necessity,0.07096427865326405,USER_END,SKILL_END,0.0,0.0,0.0,
confirmation,exp12_search_edit_06,search_edit,canonical,0,canonical,1,opposite_same_wording,USER_END,reader_non_kv0_sufficiency,0.0,USER_END,SKILL_END,0.0,0.0,0.0,
confirmation,exp12_search_edit_06,search_edit,canonical,0,canonical,1,opposite_same_wording,USER_END,reader_non_kv0_necessity,0.0,USER_END,SKILL_END,0.0,0.0,0.0,
confirmation,exp12_search_edit_06,search_edit,canonical,0,paraphrase,1,opposite_cross_wording,USER_END,cross_selected_V_sufficiency,0.04548414796590805,,,,,,USER_END
confirmation,exp12_search_edit_06,search_edit,canonical,0,paraphrase,1,opposite_cross_wording,USER_END,cross_selected_V_necessity_loss,0.02125007100403309,,,,,,USER_END
confirmation,exp12_search_edit_06,search_edit,canonical,0,paraphrase,0,same_state_cross_wording,USER_END,same_state_selected_V_control,0.017326654866337776,,,,,,USER_END
confirmation,exp12_search_edit_06,search_edit,paraphrase,0,paraphrase,1,opposite_same_wording,USER_END,selected_H20_residual_effect,0.015414327383041382,USER_END,FINAL_INSTRUCTION_END,,,,
confirmation,exp12_search_edit_06,search_edit,paraphrase,0,paraphrase,1,opposite_same_wording,USER_END,selected_V_sufficiency,0.023458579555153847,USER_END,FINAL_INSTRUCTION_END,,,,
confirmation,exp12_search_edit_06,search_edit,paraphrase,0,paraphrase,1,opposite_same_wording,USER_END,selected_V_necessity_loss,-0.00019269809126853943,USER_END,FINAL_INSTRUCTION_END,,,,
confirmation,exp12_search_edit_06,search_edit,paraphrase,0,paraphrase,1,opposite_same_wording,OLD_ABSOLUTE,old_absolute_V_sufficiency,-0.05473972484469414,USER_END,FINAL_INSTRUCTION_END,,,,
confirmation,exp12_search_edit_06,search_edit,paraphrase,0,paraphrase,1,opposite_same_wording,OLD_ABSOLUTE,old_absolute_local_V_necessity_loss,-0.014766406267881393,USER_END,FINAL_INSTRUCTION_END,,,,
confirmation,exp12_search_edit_06,search_edit,paraphrase,0,paraphrase,1,opposite_same_wording,FINAL_INSTRUCTION_END,runner_up_V_sufficiency,0.007788466289639473,USER_END,FINAL_INSTRUCTION_END,,,,
confirmation,exp12_search_edit_06,search_edit,paraphrase,0,paraphrase,1,opposite_same_wording,FINAL_INSTRUCTION_END,runner_up_V_necessity_loss,0.008404510095715523,USER_END,FINAL_INSTRUCTION_END,,,,
confirmation,exp12_search_edit_06,search_edit,paraphrase,0,paraphrase,1,opposite_same_wording,USER_END,reader_verified_v_effect,0.023458579555153847,USER_END,FINAL_INSTRUCTION_END,0.0,0.0,0.0,
confirmation,exp12_search_edit_06,search_edit,paraphrase,0,paraphrase,1,opposite_same_wording,USER_END,reader_target_sufficiency,0.0312306210398674,USER_END,FINAL_INSTRUCTION_END,0.0,0.0,0.0,
confirmation,exp12_search_edit_06,search_edit,paraphrase,0,paraphrase,1,opposite_same_wording,USER_END,reader_target_necessity,0.03126378543674946,USER_END,FINAL_INSTRUCTION_END,0.0,0.0,0.0,
confirmation,exp12_search_edit_06,search_edit,paraphrase,0,paraphrase,1,opposite_same_wording,USER_END,reader_negative_sufficiency,-0.0078023578971624374,USER_END,FINAL_INSTRUCTION_END,0.0,0.0,0.0,
confirmation,exp12_search_edit_06,search_edit,paraphrase,0,paraphrase,1,opposite_same_wording,USER_END,reader_negative_necessity,-0.015643680468201637,USER_END,FINAL_INSTRUCTION_END,0.0,0.0,0.0,
confirmation,exp12_search_edit_06,search_edit,paraphrase,0,paraphrase,1,opposite_same_wording,USER_END,reader_all7_sufficiency,0.023458579555153847,USER_END,FINAL_INSTRUCTION_END,0.0,0.0,0.0,
confirmation,exp12_search_edit_06,search_edit,paraphrase,0,paraphrase,1,opposite_same_wording,USER_END,reader_all7_necessity,0.023458579555153847,USER_END,FINAL_INSTRUCTION_END,0.0,0.0,0.0,
confirmation,exp12_search_edit_06,search_edit,paraphrase,0,paraphrase,1,opposite_same_wording,USER_END,reader_non_kv0_sufficiency,0.0,USER_END,FINAL_INSTRUCTION_END,0.0,0.0,0.0,
confirmation,exp12_search_edit_06,search_edit,paraphrase,0,paraphrase,1,opposite_same_wording,USER_END,reader_non_kv0_necessity,0.0,USER_END,FINAL_INSTRUCTION_END,0.0,0.0,0.0,
confirmation,exp12_search_edit_06,search_edit,paraphrase,0,canonical,1,opposite_cross_wording,USER_END,cross_selected_V_sufficiency,0.02341555804014206,,,,,,USER_END
confirmation,exp12_search_edit_06,search_edit,paraphrase,0,canonical,1,opposite_cross_wording,USER_END,cross_selected_V_necessity_loss,0.02347288280725479,,,,,,USER_END
confirmation,exp12_search_edit_06,search_edit,paraphrase,0,canonical,0,same_state_cross_wording,USER_END,same_state_selected_V_control,-0.01562407985329628,,,,,,USER_END
confirmation,exp12_search_edit_06,search_edit,canonical,1,canonical,0,opposite_same_wording,USER_END,selected_H20_residual_effect,0.2645326256752014,USER_END,SKILL_END,,,,
confirmation,exp12_search_edit_06,search_edit,canonical,1,canonical,0,opposite_same_wording,USER_END,selected_V_sufficiency,0.14370766282081604,USER_END,SKILL_END,,,,
confirmation,exp12_search_edit_06,search_edit,canonical,1,canonical,0,opposite_same_wording,USER_END,selected_V_necessity_loss,0.12301933020353317,USER_END,SKILL_END,,,,
confirmation,exp12_search_edit_06,search_edit,canonical,1,canonical,0,opposite_same_wording,OLD_ABSOLUTE,old_absolute_V_sufficiency,0.02072736620903015,USER_END,SKILL_END,,,,
confirmation,exp12_search_edit_06,search_edit,canonical,1,canonical,0,opposite_same_wording,OLD_ABSOLUTE,old_absolute_local_V_necessity_loss,0.01569952815771103,USER_END,SKILL_END,,,,
confirmation,exp12_search_edit_06,search_edit,canonical,1,canonical,0,opposite_same_wording,SKILL_END,runner_up_V_sufficiency,3.1210482120513916e-05,USER_END,SKILL_END,,,,
confirmation,exp12_search_edit_06,search_edit,canonical,1,canonical,0,opposite_same_wording,SKILL_END,runner_up_V_necessity_loss,0.039016902446746826,USER_END,SKILL_END,,,,
confirmation,exp12_search_edit_06,search_edit,canonical,1,canonical,0,opposite_same_wording,USER_END,reader_verified_v_effect,0.14370766282081604,USER_END,SKILL_END,0.0,0.0,0.0,
confirmation,exp12_search_edit_06,search_edit,canonical,1,canonical,0,opposite_same_wording,USER_END,reader_target_sufficiency,0.16397422552108765,USER_END,SKILL_END,0.0,0.0,0.0,
confirmation,exp12_search_edit_06,search_edit,canonical,1,canonical,0,opposite_same_wording,USER_END,reader_target_necessity,0.16422278434038162,USER_END,SKILL_END,0.0,0.0,0.0,
confirmation,exp12_search_edit_06,search_edit,canonical,1,canonical,0,opposite_same_wording,USER_END,reader_negative_sufficiency,-0.04153534024953842,USER_END,SKILL_END,0.0,0.0,0.0,
confirmation,exp12_search_edit_06,search_edit,canonical,1,canonical,0,opposite_same_wording,USER_END,reader_negative_necessity,-0.040491558611392975,USER_END,SKILL_END,0.0,0.0,0.0,
confirmation,exp12_search_edit_06,search_edit,canonical,1,canonical,0,opposite_same_wording,USER_END,reader_all7_sufficiency,0.14370766282081604,USER_END,SKILL_END,0.0,0.0,0.0,
confirmation,exp12_search_edit_06,search_edit,canonical,1,canonical,0,opposite_same_wording,USER_END,reader_all7_necessity,0.14370766282081604,USER_END,SKILL_END,0.0,0.0,0.0,
confirmation,exp12_search_edit_06,search_edit,canonical,1,canonical,0,opposite_same_wording,USER_END,reader_non_kv0_sufficiency,-0.0,USER_END,SKILL_END,0.0,0.0,0.0,
confirmation,exp12_search_edit_06,search_edit,canonical,1,canonical,0,opposite_same_wording,USER_END,reader_non_kv0_necessity,0.0,USER_END,SKILL_END,0.0,0.0,0.0,
confirmation,exp12_search_edit_06,search_edit,canonical,1,paraphrase,0,opposite_cross_wording,USER_END,cross_selected_V_sufficiency,0.12302717566490173,,,,,,USER_END
confirmation,exp12_search_edit_06,search_edit,canonical,1,paraphrase,0,opposite_cross_wording,USER_END,cross_selected_V_necessity_loss,0.12152539193630219,,,,,,USER_END
confirmation,exp12_search_edit_06,search_edit,canonical,1,paraphrase,1,same_state_cross_wording,USER_END,same_state_selected_V_control,-0.08173497766256332,,,,,,USER_END
confirmation,exp12_search_edit_06,search_edit,paraphrase,1,paraphrase,0,opposite_same_wording,USER_END,selected_H20_residual_effect,0.179981991648674,USER_END,FINAL_INSTRUCTION_END,,,,
confirmation,exp12_search_edit_06,search_edit,paraphrase,1,paraphrase,0,opposite_same_wording,USER_END,selected_V_sufficiency,0.09112358093261719,USER_END,FINAL_INSTRUCTION_END,,,,
confirmation,exp12_search_edit_06,search_edit,paraphrase,1,paraphrase,0,opposite_same_wording,USER_END,selected_V_necessity_loss,0.10584180057048798,USER_END,FINAL_INSTRUCTION_END,,,,
confirmation,exp12_search_edit_06,search_edit,paraphrase,1,paraphrase,0,opposite_same_wording,OLD_ABSOLUTE,old_absolute_V_sufficiency,-0.00031879544258117676,USER_END,FINAL_INSTRUCTION_END,,,,
confirmation,exp12_search_edit_06,search_edit,paraphrase,1,paraphrase,0,opposite_same_wording,OLD_ABSOLUTE,old_absolute_local_V_necessity_loss,-0.01554156094789505,USER_END,FINAL_INSTRUCTION_END,,,,
confirmation,exp12_search_edit_06,search_edit,paraphrase,1,paraphrase,0,opposite_same_wording,FINAL_INSTRUCTION_END,runner_up_V_sufficiency,0.01914122700691223,USER_END,FINAL_INSTRUCTION_END,,,,
confirmation,exp12_search_edit_06,search_edit,paraphrase,1,paraphrase,0,opposite_same_wording,FINAL_INSTRUCTION_END,runner_up_V_necessity_loss,0.036772534251213074,USER_END,FINAL_INSTRUCTION_END,,,,
confirmation,exp12_search_edit_06,search_edit,paraphrase,1,paraphrase,0,opposite_same_wording,USER_END,reader_verified_v_effect,0.09112358093261719,USER_END,FINAL_INSTRUCTION_END,0.0,0.0,0.0,
confirmation,exp12_search_edit_06,search_edit,paraphrase,1,paraphrase,0,opposite_same_wording,USER_END,reader_target_sufficiency,0.09113955497741699,USER_END,FINAL_INSTRUCTION_END,0.0,0.0,0.0,
confirmation,exp12_search_edit_06,search_edit,paraphrase,1,paraphrase,0,opposite_same_wording,USER_END,reader_target_necessity,0.11078235507011414,USER_END,FINAL_INSTRUCTION_END,0.0,0.0,0.0,
confirmation,exp12_search_edit_06,search_edit,paraphrase,1,paraphrase,0,opposite_same_wording,USER_END,reader_negative_sufficiency,-0.0196332186460495,USER_END,FINAL_INSTRUCTION_END,0.0,0.0,0.0,
confirmation,exp12_search_edit_06,search_edit,paraphrase,1,paraphrase,0,opposite_same_wording,USER_END,reader_negative_necessity,-0.016926288604736328,USER_END,FINAL_INSTRUCTION_END,0.0,0.0,0.0,
confirmation,exp12_search_edit_06,search_edit,paraphrase,1,paraphrase,0,opposite_same_wording,USER_END,reader_all7_sufficiency,0.09112358093261719,USER_END,FINAL_INSTRUCTION_END,0.0,0.0,0.0,
confirmation,exp12_search_edit_06,search_edit,paraphrase,1,paraphrase,0,opposite_same_wording,USER_END,reader_all7_necessity,0.09112358093261719,USER_END,FINAL_INSTRUCTION_END,0.0,0.0,0.0,
confirmation,exp12_search_edit_06,search_edit,paraphrase,1,paraphrase,0,opposite_same_wording,USER_END,reader_non_kv0_sufficiency,-0.0,USER_END,FINAL_INSTRUCTION_END,0.0,0.0,0.0,
confirmation,exp12_search_edit_06,search_edit,paraphrase,1,paraphrase,0,opposite_same_wording,USER_END,reader_non_kv0_necessity,0.0,USER_END,FINAL_INSTRUCTION_END,0.0,0.0,0.0,
confirmation,exp12_search_edit_06,search_edit,paraphrase,1,canonical,0,opposite_cross_wording,USER_END,cross_selected_V_sufficiency,0.09112794697284698,,,,,,USER_END
confirmation,exp12_search_edit_06,search_edit,paraphrase,1,canonical,0,opposite_cross_wording,USER_END,cross_selected_V_necessity_loss,0.12382332980632782,,,,,,USER_END
confirmation,exp12_search_edit_06,search_edit,paraphrase,1,canonical,1,same_state_cross_wording,USER_END,same_state_selected_V_control,0.03669731318950653,,,,,,USER_END
confirmation,exp12_search_edit_07,search_edit,canonical,0,canonical,1,opposite_same_wording,USER_END,selected_H20_residual_effect,0.0813443586230278,USER_END,SKILL_END,,,,
confirmation,exp12_search_edit_07,search_edit,canonical,0,canonical,1,opposite_same_wording,USER_END,selected_V_sufficiency,0.07119050994515419,USER_END,SKILL_END,,,,
confirmation,exp12_search_edit_07,search_edit,canonical,0,canonical,1,opposite_same_wording,USER_END,selected_V_necessity_loss,0.0185684897005558,USER_END,SKILL_END,,,,
confirmation,exp12_search_edit_07,search_edit,canonical,0,canonical,1,opposite_same_wording,OLD_ABSOLUTE,old_absolute_V_sufficiency,0.007837485522031784,USER_END,SKILL_END,,,,
confirmation,exp12_search_edit_07,search_edit,canonical,0,canonical,1,opposite_same_wording,OLD_ABSOLUTE,old_absolute_local_V_necessity_loss,-0.012894496321678162,USER_END,SKILL_END,,,,
confirmation,exp12_search_edit_07,search_edit,canonical,0,canonical,1,opposite_same_wording,SKILL_END,runner_up_V_sufficiency,0.007862936705350876,USER_END,SKILL_END,,,,
confirmation,exp12_search_edit_07,search_edit,canonical,0,canonical,1,opposite_same_wording,SKILL_END,runner_up_V_necessity_loss,0.00012822449207305908,USER_END,SKILL_END,,,,
confirmation,exp12_search_edit_07,search_edit,canonical,0,canonical,1,opposite_same_wording,USER_END,reader_verified_v_effect,0.07119050994515419,USER_END,SKILL_END,0.0,0.0,0.0,
confirmation,exp12_search_edit_07,search_edit,canonical,0,canonical,1,opposite_same_wording,USER_END,reader_target_sufficiency,0.07352297380566597,USER_END,SKILL_END,0.0,0.0,0.0,
confirmation,exp12_search_edit_07,search_edit,canonical,0,canonical,1,opposite_same_wording,USER_END,reader_target_necessity,0.07057036645710468,USER_END,SKILL_END,0.0,0.0,0.0,
confirmation,exp12_search_edit_07,search_edit,canonical,0,canonical,1,opposite_same_wording,USER_END,reader_negative_sufficiency,-0.008221082389354706,USER_END,SKILL_END,0.0,0.0,0.0,
confirmation,exp12_search_edit_07,search_edit,canonical,0,canonical,1,opposite_same_wording,USER_END,reader_negative_necessity,-0.03136139176785946,USER_END,SKILL_END,0.0,0.0,0.0,
confirmation,exp12_search_edit_07,search_edit,canonical,0,canonical,1,opposite_same_wording,USER_END,reader_all7_sufficiency,0.07119050994515419,USER_END,SKILL_END,0.0,0.0,0.0,
confirmation,exp12_search_edit_07,search_edit,canonical,0,canonical,1,opposite_same_wording,USER_END,reader_all7_necessity,0.07119050994515419,USER_END,SKILL_END,0.0,0.0,0.0,
confirmation,exp12_search_edit_07,search_edit,canonical,0,canonical,1,opposite_same_wording,USER_END,reader_non_kv0_sufficiency,0.0,USER_END,SKILL_END,0.0,0.0,0.0,
confirmation,exp12_search_edit_07,search_edit,canonical,0,canonical,1,opposite_same_wording,USER_END,reader_non_kv0_necessity,0.0,USER_END,SKILL_END,0.0,0.0,0.0,
confirmation,exp12_search_edit_07,search_edit,canonical,0,paraphrase,1,opposite_cross_wording,USER_END,cross_selected_V_sufficiency,0.05501370504498482,,,,,,USER_END
confirmation,exp12_search_edit_07,search_edit,canonical,0,paraphrase,1,opposite_cross_wording,USER_END,cross_selected_V_necessity_loss,-0.0022178273648023605,,,,,,USER_END
confirmation,exp12_search_edit_07,search_edit,canonical,0,paraphrase,0,same_state_cross_wording,USER_END,same_state_selected_V_control,0.013428952544927597,,,,,,USER_END
confirmation,exp12_search_edit_07,search_edit,paraphrase,0,paraphrase,1,opposite_same_wording,USER_END,selected_H20_residual_effect,0.023398471996188164,USER_END,FINAL_INSTRUCTION_END,,,,
confirmation,exp12_search_edit_07,search_edit,paraphrase,0,paraphrase,1,opposite_same_wording,USER_END,selected_V_sufficiency,0.03198034316301346,USER_END,FINAL_INSTRUCTION_END,,,,
confirmation,exp12_search_edit_07,search_edit,paraphrase,0,paraphrase,1,opposite_same_wording,USER_END,selected_V_necessity_loss,0.007863860577344894,USER_END,FINAL_INSTRUCTION_END,,,,
confirmation,exp12_search_edit_07,search_edit,paraphrase,0,paraphrase,1,opposite_same_wording,OLD_ABSOLUTE,old_absolute_V_sufficiency,-0.05468389950692654,USER_END,FINAL_INSTRUCTION_END,,,,
confirmation,exp12_search_edit_07,search_edit,paraphrase,0,paraphrase,1,opposite_same_wording,OLD_ABSOLUTE,old_absolute_local_V_necessity_loss,-0.03256469964981079,USER_END,FINAL_INSTRUCTION_END,,,,
confirmation,exp12_search_edit_07,search_edit,paraphrase,0,paraphrase,1,opposite_same_wording,FINAL_INSTRUCTION_END,runner_up_V_sufficiency,0.007806191220879555,USER_END,FINAL_INSTRUCTION_END,,,,
confirmation,exp12_search_edit_07,search_edit,paraphrase,0,paraphrase,1,opposite_same_wording,FINAL_INSTRUCTION_END,runner_up_V_necessity_loss,6.477534770965576e-05,USER_END,FINAL_INSTRUCTION_END,,,,
confirmation,exp12_search_edit_07,search_edit,paraphrase,0,paraphrase,1,opposite_same_wording,USER_END,reader_verified_v_effect,0.03198034316301346,USER_END,FINAL_INSTRUCTION_END,0.0,0.0,0.0,
confirmation,exp12_search_edit_07,search_edit,paraphrase,0,paraphrase,1,opposite_same_wording,USER_END,reader_target_sufficiency,0.031814536079764366,USER_END,FINAL_INSTRUCTION_END,0.0,0.0,0.0,
confirmation,exp12_search_edit_07,search_edit,paraphrase,0,paraphrase,1,opposite_same_wording,USER_END,reader_target_necessity,0.02351791225373745,USER_END,FINAL_INSTRUCTION_END,0.0,0.0,0.0,
confirmation,exp12_search_edit_07,search_edit,paraphrase,0,paraphrase,1,opposite_same_wording,USER_END,reader_negative_sufficiency,0.000654974952340126,USER_END,FINAL_INSTRUCTION_END,0.0,0.0,0.0,
confirmation,exp12_search_edit_07,search_edit,paraphrase,0,paraphrase,1,opposite_same_wording,USER_END,reader_negative_necessity,0.0006988327950239182,USER_END,FINAL_INSTRUCTION_END,0.0,0.0,0.0,
confirmation,exp12_search_edit_07,search_edit,paraphrase,0,paraphrase,1,opposite_same_wording,USER_END,reader_all7_sufficiency,0.03198034316301346,USER_END,FINAL_INSTRUCTION_END,0.0,0.0,0.0,
confirmation,exp12_search_edit_07,search_edit,paraphrase,0,paraphrase,1,opposite_same_wording,USER_END,reader_all7_necessity,0.03198034316301346,USER_END,FINAL_INSTRUCTION_END,0.0,0.0,0.0,
confirmation,exp12_search_edit_07,search_edit,paraphrase,0,paraphrase,1,opposite_same_wording,USER_END,reader_non_kv0_sufficiency,0.0,USER_END,FINAL_INSTRUCTION_END,0.0,0.0,0.0,
confirmation,exp12_search_edit_07,search_edit,paraphrase,0,paraphrase,1,opposite_same_wording,USER_END,reader_non_kv0_necessity,0.0,USER_END,FINAL_INSTRUCTION_END,0.0,0.0,0.0,
confirmation,exp12_search_edit_07,search_edit,paraphrase,0,canonical,1,opposite_cross_wording,USER_END,cross_selected_V_sufficiency,0.03984189033508301,,,,,,USER_END
confirmation,exp12_search_edit_07,search_edit,paraphrase,0,canonical,1,opposite_cross_wording,USER_END,cross_selected_V_necessity_loss,0.007870335131883621,,,,,,USER_END
confirmation,exp12_search_edit_07,search_edit,paraphrase,0,canonical,0,same_state_cross_wording,USER_END,same_state_selected_V_control,-0.02352287620306015,,,,,,USER_END
confirmation,exp12_search_edit_07,search_edit,canonical,1,canonical,0,opposite_same_wording,USER_END,selected_H20_residual_effect,0.2604791149497032,USER_END,SKILL_END,,,,
confirmation,exp12_search_edit_07,search_edit,canonical,1,canonical,0,opposite_same_wording,USER_END,selected_V_sufficiency,0.10249731689691544,USER_END,SKILL_END,,,,
confirmation,exp12_search_edit_07,search_edit,canonical,1,canonical,0,opposite_same_wording,USER_END,selected_V_necessity_loss,0.1582919880747795,USER_END,SKILL_END,,,,
confirmation,exp12_search_edit_07,search_edit,canonical,1,canonical,0,opposite_same_wording,OLD_ABSOLUTE,old_absolute_V_sufficiency,0.0020501837134361267,USER_END,SKILL_END,,,,
confirmation,exp12_search_edit_07,search_edit,canonical,1,canonical,0,opposite_same_wording,OLD_ABSOLUTE,old_absolute_local_V_necessity_loss,0.015641197562217712,USER_END,SKILL_END,,,,
confirmation,exp12_search_edit_07,search_edit,canonical,1,canonical,0,opposite_same_wording,SKILL_END,runner_up_V_sufficiency,9.897351264953613e-05,USER_END,SKILL_END,,,,
confirmation,exp12_search_edit_07,search_edit,canonical,1,canonical,0,opposite_same_wording,SKILL_END,runner_up_V_necessity_loss,0.01986130326986313,USER_END,SKILL_END,,,,
confirmation,exp12_search_edit_07,search_edit,canonical,1,canonical,0,opposite_same_wording,USER_END,reader_verified_v_effect,0.10249731689691544,USER_END,SKILL_END,0.0,0.0,0.0,
confirmation,exp12_search_edit_07,search_edit,canonical,1,canonical,0,opposite_same_wording,USER_END,reader_target_sufficiency,0.12263506650924683,USER_END,SKILL_END,0.0,0.0,0.0,
confirmation,exp12_search_edit_07,search_edit,canonical,1,canonical,0,opposite_same_wording,USER_END,reader_target_necessity,0.14142243564128876,USER_END,SKILL_END,0.0,0.0,0.0,
confirmation,exp12_search_edit_07,search_edit,canonical,1,canonical,0,opposite_same_wording,USER_END,reader_negative_sufficiency,-0.05986388772726059,USER_END,SKILL_END,0.0,0.0,0.0,
confirmation,exp12_search_edit_07,search_edit,canonical,1,canonical,0,opposite_same_wording,USER_END,reader_negative_necessity,-0.0586918368935585,USER_END,SKILL_END,0.0,0.0,0.0,
confirmation,exp12_search_edit_07,search_edit,canonical,1,canonical,0,opposite_same_wording,USER_END,reader_all7_sufficiency,0.10249731689691544,USER_END,SKILL_END,0.0,0.0,0.0,
confirmation,exp12_search_edit_07,search_edit,canonical,1,canonical,0,opposite_same_wording,USER_END,reader_all7_necessity,0.10249731689691544,USER_END,SKILL_END,0.0,0.0,0.0,
confirmation,exp12_search_edit_07,search_edit,canonical,1,canonical,0,opposite_same_wording,USER_END,reader_non_kv0_sufficiency,-0.0,USER_END,SKILL_END,0.0,0.0,0.0,
confirmation,exp12_search_edit_07,search_edit,canonical,1,canonical,0,opposite_same_wording,USER_END,reader_non_kv0_necessity,0.0,USER_END,SKILL_END,0.0,0.0,0.0,
confirmation,exp12_search_edit_07,search_edit,canonical,1,paraphrase,0,opposite_cross_wording,USER_END,cross_selected_V_sufficiency,0.10223175585269928,,,,,,USER_END
confirmation,exp12_search_edit_07,search_edit,canonical,1,paraphrase,0,opposite_cross_wording,USER_END,cross_selected_V_necessity_loss,0.12049529701471329,,,,,,USER_END
confirmation,exp12_search_edit_07,search_edit,canonical,1,paraphrase,1,same_state_cross_wording,USER_END,same_state_selected_V_control,-0.04118376970291138,,,,,,USER_END
confirmation,exp12_search_edit_07,search_edit,paraphrase,1,paraphrase,0,opposite_same_wording,USER_END,selected_H20_residual_effect,0.15803132951259613,USER_END,FINAL_INSTRUCTION_END,,,,
confirmation,exp12_search_edit_07,search_edit,paraphrase,1,paraphrase,0,opposite_same_wording,USER_END,selected_V_sufficiency,0.05608174204826355,USER_END,FINAL_INSTRUCTION_END,,,,
confirmation,exp12_search_edit_07,search_edit,paraphrase,1,paraphrase,0,opposite_same_wording,USER_END,selected_V_necessity_loss,0.1020246148109436,USER_END,FINAL_INSTRUCTION_END,,,,
confirmation,exp12_search_edit_07,search_edit,paraphrase,1,paraphrase,0,opposite_same_wording,OLD_ABSOLUTE,old_absolute_V_sufficiency,-0.016650810837745667,USER_END,FINAL_INSTRUCTION_END,,,,
confirmation,exp12_search_edit_07,search_edit,paraphrase,1,paraphrase,0,opposite_same_wording,OLD_ABSOLUTE,old_absolute_local_V_necessity_loss,-0.032484084367752075,USER_END,FINAL_INSTRUCTION_END,,,,
confirmation,exp12_search_edit_07,search_edit,paraphrase,1,paraphrase,0,opposite_same_wording,FINAL_INSTRUCTION_END,runner_up_V_sufficiency,0.01871401071548462,USER_END,FINAL_INSTRUCTION_END,,,,
confirmation,exp12_search_edit_07,search_edit,paraphrase,1,paraphrase,0,opposite_same_wording,FINAL_INSTRUCTION_END,runner_up_V_necessity_loss,0.054229870438575745,USER_END,FINAL_INSTRUCTION_END,,,,
confirmation,exp12_search_edit_07,search_edit,paraphrase,1,paraphrase,0,opposite_same_wording,USER_END,reader_verified_v_effect,0.05608174204826355,USER_END,FINAL_INSTRUCTION_END,0.0,0.0,0.0,
confirmation,exp12_search_edit_07,search_edit,paraphrase,1,paraphrase,0,opposite_same_wording,USER_END,reader_target_sufficiency,0.0725007951259613,USER_END,FINAL_INSTRUCTION_END,0.0,0.0,0.0,
confirmation,exp12_search_edit_07,search_edit,paraphrase,1,paraphrase,0,opposite_same_wording,USER_END,reader_target_necessity,0.0727429986000061,USER_END,FINAL_INSTRUCTION_END,0.0,0.0,0.0,
confirmation,exp12_search_edit_07,search_edit,paraphrase,1,paraphrase,0,opposite_same_wording,USER_END,reader_negative_sufficiency,-0.03387899696826935,USER_END,FINAL_INSTRUCTION_END,0.0,0.0,0.0,
confirmation,exp12_search_edit_07,search_edit,paraphrase,1,paraphrase,0,opposite_same_wording,USER_END,reader_negative_necessity,-0.01655997335910797,USER_END,FINAL_INSTRUCTION_END,0.0,0.0,0.0,
confirmation,exp12_search_edit_07,search_edit,paraphrase,1,paraphrase,0,opposite_same_wording,USER_END,reader_all7_sufficiency,0.05608174204826355,USER_END,FINAL_INSTRUCTION_END,0.0,0.0,0.0,
confirmation,exp12_search_edit_07,search_edit,paraphrase,1,paraphrase,0,opposite_same_wording,USER_END,reader_all7_necessity,0.05608174204826355,USER_END,FINAL_INSTRUCTION_END,0.0,0.0,0.0,
confirmation,exp12_search_edit_07,search_edit,paraphrase,1,paraphrase,0,opposite_same_wording,USER_END,reader_non_kv0_sufficiency,-0.0,USER_END,FINAL_INSTRUCTION_END,0.0,0.0,0.0,
confirmation,exp12_search_edit_07,search_edit,paraphrase,1,paraphrase,0,opposite_same_wording,USER_END,reader_non_kv0_necessity,0.0,USER_END,FINAL_INSTRUCTION_END,0.0,0.0,0.0,
confirmation,exp12_search_edit_07,search_edit,paraphrase,1,canonical,0,opposite_cross_wording,USER_END,cross_selected_V_sufficiency,0.03746359050273895,,,,,,USER_END
confirmation,exp12_search_edit_07,search_edit,paraphrase,1,canonical,0,opposite_cross_wording,USER_END,cross_selected_V_necessity_loss,0.10405322909355164,,,,,,USER_END
confirmation,exp12_search_edit_07,search_edit,paraphrase,1,canonical,1,same_state_cross_wording,USER_END,same_state_selected_V_control,0.016574770212173462,,,,,,USER_END
confirmation,exp12_search_edit_08,search_edit,canonical,0,canonical,1,opposite_same_wording,USER_END,selected_H20_residual_effect,0.053711213171482086,USER_END,SKILL_END,,,,
confirmation,exp12_search_edit_08,search_edit,canonical,0,canonical,1,opposite_same_wording,USER_END,selected_V_sufficiency,0.04465419612824917,USER_END,SKILL_END,,,,
confirmation,exp12_search_edit_08,search_edit,canonical,0,canonical,1,opposite_same_wording,USER_END,selected_V_necessity_loss,0.009007124230265617,USER_END,SKILL_END,,,,
confirmation,exp12_search_edit_08,search_edit,canonical,0,canonical,1,opposite_same_wording,OLD_ABSOLUTE,old_absolute_V_sufficiency,-0.017819343134760857,USER_END,SKILL_END,,,,
confirmation,exp12_search_edit_08,search_edit,canonical,0,canonical,1,opposite_same_wording,OLD_ABSOLUTE,old_absolute_local_V_necessity_loss,-0.01843763142824173,USER_END,SKILL_END,,,,
confirmation,exp12_search_edit_08,search_edit,canonical,0,canonical,1,opposite_same_wording,SKILL_END,runner_up_V_sufficiency,0.008926576003432274,USER_END,SKILL_END,,,,
confirmation,exp12_search_edit_08,search_edit,canonical,0,canonical,1,opposite_same_wording,SKILL_END,runner_up_V_necessity_loss,-0.00920143909752369,USER_END,SKILL_END,,,,
confirmation,exp12_search_edit_08,search_edit,canonical,0,canonical,1,opposite_same_wording,USER_END,reader_verified_v_effect,0.04465419612824917,USER_END,SKILL_END,0.0,0.0,0.0,
confirmation,exp12_search_edit_08,search_edit,canonical,0,canonical,1,opposite_same_wording,USER_END,reader_target_sufficiency,0.06252335198223591,USER_END,SKILL_END,0.0,0.0,0.0,
confirmation,exp12_search_edit_08,search_edit,canonical,0,canonical,1,opposite_same_wording,USER_END,reader_target_necessity,0.05358770489692688,USER_END,SKILL_END,0.0,0.0,0.0,
confirmation,exp12_search_edit_08,search_edit,canonical,0,canonical,1,opposite_same_wording,USER_END,reader_negative_sufficiency,-0.008554225787520409,USER_END,SKILL_END,0.0,0.0,0.0,
confirmation,exp12_search_edit_08,search_edit,canonical,0,canonical,1,opposite_same_wording,USER_END,reader_negative_necessity,-0.02688087522983551,USER_END,SKILL_END,0.0,0.0,0.0,
confirmation,exp12_search_edit_08,search_edit,canonical,0,canonical,1,opposite_same_wording,USER_END,reader_all7_sufficiency,0.04465419612824917,USER_END,SKILL_END,0.0,0.0,0.0,
confirmation,exp12_search_edit_08,search_edit,canonical,0,canonical,1,opposite_same_wording,USER_END,reader_all7_necessity,0.04465419612824917,USER_END,SKILL_END,0.0,0.0,0.0,
confirmation,exp12_search_edit_08,search_edit,canonical,0,canonical,1,opposite_same_wording,USER_END,reader_non_kv0_sufficiency,0.0,USER_END,SKILL_END,0.0,0.0,0.0,
confirmation,exp12_search_edit_08,search_edit,canonical,0,canonical,1,opposite_same_wording,USER_END,reader_non_kv0_necessity,0.0,USER_END,SKILL_END,0.0,0.0,0.0,
confirmation,exp12_search_edit_08,search_edit,canonical,0,paraphrase,1,opposite_cross_wording,USER_END,cross_selected_V_sufficiency,0.027241354808211327,,,,,,USER_END
confirmation,exp12_search_edit_08,search_edit,canonical,0,paraphrase,1,opposite_cross_wording,USER_END,cross_selected_V_necessity_loss,0.008573651313781738,,,,,,USER_END
confirmation,exp12_search_edit_08,search_edit,canonical,0,paraphrase,0,same_state_cross_wording,USER_END,same_state_selected_V_control,0.017900431528687477,,,,,,USER_END
confirmation,exp12_search_edit_08,search_edit,paraphrase,0,paraphrase,1,opposite_same_wording,USER_END,selected_H20_residual_effect,0.008835505694150925,USER_END,FINAL_INSTRUCTION_END,,,,
confirmation,exp12_search_edit_08,search_edit,paraphrase,0,paraphrase,1,opposite_same_wording,USER_END,selected_V_sufficiency,0.008923061192035675,USER_END,FINAL_INSTRUCTION_END,,,,
confirmation,exp12_search_edit_08,search_edit,paraphrase,0,paraphrase,1,opposite_same_wording,USER_END,selected_V_necessity_loss,0.008941110223531723,USER_END,FINAL_INSTRUCTION_END,,,,
confirmation,exp12_search_edit_08,search_edit,paraphrase,0,paraphrase,1,opposite_same_wording,OLD_ABSOLUTE,old_absolute_V_sufficiency,-0.08037487044930458,USER_END,FINAL_INSTRUCTION_END,,,,
confirmation,exp12_search_edit_08,search_edit,paraphrase,0,paraphrase,1,opposite_same_wording,OLD_ABSOLUTE,old_absolute_local_V_necessity_loss,-0.05384024605154991,USER_END,FINAL_INSTRUCTION_END,,,,
confirmation,exp12_search_edit_08,search_edit,paraphrase,0,paraphrase,1,opposite_same_wording,FINAL_INSTRUCTION_END,runner_up_V_sufficiency,3.084354102611542e-05,USER_END,FINAL_INSTRUCTION_END,,,,
confirmation,exp12_search_edit_08,search_edit,paraphrase,0,paraphrase,1,opposite_same_wording,FINAL_INSTRUCTION_END,runner_up_V_necessity_loss,2.25752592086792e-06,USER_END,FINAL_INSTRUCTION_END,,,,
confirmation,exp12_search_edit_08,search_edit,paraphrase,0,paraphrase,1,opposite_same_wording,USER_END,reader_verified_v_effect,0.008923061192035675,USER_END,FINAL_INSTRUCTION_END,0.0,0.0,0.0,
confirmation,exp12_search_edit_08,search_edit,paraphrase,0,paraphrase,1,opposite_same_wording,USER_END,reader_target_sufficiency,-5.264580249786377e-05,USER_END,FINAL_INSTRUCTION_END,0.0,0.0,0.0,
confirmation,exp12_search_edit_08,search_edit,paraphrase,0,paraphrase,1,opposite_same_wording,USER_END,reader_target_necessity,0.026835786178708076,USER_END,FINAL_INSTRUCTION_END,0.0,0.0,0.0,
confirmation,exp12_search_edit_08,search_edit,paraphrase,0,paraphrase,1,opposite_same_wording,USER_END,reader_negative_sufficiency,-0.008899003267288208,USER_END,FINAL_INSTRUCTION_END,0.0,0.0,0.0,
confirmation,exp12_search_edit_08,search_edit,paraphrase,0,paraphrase,1,opposite_same_wording,USER_END,reader_negative_necessity,-0.02677100896835327,USER_END,FINAL_INSTRUCTION_END,0.0,0.0,0.0,
confirmation,exp12_search_edit_08,search_edit,paraphrase,0,paraphrase,1,opposite_same_wording,USER_END,reader_all7_sufficiency,0.008923061192035675,USER_END,FINAL_INSTRUCTION_END,0.0,0.0,0.0,
confirmation,exp12_search_edit_08,search_edit,paraphrase,0,paraphrase,1,opposite_same_wording,USER_END,reader_all7_necessity,0.008923061192035675,USER_END,FINAL_INSTRUCTION_END,0.0,0.0,0.0,
confirmation,exp12_search_edit_08,search_edit,paraphrase,0,paraphrase,1,opposite_same_wording,USER_END,reader_non_kv0_sufficiency,0.0,USER_END,FINAL_INSTRUCTION_END,0.0,0.0,0.0,
confirmation,exp12_search_edit_08,search_edit,paraphrase,0,paraphrase,1,opposite_same_wording,USER_END,reader_non_kv0_necessity,0.0,USER_END,FINAL_INSTRUCTION_END,0.0,0.0,0.0,
confirmation,exp12_search_edit_08,search_edit,paraphrase,0,canonical,1,opposite_cross_wording,USER_END,cross_selected_V_sufficiency,0.008868083357810974,,,,,,USER_END
confirmation,exp12_search_edit_08,search_edit,paraphrase,0,canonical,1,opposite_cross_wording,USER_END,cross_selected_V_necessity_loss,0.027131319046020508,,,,,,USER_END
confirmation,exp12_search_edit_08,search_edit,paraphrase,0,canonical,0,same_state_cross_wording,USER_END,same_state_selected_V_control,0.00010313466191291809,,,,,,USER_END
confirmation,exp12_search_edit_08,search_edit,canonical,1,canonical,0,opposite_same_wording,USER_END,selected_H20_residual_effect,0.22546867281198502,USER_END,SKILL_END,,,,
confirmation,exp12_search_edit_08,search_edit,canonical,1,canonical,0,opposite_same_wording,USER_END,selected_V_sufficiency,0.14354979991912842,USER_END,SKILL_END,,,,
confirmation,exp12_search_edit_08,search_edit,canonical,1,canonical,0,opposite_same_wording,USER_END,selected_V_necessity_loss,0.1434997022151947,USER_END,SKILL_END,,,,
confirmation,exp12_search_edit_08,search_edit,canonical,1,canonical,0,opposite_same_wording,OLD_ABSOLUTE,old_absolute_V_sufficiency,0.019863881170749664,USER_END,SKILL_END,,,,
confirmation,exp12_search_edit_08,search_edit,canonical,1,canonical,0,opposite_same_wording,OLD_ABSOLUTE,old_absolute_local_V_necessity_loss,-0.018012795597314835,USER_END,SKILL_END,,,,
confirmation,exp12_search_edit_08,search_edit,canonical,1,canonical,0,opposite_same_wording,SKILL_END,runner_up_V_sufficiency,0.019559837877750397,USER_END,SKILL_END,,,,
confirmation,exp12_search_edit_08,search_edit,canonical,1,canonical,0,opposite_same_wording,SKILL_END,runner_up_V_necessity_loss,0.02062290906906128,USER_END,SKILL_END,,,,
confirmation,exp12_search_edit_08,search_edit,canonical,1,canonical,0,opposite_same_wording,USER_END,reader_verified_v_effect,0.14354979991912842,USER_END,SKILL_END,0.0,0.0,0.0,
confirmation,exp12_search_edit_08,search_edit,canonical,1,canonical,0,opposite_same_wording,USER_END,reader_target_sufficiency,0.16395911574363708,USER_END,SKILL_END,0.0,0.0,0.0,
confirmation,exp12_search_edit_08,search_edit,canonical,1,canonical,0,opposite_same_wording,USER_END,reader_target_necessity,0.1445637196302414,USER_END,SKILL_END,0.0,0.0,0.0,
confirmation,exp12_search_edit_08,search_edit,canonical,1,canonical,0,opposite_same_wording,USER_END,reader_negative_sufficiency,-0.02166459709405899,USER_END,SKILL_END,0.0,0.0,0.0,
confirmation,exp12_search_edit_08,search_edit,canonical,1,canonical,0,opposite_same_wording,USER_END,reader_negative_necessity,-0.04106175899505615,USER_END,SKILL_END,0.0,0.0,0.0,
confirmation,exp12_search_edit_08,search_edit,canonical,1,canonical,0,opposite_same_wording,USER_END,reader_all7_sufficiency,0.14354979991912842,USER_END,SKILL_END,0.0,0.0,0.0,
confirmation,exp12_search_edit_08,search_edit,canonical,1,canonical,0,opposite_same_wording,USER_END,reader_all7_necessity,0.14354979991912842,USER_END,SKILL_END,0.0,0.0,0.0,
confirmation,exp12_search_edit_08,search_edit,canonical,1,canonical,0,opposite_same_wording,USER_END,reader_non_kv0_sufficiency,-0.0,USER_END,SKILL_END,0.0,0.0,0.0,
confirmation,exp12_search_edit_08,search_edit,canonical,1,canonical,0,opposite_same_wording,USER_END,reader_non_kv0_necessity,0.0,USER_END,SKILL_END,0.0,0.0,0.0,
confirmation,exp12_search_edit_08,search_edit,canonical,1,paraphrase,0,opposite_cross_wording,USER_END,cross_selected_V_sufficiency,0.1638348028063774,,,,,,USER_END
confirmation,exp12_search_edit_08,search_edit,canonical,1,paraphrase,0,opposite_cross_wording,USER_END,cross_selected_V_necessity_loss,0.08217217773199081,,,,,,USER_END
confirmation,exp12_search_edit_08,search_edit,canonical,1,paraphrase,1,same_state_cross_wording,USER_END,same_state_selected_V_control,-0.08166579902172089,,,,,,USER_END
confirmation,exp12_search_edit_08,search_edit,paraphrase,1,paraphrase,0,opposite_same_wording,USER_END,selected_H20_residual_effect,0.11681896448135376,USER_END,FINAL_INSTRUCTION_END,,,,
confirmation,exp12_search_edit_08,search_edit,paraphrase,1,paraphrase,0,opposite_same_wording,USER_END,selected_V_sufficiency,0.07839024066925049,USER_END,FINAL_INSTRUCTION_END,,,,
confirmation,exp12_search_edit_08,search_edit,paraphrase,1,paraphrase,0,opposite_same_wording,USER_END,selected_V_necessity_loss,0.05807453393936157,USER_END,FINAL_INSTRUCTION_END,,,,
confirmation,exp12_search_edit_08,search_edit,paraphrase,1,paraphrase,0,opposite_same_wording,OLD_ABSOLUTE,old_absolute_V_sufficiency,-0.03859938681125641,USER_END,FINAL_INSTRUCTION_END,,,,
confirmation,exp12_search_edit_08,search_edit,paraphrase,1,paraphrase,0,opposite_same_wording,OLD_ABSOLUTE,old_absolute_local_V_necessity_loss,-0.0538349486887455,USER_END,FINAL_INSTRUCTION_END,,,,
confirmation,exp12_search_edit_08,search_edit,paraphrase,1,paraphrase,0,opposite_same_wording,FINAL_INSTRUCTION_END,runner_up_V_sufficiency,0.020113036036491394,USER_END,FINAL_INSTRUCTION_END,,,,
confirmation,exp12_search_edit_08,search_edit,paraphrase,1,paraphrase,0,opposite_same_wording,FINAL_INSTRUCTION_END,runner_up_V_necessity_loss,0.02014431357383728,USER_END,FINAL_INSTRUCTION_END,,,,
confirmation,exp12_search_edit_08,search_edit,paraphrase,1,paraphrase,0,opposite_same_wording,USER_END,reader_verified_v_effect,0.07839024066925049,USER_END,FINAL_INSTRUCTION_END,0.0,0.0,0.0,
confirmation,exp12_search_edit_08,search_edit,paraphrase,1,paraphrase,0,opposite_same_wording,USER_END,reader_target_sufficiency,0.09702606499195099,USER_END,FINAL_INSTRUCTION_END,0.0,0.0,0.0,
confirmation,exp12_search_edit_08,search_edit,paraphrase,1,paraphrase,0,opposite_same_wording,USER_END,reader_target_necessity,0.07839131355285645,USER_END,FINAL_INSTRUCTION_END,0.0,0.0,0.0,
confirmation,exp12_search_edit_08,search_edit,paraphrase,1,paraphrase,0,opposite_same_wording,USER_END,reader_negative_sufficiency,-0.018729954957962036,USER_END,FINAL_INSTRUCTION_END,0.0,0.0,0.0,
confirmation,exp12_search_edit_08,search_edit,paraphrase,1,paraphrase,0,opposite_same_wording,USER_END,reader_negative_necessity,-0.019789084792137146,USER_END,FINAL_INSTRUCTION_END,0.0,0.0,0.0,
confirmation,exp12_search_edit_08,search_edit,paraphrase,1,paraphrase,0,opposite_same_wording,USER_END,reader_all7_sufficiency,0.07839024066925049,USER_END,FINAL_INSTRUCTION_END,0.0,0.0,0.0,
confirmation,exp12_search_edit_08,search_edit,paraphrase,1,paraphrase,0,opposite_same_wording,USER_END,reader_all7_necessity,0.07839024066925049,USER_END,FINAL_INSTRUCTION_END,0.0,0.0,0.0,
confirmation,exp12_search_edit_08,search_edit,paraphrase,1,paraphrase,0,opposite_same_wording,USER_END,reader_non_kv0_sufficiency,-0.0,USER_END,FINAL_INSTRUCTION_END,0.0,0.0,0.0,
confirmation,exp12_search_edit_08,search_edit,paraphrase,1,paraphrase,0,opposite_same_wording,USER_END,reader_non_kv0_necessity,0.0,USER_END,FINAL_INSTRUCTION_END,0.0,0.0,0.0,
confirmation,exp12_search_edit_08,search_edit,paraphrase,1,canonical,0,opposite_cross_wording,USER_END,cross_selected_V_sufficiency,0.07850955426692963,,,,,,USER_END
confirmation,exp12_search_edit_08,search_edit,paraphrase,1,canonical,0,opposite_cross_wording,USER_END,cross_selected_V_necessity_loss,0.11458365619182587,,,,,,USER_END
confirmation,exp12_search_edit_08,search_edit,paraphrase,1,canonical,1,same_state_cross_wording,USER_END,same_state_selected_V_control,0.019775837659835815,,,,,,USER_END
confirmation,exp12_search_edit_11,search_edit,canonical,0,canonical,1,opposite_same_wording,USER_END,selected_H20_residual_effect,0.07823570445179939,USER_END,SKILL_END,,,,
confirmation,exp12_search_edit_11,search_edit,canonical,0,canonical,1,opposite_same_wording,USER_END,selected_V_sufficiency,0.05470342934131622,USER_END,SKILL_END,,,,
confirmation,exp12_search_edit_11,search_edit,canonical,0,canonical,1,opposite_same_wording,USER_END,selected_V_necessity_loss,0.023766709491610527,USER_END,SKILL_END,,,,
confirmation,exp12_search_edit_11,search_edit,canonical,0,canonical,1,opposite_same_wording,OLD_ABSOLUTE,old_absolute_V_sufficiency,0.007893562316894531,USER_END,SKILL_END,,,,
confirmation,exp12_search_edit_11,search_edit,canonical,0,canonical,1,opposite_same_wording,OLD_ABSOLUTE,old_absolute_local_V_necessity_loss,1.0505318641662598e-06,USER_END,SKILL_END,,,,
confirmation,exp12_search_edit_11,search_edit,canonical,0,canonical,1,opposite_same_wording,SKILL_END,runner_up_V_sufficiency,5.54155558347702e-05,USER_END,SKILL_END,,,,
confirmation,exp12_search_edit_11,search_edit,canonical,0,canonical,1,opposite_same_wording,SKILL_END,runner_up_V_necessity_loss,0.008170915767550468,USER_END,SKILL_END,,,,
confirmation,exp12_search_edit_11,search_edit,canonical,0,canonical,1,opposite_same_wording,USER_END,reader_verified_v_effect,0.05470342934131622,USER_END,SKILL_END,0.0,0.0,0.0,
confirmation,exp12_search_edit_11,search_edit,canonical,0,canonical,1,opposite_same_wording,USER_END,reader_target_sufficiency,0.05475486442446709,USER_END,SKILL_END,0.0,0.0,0.0,
confirmation,exp12_search_edit_11,search_edit,canonical,0,canonical,1,opposite_same_wording,USER_END,reader_target_necessity,0.06253746338188648,USER_END,SKILL_END,0.0,0.0,0.0,
confirmation,exp12_search_edit_11,search_edit,canonical,0,canonical,1,opposite_same_wording,USER_END,reader_negative_sufficiency,-0.03162199817597866,USER_END,SKILL_END,0.0,0.0,0.0,
confirmation,exp12_search_edit_11,search_edit,canonical,0,canonical,1,opposite_same_wording,USER_END,reader_negative_necessity,-0.03168771415948868,USER_END,SKILL_END,0.0,0.0,0.0,
confirmation,exp12_search_edit_11,search_edit,canonical,0,canonical,1,opposite_same_wording,USER_END,reader_all7_sufficiency,0.05470342934131622,USER_END,SKILL_END,0.0,0.0,0.0,
confirmation,exp12_search_edit_11,search_edit,canonical,0,canonical,1,opposite_same_wording,USER_END,reader_all7_necessity,0.05470342934131622,USER_END,SKILL_END,0.0,0.0,0.0,
confirmation,exp12_search_edit_11,search_edit,canonical,0,canonical,1,opposite_same_wording,USER_END,reader_non_kv0_sufficiency,0.0,USER_END,SKILL_END,0.0,0.0,0.0,
confirmation,exp12_search_edit_11,search_edit,canonical,0,canonical,1,opposite_same_wording,USER_END,reader_non_kv0_necessity,0.0,USER_END,SKILL_END,0.0,0.0,0.0,
confirmation,exp12_search_edit_11,search_edit,canonical,0,paraphrase,1,opposite_cross_wording,USER_END,cross_selected_V_sufficiency,0.01567264273762703,,,,,,USER_END
confirmation,exp12_search_edit_11,search_edit,canonical,0,paraphrase,1,opposite_cross_wording,USER_END,cross_selected_V_necessity_loss,2.1632760763168335e-05,,,,,,USER_END
confirmation,exp12_search_edit_11,search_edit,canonical,0,paraphrase,0,same_state_cross_wording,USER_END,same_state_selected_V_control,0.023737376555800438,,,,,,USER_END
confirmation,exp12_search_edit_11,search_edit,paraphrase,0,paraphrase,1,opposite_same_wording,USER_END,selected_H20_residual_effect,0.0077147334814071655,USER_END,FINAL_INSTRUCTION_END,,,,
confirmation,exp12_search_edit_11,search_edit,paraphrase,0,paraphrase,1,opposite_same_wording,USER_END,selected_V_sufficiency,-3.865361213684082e-05,USER_END,FINAL_INSTRUCTION_END,,,,
confirmation,exp12_search_edit_11,search_edit,paraphrase,0,paraphrase,1,opposite_same_wording,USER_END,selected_V_necessity_loss,0.007795520126819611,USER_END,FINAL_INSTRUCTION_END,,,,
confirmation,exp12_search_edit_11,search_edit,paraphrase,0,paraphrase,1,opposite_same_wording,OLD_ABSOLUTE,old_absolute_V_sufficiency,-0.07839184440672398,USER_END,FINAL_INSTRUCTION_END,,,,
confirmation,exp12_search_edit_11,search_edit,paraphrase,0,paraphrase,1,opposite_same_wording,OLD_ABSOLUTE,old_absolute_local_V_necessity_loss,-0.0471658930182457,USER_END,FINAL_INSTRUCTION_END,,,,
confirmation,exp12_search_edit_11,search_edit,paraphrase,0,paraphrase,1,opposite_same_wording,FINAL_INSTRUCTION_END,runner_up_V_sufficiency,-0.015887724235653877,USER_END,FINAL_INSTRUCTION_END,,,,
confirmation,exp12_search_edit_11,search_edit,paraphrase,0,paraphrase,1,opposite_same_wording,FINAL_INSTRUCTION_END,runner_up_V_necessity_loss,0.008069455623626709,USER_END,FINAL_INSTRUCTION_END,,,,
confirmation,exp12_search_edit_11,search_edit,paraphrase,0,paraphrase,1,opposite_same_wording,USER_END,reader_verified_v_effect,-3.865361213684082e-05,USER_END,FINAL_INSTRUCTION_END,0.0,0.0,0.0,
confirmation,exp12_search_edit_11,search_edit,paraphrase,0,paraphrase,1,opposite_same_wording,USER_END,reader_target_sufficiency,0.015642037615180016,USER_END,FINAL_INSTRUCTION_END,0.0,0.0,0.0,
confirmation,exp12_search_edit_11,search_edit,paraphrase,0,paraphrase,1,opposite_same_wording,USER_END,reader_target_necessity,0.00775502622127533,USER_END,FINAL_INSTRUCTION_END,0.0,0.0,0.0,
confirmation,exp12_search_edit_11,search_edit,paraphrase,0,paraphrase,1,opposite_same_wording,USER_END,reader_negative_sufficiency,-0.007795998826622963,USER_END,FINAL_INSTRUCTION_END,0.0,0.0,0.0,
confirmation,exp12_search_edit_11,search_edit,paraphrase,0,paraphrase,1,opposite_same_wording,USER_END,reader_negative_necessity,-0.007753109559416771,USER_END,FINAL_INSTRUCTION_END,0.0,0.0,0.0,
confirmation,exp12_search_edit_11,search_edit,paraphrase,0,paraphrase,1,opposite_same_wording,USER_END,reader_all7_sufficiency,-3.865361213684082e-05,USER_END,FINAL_INSTRUCTION_END,0.0,0.0,0.0,
confirmation,exp12_search_edit_11,search_edit,paraphrase,0,paraphrase,1,opposite_same_wording,USER_END,reader_all7_necessity,-3.865361213684082e-05,USER_END,FINAL_INSTRUCTION_END,0.0,0.0,0.0,
confirmation,exp12_search_edit_11,search_edit,paraphrase,0,paraphrase,1,opposite_same_wording,USER_END,reader_non_kv0_sufficiency,0.0,USER_END,FINAL_INSTRUCTION_END,0.0,0.0,0.0,
confirmation,exp12_search_edit_11,search_edit,paraphrase,0,paraphrase,1,opposite_same_wording,USER_END,reader_non_kv0_necessity,0.0,USER_END,FINAL_INSTRUCTION_END,0.0,0.0,0.0,
confirmation,exp12_search_edit_11,search_edit,paraphrase,0,canonical,1,opposite_cross_wording,USER_END,cross_selected_V_sufficiency,0.023465434089303017,,,,,,USER_END
confirmation,exp12_search_edit_11,search_edit,paraphrase,0,canonical,1,opposite_cross_wording,USER_END,cross_selected_V_necessity_loss,0.023409206420183182,,,,,,USER_END
confirmation,exp12_search_edit_11,search_edit,paraphrase,0,canonical,0,same_state_cross_wording,USER_END,same_state_selected_V_control,0.007900051772594452,,,,,,USER_END
confirmation,exp12_search_edit_11,search_edit,canonical,1,canonical,0,opposite_same_wording,USER_END,selected_H20_residual_effect,0.21124977618455887,USER_END,SKILL_END,,,,
confirmation,exp12_search_edit_11,search_edit,canonical,1,canonical,0,opposite_same_wording,USER_END,selected_V_sufficiency,0.10569475591182709,USER_END,SKILL_END,,,,
confirmation,exp12_search_edit_11,search_edit,canonical,1,canonical,0,opposite_same_wording,USER_END,selected_V_necessity_loss,0.1225094273686409,USER_END,SKILL_END,,,,
confirmation,exp12_search_edit_11,search_edit,canonical,1,canonical,0,opposite_same_wording,OLD_ABSOLUTE,old_absolute_V_sufficiency,0.017731718719005585,USER_END,SKILL_END,,,,
confirmation,exp12_search_edit_11,search_edit,canonical,1,canonical,0,opposite_same_wording,OLD_ABSOLUTE,old_absolute_local_V_necessity_loss,0.015675019472837448,USER_END,SKILL_END,,,,
confirmation,exp12_search_edit_11,search_edit,canonical,1,canonical,0,opposite_same_wording,SKILL_END,runner_up_V_sufficiency,-1.3284385204315186e-05,USER_END,SKILL_END,,,,
confirmation,exp12_search_edit_11,search_edit,canonical,1,canonical,0,opposite_same_wording,SKILL_END,runner_up_V_necessity_loss,-1.0259449481964111e-05,USER_END,SKILL_END,,,,
confirmation,exp12_search_edit_11,search_edit,canonical,1,canonical,0,opposite_same_wording,USER_END,reader_verified_v_effect,0.10569475591182709,USER_END,SKILL_END,0.0,0.0,0.0,
confirmation,exp12_search_edit_11,search_edit,canonical,1,canonical,0,opposite_same_wording,USER_END,reader_target_sufficiency,0.12334296107292175,USER_END,SKILL_END,0.0,0.0,0.0,
confirmation,exp12_search_edit_11,search_edit,canonical,1,canonical,0,opposite_same_wording,USER_END,reader_target_necessity,0.1241588369011879,USER_END,SKILL_END,0.0,0.0,0.0,
confirmation,exp12_search_edit_11,search_edit,canonical,1,canonical,0,opposite_same_wording,USER_END,reader_negative_sufficiency,-0.03553597629070282,USER_END,SKILL_END,0.0,0.0,0.0,
confirmation,exp12_search_edit_11,search_edit,canonical,1,canonical,0,opposite_same_wording,USER_END,reader_negative_necessity,-0.03530220687389374,USER_END,SKILL_END,0.0,0.0,0.0,
confirmation,exp12_search_edit_11,search_edit,canonical,1,canonical,0,opposite_same_wording,USER_END,reader_all7_sufficiency,0.10569475591182709,USER_END,SKILL_END,0.0,0.0,0.0,
confirmation,exp12_search_edit_11,search_edit,canonical,1,canonical,0,opposite_same_wording,USER_END,reader_all7_necessity,0.10569475591182709,USER_END,SKILL_END,0.0,0.0,0.0,
confirmation,exp12_search_edit_11,search_edit,canonical,1,canonical,0,opposite_same_wording,USER_END,reader_non_kv0_sufficiency,-0.0,USER_END,SKILL_END,0.0,0.0,0.0,
confirmation,exp12_search_edit_11,search_edit,canonical,1,canonical,0,opposite_same_wording,USER_END,reader_non_kv0_necessity,0.0,USER_END,SKILL_END,0.0,0.0,0.0,
confirmation,exp12_search_edit_11,search_edit,canonical,1,paraphrase,0,opposite_cross_wording,USER_END,cross_selected_V_sufficiency,0.08870300650596619,,,,,,USER_END
confirmation,exp12_search_edit_11,search_edit,canonical,1,paraphrase,0,opposite_cross_wording,USER_END,cross_selected_V_necessity_loss,0.07057732343673706,,,,,,USER_END
confirmation,exp12_search_edit_11,search_edit,canonical,1,paraphrase,1,same_state_cross_wording,USER_END,same_state_selected_V_control,-0.052455924451351166,,,,,,USER_END
confirmation,exp12_search_edit_11,search_edit,paraphrase,1,paraphrase,0,opposite_same_wording,USER_END,selected_H20_residual_effect,0.13550138473510742,USER_END,FINAL_INSTRUCTION_END,,,,
confirmation,exp12_search_edit_11,search_edit,paraphrase,1,paraphrase,0,opposite_same_wording,USER_END,selected_V_sufficiency,0.05087953805923462,USER_END,FINAL_INSTRUCTION_END,,,,
confirmation,exp12_search_edit_11,search_edit,paraphrase,1,paraphrase,0,opposite_same_wording,USER_END,selected_V_necessity_loss,0.08360610902309418,USER_END,FINAL_INSTRUCTION_END,,,,
confirmation,exp12_search_edit_11,search_edit,paraphrase,1,paraphrase,0,opposite_same_wording,OLD_ABSOLUTE,old_absolute_V_sufficiency,-0.01739063858985901,USER_END,FINAL_INSTRUCTION_END,,,,
confirmation,exp12_search_edit_11,search_edit,paraphrase,1,paraphrase,0,opposite_same_wording,OLD_ABSOLUTE,old_absolute_local_V_necessity_loss,-0.047553952783346176,USER_END,FINAL_INSTRUCTION_END,,,,
confirmation,exp12_search_edit_11,search_edit,paraphrase,1,paraphrase,0,opposite_same_wording,FINAL_INSTRUCTION_END,runner_up_V_sufficiency,0.017313674092292786,USER_END,FINAL_INSTRUCTION_END,,,,
confirmation,exp12_search_edit_11,search_edit,paraphrase,1,paraphrase,0,opposite_same_wording,FINAL_INSTRUCTION_END,runner_up_V_necessity_loss,0.05107499659061432,USER_END,FINAL_INSTRUCTION_END,,,,
confirmation,exp12_search_edit_11,search_edit,paraphrase,1,paraphrase,0,opposite_same_wording,USER_END,reader_verified_v_effect,0.05087953805923462,USER_END,FINAL_INSTRUCTION_END,0.0,0.0,0.0,
confirmation,exp12_search_edit_11,search_edit,paraphrase,1,paraphrase,0,opposite_same_wording,USER_END,reader_target_sufficiency,0.06809763610363007,USER_END,FINAL_INSTRUCTION_END,0.0,0.0,0.0,
confirmation,exp12_search_edit_11,search_edit,paraphrase,1,paraphrase,0,opposite_same_wording,USER_END,reader_target_necessity,0.06823612749576569,USER_END,FINAL_INSTRUCTION_END,0.0,0.0,0.0,
confirmation,exp12_search_edit_11,search_edit,paraphrase,1,paraphrase,0,opposite_same_wording,USER_END,reader_negative_sufficiency,-0.03399069607257843,USER_END,FINAL_INSTRUCTION_END,0.0,0.0,0.0,
confirmation,exp12_search_edit_11,search_edit,paraphrase,1,paraphrase,0,opposite_same_wording,USER_END,reader_negative_necessity,-0.03427229821681976,USER_END,FINAL_INSTRUCTION_END,0.0,0.0,0.0,
confirmation,exp12_search_edit_11,search_edit,paraphrase,1,paraphrase,0,opposite_same_wording,USER_END,reader_all7_sufficiency,0.05087953805923462,USER_END,FINAL_INSTRUCTION_END,0.0,0.0,0.0,
confirmation,exp12_search_edit_11,search_edit,paraphrase,1,paraphrase,0,opposite_same_wording,USER_END,reader_all7_necessity,0.05087953805923462,USER_END,FINAL_INSTRUCTION_END,0.0,0.0,0.0,
confirmation,exp12_search_edit_11,search_edit,paraphrase,1,paraphrase,0,opposite_same_wording,USER_END,reader_non_kv0_sufficiency,-0.0,USER_END,FINAL_INSTRUCTION_END,0.0,0.0,0.0,
confirmation,exp12_search_edit_11,search_edit,paraphrase,1,paraphrase,0,opposite_same_wording,USER_END,reader_non_kv0_necessity,0.0,USER_END,FINAL_INSTRUCTION_END,0.0,0.0,0.0,
confirmation,exp12_search_edit_11,search_edit,paraphrase,1,canonical,0,opposite_cross_wording,USER_END,cross_selected_V_sufficiency,0.06815214455127716,,,,,,USER_END
confirmation,exp12_search_edit_11,search_edit,paraphrase,1,canonical,0,opposite_cross_wording,USER_END,cross_selected_V_necessity_loss,0.11731714010238647,,,,,,USER_END
confirmation,exp12_search_edit_11,search_edit,paraphrase,1,canonical,1,same_state_cross_wording,USER_END,same_state_selected_V_control,0.016383647918701172,,,,,,USER_END
confirmation,exp12_search_edit_14,search_edit,canonical,0,canonical,1,opposite_same_wording,USER_END,selected_H20_residual_effect,0.10426742397248745,USER_END,SKILL_END,,,,
confirmation,exp12_search_edit_14,search_edit,canonical,0,canonical,1,opposite_same_wording,USER_END,selected_V_sufficiency,0.07055522873997688,USER_END,SKILL_END,,,,
confirmation,exp12_search_edit_14,search_edit,canonical,0,canonical,1,opposite_same_wording,USER_END,selected_V_necessity_loss,0.006995895877480507,USER_END,SKILL_END,,,,
confirmation,exp12_search_edit_14,search_edit,canonical,0,canonical,1,opposite_same_wording,OLD_ABSOLUTE,old_absolute_V_sufficiency,0.00686471164226532,USER_END,SKILL_END,,,,
confirmation,exp12_search_edit_14,search_edit,canonical,0,canonical,1,opposite_same_wording,OLD_ABSOLUTE,old_absolute_local_V_necessity_loss,0.015515454113483429,USER_END,SKILL_END,,,,
confirmation,exp12_search_edit_14,search_edit,canonical,0,canonical,1,opposite_same_wording,SKILL_END,runner_up_V_sufficiency,4.011392593383789e-05,USER_END,SKILL_END,,,,
confirmation,exp12_search_edit_14,search_edit,canonical,0,canonical,1,opposite_same_wording,SKILL_END,runner_up_V_necessity_loss,7.903017103672028e-05,USER_END,SKILL_END,,,,
confirmation,exp12_search_edit_14,search_edit,canonical,0,canonical,1,opposite_same_wording,USER_END,reader_verified_v_effect,0.07055522873997688,USER_END,SKILL_END,0.0,0.0,0.0,
confirmation,exp12_search_edit_14,search_edit,canonical,0,canonical,1,opposite_same_wording,USER_END,reader_target_sufficiency,0.06950890831649303,USER_END,SKILL_END,0.0,0.0,0.0,
confirmation,exp12_search_edit_14,search_edit,canonical,0,canonical,1,opposite_same_wording,USER_END,reader_target_necessity,0.07751295529305935,USER_END,SKILL_END,0.0,0.0,0.0,
confirmation,exp12_search_edit_14,search_edit,canonical,0,canonical,1,opposite_same_wording,USER_END,reader_negative_sufficiency,-0.020861709490418434,USER_END,SKILL_END,0.0,0.0,0.0,
confirmation,exp12_search_edit_14,search_edit,canonical,0,canonical,1,opposite_same_wording,USER_END,reader_negative_necessity,-0.02084285207092762,USER_END,SKILL_END,0.0,0.0,0.0,
confirmation,exp12_search_edit_14,search_edit,canonical,0,canonical,1,opposite_same_wording,USER_END,reader_all7_sufficiency,0.07055522873997688,USER_END,SKILL_END,0.0,0.0,0.0,
confirmation,exp12_search_edit_14,search_edit,canonical,0,canonical,1,opposite_same_wording,USER_END,reader_all7_necessity,0.07055522873997688,USER_END,SKILL_END,0.0,0.0,0.0,
confirmation,exp12_search_edit_14,search_edit,canonical,0,canonical,1,opposite_same_wording,USER_END,reader_non_kv0_sufficiency,0.0,USER_END,SKILL_END,0.0,0.0,0.0,
confirmation,exp12_search_edit_14,search_edit,canonical,0,canonical,1,opposite_same_wording,USER_END,reader_non_kv0_necessity,0.0,USER_END,SKILL_END,0.0,0.0,0.0,
confirmation,exp12_search_edit_14,search_edit,canonical,0,paraphrase,1,opposite_cross_wording,USER_END,cross_selected_V_sufficiency,0.027739128097891808,,,,,,USER_END
confirmation,exp12_search_edit_14,search_edit,canonical,0,paraphrase,1,opposite_cross_wording,USER_END,cross_selected_V_necessity_loss,0.006965277716517448,,,,,,USER_END
confirmation,exp12_search_edit_14,search_edit,canonical,0,paraphrase,0,same_state_cross_wording,USER_END,same_state_selected_V_control,0.020918261259794235,,,,,,USER_END
confirmation,exp12_search_edit_14,search_edit,paraphrase,0,paraphrase,1,opposite_same_wording,USER_END,selected_H20_residual_effect,0.028482794761657715,USER_END,FINAL_INSTRUCTION_END,,,,
confirmation,exp12_search_edit_14,search_edit,paraphrase,0,paraphrase,1,opposite_same_wording,USER_END,selected_V_sufficiency,0.013878274708986282,USER_END,FINAL_INSTRUCTION_END,,,,
confirmation,exp12_search_edit_14,search_edit,paraphrase,0,paraphrase,1,opposite_same_wording,USER_END,selected_V_necessity_loss,0.02185685932636261,USER_END,FINAL_INSTRUCTION_END,,,,
confirmation,exp12_search_edit_14,search_edit,paraphrase,0,paraphrase,1,opposite_same_wording,OLD_ABSOLUTE,old_absolute_V_sufficiency,-0.04170416481792927,USER_END,FINAL_INSTRUCTION_END,,,,
confirmation,exp12_search_edit_14,search_edit,paraphrase,0,paraphrase,1,opposite_same_wording,OLD_ABSOLUTE,old_absolute_local_V_necessity_loss,-0.01401609554886818,USER_END,FINAL_INSTRUCTION_END,,,,
confirmation,exp12_search_edit_14,search_edit,paraphrase,0,paraphrase,1,opposite_same_wording,FINAL_INSTRUCTION_END,runner_up_V_sufficiency,-2.6883557438850403e-05,USER_END,FINAL_INSTRUCTION_END,,,,
confirmation,exp12_search_edit_14,search_edit,paraphrase,0,paraphrase,1,opposite_same_wording,FINAL_INSTRUCTION_END,runner_up_V_necessity_loss,0.007788104936480522,USER_END,FINAL_INSTRUCTION_END,,,,
confirmation,exp12_search_edit_14,search_edit,paraphrase,0,paraphrase,1,opposite_same_wording,USER_END,reader_verified_v_effect,0.013878274708986282,USER_END,FINAL_INSTRUCTION_END,0.0,0.0,0.0,
confirmation,exp12_search_edit_14,search_edit,paraphrase,0,paraphrase,1,opposite_same_wording,USER_END,reader_target_sufficiency,0.020786216482520103,USER_END,FINAL_INSTRUCTION_END,0.0,0.0,0.0,
confirmation,exp12_search_edit_14,search_edit,paraphrase,0,paraphrase,1,opposite_same_wording,USER_END,reader_target_necessity,0.013929877430200577,USER_END,FINAL_INSTRUCTION_END,0.0,0.0,0.0,
confirmation,exp12_search_edit_14,search_edit,paraphrase,0,paraphrase,1,opposite_same_wording,USER_END,reader_negative_sufficiency,-0.006936023011803627,USER_END,FINAL_INSTRUCTION_END,0.0,0.0,0.0,
confirmation,exp12_search_edit_14,search_edit,paraphrase,0,paraphrase,1,opposite_same_wording,USER_END,reader_negative_necessity,-0.020821809768676758,USER_END,FINAL_INSTRUCTION_END,0.0,0.0,0.0,
confirmation,exp12_search_edit_14,search_edit,paraphrase,0,paraphrase,1,opposite_same_wording,USER_END,reader_all7_sufficiency,0.013878274708986282,USER_END,FINAL_INSTRUCTION_END,0.0,0.0,0.0,
confirmation,exp12_search_edit_14,search_edit,paraphrase,0,paraphrase,1,opposite_same_wording,USER_END,reader_all7_necessity,0.013878274708986282,USER_END,FINAL_INSTRUCTION_END,0.0,0.0,0.0,
confirmation,exp12_search_edit_14,search_edit,paraphrase,0,paraphrase,1,opposite_same_wording,USER_END,reader_non_kv0_sufficiency,0.0,USER_END,FINAL_INSTRUCTION_END,0.0,0.0,0.0,
confirmation,exp12_search_edit_14,search_edit,paraphrase,0,paraphrase,1,opposite_same_wording,USER_END,reader_non_kv0_necessity,0.0,USER_END,FINAL_INSTRUCTION_END,0.0,0.0,0.0,
confirmation,exp12_search_edit_14,search_edit,paraphrase,0,canonical,1,opposite_cross_wording,USER_END,cross_selected_V_sufficiency,0.020843323320150375,,,,,,USER_END
confirmation,exp12_search_edit_14,search_edit,paraphrase,0,canonical,1,opposite_cross_wording,USER_END,cross_selected_V_necessity_loss,0.021692195907235146,,,,,,USER_END
confirmation,exp12_search_edit_14,search_edit,paraphrase,0,canonical,0,same_state_cross_wording,USER_END,same_state_selected_V_control,-0.013839012011885643,,,,,,USER_END
confirmation,exp12_search_edit_14,search_edit,canonical,1,canonical,0,opposite_same_wording,USER_END,selected_H20_residual_effect,0.27610745280981064,USER_END,SKILL_END,,,,
confirmation,exp12_search_edit_14,search_edit,canonical,1,canonical,0,opposite_same_wording,USER_END,selected_V_sufficiency,0.12017364054918289,USER_END,SKILL_END,,,,
confirmation,exp12_search_edit_14,search_edit,canonical,1,canonical,0,opposite_same_wording,USER_END,selected_V_necessity_loss,0.13656073808670044,USER_END,SKILL_END,,,,
confirmation,exp12_search_edit_14,search_edit,canonical,1,canonical,0,opposite_same_wording,OLD_ABSOLUTE,old_absolute_V_sufficiency,0.020957261323928833,USER_END,SKILL_END,,,,
confirmation,exp12_search_edit_14,search_edit,canonical,1,canonical,0,opposite_same_wording,OLD_ABSOLUTE,old_absolute_local_V_necessity_loss,0.014019239693880081,USER_END,SKILL_END,,,,
confirmation,exp12_search_edit_14,search_edit,canonical,1,canonical,0,opposite_same_wording,SKILL_END,runner_up_V_sufficiency,-1.019984483718872e-05,USER_END,SKILL_END,,,,
confirmation,exp12_search_edit_14,search_edit,canonical,1,canonical,0,opposite_same_wording,SKILL_END,runner_up_V_necessity_loss,0.002061188220977783,USER_END,SKILL_END,,,,
confirmation,exp12_search_edit_14,search_edit,canonical,1,canonical,0,opposite_same_wording,USER_END,reader_verified_v_effect,0.12017364054918289,USER_END,SKILL_END,0.0,0.0,0.0,
confirmation,exp12_search_edit_14,search_edit,canonical,1,canonical,0,opposite_same_wording,USER_END,reader_target_sufficiency,0.14017173647880554,USER_END,SKILL_END,0.0,0.0,0.0,
confirmation,exp12_search_edit_14,search_edit,canonical,1,canonical,0,opposite_same_wording,USER_END,reader_target_necessity,0.14048821479082108,USER_END,SKILL_END,0.0,0.0,0.0,
confirmation,exp12_search_edit_14,search_edit,canonical,1,canonical,0,opposite_same_wording,USER_END,reader_negative_sufficiency,-0.04151631146669388,USER_END,SKILL_END,0.0,0.0,0.0,
confirmation,exp12_search_edit_14,search_edit,canonical,1,canonical,0,opposite_same_wording,USER_END,reader_negative_necessity,-0.04212948679924011,USER_END,SKILL_END,0.0,0.0,0.0,
confirmation,exp12_search_edit_14,search_edit,canonical,1,canonical,0,opposite_same_wording,USER_END,reader_all7_sufficiency,0.12017364054918289,USER_END,SKILL_END,0.0,0.0,0.0,
confirmation,exp12_search_edit_14,search_edit,canonical,1,canonical,0,opposite_same_wording,USER_END,reader_all7_necessity,0.12017364054918289,USER_END,SKILL_END,0.0,0.0,0.0,
confirmation,exp12_search_edit_14,search_edit,canonical,1,canonical,0,opposite_same_wording,USER_END,reader_non_kv0_sufficiency,-0.0,USER_END,SKILL_END,0.0,0.0,0.0,
confirmation,exp12_search_edit_14,search_edit,canonical,1,canonical,0,opposite_same_wording,USER_END,reader_non_kv0_necessity,0.0,USER_END,SKILL_END,0.0,0.0,0.0,
confirmation,exp12_search_edit_14,search_edit,canonical,1,paraphrase,0,opposite_cross_wording,USER_END,cross_selected_V_sufficiency,0.1201348826289177,,,,,,USER_END
confirmation,exp12_search_edit_14,search_edit,canonical,1,paraphrase,0,opposite_cross_wording,USER_END,cross_selected_V_necessity_loss,0.13881272077560425,,,,,,USER_END
confirmation,exp12_search_edit_14,search_edit,canonical,1,paraphrase,1,same_state_cross_wording,USER_END,same_state_selected_V_control,-0.0614795982837677,,,,,,USER_END
confirmation,exp12_search_edit_14,search_edit,paraphrase,1,paraphrase,0,opposite_same_wording,USER_END,selected_H20_residual_effect,0.15890933573246002,USER_END,FINAL_INSTRUCTION_END,,,,
confirmation,exp12_search_edit_14,search_edit,paraphrase,1,paraphrase,0,opposite_same_wording,USER_END,selected_V_sufficiency,0.04818849265575409,USER_END,FINAL_INSTRUCTION_END,,,,
confirmation,exp12_search_edit_14,search_edit,paraphrase,1,paraphrase,0,opposite_same_wording,USER_END,selected_V_necessity_loss,0.11067359149456024,USER_END,FINAL_INSTRUCTION_END,,,,
confirmation,exp12_search_edit_14,search_edit,paraphrase,1,paraphrase,0,opposite_same_wording,OLD_ABSOLUTE,old_absolute_V_sufficiency,-0.036458373069763184,USER_END,FINAL_INSTRUCTION_END,,,,
confirmation,exp12_search_edit_14,search_edit,paraphrase,1,paraphrase,0,opposite_same_wording,OLD_ABSOLUTE,old_absolute_local_V_necessity_loss,-0.012481600046157837,USER_END,FINAL_INSTRUCTION_END,,,,
confirmation,exp12_search_edit_14,search_edit,paraphrase,1,paraphrase,0,opposite_same_wording,FINAL_INSTRUCTION_END,runner_up_V_sufficiency,0.015637129545211792,USER_END,FINAL_INSTRUCTION_END,,,,
confirmation,exp12_search_edit_14,search_edit,paraphrase,1,paraphrase,0,opposite_same_wording,FINAL_INSTRUCTION_END,runner_up_V_necessity_loss,0.017799675464630127,USER_END,FINAL_INSTRUCTION_END,,,,
confirmation,exp12_search_edit_14,search_edit,paraphrase,1,paraphrase,0,opposite_same_wording,USER_END,reader_verified_v_effect,0.04818849265575409,USER_END,FINAL_INSTRUCTION_END,0.0,0.0,0.0,
confirmation,exp12_search_edit_14,search_edit,paraphrase,1,paraphrase,0,opposite_same_wording,USER_END,reader_target_sufficiency,0.04820875823497772,USER_END,FINAL_INSTRUCTION_END,0.0,0.0,0.0,
confirmation,exp12_search_edit_14,search_edit,paraphrase,1,paraphrase,0,opposite_same_wording,USER_END,reader_target_necessity,0.06594040989875793,USER_END,FINAL_INSTRUCTION_END,0.0,0.0,0.0,
confirmation,exp12_search_edit_14,search_edit,paraphrase,1,paraphrase,0,opposite_same_wording,USER_END,reader_negative_sufficiency,-0.03632122278213501,USER_END,FINAL_INSTRUCTION_END,0.0,0.0,0.0,
confirmation,exp12_search_edit_14,search_edit,paraphrase,1,paraphrase,0,opposite_same_wording,USER_END,reader_negative_necessity,-0.03249390423297882,USER_END,FINAL_INSTRUCTION_END,0.0,0.0,0.0,
confirmation,exp12_search_edit_14,search_edit,paraphrase,1,paraphrase,0,opposite_same_wording,USER_END,reader_all7_sufficiency,0.04818849265575409,USER_END,FINAL_INSTRUCTION_END,0.0,0.0,0.0,
confirmation,exp12_search_edit_14,search_edit,paraphrase,1,paraphrase,0,opposite_same_wording,USER_END,reader_all7_necessity,0.04818849265575409,USER_END,FINAL_INSTRUCTION_END,0.0,0.0,0.0,
confirmation,exp12_search_edit_14,search_edit,paraphrase,1,paraphrase,0,opposite_same_wording,USER_END,reader_non_kv0_sufficiency,-0.0,USER_END,FINAL_INSTRUCTION_END,0.0,0.0,0.0,
confirmation,exp12_search_edit_14,search_edit,paraphrase,1,paraphrase,0,opposite_same_wording,USER_END,reader_non_kv0_necessity,0.0,USER_END,FINAL_INSTRUCTION_END,0.0,0.0,0.0,
confirmation,exp12_search_edit_14,search_edit,paraphrase,1,canonical,0,opposite_cross_wording,USER_END,cross_selected_V_sufficiency,0.048428118228912354,,,,,,USER_END
confirmation,exp12_search_edit_14,search_edit,paraphrase,1,canonical,0,opposite_cross_wording,USER_END,cross_selected_V_necessity_loss,0.11234830319881439,,,,,,USER_END
confirmation,exp12_search_edit_14,search_edit,paraphrase,1,canonical,1,same_state_cross_wording,USER_END,same_state_selected_V_control,0.05181439220905304,,,,,,USER_END
confirmation,exp12_config_command_00,config_command,canonical,0,canonical,1,opposite_same_wording,FINAL_INSTRUCTION_END,selected_H20_residual_effect,0.0031620562076568604,FINAL_INSTRUCTION_END,USER_END,,,,
confirmation,exp12_config_command_00,config_command,canonical,0,canonical,1,opposite_same_wording,FINAL_INSTRUCTION_END,selected_V_sufficiency,0.005947604775428772,FINAL_INSTRUCTION_END,USER_END,,,,
confirmation,exp12_config_command_00,config_command,canonical,0,canonical,1,opposite_same_wording,FINAL_INSTRUCTION_END,selected_V_necessity_loss,0.012704640626907349,FINAL_INSTRUCTION_END,USER_END,,,,
confirmation,exp12_config_command_00,config_command,canonical,0,canonical,1,opposite_same_wording,OLD_ABSOLUTE,old_absolute_V_sufficiency,-0.012385323643684387,FINAL_INSTRUCTION_END,USER_END,,,,
confirmation,exp12_config_command_00,config_command,canonical,0,canonical,1,opposite_same_wording,OLD_ABSOLUTE,old_absolute_local_V_necessity_loss,0.05610167980194092,FINAL_INSTRUCTION_END,USER_END,,,,
confirmation,exp12_config_command_00,config_command,canonical,0,canonical,1,opposite_same_wording,USER_END,runner_up_V_sufficiency,0.018903657793998718,FINAL_INSTRUCTION_END,USER_END,,,,
confirmation,exp12_config_command_00,config_command,canonical,0,canonical,1,opposite_same_wording,USER_END,runner_up_V_necessity_loss,0.019279077649116516,FINAL_INSTRUCTION_END,USER_END,,,,
confirmation,exp12_config_command_00,config_command,canonical,0,canonical,1,opposite_same_wording,FINAL_INSTRUCTION_END,reader_verified_v_effect,0.005947604775428772,FINAL_INSTRUCTION_END,USER_END,0.0,0.0,0.0,
confirmation,exp12_config_command_00,config_command,canonical,0,canonical,1,opposite_same_wording,FINAL_INSTRUCTION_END,reader_target_sufficiency,0.013197854161262512,FINAL_INSTRUCTION_END,USER_END,0.0,0.0,0.0,
confirmation,exp12_config_command_00,config_command,canonical,0,canonical,1,opposite_same_wording,FINAL_INSTRUCTION_END,reader_target_necessity,0.011462941765785217,FINAL_INSTRUCTION_END,USER_END,0.0,0.0,0.0,
confirmation,exp12_config_command_00,config_command,canonical,0,canonical,1,opposite_same_wording,FINAL_INSTRUCTION_END,reader_negative_sufficiency,-0.012530624866485596,FINAL_INSTRUCTION_END,USER_END,0.0,0.0,0.0,
confirmation,exp12_config_command_00,config_command,canonical,0,canonical,1,opposite_same_wording,FINAL_INSTRUCTION_END,reader_negative_necessity,-0.004054144024848938,FINAL_INSTRUCTION_END,USER_END,0.0,0.0,0.0,
confirmation,exp12_config_command_00,config_command,canonical,0,canonical,1,opposite_same_wording,FINAL_INSTRUCTION_END,reader_all7_sufficiency,0.005947604775428772,FINAL_INSTRUCTION_END,USER_END,0.0,0.0,0.0,
confirmation,exp12_config_command_00,config_command,canonical,0,canonical,1,opposite_same_wording,FINAL_INSTRUCTION_END,reader_all7_necessity,0.005947604775428772,FINAL_INSTRUCTION_END,USER_END,0.0,0.0,0.0,
confirmation,exp12_config_command_00,config_command,canonical,0,canonical,1,opposite_same_wording,FINAL_INSTRUCTION_END,reader_non_kv0_sufficiency,0.0,FINAL_INSTRUCTION_END,USER_END,0.0,0.0,0.0,
confirmation,exp12_config_command_00,config_command,canonical,0,canonical,1,opposite_same_wording,FINAL_INSTRUCTION_END,reader_non_kv0_necessity,0.0,FINAL_INSTRUCTION_END,USER_END,0.0,0.0,0.0,
confirmation,exp12_config_command_00,config_command,canonical,0,paraphrase,1,opposite_cross_wording,FINAL_INSTRUCTION_END,cross_selected_V_sufficiency,-0.01413184404373169,,,,,,USER_END
confirmation,exp12_config_command_00,config_command,canonical,0,paraphrase,1,opposite_cross_wording,FINAL_INSTRUCTION_END,cross_selected_V_necessity_loss,0.022444888949394226,,,,,,USER_END
confirmation,exp12_config_command_00,config_command,canonical,0,paraphrase,0,same_state_cross_wording,FINAL_INSTRUCTION_END,same_state_selected_V_control,0.005598008632659912,,,,,,USER_END
confirmation,exp12_config_command_00,config_command,paraphrase,0,paraphrase,1,opposite_same_wording,USER_END,selected_H20_residual_effect,0.01739959418773651,USER_END,FINAL_INSTRUCTION_END,,,,
confirmation,exp12_config_command_00,config_command,paraphrase,0,paraphrase,1,opposite_same_wording,USER_END,selected_V_sufficiency,0.0054416656494140625,USER_END,FINAL_INSTRUCTION_END,,,,
confirmation,exp12_config_command_00,config_command,paraphrase,0,paraphrase,1,opposite_same_wording,USER_END,selected_V_necessity_loss,0.005810469388961792,USER_END,FINAL_INSTRUCTION_END,,,,
confirmation,exp12_config_command_00,config_command,paraphrase,0,paraphrase,1,opposite_same_wording,OLD_ABSOLUTE,old_absolute_V_sufficiency,-0.006733134388923645,USER_END,FINAL_INSTRUCTION_END,,,,
confirmation,exp12_config_command_00,config_command,paraphrase,0,paraphrase,1,opposite_same_wording,OLD_ABSOLUTE,old_absolute_local_V_necessity_loss,0.0011968016624450684,USER_END,FINAL_INSTRUCTION_END,,,,
confirmation,exp12_config_command_00,config_command,paraphrase,0,paraphrase,1,opposite_same_wording,FINAL_INSTRUCTION_END,runner_up_V_sufficiency,0.006107136607170105,USER_END,FINAL_INSTRUCTION_END,,,,
confirmation,exp12_config_command_00,config_command,paraphrase,0,paraphrase,1,opposite_same_wording,FINAL_INSTRUCTION_END,runner_up_V_necessity_loss,0.013353019952774048,USER_END,FINAL_INSTRUCTION_END,,,,
confirmation,exp12_config_command_00,config_command,paraphrase,0,paraphrase,1,opposite_same_wording,USER_END,reader_verified_v_effect,0.0054416656494140625,USER_END,FINAL_INSTRUCTION_END,0.0,0.0,0.0,
confirmation,exp12_config_command_00,config_command,paraphrase,0,paraphrase,1,opposite_same_wording,USER_END,reader_target_sufficiency,0.01059064269065857,USER_END,FINAL_INSTRUCTION_END,0.0,0.0,0.0,
confirmation,exp12_config_command_00,config_command,paraphrase,0,paraphrase,1,opposite_same_wording,USER_END,reader_target_necessity,0.012356609106063843,USER_END,FINAL_INSTRUCTION_END,0.0,0.0,0.0,
confirmation,exp12_config_command_00,config_command,paraphrase,0,paraphrase,1,opposite_same_wording,USER_END,reader_negative_sufficiency,-0.006157368421554565,USER_END,FINAL_INSTRUCTION_END,0.0,0.0,0.0,
confirmation,exp12_config_command_00,config_command,paraphrase,0,paraphrase,1,opposite_same_wording,USER_END,reader_negative_necessity,-0.012898296117782593,USER_END,FINAL_INSTRUCTION_END,0.0,0.0,0.0,
confirmation,exp12_config_command_00,config_command,paraphrase,0,paraphrase,1,opposite_same_wording,USER_END,reader_all7_sufficiency,0.0054416656494140625,USER_END,FINAL_INSTRUCTION_END,0.0,0.0,0.0,
confirmation,exp12_config_command_00,config_command,paraphrase,0,paraphrase,1,opposite_same_wording,USER_END,reader_all7_necessity,0.0054416656494140625,USER_END,FINAL_INSTRUCTION_END,0.0,0.0,0.0,
confirmation,exp12_config_command_00,config_command,paraphrase,0,paraphrase,1,opposite_same_wording,USER_END,reader_non_kv0_sufficiency,0.0,USER_END,FINAL_INSTRUCTION_END,0.0,0.0,0.0,
confirmation,exp12_config_command_00,config_command,paraphrase,0,paraphrase,1,opposite_same_wording,USER_END,reader_non_kv0_necessity,0.0,USER_END,FINAL_INSTRUCTION_END,0.0,0.0,0.0,
confirmation,exp12_config_command_00,config_command,paraphrase,0,canonical,1,opposite_cross_wording,USER_END,cross_selected_V_sufficiency,0.009882509708404541,,,,,,FINAL_INSTRUCTION_END
confirmation,exp12_config_command_00,config_command,paraphrase,0,canonical,1,opposite_cross_wording,USER_END,cross_selected_V_necessity_loss,0.021259665489196777,,,,,,FINAL_INSTRUCTION_END
confirmation,exp12_config_command_00,config_command,paraphrase,0,canonical,0,same_state_cross_wording,USER_END,same_state_selected_V_control,0.029396668076515198,,,,,,FINAL_INSTRUCTION_END
confirmation,exp12_config_command_00,config_command,canonical,1,canonical,0,opposite_same_wording,FINAL_INSTRUCTION_END,selected_H20_residual_effect,0.02294795773923397,FINAL_INSTRUCTION_END,USER_END,,,,
confirmation,exp12_config_command_00,config_command,canonical,1,canonical,0,opposite_same_wording,FINAL_INSTRUCTION_END,selected_V_sufficiency,0.046491580083966255,FINAL_INSTRUCTION_END,USER_END,,,,
confirmation,exp12_config_command_00,config_command,canonical,1,canonical,0,opposite_same_wording,FINAL_INSTRUCTION_END,selected_V_necessity_loss,0.03845305182039738,FINAL_INSTRUCTION_END,USER_END,,,,
confirmation,exp12_config_command_00,config_command,canonical,1,canonical,0,opposite_same_wording,OLD_ABSOLUTE,old_absolute_V_sufficiency,0.07038536295294762,FINAL_INSTRUCTION_END,USER_END,,,,
confirmation,exp12_config_command_00,config_command,canonical,1,canonical,0,opposite_same_wording,OLD_ABSOLUTE,old_absolute_local_V_necessity_loss,-0.03958454728126526,FINAL_INSTRUCTION_END,USER_END,,,,
confirmation,exp12_config_command_00,config_command,canonical,1,canonical,0,opposite_same_wording,USER_END,runner_up_V_sufficiency,0.1558621097356081,FINAL_INSTRUCTION_END,USER_END,,,,
confirmation,exp12_config_command_00,config_command,canonical,1,canonical,0,opposite_same_wording,USER_END,runner_up_V_necessity_loss,0.10143343359231949,FINAL_INSTRUCTION_END,USER_END,,,,
confirmation,exp12_config_command_00,config_command,canonical,1,canonical,0,opposite_same_wording,FINAL_INSTRUCTION_END,reader_verified_v_effect,0.046491580083966255,FINAL_INSTRUCTION_END,USER_END,0.0,0.0,0.0,
confirmation,exp12_config_command_00,config_command,canonical,1,canonical,0,opposite_same_wording,FINAL_INSTRUCTION_END,reader_target_sufficiency,0.047303298488259315,FINAL_INSTRUCTION_END,USER_END,0.0,0.0,0.0,
confirmation,exp12_config_command_00,config_command,canonical,1,canonical,0,opposite_same_wording,FINAL_INSTRUCTION_END,reader_target_necessity,0.06975427083671093,FINAL_INSTRUCTION_END,USER_END,0.0,0.0,0.0,
confirmation,exp12_config_command_00,config_command,canonical,1,canonical,0,opposite_same_wording,FINAL_INSTRUCTION_END,reader_negative_sufficiency,-0.031177932396531105,FINAL_INSTRUCTION_END,USER_END,0.0,0.0,0.0,
confirmation,exp12_config_command_00,config_command,canonical,1,canonical,0,opposite_same_wording,FINAL_INSTRUCTION_END,reader_negative_necessity,-0.01593300700187683,FINAL_INSTRUCTION_END,USER_END,0.0,0.0,0.0,
confirmation,exp12_config_command_00,config_command,canonical,1,canonical,0,opposite_same_wording,FINAL_INSTRUCTION_END,reader_all7_sufficiency,0.046491580083966255,FINAL_INSTRUCTION_END,USER_END,0.0,0.0,0.0,
confirmation,exp12_config_command_00,config_command,canonical,1,canonical,0,opposite_same_wording,FINAL_INSTRUCTION_END,reader_all7_necessity,0.046491580083966255,FINAL_INSTRUCTION_END,USER_END,0.0,0.0,0.0,
confirmation,exp12_config_command_00,config_command,canonical,1,canonical,0,opposite_same_wording,FINAL_INSTRUCTION_END,reader_non_kv0_sufficiency,-0.0,FINAL_INSTRUCTION_END,USER_END,0.0,0.0,0.0,
confirmation,exp12_config_command_00,config_command,canonical,1,canonical,0,opposite_same_wording,FINAL_INSTRUCTION_END,reader_non_kv0_necessity,0.0,FINAL_INSTRUCTION_END,USER_END,0.0,0.0,0.0,
confirmation,exp12_config_command_00,config_command,canonical,1,paraphrase,0,opposite_cross_wording,FINAL_INSTRUCTION_END,cross_selected_V_sufficiency,0.046488018706440926,,,,,,USER_END
confirmation,exp12_config_command_00,config_command,canonical,1,paraphrase,0,opposite_cross_wording,FINAL_INSTRUCTION_END,cross_selected_V_necessity_loss,0.03864925727248192,,,,,,USER_END
confirmation,exp12_config_command_00,config_command,canonical,1,paraphrase,1,same_state_cross_wording,FINAL_INSTRUCTION_END,same_state_selected_V_control,-0.030933121219277382,,,,,,USER_END
confirmation,exp12_config_command_00,config_command,paraphrase,1,paraphrase,0,opposite_same_wording,USER_END,selected_H20_residual_effect,0.04644295573234558,USER_END,FINAL_INSTRUCTION_END,,,,
confirmation,exp12_config_command_00,config_command,paraphrase,1,paraphrase,0,opposite_same_wording,USER_END,selected_V_sufficiency,0.028956443071365356,USER_END,FINAL_INSTRUCTION_END,,,,
confirmation,exp12_config_command_00,config_command,paraphrase,1,paraphrase,0,opposite_same_wording,USER_END,selected_V_necessity_loss,0.020121991634368896,USER_END,FINAL_INSTRUCTION_END,,,,
confirmation,exp12_config_command_00,config_command,paraphrase,1,paraphrase,0,opposite_same_wording,OLD_ABSOLUTE,old_absolute_V_sufficiency,-0.02041447162628174,USER_END,FINAL_INSTRUCTION_END,,,,
confirmation,exp12_config_command_00,config_command,paraphrase,1,paraphrase,0,opposite_same_wording,OLD_ABSOLUTE,old_absolute_local_V_necessity_loss,-0.01771855354309082,USER_END,FINAL_INSTRUCTION_END,,,,
confirmation,exp12_config_command_00,config_command,paraphrase,1,paraphrase,0,opposite_same_wording,FINAL_INSTRUCTION_END,runner_up_V_sufficiency,0.021303117275238037,USER_END,FINAL_INSTRUCTION_END,,,,
confirmation,exp12_config_command_00,config_command,paraphrase,1,paraphrase,0,opposite_same_wording,FINAL_INSTRUCTION_END,runner_up_V_necessity_loss,0.014014959335327148,USER_END,FINAL_INSTRUCTION_END,,,,
confirmation,exp12_config_command_00,config_command,paraphrase,1,paraphrase,0,opposite_same_wording,USER_END,reader_verified_v_effect,0.028956443071365356,USER_END,FINAL_INSTRUCTION_END,0.0,0.0,0.0,
confirmation,exp12_config_command_00,config_command,paraphrase,1,paraphrase,0,opposite_same_wording,USER_END,reader_target_sufficiency,0.05541899800300598,USER_END,FINAL_INSTRUCTION_END,0.0,0.0,0.0,
confirmation,exp12_config_command_00,config_command,paraphrase,1,paraphrase,0,opposite_same_wording,USER_END,reader_target_necessity,0.05010390281677246,USER_END,FINAL_INSTRUCTION_END,0.0,0.0,0.0,
confirmation,exp12_config_command_00,config_command,paraphrase,1,paraphrase,0,opposite_same_wording,USER_END,reader_negative_sufficiency,-0.02880445122718811,USER_END,FINAL_INSTRUCTION_END,0.0,0.0,0.0,
confirmation,exp12_config_command_00,config_command,paraphrase,1,paraphrase,0,opposite_same_wording,USER_END,reader_negative_necessity,-0.033476799726486206,USER_END,FINAL_INSTRUCTION_END,0.0,0.0,0.0,
confirmation,exp12_config_command_00,config_command,paraphrase,1,paraphrase,0,opposite_same_wording,USER_END,reader_all7_sufficiency,0.028956443071365356,USER_END,FINAL_INSTRUCTION_END,0.0,0.0,0.0,
confirmation,exp12_config_command_00,config_command,paraphrase,1,paraphrase,0,opposite_same_wording,USER_END,reader_all7_necessity,0.028956443071365356,USER_END,FINAL_INSTRUCTION_END,0.0,0.0,0.0,
confirmation,exp12_config_command_00,config_command,paraphrase,1,paraphrase,0,opposite_same_wording,USER_END,reader_non_kv0_sufficiency,-0.0,USER_END,FINAL_INSTRUCTION_END,0.0,0.0,0.0,
confirmation,exp12_config_command_00,config_command,paraphrase,1,paraphrase,0,opposite_same_wording,USER_END,reader_non_kv0_necessity,0.0,USER_END,FINAL_INSTRUCTION_END,0.0,0.0,0.0,
confirmation,exp12_config_command_00,config_command,paraphrase,1,canonical,0,opposite_cross_wording,USER_END,cross_selected_V_sufficiency,0.02445608377456665,,,,,,FINAL_INSTRUCTION_END
confirmation,exp12_config_command_00,config_command,paraphrase,1,canonical,0,opposite_cross_wording,USER_END,cross_selected_V_necessity_loss,0.006411880254745483,,,,,,FINAL_INSTRUCTION_END
confirmation,exp12_config_command_00,config_command,paraphrase,1,canonical,1,same_state_cross_wording,USER_END,same_state_selected_V_control,0.014465242624282837,,,,,,FINAL_INSTRUCTION_END
confirmation,exp12_config_command_01,config_command,canonical,0,canonical,1,opposite_same_wording,FINAL_INSTRUCTION_END,selected_H20_residual_effect,0.018006935715675354,FINAL_INSTRUCTION_END,USER_END,,,,
confirmation,exp12_config_command_01,config_command,canonical,0,canonical,1,opposite_same_wording,FINAL_INSTRUCTION_END,selected_V_sufficiency,0.005474299192428589,FINAL_INSTRUCTION_END,USER_END,,,,
confirmation,exp12_config_command_01,config_command,canonical,0,canonical,1,opposite_same_wording,FINAL_INSTRUCTION_END,selected_V_necessity_loss,0.013147398829460144,FINAL_INSTRUCTION_END,USER_END,,,,
confirmation,exp12_config_command_01,config_command,canonical,0,canonical,1,opposite_same_wording,OLD_ABSOLUTE,old_absolute_V_sufficiency,-0.005718529224395752,FINAL_INSTRUCTION_END,USER_END,,,,
confirmation,exp12_config_command_01,config_command,canonical,0,canonical,1,opposite_same_wording,OLD_ABSOLUTE,old_absolute_local_V_necessity_loss,0.014092415571212769,FINAL_INSTRUCTION_END,USER_END,,,,
confirmation,exp12_config_command_01,config_command,canonical,0,canonical,1,opposite_same_wording,USER_END,runner_up_V_sufficiency,0.011817187070846558,FINAL_INSTRUCTION_END,USER_END,,,,
confirmation,exp12_config_command_01,config_command,canonical,0,canonical,1,opposite_same_wording,USER_END,runner_up_V_necessity_loss,-0.019019171595573425,FINAL_INSTRUCTION_END,USER_END,,,,
confirmation,exp12_config_command_01,config_command,canonical,0,canonical,1,opposite_same_wording,FINAL_INSTRUCTION_END,reader_verified_v_effect,0.005474299192428589,FINAL_INSTRUCTION_END,USER_END,0.0,0.0,0.0,
confirmation,exp12_config_command_01,config_command,canonical,0,canonical,1,opposite_same_wording,FINAL_INSTRUCTION_END,reader_target_sufficiency,0.011788606643676758,FINAL_INSTRUCTION_END,USER_END,0.0,0.0,0.0,
confirmation,exp12_config_command_01,config_command,canonical,0,canonical,1,opposite_same_wording,FINAL_INSTRUCTION_END,reader_target_necessity,0.018935173749923706,FINAL_INSTRUCTION_END,USER_END,0.0,0.0,0.0,
confirmation,exp12_config_command_01,config_command,canonical,0,canonical,1,opposite_same_wording,FINAL_INSTRUCTION_END,reader_negative_sufficiency,-0.013089880347251892,FINAL_INSTRUCTION_END,USER_END,0.0,0.0,0.0,
confirmation,exp12_config_command_01,config_command,canonical,0,canonical,1,opposite_same_wording,FINAL_INSTRUCTION_END,reader_negative_necessity,-0.01248672604560852,FINAL_INSTRUCTION_END,USER_END,0.0,0.0,0.0,
confirmation,exp12_config_command_01,config_command,canonical,0,canonical,1,opposite_same_wording,FINAL_INSTRUCTION_END,reader_all7_sufficiency,0.005474299192428589,FINAL_INSTRUCTION_END,USER_END,0.0,0.0,0.0,
confirmation,exp12_config_command_01,config_command,canonical,0,canonical,1,opposite_same_wording,FINAL_INSTRUCTION_END,reader_all7_necessity,0.005474299192428589,FINAL_INSTRUCTION_END,USER_END,0.0,0.0,0.0,
confirmation,exp12_config_command_01,config_command,canonical,0,canonical,1,opposite_same_wording,FINAL_INSTRUCTION_END,reader_non_kv0_sufficiency,0.0,FINAL_INSTRUCTION_END,USER_END,0.0,0.0,0.0,
confirmation,exp12_config_command_01,config_command,canonical,0,canonical,1,opposite_same_wording,FINAL_INSTRUCTION_END,reader_non_kv0_necessity,0.0,FINAL_INSTRUCTION_END,USER_END,0.0,0.0,0.0,
confirmation,exp12_config_command_01,config_command,canonical,0,paraphrase,1,opposite_cross_wording,FINAL_INSTRUCTION_END,cross_selected_V_sufficiency,-0.007366612553596497,,,,,,USER_END
confirmation,exp12_config_command_01,config_command,canonical,0,paraphrase,1,opposite_cross_wording,FINAL_INSTRUCTION_END,cross_selected_V_necessity_loss,0.035828784108161926,,,,,,USER_END
confirmation,exp12_config_command_01,config_command,canonical,0,paraphrase,0,same_state_cross_wording,FINAL_INSTRUCTION_END,same_state_selected_V_control,0.0073591917753219604,,,,,,USER_END
confirmation,exp12_config_command_01,config_command,paraphrase,0,paraphrase,1,opposite_same_wording,USER_END,selected_H20_residual_effect,0.024470612406730652,USER_END,FINAL_INSTRUCTION_END,,,,
confirmation,exp12_config_command_01,config_command,paraphrase,0,paraphrase,1,opposite_same_wording,USER_END,selected_V_sufficiency,0.005160540342330933,USER_END,FINAL_INSTRUCTION_END,,,,
confirmation,exp12_config_command_01,config_command,paraphrase,0,paraphrase,1,opposite_same_wording,USER_END,selected_V_necessity_loss,0.018845602869987488,USER_END,FINAL_INSTRUCTION_END,,,,
confirmation,exp12_config_command_01,config_command,paraphrase,0,paraphrase,1,opposite_same_wording,OLD_ABSOLUTE,old_absolute_V_sufficiency,-0.0004771202802658081,USER_END,FINAL_INSTRUCTION_END,,,,
confirmation,exp12_config_command_01,config_command,paraphrase,0,paraphrase,1,opposite_same_wording,OLD_ABSOLUTE,old_absolute_local_V_necessity_loss,-0.00880308449268341,USER_END,FINAL_INSTRUCTION_END,,,,
confirmation,exp12_config_command_01,config_command,paraphrase,0,paraphrase,1,opposite_same_wording,FINAL_INSTRUCTION_END,runner_up_V_sufficiency,-0.0006214678287506104,USER_END,FINAL_INSTRUCTION_END,,,,
confirmation,exp12_config_command_01,config_command,paraphrase,0,paraphrase,1,opposite_same_wording,FINAL_INSTRUCTION_END,runner_up_V_necessity_loss,-0.00045980513095855713,USER_END,FINAL_INSTRUCTION_END,,,,
confirmation,exp12_config_command_01,config_command,paraphrase,0,paraphrase,1,opposite_same_wording,USER_END,reader_verified_v_effect,0.005160540342330933,USER_END,FINAL_INSTRUCTION_END,0.0,0.0,0.0,
confirmation,exp12_config_command_01,config_command,paraphrase,0,paraphrase,1,opposite_same_wording,USER_END,reader_target_sufficiency,0.025581851601600647,USER_END,FINAL_INSTRUCTION_END,0.0,0.0,0.0,
confirmation,exp12_config_command_01,config_command,paraphrase,0,paraphrase,1,opposite_same_wording,USER_END,reader_target_necessity,0.01729433238506317,USER_END,FINAL_INSTRUCTION_END,0.0,0.0,0.0,
confirmation,exp12_config_command_01,config_command,paraphrase,0,paraphrase,1,opposite_same_wording,USER_END,reader_negative_sufficiency,-0.013079896569252014,USER_END,FINAL_INSTRUCTION_END,0.0,0.0,0.0,
confirmation,exp12_config_command_01,config_command,paraphrase,0,paraphrase,1,opposite_same_wording,USER_END,reader_negative_necessity,-0.026727676391601562,USER_END,FINAL_INSTRUCTION_END,0.0,0.0,0.0,
confirmation,exp12_config_command_01,config_command,paraphrase,0,paraphrase,1,opposite_same_wording,USER_END,reader_all7_sufficiency,0.005160540342330933,USER_END,FINAL_INSTRUCTION_END,0.0,0.0,0.0,
confirmation,exp12_config_command_01,config_command,paraphrase,0,paraphrase,1,opposite_same_wording,USER_END,reader_all7_necessity,0.005160540342330933,USER_END,FINAL_INSTRUCTION_END,0.0,0.0,0.0,
confirmation,exp12_config_command_01,config_command,paraphrase,0,paraphrase,1,opposite_same_wording,USER_END,reader_non_kv0_sufficiency,0.0,USER_END,FINAL_INSTRUCTION_END,0.0,0.0,0.0,
confirmation,exp12_config_command_01,config_command,paraphrase,0,paraphrase,1,opposite_same_wording,USER_END,reader_non_kv0_necessity,0.0,USER_END,FINAL_INSTRUCTION_END,0.0,0.0,0.0,
confirmation,exp12_config_command_01,config_command,paraphrase,0,canonical,1,opposite_cross_wording,USER_END,cross_selected_V_sufficiency,0.01031753420829773,,,,,,FINAL_INSTRUCTION_END
confirmation,exp12_config_command_01,config_command,paraphrase,0,canonical,1,opposite_cross_wording,USER_END,cross_selected_V_necessity_loss,0.03582240641117096,,,,,,FINAL_INSTRUCTION_END
confirmation,exp12_config_command_01,config_command,paraphrase,0,canonical,0,same_state_cross_wording,USER_END,same_state_selected_V_control,0.014679715037345886,,,,,,FINAL_INSTRUCTION_END
confirmation,exp12_config_command_01,config_command,canonical,1,canonical,0,opposite_same_wording,FINAL_INSTRUCTION_END,selected_H20_residual_effect,0.015590986236929893,FINAL_INSTRUCTION_END,USER_END,,,,
confirmation,exp12_config_command_01,config_command,canonical,1,canonical,0,opposite_same_wording,FINAL_INSTRUCTION_END,selected_V_sufficiency,0.03857250511646271,FINAL_INSTRUCTION_END,USER_END,,,,
confirmation,exp12_config_command_01,config_command,canonical,1,canonical,0,opposite_same_wording,FINAL_INSTRUCTION_END,selected_V_necessity_loss,0.023332735523581505,FINAL_INSTRUCTION_END,USER_END,,,,
confirmation,exp12_config_command_01,config_command,canonical,1,canonical,0,opposite_same_wording,OLD_ABSOLUTE,old_absolute_V_sufficiency,0.07769152522087097,FINAL_INSTRUCTION_END,USER_END,,,,
confirmation,exp12_config_command_01,config_command,canonical,1,canonical,0,opposite_same_wording,OLD_ABSOLUTE,old_absolute_local_V_necessity_loss,-0.03961290419101715,FINAL_INSTRUCTION_END,USER_END,,,,
confirmation,exp12_config_command_01,config_command,canonical,1,canonical,0,opposite_same_wording,USER_END,runner_up_V_sufficiency,0.1554289050400257,FINAL_INSTRUCTION_END,USER_END,,,,
confirmation,exp12_config_command_01,config_command,canonical,1,canonical,0,opposite_same_wording,USER_END,runner_up_V_necessity_loss,0.10113409161567688,FINAL_INSTRUCTION_END,USER_END,,,,
confirmation,exp12_config_command_01,config_command,canonical,1,canonical,0,opposite_same_wording,FINAL_INSTRUCTION_END,reader_verified_v_effect,0.03857250511646271,FINAL_INSTRUCTION_END,USER_END,0.0,0.0,0.0,
confirmation,exp12_config_command_01,config_command,canonical,1,canonical,0,opposite_same_wording,FINAL_INSTRUCTION_END,reader_target_sufficiency,0.05453532934188843,FINAL_INSTRUCTION_END,USER_END,0.0,0.0,0.0,
confirmation,exp12_config_command_01,config_command,canonical,1,canonical,0,opposite_same_wording,FINAL_INSTRUCTION_END,reader_target_necessity,0.061980077996850014,FINAL_INSTRUCTION_END,USER_END,0.0,0.0,0.0,
confirmation,exp12_config_command_01,config_command,canonical,1,canonical,0,opposite_same_wording,FINAL_INSTRUCTION_END,reader_negative_sufficiency,-0.031275758519768715,FINAL_INSTRUCTION_END,USER_END,0.0,0.0,0.0,
confirmation,exp12_config_command_01,config_command,canonical,1,canonical,0,opposite_same_wording,FINAL_INSTRUCTION_END,reader_negative_necessity,-0.02383648417890072,FINAL_INSTRUCTION_END,USER_END,0.0,0.0,0.0,
confirmation,exp12_config_command_01,config_command,canonical,1,canonical,0,opposite_same_wording,FINAL_INSTRUCTION_END,reader_all7_sufficiency,0.03857250511646271,FINAL_INSTRUCTION_END,USER_END,0.0,0.0,0.0,
confirmation,exp12_config_command_01,config_command,canonical,1,canonical,0,opposite_same_wording,FINAL_INSTRUCTION_END,reader_all7_necessity,0.03857250511646271,FINAL_INSTRUCTION_END,USER_END,0.0,0.0,0.0,
confirmation,exp12_config_command_01,config_command,canonical,1,canonical,0,opposite_same_wording,FINAL_INSTRUCTION_END,reader_non_kv0_sufficiency,-0.0,FINAL_INSTRUCTION_END,USER_END,0.0,0.0,0.0,
confirmation,exp12_config_command_01,config_command,canonical,1,canonical,0,opposite_same_wording,FINAL_INSTRUCTION_END,reader_non_kv0_necessity,0.0,FINAL_INSTRUCTION_END,USER_END,0.0,0.0,0.0,
confirmation,exp12_config_command_01,config_command,canonical,1,paraphrase,0,opposite_cross_wording,FINAL_INSTRUCTION_END,cross_selected_V_sufficiency,0.038669854402542114,,,,,,USER_END
confirmation,exp12_config_command_01,config_command,canonical,1,paraphrase,0,opposite_cross_wording,FINAL_INSTRUCTION_END,cross_selected_V_necessity_loss,0.015511255711317062,,,,,,USER_END
confirmation,exp12_config_command_01,config_command,canonical,1,paraphrase,1,same_state_cross_wording,FINAL_INSTRUCTION_END,same_state_selected_V_control,-0.02289436385035515,,,,,,USER_END
confirmation,exp12_config_command_01,config_command,paraphrase,1,paraphrase,0,opposite_same_wording,USER_END,selected_H20_residual_effect,0.06131395697593689,USER_END,FINAL_INSTRUCTION_END,,,,
confirmation,exp12_config_command_01,config_command,paraphrase,1,paraphrase,0,opposite_same_wording,USER_END,selected_V_sufficiency,0.03524789214134216,USER_END,FINAL_INSTRUCTION_END,,,,
confirmation,exp12_config_command_01,config_command,paraphrase,1,paraphrase,0,opposite_same_wording,USER_END,selected_V_necessity_loss,0.027478188276290894,USER_END,FINAL_INSTRUCTION_END,,,,
confirmation,exp12_config_command_01,config_command,paraphrase,1,paraphrase,0,opposite_same_wording,OLD_ABSOLUTE,old_absolute_V_sufficiency,-0.015604227781295776,USER_END,FINAL_INSTRUCTION_END,,,,
confirmation,exp12_config_command_01,config_command,paraphrase,1,paraphrase,0,opposite_same_wording,OLD_ABSOLUTE,old_absolute_local_V_necessity_loss,-0.02097734808921814,USER_END,FINAL_INSTRUCTION_END,,,,
confirmation,exp12_config_command_01,config_command,paraphrase,1,paraphrase,0,opposite_same_wording,FINAL_INSTRUCTION_END,runner_up_V_sufficiency,0.022403180599212646,USER_END,FINAL_INSTRUCTION_END,,,,
confirmation,exp12_config_command_01,config_command,paraphrase,1,paraphrase,0,opposite_same_wording,FINAL_INSTRUCTION_END,runner_up_V_necessity_loss,0.007086247205734253,USER_END,FINAL_INSTRUCTION_END,,,,
confirmation,exp12_config_command_01,config_command,paraphrase,1,paraphrase,0,opposite_same_wording,USER_END,reader_verified_v_effect,0.03524789214134216,USER_END,FINAL_INSTRUCTION_END,0.0,0.0,0.0,
confirmation,exp12_config_command_01,config_command,paraphrase,1,paraphrase,0,opposite_same_wording,USER_END,reader_target_sufficiency,0.063484787940979,USER_END,FINAL_INSTRUCTION_END,0.0,0.0,0.0,
confirmation,exp12_config_command_01,config_command,paraphrase,1,paraphrase,0,opposite_same_wording,USER_END,reader_target_necessity,0.0558149516582489,USER_END,FINAL_INSTRUCTION_END,0.0,0.0,0.0,
confirmation,exp12_config_command_01,config_command,paraphrase,1,paraphrase,0,opposite_same_wording,USER_END,reader_negative_sufficiency,-0.021172761917114258,USER_END,FINAL_INSTRUCTION_END,0.0,0.0,0.0,
confirmation,exp12_config_command_01,config_command,paraphrase,1,paraphrase,0,opposite_same_wording,USER_END,reader_negative_necessity,-0.028432846069335938,USER_END,FINAL_INSTRUCTION_END,0.0,0.0,0.0,
confirmation,exp12_config_command_01,config_command,paraphrase,1,paraphrase,0,opposite_same_wording,USER_END,reader_all7_sufficiency,0.03524789214134216,USER_END,FINAL_INSTRUCTION_END,0.0,0.0,0.0,
confirmation,exp12_config_command_01,config_command,paraphrase,1,paraphrase,0,opposite_same_wording,USER_END,reader_all7_necessity,0.03524789214134216,USER_END,FINAL_INSTRUCTION_END,0.0,0.0,0.0,
confirmation,exp12_config_command_01,config_command,paraphrase,1,paraphrase,0,opposite_same_wording,USER_END,reader_non_kv0_sufficiency,-0.0,USER_END,FINAL_INSTRUCTION_END,0.0,0.0,0.0,
confirmation,exp12_config_command_01,config_command,paraphrase,1,paraphrase,0,opposite_same_wording,USER_END,reader_non_kv0_necessity,0.0,USER_END,FINAL_INSTRUCTION_END,0.0,0.0,0.0,
confirmation,exp12_config_command_01,config_command,paraphrase,1,canonical,0,opposite_cross_wording,USER_END,cross_selected_V_sufficiency,0.032481491565704346,,,,,,FINAL_INSTRUCTION_END
confirmation,exp12_config_command_01,config_command,paraphrase,1,canonical,0,opposite_cross_wording,USER_END,cross_selected_V_necessity_loss,0.005804836750030518,,,,,,FINAL_INSTRUCTION_END
confirmation,exp12_config_command_01,config_command,paraphrase,1,canonical,1,same_state_cross_wording,USER_END,same_state_selected_V_control,0.014696061611175537,,,,,,FINAL_INSTRUCTION_END
confirmation,exp12_config_command_02,config_command,canonical,0,canonical,1,opposite_same_wording,FINAL_INSTRUCTION_END,selected_H20_residual_effect,0.018538400530815125,FINAL_INSTRUCTION_END,USER_END,,,,
confirmation,exp12_config_command_02,config_command,canonical,0,canonical,1,opposite_same_wording,FINAL_INSTRUCTION_END,selected_V_sufficiency,0.01299537718296051,FINAL_INSTRUCTION_END,USER_END,,,,
confirmation,exp12_config_command_02,config_command,canonical,0,canonical,1,opposite_same_wording,FINAL_INSTRUCTION_END,selected_V_necessity_loss,0.01840996742248535,FINAL_INSTRUCTION_END,USER_END,,,,
confirmation,exp12_config_command_02,config_command,canonical,0,canonical,1,opposite_same_wording,OLD_ABSOLUTE,old_absolute_V_sufficiency,-0.006116420030593872,FINAL_INSTRUCTION_END,USER_END,,,,
confirmation,exp12_config_command_02,config_command,canonical,0,canonical,1,opposite_same_wording,OLD_ABSOLUTE,old_absolute_local_V_necessity_loss,0.027543440461158752,FINAL_INSTRUCTION_END,USER_END,,,,
confirmation,exp12_config_command_02,config_command,canonical,0,canonical,1,opposite_same_wording,USER_END,runner_up_V_sufficiency,0.01936623454093933,FINAL_INSTRUCTION_END,USER_END,,,,
confirmation,exp12_config_command_02,config_command,canonical,0,canonical,1,opposite_same_wording,USER_END,runner_up_V_necessity_loss,-0.02449655532836914,FINAL_INSTRUCTION_END,USER_END,,,,
confirmation,exp12_config_command_02,config_command,canonical,0,canonical,1,opposite_same_wording,FINAL_INSTRUCTION_END,reader_verified_v_effect,0.01299537718296051,FINAL_INSTRUCTION_END,USER_END,0.0,0.0,0.0,
confirmation,exp12_config_command_02,config_command,canonical,0,canonical,1,opposite_same_wording,FINAL_INSTRUCTION_END,reader_target_sufficiency,0.019325852394104004,FINAL_INSTRUCTION_END,USER_END,0.0,0.0,0.0,
confirmation,exp12_config_command_02,config_command,canonical,0,canonical,1,opposite_same_wording,FINAL_INSTRUCTION_END,reader_target_necessity,0.02503611147403717,FINAL_INSTRUCTION_END,USER_END,0.0,0.0,0.0,
confirmation,exp12_config_command_02,config_command,canonical,0,canonical,1,opposite_same_wording,FINAL_INSTRUCTION_END,reader_negative_sufficiency,-0.012450546026229858,FINAL_INSTRUCTION_END,USER_END,0.0,0.0,0.0,
confirmation,exp12_config_command_02,config_command,canonical,0,canonical,1,opposite_same_wording,FINAL_INSTRUCTION_END,reader_negative_necessity,0.002119988203048706,FINAL_INSTRUCTION_END,USER_END,0.0,0.0,0.0,
confirmation,exp12_config_command_02,config_command,canonical,0,canonical,1,opposite_same_wording,FINAL_INSTRUCTION_END,reader_all7_sufficiency,0.01299537718296051,FINAL_INSTRUCTION_END,USER_END,0.0,0.0,0.0,
confirmation,exp12_config_command_02,config_command,canonical,0,canonical,1,opposite_same_wording,FINAL_INSTRUCTION_END,reader_all7_necessity,0.01299537718296051,FINAL_INSTRUCTION_END,USER_END,0.0,0.0,0.0,
confirmation,exp12_config_command_02,config_command,canonical,0,canonical,1,opposite_same_wording,FINAL_INSTRUCTION_END,reader_non_kv0_sufficiency,0.0,FINAL_INSTRUCTION_END,USER_END,0.0,0.0,0.0,
confirmation,exp12_config_command_02,config_command,canonical,0,canonical,1,opposite_same_wording,FINAL_INSTRUCTION_END,reader_non_kv0_necessity,0.0,FINAL_INSTRUCTION_END,USER_END,0.0,0.0,0.0,
confirmation,exp12_config_command_02,config_command,canonical,0,paraphrase,1,opposite_cross_wording,FINAL_INSTRUCTION_END,cross_selected_V_sufficiency,0.00018833577632904053,,,,,,USER_END
confirmation,exp12_config_command_02,config_command,canonical,0,paraphrase,1,opposite_cross_wording,FINAL_INSTRUCTION_END,cross_selected_V_necessity_loss,0.03666122257709503,,,,,,USER_END
confirmation,exp12_config_command_02,config_command,canonical,0,paraphrase,0,same_state_cross_wording,FINAL_INSTRUCTION_END,same_state_selected_V_control,0.006159156560897827,,,,,,USER_END
confirmation,exp12_config_command_02,config_command,paraphrase,0,paraphrase,1,opposite_same_wording,USER_END,selected_H20_residual_effect,0.03104311227798462,USER_END,FINAL_INSTRUCTION_END,,,,
confirmation,exp12_config_command_02,config_command,paraphrase,0,paraphrase,1,opposite_same_wording,USER_END,selected_V_sufficiency,0.012265920639038086,USER_END,FINAL_INSTRUCTION_END,,,,
confirmation,exp12_config_command_02,config_command,paraphrase,0,paraphrase,1,opposite_same_wording,USER_END,selected_V_necessity_loss,0.00511854887008667,USER_END,FINAL_INSTRUCTION_END,,,,
confirmation,exp12_config_command_02,config_command,paraphrase,0,paraphrase,1,opposite_same_wording,OLD_ABSOLUTE,old_absolute_V_sufficiency,-0.022330597043037415,USER_END,FINAL_INSTRUCTION_END,,,,
confirmation,exp12_config_command_02,config_command,paraphrase,0,paraphrase,1,opposite_same_wording,OLD_ABSOLUTE,old_absolute_local_V_necessity_loss,-0.014996424317359924,USER_END,FINAL_INSTRUCTION_END,,,,
confirmation,exp12_config_command_02,config_command,paraphrase,0,paraphrase,1,opposite_same_wording,FINAL_INSTRUCTION_END,runner_up_V_sufficiency,-0.0012578219175338745,USER_END,FINAL_INSTRUCTION_END,,,,
confirmation,exp12_config_command_02,config_command,paraphrase,0,paraphrase,1,opposite_same_wording,FINAL_INSTRUCTION_END,runner_up_V_necessity_loss,0.005628898739814758,USER_END,FINAL_INSTRUCTION_END,,,,
confirmation,exp12_config_command_02,config_command,paraphrase,0,paraphrase,1,opposite_same_wording,USER_END,reader_verified_v_effect,0.012265920639038086,USER_END,FINAL_INSTRUCTION_END,0.0,0.0,0.0,
confirmation,exp12_config_command_02,config_command,paraphrase,0,paraphrase,1,opposite_same_wording,USER_END,reader_target_sufficiency,0.025554776191711426,USER_END,FINAL_INSTRUCTION_END,0.0,0.0,0.0,
confirmation,exp12_config_command_02,config_command,paraphrase,0,paraphrase,1,opposite_same_wording,USER_END,reader_target_necessity,0.01881307363510132,USER_END,FINAL_INSTRUCTION_END,0.0,0.0,0.0,
confirmation,exp12_config_command_02,config_command,paraphrase,0,paraphrase,1,opposite_same_wording,USER_END,reader_negative_sufficiency,-0.013269290328025818,USER_END,FINAL_INSTRUCTION_END,0.0,0.0,0.0,
confirmation,exp12_config_command_02,config_command,paraphrase,0,paraphrase,1,opposite_same_wording,USER_END,reader_negative_necessity,-0.012532219290733337,USER_END,FINAL_INSTRUCTION_END,0.0,0.0,0.0,
confirmation,exp12_config_command_02,config_command,paraphrase,0,paraphrase,1,opposite_same_wording,USER_END,reader_all7_sufficiency,0.012265920639038086,USER_END,FINAL_INSTRUCTION_END,0.0,0.0,0.0,
confirmation,exp12_config_command_02,config_command,paraphrase,0,paraphrase,1,opposite_same_wording,USER_END,reader_all7_necessity,0.012265920639038086,USER_END,FINAL_INSTRUCTION_END,0.0,0.0,0.0,
confirmation,exp12_config_command_02,config_command,paraphrase,0,paraphrase,1,opposite_same_wording,USER_END,reader_non_kv0_sufficiency,0.0,USER_END,FINAL_INSTRUCTION_END,0.0,0.0,0.0,
confirmation,exp12_config_command_02,config_command,paraphrase,0,paraphrase,1,opposite_same_wording,USER_END,reader_non_kv0_necessity,0.0,USER_END,FINAL_INSTRUCTION_END,0.0,0.0,0.0,
confirmation,exp12_config_command_02,config_command,paraphrase,0,canonical,1,opposite_cross_wording,USER_END,cross_selected_V_sufficiency,0.010165289044380188,,,,,,FINAL_INSTRUCTION_END
confirmation,exp12_config_command_02,config_command,paraphrase,0,canonical,1,opposite_cross_wording,USER_END,cross_selected_V_necessity_loss,0.04319322109222412,,,,,,FINAL_INSTRUCTION_END
confirmation,exp12_config_command_02,config_command,paraphrase,0,canonical,0,same_state_cross_wording,USER_END,same_state_selected_V_control,0.021549418568611145,,,,,,FINAL_INSTRUCTION_END
confirmation,exp12_config_command_02,config_command,canonical,1,canonical,0,opposite_same_wording,FINAL_INSTRUCTION_END,selected_H20_residual_effect,0.01537996158003807,FINAL_INSTRUCTION_END,USER_END,,,,
confirmation,exp12_config_command_02,config_command,canonical,1,canonical,0,opposite_same_wording,FINAL_INSTRUCTION_END,selected_V_sufficiency,0.038824545219540596,FINAL_INSTRUCTION_END,USER_END,,,,
confirmation,exp12_config_command_02,config_command,canonical,1,canonical,0,opposite_same_wording,FINAL_INSTRUCTION_END,selected_V_necessity_loss,0.01557157002389431,FINAL_INSTRUCTION_END,USER_END,,,,
confirmation,exp12_config_command_02,config_command,canonical,1,canonical,0,opposite_same_wording,OLD_ABSOLUTE,old_absolute_V_sufficiency,0.10085656493902206,FINAL_INSTRUCTION_END,USER_END,,,,
confirmation,exp12_config_command_02,config_command,canonical,1,canonical,0,opposite_same_wording,OLD_ABSOLUTE,old_absolute_local_V_necessity_loss,-0.05404456704854965,FINAL_INSTRUCTION_END,USER_END,,,,
confirmation,exp12_config_command_02,config_command,canonical,1,canonical,0,opposite_same_wording,USER_END,runner_up_V_sufficiency,0.17851374112069607,FINAL_INSTRUCTION_END,USER_END,,,,
confirmation,exp12_config_command_02,config_command,canonical,1,canonical,0,opposite_same_wording,USER_END,runner_up_V_necessity_loss,0.10138745978474617,FINAL_INSTRUCTION_END,USER_END,,,,
confirmation,exp12_config_command_02,config_command,canonical,1,canonical,0,opposite_same_wording,FINAL_INSTRUCTION_END,reader_verified_v_effect,0.038824545219540596,FINAL_INSTRUCTION_END,USER_END,0.0,0.0,0.0,
confirmation,exp12_config_command_02,config_command,canonical,1,canonical,0,opposite_same_wording,FINAL_INSTRUCTION_END,reader_target_sufficiency,0.062057748436927795,FINAL_INSTRUCTION_END,USER_END,0.0,0.0,0.0,
confirmation,exp12_config_command_02,config_command,canonical,1,canonical,0,opposite_same_wording,FINAL_INSTRUCTION_END,reader_target_necessity,0.05440208315849304,FINAL_INSTRUCTION_END,USER_END,0.0,0.0,0.0,
confirmation,exp12_config_command_02,config_command,canonical,1,canonical,0,opposite_same_wording,FINAL_INSTRUCTION_END,reader_negative_sufficiency,-0.0236691664904356,FINAL_INSTRUCTION_END,USER_END,0.0,0.0,0.0,
confirmation,exp12_config_command_02,config_command,canonical,1,canonical,0,opposite_same_wording,FINAL_INSTRUCTION_END,reader_negative_necessity,-0.03135772421956062,FINAL_INSTRUCTION_END,USER_END,0.0,0.0,0.0,
confirmation,exp12_config_command_02,config_command,canonical,1,canonical,0,opposite_same_wording,FINAL_INSTRUCTION_END,reader_all7_sufficiency,0.038824545219540596,FINAL_INSTRUCTION_END,USER_END,0.0,0.0,0.0,
confirmation,exp12_config_command_02,config_command,canonical,1,canonical,0,opposite_same_wording,FINAL_INSTRUCTION_END,reader_all7_necessity,0.038824545219540596,FINAL_INSTRUCTION_END,USER_END,0.0,0.0,0.0,
confirmation,exp12_config_command_02,config_command,canonical,1,canonical,0,opposite_same_wording,FINAL_INSTRUCTION_END,reader_non_kv0_sufficiency,-0.0,FINAL_INSTRUCTION_END,USER_END,0.0,0.0,0.0,
confirmation,exp12_config_command_02,config_command,canonical,1,canonical,0,opposite_same_wording,FINAL_INSTRUCTION_END,reader_non_kv0_necessity,0.0,FINAL_INSTRUCTION_END,USER_END,0.0,0.0,0.0,
confirmation,exp12_config_command_02,config_command,canonical,1,paraphrase,0,opposite_cross_wording,FINAL_INSTRUCTION_END,cross_selected_V_sufficiency,0.03895065747201443,,,,,,USER_END
confirmation,exp12_config_command_02,config_command,canonical,1,paraphrase,0,opposite_cross_wording,FINAL_INSTRUCTION_END,cross_selected_V_necessity_loss,0.007941816002130508,,,,,,USER_END
confirmation,exp12_config_command_02,config_command,canonical,1,paraphrase,1,same_state_cross_wording,FINAL_INSTRUCTION_END,same_state_selected_V_control,-0.023260852321982384,,,,,,USER_END
confirmation,exp12_config_command_02,config_command,paraphrase,1,paraphrase,0,opposite_same_wording,USER_END,selected_H20_residual_effect,0.047790199518203735,USER_END,FINAL_INSTRUCTION_END,,,,
confirmation,exp12_config_command_02,config_command,paraphrase,1,paraphrase,0,opposite_same_wording,USER_END,selected_V_sufficiency,0.02930179238319397,USER_END,FINAL_INSTRUCTION_END,,,,
confirmation,exp12_config_command_02,config_command,paraphrase,1,paraphrase,0,opposite_same_wording,USER_END,selected_V_necessity_loss,0.01370251178741455,USER_END,FINAL_INSTRUCTION_END,,,,
confirmation,exp12_config_command_02,config_command,paraphrase,1,paraphrase,0,opposite_same_wording,OLD_ABSOLUTE,old_absolute_V_sufficiency,-0.013369262218475342,USER_END,FINAL_INSTRUCTION_END,,,,
confirmation,exp12_config_command_02,config_command,paraphrase,1,paraphrase,0,opposite_same_wording,OLD_ABSOLUTE,old_absolute_local_V_necessity_loss,-0.043144047260284424,USER_END,FINAL_INSTRUCTION_END,,,,
confirmation,exp12_config_command_02,config_command,paraphrase,1,paraphrase,0,opposite_same_wording,FINAL_INSTRUCTION_END,runner_up_V_sufficiency,0.022421270608901978,USER_END,FINAL_INSTRUCTION_END,,,,
confirmation,exp12_config_command_02,config_command,paraphrase,1,paraphrase,0,opposite_same_wording,FINAL_INSTRUCTION_END,runner_up_V_necessity_loss,0.015593290328979492,USER_END,FINAL_INSTRUCTION_END,,,,
confirmation,exp12_config_command_02,config_command,paraphrase,1,paraphrase,0,opposite_same_wording,USER_END,reader_verified_v_effect,0.02930179238319397,USER_END,FINAL_INSTRUCTION_END,0.0,0.0,0.0,
confirmation,exp12_config_command_02,config_command,paraphrase,1,paraphrase,0,opposite_same_wording,USER_END,reader_target_sufficiency,0.05545493960380554,USER_END,FINAL_INSTRUCTION_END,0.0,0.0,0.0,
confirmation,exp12_config_command_02,config_command,paraphrase,1,paraphrase,0,opposite_same_wording,USER_END,reader_target_necessity,0.048572391271591187,USER_END,FINAL_INSTRUCTION_END,0.0,0.0,0.0,
confirmation,exp12_config_command_02,config_command,paraphrase,1,paraphrase,0,opposite_same_wording,USER_END,reader_negative_sufficiency,-0.021618902683258057,USER_END,FINAL_INSTRUCTION_END,0.0,0.0,0.0,
confirmation,exp12_config_command_02,config_command,paraphrase,1,paraphrase,0,opposite_same_wording,USER_END,reader_negative_necessity,-0.034308671951293945,USER_END,FINAL_INSTRUCTION_END,0.0,0.0,0.0,
confirmation,exp12_config_command_02,config_command,paraphrase,1,paraphrase,0,opposite_same_wording,USER_END,reader_all7_sufficiency,0.02930179238319397,USER_END,FINAL_INSTRUCTION_END,0.0,0.0,0.0,
confirmation,exp12_config_command_02,config_command,paraphrase,1,paraphrase,0,opposite_same_wording,USER_END,reader_all7_necessity,0.02930179238319397,USER_END,FINAL_INSTRUCTION_END,0.0,0.0,0.0,
confirmation,exp12_config_command_02,config_command,paraphrase,1,paraphrase,0,opposite_same_wording,USER_END,reader_non_kv0_sufficiency,-0.0,USER_END,FINAL_INSTRUCTION_END,0.0,0.0,0.0,
confirmation,exp12_config_command_02,config_command,paraphrase,1,paraphrase,0,opposite_same_wording,USER_END,reader_non_kv0_necessity,0.0,USER_END,FINAL_INSTRUCTION_END,0.0,0.0,0.0,
confirmation,exp12_config_command_02,config_command,paraphrase,1,canonical,0,opposite_cross_wording,USER_END,cross_selected_V_sufficiency,0.03369179368019104,,,,,,FINAL_INSTRUCTION_END
confirmation,exp12_config_command_02,config_command,paraphrase,1,canonical,0,opposite_cross_wording,USER_END,cross_selected_V_necessity_loss,0.007639527320861816,,,,,,FINAL_INSTRUCTION_END
confirmation,exp12_config_command_02,config_command,paraphrase,1,canonical,1,same_state_cross_wording,USER_END,same_state_selected_V_control,0.006337225437164307,,,,,,FINAL_INSTRUCTION_END
confirmation,exp12_config_command_04,config_command,canonical,0,canonical,1,opposite_same_wording,FINAL_INSTRUCTION_END,selected_H20_residual_effect,0.01772981882095337,FINAL_INSTRUCTION_END,USER_END,,,,
confirmation,exp12_config_command_04,config_command,canonical,0,canonical,1,opposite_same_wording,FINAL_INSTRUCTION_END,selected_V_sufficiency,0.006070226430892944,FINAL_INSTRUCTION_END,USER_END,,,,
confirmation,exp12_config_command_04,config_command,canonical,0,canonical,1,opposite_same_wording,FINAL_INSTRUCTION_END,selected_V_necessity_loss,0.01176956295967102,FINAL_INSTRUCTION_END,USER_END,,,,
confirmation,exp12_config_command_04,config_command,canonical,0,canonical,1,opposite_same_wording,OLD_ABSOLUTE,old_absolute_V_sufficiency,0.0003115832805633545,FINAL_INSTRUCTION_END,USER_END,,,,
confirmation,exp12_config_command_04,config_command,canonical,0,canonical,1,opposite_same_wording,OLD_ABSOLUTE,old_absolute_local_V_necessity_loss,0.03941388428211212,FINAL_INSTRUCTION_END,USER_END,,,,
confirmation,exp12_config_command_04,config_command,canonical,0,canonical,1,opposite_same_wording,USER_END,runner_up_V_sufficiency,0.018079400062561035,FINAL_INSTRUCTION_END,USER_END,,,,
confirmation,exp12_config_command_04,config_command,canonical,0,canonical,1,opposite_same_wording,USER_END,runner_up_V_necessity_loss,0.0387057363986969,FINAL_INSTRUCTION_END,USER_END,,,,
confirmation,exp12_config_command_04,config_command,canonical,0,canonical,1,opposite_same_wording,FINAL_INSTRUCTION_END,reader_verified_v_effect,0.006070226430892944,FINAL_INSTRUCTION_END,USER_END,0.0,0.0,0.0,
confirmation,exp12_config_command_04,config_command,canonical,0,canonical,1,opposite_same_wording,FINAL_INSTRUCTION_END,reader_target_sufficiency,0.011993378400802612,FINAL_INSTRUCTION_END,USER_END,0.0,0.0,0.0,
confirmation,exp12_config_command_04,config_command,canonical,0,canonical,1,opposite_same_wording,FINAL_INSTRUCTION_END,reader_target_necessity,0.006383031606674194,FINAL_INSTRUCTION_END,USER_END,0.0,0.0,0.0,
confirmation,exp12_config_command_04,config_command,canonical,0,canonical,1,opposite_same_wording,FINAL_INSTRUCTION_END,reader_negative_sufficiency,-0.0060135722160339355,FINAL_INSTRUCTION_END,USER_END,0.0,0.0,0.0,
confirmation,exp12_config_command_04,config_command,canonical,0,canonical,1,opposite_same_wording,FINAL_INSTRUCTION_END,reader_negative_necessity,-0.012269407510757446,FINAL_INSTRUCTION_END,USER_END,0.0,0.0,0.0,
confirmation,exp12_config_command_04,config_command,canonical,0,canonical,1,opposite_same_wording,FINAL_INSTRUCTION_END,reader_all7_sufficiency,0.006070226430892944,FINAL_INSTRUCTION_END,USER_END,0.0,0.0,0.0,
confirmation,exp12_config_command_04,config_command,canonical,0,canonical,1,opposite_same_wording,FINAL_INSTRUCTION_END,reader_all7_necessity,0.006070226430892944,FINAL_INSTRUCTION_END,USER_END,0.0,0.0,0.0,
confirmation,exp12_config_command_04,config_command,canonical,0,canonical,1,opposite_same_wording,FINAL_INSTRUCTION_END,reader_non_kv0_sufficiency,0.0,FINAL_INSTRUCTION_END,USER_END,0.0,0.0,0.0,
confirmation,exp12_config_command_04,config_command,canonical,0,canonical,1,opposite_same_wording,FINAL_INSTRUCTION_END,reader_non_kv0_necessity,0.0,FINAL_INSTRUCTION_END,USER_END,0.0,0.0,0.0,
confirmation,exp12_config_command_04,config_command,canonical,0,paraphrase,1,opposite_cross_wording,FINAL_INSTRUCTION_END,cross_selected_V_sufficiency,-0.0068705081939697266,,,,,,USER_END
confirmation,exp12_config_command_04,config_command,canonical,0,paraphrase,1,opposite_cross_wording,FINAL_INSTRUCTION_END,cross_selected_V_necessity_loss,0.013926506042480469,,,,,,USER_END
confirmation,exp12_config_command_04,config_command,canonical,0,paraphrase,0,same_state_cross_wording,FINAL_INSTRUCTION_END,same_state_selected_V_control,0.007114335894584656,,,,,,USER_END
confirmation,exp12_config_command_04,config_command,paraphrase,0,paraphrase,1,opposite_same_wording,USER_END,selected_H20_residual_effect,0.016272544860839844,USER_END,FINAL_INSTRUCTION_END,,,,
confirmation,exp12_config_command_04,config_command,paraphrase,0,paraphrase,1,opposite_same_wording,USER_END,selected_V_sufficiency,0.003308326005935669,USER_END,FINAL_INSTRUCTION_END,,,,
confirmation,exp12_config_command_04,config_command,paraphrase,0,paraphrase,1,opposite_same_wording,USER_END,selected_V_necessity_loss,0.007981717586517334,USER_END,FINAL_INSTRUCTION_END,,,,
confirmation,exp12_config_command_04,config_command,paraphrase,0,paraphrase,1,opposite_same_wording,OLD_ABSOLUTE,old_absolute_V_sufficiency,-0.018786504864692688,USER_END,FINAL_INSTRUCTION_END,,,,
confirmation,exp12_config_command_04,config_command,paraphrase,0,paraphrase,1,opposite_same_wording,OLD_ABSOLUTE,old_absolute_local_V_necessity_loss,-0.022490739822387695,USER_END,FINAL_INSTRUCTION_END,,,,
confirmation,exp12_config_command_04,config_command,paraphrase,0,paraphrase,1,opposite_same_wording,FINAL_INSTRUCTION_END,runner_up_V_sufficiency,0.005632847547531128,USER_END,FINAL_INSTRUCTION_END,,,,
confirmation,exp12_config_command_04,config_command,paraphrase,0,paraphrase,1,opposite_same_wording,FINAL_INSTRUCTION_END,runner_up_V_necessity_loss,0.008903205394744873,USER_END,FINAL_INSTRUCTION_END,,,,
confirmation,exp12_config_command_04,config_command,paraphrase,0,paraphrase,1,opposite_same_wording,USER_END,reader_verified_v_effect,0.003308326005935669,USER_END,FINAL_INSTRUCTION_END,0.0,0.0,0.0,
confirmation,exp12_config_command_04,config_command,paraphrase,0,paraphrase,1,opposite_same_wording,USER_END,reader_target_sufficiency,0.010534808039665222,USER_END,FINAL_INSTRUCTION_END,0.0,0.0,0.0,
confirmation,exp12_config_command_04,config_command,paraphrase,0,paraphrase,1,opposite_same_wording,USER_END,reader_target_necessity,0.016245916485786438,USER_END,FINAL_INSTRUCTION_END,0.0,0.0,0.0,
confirmation,exp12_config_command_04,config_command,paraphrase,0,paraphrase,1,opposite_same_wording,USER_END,reader_negative_sufficiency,-0.020797356963157654,USER_END,FINAL_INSTRUCTION_END,0.0,0.0,0.0,
confirmation,exp12_config_command_04,config_command,paraphrase,0,paraphrase,1,opposite_same_wording,USER_END,reader_negative_necessity,-0.01429186761379242,USER_END,FINAL_INSTRUCTION_END,0.0,0.0,0.0,
confirmation,exp12_config_command_04,config_command,paraphrase,0,paraphrase,1,opposite_same_wording,USER_END,reader_all7_sufficiency,0.003308326005935669,USER_END,FINAL_INSTRUCTION_END,0.0,0.0,0.0,
confirmation,exp12_config_command_04,config_command,paraphrase,0,paraphrase,1,opposite_same_wording,USER_END,reader_all7_necessity,0.003308326005935669,USER_END,FINAL_INSTRUCTION_END,0.0,0.0,0.0,
confirmation,exp12_config_command_04,config_command,paraphrase,0,paraphrase,1,opposite_same_wording,USER_END,reader_non_kv0_sufficiency,0.0,USER_END,FINAL_INSTRUCTION_END,0.0,0.0,0.0,
confirmation,exp12_config_command_04,config_command,paraphrase,0,paraphrase,1,opposite_same_wording,USER_END,reader_non_kv0_necessity,0.0,USER_END,FINAL_INSTRUCTION_END,0.0,0.0,0.0,
confirmation,exp12_config_command_04,config_command,paraphrase,0,canonical,1,opposite_cross_wording,USER_END,cross_selected_V_sufficiency,0.018249094486236572,,,,,,FINAL_INSTRUCTION_END
confirmation,exp12_config_command_04,config_command,paraphrase,0,canonical,1,opposite_cross_wording,USER_END,cross_selected_V_necessity_loss,0.03834600746631622,,,,,,FINAL_INSTRUCTION_END
confirmation,exp12_config_command_04,config_command,paraphrase,0,canonical,0,same_state_cross_wording,USER_END,same_state_selected_V_control,0.00823049247264862,,,,,,FINAL_INSTRUCTION_END
confirmation,exp12_config_command_04,config_command,canonical,1,canonical,0,opposite_same_wording,FINAL_INSTRUCTION_END,selected_H20_residual_effect,0.020831216126680374,FINAL_INSTRUCTION_END,USER_END,,,,
confirmation,exp12_config_command_04,config_command,canonical,1,canonical,0,opposite_same_wording,FINAL_INSTRUCTION_END,selected_V_sufficiency,0.04156806506216526,FINAL_INSTRUCTION_END,USER_END,,,,
confirmation,exp12_config_command_04,config_command,canonical,1,canonical,0,opposite_same_wording,FINAL_INSTRUCTION_END,selected_V_necessity_loss,0.027720995247364044,FINAL_INSTRUCTION_END,USER_END,,,,
confirmation,exp12_config_command_04,config_command,canonical,1,canonical,0,opposite_same_wording,OLD_ABSOLUTE,old_absolute_V_sufficiency,0.07611196115612984,FINAL_INSTRUCTION_END,USER_END,,,,
confirmation,exp12_config_command_04,config_command,canonical,1,canonical,0,opposite_same_wording,OLD_ABSOLUTE,old_absolute_local_V_necessity_loss,-0.02531053125858307,FINAL_INSTRUCTION_END,USER_END,,,,
confirmation,exp12_config_command_04,config_command,canonical,1,canonical,0,opposite_same_wording,USER_END,runner_up_V_sufficiency,0.1526010874658823,FINAL_INSTRUCTION_END,USER_END,,,,
confirmation,exp12_config_command_04,config_command,canonical,1,canonical,0,opposite_same_wording,USER_END,runner_up_V_necessity_loss,0.08998551405966282,FINAL_INSTRUCTION_END,USER_END,,,,
confirmation,exp12_config_command_04,config_command,canonical,1,canonical,0,opposite_same_wording,FINAL_INSTRUCTION_END,reader_verified_v_effect,0.04156806506216526,FINAL_INSTRUCTION_END,USER_END,0.0,0.0,0.0,
confirmation,exp12_config_command_04,config_command,canonical,1,canonical,0,opposite_same_wording,FINAL_INSTRUCTION_END,reader_target_sufficiency,0.05551823414862156,FINAL_INSTRUCTION_END,USER_END,0.0,0.0,0.0,
confirmation,exp12_config_command_04,config_command,canonical,1,canonical,0,opposite_same_wording,FINAL_INSTRUCTION_END,reader_target_necessity,0.05541534163057804,FINAL_INSTRUCTION_END,USER_END,0.0,0.0,0.0,
confirmation,exp12_config_command_04,config_command,canonical,1,canonical,0,opposite_same_wording,FINAL_INSTRUCTION_END,reader_negative_sufficiency,-0.02783498726785183,FINAL_INSTRUCTION_END,USER_END,0.0,0.0,0.0,
confirmation,exp12_config_command_04,config_command,canonical,1,canonical,0,opposite_same_wording,FINAL_INSTRUCTION_END,reader_negative_necessity,-0.02773859165608883,FINAL_INSTRUCTION_END,USER_END,0.0,0.0,0.0,
confirmation,exp12_config_command_04,config_command,canonical,1,canonical,0,opposite_same_wording,FINAL_INSTRUCTION_END,reader_all7_sufficiency,0.04156806506216526,FINAL_INSTRUCTION_END,USER_END,0.0,0.0,0.0,
confirmation,exp12_config_command_04,config_command,canonical,1,canonical,0,opposite_same_wording,FINAL_INSTRUCTION_END,reader_all7_necessity,0.04156806506216526,FINAL_INSTRUCTION_END,USER_END,0.0,0.0,0.0,
confirmation,exp12_config_command_04,config_command,canonical,1,canonical,0,opposite_same_wording,FINAL_INSTRUCTION_END,reader_non_kv0_sufficiency,-0.0,FINAL_INSTRUCTION_END,USER_END,0.0,0.0,0.0,
confirmation,exp12_config_command_04,config_command,canonical,1,canonical,0,opposite_same_wording,FINAL_INSTRUCTION_END,reader_non_kv0_necessity,0.0,FINAL_INSTRUCTION_END,USER_END,0.0,0.0,0.0,
confirmation,exp12_config_command_04,config_command,canonical,1,paraphrase,0,opposite_cross_wording,FINAL_INSTRUCTION_END,cross_selected_V_sufficiency,0.04156706668436527,,,,,,USER_END
confirmation,exp12_config_command_04,config_command,canonical,1,paraphrase,0,opposite_cross_wording,FINAL_INSTRUCTION_END,cross_selected_V_necessity_loss,0.007009252905845642,,,,,,USER_END
confirmation,exp12_config_command_04,config_command,canonical,1,paraphrase,1,same_state_cross_wording,FINAL_INSTRUCTION_END,same_state_selected_V_control,-0.027592390775680542,,,,,,USER_END
confirmation,exp12_config_command_04,config_command,paraphrase,1,paraphrase,0,opposite_same_wording,USER_END,selected_H20_residual_effect,0.01999795436859131,USER_END,FINAL_INSTRUCTION_END,,,,
confirmation,exp12_config_command_04,config_command,paraphrase,1,paraphrase,0,opposite_same_wording,USER_END,selected_V_sufficiency,0.026743531227111816,USER_END,FINAL_INSTRUCTION_END,,,,
confirmation,exp12_config_command_04,config_command,paraphrase,1,paraphrase,0,opposite_same_wording,USER_END,selected_V_necessity_loss,0.020413994789123535,USER_END,FINAL_INSTRUCTION_END,,,,
confirmation,exp12_config_command_04,config_command,paraphrase,1,paraphrase,0,opposite_same_wording,OLD_ABSOLUTE,old_absolute_V_sufficiency,-0.03202378749847412,USER_END,FINAL_INSTRUCTION_END,,,,
confirmation,exp12_config_command_04,config_command,paraphrase,1,paraphrase,0,opposite_same_wording,OLD_ABSOLUTE,old_absolute_local_V_necessity_loss,-0.02505016326904297,USER_END,FINAL_INSTRUCTION_END,,,,
confirmation,exp12_config_command_04,config_command,paraphrase,1,paraphrase,0,opposite_same_wording,FINAL_INSTRUCTION_END,runner_up_V_sufficiency,0.02003994584083557,USER_END,FINAL_INSTRUCTION_END,,,,
confirmation,exp12_config_command_04,config_command,paraphrase,1,paraphrase,0,opposite_same_wording,FINAL_INSTRUCTION_END,runner_up_V_necessity_loss,0.014104515314102173,USER_END,FINAL_INSTRUCTION_END,,,,
confirmation,exp12_config_command_04,config_command,paraphrase,1,paraphrase,0,opposite_same_wording,USER_END,reader_verified_v_effect,0.026743531227111816,USER_END,FINAL_INSTRUCTION_END,0.0,0.0,0.0,
confirmation,exp12_config_command_04,config_command,paraphrase,1,paraphrase,0,opposite_same_wording,USER_END,reader_target_sufficiency,0.0464499294757843,USER_END,FINAL_INSTRUCTION_END,0.0,0.0,0.0,
confirmation,exp12_config_command_04,config_command,paraphrase,1,paraphrase,0,opposite_same_wording,USER_END,reader_target_necessity,0.03973749279975891,USER_END,FINAL_INSTRUCTION_END,0.0,0.0,0.0,
confirmation,exp12_config_command_04,config_command,paraphrase,1,paraphrase,0,opposite_same_wording,USER_END,reader_negative_sufficiency,-0.02602347731590271,USER_END,FINAL_INSTRUCTION_END,0.0,0.0,0.0,
confirmation,exp12_config_command_04,config_command,paraphrase,1,paraphrase,0,opposite_same_wording,USER_END,reader_negative_necessity,-0.032690197229385376,USER_END,FINAL_INSTRUCTION_END,0.0,0.0,0.0,
confirmation,exp12_config_command_04,config_command,paraphrase,1,paraphrase,0,opposite_same_wording,USER_END,reader_all7_sufficiency,0.026743531227111816,USER_END,FINAL_INSTRUCTION_END,0.0,0.0,0.0,
confirmation,exp12_config_command_04,config_command,paraphrase,1,paraphrase,0,opposite_same_wording,USER_END,reader_all7_necessity,0.026743531227111816,USER_END,FINAL_INSTRUCTION_END,0.0,0.0,0.0,
confirmation,exp12_config_command_04,config_command,paraphrase,1,paraphrase,0,opposite_same_wording,USER_END,reader_non_kv0_sufficiency,-0.0,USER_END,FINAL_INSTRUCTION_END,0.0,0.0,0.0,
confirmation,exp12_config_command_04,config_command,paraphrase,1,paraphrase,0,opposite_same_wording,USER_END,reader_non_kv0_necessity,0.0,USER_END,FINAL_INSTRUCTION_END,0.0,0.0,0.0,
confirmation,exp12_config_command_04,config_command,paraphrase,1,canonical,0,opposite_cross_wording,USER_END,cross_selected_V_sufficiency,0.02805018424987793,,,,,,FINAL_INSTRUCTION_END
confirmation,exp12_config_command_04,config_command,paraphrase,1,canonical,0,opposite_cross_wording,USER_END,cross_selected_V_necessity_loss,0.006841897964477539,,,,,,FINAL_INSTRUCTION_END
confirmation,exp12_config_command_04,config_command,paraphrase,1,canonical,1,same_state_cross_wording,USER_END,same_state_selected_V_control,0.023928284645080566,,,,,,FINAL_INSTRUCTION_END
confirmation,exp12_config_command_07,config_command,canonical,0,canonical,1,opposite_same_wording,FINAL_INSTRUCTION_END,selected_H20_residual_effect,0.03847946226596832,FINAL_INSTRUCTION_END,USER_END,,,,
confirmation,exp12_config_command_07,config_command,canonical,0,canonical,1,opposite_same_wording,FINAL_INSTRUCTION_END,selected_V_sufficiency,0.012529492378234863,FINAL_INSTRUCTION_END,USER_END,,,,
confirmation,exp12_config_command_07,config_command,canonical,0,canonical,1,opposite_same_wording,FINAL_INSTRUCTION_END,selected_V_necessity_loss,0.02496260404586792,FINAL_INSTRUCTION_END,USER_END,,,,
confirmation,exp12_config_command_07,config_command,canonical,0,canonical,1,opposite_same_wording,OLD_ABSOLUTE,old_absolute_V_sufficiency,-0.004902243614196777,FINAL_INSTRUCTION_END,USER_END,,,,
confirmation,exp12_config_command_07,config_command,canonical,0,canonical,1,opposite_same_wording,OLD_ABSOLUTE,old_absolute_local_V_necessity_loss,0.05177631974220276,FINAL_INSTRUCTION_END,USER_END,,,,
confirmation,exp12_config_command_07,config_command,canonical,0,canonical,1,opposite_same_wording,USER_END,runner_up_V_sufficiency,0.019144102931022644,FINAL_INSTRUCTION_END,USER_END,,,,
confirmation,exp12_config_command_07,config_command,canonical,0,canonical,1,opposite_same_wording,USER_END,runner_up_V_necessity_loss,0.019353166222572327,FINAL_INSTRUCTION_END,USER_END,,,,
confirmation,exp12_config_command_07,config_command,canonical,0,canonical,1,opposite_same_wording,FINAL_INSTRUCTION_END,reader_verified_v_effect,0.012529492378234863,FINAL_INSTRUCTION_END,USER_END,0.0,0.0,0.0,
confirmation,exp12_config_command_07,config_command,canonical,0,canonical,1,opposite_same_wording,FINAL_INSTRUCTION_END,reader_target_sufficiency,0.026350945234298706,FINAL_INSTRUCTION_END,USER_END,0.0,0.0,0.0,
confirmation,exp12_config_command_07,config_command,canonical,0,canonical,1,opposite_same_wording,FINAL_INSTRUCTION_END,reader_target_necessity,0.02508912980556488,FINAL_INSTRUCTION_END,USER_END,0.0,0.0,0.0,
confirmation,exp12_config_command_07,config_command,canonical,0,canonical,1,opposite_same_wording,FINAL_INSTRUCTION_END,reader_negative_sufficiency,-0.019031554460525513,FINAL_INSTRUCTION_END,USER_END,0.0,0.0,0.0,
confirmation,exp12_config_command_07,config_command,canonical,0,canonical,1,opposite_same_wording,FINAL_INSTRUCTION_END,reader_negative_necessity,-0.012434914708137512,FINAL_INSTRUCTION_END,USER_END,0.0,0.0,0.0,
confirmation,exp12_config_command_07,config_command,canonical,0,canonical,1,opposite_same_wording,FINAL_INSTRUCTION_END,reader_all7_sufficiency,0.012529492378234863,FINAL_INSTRUCTION_END,USER_END,0.0,0.0,0.0,
confirmation,exp12_config_command_07,config_command,canonical,0,canonical,1,opposite_same_wording,FINAL_INSTRUCTION_END,reader_all7_necessity,0.012529492378234863,FINAL_INSTRUCTION_END,USER_END,0.0,0.0,0.0,
confirmation,exp12_config_command_07,config_command,canonical,0,canonical,1,opposite_same_wording,FINAL_INSTRUCTION_END,reader_non_kv0_sufficiency,0.0,FINAL_INSTRUCTION_END,USER_END,0.0,0.0,0.0,
confirmation,exp12_config_command_07,config_command,canonical,0,canonical,1,opposite_same_wording,FINAL_INSTRUCTION_END,reader_non_kv0_necessity,0.0,FINAL_INSTRUCTION_END,USER_END,0.0,0.0,0.0,
confirmation,exp12_config_command_07,config_command,canonical,0,paraphrase,1,opposite_cross_wording,FINAL_INSTRUCTION_END,cross_selected_V_sufficiency,7.34478235244751e-05,,,,,,USER_END
confirmation,exp12_config_command_07,config_command,canonical,0,paraphrase,1,opposite_cross_wording,FINAL_INSTRUCTION_END,cross_selected_V_necessity_loss,0.006983339786529541,,,,,,USER_END
confirmation,exp12_config_command_07,config_command,canonical,0,paraphrase,0,same_state_cross_wording,FINAL_INSTRUCTION_END,same_state_selected_V_control,-0.00014907121658325195,,,,,,USER_END
confirmation,exp12_config_command_07,config_command,paraphrase,0,paraphrase,1,opposite_same_wording,USER_END,selected_H20_residual_effect,0.021885141730308533,USER_END,FINAL_INSTRUCTION_END,,,,
confirmation,exp12_config_command_07,config_command,paraphrase,0,paraphrase,1,opposite_same_wording,USER_END,selected_V_sufficiency,0.012776762247085571,USER_END,FINAL_INSTRUCTION_END,,,,
confirmation,exp12_config_command_07,config_command,paraphrase,0,paraphrase,1,opposite_same_wording,USER_END,selected_V_necessity_loss,0.010697752237319946,USER_END,FINAL_INSTRUCTION_END,,,,
confirmation,exp12_config_command_07,config_command,paraphrase,0,paraphrase,1,opposite_same_wording,OLD_ABSOLUTE,old_absolute_V_sufficiency,-0.013797566294670105,USER_END,FINAL_INSTRUCTION_END,,,,
confirmation,exp12_config_command_07,config_command,paraphrase,0,paraphrase,1,opposite_same_wording,OLD_ABSOLUTE,old_absolute_local_V_necessity_loss,-0.016170188784599304,USER_END,FINAL_INSTRUCTION_END,,,,
confirmation,exp12_config_command_07,config_command,paraphrase,0,paraphrase,1,opposite_same_wording,FINAL_INSTRUCTION_END,runner_up_V_sufficiency,0.00774809718132019,USER_END,FINAL_INSTRUCTION_END,,,,
confirmation,exp12_config_command_07,config_command,paraphrase,0,paraphrase,1,opposite_same_wording,FINAL_INSTRUCTION_END,runner_up_V_necessity_loss,0.00557197630405426,USER_END,FINAL_INSTRUCTION_END,,,,
confirmation,exp12_config_command_07,config_command,paraphrase,0,paraphrase,1,opposite_same_wording,USER_END,reader_verified_v_effect,0.012776762247085571,USER_END,FINAL_INSTRUCTION_END,0.0,0.0,0.0,
confirmation,exp12_config_command_07,config_command,paraphrase,0,paraphrase,1,opposite_same_wording,USER_END,reader_target_sufficiency,0.01787629723548889,USER_END,FINAL_INSTRUCTION_END,0.0,0.0,0.0,
confirmation,exp12_config_command_07,config_command,paraphrase,0,paraphrase,1,opposite_same_wording,USER_END,reader_target_necessity,0.02188783884048462,USER_END,FINAL_INSTRUCTION_END,0.0,0.0,0.0,
confirmation,exp12_config_command_07,config_command,paraphrase,0,paraphrase,1,opposite_same_wording,USER_END,reader_negative_sufficiency,-0.013309046626091003,USER_END,FINAL_INSTRUCTION_END,0.0,0.0,0.0,
confirmation,exp12_config_command_07,config_command,paraphrase,0,paraphrase,1,opposite_same_wording,USER_END,reader_negative_necessity,-0.0074599385261535645,USER_END,FINAL_INSTRUCTION_END,0.0,0.0,0.0,
confirmation,exp12_config_command_07,config_command,paraphrase,0,paraphrase,1,opposite_same_wording,USER_END,reader_all7_sufficiency,0.012776762247085571,USER_END,FINAL_INSTRUCTION_END,0.0,0.0,0.0,
confirmation,exp12_config_command_07,config_command,paraphrase,0,paraphrase,1,opposite_same_wording,USER_END,reader_all7_necessity,0.012776762247085571,USER_END,FINAL_INSTRUCTION_END,0.0,0.0,0.0,
confirmation,exp12_config_command_07,config_command,paraphrase,0,paraphrase,1,opposite_same_wording,USER_END,reader_non_kv0_sufficiency,0.0,USER_END,FINAL_INSTRUCTION_END,0.0,0.0,0.0,
confirmation,exp12_config_command_07,config_command,paraphrase,0,paraphrase,1,opposite_same_wording,USER_END,reader_non_kv0_necessity,0.0,USER_END,FINAL_INSTRUCTION_END,0.0,0.0,0.0,
confirmation,exp12_config_command_07,config_command,paraphrase,0,canonical,1,opposite_cross_wording,USER_END,cross_selected_V_sufficiency,0.008833125233650208,,,,,,FINAL_INSTRUCTION_END
confirmation,exp12_config_command_07,config_command,paraphrase,0,canonical,1,opposite_cross_wording,USER_END,cross_selected_V_necessity_loss,0.038737162947654724,,,,,,FINAL_INSTRUCTION_END
confirmation,exp12_config_command_07,config_command,paraphrase,0,canonical,0,same_state_cross_wording,USER_END,same_state_selected_V_control,0.010885924100875854,,,,,,FINAL_INSTRUCTION_END
confirmation,exp12_config_command_07,config_command,canonical,1,canonical,0,opposite_same_wording,FINAL_INSTRUCTION_END,selected_H20_residual_effect,0.02085910178720951,FINAL_INSTRUCTION_END,USER_END,,,,
confirmation,exp12_config_command_07,config_command,canonical,1,canonical,0,opposite_same_wording,FINAL_INSTRUCTION_END,selected_V_sufficiency,0.04144829511642456,FINAL_INSTRUCTION_END,USER_END,,,,
confirmation,exp12_config_command_07,config_command,canonical,1,canonical,0,opposite_same_wording,FINAL_INSTRUCTION_END,selected_V_necessity_loss,0.013823283836245537,FINAL_INSTRUCTION_END,USER_END,,,,
confirmation,exp12_config_command_07,config_command,canonical,1,canonical,0,opposite_same_wording,OLD_ABSOLUTE,old_absolute_V_sufficiency,0.08961237594485283,FINAL_INSTRUCTION_END,USER_END,,,,
confirmation,exp12_config_command_07,config_command,canonical,1,canonical,0,opposite_same_wording,OLD_ABSOLUTE,old_absolute_local_V_necessity_loss,-0.03825409710407257,FINAL_INSTRUCTION_END,USER_END,,,,
confirmation,exp12_config_command_07,config_command,canonical,1,canonical,0,opposite_same_wording,USER_END,runner_up_V_sufficiency,0.13874538987874985,FINAL_INSTRUCTION_END,USER_END,,,,
confirmation,exp12_config_command_07,config_command,canonical,1,canonical,0,opposite_same_wording,USER_END,runner_up_V_necessity_loss,0.06928635761141777,FINAL_INSTRUCTION_END,USER_END,,,,
confirmation,exp12_config_command_07,config_command,canonical,1,canonical,0,opposite_same_wording,FINAL_INSTRUCTION_END,reader_verified_v_effect,0.04144829511642456,FINAL_INSTRUCTION_END,USER_END,0.0,0.0,0.0,
confirmation,exp12_config_command_07,config_command,canonical,1,canonical,0,opposite_same_wording,FINAL_INSTRUCTION_END,reader_target_sufficiency,0.055338822305202484,FINAL_INSTRUCTION_END,USER_END,0.0,0.0,0.0,
confirmation,exp12_config_command_07,config_command,canonical,1,canonical,0,opposite_same_wording,FINAL_INSTRUCTION_END,reader_target_necessity,0.05517306365072727,FINAL_INSTRUCTION_END,USER_END,0.0,0.0,0.0,
confirmation,exp12_config_command_07,config_command,canonical,1,canonical,0,opposite_same_wording,FINAL_INSTRUCTION_END,reader_negative_sufficiency,-0.020858699455857277,FINAL_INSTRUCTION_END,USER_END,0.0,0.0,0.0,
confirmation,exp12_config_command_07,config_command,canonical,1,canonical,0,opposite_same_wording,FINAL_INSTRUCTION_END,reader_negative_necessity,-0.02787073701620102,FINAL_INSTRUCTION_END,USER_END,0.0,0.0,0.0,
confirmation,exp12_config_command_07,config_command,canonical,1,canonical,0,opposite_same_wording,FINAL_INSTRUCTION_END,reader_all7_sufficiency,0.04144829511642456,FINAL_INSTRUCTION_END,USER_END,0.0,0.0,0.0,
confirmation,exp12_config_command_07,config_command,canonical,1,canonical,0,opposite_same_wording,FINAL_INSTRUCTION_END,reader_all7_necessity,0.04144829511642456,FINAL_INSTRUCTION_END,USER_END,0.0,0.0,0.0,
confirmation,exp12_config_command_07,config_command,canonical,1,canonical,0,opposite_same_wording,FINAL_INSTRUCTION_END,reader_non_kv0_sufficiency,-0.0,FINAL_INSTRUCTION_END,USER_END,0.0,0.0,0.0,
confirmation,exp12_config_command_07,config_command,canonical,1,canonical,0,opposite_same_wording,FINAL_INSTRUCTION_END,reader_non_kv0_necessity,0.0,FINAL_INSTRUCTION_END,USER_END,0.0,0.0,0.0,
confirmation,exp12_config_command_07,config_command,canonical,1,paraphrase,0,opposite_cross_wording,FINAL_INSTRUCTION_END,cross_selected_V_sufficiency,0.04831353574991226,,,,,,USER_END
confirmation,exp12_config_command_07,config_command,canonical,1,paraphrase,0,opposite_cross_wording,FINAL_INSTRUCTION_END,cross_selected_V_necessity_loss,0.013665813952684402,,,,,,USER_END
confirmation,exp12_config_command_07,config_command,canonical,1,paraphrase,1,same_state_cross_wording,FINAL_INSTRUCTION_END,same_state_selected_V_control,-0.034434400498867035,,,,,,USER_END
confirmation,exp12_config_command_07,config_command,paraphrase,1,paraphrase,0,opposite_same_wording,USER_END,selected_H20_residual_effect,0.0392816960811615,USER_END,FINAL_INSTRUCTION_END,,,,
confirmation,exp12_config_command_07,config_command,paraphrase,1,paraphrase,0,opposite_same_wording,USER_END,selected_V_sufficiency,0.033725589513778687,USER_END,FINAL_INSTRUCTION_END,,,,
confirmation,exp12_config_command_07,config_command,paraphrase,1,paraphrase,0,opposite_same_wording,USER_END,selected_V_necessity_loss,0.013311803340911865,USER_END,FINAL_INSTRUCTION_END,,,,
confirmation,exp12_config_command_07,config_command,paraphrase,1,paraphrase,0,opposite_same_wording,OLD_ABSOLUTE,old_absolute_V_sufficiency,-0.026387155055999756,USER_END,FINAL_INSTRUCTION_END,,,,
confirmation,exp12_config_command_07,config_command,paraphrase,1,paraphrase,0,opposite_same_wording,OLD_ABSOLUTE,old_absolute_local_V_necessity_loss,-0.018565475940704346,USER_END,FINAL_INSTRUCTION_END,,,,
confirmation,exp12_config_command_07,config_command,paraphrase,1,paraphrase,0,opposite_same_wording,FINAL_INSTRUCTION_END,runner_up_V_sufficiency,0.013718605041503906,USER_END,FINAL_INSTRUCTION_END,,,,
confirmation,exp12_config_command_07,config_command,paraphrase,1,paraphrase,0,opposite_same_wording,FINAL_INSTRUCTION_END,runner_up_V_necessity_loss,0.006965458393096924,USER_END,FINAL_INSTRUCTION_END,,,,
confirmation,exp12_config_command_07,config_command,paraphrase,1,paraphrase,0,opposite_same_wording,USER_END,reader_verified_v_effect,0.033725589513778687,USER_END,FINAL_INSTRUCTION_END,0.0,0.0,0.0,
confirmation,exp12_config_command_07,config_command,paraphrase,1,paraphrase,0,opposite_same_wording,USER_END,reader_target_sufficiency,0.03922274708747864,USER_END,FINAL_INSTRUCTION_END,0.0,0.0,0.0,
confirmation,exp12_config_command_07,config_command,paraphrase,1,paraphrase,0,opposite_same_wording,USER_END,reader_target_necessity,0.059869587421417236,USER_END,FINAL_INSTRUCTION_END,0.0,0.0,0.0,
confirmation,exp12_config_command_07,config_command,paraphrase,1,paraphrase,0,opposite_same_wording,USER_END,reader_negative_sufficiency,-0.02606603503227234,USER_END,FINAL_INSTRUCTION_END,0.0,0.0,0.0,
confirmation,exp12_config_command_07,config_command,paraphrase,1,paraphrase,0,opposite_same_wording,USER_END,reader_negative_necessity,-0.025539636611938477,USER_END,FINAL_INSTRUCTION_END,0.0,0.0,0.0,
confirmation,exp12_config_command_07,config_command,paraphrase,1,paraphrase,0,opposite_same_wording,USER_END,reader_all7_sufficiency,0.033725589513778687,USER_END,FINAL_INSTRUCTION_END,0.0,0.0,0.0,
confirmation,exp12_config_command_07,config_command,paraphrase,1,paraphrase,0,opposite_same_wording,USER_END,reader_all7_necessity,0.033725589513778687,USER_END,FINAL_INSTRUCTION_END,0.0,0.0,0.0,
confirmation,exp12_config_command_07,config_command,paraphrase,1,paraphrase,0,opposite_same_wording,USER_END,reader_non_kv0_sufficiency,-0.0,USER_END,FINAL_INSTRUCTION_END,0.0,0.0,0.0,
confirmation,exp12_config_command_07,config_command,paraphrase,1,paraphrase,0,opposite_same_wording,USER_END,reader_non_kv0_necessity,0.0,USER_END,FINAL_INSTRUCTION_END,0.0,0.0,0.0,
confirmation,exp12_config_command_07,config_command,paraphrase,1,canonical,0,opposite_cross_wording,USER_END,cross_selected_V_sufficiency,0.02744808793067932,,,,,,FINAL_INSTRUCTION_END
confirmation,exp12_config_command_07,config_command,paraphrase,1,canonical,0,opposite_cross_wording,USER_END,cross_selected_V_necessity_loss,0.01386144757270813,,,,,,FINAL_INSTRUCTION_END
confirmation,exp12_config_command_07,config_command,paraphrase,1,canonical,1,same_state_cross_wording,USER_END,same_state_selected_V_control,0.01073366403579712,,,,,,FINAL_INSTRUCTION_END
confirmation,exp12_config_command_13,config_command,canonical,0,canonical,1,opposite_same_wording,FINAL_INSTRUCTION_END,selected_H20_residual_effect,0.019107341766357422,FINAL_INSTRUCTION_END,USER_END,,,,
confirmation,exp12_config_command_13,config_command,canonical,0,canonical,1,opposite_same_wording,FINAL_INSTRUCTION_END,selected_V_sufficiency,0.006595730781555176,FINAL_INSTRUCTION_END,USER_END,,,,
confirmation,exp12_config_command_13,config_command,canonical,0,canonical,1,opposite_same_wording,FINAL_INSTRUCTION_END,selected_V_necessity_loss,0.013142779469490051,FINAL_INSTRUCTION_END,USER_END,,,,
confirmation,exp12_config_command_13,config_command,canonical,0,canonical,1,opposite_same_wording,OLD_ABSOLUTE,old_absolute_V_sufficiency,0.0006403625011444092,FINAL_INSTRUCTION_END,USER_END,,,,
confirmation,exp12_config_command_13,config_command,canonical,0,canonical,1,opposite_same_wording,OLD_ABSOLUTE,old_absolute_local_V_necessity_loss,0.039381906390190125,FINAL_INSTRUCTION_END,USER_END,,,,
confirmation,exp12_config_command_13,config_command,canonical,0,canonical,1,opposite_same_wording,USER_END,runner_up_V_sufficiency,0.01251886785030365,FINAL_INSTRUCTION_END,USER_END,,,,
confirmation,exp12_config_command_13,config_command,canonical,0,canonical,1,opposite_same_wording,USER_END,runner_up_V_necessity_loss,0.006800428032875061,FINAL_INSTRUCTION_END,USER_END,,,,
confirmation,exp12_config_command_13,config_command,canonical,0,canonical,1,opposite_same_wording,FINAL_INSTRUCTION_END,reader_verified_v_effect,0.006595730781555176,FINAL_INSTRUCTION_END,USER_END,0.0,0.0,0.0,
confirmation,exp12_config_command_13,config_command,canonical,0,canonical,1,opposite_same_wording,FINAL_INSTRUCTION_END,reader_target_sufficiency,0.012804627418518066,FINAL_INSTRUCTION_END,USER_END,0.0,0.0,0.0,
confirmation,exp12_config_command_13,config_command,canonical,0,canonical,1,opposite_same_wording,FINAL_INSTRUCTION_END,reader_target_necessity,0.019110828638076782,FINAL_INSTRUCTION_END,USER_END,0.0,0.0,0.0,
confirmation,exp12_config_command_13,config_command,canonical,0,canonical,1,opposite_same_wording,FINAL_INSTRUCTION_END,reader_negative_sufficiency,-0.012559473514556885,FINAL_INSTRUCTION_END,USER_END,0.0,0.0,0.0,
confirmation,exp12_config_command_13,config_command,canonical,0,canonical,1,opposite_same_wording,FINAL_INSTRUCTION_END,reader_negative_necessity,-0.012124419212341309,FINAL_INSTRUCTION_END,USER_END,0.0,0.0,0.0,
confirmation,exp12_config_command_13,config_command,canonical,0,canonical,1,opposite_same_wording,FINAL_INSTRUCTION_END,reader_all7_sufficiency,0.006595730781555176,FINAL_INSTRUCTION_END,USER_END,0.0,0.0,0.0,
confirmation,exp12_config_command_13,config_command,canonical,0,canonical,1,opposite_same_wording,FINAL_INSTRUCTION_END,reader_all7_necessity,0.006595730781555176,FINAL_INSTRUCTION_END,USER_END,0.0,0.0,0.0,
confirmation,exp12_config_command_13,config_command,canonical,0,canonical,1,opposite_same_wording,FINAL_INSTRUCTION_END,reader_non_kv0_sufficiency,0.0,FINAL_INSTRUCTION_END,USER_END,0.0,0.0,0.0,
confirmation,exp12_config_command_13,config_command,canonical,0,canonical,1,opposite_same_wording,FINAL_INSTRUCTION_END,reader_non_kv0_necessity,0.0,FINAL_INSTRUCTION_END,USER_END,0.0,0.0,0.0,
confirmation,exp12_config_command_13,config_command,canonical,0,paraphrase,1,opposite_cross_wording,FINAL_INSTRUCTION_END,cross_selected_V_sufficiency,-0.006497979164123535,,,,,,USER_END
confirmation,exp12_config_command_13,config_command,canonical,0,paraphrase,1,opposite_cross_wording,FINAL_INSTRUCTION_END,cross_selected_V_necessity_loss,0.013043969869613647,,,,,,USER_END
confirmation,exp12_config_command_13,config_command,canonical,0,paraphrase,0,same_state_cross_wording,FINAL_INSTRUCTION_END,same_state_selected_V_control,0.013458922505378723,,,,,,USER_END
confirmation,exp12_config_command_13,config_command,paraphrase,0,paraphrase,1,opposite_same_wording,USER_END,selected_H20_residual_effect,0.027144581079483032,USER_END,FINAL_INSTRUCTION_END,,,,
confirmation,exp12_config_command_13,config_command,paraphrase,0,paraphrase,1,opposite_same_wording,USER_END,selected_V_sufficiency,0.012440696358680725,USER_END,FINAL_INSTRUCTION_END,,,,
confirmation,exp12_config_command_13,config_command,paraphrase,0,paraphrase,1,opposite_same_wording,USER_END,selected_V_necessity_loss,0.01672545075416565,USER_END,FINAL_INSTRUCTION_END,,,,
confirmation,exp12_config_command_13,config_command,paraphrase,0,paraphrase,1,opposite_same_wording,OLD_ABSOLUTE,old_absolute_V_sufficiency,-0.010198026895523071,USER_END,FINAL_INSTRUCTION_END,,,,
confirmation,exp12_config_command_13,config_command,paraphrase,0,paraphrase,1,opposite_same_wording,OLD_ABSOLUTE,old_absolute_local_V_necessity_loss,-0.017120376229286194,USER_END,FINAL_INSTRUCTION_END,,,,
confirmation,exp12_config_command_13,config_command,paraphrase,0,paraphrase,1,opposite_same_wording,FINAL_INSTRUCTION_END,runner_up_V_sufficiency,0.013968691229820251,USER_END,FINAL_INSTRUCTION_END,,,,
confirmation,exp12_config_command_13,config_command,paraphrase,0,paraphrase,1,opposite_same_wording,FINAL_INSTRUCTION_END,runner_up_V_necessity_loss,0.010340958833694458,USER_END,FINAL_INSTRUCTION_END,,,,
confirmation,exp12_config_command_13,config_command,paraphrase,0,paraphrase,1,opposite_same_wording,USER_END,reader_verified_v_effect,0.012440696358680725,USER_END,FINAL_INSTRUCTION_END,0.0,0.0,0.0,
confirmation,exp12_config_command_13,config_command,paraphrase,0,paraphrase,1,opposite_same_wording,USER_END,reader_target_sufficiency,0.018369197845458984,USER_END,FINAL_INSTRUCTION_END,0.0,0.0,0.0,
confirmation,exp12_config_command_13,config_command,paraphrase,0,paraphrase,1,opposite_same_wording,USER_END,reader_target_necessity,0.005133330821990967,USER_END,FINAL_INSTRUCTION_END,0.0,0.0,0.0,
confirmation,exp12_config_command_13,config_command,paraphrase,0,paraphrase,1,opposite_same_wording,USER_END,reader_negative_sufficiency,-0.009728625416755676,USER_END,FINAL_INSTRUCTION_END,0.0,0.0,0.0,
confirmation,exp12_config_command_13,config_command,paraphrase,0,paraphrase,1,opposite_same_wording,USER_END,reader_negative_necessity,-0.0033292174339294434,USER_END,FINAL_INSTRUCTION_END,0.0,0.0,0.0,
confirmation,exp12_config_command_13,config_command,paraphrase,0,paraphrase,1,opposite_same_wording,USER_END,reader_all7_sufficiency,0.012440696358680725,USER_END,FINAL_INSTRUCTION_END,0.0,0.0,0.0,
confirmation,exp12_config_command_13,config_command,paraphrase,0,paraphrase,1,opposite_same_wording,USER_END,reader_all7_necessity,0.012440696358680725,USER_END,FINAL_INSTRUCTION_END,0.0,0.0,0.0,
confirmation,exp12_config_command_13,config_command,paraphrase,0,paraphrase,1,opposite_same_wording,USER_END,reader_non_kv0_sufficiency,0.0,USER_END,FINAL_INSTRUCTION_END,0.0,0.0,0.0,
confirmation,exp12_config_command_13,config_command,paraphrase,0,paraphrase,1,opposite_same_wording,USER_END,reader_non_kv0_necessity,0.0,USER_END,FINAL_INSTRUCTION_END,0.0,0.0,0.0,
confirmation,exp12_config_command_13,config_command,paraphrase,0,canonical,1,opposite_cross_wording,USER_END,cross_selected_V_sufficiency,0.021939992904663086,,,,,,FINAL_INSTRUCTION_END
confirmation,exp12_config_command_13,config_command,paraphrase,0,canonical,1,opposite_cross_wording,USER_END,cross_selected_V_necessity_loss,0.028327226638793945,,,,,,FINAL_INSTRUCTION_END
confirmation,exp12_config_command_13,config_command,paraphrase,0,canonical,0,same_state_cross_wording,USER_END,same_state_selected_V_control,0.02075318992137909,,,,,,FINAL_INSTRUCTION_END
confirmation,exp12_config_command_13,config_command,canonical,1,canonical,0,opposite_same_wording,FINAL_INSTRUCTION_END,selected_H20_residual_effect,0.020838122814893723,FINAL_INSTRUCTION_END,USER_END,,,,
confirmation,exp12_config_command_13,config_command,canonical,1,canonical,0,opposite_same_wording,FINAL_INSTRUCTION_END,selected_V_sufficiency,0.041655197739601135,FINAL_INSTRUCTION_END,USER_END,,,,
confirmation,exp12_config_command_13,config_command,canonical,1,canonical,0,opposite_same_wording,FINAL_INSTRUCTION_END,selected_V_necessity_loss,0.020800204947590828,FINAL_INSTRUCTION_END,USER_END,,,,
confirmation,exp12_config_command_13,config_command,canonical,1,canonical,0,opposite_same_wording,OLD_ABSOLUTE,old_absolute_V_sufficiency,0.06250069104135036,FINAL_INSTRUCTION_END,USER_END,,,,
confirmation,exp12_config_command_13,config_command,canonical,1,canonical,0,opposite_same_wording,OLD_ABSOLUTE,old_absolute_local_V_necessity_loss,-0.02610412985086441,FINAL_INSTRUCTION_END,USER_END,,,,
confirmation,exp12_config_command_13,config_command,canonical,1,canonical,0,opposite_same_wording,USER_END,runner_up_V_sufficiency,0.138917351141572,FINAL_INSTRUCTION_END,USER_END,,,,
confirmation,exp12_config_command_13,config_command,canonical,1,canonical,0,opposite_same_wording,USER_END,runner_up_V_necessity_loss,0.10420174896717072,FINAL_INSTRUCTION_END,USER_END,,,,
confirmation,exp12_config_command_13,config_command,canonical,1,canonical,0,opposite_same_wording,FINAL_INSTRUCTION_END,reader_verified_v_effect,0.041655197739601135,FINAL_INSTRUCTION_END,USER_END,0.0,0.0,0.0,
confirmation,exp12_config_command_13,config_command,canonical,1,canonical,0,opposite_same_wording,FINAL_INSTRUCTION_END,reader_target_sufficiency,0.06254135631024837,FINAL_INSTRUCTION_END,USER_END,0.0,0.0,0.0,
confirmation,exp12_config_command_13,config_command,canonical,1,canonical,0,opposite_same_wording,FINAL_INSTRUCTION_END,reader_target_necessity,0.06253812648355961,FINAL_INSTRUCTION_END,USER_END,0.0,0.0,0.0,
confirmation,exp12_config_command_13,config_command,canonical,1,canonical,0,opposite_same_wording,FINAL_INSTRUCTION_END,reader_negative_sufficiency,-0.02783869206905365,FINAL_INSTRUCTION_END,USER_END,0.0,0.0,0.0,
confirmation,exp12_config_command_13,config_command,canonical,1,canonical,0,opposite_same_wording,FINAL_INSTRUCTION_END,reader_negative_necessity,-0.03464791178703308,FINAL_INSTRUCTION_END,USER_END,0.0,0.0,0.0,
confirmation,exp12_config_command_13,config_command,canonical,1,canonical,0,opposite_same_wording,FINAL_INSTRUCTION_END,reader_all7_sufficiency,0.041655197739601135,FINAL_INSTRUCTION_END,USER_END,0.0,0.0,0.0,
confirmation,exp12_config_command_13,config_command,canonical,1,canonical,0,opposite_same_wording,FINAL_INSTRUCTION_END,reader_all7_necessity,0.041655197739601135,FINAL_INSTRUCTION_END,USER_END,0.0,0.0,0.0,
confirmation,exp12_config_command_13,config_command,canonical,1,canonical,0,opposite_same_wording,FINAL_INSTRUCTION_END,reader_non_kv0_sufficiency,-0.0,FINAL_INSTRUCTION_END,USER_END,0.0,0.0,0.0,
confirmation,exp12_config_command_13,config_command,canonical,1,canonical,0,opposite_same_wording,FINAL_INSTRUCTION_END,reader_non_kv0_necessity,0.0,FINAL_INSTRUCTION_END,USER_END,0.0,0.0,0.0,
confirmation,exp12_config_command_13,config_command,canonical,1,paraphrase,0,opposite_cross_wording,FINAL_INSTRUCTION_END,cross_selected_V_sufficiency,0.0419005211442709,,,,,,USER_END
confirmation,exp12_config_command_13,config_command,canonical,1,paraphrase,0,opposite_cross_wording,FINAL_INSTRUCTION_END,cross_selected_V_necessity_loss,0.00722057931125164,,,,,,USER_END
confirmation,exp12_config_command_13,config_command,canonical,1,paraphrase,1,same_state_cross_wording,FINAL_INSTRUCTION_END,same_state_selected_V_control,-0.02789619192481041,,,,,,USER_END
confirmation,exp12_config_command_13,config_command,paraphrase,1,paraphrase,0,opposite_same_wording,USER_END,selected_H20_residual_effect,0.03288343548774719,USER_END,FINAL_INSTRUCTION_END,,,,
confirmation,exp12_config_command_13,config_command,paraphrase,1,paraphrase,0,opposite_same_wording,USER_END,selected_V_sufficiency,0.026869922876358032,USER_END,FINAL_INSTRUCTION_END,,,,
confirmation,exp12_config_command_13,config_command,paraphrase,1,paraphrase,0,opposite_same_wording,USER_END,selected_V_necessity_loss,0.020275026559829712,USER_END,FINAL_INSTRUCTION_END,,,,
confirmation,exp12_config_command_13,config_command,paraphrase,1,paraphrase,0,opposite_same_wording,OLD_ABSOLUTE,old_absolute_V_sufficiency,-0.03174412250518799,USER_END,FINAL_INSTRUCTION_END,,,,
confirmation,exp12_config_command_13,config_command,paraphrase,1,paraphrase,0,opposite_same_wording,OLD_ABSOLUTE,old_absolute_local_V_necessity_loss,-0.02510133385658264,USER_END,FINAL_INSTRUCTION_END,,,,
confirmation,exp12_config_command_13,config_command,paraphrase,1,paraphrase,0,opposite_same_wording,FINAL_INSTRUCTION_END,runner_up_V_sufficiency,0.01343730092048645,USER_END,FINAL_INSTRUCTION_END,,,,
confirmation,exp12_config_command_13,config_command,paraphrase,1,paraphrase,0,opposite_same_wording,FINAL_INSTRUCTION_END,runner_up_V_necessity_loss,0.007354617118835449,USER_END,FINAL_INSTRUCTION_END,,,,
confirmation,exp12_config_command_13,config_command,paraphrase,1,paraphrase,0,opposite_same_wording,USER_END,reader_verified_v_effect,0.026869922876358032,USER_END,FINAL_INSTRUCTION_END,0.0,0.0,0.0,
confirmation,exp12_config_command_13,config_command,paraphrase,1,paraphrase,0,opposite_same_wording,USER_END,reader_target_sufficiency,0.046599388122558594,USER_END,FINAL_INSTRUCTION_END,0.0,0.0,0.0,
confirmation,exp12_config_command_13,config_command,paraphrase,1,paraphrase,0,opposite_same_wording,USER_END,reader_target_necessity,0.04612690210342407,USER_END,FINAL_INSTRUCTION_END,0.0,0.0,0.0,
confirmation,exp12_config_command_13,config_command,paraphrase,1,paraphrase,0,opposite_same_wording,USER_END,reader_negative_sufficiency,-0.03233608603477478,USER_END,FINAL_INSTRUCTION_END,0.0,0.0,0.0,
confirmation,exp12_config_command_13,config_command,paraphrase,1,paraphrase,0,opposite_same_wording,USER_END,reader_negative_necessity,-0.026380985975265503,USER_END,FINAL_INSTRUCTION_END,0.0,0.0,0.0,
confirmation,exp12_config_command_13,config_command,paraphrase,1,paraphrase,0,opposite_same_wording,USER_END,reader_all7_sufficiency,0.026869922876358032,USER_END,FINAL_INSTRUCTION_END,0.0,0.0,0.0,
confirmation,exp12_config_command_13,config_command,paraphrase,1,paraphrase,0,opposite_same_wording,USER_END,reader_all7_necessity,0.026869922876358032,USER_END,FINAL_INSTRUCTION_END,0.0,0.0,0.0,
confirmation,exp12_config_command_13,config_command,paraphrase,1,paraphrase,0,opposite_same_wording,USER_END,reader_non_kv0_sufficiency,-0.0,USER_END,FINAL_INSTRUCTION_END,0.0,0.0,0.0,
confirmation,exp12_config_command_13,config_command,paraphrase,1,paraphrase,0,opposite_same_wording,USER_END,reader_non_kv0_necessity,0.0,USER_END,FINAL_INSTRUCTION_END,0.0,0.0,0.0,
confirmation,exp12_config_command_13,config_command,paraphrase,1,canonical,0,opposite_cross_wording,USER_END,cross_selected_V_sufficiency,0.02839985489845276,,,,,,FINAL_INSTRUCTION_END
confirmation,exp12_config_command_13,config_command,paraphrase,1,canonical,0,opposite_cross_wording,USER_END,cross_selected_V_necessity_loss,0.014193981885910034,,,,,,FINAL_INSTRUCTION_END
confirmation,exp12_config_command_13,config_command,paraphrase,1,canonical,1,same_state_cross_wording,USER_END,same_state_selected_V_control,0.016830921173095703,,,,,,FINAL_INSTRUCTION_END
confirmation,exp12_config_command_14,config_command,canonical,0,canonical,1,opposite_same_wording,FINAL_INSTRUCTION_END,selected_H20_residual_effect,0.037783458828926086,FINAL_INSTRUCTION_END,USER_END,,,,
confirmation,exp12_config_command_14,config_command,canonical,0,canonical,1,opposite_same_wording,FINAL_INSTRUCTION_END,selected_V_sufficiency,0.018764078617095947,FINAL_INSTRUCTION_END,USER_END,,,,
confirmation,exp12_config_command_14,config_command,canonical,0,canonical,1,opposite_same_wording,FINAL_INSTRUCTION_END,selected_V_necessity_loss,0.03153611719608307,FINAL_INSTRUCTION_END,USER_END,,,,
confirmation,exp12_config_command_14,config_command,canonical,0,canonical,1,opposite_same_wording,OLD_ABSOLUTE,old_absolute_V_sufficiency,0.0065482258796691895,FINAL_INSTRUCTION_END,USER_END,,,,
confirmation,exp12_config_command_14,config_command,canonical,0,canonical,1,opposite_same_wording,OLD_ABSOLUTE,old_absolute_local_V_necessity_loss,0.025122597813606262,FINAL_INSTRUCTION_END,USER_END,,,,
confirmation,exp12_config_command_14,config_command,canonical,0,canonical,1,opposite_same_wording,USER_END,runner_up_V_sufficiency,0.025287076830863953,FINAL_INSTRUCTION_END,USER_END,,,,
confirmation,exp12_config_command_14,config_command,canonical,0,canonical,1,opposite_same_wording,USER_END,runner_up_V_necessity_loss,0.019082054495811462,FINAL_INSTRUCTION_END,USER_END,,,,
confirmation,exp12_config_command_14,config_command,canonical,0,canonical,1,opposite_same_wording,FINAL_INSTRUCTION_END,reader_verified_v_effect,0.018764078617095947,FINAL_INSTRUCTION_END,USER_END,0.0,0.0,0.0,
confirmation,exp12_config_command_14,config_command,canonical,0,canonical,1,opposite_same_wording,FINAL_INSTRUCTION_END,reader_target_sufficiency,0.03126665949821472,FINAL_INSTRUCTION_END,USER_END,0.0,0.0,0.0,
confirmation,exp12_config_command_14,config_command,canonical,0,canonical,1,opposite_same_wording,FINAL_INSTRUCTION_END,reader_target_necessity,0.018774911761283875,FINAL_INSTRUCTION_END,USER_END,0.0,0.0,0.0,
confirmation,exp12_config_command_14,config_command,canonical,0,canonical,1,opposite_same_wording,FINAL_INSTRUCTION_END,reader_negative_sufficiency,-2.4244189262390137e-05,FINAL_INSTRUCTION_END,USER_END,0.0,0.0,0.0,
confirmation,exp12_config_command_14,config_command,canonical,0,canonical,1,opposite_same_wording,FINAL_INSTRUCTION_END,reader_negative_necessity,-0.006518423557281494,FINAL_INSTRUCTION_END,USER_END,0.0,0.0,0.0,
confirmation,exp12_config_command_14,config_command,canonical,0,canonical,1,opposite_same_wording,FINAL_INSTRUCTION_END,reader_all7_sufficiency,0.018764078617095947,FINAL_INSTRUCTION_END,USER_END,0.0,0.0,0.0,
confirmation,exp12_config_command_14,config_command,canonical,0,canonical,1,opposite_same_wording,FINAL_INSTRUCTION_END,reader_all7_necessity,0.018764078617095947,FINAL_INSTRUCTION_END,USER_END,0.0,0.0,0.0,
confirmation,exp12_config_command_14,config_command,canonical,0,canonical,1,opposite_same_wording,FINAL_INSTRUCTION_END,reader_non_kv0_sufficiency,0.0,FINAL_INSTRUCTION_END,USER_END,0.0,0.0,0.0,
confirmation,exp12_config_command_14,config_command,canonical,0,canonical,1,opposite_same_wording,FINAL_INSTRUCTION_END,reader_non_kv0_necessity,0.0,FINAL_INSTRUCTION_END,USER_END,0.0,0.0,0.0,
confirmation,exp12_config_command_14,config_command,canonical,0,paraphrase,1,opposite_cross_wording,FINAL_INSTRUCTION_END,cross_selected_V_sufficiency,-0.006234109401702881,,,,,,USER_END
confirmation,exp12_config_command_14,config_command,canonical,0,paraphrase,1,opposite_cross_wording,FINAL_INSTRUCTION_END,cross_selected_V_necessity_loss,0.01219893991947174,,,,,,USER_END
confirmation,exp12_config_command_14,config_command,canonical,0,paraphrase,0,same_state_cross_wording,FINAL_INSTRUCTION_END,same_state_selected_V_control,-0.012518957257270813,,,,,,USER_END
confirmation,exp12_config_command_14,config_command,paraphrase,0,paraphrase,1,opposite_same_wording,USER_END,selected_H20_residual_effect,0.018777385354042053,USER_END,FINAL_INSTRUCTION_END,,,,
confirmation,exp12_config_command_14,config_command,paraphrase,0,paraphrase,1,opposite_same_wording,USER_END,selected_V_sufficiency,0.00630168616771698,USER_END,FINAL_INSTRUCTION_END,,,,
confirmation,exp12_config_command_14,config_command,paraphrase,0,paraphrase,1,opposite_same_wording,USER_END,selected_V_necessity_loss,0.012541651725769043,USER_END,FINAL_INSTRUCTION_END,,,,
confirmation,exp12_config_command_14,config_command,paraphrase,0,paraphrase,1,opposite_same_wording,OLD_ABSOLUTE,old_absolute_V_sufficiency,-0.024949312210083008,USER_END,FINAL_INSTRUCTION_END,,,,
confirmation,exp12_config_command_14,config_command,paraphrase,0,paraphrase,1,opposite_same_wording,OLD_ABSOLUTE,old_absolute_local_V_necessity_loss,-0.012469261884689331,USER_END,FINAL_INSTRUCTION_END,,,,
confirmation,exp12_config_command_14,config_command,paraphrase,0,paraphrase,1,opposite_same_wording,FINAL_INSTRUCTION_END,runner_up_V_sufficiency,-0.006267830729484558,USER_END,FINAL_INSTRUCTION_END,,,,
confirmation,exp12_config_command_14,config_command,paraphrase,0,paraphrase,1,opposite_same_wording,FINAL_INSTRUCTION_END,runner_up_V_necessity_loss,0.0062132179737091064,USER_END,FINAL_INSTRUCTION_END,,,,
confirmation,exp12_config_command_14,config_command,paraphrase,0,paraphrase,1,opposite_same_wording,USER_END,reader_verified_v_effect,0.00630168616771698,USER_END,FINAL_INSTRUCTION_END,0.0,0.0,0.0,
confirmation,exp12_config_command_14,config_command,paraphrase,0,paraphrase,1,opposite_same_wording,USER_END,reader_target_sufficiency,0.01255190372467041,USER_END,FINAL_INSTRUCTION_END,0.0,0.0,0.0,
confirmation,exp12_config_command_14,config_command,paraphrase,0,paraphrase,1,opposite_same_wording,USER_END,reader_target_necessity,0.018746912479400635,USER_END,FINAL_INSTRUCTION_END,0.0,0.0,0.0,
confirmation,exp12_config_command_14,config_command,paraphrase,0,paraphrase,1,opposite_same_wording,USER_END,reader_negative_sufficiency,-0.01245911419391632,USER_END,FINAL_INSTRUCTION_END,0.0,0.0,0.0,
confirmation,exp12_config_command_14,config_command,paraphrase,0,paraphrase,1,opposite_same_wording,USER_END,reader_negative_necessity,-0.012500345706939697,USER_END,FINAL_INSTRUCTION_END,0.0,0.0,0.0,
confirmation,exp12_config_command_14,config_command,paraphrase,0,paraphrase,1,opposite_same_wording,USER_END,reader_all7_sufficiency,0.00630168616771698,USER_END,FINAL_INSTRUCTION_END,0.0,0.0,0.0,
confirmation,exp12_config_command_14,config_command,paraphrase,0,paraphrase,1,opposite_same_wording,USER_END,reader_all7_necessity,0.00630168616771698,USER_END,FINAL_INSTRUCTION_END,0.0,0.0,0.0,
confirmation,exp12_config_command_14,config_command,paraphrase,0,paraphrase,1,opposite_same_wording,USER_END,reader_non_kv0_sufficiency,0.0,USER_END,FINAL_INSTRUCTION_END,0.0,0.0,0.0,
confirmation,exp12_config_command_14,config_command,paraphrase,0,paraphrase,1,opposite_same_wording,USER_END,reader_non_kv0_necessity,0.0,USER_END,FINAL_INSTRUCTION_END,0.0,0.0,0.0,
confirmation,exp12_config_command_14,config_command,paraphrase,0,canonical,1,opposite_cross_wording,USER_END,cross_selected_V_sufficiency,0.006306067109107971,,,,,,FINAL_INSTRUCTION_END
confirmation,exp12_config_command_14,config_command,paraphrase,0,canonical,1,opposite_cross_wording,USER_END,cross_selected_V_necessity_loss,0.05631543695926666,,,,,,FINAL_INSTRUCTION_END
confirmation,exp12_config_command_14,config_command,paraphrase,0,canonical,0,same_state_cross_wording,USER_END,same_state_selected_V_control,0.02495509386062622,,,,,,FINAL_INSTRUCTION_END
confirmation,exp12_config_command_14,config_command,canonical,1,canonical,0,opposite_same_wording,FINAL_INSTRUCTION_END,selected_H20_residual_effect,0.02506524696946144,FINAL_INSTRUCTION_END,USER_END,,,,
confirmation,exp12_config_command_14,config_command,canonical,1,canonical,0,opposite_same_wording,FINAL_INSTRUCTION_END,selected_V_sufficiency,0.03128430247306824,FINAL_INSTRUCTION_END,USER_END,,,,
confirmation,exp12_config_command_14,config_command,canonical,1,canonical,0,opposite_same_wording,FINAL_INSTRUCTION_END,selected_V_necessity_loss,0.018749400973320007,FINAL_INSTRUCTION_END,USER_END,,,,
confirmation,exp12_config_command_14,config_command,canonical,1,canonical,0,opposite_same_wording,OLD_ABSOLUTE,old_absolute_V_sufficiency,0.06253920868039131,FINAL_INSTRUCTION_END,USER_END,,,,
confirmation,exp12_config_command_14,config_command,canonical,1,canonical,0,opposite_same_wording,OLD_ABSOLUTE,old_absolute_local_V_necessity_loss,-0.03752312809228897,FINAL_INSTRUCTION_END,USER_END,,,,
confirmation,exp12_config_command_14,config_command,canonical,1,canonical,0,opposite_same_wording,USER_END,runner_up_V_sufficiency,0.1375929843634367,FINAL_INSTRUCTION_END,USER_END,,,,
confirmation,exp12_config_command_14,config_command,canonical,1,canonical,0,opposite_same_wording,USER_END,runner_up_V_necessity_loss,0.08753246068954468,FINAL_INSTRUCTION_END,USER_END,,,,
confirmation,exp12_config_command_14,config_command,canonical,1,canonical,0,opposite_same_wording,FINAL_INSTRUCTION_END,reader_verified_v_effect,0.03128430247306824,FINAL_INSTRUCTION_END,USER_END,0.0,0.0,0.0,
confirmation,exp12_config_command_14,config_command,canonical,1,canonical,0,opposite_same_wording,FINAL_INSTRUCTION_END,reader_target_sufficiency,0.050005530938506126,FINAL_INSTRUCTION_END,USER_END,0.0,0.0,0.0,
confirmation,exp12_config_command_14,config_command,canonical,1,canonical,0,opposite_same_wording,FINAL_INSTRUCTION_END,reader_target_necessity,0.04375136084854603,FINAL_INSTRUCTION_END,USER_END,0.0,0.0,0.0,
confirmation,exp12_config_command_14,config_command,canonical,1,canonical,0,opposite_same_wording,FINAL_INSTRUCTION_END,reader_negative_sufficiency,-0.025002339854836464,FINAL_INSTRUCTION_END,USER_END,0.0,0.0,0.0,
confirmation,exp12_config_command_14,config_command,canonical,1,canonical,0,opposite_same_wording,FINAL_INSTRUCTION_END,reader_negative_necessity,-0.025022579357028008,FINAL_INSTRUCTION_END,USER_END,0.0,0.0,0.0,
confirmation,exp12_config_command_14,config_command,canonical,1,canonical,0,opposite_same_wording,FINAL_INSTRUCTION_END,reader_all7_sufficiency,0.03128430247306824,FINAL_INSTRUCTION_END,USER_END,0.0,0.0,0.0,
confirmation,exp12_config_command_14,config_command,canonical,1,canonical,0,opposite_same_wording,FINAL_INSTRUCTION_END,reader_all7_necessity,0.03128430247306824,FINAL_INSTRUCTION_END,USER_END,0.0,0.0,0.0,
confirmation,exp12_config_command_14,config_command,canonical,1,canonical,0,opposite_same_wording,FINAL_INSTRUCTION_END,reader_non_kv0_sufficiency,-0.0,FINAL_INSTRUCTION_END,USER_END,0.0,0.0,0.0,
confirmation,exp12_config_command_14,config_command,canonical,1,canonical,0,opposite_same_wording,FINAL_INSTRUCTION_END,reader_non_kv0_necessity,0.0,FINAL_INSTRUCTION_END,USER_END,0.0,0.0,0.0,
confirmation,exp12_config_command_14,config_command,canonical,1,paraphrase,0,opposite_cross_wording,FINAL_INSTRUCTION_END,cross_selected_V_sufficiency,0.03132030740380287,,,,,,USER_END
confirmation,exp12_config_command_14,config_command,canonical,1,paraphrase,0,opposite_cross_wording,FINAL_INSTRUCTION_END,cross_selected_V_necessity_loss,0.012508304789662361,,,,,,USER_END
confirmation,exp12_config_command_14,config_command,canonical,1,paraphrase,1,same_state_cross_wording,FINAL_INSTRUCTION_END,same_state_selected_V_control,-0.0188154187053442,,,,,,USER_END
confirmation,exp12_config_command_14,config_command,paraphrase,1,paraphrase,0,opposite_same_wording,USER_END,selected_H20_residual_effect,0.05620312690734863,USER_END,FINAL_INSTRUCTION_END,,,,
confirmation,exp12_config_command_14,config_command,paraphrase,1,paraphrase,0,opposite_same_wording,USER_END,selected_V_sufficiency,0.031158536672592163,USER_END,FINAL_INSTRUCTION_END,,,,
confirmation,exp12_config_command_14,config_command,paraphrase,1,paraphrase,0,opposite_same_wording,USER_END,selected_V_necessity_loss,0.02469688653945923,USER_END,FINAL_INSTRUCTION_END,,,,
confirmation,exp12_config_command_14,config_command,paraphrase,1,paraphrase,0,opposite_same_wording,OLD_ABSOLUTE,old_absolute_V_sufficiency,-0.01914885640144348,USER_END,FINAL_INSTRUCTION_END,,,,
confirmation,exp12_config_command_14,config_command,paraphrase,1,paraphrase,0,opposite_same_wording,OLD_ABSOLUTE,old_absolute_local_V_necessity_loss,-0.024641171097755432,USER_END,FINAL_INSTRUCTION_END,,,,
confirmation,exp12_config_command_14,config_command,paraphrase,1,paraphrase,0,opposite_same_wording,FINAL_INSTRUCTION_END,runner_up_V_sufficiency,0.018660277128219604,USER_END,FINAL_INSTRUCTION_END,,,,
confirmation,exp12_config_command_14,config_command,paraphrase,1,paraphrase,0,opposite_same_wording,FINAL_INSTRUCTION_END,runner_up_V_necessity_loss,0.01258501410484314,USER_END,FINAL_INSTRUCTION_END,,,,
confirmation,exp12_config_command_14,config_command,paraphrase,1,paraphrase,0,opposite_same_wording,USER_END,reader_verified_v_effect,0.031158536672592163,USER_END,FINAL_INSTRUCTION_END,0.0,0.0,0.0,
confirmation,exp12_config_command_14,config_command,paraphrase,1,paraphrase,0,opposite_same_wording,USER_END,reader_target_sufficiency,0.05619990825653076,USER_END,FINAL_INSTRUCTION_END,0.0,0.0,0.0,
confirmation,exp12_config_command_14,config_command,paraphrase,1,paraphrase,0,opposite_same_wording,USER_END,reader_target_necessity,0.049995988607406616,USER_END,FINAL_INSTRUCTION_END,0.0,0.0,0.0,
confirmation,exp12_config_command_14,config_command,paraphrase,1,paraphrase,0,opposite_same_wording,USER_END,reader_negative_sufficiency,-0.024737626314163208,USER_END,FINAL_INSTRUCTION_END,0.0,0.0,0.0,
confirmation,exp12_config_command_14,config_command,paraphrase,1,paraphrase,0,opposite_same_wording,USER_END,reader_negative_necessity,-0.03754085302352905,USER_END,FINAL_INSTRUCTION_END,0.0,0.0,0.0,
confirmation,exp12_config_command_14,config_command,paraphrase,1,paraphrase,0,opposite_same_wording,USER_END,reader_all7_sufficiency,0.031158536672592163,USER_END,FINAL_INSTRUCTION_END,0.0,0.0,0.0,
confirmation,exp12_config_command_14,config_command,paraphrase,1,paraphrase,0,opposite_same_wording,USER_END,reader_all7_necessity,0.031158536672592163,USER_END,FINAL_INSTRUCTION_END,0.0,0.0,0.0,
confirmation,exp12_config_command_14,config_command,paraphrase,1,paraphrase,0,opposite_same_wording,USER_END,reader_non_kv0_sufficiency,-0.0,USER_END,FINAL_INSTRUCTION_END,0.0,0.0,0.0,
confirmation,exp12_config_command_14,config_command,paraphrase,1,paraphrase,0,opposite_same_wording,USER_END,reader_non_kv0_necessity,0.0,USER_END,FINAL_INSTRUCTION_END,0.0,0.0,0.0,
confirmation,exp12_config_command_14,config_command,paraphrase,1,canonical,0,opposite_cross_wording,USER_END,cross_selected_V_sufficiency,0.024870753288269043,,,,,,FINAL_INSTRUCTION_END
confirmation,exp12_config_command_14,config_command,paraphrase,1,canonical,0,opposite_cross_wording,USER_END,cross_selected_V_necessity_loss,-8.600950241088867e-05,,,,,,FINAL_INSTRUCTION_END
confirmation,exp12_config_command_14,config_command,paraphrase,1,canonical,1,same_state_cross_wording,USER_END,same_state_selected_V_control,0.018922001123428345,,,,,,FINAL_INSTRUCTION_END
confirmation,exp12_config_command_15,config_command,canonical,0,canonical,1,opposite_same_wording,FINAL_INSTRUCTION_END,selected_H20_residual_effect,0.018327251076698303,FINAL_INSTRUCTION_END,USER_END,,,,
confirmation,exp12_config_command_15,config_command,canonical,0,canonical,1,opposite_same_wording,FINAL_INSTRUCTION_END,selected_V_sufficiency,0.019131645560264587,FINAL_INSTRUCTION_END,USER_END,,,,
confirmation,exp12_config_command_15,config_command,canonical,0,canonical,1,opposite_same_wording,FINAL_INSTRUCTION_END,selected_V_necessity_loss,0.01879759132862091,FINAL_INSTRUCTION_END,USER_END,,,,
confirmation,exp12_config_command_15,config_command,canonical,0,canonical,1,opposite_same_wording,OLD_ABSOLUTE,old_absolute_V_sufficiency,0.0072462111711502075,FINAL_INSTRUCTION_END,USER_END,,,,
confirmation,exp12_config_command_15,config_command,canonical,0,canonical,1,opposite_same_wording,OLD_ABSOLUTE,old_absolute_local_V_necessity_loss,0.039646297693252563,FINAL_INSTRUCTION_END,USER_END,,,,
confirmation,exp12_config_command_15,config_command,canonical,0,canonical,1,opposite_same_wording,USER_END,runner_up_V_sufficiency,0.01894707977771759,FINAL_INSTRUCTION_END,USER_END,,,,
confirmation,exp12_config_command_15,config_command,canonical,0,canonical,1,opposite_same_wording,USER_END,runner_up_V_necessity_loss,-0.025220602750778198,FINAL_INSTRUCTION_END,USER_END,,,,
confirmation,exp12_config_command_15,config_command,canonical,0,canonical,1,opposite_same_wording,FINAL_INSTRUCTION_END,reader_verified_v_effect,0.019131645560264587,FINAL_INSTRUCTION_END,USER_END,0.0,0.0,0.0,
confirmation,exp12_config_command_15,config_command,canonical,0,canonical,1,opposite_same_wording,FINAL_INSTRUCTION_END,reader_target_sufficiency,0.025587454438209534,FINAL_INSTRUCTION_END,USER_END,0.0,0.0,0.0,
confirmation,exp12_config_command_15,config_command,canonical,0,canonical,1,opposite_same_wording,FINAL_INSTRUCTION_END,reader_target_necessity,0.02502228319644928,FINAL_INSTRUCTION_END,USER_END,0.0,0.0,0.0,
confirmation,exp12_config_command_15,config_command,canonical,0,canonical,1,opposite_same_wording,FINAL_INSTRUCTION_END,reader_negative_sufficiency,-0.018615111708641052,FINAL_INSTRUCTION_END,USER_END,0.0,0.0,0.0,
confirmation,exp12_config_command_15,config_command,canonical,0,canonical,1,opposite_same_wording,FINAL_INSTRUCTION_END,reader_negative_necessity,0.0003080815076828003,FINAL_INSTRUCTION_END,USER_END,0.0,0.0,0.0,
confirmation,exp12_config_command_15,config_command,canonical,0,canonical,1,opposite_same_wording,FINAL_INSTRUCTION_END,reader_all7_sufficiency,0.019131645560264587,FINAL_INSTRUCTION_END,USER_END,0.0,0.0,0.0,
confirmation,exp12_config_command_15,config_command,canonical,0,canonical,1,opposite_same_wording,FINAL_INSTRUCTION_END,reader_all7_necessity,0.019131645560264587,FINAL_INSTRUCTION_END,USER_END,0.0,0.0,0.0,
confirmation,exp12_config_command_15,config_command,canonical,0,canonical,1,opposite_same_wording,FINAL_INSTRUCTION_END,reader_non_kv0_sufficiency,0.0,FINAL_INSTRUCTION_END,USER_END,0.0,0.0,0.0,
confirmation,exp12_config_command_15,config_command,canonical,0,canonical,1,opposite_same_wording,FINAL_INSTRUCTION_END,reader_non_kv0_necessity,0.0,FINAL_INSTRUCTION_END,USER_END,0.0,0.0,0.0,
confirmation,exp12_config_command_15,config_command,canonical,0,paraphrase,1,opposite_cross_wording,FINAL_INSTRUCTION_END,cross_selected_V_sufficiency,0.006336048245429993,,,,,,USER_END
confirmation,exp12_config_command_15,config_command,canonical,0,paraphrase,1,opposite_cross_wording,FINAL_INSTRUCTION_END,cross_selected_V_necessity_loss,0.020366355776786804,,,,,,USER_END
confirmation,exp12_config_command_15,config_command,canonical,0,paraphrase,0,same_state_cross_wording,FINAL_INSTRUCTION_END,same_state_selected_V_control,-0.006561502814292908,,,,,,USER_END
confirmation,exp12_config_command_15,config_command,paraphrase,0,paraphrase,1,opposite_same_wording,USER_END,selected_H20_residual_effect,0.029570266604423523,USER_END,FINAL_INSTRUCTION_END,,,,
confirmation,exp12_config_command_15,config_command,paraphrase,0,paraphrase,1,opposite_same_wording,USER_END,selected_V_sufficiency,0.011047765612602234,USER_END,FINAL_INSTRUCTION_END,,,,
confirmation,exp12_config_command_15,config_command,paraphrase,0,paraphrase,1,opposite_same_wording,USER_END,selected_V_necessity_loss,0.020459935069084167,USER_END,FINAL_INSTRUCTION_END,,,,
confirmation,exp12_config_command_15,config_command,paraphrase,0,paraphrase,1,opposite_same_wording,OLD_ABSOLUTE,old_absolute_V_sufficiency,-0.01018841564655304,USER_END,FINAL_INSTRUCTION_END,,,,
confirmation,exp12_config_command_15,config_command,paraphrase,0,paraphrase,1,opposite_same_wording,OLD_ABSOLUTE,old_absolute_local_V_necessity_loss,0.007951974868774414,USER_END,FINAL_INSTRUCTION_END,,,,
confirmation,exp12_config_command_15,config_command,paraphrase,0,paraphrase,1,opposite_same_wording,FINAL_INSTRUCTION_END,runner_up_V_sufficiency,-0.0010045170783996582,USER_END,FINAL_INSTRUCTION_END,,,,
confirmation,exp12_config_command_15,config_command,paraphrase,0,paraphrase,1,opposite_same_wording,FINAL_INSTRUCTION_END,runner_up_V_necessity_loss,0.004914894700050354,USER_END,FINAL_INSTRUCTION_END,,,,
confirmation,exp12_config_command_15,config_command,paraphrase,0,paraphrase,1,opposite_same_wording,USER_END,reader_verified_v_effect,0.011047765612602234,USER_END,FINAL_INSTRUCTION_END,0.0,0.0,0.0,
confirmation,exp12_config_command_15,config_command,paraphrase,0,paraphrase,1,opposite_same_wording,USER_END,reader_target_sufficiency,0.018363580107688904,USER_END,FINAL_INSTRUCTION_END,0.0,0.0,0.0,
confirmation,exp12_config_command_15,config_command,paraphrase,0,paraphrase,1,opposite_same_wording,USER_END,reader_target_necessity,0.019106164574623108,USER_END,FINAL_INSTRUCTION_END,0.0,0.0,0.0,
confirmation,exp12_config_command_15,config_command,paraphrase,0,paraphrase,1,opposite_same_wording,USER_END,reader_negative_sufficiency,-0.008376196026802063,USER_END,FINAL_INSTRUCTION_END,0.0,0.0,0.0,
confirmation,exp12_config_command_15,config_command,paraphrase,0,paraphrase,1,opposite_same_wording,USER_END,reader_negative_necessity,-0.0036104172468185425,USER_END,FINAL_INSTRUCTION_END,0.0,0.0,0.0,
confirmation,exp12_config_command_15,config_command,paraphrase,0,paraphrase,1,opposite_same_wording,USER_END,reader_all7_sufficiency,0.011047765612602234,USER_END,FINAL_INSTRUCTION_END,0.0,0.0,0.0,
confirmation,exp12_config_command_15,config_command,paraphrase,0,paraphrase,1,opposite_same_wording,USER_END,reader_all7_necessity,0.011047765612602234,USER_END,FINAL_INSTRUCTION_END,0.0,0.0,0.0,
confirmation,exp12_config_command_15,config_command,paraphrase,0,paraphrase,1,opposite_same_wording,USER_END,reader_non_kv0_sufficiency,0.0,USER_END,FINAL_INSTRUCTION_END,0.0,0.0,0.0,
confirmation,exp12_config_command_15,config_command,paraphrase,0,paraphrase,1,opposite_same_wording,USER_END,reader_non_kv0_necessity,0.0,USER_END,FINAL_INSTRUCTION_END,0.0,0.0,0.0,
confirmation,exp12_config_command_15,config_command,paraphrase,0,canonical,1,opposite_cross_wording,USER_END,cross_selected_V_sufficiency,0.010859861969947815,,,,,,FINAL_INSTRUCTION_END
confirmation,exp12_config_command_15,config_command,paraphrase,0,canonical,1,opposite_cross_wording,USER_END,cross_selected_V_necessity_loss,0.03766576945781708,,,,,,FINAL_INSTRUCTION_END
confirmation,exp12_config_command_15,config_command,paraphrase,0,canonical,0,same_state_cross_wording,USER_END,same_state_selected_V_control,0.014225780963897705,,,,,,FINAL_INSTRUCTION_END
confirmation,exp12_config_command_15,config_command,canonical,1,canonical,0,opposite_same_wording,FINAL_INSTRUCTION_END,selected_H20_residual_effect,0.01386113278567791,FINAL_INSTRUCTION_END,USER_END,,,,
confirmation,exp12_config_command_15,config_command,canonical,1,canonical,0,opposite_same_wording,FINAL_INSTRUCTION_END,selected_V_sufficiency,0.014111055061221123,FINAL_INSTRUCTION_END,USER_END,,,,
confirmation,exp12_config_command_15,config_command,canonical,1,canonical,0,opposite_same_wording,FINAL_INSTRUCTION_END,selected_V_necessity_loss,0.013943925499916077,FINAL_INSTRUCTION_END,USER_END,,,,
confirmation,exp12_config_command_15,config_command,canonical,1,canonical,0,opposite_same_wording,OLD_ABSOLUTE,old_absolute_V_sufficiency,0.07630905881524086,FINAL_INSTRUCTION_END,USER_END,,,,
confirmation,exp12_config_command_15,config_command,canonical,1,canonical,0,opposite_same_wording,OLD_ABSOLUTE,old_absolute_local_V_necessity_loss,-0.03859066963195801,FINAL_INSTRUCTION_END,USER_END,,,,
confirmation,exp12_config_command_15,config_command,canonical,1,canonical,0,opposite_same_wording,USER_END,runner_up_V_sufficiency,0.13179266266524792,FINAL_INSTRUCTION_END,USER_END,,,,
confirmation,exp12_config_command_15,config_command,canonical,1,canonical,0,opposite_same_wording,USER_END,runner_up_V_necessity_loss,0.08988762274384499,FINAL_INSTRUCTION_END,USER_END,,,,
confirmation,exp12_config_command_15,config_command,canonical,1,canonical,0,opposite_same_wording,FINAL_INSTRUCTION_END,reader_verified_v_effect,0.014111055061221123,FINAL_INSTRUCTION_END,USER_END,0.0,0.0,0.0,
confirmation,exp12_config_command_15,config_command,canonical,1,canonical,0,opposite_same_wording,FINAL_INSTRUCTION_END,reader_target_sufficiency,0.03496835567057133,FINAL_INSTRUCTION_END,USER_END,0.0,0.0,0.0,
confirmation,exp12_config_command_15,config_command,canonical,1,canonical,0,opposite_same_wording,FINAL_INSTRUCTION_END,reader_target_necessity,0.028100470080971718,FINAL_INSTRUCTION_END,USER_END,0.0,0.0,0.0,
confirmation,exp12_config_command_15,config_command,canonical,1,canonical,0,opposite_same_wording,FINAL_INSTRUCTION_END,reader_negative_sufficiency,-0.020946316421031952,FINAL_INSTRUCTION_END,USER_END,0.0,0.0,0.0,
confirmation,exp12_config_command_15,config_command,canonical,1,canonical,0,opposite_same_wording,FINAL_INSTRUCTION_END,reader_negative_necessity,-0.04133342392742634,FINAL_INSTRUCTION_END,USER_END,0.0,0.0,0.0,
confirmation,exp12_config_command_15,config_command,canonical,1,canonical,0,opposite_same_wording,FINAL_INSTRUCTION_END,reader_all7_sufficiency,0.014111055061221123,FINAL_INSTRUCTION_END,USER_END,0.0,0.0,0.0,
confirmation,exp12_config_command_15,config_command,canonical,1,canonical,0,opposite_same_wording,FINAL_INSTRUCTION_END,reader_all7_necessity,0.014111055061221123,FINAL_INSTRUCTION_END,USER_END,0.0,0.0,0.0,
confirmation,exp12_config_command_15,config_command,canonical,1,canonical,0,opposite_same_wording,FINAL_INSTRUCTION_END,reader_non_kv0_sufficiency,-0.0,FINAL_INSTRUCTION_END,USER_END,0.0,0.0,0.0,
confirmation,exp12_config_command_15,config_command,canonical,1,canonical,0,opposite_same_wording,FINAL_INSTRUCTION_END,reader_non_kv0_necessity,0.0,FINAL_INSTRUCTION_END,USER_END,0.0,0.0,0.0,
confirmation,exp12_config_command_15,config_command,canonical,1,paraphrase,0,opposite_cross_wording,FINAL_INSTRUCTION_END,cross_selected_V_sufficiency,0.02105310559272766,,,,,,USER_END
confirmation,exp12_config_command_15,config_command,canonical,1,paraphrase,0,opposite_cross_wording,FINAL_INSTRUCTION_END,cross_selected_V_necessity_loss,0.01393314078450203,,,,,,USER_END
confirmation,exp12_config_command_15,config_command,canonical,1,paraphrase,1,same_state_cross_wording,FINAL_INSTRUCTION_END,same_state_selected_V_control,-0.02071320451796055,,,,,,USER_END
confirmation,exp12_config_command_15,config_command,paraphrase,1,paraphrase,0,opposite_same_wording,USER_END,selected_H20_residual_effect,0.045033276081085205,USER_END,FINAL_INSTRUCTION_END,,,,
confirmation,exp12_config_command_15,config_command,paraphrase,1,paraphrase,0,opposite_same_wording,USER_END,selected_V_sufficiency,0.03342163562774658,USER_END,FINAL_INSTRUCTION_END,,,,
confirmation,exp12_config_command_15,config_command,paraphrase,1,paraphrase,0,opposite_same_wording,USER_END,selected_V_necessity_loss,0.019422084093093872,USER_END,FINAL_INSTRUCTION_END,,,,
confirmation,exp12_config_command_15,config_command,paraphrase,1,paraphrase,0,opposite_same_wording,OLD_ABSOLUTE,old_absolute_V_sufficiency,-0.025920897722244263,USER_END,FINAL_INSTRUCTION_END,,,,
confirmation,exp12_config_command_15,config_command,paraphrase,1,paraphrase,0,opposite_same_wording,OLD_ABSOLUTE,old_absolute_local_V_necessity_loss,-0.019109606742858887,USER_END,FINAL_INSTRUCTION_END,,,,
confirmation,exp12_config_command_15,config_command,paraphrase,1,paraphrase,0,opposite_same_wording,FINAL_INSTRUCTION_END,runner_up_V_sufficiency,0.02006763219833374,USER_END,FINAL_INSTRUCTION_END,,,,
confirmation,exp12_config_command_15,config_command,paraphrase,1,paraphrase,0,opposite_same_wording,FINAL_INSTRUCTION_END,runner_up_V_necessity_loss,0.0003720223903656006,USER_END,FINAL_INSTRUCTION_END,,,,
confirmation,exp12_config_command_15,config_command,paraphrase,1,paraphrase,0,opposite_same_wording,USER_END,reader_verified_v_effect,0.03342163562774658,USER_END,FINAL_INSTRUCTION_END,0.0,0.0,0.0,
confirmation,exp12_config_command_15,config_command,paraphrase,1,paraphrase,0,opposite_same_wording,USER_END,reader_target_sufficiency,0.05217260122299194,USER_END,FINAL_INSTRUCTION_END,0.0,0.0,0.0,
confirmation,exp12_config_command_15,config_command,paraphrase,1,paraphrase,0,opposite_same_wording,USER_END,reader_target_necessity,0.05963537096977234,USER_END,FINAL_INSTRUCTION_END,0.0,0.0,0.0,
confirmation,exp12_config_command_15,config_command,paraphrase,1,paraphrase,0,opposite_same_wording,USER_END,reader_negative_sufficiency,-0.03330487012863159,USER_END,FINAL_INSTRUCTION_END,0.0,0.0,0.0,
confirmation,exp12_config_command_15,config_command,paraphrase,1,paraphrase,0,opposite_same_wording,USER_END,reader_negative_necessity,-0.02530720829963684,USER_END,FINAL_INSTRUCTION_END,0.0,0.0,0.0,
confirmation,exp12_config_command_15,config_command,paraphrase,1,paraphrase,0,opposite_same_wording,USER_END,reader_all7_sufficiency,0.03342163562774658,USER_END,FINAL_INSTRUCTION_END,0.0,0.0,0.0,
confirmation,exp12_config_command_15,config_command,paraphrase,1,paraphrase,0,opposite_same_wording,USER_END,reader_all7_necessity,0.03342163562774658,USER_END,FINAL_INSTRUCTION_END,0.0,0.0,0.0,
confirmation,exp12_config_command_15,config_command,paraphrase,1,paraphrase,0,opposite_same_wording,USER_END,reader_non_kv0_sufficiency,-0.0,USER_END,FINAL_INSTRUCTION_END,0.0,0.0,0.0,
confirmation,exp12_config_command_15,config_command,paraphrase,1,paraphrase,0,opposite_same_wording,USER_END,reader_non_kv0_necessity,0.0,USER_END,FINAL_INSTRUCTION_END,0.0,0.0,0.0,
confirmation,exp12_config_command_15,config_command,paraphrase,1,canonical,0,opposite_cross_wording,USER_END,cross_selected_V_sufficiency,0.03451651334762573,,,,,,FINAL_INSTRUCTION_END
confirmation,exp12_config_command_15,config_command,paraphrase,1,canonical,0,opposite_cross_wording,USER_END,cross_selected_V_necessity_loss,0.00689426064491272,,,,,,FINAL_INSTRUCTION_END
confirmation,exp12_config_command_15,config_command,paraphrase,1,canonical,1,same_state_cross_wording,USER_END,same_state_selected_V_control,0.016640514135360718,,,,,,FINAL_INSTRUCTION_END
confirmation,exp12_docs_code_02,docs_code,canonical,0,canonical,1,opposite_same_wording,USER_END,selected_H20_residual_effect,0.03581252694129944,USER_END,FINAL_INSTRUCTION_END,,,,
confirmation,exp12_docs_code_02,docs_code,canonical,0,canonical,1,opposite_same_wording,USER_END,selected_V_sufficiency,0.026837237179279327,USER_END,FINAL_INSTRUCTION_END,,,,
confirmation,exp12_docs_code_02,docs_code,canonical,0,canonical,1,opposite_same_wording,USER_END,selected_V_necessity_loss,0.008924644440412521,USER_END,FINAL_INSTRUCTION_END,,,,
confirmation,exp12_docs_code_02,docs_code,canonical,0,canonical,1,opposite_same_wording,OLD_ABSOLUTE,old_absolute_V_sufficiency,-0.026691094040870667,USER_END,FINAL_INSTRUCTION_END,,,,
confirmation,exp12_docs_code_02,docs_code,canonical,0,canonical,1,opposite_same_wording,OLD_ABSOLUTE,old_absolute_local_V_necessity_loss,-0.07146582007408142,USER_END,FINAL_INSTRUCTION_END,,,,
confirmation,exp12_docs_code_02,docs_code,canonical,0,canonical,1,opposite_same_wording,FINAL_INSTRUCTION_END,runner_up_V_sufficiency,0.008974075317382812,USER_END,FINAL_INSTRUCTION_END,,,,
confirmation,exp12_docs_code_02,docs_code,canonical,0,canonical,1,opposite_same_wording,FINAL_INSTRUCTION_END,runner_up_V_necessity_loss,7.461383938789368e-05,USER_END,FINAL_INSTRUCTION_END,,,,
confirmation,exp12_docs_code_02,docs_code,canonical,0,canonical,1,opposite_same_wording,USER_END,reader_verified_v_effect,0.026837237179279327,USER_END,FINAL_INSTRUCTION_END,0.0,0.0,0.0,
confirmation,exp12_docs_code_02,docs_code,canonical,0,canonical,1,opposite_same_wording,USER_END,reader_target_sufficiency,0.06250113993883133,USER_END,FINAL_INSTRUCTION_END,0.0,0.0,0.0,
confirmation,exp12_docs_code_02,docs_code,canonical,0,canonical,1,opposite_same_wording,USER_END,reader_target_necessity,0.06256052851676941,USER_END,FINAL_INSTRUCTION_END,0.0,0.0,0.0,
confirmation,exp12_docs_code_02,docs_code,canonical,0,canonical,1,opposite_same_wording,USER_END,reader_negative_sufficiency,-0.04459862783551216,USER_END,FINAL_INSTRUCTION_END,0.0,0.0,0.0,
confirmation,exp12_docs_code_02,docs_code,canonical,0,canonical,1,opposite_same_wording,USER_END,reader_negative_necessity,-0.03571702912449837,USER_END,FINAL_INSTRUCTION_END,0.0,0.0,0.0,
confirmation,exp12_docs_code_02,docs_code,canonical,0,canonical,1,opposite_same_wording,USER_END,reader_all7_sufficiency,0.026837237179279327,USER_END,FINAL_INSTRUCTION_END,0.0,0.0,0.0,
confirmation,exp12_docs_code_02,docs_code,canonical,0,canonical,1,opposite_same_wording,USER_END,reader_all7_necessity,0.026837237179279327,USER_END,FINAL_INSTRUCTION_END,0.0,0.0,0.0,
confirmation,exp12_docs_code_02,docs_code,canonical,0,canonical,1,opposite_same_wording,USER_END,reader_non_kv0_sufficiency,0.0,USER_END,FINAL_INSTRUCTION_END,0.0,0.0,0.0,
confirmation,exp12_docs_code_02,docs_code,canonical,0,canonical,1,opposite_same_wording,USER_END,reader_non_kv0_necessity,0.0,USER_END,FINAL_INSTRUCTION_END,0.0,0.0,0.0,
confirmation,exp12_docs_code_02,docs_code,canonical,0,paraphrase,1,opposite_cross_wording,USER_END,cross_selected_V_sufficiency,0.026840191334486008,,,,,,USER_END
confirmation,exp12_docs_code_02,docs_code,canonical,0,paraphrase,1,opposite_cross_wording,USER_END,cross_selected_V_necessity_loss,-7.499009370803833e-05,,,,,,USER_END
confirmation,exp12_docs_code_02,docs_code,canonical,0,paraphrase,0,same_state_cross_wording,USER_END,same_state_selected_V_control,0.01787732169032097,,,,,,USER_END
confirmation,exp12_docs_code_02,docs_code,paraphrase,0,paraphrase,1,opposite_same_wording,USER_END,selected_H20_residual_effect,0.026910599321126938,USER_END,FINAL_INSTRUCTION_END,,,,
confirmation,exp12_docs_code_02,docs_code,paraphrase,0,paraphrase,1,opposite_same_wording,USER_END,selected_V_sufficiency,0.01797538623213768,USER_END,FINAL_INSTRUCTION_END,,,,
confirmation,exp12_docs_code_02,docs_code,paraphrase,0,paraphrase,1,opposite_same_wording,USER_END,selected_V_necessity_loss,0.008933641016483307,USER_END,FINAL_INSTRUCTION_END,,,,
confirmation,exp12_docs_code_02,docs_code,paraphrase,0,paraphrase,1,opposite_same_wording,OLD_ABSOLUTE,old_absolute_V_sufficiency,-0.053323693573474884,USER_END,FINAL_INSTRUCTION_END,,,,
confirmation,exp12_docs_code_02,docs_code,paraphrase,0,paraphrase,1,opposite_same_wording,OLD_ABSOLUTE,old_absolute_local_V_necessity_loss,-0.07138677686452866,USER_END,FINAL_INSTRUCTION_END,,,,
confirmation,exp12_docs_code_02,docs_code,paraphrase,0,paraphrase,1,opposite_same_wording,FINAL_INSTRUCTION_END,runner_up_V_sufficiency,4.287809133529663e-06,USER_END,FINAL_INSTRUCTION_END,,,,
confirmation,exp12_docs_code_02,docs_code,paraphrase,0,paraphrase,1,opposite_same_wording,FINAL_INSTRUCTION_END,runner_up_V_necessity_loss,0.00892440602183342,USER_END,FINAL_INSTRUCTION_END,,,,
confirmation,exp12_docs_code_02,docs_code,paraphrase,0,paraphrase,1,opposite_same_wording,USER_END,reader_verified_v_effect,0.01797538623213768,USER_END,FINAL_INSTRUCTION_END,0.0,0.0,0.0,
confirmation,exp12_docs_code_02,docs_code,paraphrase,0,paraphrase,1,opposite_same_wording,USER_END,reader_target_sufficiency,0.06262880191206932,USER_END,FINAL_INSTRUCTION_END,0.0,0.0,0.0,
confirmation,exp12_docs_code_02,docs_code,paraphrase,0,paraphrase,1,opposite_same_wording,USER_END,reader_target_necessity,0.026898302137851715,USER_END,FINAL_INSTRUCTION_END,0.0,0.0,0.0,
confirmation,exp12_docs_code_02,docs_code,paraphrase,0,paraphrase,1,opposite_same_wording,USER_END,reader_negative_sufficiency,-0.017858803272247314,USER_END,FINAL_INSTRUCTION_END,0.0,0.0,0.0,
confirmation,exp12_docs_code_02,docs_code,paraphrase,0,paraphrase,1,opposite_same_wording,USER_END,reader_negative_necessity,-0.04466289281845093,USER_END,FINAL_INSTRUCTION_END,0.0,0.0,0.0,
confirmation,exp12_docs_code_02,docs_code,paraphrase,0,paraphrase,1,opposite_same_wording,USER_END,reader_all7_sufficiency,0.01797538623213768,USER_END,FINAL_INSTRUCTION_END,0.0,0.0,0.0,
confirmation,exp12_docs_code_02,docs_code,paraphrase,0,paraphrase,1,opposite_same_wording,USER_END,reader_all7_necessity,0.01797538623213768,USER_END,FINAL_INSTRUCTION_END,0.0,0.0,0.0,
confirmation,exp12_docs_code_02,docs_code,paraphrase,0,paraphrase,1,opposite_same_wording,USER_END,reader_non_kv0_sufficiency,0.0,USER_END,FINAL_INSTRUCTION_END,0.0,0.0,0.0,
confirmation,exp12_docs_code_02,docs_code,paraphrase,0,paraphrase,1,opposite_same_wording,USER_END,reader_non_kv0_necessity,0.0,USER_END,FINAL_INSTRUCTION_END,0.0,0.0,0.0,
confirmation,exp12_docs_code_02,docs_code,paraphrase,0,canonical,1,opposite_cross_wording,USER_END,cross_selected_V_sufficiency,0.00906340777873993,,,,,,USER_END
confirmation,exp12_docs_code_02,docs_code,paraphrase,0,canonical,1,opposite_cross_wording,USER_END,cross_selected_V_necessity_loss,0.008963897824287415,,,,,,USER_END
confirmation,exp12_docs_code_02,docs_code,paraphrase,0,canonical,0,same_state_cross_wording,USER_END,same_state_selected_V_control,-0.01785341277718544,,,,,,USER_END
confirmation,exp12_docs_code_02,docs_code,canonical,1,canonical,0,opposite_same_wording,USER_END,selected_H20_residual_effect,0.10717528313398361,USER_END,FINAL_INSTRUCTION_END,,,,
confirmation,exp12_docs_code_02,docs_code,canonical,1,canonical,0,opposite_same_wording,USER_END,selected_V_sufficiency,0.017840676009655,USER_END,FINAL_INSTRUCTION_END,,,,
confirmation,exp12_docs_code_02,docs_code,canonical,1,canonical,0,opposite_same_wording,USER_END,selected_V_necessity_loss,0.008951328694820404,USER_END,FINAL_INSTRUCTION_END,,,,
confirmation,exp12_docs_code_02,docs_code,canonical,1,canonical,0,opposite_same_wording,OLD_ABSOLUTE,old_absolute_V_sufficiency,-0.03572741150856018,USER_END,FINAL_INSTRUCTION_END,,,,
confirmation,exp12_docs_code_02,docs_code,canonical,1,canonical,0,opposite_same_wording,OLD_ABSOLUTE,old_absolute_local_V_necessity_loss,-0.035704806447029114,USER_END,FINAL_INSTRUCTION_END,,,,
confirmation,exp12_docs_code_02,docs_code,canonical,1,canonical,0,opposite_same_wording,FINAL_INSTRUCTION_END,runner_up_V_sufficiency,0.017856568098068237,USER_END,FINAL_INSTRUCTION_END,,,,
confirmation,exp12_docs_code_02,docs_code,canonical,1,canonical,0,opposite_same_wording,FINAL_INSTRUCTION_END,runner_up_V_necessity_loss,0.017825908958911896,USER_END,FINAL_INSTRUCTION_END,,,,
confirmation,exp12_docs_code_02,docs_code,canonical,1,canonical,0,opposite_same_wording,USER_END,reader_verified_v_effect,0.017840676009655,USER_END,FINAL_INSTRUCTION_END,0.0,0.0,0.0,
confirmation,exp12_docs_code_02,docs_code,canonical,1,canonical,0,opposite_same_wording,USER_END,reader_target_sufficiency,0.06252691149711609,USER_END,FINAL_INSTRUCTION_END,0.0,0.0,0.0,
confirmation,exp12_docs_code_02,docs_code,canonical,1,canonical,0,opposite_same_wording,USER_END,reader_target_necessity,0.06247129291296005,USER_END,FINAL_INSTRUCTION_END,0.0,0.0,0.0,
confirmation,exp12_docs_code_02,docs_code,canonical,1,canonical,0,opposite_same_wording,USER_END,reader_negative_sufficiency,-0.05359021574258804,USER_END,FINAL_INSTRUCTION_END,0.0,0.0,0.0,
confirmation,exp12_docs_code_02,docs_code,canonical,1,canonical,0,opposite_same_wording,USER_END,reader_negative_necessity,-0.0625365823507309,USER_END,FINAL_INSTRUCTION_END,0.0,0.0,0.0,
confirmation,exp12_docs_code_02,docs_code,canonical,1,canonical,0,opposite_same_wording,USER_END,reader_all7_sufficiency,0.017840676009655,USER_END,FINAL_INSTRUCTION_END,0.0,0.0,0.0,
confirmation,exp12_docs_code_02,docs_code,canonical,1,canonical,0,opposite_same_wording,USER_END,reader_all7_necessity,0.017840676009655,USER_END,FINAL_INSTRUCTION_END,0.0,0.0,0.0,
confirmation,exp12_docs_code_02,docs_code,canonical,1,canonical,0,opposite_same_wording,USER_END,reader_non_kv0_sufficiency,-0.0,USER_END,FINAL_INSTRUCTION_END,0.0,0.0,0.0,
confirmation,exp12_docs_code_02,docs_code,canonical,1,canonical,0,opposite_same_wording,USER_END,reader_non_kv0_necessity,0.0,USER_END,FINAL_INSTRUCTION_END,0.0,0.0,0.0,
confirmation,exp12_docs_code_02,docs_code,canonical,1,paraphrase,0,opposite_cross_wording,USER_END,cross_selected_V_sufficiency,0.017860978841781616,,,,,,USER_END
confirmation,exp12_docs_code_02,docs_code,canonical,1,paraphrase,0,opposite_cross_wording,USER_END,cross_selected_V_necessity_loss,0.03574378788471222,,,,,,USER_END
confirmation,exp12_docs_code_02,docs_code,canonical,1,paraphrase,1,same_state_cross_wording,USER_END,same_state_selected_V_control,-0.008937790989875793,,,,,,USER_END
confirmation,exp12_docs_code_02,docs_code,paraphrase,1,paraphrase,0,opposite_same_wording,USER_END,selected_H20_residual_effect,0.10713085532188416,USER_END,FINAL_INSTRUCTION_END,,,,
confirmation,exp12_docs_code_02,docs_code,paraphrase,1,paraphrase,0,opposite_same_wording,USER_END,selected_V_sufficiency,0.035721540451049805,USER_END,FINAL_INSTRUCTION_END,,,,
confirmation,exp12_docs_code_02,docs_code,paraphrase,1,paraphrase,0,opposite_same_wording,USER_END,selected_V_necessity_loss,0.035704828798770905,USER_END,FINAL_INSTRUCTION_END,,,,
confirmation,exp12_docs_code_02,docs_code,paraphrase,1,paraphrase,0,opposite_same_wording,OLD_ABSOLUTE,old_absolute_V_sufficiency,-0.1250014454126358,USER_END,FINAL_INSTRUCTION_END,,,,
confirmation,exp12_docs_code_02,docs_code,paraphrase,1,paraphrase,0,opposite_same_wording,OLD_ABSOLUTE,old_absolute_local_V_necessity_loss,-0.08928687125444412,USER_END,FINAL_INSTRUCTION_END,,,,
confirmation,exp12_docs_code_02,docs_code,paraphrase,1,paraphrase,0,opposite_same_wording,FINAL_INSTRUCTION_END,runner_up_V_sufficiency,0.03570803254842758,USER_END,FINAL_INSTRUCTION_END,,,,
confirmation,exp12_docs_code_02,docs_code,paraphrase,1,paraphrase,0,opposite_same_wording,FINAL_INSTRUCTION_END,runner_up_V_necessity_loss,0.03571334481239319,USER_END,FINAL_INSTRUCTION_END,,,,
confirmation,exp12_docs_code_02,docs_code,paraphrase,1,paraphrase,0,opposite_same_wording,USER_END,reader_verified_v_effect,0.035721540451049805,USER_END,FINAL_INSTRUCTION_END,0.0,0.0,0.0,
confirmation,exp12_docs_code_02,docs_code,paraphrase,1,paraphrase,0,opposite_same_wording,USER_END,reader_target_sufficiency,0.05358372628688812,USER_END,FINAL_INSTRUCTION_END,0.0,0.0,0.0,
confirmation,exp12_docs_code_02,docs_code,paraphrase,1,paraphrase,0,opposite_same_wording,USER_END,reader_target_necessity,0.07144458591938019,USER_END,FINAL_INSTRUCTION_END,0.0,0.0,0.0,
confirmation,exp12_docs_code_02,docs_code,paraphrase,1,paraphrase,0,opposite_same_wording,USER_END,reader_negative_sufficiency,-0.03571315109729767,USER_END,FINAL_INSTRUCTION_END,0.0,0.0,0.0,
confirmation,exp12_docs_code_02,docs_code,paraphrase,1,paraphrase,0,opposite_same_wording,USER_END,reader_negative_necessity,-0.035701848566532135,USER_END,FINAL_INSTRUCTION_END,0.0,0.0,0.0,
confirmation,exp12_docs_code_02,docs_code,paraphrase,1,paraphrase,0,opposite_same_wording,USER_END,reader_all7_sufficiency,0.035721540451049805,USER_END,FINAL_INSTRUCTION_END,0.0,0.0,0.0,
confirmation,exp12_docs_code_02,docs_code,paraphrase,1,paraphrase,0,opposite_same_wording,USER_END,reader_all7_necessity,0.035721540451049805,USER_END,FINAL_INSTRUCTION_END,0.0,0.0,0.0,
confirmation,exp12_docs_code_02,docs_code,paraphrase,1,paraphrase,0,opposite_same_wording,USER_END,reader_non_kv0_sufficiency,-0.0,USER_END,FINAL_INSTRUCTION_END,0.0,0.0,0.0,
confirmation,exp12_docs_code_02,docs_code,paraphrase,1,paraphrase,0,opposite_same_wording,USER_END,reader_non_kv0_necessity,0.0,USER_END,FINAL_INSTRUCTION_END,0.0,0.0,0.0,
confirmation,exp12_docs_code_02,docs_code,paraphrase,1,canonical,0,opposite_cross_wording,USER_END,cross_selected_V_sufficiency,0.035709790885448456,,,,,,USER_END
confirmation,exp12_docs_code_02,docs_code,paraphrase,1,canonical,0,opposite_cross_wording,USER_END,cross_selected_V_necessity_loss,0.0357193648815155,,,,,,USER_END
confirmation,exp12_docs_code_02,docs_code,paraphrase,1,canonical,1,same_state_cross_wording,USER_END,same_state_selected_V_control,1.3649463653564453e-05,,,,,,USER_END
confirmation,exp12_docs_code_04,docs_code,canonical,0,canonical,1,opposite_same_wording,USER_END,selected_H20_residual_effect,0.02348971739411354,USER_END,FINAL_INSTRUCTION_END,,,,
confirmation,exp12_docs_code_04,docs_code,canonical,0,canonical,1,opposite_same_wording,USER_END,selected_V_sufficiency,0.01567019149661064,USER_END,FINAL_INSTRUCTION_END,,,,
confirmation,exp12_docs_code_04,docs_code,canonical,0,canonical,1,opposite_same_wording,USER_END,selected_V_necessity_loss,0.007829464972019196,USER_END,FINAL_INSTRUCTION_END,,,,
confirmation,exp12_docs_code_04,docs_code,canonical,0,canonical,1,opposite_same_wording,OLD_ABSOLUTE,old_absolute_V_sufficiency,-0.015596091747283936,USER_END,FINAL_INSTRUCTION_END,,,,
confirmation,exp12_docs_code_04,docs_code,canonical,0,canonical,1,opposite_same_wording,OLD_ABSOLUTE,old_absolute_local_V_necessity_loss,-0.062468767166137695,USER_END,FINAL_INSTRUCTION_END,,,,
confirmation,exp12_docs_code_04,docs_code,canonical,0,canonical,1,opposite_same_wording,FINAL_INSTRUCTION_END,runner_up_V_sufficiency,5.964189767837524e-06,USER_END,FINAL_INSTRUCTION_END,,,,
confirmation,exp12_docs_code_04,docs_code,canonical,0,canonical,1,opposite_same_wording,FINAL_INSTRUCTION_END,runner_up_V_necessity_loss,-0.007754076272249222,USER_END,FINAL_INSTRUCTION_END,,,,
confirmation,exp12_docs_code_04,docs_code,canonical,0,canonical,1,opposite_same_wording,USER_END,reader_verified_v_effect,0.01567019149661064,USER_END,FINAL_INSTRUCTION_END,0.0,0.0,0.0,
confirmation,exp12_docs_code_04,docs_code,canonical,0,canonical,1,opposite_same_wording,USER_END,reader_target_sufficiency,0.046930547803640366,USER_END,FINAL_INSTRUCTION_END,0.0,0.0,0.0,
confirmation,exp12_docs_code_04,docs_code,canonical,0,canonical,1,opposite_same_wording,USER_END,reader_target_necessity,0.04692450538277626,USER_END,FINAL_INSTRUCTION_END,0.0,0.0,0.0,
confirmation,exp12_docs_code_04,docs_code,canonical,0,canonical,1,opposite_same_wording,USER_END,reader_negative_sufficiency,-0.039138805121183395,USER_END,FINAL_INSTRUCTION_END,0.0,0.0,0.0,
confirmation,exp12_docs_code_04,docs_code,canonical,0,canonical,1,opposite_same_wording,USER_END,reader_negative_necessity,-0.039021529257297516,USER_END,FINAL_INSTRUCTION_END,0.0,0.0,0.0,
confirmation,exp12_docs_code_04,docs_code,canonical,0,canonical,1,opposite_same_wording,USER_END,reader_all7_sufficiency,0.01567019149661064,USER_END,FINAL_INSTRUCTION_END,0.0,0.0,0.0,
confirmation,exp12_docs_code_04,docs_code,canonical,0,canonical,1,opposite_same_wording,USER_END,reader_all7_necessity,0.01567019149661064,USER_END,FINAL_INSTRUCTION_END,0.0,0.0,0.0,
confirmation,exp12_docs_code_04,docs_code,canonical,0,canonical,1,opposite_same_wording,USER_END,reader_non_kv0_sufficiency,0.0,USER_END,FINAL_INSTRUCTION_END,0.0,0.0,0.0,
confirmation,exp12_docs_code_04,docs_code,canonical,0,canonical,1,opposite_same_wording,USER_END,reader_non_kv0_necessity,0.0,USER_END,FINAL_INSTRUCTION_END,0.0,0.0,0.0,
confirmation,exp12_docs_code_04,docs_code,canonical,0,paraphrase,1,opposite_cross_wording,USER_END,cross_selected_V_sufficiency,0.023439176380634308,,,,,,USER_END
confirmation,exp12_docs_code_04,docs_code,canonical,0,paraphrase,1,opposite_cross_wording,USER_END,cross_selected_V_necessity_loss,0.015624415129423141,,,,,,USER_END
confirmation,exp12_docs_code_04,docs_code,canonical,0,paraphrase,0,same_state_cross_wording,USER_END,same_state_selected_V_control,0.007808074355125427,,,,,,USER_END
confirmation,exp12_docs_code_04,docs_code,paraphrase,0,paraphrase,1,opposite_same_wording,USER_END,selected_H20_residual_effect,0.023419171571731567,USER_END,FINAL_INSTRUCTION_END,,,,
confirmation,exp12_docs_code_04,docs_code,paraphrase,0,paraphrase,1,opposite_same_wording,USER_END,selected_V_sufficiency,0.01562635228037834,USER_END,FINAL_INSTRUCTION_END,,,,
confirmation,exp12_docs_code_04,docs_code,paraphrase,0,paraphrase,1,opposite_same_wording,USER_END,selected_V_necessity_loss,0.00782567635178566,USER_END,FINAL_INSTRUCTION_END,,,,
confirmation,exp12_docs_code_04,docs_code,paraphrase,0,paraphrase,1,opposite_same_wording,OLD_ABSOLUTE,old_absolute_V_sufficiency,-0.05442807823419571,USER_END,FINAL_INSTRUCTION_END,,,,
confirmation,exp12_docs_code_04,docs_code,paraphrase,0,paraphrase,1,opposite_same_wording,OLD_ABSOLUTE,old_absolute_local_V_necessity_loss,-0.06249352544546127,USER_END,FINAL_INSTRUCTION_END,,,,
confirmation,exp12_docs_code_04,docs_code,paraphrase,0,paraphrase,1,opposite_same_wording,FINAL_INSTRUCTION_END,runner_up_V_sufficiency,0.007691659033298492,USER_END,FINAL_INSTRUCTION_END,,,,
confirmation,exp12_docs_code_04,docs_code,paraphrase,0,paraphrase,1,opposite_same_wording,FINAL_INSTRUCTION_END,runner_up_V_necessity_loss,0.00782882422208786,USER_END,FINAL_INSTRUCTION_END,,,,
confirmation,exp12_docs_code_04,docs_code,paraphrase,0,paraphrase,1,opposite_same_wording,USER_END,reader_verified_v_effect,0.01562635228037834,USER_END,FINAL_INSTRUCTION_END,0.0,0.0,0.0,
confirmation,exp12_docs_code_04,docs_code,paraphrase,0,paraphrase,1,opposite_same_wording,USER_END,reader_target_sufficiency,0.039097584784030914,USER_END,FINAL_INSTRUCTION_END,0.0,0.0,0.0,
confirmation,exp12_docs_code_04,docs_code,paraphrase,0,paraphrase,1,opposite_same_wording,USER_END,reader_target_necessity,0.0313069224357605,USER_END,FINAL_INSTRUCTION_END,0.0,0.0,0.0,
confirmation,exp12_docs_code_04,docs_code,paraphrase,0,paraphrase,1,opposite_same_wording,USER_END,reader_negative_sufficiency,-0.023601382970809937,USER_END,FINAL_INSTRUCTION_END,0.0,0.0,0.0,
confirmation,exp12_docs_code_04,docs_code,paraphrase,0,paraphrase,1,opposite_same_wording,USER_END,reader_negative_necessity,-0.015640590339899063,USER_END,FINAL_INSTRUCTION_END,0.0,0.0,0.0,
confirmation,exp12_docs_code_04,docs_code,paraphrase,0,paraphrase,1,opposite_same_wording,USER_END,reader_all7_sufficiency,0.01562635228037834,USER_END,FINAL_INSTRUCTION_END,0.0,0.0,0.0,
confirmation,exp12_docs_code_04,docs_code,paraphrase,0,paraphrase,1,opposite_same_wording,USER_END,reader_all7_necessity,0.01562635228037834,USER_END,FINAL_INSTRUCTION_END,0.0,0.0,0.0,
confirmation,exp12_docs_code_04,docs_code,paraphrase,0,paraphrase,1,opposite_same_wording,USER_END,reader_non_kv0_sufficiency,0.0,USER_END,FINAL_INSTRUCTION_END,0.0,0.0,0.0,
confirmation,exp12_docs_code_04,docs_code,paraphrase,0,paraphrase,1,opposite_same_wording,USER_END,reader_non_kv0_necessity,0.0,USER_END,FINAL_INSTRUCTION_END,0.0,0.0,0.0,
confirmation,exp12_docs_code_04,docs_code,paraphrase,0,canonical,1,opposite_cross_wording,USER_END,cross_selected_V_sufficiency,4.716217517852783e-06,,,,,,USER_END
confirmation,exp12_docs_code_04,docs_code,paraphrase,0,canonical,1,opposite_cross_wording,USER_END,cross_selected_V_necessity_loss,0.02357272431254387,,,,,,USER_END
confirmation,exp12_docs_code_04,docs_code,paraphrase,0,canonical,0,same_state_cross_wording,USER_END,same_state_selected_V_control,-0.007811415940523148,,,,,,USER_END
confirmation,exp12_docs_code_04,docs_code,canonical,1,canonical,0,opposite_same_wording,USER_END,selected_H20_residual_effect,0.07033347338438034,USER_END,FINAL_INSTRUCTION_END,,,,
confirmation,exp12_docs_code_04,docs_code,canonical,1,canonical,0,opposite_same_wording,USER_END,selected_V_sufficiency,0.03124850243330002,USER_END,FINAL_INSTRUCTION_END,,,,
confirmation,exp12_docs_code_04,docs_code,canonical,1,canonical,0,opposite_same_wording,USER_END,selected_V_necessity_loss,0.02345738559961319,USER_END,FINAL_INSTRUCTION_END,,,,
confirmation,exp12_docs_code_04,docs_code,canonical,1,canonical,0,opposite_same_wording,OLD_ABSOLUTE,old_absolute_V_sufficiency,-0.023440487682819366,USER_END,FINAL_INSTRUCTION_END,,,,
confirmation,exp12_docs_code_04,docs_code,canonical,1,canonical,0,opposite_same_wording,OLD_ABSOLUTE,old_absolute_local_V_necessity_loss,-0.03122587502002716,USER_END,FINAL_INSTRUCTION_END,,,,
confirmation,exp12_docs_code_04,docs_code,canonical,1,canonical,0,opposite_same_wording,FINAL_INSTRUCTION_END,runner_up_V_sufficiency,0.0156167671084404,USER_END,FINAL_INSTRUCTION_END,,,,
confirmation,exp12_docs_code_04,docs_code,canonical,1,canonical,0,opposite_same_wording,FINAL_INSTRUCTION_END,runner_up_V_necessity_loss,0.02344706654548645,USER_END,FINAL_INSTRUCTION_END,,,,
confirmation,exp12_docs_code_04,docs_code,canonical,1,canonical,0,opposite_same_wording,USER_END,reader_verified_v_effect,0.03124850243330002,USER_END,FINAL_INSTRUCTION_END,0.0,0.0,0.0,
confirmation,exp12_docs_code_04,docs_code,canonical,1,canonical,0,opposite_same_wording,USER_END,reader_target_sufficiency,0.046875834465026855,USER_END,FINAL_INSTRUCTION_END,0.0,0.0,0.0,
confirmation,exp12_docs_code_04,docs_code,canonical,1,canonical,0,opposite_same_wording,USER_END,reader_target_necessity,0.05469624698162079,USER_END,FINAL_INSTRUCTION_END,0.0,0.0,0.0,
confirmation,exp12_docs_code_04,docs_code,canonical,1,canonical,0,opposite_same_wording,USER_END,reader_negative_sufficiency,-0.04688010364770889,USER_END,FINAL_INSTRUCTION_END,0.0,0.0,0.0,
confirmation,exp12_docs_code_04,docs_code,canonical,1,canonical,0,opposite_same_wording,USER_END,reader_negative_necessity,-0.0546916201710701,USER_END,FINAL_INSTRUCTION_END,0.0,0.0,0.0,
confirmation,exp12_docs_code_04,docs_code,canonical,1,canonical,0,opposite_same_wording,USER_END,reader_all7_sufficiency,0.03124850243330002,USER_END,FINAL_INSTRUCTION_END,0.0,0.0,0.0,
confirmation,exp12_docs_code_04,docs_code,canonical,1,canonical,0,opposite_same_wording,USER_END,reader_all7_necessity,0.03124850243330002,USER_END,FINAL_INSTRUCTION_END,0.0,0.0,0.0,
confirmation,exp12_docs_code_04,docs_code,canonical,1,canonical,0,opposite_same_wording,USER_END,reader_non_kv0_sufficiency,-0.0,USER_END,FINAL_INSTRUCTION_END,0.0,0.0,0.0,
confirmation,exp12_docs_code_04,docs_code,canonical,1,canonical,0,opposite_same_wording,USER_END,reader_non_kv0_necessity,0.0,USER_END,FINAL_INSTRUCTION_END,0.0,0.0,0.0,
confirmation,exp12_docs_code_04,docs_code,canonical,1,paraphrase,0,opposite_cross_wording,USER_END,cross_selected_V_sufficiency,0.02345101535320282,,,,,,USER_END
confirmation,exp12_docs_code_04,docs_code,canonical,1,paraphrase,0,opposite_cross_wording,USER_END,cross_selected_V_necessity_loss,0.03909558802843094,,,,,,USER_END
confirmation,exp12_docs_code_04,docs_code,canonical,1,paraphrase,1,same_state_cross_wording,USER_END,same_state_selected_V_control,-0.02342991530895233,,,,,,USER_END
confirmation,exp12_docs_code_04,docs_code,paraphrase,1,paraphrase,0,opposite_same_wording,USER_END,selected_H20_residual_effect,0.09376172721385956,USER_END,FINAL_INSTRUCTION_END,,,,
confirmation,exp12_docs_code_04,docs_code,paraphrase,1,paraphrase,0,opposite_same_wording,USER_END,selected_V_sufficiency,0.0312528982758522,USER_END,FINAL_INSTRUCTION_END,,,,
confirmation,exp12_docs_code_04,docs_code,paraphrase,1,paraphrase,0,opposite_same_wording,USER_END,selected_V_necessity_loss,0.046869441866874695,USER_END,FINAL_INSTRUCTION_END,,,,
confirmation,exp12_docs_code_04,docs_code,paraphrase,1,paraphrase,0,opposite_same_wording,OLD_ABSOLUTE,old_absolute_V_sufficiency,-0.062492236495018005,USER_END,FINAL_INSTRUCTION_END,,,,
confirmation,exp12_docs_code_04,docs_code,paraphrase,1,paraphrase,0,opposite_same_wording,OLD_ABSOLUTE,old_absolute_local_V_necessity_loss,-0.031245145946741104,USER_END,FINAL_INSTRUCTION_END,,,,
confirmation,exp12_docs_code_04,docs_code,paraphrase,1,paraphrase,0,opposite_same_wording,FINAL_INSTRUCTION_END,runner_up_V_sufficiency,0.046876825392246246,USER_END,FINAL_INSTRUCTION_END,,,,
confirmation,exp12_docs_code_04,docs_code,paraphrase,1,paraphrase,0,opposite_same_wording,FINAL_INSTRUCTION_END,runner_up_V_necessity_loss,0.03126545250415802,USER_END,FINAL_INSTRUCTION_END,,,,
confirmation,exp12_docs_code_04,docs_code,paraphrase,1,paraphrase,0,opposite_same_wording,USER_END,reader_verified_v_effect,0.0312528982758522,USER_END,FINAL_INSTRUCTION_END,0.0,0.0,0.0,
confirmation,exp12_docs_code_04,docs_code,paraphrase,1,paraphrase,0,opposite_same_wording,USER_END,reader_target_sufficiency,0.06250237673521042,USER_END,FINAL_INSTRUCTION_END,0.0,0.0,0.0,
confirmation,exp12_docs_code_04,docs_code,paraphrase,1,paraphrase,0,opposite_same_wording,USER_END,reader_target_necessity,0.04687526822090149,USER_END,FINAL_INSTRUCTION_END,0.0,0.0,0.0,
confirmation,exp12_docs_code_04,docs_code,paraphrase,1,paraphrase,0,opposite_same_wording,USER_END,reader_negative_sufficiency,-0.015620492398738861,USER_END,FINAL_INSTRUCTION_END,0.0,0.0,0.0,
confirmation,exp12_docs_code_04,docs_code,paraphrase,1,paraphrase,0,opposite_same_wording,USER_END,reader_negative_necessity,-0.03124772012233734,USER_END,FINAL_INSTRUCTION_END,0.0,0.0,0.0,
confirmation,exp12_docs_code_04,docs_code,paraphrase,1,paraphrase,0,opposite_same_wording,USER_END,reader_all7_sufficiency,0.0312528982758522,USER_END,FINAL_INSTRUCTION_END,0.0,0.0,0.0,
confirmation,exp12_docs_code_04,docs_code,paraphrase,1,paraphrase,0,opposite_same_wording,USER_END,reader_all7_necessity,0.0312528982758522,USER_END,FINAL_INSTRUCTION_END,0.0,0.0,0.0,
confirmation,exp12_docs_code_04,docs_code,paraphrase,1,paraphrase,0,opposite_same_wording,USER_END,reader_non_kv0_sufficiency,-0.0,USER_END,FINAL_INSTRUCTION_END,0.0,0.0,0.0,
confirmation,exp12_docs_code_04,docs_code,paraphrase,1,paraphrase,0,opposite_same_wording,USER_END,reader_non_kv0_necessity,0.0,USER_END,FINAL_INSTRUCTION_END,0.0,0.0,0.0,
confirmation,exp12_docs_code_04,docs_code,paraphrase,1,canonical,0,opposite_cross_wording,USER_END,cross_selected_V_sufficiency,0.03125104308128357,,,,,,USER_END
confirmation,exp12_docs_code_04,docs_code,paraphrase,1,canonical,0,opposite_cross_wording,USER_END,cross_selected_V_necessity_loss,0.031240522861480713,,,,,,USER_END
confirmation,exp12_docs_code_04,docs_code,paraphrase,1,canonical,1,same_state_cross_wording,USER_END,same_state_selected_V_control,-2.0638108253479004e-06,,,,,,USER_END
confirmation,exp12_docs_code_05,docs_code,canonical,0,canonical,1,opposite_same_wording,USER_END,selected_H20_residual_effect,0.015168963000178337,USER_END,FINAL_INSTRUCTION_END,,,,
confirmation,exp12_docs_code_05,docs_code,canonical,0,canonical,1,opposite_same_wording,USER_END,selected_V_sufficiency,0.029349254444241524,USER_END,FINAL_INSTRUCTION_END,,,,
confirmation,exp12_docs_code_05,docs_code,canonical,0,canonical,1,opposite_same_wording,USER_END,selected_V_necessity_loss,7.04936683177948e-05,USER_END,FINAL_INSTRUCTION_END,,,,
confirmation,exp12_docs_code_05,docs_code,canonical,0,canonical,1,opposite_same_wording,OLD_ABSOLUTE,old_absolute_V_sufficiency,-0.01577126793563366,USER_END,FINAL_INSTRUCTION_END,,,,
confirmation,exp12_docs_code_05,docs_code,canonical,0,canonical,1,opposite_same_wording,OLD_ABSOLUTE,old_absolute_local_V_necessity_loss,-0.05122935771942139,USER_END,FINAL_INSTRUCTION_END,,,,
confirmation,exp12_docs_code_05,docs_code,canonical,0,canonical,1,opposite_same_wording,FINAL_INSTRUCTION_END,runner_up_V_sufficiency,0.014809248968958855,USER_END,FINAL_INSTRUCTION_END,,,,
confirmation,exp12_docs_code_05,docs_code,canonical,0,canonical,1,opposite_same_wording,FINAL_INSTRUCTION_END,runner_up_V_necessity_loss,-0.00038473308086395264,USER_END,FINAL_INSTRUCTION_END,,,,
confirmation,exp12_docs_code_05,docs_code,canonical,0,canonical,1,opposite_same_wording,USER_END,reader_verified_v_effect,0.029349254444241524,USER_END,FINAL_INSTRUCTION_END,0.0,0.0,0.0,
confirmation,exp12_docs_code_05,docs_code,canonical,0,canonical,1,opposite_same_wording,USER_END,reader_target_sufficiency,0.06047448702156544,USER_END,FINAL_INSTRUCTION_END,0.0,0.0,0.0,
confirmation,exp12_docs_code_05,docs_code,canonical,0,canonical,1,opposite_same_wording,USER_END,reader_target_necessity,0.044958559796214104,USER_END,FINAL_INSTRUCTION_END,0.0,0.0,0.0,
confirmation,exp12_docs_code_05,docs_code,canonical,0,canonical,1,opposite_same_wording,USER_END,reader_negative_sufficiency,-0.0313809160143137,USER_END,FINAL_INSTRUCTION_END,0.0,0.0,0.0,
confirmation,exp12_docs_code_05,docs_code,canonical,0,canonical,1,opposite_same_wording,USER_END,reader_negative_necessity,-0.031964100897312164,USER_END,FINAL_INSTRUCTION_END,0.0,0.0,0.0,
confirmation,exp12_docs_code_05,docs_code,canonical,0,canonical,1,opposite_same_wording,USER_END,reader_all7_sufficiency,0.029349254444241524,USER_END,FINAL_INSTRUCTION_END,0.0,0.0,0.0,
confirmation,exp12_docs_code_05,docs_code,canonical,0,canonical,1,opposite_same_wording,USER_END,reader_all7_necessity,0.029349254444241524,USER_END,FINAL_INSTRUCTION_END,0.0,0.0,0.0,
confirmation,exp12_docs_code_05,docs_code,canonical,0,canonical,1,opposite_same_wording,USER_END,reader_non_kv0_sufficiency,0.0,USER_END,FINAL_INSTRUCTION_END,0.0,0.0,0.0,
confirmation,exp12_docs_code_05,docs_code,canonical,0,canonical,1,opposite_same_wording,USER_END,reader_non_kv0_necessity,0.0,USER_END,FINAL_INSTRUCTION_END,0.0,0.0,0.0,
confirmation,exp12_docs_code_05,docs_code,canonical,0,paraphrase,1,opposite_cross_wording,USER_END,cross_selected_V_sufficiency,0.014385910704731941,,,,,,USER_END
confirmation,exp12_docs_code_05,docs_code,canonical,0,paraphrase,1,opposite_cross_wording,USER_END,cross_selected_V_necessity_loss,1.944229006767273e-05,,,,,,USER_END
confirmation,exp12_docs_code_05,docs_code,canonical,0,paraphrase,0,same_state_cross_wording,USER_END,same_state_selected_V_control,0.0004565846174955368,,,,,,USER_END
confirmation,exp12_docs_code_05,docs_code,paraphrase,0,paraphrase,1,opposite_same_wording,USER_END,selected_H20_residual_effect,0.007856965065002441,USER_END,FINAL_INSTRUCTION_END,,,,
confirmation,exp12_docs_code_05,docs_code,paraphrase,0,paraphrase,1,opposite_same_wording,USER_END,selected_V_sufficiency,0.01563529297709465,USER_END,FINAL_INSTRUCTION_END,,,,
confirmation,exp12_docs_code_05,docs_code,paraphrase,0,paraphrase,1,opposite_same_wording,USER_END,selected_V_necessity_loss,7.830560207366943e-06,USER_END,FINAL_INSTRUCTION_END,,,,
confirmation,exp12_docs_code_05,docs_code,paraphrase,0,paraphrase,1,opposite_same_wording,OLD_ABSOLUTE,old_absolute_V_sufficiency,-0.07693659141659737,USER_END,FINAL_INSTRUCTION_END,,,,
confirmation,exp12_docs_code_05,docs_code,paraphrase,0,paraphrase,1,opposite_same_wording,OLD_ABSOLUTE,old_absolute_local_V_necessity_loss,-0.05728856474161148,USER_END,FINAL_INSTRUCTION_END,,,,
confirmation,exp12_docs_code_05,docs_code,paraphrase,0,paraphrase,1,opposite_same_wording,FINAL_INSTRUCTION_END,runner_up_V_sufficiency,-0.0072642602026462555,USER_END,FINAL_INSTRUCTION_END,,,,
confirmation,exp12_docs_code_05,docs_code,paraphrase,0,paraphrase,1,opposite_same_wording,FINAL_INSTRUCTION_END,runner_up_V_necessity_loss,0.007792223244905472,USER_END,FINAL_INSTRUCTION_END,,,,
confirmation,exp12_docs_code_05,docs_code,paraphrase,0,paraphrase,1,opposite_same_wording,USER_END,reader_verified_v_effect,0.01563529297709465,USER_END,FINAL_INSTRUCTION_END,0.0,0.0,0.0,
confirmation,exp12_docs_code_05,docs_code,paraphrase,0,paraphrase,1,opposite_same_wording,USER_END,reader_target_sufficiency,0.030522406101226807,USER_END,FINAL_INSTRUCTION_END,0.0,0.0,0.0,
confirmation,exp12_docs_code_05,docs_code,paraphrase,0,paraphrase,1,opposite_same_wording,USER_END,reader_target_necessity,0.03900745324790478,USER_END,FINAL_INSTRUCTION_END,0.0,0.0,0.0,
confirmation,exp12_docs_code_05,docs_code,paraphrase,0,paraphrase,1,opposite_same_wording,USER_END,reader_negative_sufficiency,-0.023594770580530167,USER_END,FINAL_INSTRUCTION_END,0.0,0.0,0.0,
confirmation,exp12_docs_code_05,docs_code,paraphrase,0,paraphrase,1,opposite_same_wording,USER_END,reader_negative_necessity,-0.015905780717730522,USER_END,FINAL_INSTRUCTION_END,0.0,0.0,0.0,
confirmation,exp12_docs_code_05,docs_code,paraphrase,0,paraphrase,1,opposite_same_wording,USER_END,reader_all7_sufficiency,0.01563529297709465,USER_END,FINAL_INSTRUCTION_END,0.0,0.0,0.0,
confirmation,exp12_docs_code_05,docs_code,paraphrase,0,paraphrase,1,opposite_same_wording,USER_END,reader_all7_necessity,0.01563529297709465,USER_END,FINAL_INSTRUCTION_END,0.0,0.0,0.0,
confirmation,exp12_docs_code_05,docs_code,paraphrase,0,paraphrase,1,opposite_same_wording,USER_END,reader_non_kv0_sufficiency,0.0,USER_END,FINAL_INSTRUCTION_END,0.0,0.0,0.0,
confirmation,exp12_docs_code_05,docs_code,paraphrase,0,paraphrase,1,opposite_same_wording,USER_END,reader_non_kv0_necessity,0.0,USER_END,FINAL_INSTRUCTION_END,0.0,0.0,0.0,
confirmation,exp12_docs_code_05,docs_code,paraphrase,0,canonical,1,opposite_cross_wording,USER_END,cross_selected_V_sufficiency,0.015464365482330322,,,,,,USER_END
confirmation,exp12_docs_code_05,docs_code,paraphrase,0,canonical,1,opposite_cross_wording,USER_END,cross_selected_V_necessity_loss,0.015346769243478775,,,,,,USER_END
confirmation,exp12_docs_code_05,docs_code,paraphrase,0,canonical,0,same_state_cross_wording,USER_END,same_state_selected_V_control,-0.00746508501470089,,,,,,USER_END
confirmation,exp12_docs_code_05,docs_code,canonical,1,canonical,0,opposite_same_wording,USER_END,selected_H20_residual_effect,0.02907085418701172,USER_END,FINAL_INSTRUCTION_END,,,,
confirmation,exp12_docs_code_05,docs_code,canonical,1,canonical,0,opposite_same_wording,USER_END,selected_V_sufficiency,0.005812898278236389,USER_END,FINAL_INSTRUCTION_END,,,,
confirmation,exp12_docs_code_05,docs_code,canonical,1,canonical,0,opposite_same_wording,USER_END,selected_V_necessity_loss,0.011401861906051636,USER_END,FINAL_INSTRUCTION_END,,,,
confirmation,exp12_docs_code_05,docs_code,canonical,1,canonical,0,opposite_same_wording,OLD_ABSOLUTE,old_absolute_V_sufficiency,-0.029368937015533447,USER_END,FINAL_INSTRUCTION_END,,,,
confirmation,exp12_docs_code_05,docs_code,canonical,1,canonical,0,opposite_same_wording,OLD_ABSOLUTE,old_absolute_local_V_necessity_loss,-0.028382696211338043,USER_END,FINAL_INSTRUCTION_END,,,,
confirmation,exp12_docs_code_05,docs_code,canonical,1,canonical,0,opposite_same_wording,FINAL_INSTRUCTION_END,runner_up_V_sufficiency,0.011353842914104462,USER_END,FINAL_INSTRUCTION_END,,,,
confirmation,exp12_docs_code_05,docs_code,canonical,1,canonical,0,opposite_same_wording,FINAL_INSTRUCTION_END,runner_up_V_necessity_loss,0.01027100533246994,USER_END,FINAL_INSTRUCTION_END,,,,
confirmation,exp12_docs_code_05,docs_code,canonical,1,canonical,0,opposite_same_wording,USER_END,reader_verified_v_effect,0.005812898278236389,USER_END,FINAL_INSTRUCTION_END,0.0,0.0,0.0,
confirmation,exp12_docs_code_05,docs_code,canonical,1,canonical,0,opposite_same_wording,USER_END,reader_target_sufficiency,0.028519079089164734,USER_END,FINAL_INSTRUCTION_END,0.0,0.0,0.0,
confirmation,exp12_docs_code_05,docs_code,canonical,1,canonical,0,opposite_same_wording,USER_END,reader_target_necessity,0.04069886356592178,USER_END,FINAL_INSTRUCTION_END,0.0,0.0,0.0,
confirmation,exp12_docs_code_05,docs_code,canonical,1,canonical,0,opposite_same_wording,USER_END,reader_negative_sufficiency,-0.04647982120513916,USER_END,FINAL_INSTRUCTION_END,0.0,0.0,0.0,
confirmation,exp12_docs_code_05,docs_code,canonical,1,canonical,0,opposite_same_wording,USER_END,reader_negative_necessity,-0.027858056128025055,USER_END,FINAL_INSTRUCTION_END,0.0,0.0,0.0,
confirmation,exp12_docs_code_05,docs_code,canonical,1,canonical,0,opposite_same_wording,USER_END,reader_all7_sufficiency,0.005812898278236389,USER_END,FINAL_INSTRUCTION_END,0.0,0.0,0.0,
confirmation,exp12_docs_code_05,docs_code,canonical,1,canonical,0,opposite_same_wording,USER_END,reader_all7_necessity,0.005812898278236389,USER_END,FINAL_INSTRUCTION_END,0.0,0.0,0.0,
confirmation,exp12_docs_code_05,docs_code,canonical,1,canonical,0,opposite_same_wording,USER_END,reader_non_kv0_sufficiency,-0.0,USER_END,FINAL_INSTRUCTION_END,0.0,0.0,0.0,
confirmation,exp12_docs_code_05,docs_code,canonical,1,canonical,0,opposite_same_wording,USER_END,reader_non_kv0_necessity,0.0,USER_END,FINAL_INSTRUCTION_END,0.0,0.0,0.0,
confirmation,exp12_docs_code_05,docs_code,canonical,1,paraphrase,0,opposite_cross_wording,USER_END,cross_selected_V_sufficiency,-0.0077046602964401245,,,,,,USER_END
confirmation,exp12_docs_code_05,docs_code,canonical,1,paraphrase,0,opposite_cross_wording,USER_END,cross_selected_V_necessity_loss,0.010559245944023132,,,,,,USER_END
confirmation,exp12_docs_code_05,docs_code,canonical,1,paraphrase,1,same_state_cross_wording,USER_END,same_state_selected_V_control,0.006289765238761902,,,,,,USER_END
confirmation,exp12_docs_code_05,docs_code,paraphrase,1,paraphrase,0,opposite_same_wording,USER_END,selected_H20_residual_effect,0.04855620861053467,USER_END,FINAL_INSTRUCTION_END,,,,
confirmation,exp12_docs_code_05,docs_code,paraphrase,1,paraphrase,0,opposite_same_wording,USER_END,selected_V_sufficiency,-0.000860355794429779,USER_END,FINAL_INSTRUCTION_END,,,,
confirmation,exp12_docs_code_05,docs_code,paraphrase,1,paraphrase,0,opposite_same_wording,USER_END,selected_V_necessity_loss,0.035773709416389465,USER_END,FINAL_INSTRUCTION_END,,,,
confirmation,exp12_docs_code_05,docs_code,paraphrase,1,paraphrase,0,opposite_same_wording,OLD_ABSOLUTE,old_absolute_V_sufficiency,-0.07085158675909042,USER_END,FINAL_INSTRUCTION_END,,,,
confirmation,exp12_docs_code_05,docs_code,paraphrase,1,paraphrase,0,opposite_same_wording,OLD_ABSOLUTE,old_absolute_local_V_necessity_loss,-0.07525989413261414,USER_END,FINAL_INSTRUCTION_END,,,,
confirmation,exp12_docs_code_05,docs_code,paraphrase,1,paraphrase,0,opposite_same_wording,FINAL_INSTRUCTION_END,runner_up_V_sufficiency,0.02488832175731659,USER_END,FINAL_INSTRUCTION_END,,,,
confirmation,exp12_docs_code_05,docs_code,paraphrase,1,paraphrase,0,opposite_same_wording,FINAL_INSTRUCTION_END,runner_up_V_necessity_loss,0.025145292282104492,USER_END,FINAL_INSTRUCTION_END,,,,
confirmation,exp12_docs_code_05,docs_code,paraphrase,1,paraphrase,0,opposite_same_wording,USER_END,reader_verified_v_effect,-0.000860355794429779,USER_END,FINAL_INSTRUCTION_END,0.0,0.0,0.0,
confirmation,exp12_docs_code_05,docs_code,paraphrase,1,paraphrase,0,opposite_same_wording,USER_END,reader_target_sufficiency,0.023594573140144348,USER_END,FINAL_INSTRUCTION_END,0.0,0.0,0.0,
confirmation,exp12_docs_code_05,docs_code,paraphrase,1,paraphrase,0,opposite_same_wording,USER_END,reader_target_necessity,0.023339249193668365,USER_END,FINAL_INSTRUCTION_END,0.0,0.0,0.0,
confirmation,exp12_docs_code_05,docs_code,paraphrase,1,paraphrase,0,opposite_same_wording,USER_END,reader_negative_sufficiency,-0.03579462319612503,USER_END,FINAL_INSTRUCTION_END,0.0,0.0,0.0,
confirmation,exp12_docs_code_05,docs_code,paraphrase,1,paraphrase,0,opposite_same_wording,USER_END,reader_negative_necessity,-0.03637313097715378,USER_END,FINAL_INSTRUCTION_END,0.0,0.0,0.0,
confirmation,exp12_docs_code_05,docs_code,paraphrase,1,paraphrase,0,opposite_same_wording,USER_END,reader_all7_sufficiency,-0.000860355794429779,USER_END,FINAL_INSTRUCTION_END,0.0,0.0,0.0,
confirmation,exp12_docs_code_05,docs_code,paraphrase,1,paraphrase,0,opposite_same_wording,USER_END,reader_all7_necessity,-0.000860355794429779,USER_END,FINAL_INSTRUCTION_END,0.0,0.0,0.0,
confirmation,exp12_docs_code_05,docs_code,paraphrase,1,paraphrase,0,opposite_same_wording,USER_END,reader_non_kv0_sufficiency,-0.0,USER_END,FINAL_INSTRUCTION_END,0.0,0.0,0.0,
confirmation,exp12_docs_code_05,docs_code,paraphrase,1,paraphrase,0,opposite_same_wording,USER_END,reader_non_kv0_necessity,0.0,USER_END,FINAL_INSTRUCTION_END,0.0,0.0,0.0,
confirmation,exp12_docs_code_05,docs_code,paraphrase,1,canonical,0,opposite_cross_wording,USER_END,cross_selected_V_sufficiency,-0.0005362927913665771,,,,,,USER_END
confirmation,exp12_docs_code_05,docs_code,paraphrase,1,canonical,0,opposite_cross_wording,USER_END,cross_selected_V_necessity_loss,0.02329891175031662,,,,,,USER_END
confirmation,exp12_docs_code_05,docs_code,paraphrase,1,canonical,1,same_state_cross_wording,USER_END,same_state_selected_V_control,0.024388954043388367,,,,,,USER_END
confirmation,exp12_docs_code_06,docs_code,canonical,0,canonical,1,opposite_same_wording,USER_END,selected_H20_residual_effect,0.06438859552145004,USER_END,FINAL_INSTRUCTION_END,,,,
confirmation,exp12_docs_code_06,docs_code,canonical,0,canonical,1,opposite_same_wording,USER_END,selected_V_sufficiency,0.032240934669971466,USER_END,FINAL_INSTRUCTION_END,,,,
confirmation,exp12_docs_code_06,docs_code,canonical,0,canonical,1,opposite_same_wording,USER_END,selected_V_necessity_loss,0.016181878745555878,USER_END,FINAL_INSTRUCTION_END,,,,
confirmation,exp12_docs_code_06,docs_code,canonical,0,canonical,1,opposite_same_wording,OLD_ABSOLUTE,old_absolute_V_sufficiency,-0.015353713184595108,USER_END,FINAL_INSTRUCTION_END,,,,
confirmation,exp12_docs_code_06,docs_code,canonical,0,canonical,1,opposite_same_wording,OLD_ABSOLUTE,old_absolute_local_V_necessity_loss,-0.05992443114519119,USER_END,FINAL_INSTRUCTION_END,,,,
confirmation,exp12_docs_code_06,docs_code,canonical,0,canonical,1,opposite_same_wording,FINAL_INSTRUCTION_END,runner_up_V_sufficiency,0.016184773296117783,USER_END,FINAL_INSTRUCTION_END,,,,
confirmation,exp12_docs_code_06,docs_code,canonical,0,canonical,1,opposite_same_wording,FINAL_INSTRUCTION_END,runner_up_V_necessity_loss,-7.644668221473694e-05,USER_END,FINAL_INSTRUCTION_END,,,,
confirmation,exp12_docs_code_06,docs_code,canonical,0,canonical,1,opposite_same_wording,USER_END,reader_verified_v_effect,0.032240934669971466,USER_END,FINAL_INSTRUCTION_END,0.0,0.0,0.0,
confirmation,exp12_docs_code_06,docs_code,canonical,0,canonical,1,opposite_same_wording,USER_END,reader_target_sufficiency,0.08066269755363464,USER_END,FINAL_INSTRUCTION_END,0.0,0.0,0.0,
confirmation,exp12_docs_code_06,docs_code,canonical,0,canonical,1,opposite_same_wording,USER_END,reader_target_necessity,0.06351558864116669,USER_END,FINAL_INSTRUCTION_END,0.0,0.0,0.0,
confirmation,exp12_docs_code_06,docs_code,canonical,0,canonical,1,opposite_same_wording,USER_END,reader_negative_sufficiency,-0.03178749978542328,USER_END,FINAL_INSTRUCTION_END,0.0,0.0,0.0,
confirmation,exp12_docs_code_06,docs_code,canonical,0,canonical,1,opposite_same_wording,USER_END,reader_negative_necessity,-0.06400106102228165,USER_END,FINAL_INSTRUCTION_END,0.0,0.0,0.0,
confirmation,exp12_docs_code_06,docs_code,canonical,0,canonical,1,opposite_same_wording,USER_END,reader_all7_sufficiency,0.032240934669971466,USER_END,FINAL_INSTRUCTION_END,0.0,0.0,0.0,
confirmation,exp12_docs_code_06,docs_code,canonical,0,canonical,1,opposite_same_wording,USER_END,reader_all7_necessity,0.032240934669971466,USER_END,FINAL_INSTRUCTION_END,0.0,0.0,0.0,
confirmation,exp12_docs_code_06,docs_code,canonical,0,canonical,1,opposite_same_wording,USER_END,reader_non_kv0_sufficiency,0.0,USER_END,FINAL_INSTRUCTION_END,0.0,0.0,0.0,
confirmation,exp12_docs_code_06,docs_code,canonical,0,canonical,1,opposite_same_wording,USER_END,reader_non_kv0_necessity,0.0,USER_END,FINAL_INSTRUCTION_END,0.0,0.0,0.0,
confirmation,exp12_docs_code_06,docs_code,canonical,0,paraphrase,1,opposite_cross_wording,USER_END,cross_selected_V_sufficiency,0.04850832372903824,,,,,,USER_END
confirmation,exp12_docs_code_06,docs_code,canonical,0,paraphrase,1,opposite_cross_wording,USER_END,cross_selected_V_necessity_loss,0.0170096717774868,,,,,,USER_END
confirmation,exp12_docs_code_06,docs_code,canonical,0,paraphrase,0,same_state_cross_wording,USER_END,same_state_selected_V_control,-0.00017042458057403564,,,,,,USER_END
confirmation,exp12_docs_code_06,docs_code,paraphrase,0,paraphrase,1,opposite_same_wording,USER_END,selected_H20_residual_effect,0.03206219896674156,USER_END,FINAL_INSTRUCTION_END,,,,
confirmation,exp12_docs_code_06,docs_code,paraphrase,0,paraphrase,1,opposite_same_wording,USER_END,selected_V_sufficiency,0.01575927436351776,USER_END,FINAL_INSTRUCTION_END,,,,
confirmation,exp12_docs_code_06,docs_code,paraphrase,0,paraphrase,1,opposite_same_wording,USER_END,selected_V_necessity_loss,0.03333251178264618,USER_END,FINAL_INSTRUCTION_END,,,,
confirmation,exp12_docs_code_06,docs_code,paraphrase,0,paraphrase,1,opposite_same_wording,OLD_ABSOLUTE,old_absolute_V_sufficiency,-0.05469489470124245,USER_END,FINAL_INSTRUCTION_END,,,,
confirmation,exp12_docs_code_06,docs_code,paraphrase,0,paraphrase,1,opposite_same_wording,OLD_ABSOLUTE,old_absolute_local_V_necessity_loss,-0.054406940937042236,USER_END,FINAL_INSTRUCTION_END,,,,
confirmation,exp12_docs_code_06,docs_code,paraphrase,0,paraphrase,1,opposite_same_wording,FINAL_INSTRUCTION_END,runner_up_V_sufficiency,-0.00013878196477890015,USER_END,FINAL_INSTRUCTION_END,,,,
confirmation,exp12_docs_code_06,docs_code,paraphrase,0,paraphrase,1,opposite_same_wording,FINAL_INSTRUCTION_END,runner_up_V_necessity_loss,0.008551213890314102,USER_END,FINAL_INSTRUCTION_END,,,,
confirmation,exp12_docs_code_06,docs_code,paraphrase,0,paraphrase,1,opposite_same_wording,USER_END,reader_verified_v_effect,0.01575927436351776,USER_END,FINAL_INSTRUCTION_END,0.0,0.0,0.0,
confirmation,exp12_docs_code_06,docs_code,paraphrase,0,paraphrase,1,opposite_same_wording,USER_END,reader_target_sufficiency,0.04004288464784622,USER_END,FINAL_INSTRUCTION_END,0.0,0.0,0.0,
confirmation,exp12_docs_code_06,docs_code,paraphrase,0,paraphrase,1,opposite_same_wording,USER_END,reader_target_necessity,0.03906664252281189,USER_END,FINAL_INSTRUCTION_END,0.0,0.0,0.0,
confirmation,exp12_docs_code_06,docs_code,paraphrase,0,paraphrase,1,opposite_same_wording,USER_END,reader_negative_sufficiency,-0.03979145362973213,USER_END,FINAL_INSTRUCTION_END,0.0,0.0,0.0,
confirmation,exp12_docs_code_06,docs_code,paraphrase,0,paraphrase,1,opposite_same_wording,USER_END,reader_negative_necessity,-0.032157957553863525,USER_END,FINAL_INSTRUCTION_END,0.0,0.0,0.0,
confirmation,exp12_docs_code_06,docs_code,paraphrase,0,paraphrase,1,opposite_same_wording,USER_END,reader_all7_sufficiency,0.01575927436351776,USER_END,FINAL_INSTRUCTION_END,0.0,0.0,0.0,
confirmation,exp12_docs_code_06,docs_code,paraphrase,0,paraphrase,1,opposite_same_wording,USER_END,reader_all7_necessity,0.01575927436351776,USER_END,FINAL_INSTRUCTION_END,0.0,0.0,0.0,
confirmation,exp12_docs_code_06,docs_code,paraphrase,0,paraphrase,1,opposite_same_wording,USER_END,reader_non_kv0_sufficiency,0.0,USER_END,FINAL_INSTRUCTION_END,0.0,0.0,0.0,
confirmation,exp12_docs_code_06,docs_code,paraphrase,0,paraphrase,1,opposite_same_wording,USER_END,reader_non_kv0_necessity,0.0,USER_END,FINAL_INSTRUCTION_END,0.0,0.0,0.0,
confirmation,exp12_docs_code_06,docs_code,paraphrase,0,canonical,1,opposite_cross_wording,USER_END,cross_selected_V_sufficiency,-0.0007280856370925903,,,,,,USER_END
confirmation,exp12_docs_code_06,docs_code,paraphrase,0,canonical,1,opposite_cross_wording,USER_END,cross_selected_V_necessity_loss,0.007670566439628601,,,,,,USER_END
confirmation,exp12_docs_code_06,docs_code,paraphrase,0,canonical,0,same_state_cross_wording,USER_END,same_state_selected_V_control,0.0003043152391910553,,,,,,USER_END
confirmation,exp12_docs_code_06,docs_code,canonical,1,canonical,0,opposite_same_wording,USER_END,selected_H20_residual_effect,0.104511559009552,USER_END,FINAL_INSTRUCTION_END,,,,
confirmation,exp12_docs_code_06,docs_code,canonical,1,canonical,0,opposite_same_wording,USER_END,selected_V_sufficiency,0.05088876932859421,USER_END,FINAL_INSTRUCTION_END,,,,
confirmation,exp12_docs_code_06,docs_code,canonical,1,canonical,0,opposite_same_wording,USER_END,selected_V_necessity_loss,0.021213851869106293,USER_END,FINAL_INSTRUCTION_END,,,,
confirmation,exp12_docs_code_06,docs_code,canonical,1,canonical,0,opposite_same_wording,OLD_ABSOLUTE,old_absolute_V_sufficiency,-0.041388437151908875,USER_END,FINAL_INSTRUCTION_END,,,,
confirmation,exp12_docs_code_06,docs_code,canonical,1,canonical,0,opposite_same_wording,OLD_ABSOLUTE,old_absolute_local_V_necessity_loss,-0.05401782691478729,USER_END,FINAL_INSTRUCTION_END,,,,
confirmation,exp12_docs_code_06,docs_code,canonical,1,canonical,0,opposite_same_wording,FINAL_INSTRUCTION_END,runner_up_V_sufficiency,0.03951388597488403,USER_END,FINAL_INSTRUCTION_END,,,,
confirmation,exp12_docs_code_06,docs_code,canonical,1,canonical,0,opposite_same_wording,FINAL_INSTRUCTION_END,runner_up_V_necessity_loss,0.02092514932155609,USER_END,FINAL_INSTRUCTION_END,,,,
confirmation,exp12_docs_code_06,docs_code,canonical,1,canonical,0,opposite_same_wording,USER_END,reader_verified_v_effect,0.05088876932859421,USER_END,FINAL_INSTRUCTION_END,0.0,0.0,0.0,
confirmation,exp12_docs_code_06,docs_code,canonical,1,canonical,0,opposite_same_wording,USER_END,reader_target_sufficiency,0.09366541355848312,USER_END,FINAL_INSTRUCTION_END,0.0,0.0,0.0,
confirmation,exp12_docs_code_06,docs_code,canonical,1,canonical,0,opposite_same_wording,USER_END,reader_target_necessity,0.09219738095998764,USER_END,FINAL_INSTRUCTION_END,0.0,0.0,0.0,
confirmation,exp12_docs_code_06,docs_code,canonical,1,canonical,0,opposite_same_wording,USER_END,reader_negative_sufficiency,-0.05322785675525665,USER_END,FINAL_INSTRUCTION_END,0.0,0.0,0.0,
confirmation,exp12_docs_code_06,docs_code,canonical,1,canonical,0,opposite_same_wording,USER_END,reader_negative_necessity,-0.05320072919130325,USER_END,FINAL_INSTRUCTION_END,0.0,0.0,0.0,
confirmation,exp12_docs_code_06,docs_code,canonical,1,canonical,0,opposite_same_wording,USER_END,reader_all7_sufficiency,0.05088876932859421,USER_END,FINAL_INSTRUCTION_END,0.0,0.0,0.0,
confirmation,exp12_docs_code_06,docs_code,canonical,1,canonical,0,opposite_same_wording,USER_END,reader_all7_necessity,0.05088876932859421,USER_END,FINAL_INSTRUCTION_END,0.0,0.0,0.0,
confirmation,exp12_docs_code_06,docs_code,canonical,1,canonical,0,opposite_same_wording,USER_END,reader_non_kv0_sufficiency,-0.0,USER_END,FINAL_INSTRUCTION_END,0.0,0.0,0.0,
confirmation,exp12_docs_code_06,docs_code,canonical,1,canonical,0,opposite_same_wording,USER_END,reader_non_kv0_necessity,0.0,USER_END,FINAL_INSTRUCTION_END,0.0,0.0,0.0,
confirmation,exp12_docs_code_06,docs_code,canonical,1,paraphrase,0,opposite_cross_wording,USER_END,cross_selected_V_sufficiency,0.05204764008522034,,,,,,USER_END
confirmation,exp12_docs_code_06,docs_code,canonical,1,paraphrase,0,opposite_cross_wording,USER_END,cross_selected_V_necessity_loss,0.04232969880104065,,,,,,USER_END
confirmation,exp12_docs_code_06,docs_code,canonical,1,paraphrase,1,same_state_cross_wording,USER_END,same_state_selected_V_control,-0.040209122002124786,,,,,,USER_END
confirmation,exp12_docs_code_06,docs_code,paraphrase,1,paraphrase,0,opposite_same_wording,USER_END,selected_H20_residual_effect,0.14155226945877075,USER_END,FINAL_INSTRUCTION_END,,,,
confirmation,exp12_docs_code_06,docs_code,paraphrase,1,paraphrase,0,opposite_same_wording,USER_END,selected_V_sufficiency,0.06105755269527435,USER_END,FINAL_INSTRUCTION_END,,,,
confirmation,exp12_docs_code_06,docs_code,paraphrase,1,paraphrase,0,opposite_same_wording,USER_END,selected_V_necessity_loss,0.06014859676361084,USER_END,FINAL_INSTRUCTION_END,,,,
confirmation,exp12_docs_code_06,docs_code,paraphrase,1,paraphrase,0,opposite_same_wording,OLD_ABSOLUTE,old_absolute_V_sufficiency,-0.1217871755361557,USER_END,FINAL_INSTRUCTION_END,,,,
confirmation,exp12_docs_code_06,docs_code,paraphrase,1,paraphrase,0,opposite_same_wording,OLD_ABSOLUTE,old_absolute_local_V_necessity_loss,-0.04801767319440842,USER_END,FINAL_INSTRUCTION_END,,,,
confirmation,exp12_docs_code_06,docs_code,paraphrase,1,paraphrase,0,opposite_same_wording,FINAL_INSTRUCTION_END,runner_up_V_sufficiency,0.04243508726358414,USER_END,FINAL_INSTRUCTION_END,,,,
confirmation,exp12_docs_code_06,docs_code,paraphrase,1,paraphrase,0,opposite_same_wording,FINAL_INSTRUCTION_END,runner_up_V_necessity_loss,0.05957167595624924,USER_END,FINAL_INSTRUCTION_END,,,,
confirmation,exp12_docs_code_06,docs_code,paraphrase,1,paraphrase,0,opposite_same_wording,USER_END,reader_verified_v_effect,0.06105755269527435,USER_END,FINAL_INSTRUCTION_END,0.0,0.0,0.0,
confirmation,exp12_docs_code_06,docs_code,paraphrase,1,paraphrase,0,opposite_same_wording,USER_END,reader_target_sufficiency,0.08135508745908737,USER_END,FINAL_INSTRUCTION_END,0.0,0.0,0.0,
confirmation,exp12_docs_code_06,docs_code,paraphrase,1,paraphrase,0,opposite_same_wording,USER_END,reader_target_necessity,0.10033543407917023,USER_END,FINAL_INSTRUCTION_END,0.0,0.0,0.0,
confirmation,exp12_docs_code_06,docs_code,paraphrase,1,paraphrase,0,opposite_same_wording,USER_END,reader_negative_sufficiency,-0.02088533341884613,USER_END,FINAL_INSTRUCTION_END,0.0,0.0,0.0,
confirmation,exp12_docs_code_06,docs_code,paraphrase,1,paraphrase,0,opposite_same_wording,USER_END,reader_negative_necessity,-0.020226478576660156,USER_END,FINAL_INSTRUCTION_END,0.0,0.0,0.0,
confirmation,exp12_docs_code_06,docs_code,paraphrase,1,paraphrase,0,opposite_same_wording,USER_END,reader_all7_sufficiency,0.06105755269527435,USER_END,FINAL_INSTRUCTION_END,0.0,0.0,0.0,
confirmation,exp12_docs_code_06,docs_code,paraphrase,1,paraphrase,0,opposite_same_wording,USER_END,reader_all7_necessity,0.06105755269527435,USER_END,FINAL_INSTRUCTION_END,0.0,0.0,0.0,
confirmation,exp12_docs_code_06,docs_code,paraphrase,1,paraphrase,0,opposite_same_wording,USER_END,reader_non_kv0_sufficiency,-0.0,USER_END,FINAL_INSTRUCTION_END,0.0,0.0,0.0,
confirmation,exp12_docs_code_06,docs_code,paraphrase,1,paraphrase,0,opposite_same_wording,USER_END,reader_non_kv0_necessity,0.0,USER_END,FINAL_INSTRUCTION_END,0.0,0.0,0.0,
confirmation,exp12_docs_code_06,docs_code,paraphrase,1,canonical,0,opposite_cross_wording,USER_END,cross_selected_V_sufficiency,0.06047283858060837,,,,,,USER_END
confirmation,exp12_docs_code_06,docs_code,paraphrase,1,canonical,0,opposite_cross_wording,USER_END,cross_selected_V_necessity_loss,0.040892645716667175,,,,,,USER_END
confirmation,exp12_docs_code_06,docs_code,paraphrase,1,canonical,1,same_state_cross_wording,USER_END,same_state_selected_V_control,0.019036903977394104,,,,,,USER_END
confirmation,exp12_docs_code_07,docs_code,canonical,0,canonical,1,opposite_same_wording,USER_END,selected_H20_residual_effect,0.0313432402908802,USER_END,FINAL_INSTRUCTION_END,,,,
confirmation,exp12_docs_code_07,docs_code,canonical,0,canonical,1,opposite_same_wording,USER_END,selected_V_sufficiency,0.015654131770133972,USER_END,FINAL_INSTRUCTION_END,,,,
confirmation,exp12_docs_code_07,docs_code,canonical,0,canonical,1,opposite_same_wording,USER_END,selected_V_necessity_loss,0.01562664285302162,USER_END,FINAL_INSTRUCTION_END,,,,
confirmation,exp12_docs_code_07,docs_code,canonical,0,canonical,1,opposite_same_wording,OLD_ABSOLUTE,old_absolute_V_sufficiency,-0.015611059963703156,USER_END,FINAL_INSTRUCTION_END,,,,
confirmation,exp12_docs_code_07,docs_code,canonical,0,canonical,1,opposite_same_wording,OLD_ABSOLUTE,old_absolute_local_V_necessity_loss,-0.062474265694618225,USER_END,FINAL_INSTRUCTION_END,,,,
confirmation,exp12_docs_code_07,docs_code,canonical,0,canonical,1,opposite_same_wording,FINAL_INSTRUCTION_END,runner_up_V_sufficiency,7.186084985733032e-06,USER_END,FINAL_INSTRUCTION_END,,,,
confirmation,exp12_docs_code_07,docs_code,canonical,0,canonical,1,opposite_same_wording,FINAL_INSTRUCTION_END,runner_up_V_necessity_loss,3.71783971786499e-05,USER_END,FINAL_INSTRUCTION_END,,,,
confirmation,exp12_docs_code_07,docs_code,canonical,0,canonical,1,opposite_same_wording,USER_END,reader_verified_v_effect,0.015654131770133972,USER_END,FINAL_INSTRUCTION_END,0.0,0.0,0.0,
confirmation,exp12_docs_code_07,docs_code,canonical,0,canonical,1,opposite_same_wording,USER_END,reader_target_sufficiency,0.04692431166768074,USER_END,FINAL_INSTRUCTION_END,0.0,0.0,0.0,
confirmation,exp12_docs_code_07,docs_code,canonical,0,canonical,1,opposite_same_wording,USER_END,reader_target_necessity,0.03122521936893463,USER_END,FINAL_INSTRUCTION_END,0.0,0.0,0.0,
confirmation,exp12_docs_code_07,docs_code,canonical,0,canonical,1,opposite_same_wording,USER_END,reader_negative_sufficiency,-0.031196609139442444,USER_END,FINAL_INSTRUCTION_END,0.0,0.0,0.0,
confirmation,exp12_docs_code_07,docs_code,canonical,0,canonical,1,opposite_same_wording,USER_END,reader_negative_necessity,-0.046877484768629074,USER_END,FINAL_INSTRUCTION_END,0.0,0.0,0.0,
confirmation,exp12_docs_code_07,docs_code,canonical,0,canonical,1,opposite_same_wording,USER_END,reader_all7_sufficiency,0.015654131770133972,USER_END,FINAL_INSTRUCTION_END,0.0,0.0,0.0,
confirmation,exp12_docs_code_07,docs_code,canonical,0,canonical,1,opposite_same_wording,USER_END,reader_all7_necessity,0.015654131770133972,USER_END,FINAL_INSTRUCTION_END,0.0,0.0,0.0,
confirmation,exp12_docs_code_07,docs_code,canonical,0,canonical,1,opposite_same_wording,USER_END,reader_non_kv0_sufficiency,0.0,USER_END,FINAL_INSTRUCTION_END,0.0,0.0,0.0,
confirmation,exp12_docs_code_07,docs_code,canonical,0,canonical,1,opposite_same_wording,USER_END,reader_non_kv0_necessity,0.0,USER_END,FINAL_INSTRUCTION_END,0.0,0.0,0.0,
confirmation,exp12_docs_code_07,docs_code,canonical,0,paraphrase,1,opposite_cross_wording,USER_END,cross_selected_V_sufficiency,0.01565960794687271,,,,,,USER_END
confirmation,exp12_docs_code_07,docs_code,canonical,0,paraphrase,1,opposite_cross_wording,USER_END,cross_selected_V_necessity_loss,-1.0740011930465698e-05,,,,,,USER_END
confirmation,exp12_docs_code_07,docs_code,canonical,0,paraphrase,0,same_state_cross_wording,USER_END,same_state_selected_V_control,0.031246766448020935,,,,,,USER_END
confirmation,exp12_docs_code_07,docs_code,paraphrase,0,paraphrase,1,opposite_same_wording,USER_END,selected_H20_residual_effect,0.023561634123325348,USER_END,FINAL_INSTRUCTION_END,,,,
confirmation,exp12_docs_code_07,docs_code,paraphrase,0,paraphrase,1,opposite_same_wording,USER_END,selected_V_sufficiency,0.02344629168510437,USER_END,FINAL_INSTRUCTION_END,,,,
confirmation,exp12_docs_code_07,docs_code,paraphrase,0,paraphrase,1,opposite_same_wording,USER_END,selected_V_necessity_loss,0.007948260754346848,USER_END,FINAL_INSTRUCTION_END,,,,
confirmation,exp12_docs_code_07,docs_code,paraphrase,0,paraphrase,1,opposite_same_wording,OLD_ABSOLUTE,old_absolute_V_sufficiency,-0.03880868852138519,USER_END,FINAL_INSTRUCTION_END,,,,
confirmation,exp12_docs_code_07,docs_code,paraphrase,0,paraphrase,1,opposite_same_wording,OLD_ABSOLUTE,old_absolute_local_V_necessity_loss,-0.07812991738319397,USER_END,FINAL_INSTRUCTION_END,,,,
confirmation,exp12_docs_code_07,docs_code,paraphrase,0,paraphrase,1,opposite_same_wording,FINAL_INSTRUCTION_END,runner_up_V_sufficiency,-0.007684607058763504,USER_END,FINAL_INSTRUCTION_END,,,,
confirmation,exp12_docs_code_07,docs_code,paraphrase,0,paraphrase,1,opposite_same_wording,FINAL_INSTRUCTION_END,runner_up_V_necessity_loss,0.007943227887153625,USER_END,FINAL_INSTRUCTION_END,,,,
confirmation,exp12_docs_code_07,docs_code,paraphrase,0,paraphrase,1,opposite_same_wording,USER_END,reader_verified_v_effect,0.02344629168510437,USER_END,FINAL_INSTRUCTION_END,0.0,0.0,0.0,
confirmation,exp12_docs_code_07,docs_code,paraphrase,0,paraphrase,1,opposite_same_wording,USER_END,reader_target_sufficiency,0.04699869453907013,USER_END,FINAL_INSTRUCTION_END,0.0,0.0,0.0,
confirmation,exp12_docs_code_07,docs_code,paraphrase,0,paraphrase,1,opposite_same_wording,USER_END,reader_target_necessity,0.06250790506601334,USER_END,FINAL_INSTRUCTION_END,0.0,0.0,0.0,
confirmation,exp12_docs_code_07,docs_code,paraphrase,0,paraphrase,1,opposite_same_wording,USER_END,reader_negative_sufficiency,-0.031398992985486984,USER_END,FINAL_INSTRUCTION_END,0.0,0.0,0.0,
confirmation,exp12_docs_code_07,docs_code,paraphrase,0,paraphrase,1,opposite_same_wording,USER_END,reader_negative_necessity,-0.03138439357280731,USER_END,FINAL_INSTRUCTION_END,0.0,0.0,0.0,
confirmation,exp12_docs_code_07,docs_code,paraphrase,0,paraphrase,1,opposite_same_wording,USER_END,reader_all7_sufficiency,0.02344629168510437,USER_END,FINAL_INSTRUCTION_END,0.0,0.0,0.0,
confirmation,exp12_docs_code_07,docs_code,paraphrase,0,paraphrase,1,opposite_same_wording,USER_END,reader_all7_necessity,0.02344629168510437,USER_END,FINAL_INSTRUCTION_END,0.0,0.0,0.0,
confirmation,exp12_docs_code_07,docs_code,paraphrase,0,paraphrase,1,opposite_same_wording,USER_END,reader_non_kv0_sufficiency,0.0,USER_END,FINAL_INSTRUCTION_END,0.0,0.0,0.0,
confirmation,exp12_docs_code_07,docs_code,paraphrase,0,paraphrase,1,opposite_same_wording,USER_END,reader_non_kv0_necessity,0.0,USER_END,FINAL_INSTRUCTION_END,0.0,0.0,0.0,
confirmation,exp12_docs_code_07,docs_code,paraphrase,0,canonical,1,opposite_cross_wording,USER_END,cross_selected_V_sufficiency,0.015737824141979218,,,,,,USER_END
confirmation,exp12_docs_code_07,docs_code,paraphrase,0,canonical,1,opposite_cross_wording,USER_END,cross_selected_V_necessity_loss,0.007945246994495392,,,,,,USER_END
confirmation,exp12_docs_code_07,docs_code,paraphrase,0,canonical,0,same_state_cross_wording,USER_END,same_state_selected_V_control,-0.01563166454434395,,,,,,USER_END
confirmation,exp12_docs_code_07,docs_code,canonical,1,canonical,0,opposite_same_wording,USER_END,selected_H20_residual_effect,0.05478176474571228,USER_END,FINAL_INSTRUCTION_END,,,,
confirmation,exp12_docs_code_07,docs_code,canonical,1,canonical,0,opposite_same_wording,USER_END,selected_V_sufficiency,0.015609338879585266,USER_END,FINAL_INSTRUCTION_END,,,,
confirmation,exp12_docs_code_07,docs_code,canonical,1,canonical,0,opposite_same_wording,USER_END,selected_V_necessity_loss,0.02345132827758789,USER_END,FINAL_INSTRUCTION_END,,,,
confirmation,exp12_docs_code_07,docs_code,canonical,1,canonical,0,opposite_same_wording,OLD_ABSOLUTE,old_absolute_V_sufficiency,-0.02346835285425186,USER_END,FINAL_INSTRUCTION_END,,,,
confirmation,exp12_docs_code_07,docs_code,canonical,1,canonical,0,opposite_same_wording,OLD_ABSOLUTE,old_absolute_local_V_necessity_loss,-0.015646830201148987,USER_END,FINAL_INSTRUCTION_END,,,,
confirmation,exp12_docs_code_07,docs_code,canonical,1,canonical,0,opposite_same_wording,FINAL_INSTRUCTION_END,runner_up_V_sufficiency,0.01558462530374527,USER_END,FINAL_INSTRUCTION_END,,,,
confirmation,exp12_docs_code_07,docs_code,canonical,1,canonical,0,opposite_same_wording,FINAL_INSTRUCTION_END,runner_up_V_necessity_loss,0.023438550531864166,USER_END,FINAL_INSTRUCTION_END,,,,
confirmation,exp12_docs_code_07,docs_code,canonical,1,canonical,0,opposite_same_wording,USER_END,reader_verified_v_effect,0.015609338879585266,USER_END,FINAL_INSTRUCTION_END,0.0,0.0,0.0,
confirmation,exp12_docs_code_07,docs_code,canonical,1,canonical,0,opposite_same_wording,USER_END,reader_target_sufficiency,0.04689302295446396,USER_END,FINAL_INSTRUCTION_END,0.0,0.0,0.0,
confirmation,exp12_docs_code_07,docs_code,canonical,1,canonical,0,opposite_same_wording,USER_END,reader_target_necessity,0.05467312037944794,USER_END,FINAL_INSTRUCTION_END,0.0,0.0,0.0,
confirmation,exp12_docs_code_07,docs_code,canonical,1,canonical,0,opposite_same_wording,USER_END,reader_negative_sufficiency,-0.054665446281433105,USER_END,FINAL_INSTRUCTION_END,0.0,0.0,0.0,
confirmation,exp12_docs_code_07,docs_code,canonical,1,canonical,0,opposite_same_wording,USER_END,reader_negative_necessity,-0.05473082512617111,USER_END,FINAL_INSTRUCTION_END,0.0,0.0,0.0,
confirmation,exp12_docs_code_07,docs_code,canonical,1,canonical,0,opposite_same_wording,USER_END,reader_all7_sufficiency,0.015609338879585266,USER_END,FINAL_INSTRUCTION_END,0.0,0.0,0.0,
confirmation,exp12_docs_code_07,docs_code,canonical,1,canonical,0,opposite_same_wording,USER_END,reader_all7_necessity,0.015609338879585266,USER_END,FINAL_INSTRUCTION_END,0.0,0.0,0.0,
confirmation,exp12_docs_code_07,docs_code,canonical,1,canonical,0,opposite_same_wording,USER_END,reader_non_kv0_sufficiency,-0.0,USER_END,FINAL_INSTRUCTION_END,0.0,0.0,0.0,
confirmation,exp12_docs_code_07,docs_code,canonical,1,canonical,0,opposite_same_wording,USER_END,reader_non_kv0_necessity,0.0,USER_END,FINAL_INSTRUCTION_END,0.0,0.0,0.0,
confirmation,exp12_docs_code_07,docs_code,canonical,1,paraphrase,0,opposite_cross_wording,USER_END,cross_selected_V_sufficiency,0.0077934712171554565,,,,,,USER_END
confirmation,exp12_docs_code_07,docs_code,canonical,1,paraphrase,0,opposite_cross_wording,USER_END,cross_selected_V_necessity_loss,0.03909922391176224,,,,,,USER_END
confirmation,exp12_docs_code_07,docs_code,canonical,1,paraphrase,1,same_state_cross_wording,USER_END,same_state_selected_V_control,-0.007768683135509491,,,,,,USER_END
confirmation,exp12_docs_code_07,docs_code,paraphrase,1,paraphrase,0,opposite_same_wording,USER_END,selected_H20_residual_effect,0.09377608448266983,USER_END,FINAL_INSTRUCTION_END,,,,
confirmation,exp12_docs_code_07,docs_code,paraphrase,1,paraphrase,0,opposite_same_wording,USER_END,selected_V_sufficiency,0.015631675720214844,USER_END,FINAL_INSTRUCTION_END,,,,
confirmation,exp12_docs_code_07,docs_code,paraphrase,1,paraphrase,0,opposite_same_wording,USER_END,selected_V_necessity_loss,0.04687902331352234,USER_END,FINAL_INSTRUCTION_END,,,,
confirmation,exp12_docs_code_07,docs_code,paraphrase,1,paraphrase,0,opposite_same_wording,OLD_ABSOLUTE,old_absolute_V_sufficiency,-0.09377115964889526,USER_END,FINAL_INSTRUCTION_END,,,,
confirmation,exp12_docs_code_07,docs_code,paraphrase,1,paraphrase,0,opposite_same_wording,OLD_ABSOLUTE,old_absolute_local_V_necessity_loss,-0.06250408291816711,USER_END,FINAL_INSTRUCTION_END,,,,
confirmation,exp12_docs_code_07,docs_code,paraphrase,1,paraphrase,0,opposite_same_wording,FINAL_INSTRUCTION_END,runner_up_V_sufficiency,0.03124924749135971,USER_END,FINAL_INSTRUCTION_END,,,,
confirmation,exp12_docs_code_07,docs_code,paraphrase,1,paraphrase,0,opposite_same_wording,FINAL_INSTRUCTION_END,runner_up_V_necessity_loss,0.04687485843896866,USER_END,FINAL_INSTRUCTION_END,,,,
confirmation,exp12_docs_code_07,docs_code,paraphrase,1,paraphrase,0,opposite_same_wording,USER_END,reader_verified_v_effect,0.015631675720214844,USER_END,FINAL_INSTRUCTION_END,0.0,0.0,0.0,
confirmation,exp12_docs_code_07,docs_code,paraphrase,1,paraphrase,0,opposite_same_wording,USER_END,reader_target_sufficiency,0.04687636345624924,USER_END,FINAL_INSTRUCTION_END,0.0,0.0,0.0,
confirmation,exp12_docs_code_07,docs_code,paraphrase,1,paraphrase,0,opposite_same_wording,USER_END,reader_target_necessity,0.046888262033462524,USER_END,FINAL_INSTRUCTION_END,0.0,0.0,0.0,
confirmation,exp12_docs_code_07,docs_code,paraphrase,1,paraphrase,0,opposite_same_wording,USER_END,reader_negative_sufficiency,-0.046879515051841736,USER_END,FINAL_INSTRUCTION_END,0.0,0.0,0.0,
confirmation,exp12_docs_code_07,docs_code,paraphrase,1,paraphrase,0,opposite_same_wording,USER_END,reader_negative_necessity,-0.04684733599424362,USER_END,FINAL_INSTRUCTION_END,0.0,0.0,0.0,
confirmation,exp12_docs_code_07,docs_code,paraphrase,1,paraphrase,0,opposite_same_wording,USER_END,reader_all7_sufficiency,0.015631675720214844,USER_END,FINAL_INSTRUCTION_END,0.0,0.0,0.0,
confirmation,exp12_docs_code_07,docs_code,paraphrase,1,paraphrase,0,opposite_same_wording,USER_END,reader_all7_necessity,0.015631675720214844,USER_END,FINAL_INSTRUCTION_END,0.0,0.0,0.0,
confirmation,exp12_docs_code_07,docs_code,paraphrase,1,paraphrase,0,opposite_same_wording,USER_END,reader_non_kv0_sufficiency,-0.0,USER_END,FINAL_INSTRUCTION_END,0.0,0.0,0.0,
confirmation,exp12_docs_code_07,docs_code,paraphrase,1,paraphrase,0,opposite_same_wording,USER_END,reader_non_kv0_necessity,0.0,USER_END,FINAL_INSTRUCTION_END,0.0,0.0,0.0,
confirmation,exp12_docs_code_07,docs_code,paraphrase,1,canonical,0,opposite_cross_wording,USER_END,cross_selected_V_sufficiency,0.01563543826341629,,,,,,USER_END
confirmation,exp12_docs_code_07,docs_code,paraphrase,1,canonical,0,opposite_cross_wording,USER_END,cross_selected_V_necessity_loss,0.0312681719660759,,,,,,USER_END
confirmation,exp12_docs_code_07,docs_code,paraphrase,1,canonical,1,same_state_cross_wording,USER_END,same_state_selected_V_control,0.015624769032001495,,,,,,USER_END
confirmation,exp12_docs_code_10,docs_code,canonical,0,canonical,1,opposite_same_wording,USER_END,selected_H20_residual_effect,0.04745500162243843,USER_END,FINAL_INSTRUCTION_END,,,,
confirmation,exp12_docs_code_10,docs_code,canonical,0,canonical,1,opposite_same_wording,USER_END,selected_V_sufficiency,0.04050019755959511,USER_END,FINAL_INSTRUCTION_END,,,,
confirmation,exp12_docs_code_10,docs_code,canonical,0,canonical,1,opposite_same_wording,USER_END,selected_V_necessity_loss,0.007833603769540787,USER_END,FINAL_INSTRUCTION_END,,,,
confirmation,exp12_docs_code_10,docs_code,canonical,0,canonical,1,opposite_same_wording,OLD_ABSOLUTE,old_absolute_V_sufficiency,-0.007545750588178635,USER_END,FINAL_INSTRUCTION_END,,,,
confirmation,exp12_docs_code_10,docs_code,canonical,0,canonical,1,opposite_same_wording,OLD_ABSOLUTE,old_absolute_local_V_necessity_loss,-0.07850463688373566,USER_END,FINAL_INSTRUCTION_END,,,,
confirmation,exp12_docs_code_10,docs_code,canonical,0,canonical,1,opposite_same_wording,FINAL_INSTRUCTION_END,runner_up_V_sufficiency,0.015609342604875565,USER_END,FINAL_INSTRUCTION_END,,,,
confirmation,exp12_docs_code_10,docs_code,canonical,0,canonical,1,opposite_same_wording,FINAL_INSTRUCTION_END,runner_up_V_necessity_loss,0.007919829338788986,USER_END,FINAL_INSTRUCTION_END,,,,
confirmation,exp12_docs_code_10,docs_code,canonical,0,canonical,1,opposite_same_wording,USER_END,reader_verified_v_effect,0.04050019755959511,USER_END,FINAL_INSTRUCTION_END,0.0,0.0,0.0,
confirmation,exp12_docs_code_10,docs_code,canonical,0,canonical,1,opposite_same_wording,USER_END,reader_target_sufficiency,0.08002128079533577,USER_END,FINAL_INSTRUCTION_END,0.0,0.0,0.0,
confirmation,exp12_docs_code_10,docs_code,canonical,0,canonical,1,opposite_same_wording,USER_END,reader_target_necessity,0.06483933702111244,USER_END,FINAL_INSTRUCTION_END,0.0,0.0,0.0,
confirmation,exp12_docs_code_10,docs_code,canonical,0,canonical,1,opposite_same_wording,USER_END,reader_negative_sufficiency,-0.03204116225242615,USER_END,FINAL_INSTRUCTION_END,0.0,0.0,0.0,
confirmation,exp12_docs_code_10,docs_code,canonical,0,canonical,1,opposite_same_wording,USER_END,reader_negative_necessity,-0.0554019957780838,USER_END,FINAL_INSTRUCTION_END,0.0,0.0,0.0,
confirmation,exp12_docs_code_10,docs_code,canonical,0,canonical,1,opposite_same_wording,USER_END,reader_all7_sufficiency,0.04050019755959511,USER_END,FINAL_INSTRUCTION_END,0.0,0.0,0.0,
confirmation,exp12_docs_code_10,docs_code,canonical,0,canonical,1,opposite_same_wording,USER_END,reader_all7_necessity,0.04050019755959511,USER_END,FINAL_INSTRUCTION_END,0.0,0.0,0.0,
confirmation,exp12_docs_code_10,docs_code,canonical,0,canonical,1,opposite_same_wording,USER_END,reader_non_kv0_sufficiency,0.0,USER_END,FINAL_INSTRUCTION_END,0.0,0.0,0.0,
confirmation,exp12_docs_code_10,docs_code,canonical,0,canonical,1,opposite_same_wording,USER_END,reader_non_kv0_necessity,0.0,USER_END,FINAL_INSTRUCTION_END,0.0,0.0,0.0,
confirmation,exp12_docs_code_10,docs_code,canonical,0,paraphrase,1,opposite_cross_wording,USER_END,cross_selected_V_sufficiency,0.040188610553741455,,,,,,USER_END
confirmation,exp12_docs_code_10,docs_code,canonical,0,paraphrase,1,opposite_cross_wording,USER_END,cross_selected_V_necessity_loss,0.007816273719072342,,,,,,USER_END
confirmation,exp12_docs_code_10,docs_code,canonical,0,paraphrase,0,same_state_cross_wording,USER_END,same_state_selected_V_control,0.00032702088356018066,,,,,,USER_END
confirmation,exp12_docs_code_10,docs_code,paraphrase,0,paraphrase,1,opposite_same_wording,USER_END,selected_H20_residual_effect,0.023481953889131546,USER_END,FINAL_INSTRUCTION_END,,,,
confirmation,exp12_docs_code_10,docs_code,paraphrase,0,paraphrase,1,opposite_same_wording,USER_END,selected_V_sufficiency,0.023901809006929398,USER_END,FINAL_INSTRUCTION_END,,,,
confirmation,exp12_docs_code_10,docs_code,paraphrase,0,paraphrase,1,opposite_same_wording,USER_END,selected_V_necessity_loss,0.01576872542500496,USER_END,FINAL_INSTRUCTION_END,,,,
confirmation,exp12_docs_code_10,docs_code,paraphrase,0,paraphrase,1,opposite_same_wording,OLD_ABSOLUTE,old_absolute_V_sufficiency,-0.05556759238243103,USER_END,FINAL_INSTRUCTION_END,,,,
confirmation,exp12_docs_code_10,docs_code,paraphrase,0,paraphrase,1,opposite_same_wording,OLD_ABSOLUTE,old_absolute_local_V_necessity_loss,-0.07063718140125275,USER_END,FINAL_INSTRUCTION_END,,,,
confirmation,exp12_docs_code_10,docs_code,paraphrase,0,paraphrase,1,opposite_same_wording,FINAL_INSTRUCTION_END,runner_up_V_sufficiency,-0.0003638751804828644,USER_END,FINAL_INSTRUCTION_END,,,,
confirmation,exp12_docs_code_10,docs_code,paraphrase,0,paraphrase,1,opposite_same_wording,FINAL_INSTRUCTION_END,runner_up_V_necessity_loss,-0.0005371272563934326,USER_END,FINAL_INSTRUCTION_END,,,,
confirmation,exp12_docs_code_10,docs_code,paraphrase,0,paraphrase,1,opposite_same_wording,USER_END,reader_verified_v_effect,0.023901809006929398,USER_END,FINAL_INSTRUCTION_END,0.0,0.0,0.0,
confirmation,exp12_docs_code_10,docs_code,paraphrase,0,paraphrase,1,opposite_same_wording,USER_END,reader_target_sufficiency,0.05598623678088188,USER_END,FINAL_INSTRUCTION_END,0.0,0.0,0.0,
confirmation,exp12_docs_code_10,docs_code,paraphrase,0,paraphrase,1,opposite_same_wording,USER_END,reader_target_necessity,0.03138513118028641,USER_END,FINAL_INSTRUCTION_END,0.0,0.0,0.0,
confirmation,exp12_docs_code_10,docs_code,paraphrase,0,paraphrase,1,opposite_same_wording,USER_END,reader_negative_sufficiency,-0.03983733430504799,USER_END,FINAL_INSTRUCTION_END,0.0,0.0,0.0,
confirmation,exp12_docs_code_10,docs_code,paraphrase,0,paraphrase,1,opposite_same_wording,USER_END,reader_negative_necessity,-0.02359139546751976,USER_END,FINAL_INSTRUCTION_END,0.0,0.0,0.0,
confirmation,exp12_docs_code_10,docs_code,paraphrase,0,paraphrase,1,opposite_same_wording,USER_END,reader_all7_sufficiency,0.023901809006929398,USER_END,FINAL_INSTRUCTION_END,0.0,0.0,0.0,
confirmation,exp12_docs_code_10,docs_code,paraphrase,0,paraphrase,1,opposite_same_wording,USER_END,reader_all7_necessity,0.023901809006929398,USER_END,FINAL_INSTRUCTION_END,0.0,0.0,0.0,
confirmation,exp12_docs_code_10,docs_code,paraphrase,0,paraphrase,1,opposite_same_wording,USER_END,reader_non_kv0_sufficiency,0.0,USER_END,FINAL_INSTRUCTION_END,0.0,0.0,0.0,
confirmation,exp12_docs_code_10,docs_code,paraphrase,0,paraphrase,1,opposite_same_wording,USER_END,reader_non_kv0_necessity,0.0,USER_END,FINAL_INSTRUCTION_END,0.0,0.0,0.0,
confirmation,exp12_docs_code_10,docs_code,paraphrase,0,canonical,1,opposite_cross_wording,USER_END,cross_selected_V_sufficiency,0.02482476457953453,,,,,,USER_END
confirmation,exp12_docs_code_10,docs_code,paraphrase,0,canonical,1,opposite_cross_wording,USER_END,cross_selected_V_necessity_loss,0.02375706285238266,,,,,,USER_END
confirmation,exp12_docs_code_10,docs_code,paraphrase,0,canonical,0,same_state_cross_wording,USER_END,same_state_selected_V_control,0.008485052734613419,,,,,,USER_END
confirmation,exp12_docs_code_10,docs_code,canonical,1,canonical,0,opposite_same_wording,USER_END,selected_H20_residual_effect,0.11365067213773727,USER_END,FINAL_INSTRUCTION_END,,,,
confirmation,exp12_docs_code_10,docs_code,canonical,1,canonical,0,opposite_same_wording,USER_END,selected_V_sufficiency,0.040377095341682434,USER_END,FINAL_INSTRUCTION_END,,,,
confirmation,exp12_docs_code_10,docs_code,canonical,1,canonical,0,opposite_same_wording,USER_END,selected_V_necessity_loss,0.02135341614484787,USER_END,FINAL_INSTRUCTION_END,,,,
confirmation,exp12_docs_code_10,docs_code,canonical,1,canonical,0,opposite_same_wording,OLD_ABSOLUTE,old_absolute_V_sufficiency,-0.03234732151031494,USER_END,FINAL_INSTRUCTION_END,,,,
confirmation,exp12_docs_code_10,docs_code,canonical,1,canonical,0,opposite_same_wording,OLD_ABSOLUTE,old_absolute_local_V_necessity_loss,-0.03422227501869202,USER_END,FINAL_INSTRUCTION_END,,,,
confirmation,exp12_docs_code_10,docs_code,canonical,1,canonical,0,opposite_same_wording,FINAL_INSTRUCTION_END,runner_up_V_sufficiency,0.03124963492155075,USER_END,FINAL_INSTRUCTION_END,,,,
confirmation,exp12_docs_code_10,docs_code,canonical,1,canonical,0,opposite_same_wording,FINAL_INSTRUCTION_END,runner_up_V_necessity_loss,0.03194615989923477,USER_END,FINAL_INSTRUCTION_END,,,,
confirmation,exp12_docs_code_10,docs_code,canonical,1,canonical,0,opposite_same_wording,USER_END,reader_verified_v_effect,0.040377095341682434,USER_END,FINAL_INSTRUCTION_END,0.0,0.0,0.0,
confirmation,exp12_docs_code_10,docs_code,canonical,1,canonical,0,opposite_same_wording,USER_END,reader_target_sufficiency,0.08299707621335983,USER_END,FINAL_INSTRUCTION_END,0.0,0.0,0.0,
confirmation,exp12_docs_code_10,docs_code,canonical,1,canonical,0,opposite_same_wording,USER_END,reader_target_necessity,0.08292963355779648,USER_END,FINAL_INSTRUCTION_END,0.0,0.0,0.0,
confirmation,exp12_docs_code_10,docs_code,canonical,1,canonical,0,opposite_same_wording,USER_END,reader_negative_sufficiency,-0.06356006860733032,USER_END,FINAL_INSTRUCTION_END,0.0,0.0,0.0,
confirmation,exp12_docs_code_10,docs_code,canonical,1,canonical,0,opposite_same_wording,USER_END,reader_negative_necessity,-0.08200585842132568,USER_END,FINAL_INSTRUCTION_END,0.0,0.0,0.0,
confirmation,exp12_docs_code_10,docs_code,canonical,1,canonical,0,opposite_same_wording,USER_END,reader_all7_sufficiency,0.040377095341682434,USER_END,FINAL_INSTRUCTION_END,0.0,0.0,0.0,
confirmation,exp12_docs_code_10,docs_code,canonical,1,canonical,0,opposite_same_wording,USER_END,reader_all7_necessity,0.040377095341682434,USER_END,FINAL_INSTRUCTION_END,0.0,0.0,0.0,
confirmation,exp12_docs_code_10,docs_code,canonical,1,canonical,0,opposite_same_wording,USER_END,reader_non_kv0_sufficiency,-0.0,USER_END,FINAL_INSTRUCTION_END,0.0,0.0,0.0,
confirmation,exp12_docs_code_10,docs_code,canonical,1,canonical,0,opposite_same_wording,USER_END,reader_non_kv0_necessity,0.0,USER_END,FINAL_INSTRUCTION_END,0.0,0.0,0.0,
confirmation,exp12_docs_code_10,docs_code,canonical,1,paraphrase,0,opposite_cross_wording,USER_END,cross_selected_V_sufficiency,0.040674321353435516,,,,,,USER_END
confirmation,exp12_docs_code_10,docs_code,canonical,1,paraphrase,0,opposite_cross_wording,USER_END,cross_selected_V_necessity_loss,0.04198683798313141,,,,,,USER_END
confirmation,exp12_docs_code_10,docs_code,canonical,1,paraphrase,1,same_state_cross_wording,USER_END,same_state_selected_V_control,-0.01960514485836029,,,,,,USER_END
confirmation,exp12_docs_code_10,docs_code,paraphrase,1,paraphrase,0,opposite_same_wording,USER_END,selected_H20_residual_effect,0.14114346355199814,USER_END,FINAL_INSTRUCTION_END,,,,
confirmation,exp12_docs_code_10,docs_code,paraphrase,1,paraphrase,0,opposite_same_wording,USER_END,selected_V_sufficiency,0.041586101055145264,USER_END,FINAL_INSTRUCTION_END,,,,
confirmation,exp12_docs_code_10,docs_code,paraphrase,1,paraphrase,0,opposite_same_wording,USER_END,selected_V_necessity_loss,0.061125680804252625,USER_END,FINAL_INSTRUCTION_END,,,,
confirmation,exp12_docs_code_10,docs_code,paraphrase,1,paraphrase,0,opposite_same_wording,OLD_ABSOLUTE,old_absolute_V_sufficiency,-0.1227751076221466,USER_END,FINAL_INSTRUCTION_END,,,,
confirmation,exp12_docs_code_10,docs_code,paraphrase,1,paraphrase,0,opposite_same_wording,OLD_ABSOLUTE,old_absolute_local_V_necessity_loss,-0.0976950190961361,USER_END,FINAL_INSTRUCTION_END,,,,
confirmation,exp12_docs_code_10,docs_code,paraphrase,1,paraphrase,0,opposite_same_wording,FINAL_INSTRUCTION_END,runner_up_V_sufficiency,0.06179241091012955,USER_END,FINAL_INSTRUCTION_END,,,,
confirmation,exp12_docs_code_10,docs_code,paraphrase,1,paraphrase,0,opposite_same_wording,FINAL_INSTRUCTION_END,runner_up_V_necessity_loss,0.04117909073829651,USER_END,FINAL_INSTRUCTION_END,,,,
confirmation,exp12_docs_code_10,docs_code,paraphrase,1,paraphrase,0,opposite_same_wording,USER_END,reader_verified_v_effect,0.041586101055145264,USER_END,FINAL_INSTRUCTION_END,0.0,0.0,0.0,
confirmation,exp12_docs_code_10,docs_code,paraphrase,1,paraphrase,0,opposite_same_wording,USER_END,reader_target_sufficiency,0.08237754553556442,USER_END,FINAL_INSTRUCTION_END,0.0,0.0,0.0,
confirmation,exp12_docs_code_10,docs_code,paraphrase,1,paraphrase,0,opposite_same_wording,USER_END,reader_target_necessity,0.08013907074928284,USER_END,FINAL_INSTRUCTION_END,0.0,0.0,0.0,
confirmation,exp12_docs_code_10,docs_code,paraphrase,1,paraphrase,0,opposite_same_wording,USER_END,reader_negative_sufficiency,-0.04076126217842102,USER_END,FINAL_INSTRUCTION_END,0.0,0.0,0.0,
confirmation,exp12_docs_code_10,docs_code,paraphrase,1,paraphrase,0,opposite_same_wording,USER_END,reader_negative_necessity,-0.060601383447647095,USER_END,FINAL_INSTRUCTION_END,0.0,0.0,0.0,
confirmation,exp12_docs_code_10,docs_code,paraphrase,1,paraphrase,0,opposite_same_wording,USER_END,reader_all7_sufficiency,0.041586101055145264,USER_END,FINAL_INSTRUCTION_END,0.0,0.0,0.0,
confirmation,exp12_docs_code_10,docs_code,paraphrase,1,paraphrase,0,opposite_same_wording,USER_END,reader_all7_necessity,0.041586101055145264,USER_END,FINAL_INSTRUCTION_END,0.0,0.0,0.0,
confirmation,exp12_docs_code_10,docs_code,paraphrase,1,paraphrase,0,opposite_same_wording,USER_END,reader_non_kv0_sufficiency,-0.0,USER_END,FINAL_INSTRUCTION_END,0.0,0.0,0.0,
confirmation,exp12_docs_code_10,docs_code,paraphrase,1,paraphrase,0,opposite_same_wording,USER_END,reader_non_kv0_necessity,0.0,USER_END,FINAL_INSTRUCTION_END,0.0,0.0,0.0,
confirmation,exp12_docs_code_10,docs_code,paraphrase,1,canonical,0,opposite_cross_wording,USER_END,cross_selected_V_sufficiency,0.04174688458442688,,,,,,USER_END
confirmation,exp12_docs_code_10,docs_code,paraphrase,1,canonical,0,opposite_cross_wording,USER_END,cross_selected_V_necessity_loss,0.04117477685213089,,,,,,USER_END
confirmation,exp12_docs_code_10,docs_code,paraphrase,1,canonical,1,same_state_cross_wording,USER_END,same_state_selected_V_control,0.020210064947605133,,,,,,USER_END
confirmation,exp12_docs_code_13,docs_code,canonical,0,canonical,1,opposite_same_wording,USER_END,selected_H20_residual_effect,0.047354329377412796,USER_END,FINAL_INSTRUCTION_END,,,,
confirmation,exp12_docs_code_13,docs_code,canonical,0,canonical,1,opposite_same_wording,USER_END,selected_V_sufficiency,0.03144675865769386,USER_END,FINAL_INSTRUCTION_END,,,,
confirmation,exp12_docs_code_13,docs_code,canonical,0,canonical,1,opposite_same_wording,USER_END,selected_V_necessity_loss,0.03185884654521942,USER_END,FINAL_INSTRUCTION_END,,,,
confirmation,exp12_docs_code_13,docs_code,canonical,0,canonical,1,opposite_same_wording,OLD_ABSOLUTE,old_absolute_V_sufficiency,-0.03172260522842407,USER_END,FINAL_INSTRUCTION_END,,,,
confirmation,exp12_docs_code_13,docs_code,canonical,0,canonical,1,opposite_same_wording,OLD_ABSOLUTE,old_absolute_local_V_necessity_loss,-0.06897510588169098,USER_END,FINAL_INSTRUCTION_END,,,,
confirmation,exp12_docs_code_13,docs_code,canonical,0,canonical,1,opposite_same_wording,FINAL_INSTRUCTION_END,runner_up_V_sufficiency,-0.0005295462906360626,USER_END,FINAL_INSTRUCTION_END,,,,
confirmation,exp12_docs_code_13,docs_code,canonical,0,canonical,1,opposite_same_wording,FINAL_INSTRUCTION_END,runner_up_V_necessity_loss,-2.061203122138977e-05,USER_END,FINAL_INSTRUCTION_END,,,,
confirmation,exp12_docs_code_13,docs_code,canonical,0,canonical,1,opposite_same_wording,USER_END,reader_verified_v_effect,0.03144675865769386,USER_END,FINAL_INSTRUCTION_END,0.0,0.0,0.0,
confirmation,exp12_docs_code_13,docs_code,canonical,0,canonical,1,opposite_same_wording,USER_END,reader_target_sufficiency,0.0474347360432148,USER_END,FINAL_INSTRUCTION_END,0.0,0.0,0.0,
confirmation,exp12_docs_code_13,docs_code,canonical,0,canonical,1,opposite_same_wording,USER_END,reader_target_necessity,0.06348735466599464,USER_END,FINAL_INSTRUCTION_END,0.0,0.0,0.0,
confirmation,exp12_docs_code_13,docs_code,canonical,0,canonical,1,opposite_same_wording,USER_END,reader_negative_sufficiency,-0.03196894749999046,USER_END,FINAL_INSTRUCTION_END,0.0,0.0,0.0,
confirmation,exp12_docs_code_13,docs_code,canonical,0,canonical,1,opposite_same_wording,USER_END,reader_negative_necessity,-0.03158722072839737,USER_END,FINAL_INSTRUCTION_END,0.0,0.0,0.0,
confirmation,exp12_docs_code_13,docs_code,canonical,0,canonical,1,opposite_same_wording,USER_END,reader_all7_sufficiency,0.03144675865769386,USER_END,FINAL_INSTRUCTION_END,0.0,0.0,0.0,
confirmation,exp12_docs_code_13,docs_code,canonical,0,canonical,1,opposite_same_wording,USER_END,reader_all7_necessity,0.03144675865769386,USER_END,FINAL_INSTRUCTION_END,0.0,0.0,0.0,
confirmation,exp12_docs_code_13,docs_code,canonical,0,canonical,1,opposite_same_wording,USER_END,reader_non_kv0_sufficiency,0.0,USER_END,FINAL_INSTRUCTION_END,0.0,0.0,0.0,
confirmation,exp12_docs_code_13,docs_code,canonical,0,canonical,1,opposite_same_wording,USER_END,reader_non_kv0_necessity,0.0,USER_END,FINAL_INSTRUCTION_END,0.0,0.0,0.0,
confirmation,exp12_docs_code_13,docs_code,canonical,0,paraphrase,1,opposite_cross_wording,USER_END,cross_selected_V_sufficiency,0.031366948038339615,,,,,,USER_END
confirmation,exp12_docs_code_13,docs_code,canonical,0,paraphrase,1,opposite_cross_wording,USER_END,cross_selected_V_necessity_loss,-2.9422342777252197e-05,,,,,,USER_END
confirmation,exp12_docs_code_13,docs_code,canonical,0,paraphrase,0,same_state_cross_wording,USER_END,same_state_selected_V_control,0.01622125878930092,,,,,,USER_END
confirmation,exp12_docs_code_13,docs_code,paraphrase,0,paraphrase,1,opposite_same_wording,USER_END,selected_H20_residual_effect,0.02354612573981285,USER_END,FINAL_INSTRUCTION_END,,,,
confirmation,exp12_docs_code_13,docs_code,paraphrase,0,paraphrase,1,opposite_same_wording,USER_END,selected_V_sufficiency,0.015648096799850464,USER_END,FINAL_INSTRUCTION_END,,,,
confirmation,exp12_docs_code_13,docs_code,paraphrase,0,paraphrase,1,opposite_same_wording,USER_END,selected_V_necessity_loss,0.007963672280311584,USER_END,FINAL_INSTRUCTION_END,,,,
confirmation,exp12_docs_code_13,docs_code,paraphrase,0,paraphrase,1,opposite_same_wording,OLD_ABSOLUTE,old_absolute_V_sufficiency,-0.06292466446757317,USER_END,FINAL_INSTRUCTION_END,,,,
confirmation,exp12_docs_code_13,docs_code,paraphrase,0,paraphrase,1,opposite_same_wording,OLD_ABSOLUTE,old_absolute_local_V_necessity_loss,-0.0659797340631485,USER_END,FINAL_INSTRUCTION_END,,,,
confirmation,exp12_docs_code_13,docs_code,paraphrase,0,paraphrase,1,opposite_same_wording,FINAL_INSTRUCTION_END,runner_up_V_sufficiency,0.007730573415756226,USER_END,FINAL_INSTRUCTION_END,,,,
confirmation,exp12_docs_code_13,docs_code,paraphrase,0,paraphrase,1,opposite_same_wording,FINAL_INSTRUCTION_END,runner_up_V_necessity_loss,0.0001177079975605011,USER_END,FINAL_INSTRUCTION_END,,,,
confirmation,exp12_docs_code_13,docs_code,paraphrase,0,paraphrase,1,opposite_same_wording,USER_END,reader_verified_v_effect,0.015648096799850464,USER_END,FINAL_INSTRUCTION_END,0.0,0.0,0.0,
confirmation,exp12_docs_code_13,docs_code,paraphrase,0,paraphrase,1,opposite_same_wording,USER_END,reader_target_sufficiency,0.03915049508213997,USER_END,FINAL_INSTRUCTION_END,0.0,0.0,0.0,
confirmation,exp12_docs_code_13,docs_code,paraphrase,0,paraphrase,1,opposite_same_wording,USER_END,reader_target_necessity,0.03143414482474327,USER_END,FINAL_INSTRUCTION_END,0.0,0.0,0.0,
confirmation,exp12_docs_code_13,docs_code,paraphrase,0,paraphrase,1,opposite_same_wording,USER_END,reader_negative_sufficiency,-0.02374112233519554,USER_END,FINAL_INSTRUCTION_END,0.0,0.0,0.0,
confirmation,exp12_docs_code_13,docs_code,paraphrase,0,paraphrase,1,opposite_same_wording,USER_END,reader_negative_necessity,-0.03149515390396118,USER_END,FINAL_INSTRUCTION_END,0.0,0.0,0.0,
confirmation,exp12_docs_code_13,docs_code,paraphrase,0,paraphrase,1,opposite_same_wording,USER_END,reader_all7_sufficiency,0.015648096799850464,USER_END,FINAL_INSTRUCTION_END,0.0,0.0,0.0,
confirmation,exp12_docs_code_13,docs_code,paraphrase,0,paraphrase,1,opposite_same_wording,USER_END,reader_all7_necessity,0.015648096799850464,USER_END,FINAL_INSTRUCTION_END,0.0,0.0,0.0,
confirmation,exp12_docs_code_13,docs_code,paraphrase,0,paraphrase,1,opposite_same_wording,USER_END,reader_non_kv0_sufficiency,0.0,USER_END,FINAL_INSTRUCTION_END,0.0,0.0,0.0,
confirmation,exp12_docs_code_13,docs_code,paraphrase,0,paraphrase,1,opposite_same_wording,USER_END,reader_non_kv0_necessity,0.0,USER_END,FINAL_INSTRUCTION_END,0.0,0.0,0.0,
confirmation,exp12_docs_code_13,docs_code,paraphrase,0,canonical,1,opposite_cross_wording,USER_END,cross_selected_V_sufficiency,0.015729021281003952,,,,,,USER_END
confirmation,exp12_docs_code_13,docs_code,paraphrase,0,canonical,1,opposite_cross_wording,USER_END,cross_selected_V_necessity_loss,0.007797420024871826,,,,,,USER_END
confirmation,exp12_docs_code_13,docs_code,paraphrase,0,canonical,0,same_state_cross_wording,USER_END,same_state_selected_V_control,3.6891549825668335e-05,,,,,,USER_END
confirmation,exp12_docs_code_13,docs_code,canonical,1,canonical,0,opposite_same_wording,USER_END,selected_H20_residual_effect,0.11564764380455017,USER_END,FINAL_INSTRUCTION_END,,,,
confirmation,exp12_docs_code_13,docs_code,canonical,1,canonical,0,opposite_same_wording,USER_END,selected_V_sufficiency,0.035600125789642334,USER_END,FINAL_INSTRUCTION_END,,,,
confirmation,exp12_docs_code_13,docs_code,canonical,1,canonical,0,opposite_same_wording,USER_END,selected_V_necessity_loss,0.026815660297870636,USER_END,FINAL_INSTRUCTION_END,,,,
confirmation,exp12_docs_code_13,docs_code,canonical,1,canonical,0,opposite_same_wording,OLD_ABSOLUTE,old_absolute_V_sufficiency,-0.017944760620594025,USER_END,FINAL_INSTRUCTION_END,,,,
confirmation,exp12_docs_code_13,docs_code,canonical,1,canonical,0,opposite_same_wording,OLD_ABSOLUTE,old_absolute_local_V_necessity_loss,-0.015866458415985107,USER_END,FINAL_INSTRUCTION_END,,,,
confirmation,exp12_docs_code_13,docs_code,canonical,1,canonical,0,opposite_same_wording,FINAL_INSTRUCTION_END,runner_up_V_sufficiency,0.017872720956802368,USER_END,FINAL_INSTRUCTION_END,,,,
confirmation,exp12_docs_code_13,docs_code,canonical,1,canonical,0,opposite_same_wording,FINAL_INSTRUCTION_END,runner_up_V_necessity_loss,0.017891913652420044,USER_END,FINAL_INSTRUCTION_END,,,,
confirmation,exp12_docs_code_13,docs_code,canonical,1,canonical,0,opposite_same_wording,USER_END,reader_verified_v_effect,0.035600125789642334,USER_END,FINAL_INSTRUCTION_END,0.0,0.0,0.0,
confirmation,exp12_docs_code_13,docs_code,canonical,1,canonical,0,opposite_same_wording,USER_END,reader_target_sufficiency,0.062408797442913055,USER_END,FINAL_INSTRUCTION_END,0.0,0.0,0.0,
confirmation,exp12_docs_code_13,docs_code,canonical,1,canonical,0,opposite_same_wording,USER_END,reader_target_necessity,0.06277847290039062,USER_END,FINAL_INSTRUCTION_END,0.0,0.0,0.0,
confirmation,exp12_docs_code_13,docs_code,canonical,1,canonical,0,opposite_same_wording,USER_END,reader_negative_sufficiency,-0.04504143446683884,USER_END,FINAL_INSTRUCTION_END,0.0,0.0,0.0,
confirmation,exp12_docs_code_13,docs_code,canonical,1,canonical,0,opposite_same_wording,USER_END,reader_negative_necessity,-0.06158841401338577,USER_END,FINAL_INSTRUCTION_END,0.0,0.0,0.0,
confirmation,exp12_docs_code_13,docs_code,canonical,1,canonical,0,opposite_same_wording,USER_END,reader_all7_sufficiency,0.035600125789642334,USER_END,FINAL_INSTRUCTION_END,0.0,0.0,0.0,
confirmation,exp12_docs_code_13,docs_code,canonical,1,canonical,0,opposite_same_wording,USER_END,reader_all7_necessity,0.035600125789642334,USER_END,FINAL_INSTRUCTION_END,0.0,0.0,0.0,
confirmation,exp12_docs_code_13,docs_code,canonical,1,canonical,0,opposite_same_wording,USER_END,reader_non_kv0_sufficiency,-0.0,USER_END,FINAL_INSTRUCTION_END,0.0,0.0,0.0,
confirmation,exp12_docs_code_13,docs_code,canonical,1,canonical,0,opposite_same_wording,USER_END,reader_non_kv0_necessity,0.0,USER_END,FINAL_INSTRUCTION_END,0.0,0.0,0.0,
confirmation,exp12_docs_code_13,docs_code,canonical,1,paraphrase,0,opposite_cross_wording,USER_END,cross_selected_V_sufficiency,0.03574702888727188,,,,,,USER_END
confirmation,exp12_docs_code_13,docs_code,canonical,1,paraphrase,0,opposite_cross_wording,USER_END,cross_selected_V_necessity_loss,0.05349937081336975,,,,,,USER_END
confirmation,exp12_docs_code_13,docs_code,canonical,1,paraphrase,1,same_state_cross_wording,USER_END,same_state_selected_V_control,-0.01782727986574173,,,,,,USER_END
confirmation,exp12_docs_code_13,docs_code,paraphrase,1,paraphrase,0,opposite_same_wording,USER_END,selected_H20_residual_effect,0.10495424270629883,USER_END,FINAL_INSTRUCTION_END,,,,
confirmation,exp12_docs_code_13,docs_code,paraphrase,1,paraphrase,0,opposite_same_wording,USER_END,selected_V_sufficiency,0.05214276909828186,USER_END,FINAL_INSTRUCTION_END,,,,
confirmation,exp12_docs_code_13,docs_code,paraphrase,1,paraphrase,0,opposite_same_wording,USER_END,selected_V_necessity_loss,0.03573359549045563,USER_END,FINAL_INSTRUCTION_END,,,,
confirmation,exp12_docs_code_13,docs_code,paraphrase,1,paraphrase,0,opposite_same_wording,OLD_ABSOLUTE,old_absolute_V_sufficiency,-0.088443823158741,USER_END,FINAL_INSTRUCTION_END,,,,
confirmation,exp12_docs_code_13,docs_code,paraphrase,1,paraphrase,0,opposite_same_wording,OLD_ABSOLUTE,old_absolute_local_V_necessity_loss,-0.06349055469036102,USER_END,FINAL_INSTRUCTION_END,,,,
confirmation,exp12_docs_code_13,docs_code,paraphrase,1,paraphrase,0,opposite_same_wording,FINAL_INSTRUCTION_END,runner_up_V_sufficiency,0.05231756716966629,USER_END,FINAL_INSTRUCTION_END,,,,
confirmation,exp12_docs_code_13,docs_code,paraphrase,1,paraphrase,0,opposite_same_wording,FINAL_INSTRUCTION_END,runner_up_V_necessity_loss,0.03487927466630936,USER_END,FINAL_INSTRUCTION_END,,,,
confirmation,exp12_docs_code_13,docs_code,paraphrase,1,paraphrase,0,opposite_same_wording,USER_END,reader_verified_v_effect,0.05214276909828186,USER_END,FINAL_INSTRUCTION_END,0.0,0.0,0.0,
confirmation,exp12_docs_code_13,docs_code,paraphrase,1,paraphrase,0,opposite_same_wording,USER_END,reader_target_sufficiency,0.06977486610412598,USER_END,FINAL_INSTRUCTION_END,0.0,0.0,0.0,
confirmation,exp12_docs_code_13,docs_code,paraphrase,1,paraphrase,0,opposite_same_wording,USER_END,reader_target_necessity,0.07041988521814346,USER_END,FINAL_INSTRUCTION_END,0.0,0.0,0.0,
confirmation,exp12_docs_code_13,docs_code,paraphrase,1,paraphrase,0,opposite_same_wording,USER_END,reader_negative_sufficiency,-0.03609631955623627,USER_END,FINAL_INSTRUCTION_END,0.0,0.0,0.0,
confirmation,exp12_docs_code_13,docs_code,paraphrase,1,paraphrase,0,opposite_same_wording,USER_END,reader_negative_necessity,-0.017611198127269745,USER_END,FINAL_INSTRUCTION_END,0.0,0.0,0.0,
confirmation,exp12_docs_code_13,docs_code,paraphrase,1,paraphrase,0,opposite_same_wording,USER_END,reader_all7_sufficiency,0.05214276909828186,USER_END,FINAL_INSTRUCTION_END,0.0,0.0,0.0,
confirmation,exp12_docs_code_13,docs_code,paraphrase,1,paraphrase,0,opposite_same_wording,USER_END,reader_all7_necessity,0.05214276909828186,USER_END,FINAL_INSTRUCTION_END,0.0,0.0,0.0,
confirmation,exp12_docs_code_13,docs_code,paraphrase,1,paraphrase,0,opposite_same_wording,USER_END,reader_non_kv0_sufficiency,-0.0,USER_END,FINAL_INSTRUCTION_END,0.0,0.0,0.0,
confirmation,exp12_docs_code_13,docs_code,paraphrase,1,paraphrase,0,opposite_same_wording,USER_END,reader_non_kv0_necessity,0.0,USER_END,FINAL_INSTRUCTION_END,0.0,0.0,0.0,
confirmation,exp12_docs_code_13,docs_code,paraphrase,1,canonical,0,opposite_cross_wording,USER_END,cross_selected_V_sufficiency,0.034425750374794006,,,,,,USER_END
confirmation,exp12_docs_code_13,docs_code,paraphrase,1,canonical,0,opposite_cross_wording,USER_END,cross_selected_V_necessity_loss,0.03581640124320984,,,,,,USER_END
confirmation,exp12_docs_code_13,docs_code,paraphrase,1,canonical,1,same_state_cross_wording,USER_END,same_state_selected_V_control,0.01819498836994171,,,,,,USER_END
confirmation,exp12_docs_code_15,docs_code,canonical,0,canonical,1,opposite_same_wording,USER_END,selected_H20_residual_effect,0.03915572166442871,USER_END,FINAL_INSTRUCTION_END,,,,
confirmation,exp12_docs_code_15,docs_code,canonical,0,canonical,1,opposite_same_wording,USER_END,selected_V_sufficiency,0.023790407925844193,USER_END,FINAL_INSTRUCTION_END,,,,
confirmation,exp12_docs_code_15,docs_code,canonical,0,canonical,1,opposite_same_wording,USER_END,selected_V_necessity_loss,0.01574533060193062,USER_END,FINAL_INSTRUCTION_END,,,,
confirmation,exp12_docs_code_15,docs_code,canonical,0,canonical,1,opposite_same_wording,OLD_ABSOLUTE,old_absolute_V_sufficiency,-0.03150007501244545,USER_END,FINAL_INSTRUCTION_END,,,,
confirmation,exp12_docs_code_15,docs_code,canonical,0,canonical,1,opposite_same_wording,OLD_ABSOLUTE,old_absolute_local_V_necessity_loss,-0.06999681890010834,USER_END,FINAL_INSTRUCTION_END,,,,
confirmation,exp12_docs_code_15,docs_code,canonical,0,canonical,1,opposite_same_wording,FINAL_INSTRUCTION_END,runner_up_V_sufficiency,-8.177384734153748e-05,USER_END,FINAL_INSTRUCTION_END,,,,
confirmation,exp12_docs_code_15,docs_code,canonical,0,canonical,1,opposite_same_wording,FINAL_INSTRUCTION_END,runner_up_V_necessity_loss,0.00814996287226677,USER_END,FINAL_INSTRUCTION_END,,,,
confirmation,exp12_docs_code_15,docs_code,canonical,0,canonical,1,opposite_same_wording,USER_END,reader_verified_v_effect,0.023790407925844193,USER_END,FINAL_INSTRUCTION_END,0.0,0.0,0.0,
confirmation,exp12_docs_code_15,docs_code,canonical,0,canonical,1,opposite_same_wording,USER_END,reader_target_sufficiency,0.04709386080503464,USER_END,FINAL_INSTRUCTION_END,0.0,0.0,0.0,
confirmation,exp12_docs_code_15,docs_code,canonical,0,canonical,1,opposite_same_wording,USER_END,reader_target_necessity,0.07113586738705635,USER_END,FINAL_INSTRUCTION_END,0.0,0.0,0.0,
confirmation,exp12_docs_code_15,docs_code,canonical,0,canonical,1,opposite_same_wording,USER_END,reader_negative_sufficiency,-0.04720941185951233,USER_END,FINAL_INSTRUCTION_END,0.0,0.0,0.0,
confirmation,exp12_docs_code_15,docs_code,canonical,0,canonical,1,opposite_same_wording,USER_END,reader_negative_necessity,-0.04708819463849068,USER_END,FINAL_INSTRUCTION_END,0.0,0.0,0.0,
confirmation,exp12_docs_code_15,docs_code,canonical,0,canonical,1,opposite_same_wording,USER_END,reader_all7_sufficiency,0.023790407925844193,USER_END,FINAL_INSTRUCTION_END,0.0,0.0,0.0,
confirmation,exp12_docs_code_15,docs_code,canonical,0,canonical,1,opposite_same_wording,USER_END,reader_all7_necessity,0.023790407925844193,USER_END,FINAL_INSTRUCTION_END,0.0,0.0,0.0,
confirmation,exp12_docs_code_15,docs_code,canonical,0,canonical,1,opposite_same_wording,USER_END,reader_non_kv0_sufficiency,0.0,USER_END,FINAL_INSTRUCTION_END,0.0,0.0,0.0,
confirmation,exp12_docs_code_15,docs_code,canonical,0,canonical,1,opposite_same_wording,USER_END,reader_non_kv0_necessity,0.0,USER_END,FINAL_INSTRUCTION_END,0.0,0.0,0.0,
confirmation,exp12_docs_code_15,docs_code,canonical,0,paraphrase,1,opposite_cross_wording,USER_END,cross_selected_V_sufficiency,0.02384207397699356,,,,,,USER_END
confirmation,exp12_docs_code_15,docs_code,canonical,0,paraphrase,1,opposite_cross_wording,USER_END,cross_selected_V_necessity_loss,-6.635114550590515e-05,,,,,,USER_END
confirmation,exp12_docs_code_15,docs_code,canonical,0,paraphrase,0,same_state_cross_wording,USER_END,same_state_selected_V_control,0.008050955832004547,,,,,,USER_END
confirmation,exp12_docs_code_15,docs_code,paraphrase,0,paraphrase,1,opposite_same_wording,USER_END,selected_H20_residual_effect,0.03466641157865524,USER_END,FINAL_INSTRUCTION_END,,,,
confirmation,exp12_docs_code_15,docs_code,paraphrase,0,paraphrase,1,opposite_same_wording,USER_END,selected_V_sufficiency,0.0212857685983181,USER_END,FINAL_INSTRUCTION_END,,,,
confirmation,exp12_docs_code_15,docs_code,paraphrase,0,paraphrase,1,opposite_same_wording,USER_END,selected_V_necessity_loss,0.0036464110016822815,USER_END,FINAL_INSTRUCTION_END,,,,
confirmation,exp12_docs_code_15,docs_code,paraphrase,0,paraphrase,1,opposite_same_wording,OLD_ABSOLUTE,old_absolute_V_sufficiency,-0.053853992372751236,USER_END,FINAL_INSTRUCTION_END,,,,
confirmation,exp12_docs_code_15,docs_code,paraphrase,0,paraphrase,1,opposite_same_wording,OLD_ABSOLUTE,old_absolute_local_V_necessity_loss,-0.07909169793128967,USER_END,FINAL_INSTRUCTION_END,,,,
confirmation,exp12_docs_code_15,docs_code,paraphrase,0,paraphrase,1,opposite_same_wording,FINAL_INSTRUCTION_END,runner_up_V_sufficiency,6.79604709148407e-05,USER_END,FINAL_INSTRUCTION_END,,,,
confirmation,exp12_docs_code_15,docs_code,paraphrase,0,paraphrase,1,opposite_same_wording,FINAL_INSTRUCTION_END,runner_up_V_necessity_loss,0.019357413053512573,USER_END,FINAL_INSTRUCTION_END,,,,
confirmation,exp12_docs_code_15,docs_code,paraphrase,0,paraphrase,1,opposite_same_wording,USER_END,reader_verified_v_effect,0.0212857685983181,USER_END,FINAL_INSTRUCTION_END,0.0,0.0,0.0,
confirmation,exp12_docs_code_15,docs_code,paraphrase,0,paraphrase,1,opposite_same_wording,USER_END,reader_target_sufficiency,0.0530572384595871,USER_END,FINAL_INSTRUCTION_END,0.0,0.0,0.0,
confirmation,exp12_docs_code_15,docs_code,paraphrase,0,paraphrase,1,opposite_same_wording,USER_END,reader_target_necessity,0.05284268781542778,USER_END,FINAL_INSTRUCTION_END,0.0,0.0,0.0,
confirmation,exp12_docs_code_15,docs_code,paraphrase,0,paraphrase,1,opposite_same_wording,USER_END,reader_negative_sufficiency,-0.03764741122722626,USER_END,FINAL_INSTRUCTION_END,0.0,0.0,0.0,
confirmation,exp12_docs_code_15,docs_code,paraphrase,0,paraphrase,1,opposite_same_wording,USER_END,reader_negative_necessity,-0.035771287977695465,USER_END,FINAL_INSTRUCTION_END,0.0,0.0,0.0,
confirmation,exp12_docs_code_15,docs_code,paraphrase,0,paraphrase,1,opposite_same_wording,USER_END,reader_all7_sufficiency,0.0212857685983181,USER_END,FINAL_INSTRUCTION_END,0.0,0.0,0.0,
confirmation,exp12_docs_code_15,docs_code,paraphrase,0,paraphrase,1,opposite_same_wording,USER_END,reader_all7_necessity,0.0212857685983181,USER_END,FINAL_INSTRUCTION_END,0.0,0.0,0.0,
confirmation,exp12_docs_code_15,docs_code,paraphrase,0,paraphrase,1,opposite_same_wording,USER_END,reader_non_kv0_sufficiency,0.0,USER_END,FINAL_INSTRUCTION_END,0.0,0.0,0.0,
confirmation,exp12_docs_code_15,docs_code,paraphrase,0,paraphrase,1,opposite_same_wording,USER_END,reader_non_kv0_necessity,0.0,USER_END,FINAL_INSTRUCTION_END,0.0,0.0,0.0,
confirmation,exp12_docs_code_15,docs_code,paraphrase,0,canonical,1,opposite_cross_wording,USER_END,cross_selected_V_sufficiency,0.010593466460704803,,,,,,USER_END
confirmation,exp12_docs_code_15,docs_code,paraphrase,0,canonical,1,opposite_cross_wording,USER_END,cross_selected_V_necessity_loss,0.02010541409254074,,,,,,USER_END
confirmation,exp12_docs_code_15,docs_code,paraphrase,0,canonical,0,same_state_cross_wording,USER_END,same_state_selected_V_control,-0.008215494453907013,,,,,,USER_END
confirmation,exp12_docs_code_15,docs_code,canonical,1,canonical,0,opposite_same_wording,USER_END,selected_H20_residual_effect,0.1253853514790535,USER_END,FINAL_INSTRUCTION_END,,,,
confirmation,exp12_docs_code_15,docs_code,canonical,1,canonical,0,opposite_same_wording,USER_END,selected_V_sufficiency,0.053134530782699585,USER_END,FINAL_INSTRUCTION_END,,,,
confirmation,exp12_docs_code_15,docs_code,canonical,1,canonical,0,opposite_same_wording,USER_END,selected_V_necessity_loss,0.027244672179222107,USER_END,FINAL_INSTRUCTION_END,,,,
confirmation,exp12_docs_code_15,docs_code,canonical,1,canonical,0,opposite_same_wording,OLD_ABSOLUTE,old_absolute_V_sufficiency,-0.01810859888792038,USER_END,FINAL_INSTRUCTION_END,,,,
confirmation,exp12_docs_code_15,docs_code,canonical,1,canonical,0,opposite_same_wording,OLD_ABSOLUTE,old_absolute_local_V_necessity_loss,-0.033602625131607056,USER_END,FINAL_INSTRUCTION_END,,,,
confirmation,exp12_docs_code_15,docs_code,canonical,1,canonical,0,opposite_same_wording,FINAL_INSTRUCTION_END,runner_up_V_sufficiency,0.02674861252307892,USER_END,FINAL_INSTRUCTION_END,,,,
confirmation,exp12_docs_code_15,docs_code,canonical,1,canonical,0,opposite_same_wording,FINAL_INSTRUCTION_END,runner_up_V_necessity_loss,0.0264037624001503,USER_END,FINAL_INSTRUCTION_END,,,,
confirmation,exp12_docs_code_15,docs_code,canonical,1,canonical,0,opposite_same_wording,USER_END,reader_verified_v_effect,0.053134530782699585,USER_END,FINAL_INSTRUCTION_END,0.0,0.0,0.0,
confirmation,exp12_docs_code_15,docs_code,canonical,1,canonical,0,opposite_same_wording,USER_END,reader_target_sufficiency,0.07991150766611099,USER_END,FINAL_INSTRUCTION_END,0.0,0.0,0.0,
confirmation,exp12_docs_code_15,docs_code,canonical,1,canonical,0,opposite_same_wording,USER_END,reader_target_necessity,0.07991813123226166,USER_END,FINAL_INSTRUCTION_END,0.0,0.0,0.0,
confirmation,exp12_docs_code_15,docs_code,canonical,1,canonical,0,opposite_same_wording,USER_END,reader_negative_sufficiency,-0.05353158712387085,USER_END,FINAL_INSTRUCTION_END,0.0,0.0,0.0,
confirmation,exp12_docs_code_15,docs_code,canonical,1,canonical,0,opposite_same_wording,USER_END,reader_negative_necessity,-0.05354712903499603,USER_END,FINAL_INSTRUCTION_END,0.0,0.0,0.0,
confirmation,exp12_docs_code_15,docs_code,canonical,1,canonical,0,opposite_same_wording,USER_END,reader_all7_sufficiency,0.053134530782699585,USER_END,FINAL_INSTRUCTION_END,0.0,0.0,0.0,
confirmation,exp12_docs_code_15,docs_code,canonical,1,canonical,0,opposite_same_wording,USER_END,reader_all7_necessity,0.053134530782699585,USER_END,FINAL_INSTRUCTION_END,0.0,0.0,0.0,
confirmation,exp12_docs_code_15,docs_code,canonical,1,canonical,0,opposite_same_wording,USER_END,reader_non_kv0_sufficiency,-0.0,USER_END,FINAL_INSTRUCTION_END,0.0,0.0,0.0,
confirmation,exp12_docs_code_15,docs_code,canonical,1,canonical,0,opposite_same_wording,USER_END,reader_non_kv0_necessity,0.0,USER_END,FINAL_INSTRUCTION_END,0.0,0.0,0.0,
confirmation,exp12_docs_code_15,docs_code,canonical,1,paraphrase,0,opposite_cross_wording,USER_END,cross_selected_V_sufficiency,0.0358329638838768,,,,,,USER_END
confirmation,exp12_docs_code_15,docs_code,canonical,1,paraphrase,0,opposite_cross_wording,USER_END,cross_selected_V_necessity_loss,0.03652416914701462,,,,,,USER_END
confirmation,exp12_docs_code_15,docs_code,canonical,1,paraphrase,1,same_state_cross_wording,USER_END,same_state_selected_V_control,-0.017861470580101013,,,,,,USER_END
confirmation,exp12_docs_code_15,docs_code,paraphrase,1,paraphrase,0,opposite_same_wording,USER_END,selected_H20_residual_effect,0.14160821586847305,USER_END,FINAL_INSTRUCTION_END,,,,
confirmation,exp12_docs_code_15,docs_code,paraphrase,1,paraphrase,0,opposite_same_wording,USER_END,selected_V_sufficiency,0.03537333011627197,USER_END,FINAL_INSTRUCTION_END,,,,
confirmation,exp12_docs_code_15,docs_code,paraphrase,1,paraphrase,0,opposite_same_wording,USER_END,selected_V_necessity_loss,0.05365210026502609,USER_END,FINAL_INSTRUCTION_END,,,,
confirmation,exp12_docs_code_15,docs_code,paraphrase,1,paraphrase,0,opposite_same_wording,OLD_ABSOLUTE,old_absolute_V_sufficiency,-0.10652889311313629,USER_END,FINAL_INSTRUCTION_END,,,,
confirmation,exp12_docs_code_15,docs_code,paraphrase,1,paraphrase,0,opposite_same_wording,OLD_ABSOLUTE,old_absolute_local_V_necessity_loss,-0.07922908663749695,USER_END,FINAL_INSTRUCTION_END,,,,
confirmation,exp12_docs_code_15,docs_code,paraphrase,1,paraphrase,0,opposite_same_wording,FINAL_INSTRUCTION_END,runner_up_V_sufficiency,0.03536369651556015,USER_END,FINAL_INSTRUCTION_END,,,,
confirmation,exp12_docs_code_15,docs_code,paraphrase,1,paraphrase,0,opposite_same_wording,FINAL_INSTRUCTION_END,runner_up_V_necessity_loss,0.03616194427013397,USER_END,FINAL_INSTRUCTION_END,,,,
confirmation,exp12_docs_code_15,docs_code,paraphrase,1,paraphrase,0,opposite_same_wording,USER_END,reader_verified_v_effect,0.03537333011627197,USER_END,FINAL_INSTRUCTION_END,0.0,0.0,0.0,
confirmation,exp12_docs_code_15,docs_code,paraphrase,1,paraphrase,0,opposite_same_wording,USER_END,reader_target_sufficiency,0.053270600736141205,USER_END,FINAL_INSTRUCTION_END,0.0,0.0,0.0,
confirmation,exp12_docs_code_15,docs_code,paraphrase,1,paraphrase,0,opposite_same_wording,USER_END,reader_target_necessity,0.07056614756584167,USER_END,FINAL_INSTRUCTION_END,0.0,0.0,0.0,
confirmation,exp12_docs_code_15,docs_code,paraphrase,1,paraphrase,0,opposite_same_wording,USER_END,reader_negative_sufficiency,-0.05298686772584915,USER_END,FINAL_INSTRUCTION_END,0.0,0.0,0.0,
confirmation,exp12_docs_code_15,docs_code,paraphrase,1,paraphrase,0,opposite_same_wording,USER_END,reader_negative_necessity,-0.035596661269664764,USER_END,FINAL_INSTRUCTION_END,0.0,0.0,0.0,
confirmation,exp12_docs_code_15,docs_code,paraphrase,1,paraphrase,0,opposite_same_wording,USER_END,reader_all7_sufficiency,0.03537333011627197,USER_END,FINAL_INSTRUCTION_END,0.0,0.0,0.0,
confirmation,exp12_docs_code_15,docs_code,paraphrase,1,paraphrase,0,opposite_same_wording,USER_END,reader_all7_necessity,0.03537333011627197,USER_END,FINAL_INSTRUCTION_END,0.0,0.0,0.0,
confirmation,exp12_docs_code_15,docs_code,paraphrase,1,paraphrase,0,opposite_same_wording,USER_END,reader_non_kv0_sufficiency,-0.0,USER_END,FINAL_INSTRUCTION_END,0.0,0.0,0.0,
confirmation,exp12_docs_code_15,docs_code,paraphrase,1,paraphrase,0,opposite_same_wording,USER_END,reader_non_kv0_necessity,0.0,USER_END,FINAL_INSTRUCTION_END,0.0,0.0,0.0,
confirmation,exp12_docs_code_15,docs_code,paraphrase,1,canonical,0,opposite_cross_wording,USER_END,cross_selected_V_sufficiency,0.035461440682411194,,,,,,USER_END
confirmation,exp12_docs_code_15,docs_code,paraphrase,1,canonical,0,opposite_cross_wording,USER_END,cross_selected_V_necessity_loss,0.0528859943151474,,,,,,USER_END
confirmation,exp12_docs_code_15,docs_code,paraphrase,1,canonical,1,same_state_cross_wording,USER_END,same_state_selected_V_control,0.03522513806819916,,,,,,USER_END
