phase,task_id,family,recipient_wording,recipient_label,donor_wording,donor_label,relation,anchor,metric,value
discovery,exp12_test_edit_00,test_edit,canonical,0,canonical,1,opposite_same_wording,SKILL_END,V_sufficiency,8.220039308071136e-05
discovery,exp12_test_edit_00,test_edit,canonical,0,canonical,1,opposite_same_wording,SKILL_END,V_necessity_loss,0.008928470313549042
discovery,exp12_test_edit_00,test_edit,canonical,0,canonical,1,opposite_same_wording,SYSTEM_END,V_sufficiency,0.026757294312119484
discovery,exp12_test_edit_00,test_edit,canonical,0,canonical,1,opposite_same_wording,SYSTEM_END,V_necessity_loss,0.008892899379134178
discovery,exp12_test_edit_00,test_edit,canonical,0,canonical,1,opposite_same_wording,ISSUE_END,V_sufficiency,-1.3338401913642883e-05
discovery,exp12_test_edit_00,test_edit,canonical,0,canonical,1,opposite_same_wording,ISSUE_END,V_necessity_loss,-0.007890354841947556
discovery,exp12_test_edit_00,test_edit,canonical,0,canonical,1,opposite_same_wording,DETAIL_END,V_sufficiency,-5.046464502811432e-05
discovery,exp12_test_edit_00,test_edit,canonical,0,canonical,1,opposite_same_wording,DETAIL_END,V_necessity_loss,-0.008751701563596725
discovery,exp12_test_edit_00,test_edit,canonical,0,canonical,1,opposite_same_wording,ACTION0_END,V_sufficiency,0.017973516136407852
discovery,exp12_test_edit_00,test_edit,canonical,0,canonical,1,opposite_same_wording,ACTION0_END,V_necessity_loss,0.042356474325060844
discovery,exp12_test_edit_00,test_edit,canonical,0,canonical,1,opposite_same_wording,ACTION1_END,V_sufficiency,-2.3193657398223877e-05
discovery,exp12_test_edit_00,test_edit,canonical,0,canonical,1,opposite_same_wording,ACTION1_END,V_necessity_loss,0.01072024367749691
discovery,exp12_test_edit_00,test_edit,canonical,0,canonical,1,opposite_same_wording,FINAL_INSTRUCTION_END,V_sufficiency,0.015948835760354996
discovery,exp12_test_edit_00,test_edit,canonical,0,canonical,1,opposite_same_wording,FINAL_INSTRUCTION_END,V_necessity_loss,0.009357068687677383
discovery,exp12_test_edit_00,test_edit,canonical,0,canonical,1,opposite_same_wording,USER_END,V_sufficiency,0.07874997332692146
discovery,exp12_test_edit_00,test_edit,canonical,0,canonical,1,opposite_same_wording,USER_END,V_necessity_loss,0.13287398591637611
discovery,exp12_test_edit_00,test_edit,canonical,0,canonical,1,opposite_same_wording,GENERATION_BOUNDARY,V_sufficiency,-0.05333270877599716
discovery,exp12_test_edit_00,test_edit,canonical,0,canonical,1,opposite_same_wording,GENERATION_BOUNDARY,V_necessity_loss,0.13722005859017372
discovery,exp12_test_edit_00,test_edit,paraphrase,0,paraphrase,1,opposite_same_wording,SKILL_END,V_sufficiency,0.0015960223972797394
discovery,exp12_test_edit_00,test_edit,paraphrase,0,paraphrase,1,opposite_same_wording,SKILL_END,V_necessity_loss,0.01593910902738571
discovery,exp12_test_edit_00,test_edit,paraphrase,0,paraphrase,1,opposite_same_wording,SYSTEM_END,V_sufficiency,-0.007007792592048645
discovery,exp12_test_edit_00,test_edit,paraphrase,0,paraphrase,1,opposite_same_wording,SYSTEM_END,V_necessity_loss,-0.008931953459978104
discovery,exp12_test_edit_00,test_edit,paraphrase,0,paraphrase,1,opposite_same_wording,ISSUE_END,V_sufficiency,0.008754083886742592
discovery,exp12_test_edit_00,test_edit,paraphrase,0,paraphrase,1,opposite_same_wording,ISSUE_END,V_necessity_loss,0.0002781245857477188
discovery,exp12_test_edit_00,test_edit,paraphrase,0,paraphrase,1,opposite_same_wording,DETAIL_END,V_sufficiency,-0.0071060266345739365
discovery,exp12_test_edit_00,test_edit,paraphrase,0,paraphrase,1,opposite_same_wording,DETAIL_END,V_necessity_loss,1.2684613466262817e-06
discovery,exp12_test_edit_00,test_edit,paraphrase,0,paraphrase,1,opposite_same_wording,ACTION0_END,V_sufficiency,0.019853506237268448
discovery,exp12_test_edit_00,test_edit,paraphrase,0,paraphrase,1,opposite_same_wording,ACTION0_END,V_necessity_loss,0.026919113472104073
discovery,exp12_test_edit_00,test_edit,paraphrase,0,paraphrase,1,opposite_same_wording,ACTION1_END,V_sufficiency,-0.0069511570036411285
discovery,exp12_test_edit_00,test_edit,paraphrase,0,paraphrase,1,opposite_same_wording,ACTION1_END,V_necessity_loss,-0.024634702131152153
discovery,exp12_test_edit_00,test_edit,paraphrase,0,paraphrase,1,opposite_same_wording,FINAL_INSTRUCTION_END,V_sufficiency,0.0004141218960285187
discovery,exp12_test_edit_00,test_edit,paraphrase,0,paraphrase,1,opposite_same_wording,FINAL_INSTRUCTION_END,V_necessity_loss,-0.0015596561133861542
discovery,exp12_test_edit_00,test_edit,paraphrase,0,paraphrase,1,opposite_same_wording,USER_END,V_sufficiency,0.03780362382531166
discovery,exp12_test_edit_00,test_edit,paraphrase,0,paraphrase,1,opposite_same_wording,USER_END,V_necessity_loss,0.03551231138408184
discovery,exp12_test_edit_00,test_edit,paraphrase,0,paraphrase,1,opposite_same_wording,GENERATION_BOUNDARY,V_sufficiency,-0.0873903539031744
discovery,exp12_test_edit_00,test_edit,paraphrase,0,paraphrase,1,opposite_same_wording,GENERATION_BOUNDARY,V_necessity_loss,0.08542916551232338
discovery,exp12_test_edit_00,test_edit,canonical,1,canonical,0,opposite_same_wording,SKILL_END,V_sufficiency,-9.013712406158447e-05
discovery,exp12_test_edit_00,test_edit,canonical,1,canonical,0,opposite_same_wording,SKILL_END,V_necessity_loss,0.0022442787885665894
discovery,exp12_test_edit_00,test_edit,canonical,1,canonical,0,opposite_same_wording,SYSTEM_END,V_sufficiency,-0.0139755979180336
discovery,exp12_test_edit_00,test_edit,canonical,1,canonical,0,opposite_same_wording,SYSTEM_END,V_necessity_loss,-0.004400104284286499
discovery,exp12_test_edit_00,test_edit,canonical,1,canonical,0,opposite_same_wording,ISSUE_END,V_sufficiency,-0.000249326229095459
discovery,exp12_test_edit_00,test_edit,canonical,1,canonical,0,opposite_same_wording,ISSUE_END,V_necessity_loss,-0.008312240242958069
discovery,exp12_test_edit_00,test_edit,canonical,1,canonical,0,opposite_same_wording,DETAIL_END,V_sufficiency,-0.004047796130180359
discovery,exp12_test_edit_00,test_edit,canonical,1,canonical,0,opposite_same_wording,DETAIL_END,V_necessity_loss,8.42362642288208e-05
discovery,exp12_test_edit_00,test_edit,canonical,1,canonical,0,opposite_same_wording,ACTION0_END,V_sufficiency,-0.00016412138938903809
discovery,exp12_test_edit_00,test_edit,canonical,1,canonical,0,opposite_same_wording,ACTION0_END,V_necessity_loss,-0.005138427019119263
discovery,exp12_test_edit_00,test_edit,canonical,1,canonical,0,opposite_same_wording,ACTION1_END,V_sufficiency,0.003890976309776306
discovery,exp12_test_edit_00,test_edit,canonical,1,canonical,0,opposite_same_wording,ACTION1_END,V_necessity_loss,0.01266990602016449
discovery,exp12_test_edit_00,test_edit,canonical,1,canonical,0,opposite_same_wording,FINAL_INSTRUCTION_END,V_sufficiency,0.003965005278587341
discovery,exp12_test_edit_00,test_edit,canonical,1,canonical,0,opposite_same_wording,FINAL_INSTRUCTION_END,V_necessity_loss,-0.007867574691772461
discovery,exp12_test_edit_00,test_edit,canonical,1,canonical,0,opposite_same_wording,USER_END,V_sufficiency,0.1001344621181488
discovery,exp12_test_edit_00,test_edit,canonical,1,canonical,0,opposite_same_wording,USER_END,V_necessity_loss,0.09695938229560852
discovery,exp12_test_edit_00,test_edit,canonical,1,canonical,0,opposite_same_wording,GENERATION_BOUNDARY,V_sufficiency,0.06405395269393921
discovery,exp12_test_edit_00,test_edit,canonical,1,canonical,0,opposite_same_wording,GENERATION_BOUNDARY,V_necessity_loss,-0.13099874928593636
discovery,exp12_test_edit_00,test_edit,paraphrase,1,paraphrase,0,opposite_same_wording,SKILL_END,V_sufficiency,0.014225170016288757
discovery,exp12_test_edit_00,test_edit,paraphrase,1,paraphrase,0,opposite_same_wording,SKILL_END,V_necessity_loss,-0.00012643635272979736
discovery,exp12_test_edit_00,test_edit,paraphrase,1,paraphrase,0,opposite_same_wording,SYSTEM_END,V_sufficiency,-0.008459717035293579
discovery,exp12_test_edit_00,test_edit,paraphrase,1,paraphrase,0,opposite_same_wording,SYSTEM_END,V_necessity_loss,0.004123404622077942
discovery,exp12_test_edit_00,test_edit,paraphrase,1,paraphrase,0,opposite_same_wording,ISSUE_END,V_sufficiency,0.01459038257598877
discovery,exp12_test_edit_00,test_edit,paraphrase,1,paraphrase,0,opposite_same_wording,ISSUE_END,V_necessity_loss,-0.007317721843719482
discovery,exp12_test_edit_00,test_edit,paraphrase,1,paraphrase,0,opposite_same_wording,DETAIL_END,V_sufficiency,7.925927639007568e-05
discovery,exp12_test_edit_00,test_edit,paraphrase,1,paraphrase,0,opposite_same_wording,DETAIL_END,V_necessity_loss,3.4481287002563477e-05
discovery,exp12_test_edit_00,test_edit,paraphrase,1,paraphrase,0,opposite_same_wording,ACTION0_END,V_sufficiency,0.0009011179208755493
discovery,exp12_test_edit_00,test_edit,paraphrase,1,paraphrase,0,opposite_same_wording,ACTION0_END,V_necessity_loss,-0.00020894408226013184
discovery,exp12_test_edit_00,test_edit,paraphrase,1,paraphrase,0,opposite_same_wording,ACTION1_END,V_sufficiency,0.014407411217689514
discovery,exp12_test_edit_00,test_edit,paraphrase,1,paraphrase,0,opposite_same_wording,ACTION1_END,V_necessity_loss,-0.008540153503417969
discovery,exp12_test_edit_00,test_edit,paraphrase,1,paraphrase,0,opposite_same_wording,FINAL_INSTRUCTION_END,V_sufficiency,0.022794440388679504
discovery,exp12_test_edit_00,test_edit,paraphrase,1,paraphrase,0,opposite_same_wording,FINAL_INSTRUCTION_END,V_necessity_loss,0.01686161756515503
discovery,exp12_test_edit_00,test_edit,paraphrase,1,paraphrase,0,opposite_same_wording,USER_END,V_sufficiency,0.11877100169658661
discovery,exp12_test_edit_00,test_edit,paraphrase,1,paraphrase,0,opposite_same_wording,USER_END,V_necessity_loss,0.14586308598518372
discovery,exp12_test_edit_00,test_edit,paraphrase,1,paraphrase,0,opposite_same_wording,GENERATION_BOUNDARY,V_sufficiency,0.05763109028339386
discovery,exp12_test_edit_00,test_edit,paraphrase,1,paraphrase,0,opposite_same_wording,GENERATION_BOUNDARY,V_necessity_loss,-0.08198406174778938
discovery,exp12_test_edit_01,test_edit,canonical,0,canonical,1,opposite_same_wording,SKILL_END,V_sufficiency,0.0005626324564218521
discovery,exp12_test_edit_01,test_edit,canonical,0,canonical,1,opposite_same_wording,SKILL_END,V_necessity_loss,0.009195076301693916
discovery,exp12_test_edit_01,test_edit,canonical,0,canonical,1,opposite_same_wording,SYSTEM_END,V_sufficiency,0.026715321466326714
discovery,exp12_test_edit_01,test_edit,canonical,0,canonical,1,opposite_same_wording,SYSTEM_END,V_necessity_loss,-0.00855395756661892
discovery,exp12_test_edit_01,test_edit,canonical,0,canonical,1,opposite_same_wording,ISSUE_END,V_sufficiency,0.009706839919090271
discovery,exp12_test_edit_01,test_edit,canonical,0,canonical,1,opposite_same_wording,ISSUE_END,V_necessity_loss,-0.0020430851727724075
discovery,exp12_test_edit_01,test_edit,canonical,0,canonical,1,opposite_same_wording,DETAIL_END,V_sufficiency,0.009040005505084991
discovery,exp12_test_edit_01,test_edit,canonical,0,canonical,1,opposite_same_wording,DETAIL_END,V_necessity_loss,0.0069264005869627
discovery,exp12_test_edit_01,test_edit,canonical,0,canonical,1,opposite_same_wording,ACTION0_END,V_sufficiency,0.026707058772444725
discovery,exp12_test_edit_01,test_edit,canonical,0,canonical,1,opposite_same_wording,ACTION0_END,V_necessity_loss,0.016840356402099133
discovery,exp12_test_edit_01,test_edit,canonical,0,canonical,1,opposite_same_wording,ACTION1_END,V_sufficiency,0.017743585631251335
discovery,exp12_test_edit_01,test_edit,canonical,0,canonical,1,opposite_same_wording,ACTION1_END,V_necessity_loss,0.016898371279239655
discovery,exp12_test_edit_01,test_edit,canonical,0,canonical,1,opposite_same_wording,FINAL_INSTRUCTION_END,V_sufficiency,0.0185080636292696
discovery,exp12_test_edit_01,test_edit,canonical,0,canonical,1,opposite_same_wording,FINAL_INSTRUCTION_END,V_necessity_loss,0.017077438533306122
discovery,exp12_test_edit_01,test_edit,canonical,0,canonical,1,opposite_same_wording,USER_END,V_sufficiency,0.08250818587839603
discovery,exp12_test_edit_01,test_edit,canonical,0,canonical,1,opposite_same_wording,USER_END,V_necessity_loss,0.11678515002131462
discovery,exp12_test_edit_01,test_edit,canonical,0,canonical,1,opposite_same_wording,GENERATION_BOUNDARY,V_sufficiency,-0.052616918459534645
discovery,exp12_test_edit_01,test_edit,canonical,0,canonical,1,opposite_same_wording,GENERATION_BOUNDARY,V_necessity_loss,0.1174607016146183
discovery,exp12_test_edit_01,test_edit,paraphrase,0,paraphrase,1,opposite_same_wording,SKILL_END,V_sufficiency,0.0010036975145339966
discovery,exp12_test_edit_01,test_edit,paraphrase,0,paraphrase,1,opposite_same_wording,SKILL_END,V_necessity_loss,0.008824564516544342
discovery,exp12_test_edit_01,test_edit,paraphrase,0,paraphrase,1,opposite_same_wording,SYSTEM_END,V_sufficiency,0.0017686784267425537
discovery,exp12_test_edit_01,test_edit,paraphrase,0,paraphrase,1,opposite_same_wording,SYSTEM_END,V_necessity_loss,0.0013047810643911362
discovery,exp12_test_edit_01,test_edit,paraphrase,0,paraphrase,1,opposite_same_wording,ISSUE_END,V_sufficiency,0.0018565375357866287
discovery,exp12_test_edit_01,test_edit,paraphrase,0,paraphrase,1,opposite_same_wording,ISSUE_END,V_necessity_loss,0.0162233617156744
discovery,exp12_test_edit_01,test_edit,paraphrase,0,paraphrase,1,opposite_same_wording,DETAIL_END,V_sufficiency,0.009849932044744492
discovery,exp12_test_edit_01,test_edit,paraphrase,0,paraphrase,1,opposite_same_wording,DETAIL_END,V_necessity_loss,-0.007442733272910118
discovery,exp12_test_edit_01,test_edit,paraphrase,0,paraphrase,1,opposite_same_wording,ACTION0_END,V_sufficiency,0.027329495176672935
discovery,exp12_test_edit_01,test_edit,paraphrase,0,paraphrase,1,opposite_same_wording,ACTION0_END,V_necessity_loss,0.008580733090639114
discovery,exp12_test_edit_01,test_edit,paraphrase,0,paraphrase,1,opposite_same_wording,ACTION1_END,V_sufficiency,0.009440485388040543
discovery,exp12_test_edit_01,test_edit,paraphrase,0,paraphrase,1,opposite_same_wording,ACTION1_END,V_necessity_loss,0.008398115634918213
discovery,exp12_test_edit_01,test_edit,paraphrase,0,paraphrase,1,opposite_same_wording,FINAL_INSTRUCTION_END,V_sufficiency,0.0004772283136844635
discovery,exp12_test_edit_01,test_edit,paraphrase,0,paraphrase,1,opposite_same_wording,FINAL_INSTRUCTION_END,V_necessity_loss,-0.00018194504082202911
discovery,exp12_test_edit_01,test_edit,paraphrase,0,paraphrase,1,opposite_same_wording,USER_END,V_sufficiency,0.05492750182747841
discovery,exp12_test_edit_01,test_edit,paraphrase,0,paraphrase,1,opposite_same_wording,USER_END,V_necessity_loss,0.0020930152386426926
discovery,exp12_test_edit_01,test_edit,paraphrase,0,paraphrase,1,opposite_same_wording,GENERATION_BOUNDARY,V_sufficiency,-0.07909593731164932
discovery,exp12_test_edit_01,test_edit,paraphrase,0,paraphrase,1,opposite_same_wording,GENERATION_BOUNDARY,V_necessity_loss,0.0995806846767664
discovery,exp12_test_edit_01,test_edit,canonical,1,canonical,0,opposite_same_wording,SKILL_END,V_sufficiency,-0.0005419105291366577
discovery,exp12_test_edit_01,test_edit,canonical,1,canonical,0,opposite_same_wording,SKILL_END,V_necessity_loss,0.012339703738689423
discovery,exp12_test_edit_01,test_edit,canonical,1,canonical,0,opposite_same_wording,SYSTEM_END,V_sufficiency,0.013059146702289581
discovery,exp12_test_edit_01,test_edit,canonical,1,canonical,0,opposite_same_wording,SYSTEM_END,V_necessity_loss,-0.004166260361671448
discovery,exp12_test_edit_01,test_edit,canonical,1,canonical,0,opposite_same_wording,ISSUE_END,V_sufficiency,-0.0028286054730415344
discovery,exp12_test_edit_01,test_edit,canonical,1,canonical,0,opposite_same_wording,ISSUE_END,V_necessity_loss,-0.0012649446725845337
discovery,exp12_test_edit_01,test_edit,canonical,1,canonical,0,opposite_same_wording,DETAIL_END,V_sufficiency,0.0001744478940963745
discovery,exp12_test_edit_01,test_edit,canonical,1,canonical,0,opposite_same_wording,DETAIL_END,V_necessity_loss,0.0014877095818519592
discovery,exp12_test_edit_01,test_edit,canonical,1,canonical,0,opposite_same_wording,ACTION0_END,V_sufficiency,-0.0007474347949028015
discovery,exp12_test_edit_01,test_edit,canonical,1,canonical,0,opposite_same_wording,ACTION0_END,V_necessity_loss,-0.0011020824313163757
discovery,exp12_test_edit_01,test_edit,canonical,1,canonical,0,opposite_same_wording,ACTION1_END,V_sufficiency,-0.0003177821636199951
discovery,exp12_test_edit_01,test_edit,canonical,1,canonical,0,opposite_same_wording,ACTION1_END,V_necessity_loss,0.0041982680559158325
discovery,exp12_test_edit_01,test_edit,canonical,1,canonical,0,opposite_same_wording,FINAL_INSTRUCTION_END,V_sufficiency,0.0055146366357803345
discovery,exp12_test_edit_01,test_edit,canonical,1,canonical,0,opposite_same_wording,FINAL_INSTRUCTION_END,V_necessity_loss,-0.00014165043830871582
discovery,exp12_test_edit_01,test_edit,canonical,1,canonical,0,opposite_same_wording,USER_END,V_sufficiency,0.10999581217765808
discovery,exp12_test_edit_01,test_edit,canonical,1,canonical,0,opposite_same_wording,USER_END,V_necessity_loss,0.0917060375213623
discovery,exp12_test_edit_01,test_edit,canonical,1,canonical,0,opposite_same_wording,GENERATION_BOUNDARY,V_sufficiency,0.0723951905965805
discovery,exp12_test_edit_01,test_edit,canonical,1,canonical,0,opposite_same_wording,GENERATION_BOUNDARY,V_necessity_loss,-0.1007066760212183
discovery,exp12_test_edit_01,test_edit,paraphrase,1,paraphrase,0,opposite_same_wording,SKILL_END,V_sufficiency,0.011023804545402527
discovery,exp12_test_edit_01,test_edit,paraphrase,1,paraphrase,0,opposite_same_wording,SKILL_END,V_necessity_loss,-0.00018903613090515137
discovery,exp12_test_edit_01,test_edit,paraphrase,1,paraphrase,0,opposite_same_wording,SYSTEM_END,V_sufficiency,-0.0005518794059753418
discovery,exp12_test_edit_01,test_edit,paraphrase,1,paraphrase,0,opposite_same_wording,SYSTEM_END,V_necessity_loss,-0.00521436333656311
discovery,exp12_test_edit_01,test_edit,paraphrase,1,paraphrase,0,opposite_same_wording,ISSUE_END,V_sufficiency,-0.00036513805389404297
discovery,exp12_test_edit_01,test_edit,paraphrase,1,paraphrase,0,opposite_same_wording,ISSUE_END,V_necessity_loss,0.00039574503898620605
discovery,exp12_test_edit_01,test_edit,paraphrase,1,paraphrase,0,opposite_same_wording,DETAIL_END,V_sufficiency,-1.6674399375915527e-05
discovery,exp12_test_edit_01,test_edit,paraphrase,1,paraphrase,0,opposite_same_wording,DETAIL_END,V_necessity_loss,0.0028213411569595337
discovery,exp12_test_edit_01,test_edit,paraphrase,1,paraphrase,0,opposite_same_wording,ACTION0_END,V_sufficiency,-0.004903361201286316
discovery,exp12_test_edit_01,test_edit,paraphrase,1,paraphrase,0,opposite_same_wording,ACTION0_END,V_necessity_loss,0.02124468982219696
discovery,exp12_test_edit_01,test_edit,paraphrase,1,paraphrase,0,opposite_same_wording,ACTION1_END,V_sufficiency,-0.00033333897590637207
discovery,exp12_test_edit_01,test_edit,paraphrase,1,paraphrase,0,opposite_same_wording,ACTION1_END,V_necessity_loss,-0.0005296319723129272
discovery,exp12_test_edit_01,test_edit,paraphrase,1,paraphrase,0,opposite_same_wording,FINAL_INSTRUCTION_END,V_sufficiency,0.01956382393836975
discovery,exp12_test_edit_01,test_edit,paraphrase,1,paraphrase,0,opposite_same_wording,FINAL_INSTRUCTION_END,V_necessity_loss,0.022002503275871277
discovery,exp12_test_edit_01,test_edit,paraphrase,1,paraphrase,0,opposite_same_wording,USER_END,V_sufficiency,0.11627693474292755
discovery,exp12_test_edit_01,test_edit,paraphrase,1,paraphrase,0,opposite_same_wording,USER_END,V_necessity_loss,0.1655951291322708
discovery,exp12_test_edit_01,test_edit,paraphrase,1,paraphrase,0,opposite_same_wording,GENERATION_BOUNDARY,V_sufficiency,0.05994541943073273
discovery,exp12_test_edit_01,test_edit,paraphrase,1,paraphrase,0,opposite_same_wording,GENERATION_BOUNDARY,V_necessity_loss,-0.08226341940462589
discovery,exp12_test_edit_03,test_edit,canonical,0,canonical,1,opposite_same_wording,SKILL_END,V_sufficiency,-0.007248982787132263
discovery,exp12_test_edit_03,test_edit,canonical,0,canonical,1,opposite_same_wording,SKILL_END,V_necessity_loss,0.02243325486779213
discovery,exp12_test_edit_03,test_edit,canonical,0,canonical,1,opposite_same_wording,SYSTEM_END,V_sufficiency,0.008291300386190414
discovery,exp12_test_edit_03,test_edit,canonical,0,canonical,1,opposite_same_wording,SYSTEM_END,V_necessity_loss,0.00590723380446434
discovery,exp12_test_edit_03,test_edit,canonical,0,canonical,1,opposite_same_wording,ISSUE_END,V_sufficiency,2.3854896426200867e-05
discovery,exp12_test_edit_03,test_edit,canonical,0,canonical,1,opposite_same_wording,ISSUE_END,V_necessity_loss,0.008260935544967651
discovery,exp12_test_edit_03,test_edit,canonical,0,canonical,1,opposite_same_wording,DETAIL_END,V_sufficiency,6.958656013011932e-05
discovery,exp12_test_edit_03,test_edit,canonical,0,canonical,1,opposite_same_wording,DETAIL_END,V_necessity_loss,0.01456039771437645
discovery,exp12_test_edit_03,test_edit,canonical,0,canonical,1,opposite_same_wording,ACTION0_END,V_sufficiency,7.266923785209656e-05
discovery,exp12_test_edit_03,test_edit,canonical,0,canonical,1,opposite_same_wording,ACTION0_END,V_necessity_loss,0.007966116070747375
discovery,exp12_test_edit_03,test_edit,canonical,0,canonical,1,opposite_same_wording,ACTION1_END,V_sufficiency,-0.00018808059394359589
discovery,exp12_test_edit_03,test_edit,canonical,0,canonical,1,opposite_same_wording,ACTION1_END,V_necessity_loss,0.00722339004278183
discovery,exp12_test_edit_03,test_edit,canonical,0,canonical,1,opposite_same_wording,FINAL_INSTRUCTION_END,V_sufficiency,-0.00016556121408939362
discovery,exp12_test_edit_03,test_edit,canonical,0,canonical,1,opposite_same_wording,FINAL_INSTRUCTION_END,V_necessity_loss,0.007065679877996445
discovery,exp12_test_edit_03,test_edit,canonical,0,canonical,1,opposite_same_wording,USER_END,V_sufficiency,0.06267856806516647
discovery,exp12_test_edit_03,test_edit,canonical,0,canonical,1,opposite_same_wording,USER_END,V_necessity_loss,0.08785328082740307
discovery,exp12_test_edit_03,test_edit,canonical,0,canonical,1,opposite_same_wording,GENERATION_BOUNDARY,V_sufficiency,-0.0617133192718029
discovery,exp12_test_edit_03,test_edit,canonical,0,canonical,1,opposite_same_wording,GENERATION_BOUNDARY,V_necessity_loss,0.09547732025384903
discovery,exp12_test_edit_03,test_edit,paraphrase,0,paraphrase,1,opposite_same_wording,SKILL_END,V_sufficiency,0.015452006831765175
discovery,exp12_test_edit_03,test_edit,paraphrase,0,paraphrase,1,opposite_same_wording,SKILL_END,V_necessity_loss,0.015366313979029655
discovery,exp12_test_edit_03,test_edit,paraphrase,0,paraphrase,1,opposite_same_wording,SYSTEM_END,V_sufficiency,0.008912861347198486
discovery,exp12_test_edit_03,test_edit,paraphrase,0,paraphrase,1,opposite_same_wording,SYSTEM_END,V_necessity_loss,0.00039368122816085815
discovery,exp12_test_edit_03,test_edit,paraphrase,0,paraphrase,1,opposite_same_wording,ISSUE_END,V_sufficiency,0.0009179189801216125
discovery,exp12_test_edit_03,test_edit,paraphrase,0,paraphrase,1,opposite_same_wording,ISSUE_END,V_necessity_loss,-0.006773132830858231
discovery,exp12_test_edit_03,test_edit,paraphrase,0,paraphrase,1,opposite_same_wording,DETAIL_END,V_sufficiency,0.008054913952946663
discovery,exp12_test_edit_03,test_edit,paraphrase,0,paraphrase,1,opposite_same_wording,DETAIL_END,V_necessity_loss,-0.007795525714755058
discovery,exp12_test_edit_03,test_edit,paraphrase,0,paraphrase,1,opposite_same_wording,ACTION0_END,V_sufficiency,0.0015975385904312134
discovery,exp12_test_edit_03,test_edit,paraphrase,0,paraphrase,1,opposite_same_wording,ACTION0_END,V_necessity_loss,-0.00016993656754493713
discovery,exp12_test_edit_03,test_edit,paraphrase,0,paraphrase,1,opposite_same_wording,ACTION1_END,V_sufficiency,0.007833529263734818
discovery,exp12_test_edit_03,test_edit,paraphrase,0,paraphrase,1,opposite_same_wording,ACTION1_END,V_necessity_loss,0.0068612415343523026
discovery,exp12_test_edit_03,test_edit,paraphrase,0,paraphrase,1,opposite_same_wording,FINAL_INSTRUCTION_END,V_sufficiency,-4.067458212375641e-05
discovery,exp12_test_edit_03,test_edit,paraphrase,0,paraphrase,1,opposite_same_wording,FINAL_INSTRUCTION_END,V_necessity_loss,0.008471040055155754
discovery,exp12_test_edit_03,test_edit,paraphrase,0,paraphrase,1,opposite_same_wording,USER_END,V_sufficiency,0.04736282676458359
discovery,exp12_test_edit_03,test_edit,paraphrase,0,paraphrase,1,opposite_same_wording,USER_END,V_necessity_loss,0.01496044173836708
discovery,exp12_test_edit_03,test_edit,paraphrase,0,paraphrase,1,opposite_same_wording,GENERATION_BOUNDARY,V_sufficiency,-0.0636526569724083
discovery,exp12_test_edit_03,test_edit,paraphrase,0,paraphrase,1,opposite_same_wording,GENERATION_BOUNDARY,V_necessity_loss,0.060331620275974274
discovery,exp12_test_edit_03,test_edit,canonical,1,canonical,0,opposite_same_wording,SKILL_END,V_sufficiency,-0.006478443741798401
discovery,exp12_test_edit_03,test_edit,canonical,1,canonical,0,opposite_same_wording,SKILL_END,V_necessity_loss,0.00784100592136383
discovery,exp12_test_edit_03,test_edit,canonical,1,canonical,0,opposite_same_wording,SYSTEM_END,V_sufficiency,-0.008262865245342255
discovery,exp12_test_edit_03,test_edit,canonical,1,canonical,0,opposite_same_wording,SYSTEM_END,V_necessity_loss,0.0019682198762893677
discovery,exp12_test_edit_03,test_edit,canonical,1,canonical,0,opposite_same_wording,ISSUE_END,V_sufficiency,-0.013156063854694366
discovery,exp12_test_edit_03,test_edit,canonical,1,canonical,0,opposite_same_wording,ISSUE_END,V_necessity_loss,0.005956709384918213
discovery,exp12_test_edit_03,test_edit,canonical,1,canonical,0,opposite_same_wording,DETAIL_END,V_sufficiency,-0.005644544959068298
discovery,exp12_test_edit_03,test_edit,canonical,1,canonical,0,opposite_same_wording,DETAIL_END,V_necessity_loss,0.0038804933428764343
discovery,exp12_test_edit_03,test_edit,canonical,1,canonical,0,opposite_same_wording,ACTION0_END,V_sufficiency,0.003076396882534027
discovery,exp12_test_edit_03,test_edit,canonical,1,canonical,0,opposite_same_wording,ACTION0_END,V_necessity_loss,0.010277636349201202
discovery,exp12_test_edit_03,test_edit,canonical,1,canonical,0,opposite_same_wording,ACTION1_END,V_sufficiency,-0.009466871619224548
discovery,exp12_test_edit_03,test_edit,canonical,1,canonical,0,opposite_same_wording,ACTION1_END,V_necessity_loss,-0.00010737776756286621
discovery,exp12_test_edit_03,test_edit,canonical,1,canonical,0,opposite_same_wording,FINAL_INSTRUCTION_END,V_sufficiency,0.004216477274894714
discovery,exp12_test_edit_03,test_edit,canonical,1,canonical,0,opposite_same_wording,FINAL_INSTRUCTION_END,V_necessity_loss,0.004176735877990723
discovery,exp12_test_edit_03,test_edit,canonical,1,canonical,0,opposite_same_wording,USER_END,V_sufficiency,0.10629642009735107
discovery,exp12_test_edit_03,test_edit,canonical,1,canonical,0,opposite_same_wording,USER_END,V_necessity_loss,0.09594356268644333
discovery,exp12_test_edit_03,test_edit,canonical,1,canonical,0,opposite_same_wording,GENERATION_BOUNDARY,V_sufficiency,0.0676431953907013
discovery,exp12_test_edit_03,test_edit,canonical,1,canonical,0,opposite_same_wording,GENERATION_BOUNDARY,V_necessity_loss,-0.0910985916852951
discovery,exp12_test_edit_03,test_edit,paraphrase,1,paraphrase,0,opposite_same_wording,SKILL_END,V_sufficiency,-0.0072516947984695435
discovery,exp12_test_edit_03,test_edit,paraphrase,1,paraphrase,0,opposite_same_wording,SKILL_END,V_necessity_loss,0.0001854225993156433
discovery,exp12_test_edit_03,test_edit,paraphrase,1,paraphrase,0,opposite_same_wording,SYSTEM_END,V_sufficiency,-0.008358173072338104
discovery,exp12_test_edit_03,test_edit,paraphrase,1,paraphrase,0,opposite_same_wording,SYSTEM_END,V_necessity_loss,2.539902925491333e-05
discovery,exp12_test_edit_03,test_edit,paraphrase,1,paraphrase,0,opposite_same_wording,ISSUE_END,V_sufficiency,-0.01272466778755188
discovery,exp12_test_edit_03,test_edit,paraphrase,1,paraphrase,0,opposite_same_wording,ISSUE_END,V_necessity_loss,2.2836029529571533e-05
discovery,exp12_test_edit_03,test_edit,paraphrase,1,paraphrase,0,opposite_same_wording,DETAIL_END,V_sufficiency,9.644776582717896e-05
discovery,exp12_test_edit_03,test_edit,paraphrase,1,paraphrase,0,opposite_same_wording,DETAIL_END,V_necessity_loss,9.299814701080322e-05
discovery,exp12_test_edit_03,test_edit,paraphrase,1,paraphrase,0,opposite_same_wording,ACTION0_END,V_sufficiency,-4.0687620639801025e-05
discovery,exp12_test_edit_03,test_edit,paraphrase,1,paraphrase,0,opposite_same_wording,ACTION0_END,V_necessity_loss,0.003864765167236328
discovery,exp12_test_edit_03,test_edit,paraphrase,1,paraphrase,0,opposite_same_wording,ACTION1_END,V_sufficiency,1.7061829566955566e-06
discovery,exp12_test_edit_03,test_edit,paraphrase,1,paraphrase,0,opposite_same_wording,ACTION1_END,V_necessity_loss,0.00021323561668395996
discovery,exp12_test_edit_03,test_edit,paraphrase,1,paraphrase,0,opposite_same_wording,FINAL_INSTRUCTION_END,V_sufficiency,2.2202730178833008e-05
discovery,exp12_test_edit_03,test_edit,paraphrase,1,paraphrase,0,opposite_same_wording,FINAL_INSTRUCTION_END,V_necessity_loss,0.019115552306175232
discovery,exp12_test_edit_03,test_edit,paraphrase,1,paraphrase,0,opposite_same_wording,USER_END,V_sufficiency,0.10901185125112534
discovery,exp12_test_edit_03,test_edit,paraphrase,1,paraphrase,0,opposite_same_wording,USER_END,V_necessity_loss,0.14263543486595154
discovery,exp12_test_edit_03,test_edit,paraphrase,1,paraphrase,0,opposite_same_wording,GENERATION_BOUNDARY,V_sufficiency,0.06525837630033493
discovery,exp12_test_edit_03,test_edit,paraphrase,1,paraphrase,0,opposite_same_wording,GENERATION_BOUNDARY,V_necessity_loss,-0.07143255695700645
discovery,exp12_test_edit_05,test_edit,canonical,0,canonical,1,opposite_same_wording,SKILL_END,V_sufficiency,-0.00020428746938705444
discovery,exp12_test_edit_05,test_edit,canonical,0,canonical,1,opposite_same_wording,SKILL_END,V_necessity_loss,1.7179176211357117e-05
discovery,exp12_test_edit_05,test_edit,canonical,0,canonical,1,opposite_same_wording,SYSTEM_END,V_sufficiency,0.007626490667462349
discovery,exp12_test_edit_05,test_edit,canonical,0,canonical,1,opposite_same_wording,SYSTEM_END,V_necessity_loss,8.32919031381607e-05
discovery,exp12_test_edit_05,test_edit,canonical,0,canonical,1,opposite_same_wording,ISSUE_END,V_sufficiency,-0.007814915850758553
discovery,exp12_test_edit_05,test_edit,canonical,0,canonical,1,opposite_same_wording,ISSUE_END,V_necessity_loss,0.021860383450984955
discovery,exp12_test_edit_05,test_edit,canonical,0,canonical,1,opposite_same_wording,DETAIL_END,V_sufficiency,-0.00015936046838760376
discovery,exp12_test_edit_05,test_edit,canonical,0,canonical,1,opposite_same_wording,DETAIL_END,V_necessity_loss,-0.01387191005051136
discovery,exp12_test_edit_05,test_edit,canonical,0,canonical,1,opposite_same_wording,ACTION0_END,V_sufficiency,-4.114396870136261e-05
discovery,exp12_test_edit_05,test_edit,canonical,0,canonical,1,opposite_same_wording,ACTION0_END,V_necessity_loss,0.00790560245513916
discovery,exp12_test_edit_05,test_edit,canonical,0,canonical,1,opposite_same_wording,ACTION1_END,V_sufficiency,-0.00010249018669128418
discovery,exp12_test_edit_05,test_edit,canonical,0,canonical,1,opposite_same_wording,ACTION1_END,V_necessity_loss,0.0008581746369600296
discovery,exp12_test_edit_05,test_edit,canonical,0,canonical,1,opposite_same_wording,FINAL_INSTRUCTION_END,V_sufficiency,0.007702281698584557
discovery,exp12_test_edit_05,test_edit,canonical,0,canonical,1,opposite_same_wording,FINAL_INSTRUCTION_END,V_necessity_loss,-0.006791966035962105
discovery,exp12_test_edit_05,test_edit,canonical,0,canonical,1,opposite_same_wording,USER_END,V_sufficiency,0.04734120890498161
discovery,exp12_test_edit_05,test_edit,canonical,0,canonical,1,opposite_same_wording,USER_END,V_necessity_loss,0.10146443918347359
discovery,exp12_test_edit_05,test_edit,canonical,0,canonical,1,opposite_same_wording,GENERATION_BOUNDARY,V_sufficiency,-0.05524289235472679
discovery,exp12_test_edit_05,test_edit,canonical,0,canonical,1,opposite_same_wording,GENERATION_BOUNDARY,V_necessity_loss,0.10741964355111122
discovery,exp12_test_edit_05,test_edit,paraphrase,0,paraphrase,1,opposite_same_wording,SKILL_END,V_sufficiency,-0.007721683010458946
discovery,exp12_test_edit_05,test_edit,paraphrase,0,paraphrase,1,opposite_same_wording,SKILL_END,V_necessity_loss,0.0012452919036149979
discovery,exp12_test_edit_05,test_edit,paraphrase,0,paraphrase,1,opposite_same_wording,SYSTEM_END,V_sufficiency,0.007835308089852333
discovery,exp12_test_edit_05,test_edit,paraphrase,0,paraphrase,1,opposite_same_wording,SYSTEM_END,V_necessity_loss,0.006830010563135147
discovery,exp12_test_edit_05,test_edit,paraphrase,0,paraphrase,1,opposite_same_wording,ISSUE_END,V_sufficiency,0.00012429244816303253
discovery,exp12_test_edit_05,test_edit,paraphrase,0,paraphrase,1,opposite_same_wording,ISSUE_END,V_necessity_loss,0.00035092793405056
discovery,exp12_test_edit_05,test_edit,paraphrase,0,paraphrase,1,opposite_same_wording,DETAIL_END,V_sufficiency,-0.007667824625968933
discovery,exp12_test_edit_05,test_edit,paraphrase,0,paraphrase,1,opposite_same_wording,DETAIL_END,V_necessity_loss,0.007708210498094559
discovery,exp12_test_edit_05,test_edit,paraphrase,0,paraphrase,1,opposite_same_wording,ACTION0_END,V_sufficiency,0.007907312363386154
discovery,exp12_test_edit_05,test_edit,paraphrase,0,paraphrase,1,opposite_same_wording,ACTION0_END,V_necessity_loss,0.006915299221873283
discovery,exp12_test_edit_05,test_edit,paraphrase,0,paraphrase,1,opposite_same_wording,ACTION1_END,V_sufficiency,-0.00748395174741745
discovery,exp12_test_edit_05,test_edit,paraphrase,0,paraphrase,1,opposite_same_wording,ACTION1_END,V_necessity_loss,-0.00018502399325370789
discovery,exp12_test_edit_05,test_edit,paraphrase,0,paraphrase,1,opposite_same_wording,FINAL_INSTRUCTION_END,V_sufficiency,-0.0078000351786613464
discovery,exp12_test_edit_05,test_edit,paraphrase,0,paraphrase,1,opposite_same_wording,FINAL_INSTRUCTION_END,V_necessity_loss,-0.0005347765982151031
discovery,exp12_test_edit_05,test_edit,paraphrase,0,paraphrase,1,opposite_same_wording,USER_END,V_sufficiency,0.03944305516779423
discovery,exp12_test_edit_05,test_edit,paraphrase,0,paraphrase,1,opposite_same_wording,USER_END,V_necessity_loss,0.02365131862461567
discovery,exp12_test_edit_05,test_edit,paraphrase,0,paraphrase,1,opposite_same_wording,GENERATION_BOUNDARY,V_sufficiency,-0.07828391529619694
discovery,exp12_test_edit_05,test_edit,paraphrase,0,paraphrase,1,opposite_same_wording,GENERATION_BOUNDARY,V_necessity_loss,0.09080342203378677
discovery,exp12_test_edit_05,test_edit,canonical,1,canonical,0,opposite_same_wording,SKILL_END,V_sufficiency,0.007356397807598114
discovery,exp12_test_edit_05,test_edit,canonical,1,canonical,0,opposite_same_wording,SKILL_END,V_necessity_loss,0.004495851695537567
discovery,exp12_test_edit_05,test_edit,canonical,1,canonical,0,opposite_same_wording,SYSTEM_END,V_sufficiency,-0.0006249770522117615
discovery,exp12_test_edit_05,test_edit,canonical,1,canonical,0,opposite_same_wording,SYSTEM_END,V_necessity_loss,-0.012534722685813904
discovery,exp12_test_edit_05,test_edit,canonical,1,canonical,0,opposite_same_wording,ISSUE_END,V_sufficiency,-0.004065975546836853
discovery,exp12_test_edit_05,test_edit,canonical,1,canonical,0,opposite_same_wording,ISSUE_END,V_necessity_loss,-0.0003046691417694092
discovery,exp12_test_edit_05,test_edit,canonical,1,canonical,0,opposite_same_wording,DETAIL_END,V_sufficiency,-0.0004129931330680847
discovery,exp12_test_edit_05,test_edit,canonical,1,canonical,0,opposite_same_wording,DETAIL_END,V_necessity_loss,-8.802860975265503e-05
discovery,exp12_test_edit_05,test_edit,canonical,1,canonical,0,opposite_same_wording,ACTION0_END,V_sufficiency,0.0008642077445983887
discovery,exp12_test_edit_05,test_edit,canonical,1,canonical,0,opposite_same_wording,ACTION0_END,V_necessity_loss,0.015905015170574188
discovery,exp12_test_edit_05,test_edit,canonical,1,canonical,0,opposite_same_wording,ACTION1_END,V_sufficiency,0.007952652871608734
discovery,exp12_test_edit_05,test_edit,canonical,1,canonical,0,opposite_same_wording,ACTION1_END,V_necessity_loss,0.0001261681318283081
discovery,exp12_test_edit_05,test_edit,canonical,1,canonical,0,opposite_same_wording,FINAL_INSTRUCTION_END,V_sufficiency,0.004337213933467865
discovery,exp12_test_edit_05,test_edit,canonical,1,canonical,0,opposite_same_wording,FINAL_INSTRUCTION_END,V_necessity_loss,-0.00019397586584091187
discovery,exp12_test_edit_05,test_edit,canonical,1,canonical,0,opposite_same_wording,USER_END,V_sufficiency,0.09919310361146927
discovery,exp12_test_edit_05,test_edit,canonical,1,canonical,0,opposite_same_wording,USER_END,V_necessity_loss,0.08532731235027313
discovery,exp12_test_edit_05,test_edit,canonical,1,canonical,0,opposite_same_wording,GENERATION_BOUNDARY,V_sufficiency,0.06779530644416809
discovery,exp12_test_edit_05,test_edit,canonical,1,canonical,0,opposite_same_wording,GENERATION_BOUNDARY,V_necessity_loss,-0.09052592888474464
discovery,exp12_test_edit_05,test_edit,paraphrase,1,paraphrase,0,opposite_same_wording,SKILL_END,V_sufficiency,0.0025809258222579956
discovery,exp12_test_edit_05,test_edit,paraphrase,1,paraphrase,0,opposite_same_wording,SKILL_END,V_necessity_loss,0.00047053396701812744
discovery,exp12_test_edit_05,test_edit,paraphrase,1,paraphrase,0,opposite_same_wording,SYSTEM_END,V_sufficiency,-0.00011721253395080566
discovery,exp12_test_edit_05,test_edit,paraphrase,1,paraphrase,0,opposite_same_wording,SYSTEM_END,V_necessity_loss,0.011602818965911865
discovery,exp12_test_edit_05,test_edit,paraphrase,1,paraphrase,0,opposite_same_wording,ISSUE_END,V_sufficiency,0.00012512505054473877
discovery,exp12_test_edit_05,test_edit,paraphrase,1,paraphrase,0,opposite_same_wording,ISSUE_END,V_necessity_loss,-0.0005916208028793335
discovery,exp12_test_edit_05,test_edit,paraphrase,1,paraphrase,0,opposite_same_wording,DETAIL_END,V_sufficiency,0.0006566792726516724
discovery,exp12_test_edit_05,test_edit,paraphrase,1,paraphrase,0,opposite_same_wording,DETAIL_END,V_necessity_loss,-3.413856029510498e-05
discovery,exp12_test_edit_05,test_edit,paraphrase,1,paraphrase,0,opposite_same_wording,ACTION0_END,V_sufficiency,0.0005401968955993652
discovery,exp12_test_edit_05,test_edit,paraphrase,1,paraphrase,0,opposite_same_wording,ACTION0_END,V_necessity_loss,-0.00038127601146698
discovery,exp12_test_edit_05,test_edit,paraphrase,1,paraphrase,0,opposite_same_wording,ACTION1_END,V_sufficiency,0.01135280728340149
discovery,exp12_test_edit_05,test_edit,paraphrase,1,paraphrase,0,opposite_same_wording,ACTION1_END,V_necessity_loss,0.00011931359767913818
discovery,exp12_test_edit_05,test_edit,paraphrase,1,paraphrase,0,opposite_same_wording,FINAL_INSTRUCTION_END,V_sufficiency,0.011061757802963257
discovery,exp12_test_edit_05,test_edit,paraphrase,1,paraphrase,0,opposite_same_wording,FINAL_INSTRUCTION_END,V_necessity_loss,0.007032230496406555
discovery,exp12_test_edit_05,test_edit,paraphrase,1,paraphrase,0,opposite_same_wording,USER_END,V_sufficiency,0.10676659643650055
discovery,exp12_test_edit_05,test_edit,paraphrase,1,paraphrase,0,opposite_same_wording,USER_END,V_necessity_loss,0.15943893790245056
discovery,exp12_test_edit_05,test_edit,paraphrase,1,paraphrase,0,opposite_same_wording,GENERATION_BOUNDARY,V_sufficiency,0.06389497220516205
discovery,exp12_test_edit_05,test_edit,paraphrase,1,paraphrase,0,opposite_same_wording,GENERATION_BOUNDARY,V_necessity_loss,-0.08555140718817711
discovery,exp12_test_edit_07,test_edit,canonical,0,canonical,1,opposite_same_wording,SKILL_END,V_sufficiency,0.00779743492603302
discovery,exp12_test_edit_07,test_edit,canonical,0,canonical,1,opposite_same_wording,SKILL_END,V_necessity_loss,0.0001066494733095169
discovery,exp12_test_edit_07,test_edit,canonical,0,canonical,1,opposite_same_wording,SYSTEM_END,V_sufficiency,0.0155585166066885
discovery,exp12_test_edit_07,test_edit,canonical,0,canonical,1,opposite_same_wording,SYSTEM_END,V_necessity_loss,-0.0009555649012327194
discovery,exp12_test_edit_07,test_edit,canonical,0,canonical,1,opposite_same_wording,ISSUE_END,V_sufficiency,0.007791278883814812
discovery,exp12_test_edit_07,test_edit,canonical,0,canonical,1,opposite_same_wording,ISSUE_END,V_necessity_loss,0.021403485909104347
discovery,exp12_test_edit_07,test_edit,canonical,0,canonical,1,opposite_same_wording,DETAIL_END,V_sufficiency,-1.0145828127861023e-05
discovery,exp12_test_edit_07,test_edit,canonical,0,canonical,1,opposite_same_wording,DETAIL_END,V_necessity_loss,-1.60951167345047e-05
discovery,exp12_test_edit_07,test_edit,canonical,0,canonical,1,opposite_same_wording,ACTION0_END,V_sufficiency,-0.0009414572268724442
discovery,exp12_test_edit_07,test_edit,canonical,0,canonical,1,opposite_same_wording,ACTION0_END,V_necessity_loss,0.006715696305036545
discovery,exp12_test_edit_07,test_edit,canonical,0,canonical,1,opposite_same_wording,ACTION1_END,V_sufficiency,-2.3147091269493103e-05
discovery,exp12_test_edit_07,test_edit,canonical,0,canonical,1,opposite_same_wording,ACTION1_END,V_necessity_loss,0.015623783692717552
discovery,exp12_test_edit_07,test_edit,canonical,0,canonical,1,opposite_same_wording,FINAL_INSTRUCTION_END,V_sufficiency,0.006844537332653999
discovery,exp12_test_edit_07,test_edit,canonical,0,canonical,1,opposite_same_wording,FINAL_INSTRUCTION_END,V_necessity_loss,0.014914112165570259
discovery,exp12_test_edit_07,test_edit,canonical,0,canonical,1,opposite_same_wording,USER_END,V_sufficiency,0.06946836039423943
discovery,exp12_test_edit_07,test_edit,canonical,0,canonical,1,opposite_same_wording,USER_END,V_necessity_loss,0.10164657048881054
discovery,exp12_test_edit_07,test_edit,canonical,0,canonical,1,opposite_same_wording,GENERATION_BOUNDARY,V_sufficiency,-0.047131603583693504
discovery,exp12_test_edit_07,test_edit,canonical,0,canonical,1,opposite_same_wording,GENERATION_BOUNDARY,V_necessity_loss,0.09298086911439896
discovery,exp12_test_edit_07,test_edit,paraphrase,0,paraphrase,1,opposite_same_wording,SKILL_END,V_sufficiency,-0.006020383909344673
discovery,exp12_test_edit_07,test_edit,paraphrase,0,paraphrase,1,opposite_same_wording,SKILL_END,V_necessity_loss,0.008853910490870476
discovery,exp12_test_edit_07,test_edit,paraphrase,0,paraphrase,1,opposite_same_wording,SYSTEM_END,V_sufficiency,0.008020609617233276
discovery,exp12_test_edit_07,test_edit,paraphrase,0,paraphrase,1,opposite_same_wording,SYSTEM_END,V_necessity_loss,0.007905308157205582
discovery,exp12_test_edit_07,test_edit,paraphrase,0,paraphrase,1,opposite_same_wording,ISSUE_END,V_sufficiency,-0.006435053423047066
discovery,exp12_test_edit_07,test_edit,paraphrase,0,paraphrase,1,opposite_same_wording,ISSUE_END,V_necessity_loss,-0.007800018414855003
discovery,exp12_test_edit_07,test_edit,paraphrase,0,paraphrase,1,opposite_same_wording,DETAIL_END,V_sufficiency,-0.007097586989402771
discovery,exp12_test_edit_07,test_edit,paraphrase,0,paraphrase,1,opposite_same_wording,DETAIL_END,V_necessity_loss,0.00034894049167633057
discovery,exp12_test_edit_07,test_edit,paraphrase,0,paraphrase,1,opposite_same_wording,ACTION0_END,V_sufficiency,0.0016068313270807266
discovery,exp12_test_edit_07,test_edit,paraphrase,0,paraphrase,1,opposite_same_wording,ACTION0_END,V_necessity_loss,0.0064465198665857315
discovery,exp12_test_edit_07,test_edit,paraphrase,0,paraphrase,1,opposite_same_wording,ACTION1_END,V_sufficiency,-0.006197093054652214
discovery,exp12_test_edit_07,test_edit,paraphrase,0,paraphrase,1,opposite_same_wording,ACTION1_END,V_necessity_loss,-0.0008208714425563812
discovery,exp12_test_edit_07,test_edit,paraphrase,0,paraphrase,1,opposite_same_wording,FINAL_INSTRUCTION_END,V_sufficiency,-0.006748657673597336
discovery,exp12_test_edit_07,test_edit,paraphrase,0,paraphrase,1,opposite_same_wording,FINAL_INSTRUCTION_END,V_necessity_loss,0.0007835272699594498
discovery,exp12_test_edit_07,test_edit,paraphrase,0,paraphrase,1,opposite_same_wording,USER_END,V_sufficiency,0.03902054578065872
discovery,exp12_test_edit_07,test_edit,paraphrase,0,paraphrase,1,opposite_same_wording,USER_END,V_necessity_loss,0.0011436063796281815
discovery,exp12_test_edit_07,test_edit,paraphrase,0,paraphrase,1,opposite_same_wording,GENERATION_BOUNDARY,V_sufficiency,-0.06966513209044933
discovery,exp12_test_edit_07,test_edit,paraphrase,0,paraphrase,1,opposite_same_wording,GENERATION_BOUNDARY,V_necessity_loss,0.07158967480063438
discovery,exp12_test_edit_07,test_edit,canonical,1,canonical,0,opposite_same_wording,SKILL_END,V_sufficiency,0.011287033557891846
discovery,exp12_test_edit_07,test_edit,canonical,1,canonical,0,opposite_same_wording,SKILL_END,V_necessity_loss,0.004178538918495178
discovery,exp12_test_edit_07,test_edit,canonical,1,canonical,0,opposite_same_wording,SYSTEM_END,V_sufficiency,0.006399892270565033
discovery,exp12_test_edit_07,test_edit,canonical,1,canonical,0,opposite_same_wording,SYSTEM_END,V_necessity_loss,-0.0042526572942733765
discovery,exp12_test_edit_07,test_edit,canonical,1,canonical,0,opposite_same_wording,ISSUE_END,V_sufficiency,3.018975257873535e-05
discovery,exp12_test_edit_07,test_edit,canonical,1,canonical,0,opposite_same_wording,ISSUE_END,V_necessity_loss,-0.008628785610198975
discovery,exp12_test_edit_07,test_edit,canonical,1,canonical,0,opposite_same_wording,DETAIL_END,V_sufficiency,-0.005735017359256744
discovery,exp12_test_edit_07,test_edit,canonical,1,canonical,0,opposite_same_wording,DETAIL_END,V_necessity_loss,-1.325458288192749e-05
discovery,exp12_test_edit_07,test_edit,canonical,1,canonical,0,opposite_same_wording,ACTION0_END,V_sufficiency,0.009028054773807526
discovery,exp12_test_edit_07,test_edit,canonical,1,canonical,0,opposite_same_wording,ACTION0_END,V_necessity_loss,0.012646771967411041
discovery,exp12_test_edit_07,test_edit,canonical,1,canonical,0,opposite_same_wording,ACTION1_END,V_sufficiency,-0.0045032501220703125
discovery,exp12_test_edit_07,test_edit,canonical,1,canonical,0,opposite_same_wording,ACTION1_END,V_necessity_loss,0.0010767802596092224
discovery,exp12_test_edit_07,test_edit,canonical,1,canonical,0,opposite_same_wording,FINAL_INSTRUCTION_END,V_sufficiency,0.0030901506543159485
discovery,exp12_test_edit_07,test_edit,canonical,1,canonical,0,opposite_same_wording,FINAL_INSTRUCTION_END,V_necessity_loss,0.002790972590446472
discovery,exp12_test_edit_07,test_edit,canonical,1,canonical,0,opposite_same_wording,USER_END,V_sufficiency,0.11255427449941635
discovery,exp12_test_edit_07,test_edit,canonical,1,canonical,0,opposite_same_wording,USER_END,V_necessity_loss,0.09955120086669922
discovery,exp12_test_edit_07,test_edit,canonical,1,canonical,0,opposite_same_wording,GENERATION_BOUNDARY,V_sufficiency,0.07608209550380707
discovery,exp12_test_edit_07,test_edit,canonical,1,canonical,0,opposite_same_wording,GENERATION_BOUNDARY,V_necessity_loss,-0.10111387446522713
discovery,exp12_test_edit_07,test_edit,paraphrase,1,paraphrase,0,opposite_same_wording,SKILL_END,V_sufficiency,0.001248881220817566
discovery,exp12_test_edit_07,test_edit,paraphrase,1,paraphrase,0,opposite_same_wording,SKILL_END,V_necessity_loss,-0.005968302488327026
discovery,exp12_test_edit_07,test_edit,paraphrase,1,paraphrase,0,opposite_same_wording,SYSTEM_END,V_sufficiency,-0.0009485185146331787
discovery,exp12_test_edit_07,test_edit,paraphrase,1,paraphrase,0,opposite_same_wording,SYSTEM_END,V_necessity_loss,0.004339031875133514
discovery,exp12_test_edit_07,test_edit,paraphrase,1,paraphrase,0,opposite_same_wording,ISSUE_END,V_sufficiency,-0.000922471284866333
discovery,exp12_test_edit_07,test_edit,paraphrase,1,paraphrase,0,opposite_same_wording,ISSUE_END,V_necessity_loss,0.004263229668140411
discovery,exp12_test_edit_07,test_edit,paraphrase,1,paraphrase,0,opposite_same_wording,DETAIL_END,V_sufficiency,-0.005571469664573669
discovery,exp12_test_edit_07,test_edit,paraphrase,1,paraphrase,0,opposite_same_wording,DETAIL_END,V_necessity_loss,-0.012287385761737823
discovery,exp12_test_edit_07,test_edit,paraphrase,1,paraphrase,0,opposite_same_wording,ACTION0_END,V_sufficiency,-0.009689494967460632
discovery,exp12_test_edit_07,test_edit,paraphrase,1,paraphrase,0,opposite_same_wording,ACTION0_END,V_necessity_loss,-0.0025363415479660034
discovery,exp12_test_edit_07,test_edit,paraphrase,1,paraphrase,0,opposite_same_wording,ACTION1_END,V_sufficiency,-0.009757764637470245
discovery,exp12_test_edit_07,test_edit,paraphrase,1,paraphrase,0,opposite_same_wording,ACTION1_END,V_necessity_loss,-2.039968967437744e-05
discovery,exp12_test_edit_07,test_edit,paraphrase,1,paraphrase,0,opposite_same_wording,FINAL_INSTRUCTION_END,V_sufficiency,0.009392380714416504
discovery,exp12_test_edit_07,test_edit,paraphrase,1,paraphrase,0,opposite_same_wording,FINAL_INSTRUCTION_END,V_necessity_loss,0.008347563445568085
discovery,exp12_test_edit_07,test_edit,paraphrase,1,paraphrase,0,opposite_same_wording,USER_END,V_sufficiency,0.11192002892494202
discovery,exp12_test_edit_07,test_edit,paraphrase,1,paraphrase,0,opposite_same_wording,USER_END,V_necessity_loss,0.171274833381176
discovery,exp12_test_edit_07,test_edit,paraphrase,1,paraphrase,0,opposite_same_wording,GENERATION_BOUNDARY,V_sufficiency,0.05749592185020447
discovery,exp12_test_edit_07,test_edit,paraphrase,1,paraphrase,0,opposite_same_wording,GENERATION_BOUNDARY,V_necessity_loss,-0.07793972827494144
discovery,exp12_test_edit_08,test_edit,canonical,0,canonical,1,opposite_same_wording,SKILL_END,V_sufficiency,0.001047002151608467
discovery,exp12_test_edit_08,test_edit,canonical,0,canonical,1,opposite_same_wording,SKILL_END,V_necessity_loss,0.008959388360381126
discovery,exp12_test_edit_08,test_edit,canonical,0,canonical,1,opposite_same_wording,SYSTEM_END,V_sufficiency,0.008945098146796227
discovery,exp12_test_edit_08,test_edit,canonical,0,canonical,1,opposite_same_wording,SYSTEM_END,V_necessity_loss,0.00980798713862896
discovery,exp12_test_edit_08,test_edit,canonical,0,canonical,1,opposite_same_wording,ISSUE_END,V_sufficiency,-0.008912850171327591
discovery,exp12_test_edit_08,test_edit,canonical,0,canonical,1,opposite_same_wording,ISSUE_END,V_necessity_loss,0.009620890021324158
discovery,exp12_test_edit_08,test_edit,canonical,0,canonical,1,opposite_same_wording,DETAIL_END,V_sufficiency,0.010056739673018456
discovery,exp12_test_edit_08,test_edit,canonical,0,canonical,1,opposite_same_wording,DETAIL_END,V_necessity_loss,-0.0008961912244558334
discovery,exp12_test_edit_08,test_edit,canonical,0,canonical,1,opposite_same_wording,ACTION0_END,V_sufficiency,0.008867252618074417
discovery,exp12_test_edit_08,test_edit,canonical,0,canonical,1,opposite_same_wording,ACTION0_END,V_necessity_loss,0.027033885940909386
discovery,exp12_test_edit_08,test_edit,canonical,0,canonical,1,opposite_same_wording,ACTION1_END,V_sufficiency,9.73287969827652e-05
discovery,exp12_test_edit_08,test_edit,canonical,0,canonical,1,opposite_same_wording,ACTION1_END,V_necessity_loss,1.1242926120758057e-05
discovery,exp12_test_edit_08,test_edit,canonical,0,canonical,1,opposite_same_wording,FINAL_INSTRUCTION_END,V_sufficiency,0.008977733552455902
discovery,exp12_test_edit_08,test_edit,canonical,0,canonical,1,opposite_same_wording,FINAL_INSTRUCTION_END,V_necessity_loss,0.0026173535734415054
discovery,exp12_test_edit_08,test_edit,canonical,0,canonical,1,opposite_same_wording,USER_END,V_sufficiency,0.06503483280539513
discovery,exp12_test_edit_08,test_edit,canonical,0,canonical,1,opposite_same_wording,USER_END,V_necessity_loss,0.10881260223686695
discovery,exp12_test_edit_08,test_edit,canonical,0,canonical,1,opposite_same_wording,GENERATION_BOUNDARY,V_sufficiency,-0.06150745414197445
discovery,exp12_test_edit_08,test_edit,canonical,0,canonical,1,opposite_same_wording,GENERATION_BOUNDARY,V_necessity_loss,0.13503523916006088
discovery,exp12_test_edit_08,test_edit,paraphrase,0,paraphrase,1,opposite_same_wording,SKILL_END,V_sufficiency,-0.0003040637820959091
discovery,exp12_test_edit_08,test_edit,paraphrase,0,paraphrase,1,opposite_same_wording,SKILL_END,V_necessity_loss,0.008414452895522118
discovery,exp12_test_edit_08,test_edit,paraphrase,0,paraphrase,1,opposite_same_wording,SYSTEM_END,V_sufficiency,0.00882101058959961
discovery,exp12_test_edit_08,test_edit,paraphrase,0,paraphrase,1,opposite_same_wording,SYSTEM_END,V_necessity_loss,-0.025492733344435692
discovery,exp12_test_edit_08,test_edit,paraphrase,0,paraphrase,1,opposite_same_wording,ISSUE_END,V_sufficiency,0.001055195927619934
discovery,exp12_test_edit_08,test_edit,paraphrase,0,paraphrase,1,opposite_same_wording,ISSUE_END,V_necessity_loss,-0.009088864549994469
discovery,exp12_test_edit_08,test_edit,paraphrase,0,paraphrase,1,opposite_same_wording,DETAIL_END,V_sufficiency,-0.009001204743981361
discovery,exp12_test_edit_08,test_edit,paraphrase,0,paraphrase,1,opposite_same_wording,DETAIL_END,V_necessity_loss,-0.008965486660599709
discovery,exp12_test_edit_08,test_edit,paraphrase,0,paraphrase,1,opposite_same_wording,ACTION0_END,V_sufficiency,0.00999867171049118
discovery,exp12_test_edit_08,test_edit,paraphrase,0,paraphrase,1,opposite_same_wording,ACTION0_END,V_necessity_loss,-0.007556268945336342
discovery,exp12_test_edit_08,test_edit,paraphrase,0,paraphrase,1,opposite_same_wording,ACTION1_END,V_sufficiency,0.008235786110162735
discovery,exp12_test_edit_08,test_edit,paraphrase,0,paraphrase,1,opposite_same_wording,ACTION1_END,V_necessity_loss,0.00028378330171108246
discovery,exp12_test_edit_08,test_edit,paraphrase,0,paraphrase,1,opposite_same_wording,FINAL_INSTRUCTION_END,V_sufficiency,0.0010372493416070938
discovery,exp12_test_edit_08,test_edit,paraphrase,0,paraphrase,1,opposite_same_wording,FINAL_INSTRUCTION_END,V_necessity_loss,0.01572003774344921
discovery,exp12_test_edit_08,test_edit,paraphrase,0,paraphrase,1,opposite_same_wording,USER_END,V_sufficiency,0.044699614867568016
discovery,exp12_test_edit_08,test_edit,paraphrase,0,paraphrase,1,opposite_same_wording,USER_END,V_necessity_loss,0.027295483276247978
discovery,exp12_test_edit_08,test_edit,paraphrase,0,paraphrase,1,opposite_same_wording,GENERATION_BOUNDARY,V_sufficiency,-0.08082658424973488
discovery,exp12_test_edit_08,test_edit,paraphrase,0,paraphrase,1,opposite_same_wording,GENERATION_BOUNDARY,V_necessity_loss,0.11555789038538933
discovery,exp12_test_edit_08,test_edit,canonical,1,canonical,0,opposite_same_wording,SKILL_END,V_sufficiency,-0.0001225098967552185
discovery,exp12_test_edit_08,test_edit,canonical,1,canonical,0,opposite_same_wording,SKILL_END,V_necessity_loss,-0.005655914545059204
discovery,exp12_test_edit_08,test_edit,canonical,1,canonical,0,opposite_same_wording,SYSTEM_END,V_sufficiency,-0.010811924934387207
discovery,exp12_test_edit_08,test_edit,canonical,1,canonical,0,opposite_same_wording,SYSTEM_END,V_necessity_loss,6.541609764099121e-06
discovery,exp12_test_edit_08,test_edit,canonical,1,canonical,0,opposite_same_wording,ISSUE_END,V_sufficiency,0.009795494377613068
discovery,exp12_test_edit_08,test_edit,canonical,1,canonical,0,opposite_same_wording,ISSUE_END,V_necessity_loss,0.007219590246677399
discovery,exp12_test_edit_08,test_edit,canonical,1,canonical,0,opposite_same_wording,DETAIL_END,V_sufficiency,0.0013697519898414612
discovery,exp12_test_edit_08,test_edit,canonical,1,canonical,0,opposite_same_wording,DETAIL_END,V_necessity_loss,-0.012370914220809937
discovery,exp12_test_edit_08,test_edit,canonical,1,canonical,0,opposite_same_wording,ACTION0_END,V_sufficiency,0.013203777372837067
discovery,exp12_test_edit_08,test_edit,canonical,1,canonical,0,opposite_same_wording,ACTION0_END,V_necessity_loss,0.0010901093482971191
discovery,exp12_test_edit_08,test_edit,canonical,1,canonical,0,opposite_same_wording,ACTION1_END,V_sufficiency,1.681596040725708e-05
discovery,exp12_test_edit_08,test_edit,canonical,1,canonical,0,opposite_same_wording,ACTION1_END,V_necessity_loss,6.225705146789551e-05
discovery,exp12_test_edit_08,test_edit,canonical,1,canonical,0,opposite_same_wording,FINAL_INSTRUCTION_END,V_sufficiency,0.001741170883178711
discovery,exp12_test_edit_08,test_edit,canonical,1,canonical,0,opposite_same_wording,FINAL_INSTRUCTION_END,V_necessity_loss,0.004006661474704742
discovery,exp12_test_edit_08,test_edit,canonical,1,canonical,0,opposite_same_wording,USER_END,V_sufficiency,0.10159990936517715
discovery,exp12_test_edit_08,test_edit,canonical,1,canonical,0,opposite_same_wording,USER_END,V_necessity_loss,0.08966384828090668
discovery,exp12_test_edit_08,test_edit,canonical,1,canonical,0,opposite_same_wording,GENERATION_BOUNDARY,V_sufficiency,0.06155989319086075
discovery,exp12_test_edit_08,test_edit,canonical,1,canonical,0,opposite_same_wording,GENERATION_BOUNDARY,V_necessity_loss,-0.09852939657866955
discovery,exp12_test_edit_08,test_edit,paraphrase,1,paraphrase,0,opposite_same_wording,SKILL_END,V_sufficiency,-7.055699825286865e-05
discovery,exp12_test_edit_08,test_edit,paraphrase,1,paraphrase,0,opposite_same_wording,SKILL_END,V_necessity_loss,-7.748603820800781e-06
discovery,exp12_test_edit_08,test_edit,paraphrase,1,paraphrase,0,opposite_same_wording,SYSTEM_END,V_sufficiency,-0.011404141783714294
discovery,exp12_test_edit_08,test_edit,paraphrase,1,paraphrase,0,opposite_same_wording,SYSTEM_END,V_necessity_loss,-0.0007415711879730225
discovery,exp12_test_edit_08,test_edit,paraphrase,1,paraphrase,0,opposite_same_wording,ISSUE_END,V_sufficiency,-0.0023833513259887695
discovery,exp12_test_edit_08,test_edit,paraphrase,1,paraphrase,0,opposite_same_wording,ISSUE_END,V_necessity_loss,-0.0028360188007354736
discovery,exp12_test_edit_08,test_edit,paraphrase,1,paraphrase,0,opposite_same_wording,DETAIL_END,V_sufficiency,-0.0028154999017715454
discovery,exp12_test_edit_08,test_edit,paraphrase,1,paraphrase,0,opposite_same_wording,DETAIL_END,V_necessity_loss,-0.00039289891719818115
discovery,exp12_test_edit_08,test_edit,paraphrase,1,paraphrase,0,opposite_same_wording,ACTION0_END,V_sufficiency,-0.0028241723775863647
discovery,exp12_test_edit_08,test_edit,paraphrase,1,paraphrase,0,opposite_same_wording,ACTION0_END,V_necessity_loss,-0.0014034807682037354
discovery,exp12_test_edit_08,test_edit,paraphrase,1,paraphrase,0,opposite_same_wording,ACTION1_END,V_sufficiency,0.00041909515857696533
discovery,exp12_test_edit_08,test_edit,paraphrase,1,paraphrase,0,opposite_same_wording,ACTION1_END,V_necessity_loss,-0.010456964373588562
discovery,exp12_test_edit_08,test_edit,paraphrase,1,paraphrase,0,opposite_same_wording,FINAL_INSTRUCTION_END,V_sufficiency,0.00838981568813324
discovery,exp12_test_edit_08,test_edit,paraphrase,1,paraphrase,0,opposite_same_wording,FINAL_INSTRUCTION_END,V_necessity_loss,0.0075880736112594604
discovery,exp12_test_edit_08,test_edit,paraphrase,1,paraphrase,0,opposite_same_wording,USER_END,V_sufficiency,0.09449219703674316
discovery,exp12_test_edit_08,test_edit,paraphrase,1,paraphrase,0,opposite_same_wording,USER_END,V_necessity_loss,0.1552284210920334
discovery,exp12_test_edit_08,test_edit,paraphrase,1,paraphrase,0,opposite_same_wording,GENERATION_BOUNDARY,V_sufficiency,0.052649110555648804
discovery,exp12_test_edit_08,test_edit,paraphrase,1,paraphrase,0,opposite_same_wording,GENERATION_BOUNDARY,V_necessity_loss,-0.09749713353812695
discovery,exp12_test_edit_09,test_edit,canonical,0,canonical,1,opposite_same_wording,SKILL_END,V_sufficiency,0.00858260877430439
discovery,exp12_test_edit_09,test_edit,canonical,0,canonical,1,opposite_same_wording,SKILL_END,V_necessity_loss,-0.00010800547897815704
discovery,exp12_test_edit_09,test_edit,canonical,0,canonical,1,opposite_same_wording,SYSTEM_END,V_sufficiency,0.0012016166001558304
discovery,exp12_test_edit_09,test_edit,canonical,0,canonical,1,opposite_same_wording,SYSTEM_END,V_necessity_loss,0.0009083878248929977
discovery,exp12_test_edit_09,test_edit,canonical,0,canonical,1,opposite_same_wording,ISSUE_END,V_sufficiency,-0.005298677831888199
discovery,exp12_test_edit_09,test_edit,canonical,0,canonical,1,opposite_same_wording,ISSUE_END,V_necessity_loss,0.01539570465683937
discovery,exp12_test_edit_09,test_edit,canonical,0,canonical,1,opposite_same_wording,DETAIL_END,V_sufficiency,-0.005800826475024223
discovery,exp12_test_edit_09,test_edit,canonical,0,canonical,1,opposite_same_wording,DETAIL_END,V_necessity_loss,-0.007826976478099823
discovery,exp12_test_edit_09,test_edit,canonical,0,canonical,1,opposite_same_wording,ACTION0_END,V_sufficiency,0.0019710157066583633
discovery,exp12_test_edit_09,test_edit,canonical,0,canonical,1,opposite_same_wording,ACTION0_END,V_necessity_loss,0.00718110054731369
discovery,exp12_test_edit_09,test_edit,canonical,0,canonical,1,opposite_same_wording,ACTION1_END,V_sufficiency,0.015863116830587387
discovery,exp12_test_edit_09,test_edit,canonical,0,canonical,1,opposite_same_wording,ACTION1_END,V_necessity_loss,0.007827717810869217
discovery,exp12_test_edit_09,test_edit,canonical,0,canonical,1,opposite_same_wording,FINAL_INSTRUCTION_END,V_sufficiency,0.0019561219960451126
discovery,exp12_test_edit_09,test_edit,canonical,0,canonical,1,opposite_same_wording,FINAL_INSTRUCTION_END,V_necessity_loss,0.015555175021290779
discovery,exp12_test_edit_09,test_edit,canonical,0,canonical,1,opposite_same_wording,USER_END,V_sufficiency,0.06385124661028385
discovery,exp12_test_edit_09,test_edit,canonical,0,canonical,1,opposite_same_wording,USER_END,V_necessity_loss,0.10216613858938217
discovery,exp12_test_edit_09,test_edit,canonical,0,canonical,1,opposite_same_wording,GENERATION_BOUNDARY,V_sufficiency,-0.05281093344092369
discovery,exp12_test_edit_09,test_edit,canonical,0,canonical,1,opposite_same_wording,GENERATION_BOUNDARY,V_necessity_loss,0.12413956597447395
discovery,exp12_test_edit_09,test_edit,paraphrase,0,paraphrase,1,opposite_same_wording,SKILL_END,V_sufficiency,0.007574934512376785
discovery,exp12_test_edit_09,test_edit,paraphrase,0,paraphrase,1,opposite_same_wording,SKILL_END,V_necessity_loss,0.0009132809937000275
discovery,exp12_test_edit_09,test_edit,paraphrase,0,paraphrase,1,opposite_same_wording,SYSTEM_END,V_sufficiency,0.014224207028746605
discovery,exp12_test_edit_09,test_edit,paraphrase,0,paraphrase,1,opposite_same_wording,SYSTEM_END,V_necessity_loss,0.014548743143677711
discovery,exp12_test_edit_09,test_edit,paraphrase,0,paraphrase,1,opposite_same_wording,ISSUE_END,V_sufficiency,0.0062355175614356995
discovery,exp12_test_edit_09,test_edit,paraphrase,0,paraphrase,1,opposite_same_wording,ISSUE_END,V_necessity_loss,0.013971947133541107
discovery,exp12_test_edit_09,test_edit,paraphrase,0,paraphrase,1,opposite_same_wording,DETAIL_END,V_sufficiency,0.00010212510824203491
discovery,exp12_test_edit_09,test_edit,paraphrase,0,paraphrase,1,opposite_same_wording,DETAIL_END,V_necessity_loss,0.0002741962671279907
discovery,exp12_test_edit_09,test_edit,paraphrase,0,paraphrase,1,opposite_same_wording,ACTION0_END,V_sufficiency,0.0153182502835989
discovery,exp12_test_edit_09,test_edit,paraphrase,0,paraphrase,1,opposite_same_wording,ACTION0_END,V_necessity_loss,0.01647390052676201
discovery,exp12_test_edit_09,test_edit,paraphrase,0,paraphrase,1,opposite_same_wording,ACTION1_END,V_sufficiency,1.903437077999115e-05
discovery,exp12_test_edit_09,test_edit,paraphrase,0,paraphrase,1,opposite_same_wording,ACTION1_END,V_necessity_loss,0.007204961031675339
discovery,exp12_test_edit_09,test_edit,paraphrase,0,paraphrase,1,opposite_same_wording,FINAL_INSTRUCTION_END,V_sufficiency,-0.007794616743922234
discovery,exp12_test_edit_09,test_edit,paraphrase,0,paraphrase,1,opposite_same_wording,FINAL_INSTRUCTION_END,V_necessity_loss,-0.006238926202058792
discovery,exp12_test_edit_09,test_edit,paraphrase,0,paraphrase,1,opposite_same_wording,USER_END,V_sufficiency,0.03907824493944645
discovery,exp12_test_edit_09,test_edit,paraphrase,0,paraphrase,1,opposite_same_wording,USER_END,V_necessity_loss,0.001023298129439354
discovery,exp12_test_edit_09,test_edit,paraphrase,0,paraphrase,1,opposite_same_wording,GENERATION_BOUNDARY,V_sufficiency,-0.06341567449271679
discovery,exp12_test_edit_09,test_edit,paraphrase,0,paraphrase,1,opposite_same_wording,GENERATION_BOUNDARY,V_necessity_loss,0.09170297719538212
discovery,exp12_test_edit_09,test_edit,canonical,1,canonical,0,opposite_same_wording,SKILL_END,V_sufficiency,-4.941970109939575e-05
discovery,exp12_test_edit_09,test_edit,canonical,1,canonical,0,opposite_same_wording,SKILL_END,V_necessity_loss,0.013563685119152069
discovery,exp12_test_edit_09,test_edit,canonical,1,canonical,0,opposite_same_wording,SYSTEM_END,V_sufficiency,0.012690670788288116
discovery,exp12_test_edit_09,test_edit,canonical,1,canonical,0,opposite_same_wording,SYSTEM_END,V_necessity_loss,-0.012946173548698425
discovery,exp12_test_edit_09,test_edit,canonical,1,canonical,0,opposite_same_wording,ISSUE_END,V_sufficiency,0.004167839884757996
discovery,exp12_test_edit_09,test_edit,canonical,1,canonical,0,opposite_same_wording,ISSUE_END,V_necessity_loss,3.0100345611572266e-06
discovery,exp12_test_edit_09,test_edit,canonical,1,canonical,0,opposite_same_wording,DETAIL_END,V_sufficiency,1.9043684005737305e-05
discovery,exp12_test_edit_09,test_edit,canonical,1,canonical,0,opposite_same_wording,DETAIL_END,V_necessity_loss,0.01416526734828949
discovery,exp12_test_edit_09,test_edit,canonical,1,canonical,0,opposite_same_wording,ACTION0_END,V_sufficiency,0.010386854410171509
discovery,exp12_test_edit_09,test_edit,canonical,1,canonical,0,opposite_same_wording,ACTION0_END,V_necessity_loss,0.008506007492542267
discovery,exp12_test_edit_09,test_edit,canonical,1,canonical,0,opposite_same_wording,ACTION1_END,V_sufficiency,0.0052260830998420715
discovery,exp12_test_edit_09,test_edit,canonical,1,canonical,0,opposite_same_wording,ACTION1_END,V_necessity_loss,0.00019303709268569946
discovery,exp12_test_edit_09,test_edit,canonical,1,canonical,0,opposite_same_wording,FINAL_INSTRUCTION_END,V_sufficiency,0.004210732877254486
discovery,exp12_test_edit_09,test_edit,canonical,1,canonical,0,opposite_same_wording,FINAL_INSTRUCTION_END,V_necessity_loss,0.0040881335735321045
discovery,exp12_test_edit_09,test_edit,canonical,1,canonical,0,opposite_same_wording,USER_END,V_sufficiency,0.11270873248577118
discovery,exp12_test_edit_09,test_edit,canonical,1,canonical,0,opposite_same_wording,USER_END,V_necessity_loss,0.09985068440437317
discovery,exp12_test_edit_09,test_edit,canonical,1,canonical,0,opposite_same_wording,GENERATION_BOUNDARY,V_sufficiency,0.06381941586732864
discovery,exp12_test_edit_09,test_edit,canonical,1,canonical,0,opposite_same_wording,GENERATION_BOUNDARY,V_necessity_loss,-0.10263329744338989
discovery,exp12_test_edit_09,test_edit,paraphrase,1,paraphrase,0,opposite_same_wording,SKILL_END,V_sufficiency,0.00083160400390625
discovery,exp12_test_edit_09,test_edit,paraphrase,1,paraphrase,0,opposite_same_wording,SKILL_END,V_necessity_loss,-0.00014285743236541748
discovery,exp12_test_edit_09,test_edit,paraphrase,1,paraphrase,0,opposite_same_wording,SYSTEM_END,V_sufficiency,0.0006148964166641235
discovery,exp12_test_edit_09,test_edit,paraphrase,1,paraphrase,0,opposite_same_wording,SYSTEM_END,V_necessity_loss,-0.0028667598962783813
discovery,exp12_test_edit_09,test_edit,paraphrase,1,paraphrase,0,opposite_same_wording,ISSUE_END,V_sufficiency,-0.012031406164169312
discovery,exp12_test_edit_09,test_edit,paraphrase,1,paraphrase,0,opposite_same_wording,ISSUE_END,V_necessity_loss,-0.0009294450283050537
discovery,exp12_test_edit_09,test_edit,paraphrase,1,paraphrase,0,opposite_same_wording,DETAIL_END,V_sufficiency,-0.012024864554405212
discovery,exp12_test_edit_09,test_edit,paraphrase,1,paraphrase,0,opposite_same_wording,DETAIL_END,V_necessity_loss,-0.009808555245399475
discovery,exp12_test_edit_09,test_edit,paraphrase,1,paraphrase,0,opposite_same_wording,ACTION0_END,V_sufficiency,0.0008636265993118286
discovery,exp12_test_edit_09,test_edit,paraphrase,1,paraphrase,0,opposite_same_wording,ACTION0_END,V_necessity_loss,-0.00035941600799560547
discovery,exp12_test_edit_09,test_edit,paraphrase,1,paraphrase,0,opposite_same_wording,ACTION1_END,V_sufficiency,-0.0034609586000442505
discovery,exp12_test_edit_09,test_edit,paraphrase,1,paraphrase,0,opposite_same_wording,ACTION1_END,V_necessity_loss,-0.008542686700820923
discovery,exp12_test_edit_09,test_edit,paraphrase,1,paraphrase,0,opposite_same_wording,FINAL_INSTRUCTION_END,V_sufficiency,0.008420348167419434
discovery,exp12_test_edit_09,test_edit,paraphrase,1,paraphrase,0,opposite_same_wording,FINAL_INSTRUCTION_END,V_necessity_loss,-0.0005999505519866943
discovery,exp12_test_edit_09,test_edit,paraphrase,1,paraphrase,0,opposite_same_wording,USER_END,V_sufficiency,0.11788015067577362
discovery,exp12_test_edit_09,test_edit,paraphrase,1,paraphrase,0,opposite_same_wording,USER_END,V_necessity_loss,0.16117306798696518
discovery,exp12_test_edit_09,test_edit,paraphrase,1,paraphrase,0,opposite_same_wording,GENERATION_BOUNDARY,V_sufficiency,0.061634793877601624
discovery,exp12_test_edit_09,test_edit,paraphrase,1,paraphrase,0,opposite_same_wording,GENERATION_BOUNDARY,V_necessity_loss,-0.07915172725915909
discovery,exp12_test_edit_15,test_edit,canonical,0,canonical,1,opposite_same_wording,SKILL_END,V_sufficiency,-0.0077015552669763565
discovery,exp12_test_edit_15,test_edit,canonical,0,canonical,1,opposite_same_wording,SKILL_END,V_necessity_loss,-0.008530085906386375
discovery,exp12_test_edit_15,test_edit,canonical,0,canonical,1,opposite_same_wording,SYSTEM_END,V_sufficiency,0.015704894438385963
discovery,exp12_test_edit_15,test_edit,canonical,0,canonical,1,opposite_same_wording,SYSTEM_END,V_necessity_loss,-1.989305019378662e-05
discovery,exp12_test_edit_15,test_edit,canonical,0,canonical,1,opposite_same_wording,ISSUE_END,V_sufficiency,0.007866399362683296
discovery,exp12_test_edit_15,test_edit,canonical,0,canonical,1,opposite_same_wording,ISSUE_END,V_necessity_loss,-9.756535291671753e-06
discovery,exp12_test_edit_15,test_edit,canonical,0,canonical,1,opposite_same_wording,DETAIL_END,V_sufficiency,5.333311855792999e-05
discovery,exp12_test_edit_15,test_edit,canonical,0,canonical,1,opposite_same_wording,DETAIL_END,V_necessity_loss,-0.00783524289727211
discovery,exp12_test_edit_15,test_edit,canonical,0,canonical,1,opposite_same_wording,ACTION0_END,V_sufficiency,0.007875533774495125
discovery,exp12_test_edit_15,test_edit,canonical,0,canonical,1,opposite_same_wording,ACTION0_END,V_necessity_loss,0.01485738717019558
discovery,exp12_test_edit_15,test_edit,canonical,0,canonical,1,opposite_same_wording,ACTION1_END,V_sufficiency,0.00019824877381324768
discovery,exp12_test_edit_15,test_edit,canonical,0,canonical,1,opposite_same_wording,ACTION1_END,V_necessity_loss,-9.949132800102234e-05
discovery,exp12_test_edit_15,test_edit,canonical,0,canonical,1,opposite_same_wording,FINAL_INSTRUCTION_END,V_sufficiency,0.015730470418930054
discovery,exp12_test_edit_15,test_edit,canonical,0,canonical,1,opposite_same_wording,FINAL_INSTRUCTION_END,V_necessity_loss,0.007843729108572006
discovery,exp12_test_edit_15,test_edit,canonical,0,canonical,1,opposite_same_wording,USER_END,V_sufficiency,0.0645529255270958
discovery,exp12_test_edit_15,test_edit,canonical,0,canonical,1,opposite_same_wording,USER_END,V_necessity_loss,0.09569991007447243
discovery,exp12_test_edit_15,test_edit,canonical,0,canonical,1,opposite_same_wording,GENERATION_BOUNDARY,V_sufficiency,-0.046009864658117294
discovery,exp12_test_edit_15,test_edit,canonical,0,canonical,1,opposite_same_wording,GENERATION_BOUNDARY,V_necessity_loss,0.12426284328103065
discovery,exp12_test_edit_15,test_edit,paraphrase,0,paraphrase,1,opposite_same_wording,SKILL_END,V_sufficiency,-0.006950799375772476
discovery,exp12_test_edit_15,test_edit,paraphrase,0,paraphrase,1,opposite_same_wording,SKILL_END,V_necessity_loss,-0.006084568798542023
discovery,exp12_test_edit_15,test_edit,paraphrase,0,paraphrase,1,opposite_same_wording,SYSTEM_END,V_sufficiency,-0.007319912314414978
discovery,exp12_test_edit_15,test_edit,paraphrase,0,paraphrase,1,opposite_same_wording,SYSTEM_END,V_necessity_loss,0.00800972431898117
discovery,exp12_test_edit_15,test_edit,paraphrase,0,paraphrase,1,opposite_same_wording,ISSUE_END,V_sufficiency,-0.007219826802611351
discovery,exp12_test_edit_15,test_edit,paraphrase,0,paraphrase,1,opposite_same_wording,ISSUE_END,V_necessity_loss,-0.00023633800446987152
discovery,exp12_test_edit_15,test_edit,paraphrase,0,paraphrase,1,opposite_same_wording,DETAIL_END,V_sufficiency,-0.014622997492551804
discovery,exp12_test_edit_15,test_edit,paraphrase,0,paraphrase,1,opposite_same_wording,DETAIL_END,V_necessity_loss,-0.00013445690274238586
discovery,exp12_test_edit_15,test_edit,paraphrase,0,paraphrase,1,opposite_same_wording,ACTION0_END,V_sufficiency,0.002214008942246437
discovery,exp12_test_edit_15,test_edit,paraphrase,0,paraphrase,1,opposite_same_wording,ACTION0_END,V_necessity_loss,0.008654410019516945
discovery,exp12_test_edit_15,test_edit,paraphrase,0,paraphrase,1,opposite_same_wording,ACTION1_END,V_sufficiency,-0.006624799221754074
discovery,exp12_test_edit_15,test_edit,paraphrase,0,paraphrase,1,opposite_same_wording,ACTION1_END,V_necessity_loss,-0.007533086463809013
discovery,exp12_test_edit_15,test_edit,paraphrase,0,paraphrase,1,opposite_same_wording,FINAL_INSTRUCTION_END,V_sufficiency,-0.007396180182695389
discovery,exp12_test_edit_15,test_edit,paraphrase,0,paraphrase,1,opposite_same_wording,FINAL_INSTRUCTION_END,V_necessity_loss,-0.006216641515493393
discovery,exp12_test_edit_15,test_edit,paraphrase,0,paraphrase,1,opposite_same_wording,USER_END,V_sufficiency,0.032364631071686745
discovery,exp12_test_edit_15,test_edit,paraphrase,0,paraphrase,1,opposite_same_wording,USER_END,V_necessity_loss,0.015108192339539528
discovery,exp12_test_edit_15,test_edit,paraphrase,0,paraphrase,1,opposite_same_wording,GENERATION_BOUNDARY,V_sufficiency,-0.07662307657301426
discovery,exp12_test_edit_15,test_edit,paraphrase,0,paraphrase,1,opposite_same_wording,GENERATION_BOUNDARY,V_necessity_loss,0.0752988588064909
discovery,exp12_test_edit_15,test_edit,canonical,1,canonical,0,opposite_same_wording,SKILL_END,V_sufficiency,-0.006256856024265289
discovery,exp12_test_edit_15,test_edit,canonical,1,canonical,0,opposite_same_wording,SKILL_END,V_necessity_loss,0.007931441068649292
discovery,exp12_test_edit_15,test_edit,canonical,1,canonical,0,opposite_same_wording,SYSTEM_END,V_sufficiency,-0.012255251407623291
discovery,exp12_test_edit_15,test_edit,canonical,1,canonical,0,opposite_same_wording,SYSTEM_END,V_necessity_loss,-0.00834619253873825
discovery,exp12_test_edit_15,test_edit,canonical,1,canonical,0,opposite_same_wording,ISSUE_END,V_sufficiency,-0.01673169434070587
discovery,exp12_test_edit_15,test_edit,canonical,1,canonical,0,opposite_same_wording,ISSUE_END,V_necessity_loss,0.00804959237575531
discovery,exp12_test_edit_15,test_edit,canonical,1,canonical,0,opposite_same_wording,DETAIL_END,V_sufficiency,-0.0036905333399772644
discovery,exp12_test_edit_15,test_edit,canonical,1,canonical,0,opposite_same_wording,DETAIL_END,V_necessity_loss,-0.00014804303646087646
discovery,exp12_test_edit_15,test_edit,canonical,1,canonical,0,opposite_same_wording,ACTION0_END,V_sufficiency,-0.006272740662097931
discovery,exp12_test_edit_15,test_edit,canonical,1,canonical,0,opposite_same_wording,ACTION0_END,V_necessity_loss,0.01062747836112976
discovery,exp12_test_edit_15,test_edit,canonical,1,canonical,0,opposite_same_wording,ACTION1_END,V_sufficiency,-0.0020869672298431396
discovery,exp12_test_edit_15,test_edit,canonical,1,canonical,0,opposite_same_wording,ACTION1_END,V_necessity_loss,-0.006015025079250336
discovery,exp12_test_edit_15,test_edit,canonical,1,canonical,0,opposite_same_wording,FINAL_INSTRUCTION_END,V_sufficiency,0.0042673274874687195
discovery,exp12_test_edit_15,test_edit,canonical,1,canonical,0,opposite_same_wording,FINAL_INSTRUCTION_END,V_necessity_loss,-0.0018781721591949463
discovery,exp12_test_edit_15,test_edit,canonical,1,canonical,0,opposite_same_wording,USER_END,V_sufficiency,0.09564537554979324
discovery,exp12_test_edit_15,test_edit,canonical,1,canonical,0,opposite_same_wording,USER_END,V_necessity_loss,0.0717589408159256
discovery,exp12_test_edit_15,test_edit,canonical,1,canonical,0,opposite_same_wording,GENERATION_BOUNDARY,V_sufficiency,0.05478905886411667
discovery,exp12_test_edit_15,test_edit,canonical,1,canonical,0,opposite_same_wording,GENERATION_BOUNDARY,V_necessity_loss,-0.11544943042099476
discovery,exp12_test_edit_15,test_edit,paraphrase,1,paraphrase,0,opposite_same_wording,SKILL_END,V_sufficiency,-0.007382333278656006
discovery,exp12_test_edit_15,test_edit,paraphrase,1,paraphrase,0,opposite_same_wording,SKILL_END,V_necessity_loss,-0.012923508882522583
discovery,exp12_test_edit_15,test_edit,paraphrase,1,paraphrase,0,opposite_same_wording,SYSTEM_END,V_sufficiency,-0.009868301451206207
discovery,exp12_test_edit_15,test_edit,paraphrase,1,paraphrase,0,opposite_same_wording,SYSTEM_END,V_necessity_loss,-0.002565622329711914
discovery,exp12_test_edit_15,test_edit,paraphrase,1,paraphrase,0,opposite_same_wording,ISSUE_END,V_sufficiency,-0.007607907056808472
discovery,exp12_test_edit_15,test_edit,paraphrase,1,paraphrase,0,opposite_same_wording,ISSUE_END,V_necessity_loss,0.0026826635003089905
discovery,exp12_test_edit_15,test_edit,paraphrase,1,paraphrase,0,opposite_same_wording,DETAIL_END,V_sufficiency,-0.009898103773593903
discovery,exp12_test_edit_15,test_edit,paraphrase,1,paraphrase,0,opposite_same_wording,DETAIL_END,V_necessity_loss,-0.00011558830738067627
discovery,exp12_test_edit_15,test_edit,paraphrase,1,paraphrase,0,opposite_same_wording,ACTION0_END,V_sufficiency,0.0008318424224853516
discovery,exp12_test_edit_15,test_edit,paraphrase,1,paraphrase,0,opposite_same_wording,ACTION0_END,V_necessity_loss,-0.012160778045654297
discovery,exp12_test_edit_15,test_edit,paraphrase,1,paraphrase,0,opposite_same_wording,ACTION1_END,V_sufficiency,-0.011153213679790497
discovery,exp12_test_edit_15,test_edit,paraphrase,1,paraphrase,0,opposite_same_wording,ACTION1_END,V_necessity_loss,-0.00014716386795043945
discovery,exp12_test_edit_15,test_edit,paraphrase,1,paraphrase,0,opposite_same_wording,FINAL_INSTRUCTION_END,V_sufficiency,0.00913827121257782
discovery,exp12_test_edit_15,test_edit,paraphrase,1,paraphrase,0,opposite_same_wording,FINAL_INSTRUCTION_END,V_necessity_loss,-0.004028491675853729
discovery,exp12_test_edit_15,test_edit,paraphrase,1,paraphrase,0,opposite_same_wording,USER_END,V_sufficiency,0.09791280329227448
discovery,exp12_test_edit_15,test_edit,paraphrase,1,paraphrase,0,opposite_same_wording,USER_END,V_necessity_loss,0.15856052190065384
discovery,exp12_test_edit_15,test_edit,paraphrase,1,paraphrase,0,opposite_same_wording,GENERATION_BOUNDARY,V_sufficiency,0.054017335176467896
discovery,exp12_test_edit_15,test_edit,paraphrase,1,paraphrase,0,opposite_same_wording,GENERATION_BOUNDARY,V_necessity_loss,-0.05614572577178478
discovery,exp12_search_edit_01,search_edit,canonical,0,canonical,1,opposite_same_wording,SKILL_END,V_sufficiency,-0.008926929906010628
discovery,exp12_search_edit_01,search_edit,canonical,0,canonical,1,opposite_same_wording,SKILL_END,V_necessity_loss,0.008920809254050255
discovery,exp12_search_edit_01,search_edit,canonical,0,canonical,1,opposite_same_wording,SYSTEM_END,V_sufficiency,-0.017857061699032784
discovery,exp12_search_edit_01,search_edit,canonical,0,canonical,1,opposite_same_wording,SYSTEM_END,V_necessity_loss,0.00888763926923275
discovery,exp12_search_edit_01,search_edit,canonical,0,canonical,1,opposite_same_wording,ISSUE_END,V_sufficiency,8.754432201385498e-05
discovery,exp12_search_edit_01,search_edit,canonical,0,canonical,1,opposite_same_wording,ISSUE_END,V_necessity_loss,6.752088665962219e-06
discovery,exp12_search_edit_01,search_edit,canonical,0,canonical,1,opposite_same_wording,DETAIL_END,V_sufficiency,-0.02723895013332367
discovery,exp12_search_edit_01,search_edit,canonical,0,canonical,1,opposite_same_wording,DETAIL_END,V_necessity_loss,2.5643035769462585e-05
discovery,exp12_search_edit_01,search_edit,canonical,0,canonical,1,opposite_same_wording,ACTION0_END,V_sufficiency,-0.027182666584849358
discovery,exp12_search_edit_01,search_edit,canonical,0,canonical,1,opposite_same_wording,ACTION0_END,V_necessity_loss,2.22865492105484e-05
discovery,exp12_search_edit_01,search_edit,canonical,0,canonical,1,opposite_same_wording,ACTION1_END,V_sufficiency,-0.008931303396821022
discovery,exp12_search_edit_01,search_edit,canonical,0,canonical,1,opposite_same_wording,ACTION1_END,V_necessity_loss,-0.008957581594586372
discovery,exp12_search_edit_01,search_edit,canonical,0,canonical,1,opposite_same_wording,FINAL_INSTRUCTION_END,V_sufficiency,-0.018312929198145866
discovery,exp12_search_edit_01,search_edit,canonical,0,canonical,1,opposite_same_wording,FINAL_INSTRUCTION_END,V_necessity_loss,-0.0183159988373518
discovery,exp12_search_edit_01,search_edit,canonical,0,canonical,1,opposite_same_wording,USER_END,V_sufficiency,0.053673138841986656
discovery,exp12_search_edit_01,search_edit,canonical,0,canonical,1,opposite_same_wording,USER_END,V_necessity_loss,0.008553549647331238
discovery,exp12_search_edit_01,search_edit,canonical,0,canonical,1,opposite_same_wording,GENERATION_BOUNDARY,V_sufficiency,-0.04503744840621948
discovery,exp12_search_edit_01,search_edit,canonical,0,canonical,1,opposite_same_wording,GENERATION_BOUNDARY,V_necessity_loss,-0.036342643201351166
discovery,exp12_search_edit_01,search_edit,paraphrase,0,paraphrase,1,opposite_same_wording,SKILL_END,V_sufficiency,1.825764775276184e-05
discovery,exp12_search_edit_01,search_edit,paraphrase,0,paraphrase,1,opposite_same_wording,SKILL_END,V_necessity_loss,2.4531036615371704e-06
discovery,exp12_search_edit_01,search_edit,paraphrase,0,paraphrase,1,opposite_same_wording,SYSTEM_END,V_sufficiency,-0.00888967327773571
discovery,exp12_search_edit_01,search_edit,paraphrase,0,paraphrase,1,opposite_same_wording,SYSTEM_END,V_necessity_loss,0.00029003433883190155
discovery,exp12_search_edit_01,search_edit,paraphrase,0,paraphrase,1,opposite_same_wording,ISSUE_END,V_sufficiency,2.2605061531066895e-05
discovery,exp12_search_edit_01,search_edit,paraphrase,0,paraphrase,1,opposite_same_wording,ISSUE_END,V_necessity_loss,0.008935708552598953
discovery,exp12_search_edit_01,search_edit,paraphrase,0,paraphrase,1,opposite_same_wording,DETAIL_END,V_sufficiency,-5.124136805534363e-06
discovery,exp12_search_edit_01,search_edit,paraphrase,0,paraphrase,1,opposite_same_wording,DETAIL_END,V_necessity_loss,0.008903294801712036
discovery,exp12_search_edit_01,search_edit,paraphrase,0,paraphrase,1,opposite_same_wording,ACTION0_END,V_sufficiency,6.679818034172058e-05
discovery,exp12_search_edit_01,search_edit,paraphrase,0,paraphrase,1,opposite_same_wording,ACTION0_END,V_necessity_loss,-0.008845342323184013
discovery,exp12_search_edit_01,search_edit,paraphrase,0,paraphrase,1,opposite_same_wording,ACTION1_END,V_sufficiency,0.00042402371764183044
discovery,exp12_search_edit_01,search_edit,paraphrase,0,paraphrase,1,opposite_same_wording,ACTION1_END,V_necessity_loss,-0.009265616536140442
discovery,exp12_search_edit_01,search_edit,paraphrase,0,paraphrase,1,opposite_same_wording,FINAL_INSTRUCTION_END,V_sufficiency,-4.3585896492004395e-07
discovery,exp12_search_edit_01,search_edit,paraphrase,0,paraphrase,1,opposite_same_wording,FINAL_INSTRUCTION_END,V_necessity_loss,0.008932167664170265
discovery,exp12_search_edit_01,search_edit,paraphrase,0,paraphrase,1,opposite_same_wording,USER_END,V_sufficiency,0.01791919767856598
discovery,exp12_search_edit_01,search_edit,paraphrase,0,paraphrase,1,opposite_same_wording,USER_END,V_necessity_loss,-2.3195520043373108e-05
discovery,exp12_search_edit_01,search_edit,paraphrase,0,paraphrase,1,opposite_same_wording,GENERATION_BOUNDARY,V_sufficiency,-0.08024602197110653
discovery,exp12_search_edit_01,search_edit,paraphrase,0,paraphrase,1,opposite_same_wording,GENERATION_BOUNDARY,V_necessity_loss,-0.0724097453057766
discovery,exp12_search_edit_01,search_edit,canonical,1,canonical,0,opposite_same_wording,SKILL_END,V_sufficiency,4.737824201583862e-05
discovery,exp12_search_edit_01,search_edit,canonical,1,canonical,0,opposite_same_wording,SKILL_END,V_necessity_loss,0.018608488142490387
discovery,exp12_search_edit_01,search_edit,canonical,1,canonical,0,opposite_same_wording,SYSTEM_END,V_sufficiency,2.3618340492248535e-05
discovery,exp12_search_edit_01,search_edit,canonical,1,canonical,0,opposite_same_wording,SYSTEM_END,V_necessity_loss,-0.019564293324947357
discovery,exp12_search_edit_01,search_edit,canonical,1,canonical,0,opposite_same_wording,ISSUE_END,V_sufficiency,0.01989324390888214
discovery,exp12_search_edit_01,search_edit,canonical,1,canonical,0,opposite_same_wording,ISSUE_END,V_necessity_loss,-0.0011036992073059082
discovery,exp12_search_edit_01,search_edit,canonical,1,canonical,0,opposite_same_wording,DETAIL_END,V_sufficiency,-0.00018750131130218506
discovery,exp12_search_edit_01,search_edit,canonical,1,canonical,0,opposite_same_wording,DETAIL_END,V_necessity_loss,0.01998838782310486
discovery,exp12_search_edit_01,search_edit,canonical,1,canonical,0,opposite_same_wording,ACTION0_END,V_sufficiency,-0.0010268241167068481
discovery,exp12_search_edit_01,search_edit,canonical,1,canonical,0,opposite_same_wording,ACTION0_END,V_necessity_loss,0.00014553964138031006
discovery,exp12_search_edit_01,search_edit,canonical,1,canonical,0,opposite_same_wording,ACTION1_END,V_sufficiency,2.588331699371338e-05
discovery,exp12_search_edit_01,search_edit,canonical,1,canonical,0,opposite_same_wording,ACTION1_END,V_necessity_loss,-0.019502699375152588
discovery,exp12_search_edit_01,search_edit,canonical,1,canonical,0,opposite_same_wording,FINAL_INSTRUCTION_END,V_sufficiency,0.04059448838233948
discovery,exp12_search_edit_01,search_edit,canonical,1,canonical,0,opposite_same_wording,FINAL_INSTRUCTION_END,V_necessity_loss,0.041422486305236816
discovery,exp12_search_edit_01,search_edit,canonical,1,canonical,0,opposite_same_wording,USER_END,V_sufficiency,0.14477155357599258
discovery,exp12_search_edit_01,search_edit,canonical,1,canonical,0,opposite_same_wording,USER_END,V_necessity_loss,0.16425761580467224
discovery,exp12_search_edit_01,search_edit,canonical,1,canonical,0,opposite_same_wording,GENERATION_BOUNDARY,V_sufficiency,9.815394878387451e-05
discovery,exp12_search_edit_01,search_edit,canonical,1,canonical,0,opposite_same_wording,GENERATION_BOUNDARY,V_necessity_loss,-0.017950624227523804
discovery,exp12_search_edit_01,search_edit,paraphrase,1,paraphrase,0,opposite_same_wording,SKILL_END,V_sufficiency,-0.0011564791202545166
discovery,exp12_search_edit_01,search_edit,paraphrase,1,paraphrase,0,opposite_same_wording,SKILL_END,V_necessity_loss,-0.00021779537200927734
discovery,exp12_search_edit_01,search_edit,paraphrase,1,paraphrase,0,opposite_same_wording,SYSTEM_END,V_sufficiency,0.020222410559654236
discovery,exp12_search_edit_01,search_edit,paraphrase,1,paraphrase,0,opposite_same_wording,SYSTEM_END,V_necessity_loss,0.020177453756332397
discovery,exp12_search_edit_01,search_edit,paraphrase,1,paraphrase,0,opposite_same_wording,ISSUE_END,V_sufficiency,-0.018905282020568848
discovery,exp12_search_edit_01,search_edit,paraphrase,1,paraphrase,0,opposite_same_wording,ISSUE_END,V_necessity_loss,0.01886861026287079
discovery,exp12_search_edit_01,search_edit,paraphrase,1,paraphrase,0,opposite_same_wording,DETAIL_END,V_sufficiency,0.0013548433780670166
discovery,exp12_search_edit_01,search_edit,paraphrase,1,paraphrase,0,opposite_same_wording,DETAIL_END,V_necessity_loss,-0.019127801060676575
discovery,exp12_search_edit_01,search_edit,paraphrase,1,paraphrase,0,opposite_same_wording,ACTION0_END,V_sufficiency,-0.0003117769956588745
discovery,exp12_search_edit_01,search_edit,paraphrase,1,paraphrase,0,opposite_same_wording,ACTION0_END,V_necessity_loss,-0.019424550235271454
discovery,exp12_search_edit_01,search_edit,paraphrase,1,paraphrase,0,opposite_same_wording,ACTION1_END,V_sufficiency,-7.79181718826294e-05
discovery,exp12_search_edit_01,search_edit,paraphrase,1,paraphrase,0,opposite_same_wording,ACTION1_END,V_necessity_loss,-0.018410861492156982
discovery,exp12_search_edit_01,search_edit,paraphrase,1,paraphrase,0,opposite_same_wording,FINAL_INSTRUCTION_END,V_sufficiency,0.04031749069690704
discovery,exp12_search_edit_01,search_edit,paraphrase,1,paraphrase,0,opposite_same_wording,FINAL_INSTRUCTION_END,V_necessity_loss,0.02019798755645752
discovery,exp12_search_edit_01,search_edit,paraphrase,1,paraphrase,0,opposite_same_wording,USER_END,V_sufficiency,0.06042204797267914
discovery,exp12_search_edit_01,search_edit,paraphrase,1,paraphrase,0,opposite_same_wording,USER_END,V_necessity_loss,0.07852242887020111
discovery,exp12_search_edit_01,search_edit,paraphrase,1,paraphrase,0,opposite_same_wording,GENERATION_BOUNDARY,V_sufficiency,-0.03910745680332184
discovery,exp12_search_edit_01,search_edit,paraphrase,1,paraphrase,0,opposite_same_wording,GENERATION_BOUNDARY,V_necessity_loss,-0.09845300763845444
discovery,exp12_search_edit_03,search_edit,canonical,0,canonical,1,opposite_same_wording,SKILL_END,V_sufficiency,-0.010507054626941681
discovery,exp12_search_edit_03,search_edit,canonical,0,canonical,1,opposite_same_wording,SKILL_END,V_necessity_loss,-7.0463865995407104e-06
discovery,exp12_search_edit_03,search_edit,canonical,0,canonical,1,opposite_same_wording,SYSTEM_END,V_sufficiency,-0.023785147815942764
discovery,exp12_search_edit_03,search_edit,canonical,0,canonical,1,opposite_same_wording,SYSTEM_END,V_necessity_loss,0.010608769953250885
discovery,exp12_search_edit_03,search_edit,canonical,0,canonical,1,opposite_same_wording,ISSUE_END,V_sufficiency,-0.0031667593866586685
discovery,exp12_search_edit_03,search_edit,canonical,0,canonical,1,opposite_same_wording,ISSUE_END,V_necessity_loss,0.018269654363393784
discovery,exp12_search_edit_03,search_edit,canonical,0,canonical,1,opposite_same_wording,DETAIL_END,V_sufficiency,-0.010963521897792816
discovery,exp12_search_edit_03,search_edit,canonical,0,canonical,1,opposite_same_wording,DETAIL_END,V_necessity_loss,-0.004078337922692299
discovery,exp12_search_edit_03,search_edit,canonical,0,canonical,1,opposite_same_wording,ACTION0_END,V_sufficiency,-0.005486646667122841
discovery,exp12_search_edit_03,search_edit,canonical,0,canonical,1,opposite_same_wording,ACTION0_END,V_necessity_loss,0.007914606481790543
discovery,exp12_search_edit_03,search_edit,canonical,0,canonical,1,opposite_same_wording,ACTION1_END,V_sufficiency,-0.010367687791585922
discovery,exp12_search_edit_03,search_edit,canonical,0,canonical,1,opposite_same_wording,ACTION1_END,V_necessity_loss,0.007933488115668297
discovery,exp12_search_edit_03,search_edit,canonical,0,canonical,1,opposite_same_wording,FINAL_INSTRUCTION_END,V_sufficiency,-0.015936680138111115
discovery,exp12_search_edit_03,search_edit,canonical,0,canonical,1,opposite_same_wording,FINAL_INSTRUCTION_END,V_necessity_loss,6.359070539474487e-06
discovery,exp12_search_edit_03,search_edit,canonical,0,canonical,1,opposite_same_wording,USER_END,V_sufficiency,0.058042772114276886
discovery,exp12_search_edit_03,search_edit,canonical,0,canonical,1,opposite_same_wording,USER_END,V_necessity_loss,0.007852496579289436
discovery,exp12_search_edit_03,search_edit,canonical,0,canonical,1,opposite_same_wording,GENERATION_BOUNDARY,V_sufficiency,-0.033940913155674934
discovery,exp12_search_edit_03,search_edit,canonical,0,canonical,1,opposite_same_wording,GENERATION_BOUNDARY,V_necessity_loss,8.544325828552246e-05
discovery,exp12_search_edit_03,search_edit,paraphrase,0,paraphrase,1,opposite_same_wording,SKILL_END,V_sufficiency,0.007900357246398926
discovery,exp12_search_edit_03,search_edit,paraphrase,0,paraphrase,1,opposite_same_wording,SKILL_END,V_necessity_loss,4.345737397670746e-05
discovery,exp12_search_edit_03,search_edit,paraphrase,0,paraphrase,1,opposite_same_wording,SYSTEM_END,V_sufficiency,0.007900567725300789
discovery,exp12_search_edit_03,search_edit,paraphrase,0,paraphrase,1,opposite_same_wording,SYSTEM_END,V_necessity_loss,-0.007949385792016983
discovery,exp12_search_edit_03,search_edit,paraphrase,0,paraphrase,1,opposite_same_wording,ISSUE_END,V_sufficiency,-0.00011157430708408356
discovery,exp12_search_edit_03,search_edit,paraphrase,0,paraphrase,1,opposite_same_wording,ISSUE_END,V_necessity_loss,-6.641075015068054e-05
discovery,exp12_search_edit_03,search_edit,paraphrase,0,paraphrase,1,opposite_same_wording,DETAIL_END,V_sufficiency,0.007855745032429695
discovery,exp12_search_edit_03,search_edit,paraphrase,0,paraphrase,1,opposite_same_wording,DETAIL_END,V_necessity_loss,-0.00045859627425670624
discovery,exp12_search_edit_03,search_edit,paraphrase,0,paraphrase,1,opposite_same_wording,ACTION0_END,V_sufficiency,0.007871612906455994
discovery,exp12_search_edit_03,search_edit,paraphrase,0,paraphrase,1,opposite_same_wording,ACTION0_END,V_necessity_loss,-0.0005651433020830154
discovery,exp12_search_edit_03,search_edit,paraphrase,0,paraphrase,1,opposite_same_wording,ACTION1_END,V_sufficiency,8.673965930938721e-05
discovery,exp12_search_edit_03,search_edit,paraphrase,0,paraphrase,1,opposite_same_wording,ACTION1_END,V_necessity_loss,-0.01621308922767639
discovery,exp12_search_edit_03,search_edit,paraphrase,0,paraphrase,1,opposite_same_wording,FINAL_INSTRUCTION_END,V_sufficiency,0.01572537235915661
discovery,exp12_search_edit_03,search_edit,paraphrase,0,paraphrase,1,opposite_same_wording,FINAL_INSTRUCTION_END,V_necessity_loss,0.01570958085358143
discovery,exp12_search_edit_03,search_edit,paraphrase,0,paraphrase,1,opposite_same_wording,USER_END,V_sufficiency,0.015556320548057556
discovery,exp12_search_edit_03,search_edit,paraphrase,0,paraphrase,1,opposite_same_wording,USER_END,V_necessity_loss,0.015522092580795288
discovery,exp12_search_edit_03,search_edit,paraphrase,0,paraphrase,1,opposite_same_wording,GENERATION_BOUNDARY,V_sufficiency,-0.06234145909547806
discovery,exp12_search_edit_03,search_edit,paraphrase,0,paraphrase,1,opposite_same_wording,GENERATION_BOUNDARY,V_necessity_loss,-0.048490073531866074
discovery,exp12_search_edit_03,search_edit,canonical,1,canonical,0,opposite_same_wording,SKILL_END,V_sufficiency,-0.0018027499318122864
discovery,exp12_search_edit_03,search_edit,canonical,1,canonical,0,opposite_same_wording,SKILL_END,V_necessity_loss,4.900991916656494e-05
discovery,exp12_search_edit_03,search_edit,canonical,1,canonical,0,opposite_same_wording,SYSTEM_END,V_sufficiency,-0.0013969242572784424
discovery,exp12_search_edit_03,search_edit,canonical,1,canonical,0,opposite_same_wording,SYSTEM_END,V_necessity_loss,0.0003040730953216553
discovery,exp12_search_edit_03,search_edit,canonical,1,canonical,0,opposite_same_wording,ISSUE_END,V_sufficiency,-0.0017517432570457458
discovery,exp12_search_edit_03,search_edit,canonical,1,canonical,0,opposite_same_wording,ISSUE_END,V_necessity_loss,4.470348358154297e-06
discovery,exp12_search_edit_03,search_edit,canonical,1,canonical,0,opposite_same_wording,DETAIL_END,V_sufficiency,3.6619603633880615e-05
discovery,exp12_search_edit_03,search_edit,canonical,1,canonical,0,opposite_same_wording,DETAIL_END,V_necessity_loss,-0.0003255978226661682
discovery,exp12_search_edit_03,search_edit,canonical,1,canonical,0,opposite_same_wording,ACTION0_END,V_sufficiency,-0.0014652609825134277
discovery,exp12_search_edit_03,search_edit,canonical,1,canonical,0,opposite_same_wording,ACTION0_END,V_necessity_loss,-1.043081283569336e-06
discovery,exp12_search_edit_03,search_edit,canonical,1,canonical,0,opposite_same_wording,ACTION1_END,V_sufficiency,-0.0003369450569152832
discovery,exp12_search_edit_03,search_edit,canonical,1,canonical,0,opposite_same_wording,ACTION1_END,V_necessity_loss,0.0002335384488105774
discovery,exp12_search_edit_03,search_edit,canonical,1,canonical,0,opposite_same_wording,FINAL_INSTRUCTION_END,V_sufficiency,0.01910531520843506
discovery,exp12_search_edit_03,search_edit,canonical,1,canonical,0,opposite_same_wording,FINAL_INSTRUCTION_END,V_necessity_loss,0.020551316440105438
discovery,exp12_search_edit_03,search_edit,canonical,1,canonical,0,opposite_same_wording,USER_END,V_sufficiency,0.14150092005729675
discovery,exp12_search_edit_03,search_edit,canonical,1,canonical,0,opposite_same_wording,USER_END,V_necessity_loss,0.14089332520961761
discovery,exp12_search_edit_03,search_edit,canonical,1,canonical,0,opposite_same_wording,GENERATION_BOUNDARY,V_sufficiency,0.00015764683485031128
discovery,exp12_search_edit_03,search_edit,canonical,1,canonical,0,opposite_same_wording,GENERATION_BOUNDARY,V_necessity_loss,1.7151236534118652e-05
discovery,exp12_search_edit_03,search_edit,paraphrase,1,paraphrase,0,opposite_same_wording,SKILL_END,V_sufficiency,-0.0020466148853302
discovery,exp12_search_edit_03,search_edit,paraphrase,1,paraphrase,0,opposite_same_wording,SKILL_END,V_necessity_loss,-9.506940841674805e-06
discovery,exp12_search_edit_03,search_edit,paraphrase,1,paraphrase,0,opposite_same_wording,SYSTEM_END,V_sufficiency,-0.0018755793571472168
discovery,exp12_search_edit_03,search_edit,paraphrase,1,paraphrase,0,opposite_same_wording,SYSTEM_END,V_necessity_loss,0.0003080517053604126
discovery,exp12_search_edit_03,search_edit,paraphrase,1,paraphrase,0,opposite_same_wording,ISSUE_END,V_sufficiency,-0.0017739683389663696
discovery,exp12_search_edit_03,search_edit,paraphrase,1,paraphrase,0,opposite_same_wording,ISSUE_END,V_necessity_loss,-0.00026260316371917725
discovery,exp12_search_edit_03,search_edit,paraphrase,1,paraphrase,0,opposite_same_wording,DETAIL_END,V_sufficiency,-0.0018897950649261475
discovery,exp12_search_edit_03,search_edit,paraphrase,1,paraphrase,0,opposite_same_wording,DETAIL_END,V_necessity_loss,0.019254371523857117
discovery,exp12_search_edit_03,search_edit,paraphrase,1,paraphrase,0,opposite_same_wording,ACTION0_END,V_sufficiency,-0.00190030038356781
discovery,exp12_search_edit_03,search_edit,paraphrase,1,paraphrase,0,opposite_same_wording,ACTION0_END,V_necessity_loss,-5.636364221572876e-05
discovery,exp12_search_edit_03,search_edit,paraphrase,1,paraphrase,0,opposite_same_wording,ACTION1_END,V_sufficiency,0.01730966567993164
discovery,exp12_search_edit_03,search_edit,paraphrase,1,paraphrase,0,opposite_same_wording,ACTION1_END,V_necessity_loss,3.997981548309326e-05
discovery,exp12_search_edit_03,search_edit,paraphrase,1,paraphrase,0,opposite_same_wording,FINAL_INSTRUCTION_END,V_sufficiency,0.01693609356880188
discovery,exp12_search_edit_03,search_edit,paraphrase,1,paraphrase,0,opposite_same_wording,FINAL_INSTRUCTION_END,V_necessity_loss,0.019008323550224304
discovery,exp12_search_edit_03,search_edit,paraphrase,1,paraphrase,0,opposite_same_wording,USER_END,V_sufficiency,0.07170288264751434
discovery,exp12_search_edit_03,search_edit,paraphrase,1,paraphrase,0,opposite_same_wording,USER_END,V_necessity_loss,0.08864697813987732
discovery,exp12_search_edit_03,search_edit,paraphrase,1,paraphrase,0,opposite_same_wording,GENERATION_BOUNDARY,V_sufficiency,6.303191184997559e-06
discovery,exp12_search_edit_03,search_edit,paraphrase,1,paraphrase,0,opposite_same_wording,GENERATION_BOUNDARY,V_necessity_loss,-0.07042359933257103
discovery,exp12_search_edit_05,search_edit,canonical,0,canonical,1,opposite_same_wording,SKILL_END,V_sufficiency,0.01553976908326149
discovery,exp12_search_edit_05,search_edit,canonical,0,canonical,1,opposite_same_wording,SKILL_END,V_necessity_loss,0.0016943905502557755
discovery,exp12_search_edit_05,search_edit,canonical,0,canonical,1,opposite_same_wording,SYSTEM_END,V_sufficiency,0.0016530565917491913
discovery,exp12_search_edit_05,search_edit,canonical,0,canonical,1,opposite_same_wording,SYSTEM_END,V_necessity_loss,0.00019688904285430908
discovery,exp12_search_edit_05,search_edit,canonical,0,canonical,1,opposite_same_wording,ISSUE_END,V_sufficiency,0.005328064784407616
discovery,exp12_search_edit_05,search_edit,canonical,0,canonical,1,opposite_same_wording,ISSUE_END,V_necessity_loss,0.0006727427244186401
discovery,exp12_search_edit_05,search_edit,canonical,0,canonical,1,opposite_same_wording,DETAIL_END,V_sufficiency,-0.005793958902359009
discovery,exp12_search_edit_05,search_edit,canonical,0,canonical,1,opposite_same_wording,DETAIL_END,V_necessity_loss,-0.0078364796936512
discovery,exp12_search_edit_05,search_edit,canonical,0,canonical,1,opposite_same_wording,ACTION0_END,V_sufficiency,-0.0006550289690494537
discovery,exp12_search_edit_05,search_edit,canonical,0,canonical,1,opposite_same_wording,ACTION0_END,V_necessity_loss,-0.013128161430358887
discovery,exp12_search_edit_05,search_edit,canonical,0,canonical,1,opposite_same_wording,ACTION1_END,V_sufficiency,-0.016244132071733475
discovery,exp12_search_edit_05,search_edit,canonical,0,canonical,1,opposite_same_wording,ACTION1_END,V_necessity_loss,-0.007597045972943306
discovery,exp12_search_edit_05,search_edit,canonical,0,canonical,1,opposite_same_wording,FINAL_INSTRUCTION_END,V_sufficiency,0.007870135828852654
discovery,exp12_search_edit_05,search_edit,canonical,0,canonical,1,opposite_same_wording,FINAL_INSTRUCTION_END,V_necessity_loss,4.593655467033386e-05
discovery,exp12_search_edit_05,search_edit,canonical,0,canonical,1,opposite_same_wording,USER_END,V_sufficiency,0.07041078433394432
discovery,exp12_search_edit_05,search_edit,canonical,0,canonical,1,opposite_same_wording,USER_END,V_necessity_loss,0.02344878390431404
discovery,exp12_search_edit_05,search_edit,canonical,0,canonical,1,opposite_same_wording,GENERATION_BOUNDARY,V_sufficiency,-0.014982454478740692
discovery,exp12_search_edit_05,search_edit,canonical,0,canonical,1,opposite_same_wording,GENERATION_BOUNDARY,V_necessity_loss,-0.018133707344532013
discovery,exp12_search_edit_05,search_edit,paraphrase,0,paraphrase,1,opposite_same_wording,SKILL_END,V_sufficiency,0.007920222356915474
discovery,exp12_search_edit_05,search_edit,paraphrase,0,paraphrase,1,opposite_same_wording,SKILL_END,V_necessity_loss,0.0004433467984199524
discovery,exp12_search_edit_05,search_edit,paraphrase,0,paraphrase,1,opposite_same_wording,SYSTEM_END,V_sufficiency,-0.007780589163303375
discovery,exp12_search_edit_05,search_edit,paraphrase,0,paraphrase,1,opposite_same_wording,SYSTEM_END,V_necessity_loss,-0.015738271176815033
discovery,exp12_search_edit_05,search_edit,paraphrase,0,paraphrase,1,opposite_same_wording,ISSUE_END,V_sufficiency,-7.460825145244598e-05
discovery,exp12_search_edit_05,search_edit,paraphrase,0,paraphrase,1,opposite_same_wording,ISSUE_END,V_necessity_loss,0.015807950869202614
discovery,exp12_search_edit_05,search_edit,paraphrase,0,paraphrase,1,opposite_same_wording,DETAIL_END,V_sufficiency,9.408220648765564e-06
discovery,exp12_search_edit_05,search_edit,paraphrase,0,paraphrase,1,opposite_same_wording,DETAIL_END,V_necessity_loss,-0.007827816531062126
discovery,exp12_search_edit_05,search_edit,paraphrase,0,paraphrase,1,opposite_same_wording,ACTION0_END,V_sufficiency,-9.752623736858368e-05
discovery,exp12_search_edit_05,search_edit,paraphrase,0,paraphrase,1,opposite_same_wording,ACTION0_END,V_necessity_loss,0.0001721121370792389
discovery,exp12_search_edit_05,search_edit,paraphrase,0,paraphrase,1,opposite_same_wording,ACTION1_END,V_sufficiency,-0.007872728630900383
discovery,exp12_search_edit_05,search_edit,paraphrase,0,paraphrase,1,opposite_same_wording,ACTION1_END,V_necessity_loss,-0.00010822713375091553
discovery,exp12_search_edit_05,search_edit,paraphrase,0,paraphrase,1,opposite_same_wording,FINAL_INSTRUCTION_END,V_sufficiency,-7.368624210357666e-06
discovery,exp12_search_edit_05,search_edit,paraphrase,0,paraphrase,1,opposite_same_wording,FINAL_INSTRUCTION_END,V_necessity_loss,0.016218671575188637
discovery,exp12_search_edit_05,search_edit,paraphrase,0,paraphrase,1,opposite_same_wording,USER_END,V_sufficiency,0.015530720353126526
discovery,exp12_search_edit_05,search_edit,paraphrase,0,paraphrase,1,opposite_same_wording,USER_END,V_necessity_loss,0.007820716127753258
discovery,exp12_search_edit_05,search_edit,paraphrase,0,paraphrase,1,opposite_same_wording,GENERATION_BOUNDARY,V_sufficiency,-0.06250713765621185
discovery,exp12_search_edit_05,search_edit,paraphrase,0,paraphrase,1,opposite_same_wording,GENERATION_BOUNDARY,V_necessity_loss,-0.032541047781705856
discovery,exp12_search_edit_05,search_edit,canonical,1,canonical,0,opposite_same_wording,SKILL_END,V_sufficiency,0.0015067532658576965
discovery,exp12_search_edit_05,search_edit,canonical,1,canonical,0,opposite_same_wording,SKILL_END,V_necessity_loss,-2.603977918624878e-05
discovery,exp12_search_edit_05,search_edit,canonical,1,canonical,0,opposite_same_wording,SYSTEM_END,V_sufficiency,0.0014996156096458435
discovery,exp12_search_edit_05,search_edit,canonical,1,canonical,0,opposite_same_wording,SYSTEM_END,V_necessity_loss,1.4670193195343018e-05
discovery,exp12_search_edit_05,search_edit,canonical,1,canonical,0,opposite_same_wording,ISSUE_END,V_sufficiency,6.068497896194458e-05
discovery,exp12_search_edit_05,search_edit,canonical,1,canonical,0,opposite_same_wording,ISSUE_END,V_necessity_loss,-6.794929504394531e-06
discovery,exp12_search_edit_05,search_edit,canonical,1,canonical,0,opposite_same_wording,DETAIL_END,V_sufficiency,0.0015504732728004456
discovery,exp12_search_edit_05,search_edit,canonical,1,canonical,0,opposite_same_wording,DETAIL_END,V_necessity_loss,-0.0200335830450058
discovery,exp12_search_edit_05,search_edit,canonical,1,canonical,0,opposite_same_wording,ACTION0_END,V_sufficiency,-0.0003724619746208191
discovery,exp12_search_edit_05,search_edit,canonical,1,canonical,0,opposite_same_wording,ACTION0_END,V_necessity_loss,0.00183037668466568
discovery,exp12_search_edit_05,search_edit,canonical,1,canonical,0,opposite_same_wording,ACTION1_END,V_sufficiency,0.0014217197895050049
discovery,exp12_search_edit_05,search_edit,canonical,1,canonical,0,opposite_same_wording,ACTION1_END,V_necessity_loss,0.01818876713514328
discovery,exp12_search_edit_05,search_edit,canonical,1,canonical,0,opposite_same_wording,FINAL_INSTRUCTION_END,V_sufficiency,0.040995098650455475
discovery,exp12_search_edit_05,search_edit,canonical,1,canonical,0,opposite_same_wording,FINAL_INSTRUCTION_END,V_necessity_loss,0.041018858551979065
discovery,exp12_search_edit_05,search_edit,canonical,1,canonical,0,opposite_same_wording,USER_END,V_sufficiency,0.14312070608139038
discovery,exp12_search_edit_05,search_edit,canonical,1,canonical,0,opposite_same_wording,USER_END,V_necessity_loss,0.15867824107408524
discovery,exp12_search_edit_05,search_edit,canonical,1,canonical,0,opposite_same_wording,GENERATION_BOUNDARY,V_sufficiency,0.0014826729893684387
discovery,exp12_search_edit_05,search_edit,canonical,1,canonical,0,opposite_same_wording,GENERATION_BOUNDARY,V_necessity_loss,0.0008372310549020767
discovery,exp12_search_edit_05,search_edit,paraphrase,1,paraphrase,0,opposite_same_wording,SKILL_END,V_sufficiency,-0.016524672508239746
discovery,exp12_search_edit_05,search_edit,paraphrase,1,paraphrase,0,opposite_same_wording,SKILL_END,V_necessity_loss,0.0001026540994644165
discovery,exp12_search_edit_05,search_edit,paraphrase,1,paraphrase,0,opposite_same_wording,SYSTEM_END,V_sufficiency,-0.018246889114379883
discovery,exp12_search_edit_05,search_edit,paraphrase,1,paraphrase,0,opposite_same_wording,SYSTEM_END,V_necessity_loss,-0.018230170011520386
discovery,exp12_search_edit_05,search_edit,paraphrase,1,paraphrase,0,opposite_same_wording,ISSUE_END,V_sufficiency,0.000576317310333252
discovery,exp12_search_edit_05,search_edit,paraphrase,1,paraphrase,0,opposite_same_wording,ISSUE_END,V_necessity_loss,0.018393799662590027
discovery,exp12_search_edit_05,search_edit,paraphrase,1,paraphrase,0,opposite_same_wording,DETAIL_END,V_sufficiency,-0.01647837460041046
discovery,exp12_search_edit_05,search_edit,paraphrase,1,paraphrase,0,opposite_same_wording,DETAIL_END,V_necessity_loss,-2.4497509002685547e-05
discovery,exp12_search_edit_05,search_edit,paraphrase,1,paraphrase,0,opposite_same_wording,ACTION0_END,V_sufficiency,-0.01829543709754944
discovery,exp12_search_edit_05,search_edit,paraphrase,1,paraphrase,0,opposite_same_wording,ACTION0_END,V_necessity_loss,-2.041459083557129e-06
discovery,exp12_search_edit_05,search_edit,paraphrase,1,paraphrase,0,opposite_same_wording,ACTION1_END,V_sufficiency,0.00026550889015197754
discovery,exp12_search_edit_05,search_edit,paraphrase,1,paraphrase,0,opposite_same_wording,ACTION1_END,V_necessity_loss,-5.941838026046753e-05
discovery,exp12_search_edit_05,search_edit,paraphrase,1,paraphrase,0,opposite_same_wording,FINAL_INSTRUCTION_END,V_sufficiency,0.0004283785820007324
discovery,exp12_search_edit_05,search_edit,paraphrase,1,paraphrase,0,opposite_same_wording,FINAL_INSTRUCTION_END,V_necessity_loss,0.018887758255004883
discovery,exp12_search_edit_05,search_edit,paraphrase,1,paraphrase,0,opposite_same_wording,USER_END,V_sufficiency,0.05438527464866638
discovery,exp12_search_edit_05,search_edit,paraphrase,1,paraphrase,0,opposite_same_wording,USER_END,V_necessity_loss,0.10389512032270432
discovery,exp12_search_edit_05,search_edit,paraphrase,1,paraphrase,0,opposite_same_wording,GENERATION_BOUNDARY,V_sufficiency,-0.03482122719287872
discovery,exp12_search_edit_05,search_edit,paraphrase,1,paraphrase,0,opposite_same_wording,GENERATION_BOUNDARY,V_necessity_loss,-0.07904768362641335
discovery,exp12_search_edit_09,search_edit,canonical,0,canonical,1,opposite_same_wording,SKILL_END,V_sufficiency,0.005328591912984848
discovery,exp12_search_edit_09,search_edit,canonical,0,canonical,1,opposite_same_wording,SKILL_END,V_necessity_loss,-0.005835643038153648
discovery,exp12_search_edit_09,search_edit,canonical,0,canonical,1,opposite_same_wording,SYSTEM_END,V_sufficiency,-6.783753633499146e-05
discovery,exp12_search_edit_09,search_edit,canonical,0,canonical,1,opposite_same_wording,SYSTEM_END,V_necessity_loss,3.3598393201828e-05
discovery,exp12_search_edit_09,search_edit,canonical,0,canonical,1,opposite_same_wording,ISSUE_END,V_sufficiency,0.007676903158426285
discovery,exp12_search_edit_09,search_edit,canonical,0,canonical,1,opposite_same_wording,ISSUE_END,V_necessity_loss,-0.0023670177906751633
discovery,exp12_search_edit_09,search_edit,canonical,0,canonical,1,opposite_same_wording,DETAIL_END,V_sufficiency,-0.006100423634052277
discovery,exp12_search_edit_09,search_edit,canonical,0,canonical,1,opposite_same_wording,DETAIL_END,V_necessity_loss,0.0017820969223976135
discovery,exp12_search_edit_09,search_edit,canonical,0,canonical,1,opposite_same_wording,ACTION0_END,V_sufficiency,-0.0010979417711496353
discovery,exp12_search_edit_09,search_edit,canonical,0,canonical,1,opposite_same_wording,ACTION0_END,V_necessity_loss,0.018283642828464508
discovery,exp12_search_edit_09,search_edit,canonical,0,canonical,1,opposite_same_wording,ACTION1_END,V_sufficiency,-0.00603807158768177
discovery,exp12_search_edit_09,search_edit,canonical,0,canonical,1,opposite_same_wording,ACTION1_END,V_necessity_loss,-0.002583801746368408
discovery,exp12_search_edit_09,search_edit,canonical,0,canonical,1,opposite_same_wording,FINAL_INSTRUCTION_END,V_sufficiency,0.005277864634990692
discovery,exp12_search_edit_09,search_edit,canonical,0,canonical,1,opposite_same_wording,FINAL_INSTRUCTION_END,V_necessity_loss,-0.007845355197787285
discovery,exp12_search_edit_09,search_edit,canonical,0,canonical,1,opposite_same_wording,USER_END,V_sufficiency,0.07628637924790382
discovery,exp12_search_edit_09,search_edit,canonical,0,canonical,1,opposite_same_wording,USER_END,V_necessity_loss,0.01571722887456417
discovery,exp12_search_edit_09,search_edit,canonical,0,canonical,1,opposite_same_wording,GENERATION_BOUNDARY,V_sufficiency,-0.03239124454557896
discovery,exp12_search_edit_09,search_edit,canonical,0,canonical,1,opposite_same_wording,GENERATION_BOUNDARY,V_necessity_loss,-0.03262312710285187
discovery,exp12_search_edit_09,search_edit,paraphrase,0,paraphrase,1,opposite_same_wording,SKILL_END,V_sufficiency,-9.203329682350159e-06
discovery,exp12_search_edit_09,search_edit,paraphrase,0,paraphrase,1,opposite_same_wording,SKILL_END,V_necessity_loss,7.584691047668457e-05
discovery,exp12_search_edit_09,search_edit,paraphrase,0,paraphrase,1,opposite_same_wording,SYSTEM_END,V_sufficiency,-0.0004880782216787338
discovery,exp12_search_edit_09,search_edit,paraphrase,0,paraphrase,1,opposite_same_wording,SYSTEM_END,V_necessity_loss,-0.01575889252126217
discovery,exp12_search_edit_09,search_edit,paraphrase,0,paraphrase,1,opposite_same_wording,ISSUE_END,V_sufficiency,-0.008017091080546379
discovery,exp12_search_edit_09,search_edit,paraphrase,0,paraphrase,1,opposite_same_wording,ISSUE_END,V_necessity_loss,0.016290627419948578
discovery,exp12_search_edit_09,search_edit,paraphrase,0,paraphrase,1,opposite_same_wording,DETAIL_END,V_sufficiency,-0.007849933579564095
discovery,exp12_search_edit_09,search_edit,paraphrase,0,paraphrase,1,opposite_same_wording,DETAIL_END,V_necessity_loss,0.0004822835326194763
discovery,exp12_search_edit_09,search_edit,paraphrase,0,paraphrase,1,opposite_same_wording,ACTION0_END,V_sufficiency,-0.00781470537185669
discovery,exp12_search_edit_09,search_edit,paraphrase,0,paraphrase,1,opposite_same_wording,ACTION0_END,V_necessity_loss,0.0006693042814731598
discovery,exp12_search_edit_09,search_edit,paraphrase,0,paraphrase,1,opposite_same_wording,ACTION1_END,V_sufficiency,-0.007761111482977867
discovery,exp12_search_edit_09,search_edit,paraphrase,0,paraphrase,1,opposite_same_wording,ACTION1_END,V_necessity_loss,0.0005011521279811859
discovery,exp12_search_edit_09,search_edit,paraphrase,0,paraphrase,1,opposite_same_wording,FINAL_INSTRUCTION_END,V_sufficiency,-0.008470984175801277
discovery,exp12_search_edit_09,search_edit,paraphrase,0,paraphrase,1,opposite_same_wording,FINAL_INSTRUCTION_END,V_necessity_loss,0.008440174162387848
discovery,exp12_search_edit_09,search_edit,paraphrase,0,paraphrase,1,opposite_same_wording,USER_END,V_sufficiency,0.0072141382843256
discovery,exp12_search_edit_09,search_edit,paraphrase,0,paraphrase,1,opposite_same_wording,USER_END,V_necessity_loss,0.03188645467162132
discovery,exp12_search_edit_09,search_edit,paraphrase,0,paraphrase,1,opposite_same_wording,GENERATION_BOUNDARY,V_sufficiency,-0.07027201913297176
discovery,exp12_search_edit_09,search_edit,paraphrase,0,paraphrase,1,opposite_same_wording,GENERATION_BOUNDARY,V_necessity_loss,-0.03235720098018646
discovery,exp12_search_edit_09,search_edit,canonical,1,canonical,0,opposite_same_wording,SKILL_END,V_sufficiency,1.0974705219268799e-05
discovery,exp12_search_edit_09,search_edit,canonical,1,canonical,0,opposite_same_wording,SKILL_END,V_necessity_loss,-0.0014426037669181824
discovery,exp12_search_edit_09,search_edit,canonical,1,canonical,0,opposite_same_wording,SYSTEM_END,V_sufficiency,-0.02045624703168869
discovery,exp12_search_edit_09,search_edit,canonical,1,canonical,0,opposite_same_wording,SYSTEM_END,V_necessity_loss,-0.020465537905693054
discovery,exp12_search_edit_09,search_edit,canonical,1,canonical,0,opposite_same_wording,ISSUE_END,V_sufficiency,-0.02039966732263565
discovery,exp12_search_edit_09,search_edit,canonical,1,canonical,0,opposite_same_wording,ISSUE_END,V_necessity_loss,8.158385753631592e-05
discovery,exp12_search_edit_09,search_edit,canonical,1,canonical,0,opposite_same_wording,DETAIL_END,V_sufficiency,-0.00035350024700164795
discovery,exp12_search_edit_09,search_edit,canonical,1,canonical,0,opposite_same_wording,DETAIL_END,V_necessity_loss,-3.732740879058838e-06
discovery,exp12_search_edit_09,search_edit,canonical,1,canonical,0,opposite_same_wording,ACTION0_END,V_sufficiency,-0.0017875954508781433
discovery,exp12_search_edit_09,search_edit,canonical,1,canonical,0,opposite_same_wording,ACTION0_END,V_necessity_loss,1.1026859283447266e-05
discovery,exp12_search_edit_09,search_edit,canonical,1,canonical,0,opposite_same_wording,ACTION1_END,V_sufficiency,1.0058283805847168e-06
discovery,exp12_search_edit_09,search_edit,canonical,1,canonical,0,opposite_same_wording,ACTION1_END,V_necessity_loss,4.798173904418945e-06
discovery,exp12_search_edit_09,search_edit,canonical,1,canonical,0,opposite_same_wording,FINAL_INSTRUCTION_END,V_sufficiency,0.02062556892633438
discovery,exp12_search_edit_09,search_edit,canonical,1,canonical,0,opposite_same_wording,FINAL_INSTRUCTION_END,V_necessity_loss,0.02057456225156784
discovery,exp12_search_edit_09,search_edit,canonical,1,canonical,0,opposite_same_wording,USER_END,V_sufficiency,0.12314463406801224
discovery,exp12_search_edit_09,search_edit,canonical,1,canonical,0,opposite_same_wording,USER_END,V_necessity_loss,0.16095086932182312
discovery,exp12_search_edit_09,search_edit,canonical,1,canonical,0,opposite_same_wording,GENERATION_BOUNDARY,V_sufficiency,-0.0016921237111091614
discovery,exp12_search_edit_09,search_edit,canonical,1,canonical,0,opposite_same_wording,GENERATION_BOUNDARY,V_necessity_loss,-0.032222336158156395
discovery,exp12_search_edit_09,search_edit,paraphrase,1,paraphrase,0,opposite_same_wording,SKILL_END,V_sufficiency,1.2621283531188965e-05
discovery,exp12_search_edit_09,search_edit,paraphrase,1,paraphrase,0,opposite_same_wording,SKILL_END,V_necessity_loss,-0.0016994178295135498
discovery,exp12_search_edit_09,search_edit,paraphrase,1,paraphrase,0,opposite_same_wording,SYSTEM_END,V_sufficiency,-1.0609626770019531e-05
discovery,exp12_search_edit_09,search_edit,paraphrase,1,paraphrase,0,opposite_same_wording,SYSTEM_END,V_necessity_loss,-0.0018146038055419922
discovery,exp12_search_edit_09,search_edit,paraphrase,1,paraphrase,0,opposite_same_wording,ISSUE_END,V_sufficiency,2.816319465637207e-05
discovery,exp12_search_edit_09,search_edit,paraphrase,1,paraphrase,0,opposite_same_wording,ISSUE_END,V_necessity_loss,8.985400199890137e-05
discovery,exp12_search_edit_09,search_edit,paraphrase,1,paraphrase,0,opposite_same_wording,DETAIL_END,V_sufficiency,1.0058283805847168e-05
discovery,exp12_search_edit_09,search_edit,paraphrase,1,paraphrase,0,opposite_same_wording,DETAIL_END,V_necessity_loss,-7.569789886474609e-06
discovery,exp12_search_edit_09,search_edit,paraphrase,1,paraphrase,0,opposite_same_wording,ACTION0_END,V_sufficiency,-0.016827672719955444
discovery,exp12_search_edit_09,search_edit,paraphrase,1,paraphrase,0,opposite_same_wording,ACTION0_END,V_necessity_loss,0.018012091517448425
discovery,exp12_search_edit_09,search_edit,paraphrase,1,paraphrase,0,opposite_same_wording,ACTION1_END,V_sufficiency,3.567337989807129e-05
discovery,exp12_search_edit_09,search_edit,paraphrase,1,paraphrase,0,opposite_same_wording,ACTION1_END,V_necessity_loss,-0.016527459025382996
discovery,exp12_search_edit_09,search_edit,paraphrase,1,paraphrase,0,opposite_same_wording,FINAL_INSTRUCTION_END,V_sufficiency,0.020972520112991333
discovery,exp12_search_edit_09,search_edit,paraphrase,1,paraphrase,0,opposite_same_wording,FINAL_INSTRUCTION_END,V_necessity_loss,0.035872891545295715
discovery,exp12_search_edit_09,search_edit,paraphrase,1,paraphrase,0,opposite_same_wording,USER_END,V_sufficiency,0.07334358990192413
discovery,exp12_search_edit_09,search_edit,paraphrase,1,paraphrase,0,opposite_same_wording,USER_END,V_necessity_loss,0.12201789021492004
discovery,exp12_search_edit_09,search_edit,paraphrase,1,paraphrase,0,opposite_same_wording,GENERATION_BOUNDARY,V_sufficiency,-0.015089020133018494
discovery,exp12_search_edit_09,search_edit,paraphrase,1,paraphrase,0,opposite_same_wording,GENERATION_BOUNDARY,V_necessity_loss,-0.07808628305792809
discovery,exp12_search_edit_10,search_edit,canonical,0,canonical,1,opposite_same_wording,SKILL_END,V_sufficiency,-0.0003451388329267502
discovery,exp12_search_edit_10,search_edit,canonical,0,canonical,1,opposite_same_wording,SKILL_END,V_necessity_loss,-2.7649104595184326e-05
discovery,exp12_search_edit_10,search_edit,canonical,0,canonical,1,opposite_same_wording,SYSTEM_END,V_sufficiency,0.0074190665036439896
discovery,exp12_search_edit_10,search_edit,canonical,0,canonical,1,opposite_same_wording,SYSTEM_END,V_necessity_loss,-0.007783958688378334
discovery,exp12_search_edit_10,search_edit,canonical,0,canonical,1,opposite_same_wording,ISSUE_END,V_sufficiency,0.007396280765533447
discovery,exp12_search_edit_10,search_edit,canonical,0,canonical,1,opposite_same_wording,ISSUE_END,V_necessity_loss,-0.001901339739561081
discovery,exp12_search_edit_10,search_edit,canonical,0,canonical,1,opposite_same_wording,DETAIL_END,V_sufficiency,-0.00037503987550735474
discovery,exp12_search_edit_10,search_edit,canonical,0,canonical,1,opposite_same_wording,DETAIL_END,V_necessity_loss,-0.010471291840076447
discovery,exp12_search_edit_10,search_edit,canonical,0,canonical,1,opposite_same_wording,ACTION0_END,V_sufficiency,0.015276558697223663
discovery,exp12_search_edit_10,search_edit,canonical,0,canonical,1,opposite_same_wording,ACTION0_END,V_necessity_loss,0.008319152519106865
discovery,exp12_search_edit_10,search_edit,canonical,0,canonical,1,opposite_same_wording,ACTION1_END,V_sufficiency,0.00211961567401886
discovery,exp12_search_edit_10,search_edit,canonical,0,canonical,1,opposite_same_wording,ACTION1_END,V_necessity_loss,0.00045526400208473206
discovery,exp12_search_edit_10,search_edit,canonical,0,canonical,1,opposite_same_wording,FINAL_INSTRUCTION_END,V_sufficiency,0.007398249581456184
discovery,exp12_search_edit_10,search_edit,canonical,0,canonical,1,opposite_same_wording,FINAL_INSTRUCTION_END,V_necessity_loss,-0.007730841636657715
discovery,exp12_search_edit_10,search_edit,canonical,0,canonical,1,opposite_same_wording,USER_END,V_sufficiency,0.06032279692590237
discovery,exp12_search_edit_10,search_edit,canonical,0,canonical,1,opposite_same_wording,USER_END,V_necessity_loss,0.02815708890557289
discovery,exp12_search_edit_10,search_edit,canonical,0,canonical,1,opposite_same_wording,GENERATION_BOUNDARY,V_sufficiency,-0.029419101774692535
discovery,exp12_search_edit_10,search_edit,canonical,0,canonical,1,opposite_same_wording,GENERATION_BOUNDARY,V_necessity_loss,-5.939602851867676e-05
discovery,exp12_search_edit_10,search_edit,paraphrase,0,paraphrase,1,opposite_same_wording,SKILL_END,V_sufficiency,0.015670955181121826
discovery,exp12_search_edit_10,search_edit,paraphrase,0,paraphrase,1,opposite_same_wording,SKILL_END,V_necessity_loss,6.898120045661926e-05
discovery,exp12_search_edit_10,search_edit,paraphrase,0,paraphrase,1,opposite_same_wording,SYSTEM_END,V_sufficiency,0.01563394069671631
discovery,exp12_search_edit_10,search_edit,paraphrase,0,paraphrase,1,opposite_same_wording,SYSTEM_END,V_necessity_loss,-0.015678036957979202
discovery,exp12_search_edit_10,search_edit,paraphrase,0,paraphrase,1,opposite_same_wording,ISSUE_END,V_sufficiency,0.007814012467861176
discovery,exp12_search_edit_10,search_edit,paraphrase,0,paraphrase,1,opposite_same_wording,ISSUE_END,V_necessity_loss,0.007803952321410179
discovery,exp12_search_edit_10,search_edit,paraphrase,0,paraphrase,1,opposite_same_wording,DETAIL_END,V_sufficiency,0.007820509374141693
discovery,exp12_search_edit_10,search_edit,paraphrase,0,paraphrase,1,opposite_same_wording,DETAIL_END,V_necessity_loss,2.0191073417663574e-05
discovery,exp12_search_edit_10,search_edit,paraphrase,0,paraphrase,1,opposite_same_wording,ACTION0_END,V_sufficiency,2.5562942028045654e-05
discovery,exp12_search_edit_10,search_edit,paraphrase,0,paraphrase,1,opposite_same_wording,ACTION0_END,V_necessity_loss,-0.007836394011974335
discovery,exp12_search_edit_10,search_edit,paraphrase,0,paraphrase,1,opposite_same_wording,ACTION1_END,V_sufficiency,0.007857345044612885
discovery,exp12_search_edit_10,search_edit,paraphrase,0,paraphrase,1,opposite_same_wording,ACTION1_END,V_necessity_loss,0.008469648659229279
discovery,exp12_search_edit_10,search_edit,paraphrase,0,paraphrase,1,opposite_same_wording,FINAL_INSTRUCTION_END,V_sufficiency,0.00784832052886486
discovery,exp12_search_edit_10,search_edit,paraphrase,0,paraphrase,1,opposite_same_wording,FINAL_INSTRUCTION_END,V_necessity_loss,0.01637156493961811
discovery,exp12_search_edit_10,search_edit,paraphrase,0,paraphrase,1,opposite_same_wording,USER_END,V_sufficiency,0.023454075679183006
discovery,exp12_search_edit_10,search_edit,paraphrase,0,paraphrase,1,opposite_same_wording,USER_END,V_necessity_loss,0.007790165022015572
discovery,exp12_search_edit_10,search_edit,paraphrase,0,paraphrase,1,opposite_same_wording,GENERATION_BOUNDARY,V_sufficiency,-0.07025657221674919
discovery,exp12_search_edit_10,search_edit,paraphrase,0,paraphrase,1,opposite_same_wording,GENERATION_BOUNDARY,V_necessity_loss,-0.04727381467819214
discovery,exp12_search_edit_10,search_edit,canonical,1,canonical,0,opposite_same_wording,SKILL_END,V_sufficiency,-0.019139304757118225
discovery,exp12_search_edit_10,search_edit,canonical,1,canonical,0,opposite_same_wording,SKILL_END,V_necessity_loss,1.1168420314788818e-05
discovery,exp12_search_edit_10,search_edit,canonical,1,canonical,0,opposite_same_wording,SYSTEM_END,V_sufficiency,0.0015245825052261353
discovery,exp12_search_edit_10,search_edit,canonical,1,canonical,0,opposite_same_wording,SYSTEM_END,V_necessity_loss,-0.020192302763462067
discovery,exp12_search_edit_10,search_edit,canonical,1,canonical,0,opposite_same_wording,ISSUE_END,V_sufficiency,3.077089786529541e-06
discovery,exp12_search_edit_10,search_edit,canonical,1,canonical,0,opposite_same_wording,ISSUE_END,V_necessity_loss,-0.02064628154039383
discovery,exp12_search_edit_10,search_edit,canonical,1,canonical,0,opposite_same_wording,DETAIL_END,V_sufficiency,-2.753734588623047e-05
discovery,exp12_search_edit_10,search_edit,canonical,1,canonical,0,opposite_same_wording,DETAIL_END,V_necessity_loss,-1.0952353477478027e-06
discovery,exp12_search_edit_10,search_edit,canonical,1,canonical,0,opposite_same_wording,ACTION0_END,V_sufficiency,-3.679096698760986e-05
discovery,exp12_search_edit_10,search_edit,canonical,1,canonical,0,opposite_same_wording,ACTION0_END,V_necessity_loss,0.002128131687641144
discovery,exp12_search_edit_10,search_edit,canonical,1,canonical,0,opposite_same_wording,ACTION1_END,V_sufficiency,-0.018641777336597443
discovery,exp12_search_edit_10,search_edit,canonical,1,canonical,0,opposite_same_wording,ACTION1_END,V_necessity_loss,0.018695808947086334
discovery,exp12_search_edit_10,search_edit,canonical,1,canonical,0,opposite_same_wording,FINAL_INSTRUCTION_END,V_sufficiency,0.02064618468284607
discovery,exp12_search_edit_10,search_edit,canonical,1,canonical,0,opposite_same_wording,FINAL_INSTRUCTION_END,V_necessity_loss,0.022461436688899994
discovery,exp12_search_edit_10,search_edit,canonical,1,canonical,0,opposite_same_wording,USER_END,V_sufficiency,0.1645563468337059
discovery,exp12_search_edit_10,search_edit,canonical,1,canonical,0,opposite_same_wording,USER_END,V_necessity_loss,0.16191423684358597
discovery,exp12_search_edit_10,search_edit,canonical,1,canonical,0,opposite_same_wording,GENERATION_BOUNDARY,V_sufficiency,0.0018234848976135254
discovery,exp12_search_edit_10,search_edit,canonical,1,canonical,0,opposite_same_wording,GENERATION_BOUNDARY,V_necessity_loss,-0.031430210918188095
discovery,exp12_search_edit_10,search_edit,paraphrase,1,paraphrase,0,opposite_same_wording,SKILL_END,V_sufficiency,0.0017859935760498047
discovery,exp12_search_edit_10,search_edit,paraphrase,1,paraphrase,0,opposite_same_wording,SKILL_END,V_necessity_loss,7.301568984985352e-05
discovery,exp12_search_edit_10,search_edit,paraphrase,1,paraphrase,0,opposite_same_wording,SYSTEM_END,V_sufficiency,1.1816620826721191e-05
discovery,exp12_search_edit_10,search_edit,paraphrase,1,paraphrase,0,opposite_same_wording,SYSTEM_END,V_necessity_loss,0.00011876225471496582
discovery,exp12_search_edit_10,search_edit,paraphrase,1,paraphrase,0,opposite_same_wording,ISSUE_END,V_sufficiency,-0.00015607476234436035
discovery,exp12_search_edit_10,search_edit,paraphrase,1,paraphrase,0,opposite_same_wording,ISSUE_END,V_necessity_loss,-0.001824602484703064
discovery,exp12_search_edit_10,search_edit,paraphrase,1,paraphrase,0,opposite_same_wording,DETAIL_END,V_sufficiency,2.7999281883239746e-05
discovery,exp12_search_edit_10,search_edit,paraphrase,1,paraphrase,0,opposite_same_wording,DETAIL_END,V_necessity_loss,-0.01712985336780548
discovery,exp12_search_edit_10,search_edit,paraphrase,1,paraphrase,0,opposite_same_wording,ACTION0_END,V_sufficiency,-2.7865171432495117e-05
discovery,exp12_search_edit_10,search_edit,paraphrase,1,paraphrase,0,opposite_same_wording,ACTION0_END,V_necessity_loss,-8.791685104370117e-05
discovery,exp12_search_edit_10,search_edit,paraphrase,1,paraphrase,0,opposite_same_wording,ACTION1_END,V_sufficiency,-0.01739998161792755
discovery,exp12_search_edit_10,search_edit,paraphrase,1,paraphrase,0,opposite_same_wording,ACTION1_END,V_necessity_loss,-0.00018510222434997559
discovery,exp12_search_edit_10,search_edit,paraphrase,1,paraphrase,0,opposite_same_wording,FINAL_INSTRUCTION_END,V_sufficiency,0.019178777933120728
discovery,exp12_search_edit_10,search_edit,paraphrase,1,paraphrase,0,opposite_same_wording,FINAL_INSTRUCTION_END,V_necessity_loss,0.019526809453964233
discovery,exp12_search_edit_10,search_edit,paraphrase,1,paraphrase,0,opposite_same_wording,USER_END,V_sufficiency,0.0782528668642044
discovery,exp12_search_edit_10,search_edit,paraphrase,1,paraphrase,0,opposite_same_wording,USER_END,V_necessity_loss,0.09050725400447845
discovery,exp12_search_edit_10,search_edit,paraphrase,1,paraphrase,0,opposite_same_wording,GENERATION_BOUNDARY,V_sufficiency,-0.01714259386062622
discovery,exp12_search_edit_10,search_edit,paraphrase,1,paraphrase,0,opposite_same_wording,GENERATION_BOUNDARY,V_necessity_loss,-0.07826805859804153
discovery,exp12_search_edit_12,search_edit,canonical,0,canonical,1,opposite_same_wording,SKILL_END,V_sufficiency,7.99763947725296e-05
discovery,exp12_search_edit_12,search_edit,canonical,0,canonical,1,opposite_same_wording,SKILL_END,V_necessity_loss,0.00010062940418720245
discovery,exp12_search_edit_12,search_edit,canonical,0,canonical,1,opposite_same_wording,SYSTEM_END,V_sufficiency,-0.008180450648069382
discovery,exp12_search_edit_12,search_edit,canonical,0,canonical,1,opposite_same_wording,SYSTEM_END,V_necessity_loss,0.0002802945673465729
discovery,exp12_search_edit_12,search_edit,canonical,0,canonical,1,opposite_same_wording,ISSUE_END,V_sufficiency,-0.0003861561417579651
discovery,exp12_search_edit_12,search_edit,canonical,0,canonical,1,opposite_same_wording,ISSUE_END,V_necessity_loss,0.0004000794142484665
discovery,exp12_search_edit_12,search_edit,canonical,0,canonical,1,opposite_same_wording,DETAIL_END,V_sufficiency,-0.0002603307366371155
discovery,exp12_search_edit_12,search_edit,canonical,0,canonical,1,opposite_same_wording,DETAIL_END,V_necessity_loss,0.007830813527107239
discovery,exp12_search_edit_12,search_edit,canonical,0,canonical,1,opposite_same_wording,ACTION0_END,V_sufficiency,-0.00816836766898632
discovery,exp12_search_edit_12,search_edit,canonical,0,canonical,1,opposite_same_wording,ACTION0_END,V_necessity_loss,0.01323891431093216
discovery,exp12_search_edit_12,search_edit,canonical,0,canonical,1,opposite_same_wording,ACTION1_END,V_sufficiency,-0.007823249325156212
discovery,exp12_search_edit_12,search_edit,canonical,0,canonical,1,opposite_same_wording,ACTION1_END,V_necessity_loss,-0.007804440334439278
discovery,exp12_search_edit_12,search_edit,canonical,0,canonical,1,opposite_same_wording,FINAL_INSTRUCTION_END,V_sufficiency,-0.00041135773062705994
discovery,exp12_search_edit_12,search_edit,canonical,0,canonical,1,opposite_same_wording,FINAL_INSTRUCTION_END,V_necessity_loss,0.007733913138508797
discovery,exp12_search_edit_12,search_edit,canonical,0,canonical,1,opposite_same_wording,USER_END,V_sufficiency,0.06235063821077347
discovery,exp12_search_edit_12,search_edit,canonical,0,canonical,1,opposite_same_wording,USER_END,V_necessity_loss,0.028838342055678368
discovery,exp12_search_edit_12,search_edit,canonical,0,canonical,1,opposite_same_wording,GENERATION_BOUNDARY,V_sufficiency,-0.03166984021663666
discovery,exp12_search_edit_12,search_edit,canonical,0,canonical,1,opposite_same_wording,GENERATION_BOUNDARY,V_necessity_loss,-0.031335704028606415
discovery,exp12_search_edit_12,search_edit,paraphrase,0,paraphrase,1,opposite_same_wording,SKILL_END,V_sufficiency,-6.653741002082825e-05
discovery,exp12_search_edit_12,search_edit,paraphrase,0,paraphrase,1,opposite_same_wording,SKILL_END,V_necessity_loss,0.0007559154182672501
discovery,exp12_search_edit_12,search_edit,paraphrase,0,paraphrase,1,opposite_same_wording,SYSTEM_END,V_sufficiency,-0.01628469116985798
discovery,exp12_search_edit_12,search_edit,paraphrase,0,paraphrase,1,opposite_same_wording,SYSTEM_END,V_necessity_loss,-7.855519652366638e-05
discovery,exp12_search_edit_12,search_edit,paraphrase,0,paraphrase,1,opposite_same_wording,ISSUE_END,V_sufficiency,0.007852617651224136
discovery,exp12_search_edit_12,search_edit,paraphrase,0,paraphrase,1,opposite_same_wording,ISSUE_END,V_necessity_loss,-2.75392085313797e-05
discovery,exp12_search_edit_12,search_edit,paraphrase,0,paraphrase,1,opposite_same_wording,DETAIL_END,V_sufficiency,-0.007984708994626999
discovery,exp12_search_edit_12,search_edit,paraphrase,0,paraphrase,1,opposite_same_wording,DETAIL_END,V_necessity_loss,0.0005736574530601501
discovery,exp12_search_edit_12,search_edit,paraphrase,0,paraphrase,1,opposite_same_wording,ACTION0_END,V_sufficiency,6.490573287010193e-05
discovery,exp12_search_edit_12,search_edit,paraphrase,0,paraphrase,1,opposite_same_wording,ACTION0_END,V_necessity_loss,6.15529716014862e-05
discovery,exp12_search_edit_12,search_edit,paraphrase,0,paraphrase,1,opposite_same_wording,ACTION1_END,V_sufficiency,0.007873550057411194
discovery,exp12_search_edit_12,search_edit,paraphrase,0,paraphrase,1,opposite_same_wording,ACTION1_END,V_necessity_loss,-0.015736006200313568
discovery,exp12_search_edit_12,search_edit,paraphrase,0,paraphrase,1,opposite_same_wording,FINAL_INSTRUCTION_END,V_sufficiency,0.007781747728586197
discovery,exp12_search_edit_12,search_edit,paraphrase,0,paraphrase,1,opposite_same_wording,FINAL_INSTRUCTION_END,V_necessity_loss,-0.0005920398980379105
discovery,exp12_search_edit_12,search_edit,paraphrase,0,paraphrase,1,opposite_same_wording,USER_END,V_sufficiency,0.01571042463183403
discovery,exp12_search_edit_12,search_edit,paraphrase,0,paraphrase,1,opposite_same_wording,USER_END,V_necessity_loss,-0.00015892274677753448
discovery,exp12_search_edit_12,search_edit,paraphrase,0,paraphrase,1,opposite_same_wording,GENERATION_BOUNDARY,V_sufficiency,-0.07017768174409866
discovery,exp12_search_edit_12,search_edit,paraphrase,0,paraphrase,1,opposite_same_wording,GENERATION_BOUNDARY,V_necessity_loss,-0.04732522368431091
discovery,exp12_search_edit_12,search_edit,canonical,1,canonical,0,opposite_same_wording,SKILL_END,V_sufficiency,0.018420659005641937
discovery,exp12_search_edit_12,search_edit,canonical,1,canonical,0,opposite_same_wording,SKILL_END,V_necessity_loss,4.813075065612793e-05
discovery,exp12_search_edit_12,search_edit,canonical,1,canonical,0,opposite_same_wording,SYSTEM_END,V_sufficiency,-1.0788440704345703e-05
discovery,exp12_search_edit_12,search_edit,canonical,1,canonical,0,opposite_same_wording,SYSTEM_END,V_necessity_loss,-6.386637687683105e-05
discovery,exp12_search_edit_12,search_edit,canonical,1,canonical,0,opposite_same_wording,ISSUE_END,V_sufficiency,9.737908840179443e-06
discovery,exp12_search_edit_12,search_edit,canonical,1,canonical,0,opposite_same_wording,ISSUE_END,V_necessity_loss,-3.8757920265197754e-05
discovery,exp12_search_edit_12,search_edit,canonical,1,canonical,0,opposite_same_wording,DETAIL_END,V_sufficiency,0.018411070108413696
discovery,exp12_search_edit_12,search_edit,canonical,1,canonical,0,opposite_same_wording,DETAIL_END,V_necessity_loss,-0.01850159466266632
discovery,exp12_search_edit_12,search_edit,canonical,1,canonical,0,opposite_same_wording,ACTION0_END,V_sufficiency,4.090368747711182e-06
discovery,exp12_search_edit_12,search_edit,canonical,1,canonical,0,opposite_same_wording,ACTION0_END,V_necessity_loss,5.2131712436676025e-05
discovery,exp12_search_edit_12,search_edit,canonical,1,canonical,0,opposite_same_wording,ACTION1_END,V_sufficiency,-4.813075065612793e-05
discovery,exp12_search_edit_12,search_edit,canonical,1,canonical,0,opposite_same_wording,ACTION1_END,V_necessity_loss,0.00143461674451828
discovery,exp12_search_edit_12,search_edit,canonical,1,canonical,0,opposite_same_wording,FINAL_INSTRUCTION_END,V_sufficiency,0.020492814481258392
discovery,exp12_search_edit_12,search_edit,canonical,1,canonical,0,opposite_same_wording,FINAL_INSTRUCTION_END,V_necessity_loss,0.03898517042398453
discovery,exp12_search_edit_12,search_edit,canonical,1,canonical,0,opposite_same_wording,USER_END,V_sufficiency,0.14322898536920547
discovery,exp12_search_edit_12,search_edit,canonical,1,canonical,0,opposite_same_wording,USER_END,V_necessity_loss,0.14009171724319458
discovery,exp12_search_edit_12,search_edit,canonical,1,canonical,0,opposite_same_wording,GENERATION_BOUNDARY,V_sufficiency,-0.0017648711800575256
discovery,exp12_search_edit_12,search_edit,canonical,1,canonical,0,opposite_same_wording,GENERATION_BOUNDARY,V_necessity_loss,0.0008518099784851074
discovery,exp12_search_edit_12,search_edit,paraphrase,1,paraphrase,0,opposite_same_wording,SKILL_END,V_sufficiency,0.017704248428344727
discovery,exp12_search_edit_12,search_edit,paraphrase,1,paraphrase,0,opposite_same_wording,SKILL_END,V_necessity_loss,0.00016734004020690918
discovery,exp12_search_edit_12,search_edit,paraphrase,1,paraphrase,0,opposite_same_wording,SYSTEM_END,V_sufficiency,0.017555534839630127
discovery,exp12_search_edit_12,search_edit,paraphrase,1,paraphrase,0,opposite_same_wording,SYSTEM_END,V_necessity_loss,2.3663043975830078e-05
discovery,exp12_search_edit_12,search_edit,paraphrase,1,paraphrase,0,opposite_same_wording,ISSUE_END,V_sufficiency,0.019744709134101868
discovery,exp12_search_edit_12,search_edit,paraphrase,1,paraphrase,0,opposite_same_wording,ISSUE_END,V_necessity_loss,7.82310962677002e-05
discovery,exp12_search_edit_12,search_edit,paraphrase,1,paraphrase,0,opposite_same_wording,DETAIL_END,V_sufficiency,0.01992759108543396
discovery,exp12_search_edit_12,search_edit,paraphrase,1,paraphrase,0,opposite_same_wording,DETAIL_END,V_necessity_loss,-0.0002119988203048706
discovery,exp12_search_edit_12,search_edit,paraphrase,1,paraphrase,0,opposite_same_wording,ACTION0_END,V_sufficiency,0.0003755241632461548
discovery,exp12_search_edit_12,search_edit,paraphrase,1,paraphrase,0,opposite_same_wording,ACTION0_END,V_necessity_loss,-3.781914710998535e-05
discovery,exp12_search_edit_12,search_edit,paraphrase,1,paraphrase,0,opposite_same_wording,ACTION1_END,V_sufficiency,0.00020141899585723877
discovery,exp12_search_edit_12,search_edit,paraphrase,1,paraphrase,0,opposite_same_wording,ACTION1_END,V_necessity_loss,-0.018677547574043274
discovery,exp12_search_edit_12,search_edit,paraphrase,1,paraphrase,0,opposite_same_wording,FINAL_INSTRUCTION_END,V_sufficiency,0.03676530718803406
discovery,exp12_search_edit_12,search_edit,paraphrase,1,paraphrase,0,opposite_same_wording,FINAL_INSTRUCTION_END,V_necessity_loss,0.05395020544528961
discovery,exp12_search_edit_12,search_edit,paraphrase,1,paraphrase,0,opposite_same_wording,USER_END,V_sufficiency,0.09229518473148346
discovery,exp12_search_edit_12,search_edit,paraphrase,1,paraphrase,0,opposite_same_wording,USER_END,V_necessity_loss,0.12407960742712021
discovery,exp12_search_edit_12,search_edit,paraphrase,1,paraphrase,0,opposite_same_wording,GENERATION_BOUNDARY,V_sufficiency,-0.018800318241119385
discovery,exp12_search_edit_12,search_edit,paraphrase,1,paraphrase,0,opposite_same_wording,GENERATION_BOUNDARY,V_necessity_loss,-0.08593806624412537
discovery,exp12_search_edit_13,search_edit,canonical,0,canonical,1,opposite_same_wording,SKILL_END,V_sufficiency,0.022941552102565765
discovery,exp12_search_edit_13,search_edit,canonical,0,canonical,1,opposite_same_wording,SKILL_END,V_necessity_loss,0.002619769424200058
discovery,exp12_search_edit_13,search_edit,canonical,0,canonical,1,opposite_same_wording,SYSTEM_END,V_sufficiency,0.008419899269938469
discovery,exp12_search_edit_13,search_edit,canonical,0,canonical,1,opposite_same_wording,SYSTEM_END,V_necessity_loss,0.015580357983708382
discovery,exp12_search_edit_13,search_edit,canonical,0,canonical,1,opposite_same_wording,ISSUE_END,V_sufficiency,0.022806428372859955
discovery,exp12_search_edit_13,search_edit,canonical,0,canonical,1,opposite_same_wording,ISSUE_END,V_necessity_loss,-2.7297064661979675e-05
discovery,exp12_search_edit_13,search_edit,canonical,0,canonical,1,opposite_same_wording,DETAIL_END,V_sufficiency,-0.00013417936861515045
discovery,exp12_search_edit_13,search_edit,canonical,0,canonical,1,opposite_same_wording,DETAIL_END,V_necessity_loss,-0.006948262453079224
discovery,exp12_search_edit_13,search_edit,canonical,0,canonical,1,opposite_same_wording,ACTION0_END,V_sufficiency,0.00934155285358429
discovery,exp12_search_edit_13,search_edit,canonical,0,canonical,1,opposite_same_wording,ACTION0_END,V_necessity_loss,-0.007893495261669159
discovery,exp12_search_edit_13,search_edit,canonical,0,canonical,1,opposite_same_wording,ACTION1_END,V_sufficiency,0.02341179922223091
discovery,exp12_search_edit_13,search_edit,canonical,0,canonical,1,opposite_same_wording,ACTION1_END,V_necessity_loss,0.011256460100412369
discovery,exp12_search_edit_13,search_edit,canonical,0,canonical,1,opposite_same_wording,FINAL_INSTRUCTION_END,V_sufficiency,0.0023186858743429184
discovery,exp12_search_edit_13,search_edit,canonical,0,canonical,1,opposite_same_wording,FINAL_INSTRUCTION_END,V_necessity_loss,0.007791856303811073
discovery,exp12_search_edit_13,search_edit,canonical,0,canonical,1,opposite_same_wording,USER_END,V_sufficiency,0.07001993805170059
discovery,exp12_search_edit_13,search_edit,canonical,0,canonical,1,opposite_same_wording,USER_END,V_necessity_loss,0.03809943236410618
discovery,exp12_search_edit_13,search_edit,canonical,0,canonical,1,opposite_same_wording,GENERATION_BOUNDARY,V_sufficiency,-0.023518718779087067
discovery,exp12_search_edit_13,search_edit,canonical,0,canonical,1,opposite_same_wording,GENERATION_BOUNDARY,V_necessity_loss,-0.04732980579137802
discovery,exp12_search_edit_13,search_edit,paraphrase,0,paraphrase,1,opposite_same_wording,SKILL_END,V_sufficiency,0.007821742445230484
discovery,exp12_search_edit_13,search_edit,paraphrase,0,paraphrase,1,opposite_same_wording,SKILL_END,V_necessity_loss,-9.131990373134613e-05
discovery,exp12_search_edit_13,search_edit,paraphrase,0,paraphrase,1,opposite_same_wording,SYSTEM_END,V_sufficiency,0.008502406999468803
discovery,exp12_search_edit_13,search_edit,paraphrase,0,paraphrase,1,opposite_same_wording,SYSTEM_END,V_necessity_loss,4.9795955419540405e-05
discovery,exp12_search_edit_13,search_edit,paraphrase,0,paraphrase,1,opposite_same_wording,ISSUE_END,V_sufficiency,0.008406788110733032
discovery,exp12_search_edit_13,search_edit,paraphrase,0,paraphrase,1,opposite_same_wording,ISSUE_END,V_necessity_loss,8.160248398780823e-05
discovery,exp12_search_edit_13,search_edit,paraphrase,0,paraphrase,1,opposite_same_wording,DETAIL_END,V_sufficiency,-0.007781753316521645
discovery,exp12_search_edit_13,search_edit,paraphrase,0,paraphrase,1,opposite_same_wording,DETAIL_END,V_necessity_loss,0.007942816242575645
discovery,exp12_search_edit_13,search_edit,paraphrase,0,paraphrase,1,opposite_same_wording,ACTION0_END,V_sufficiency,0.008499857038259506
discovery,exp12_search_edit_13,search_edit,paraphrase,0,paraphrase,1,opposite_same_wording,ACTION0_END,V_necessity_loss,-0.007892169058322906
discovery,exp12_search_edit_13,search_edit,paraphrase,0,paraphrase,1,opposite_same_wording,ACTION1_END,V_sufficiency,-0.007793020457029343
discovery,exp12_search_edit_13,search_edit,paraphrase,0,paraphrase,1,opposite_same_wording,ACTION1_END,V_necessity_loss,-0.007763288915157318
discovery,exp12_search_edit_13,search_edit,paraphrase,0,paraphrase,1,opposite_same_wording,FINAL_INSTRUCTION_END,V_sufficiency,0.007881700992584229
discovery,exp12_search_edit_13,search_edit,paraphrase,0,paraphrase,1,opposite_same_wording,FINAL_INSTRUCTION_END,V_necessity_loss,0.007776595652103424
discovery,exp12_search_edit_13,search_edit,paraphrase,0,paraphrase,1,opposite_same_wording,USER_END,V_sufficiency,0.02389431744813919
discovery,exp12_search_edit_13,search_edit,paraphrase,0,paraphrase,1,opposite_same_wording,USER_END,V_necessity_loss,0.015621356666088104
discovery,exp12_search_edit_13,search_edit,paraphrase,0,paraphrase,1,opposite_same_wording,GENERATION_BOUNDARY,V_sufficiency,-0.061927320435643196
discovery,exp12_search_edit_13,search_edit,paraphrase,0,paraphrase,1,opposite_same_wording,GENERATION_BOUNDARY,V_necessity_loss,-0.048421990126371384
discovery,exp12_search_edit_13,search_edit,canonical,1,canonical,0,opposite_same_wording,SKILL_END,V_sufficiency,-1.5601515769958496e-05
discovery,exp12_search_edit_13,search_edit,canonical,1,canonical,0,opposite_same_wording,SKILL_END,V_necessity_loss,0.0004375949501991272
discovery,exp12_search_edit_13,search_edit,canonical,1,canonical,0,opposite_same_wording,SYSTEM_END,V_sufficiency,7.699429988861084e-05
discovery,exp12_search_edit_13,search_edit,canonical,1,canonical,0,opposite_same_wording,SYSTEM_END,V_necessity_loss,-0.0020415708422660828
discovery,exp12_search_edit_13,search_edit,canonical,1,canonical,0,opposite_same_wording,ISSUE_END,V_sufficiency,1.1011958122253418e-05
discovery,exp12_search_edit_13,search_edit,canonical,1,canonical,0,opposite_same_wording,ISSUE_END,V_necessity_loss,-0.0002714395523071289
discovery,exp12_search_edit_13,search_edit,canonical,1,canonical,0,opposite_same_wording,DETAIL_END,V_sufficiency,-1.8328428268432617e-06
discovery,exp12_search_edit_13,search_edit,canonical,1,canonical,0,opposite_same_wording,DETAIL_END,V_necessity_loss,-5.7756900787353516e-05
discovery,exp12_search_edit_13,search_edit,canonical,1,canonical,0,opposite_same_wording,ACTION0_END,V_sufficiency,-0.020453400909900665
discovery,exp12_search_edit_13,search_edit,canonical,1,canonical,0,opposite_same_wording,ACTION0_END,V_necessity_loss,5.287677049636841e-05
discovery,exp12_search_edit_13,search_edit,canonical,1,canonical,0,opposite_same_wording,ACTION1_END,V_sufficiency,-0.0015896782279014587
discovery,exp12_search_edit_13,search_edit,canonical,1,canonical,0,opposite_same_wording,ACTION1_END,V_necessity_loss,0.017966195940971375
discovery,exp12_search_edit_13,search_edit,canonical,1,canonical,0,opposite_same_wording,FINAL_INSTRUCTION_END,V_sufficiency,0.02050376683473587
discovery,exp12_search_edit_13,search_edit,canonical,1,canonical,0,opposite_same_wording,FINAL_INSTRUCTION_END,V_necessity_loss,0.039220817387104034
discovery,exp12_search_edit_13,search_edit,canonical,1,canonical,0,opposite_same_wording,USER_END,V_sufficiency,0.12136584520339966
discovery,exp12_search_edit_13,search_edit,canonical,1,canonical,0,opposite_same_wording,USER_END,V_necessity_loss,0.15744714438915253
discovery,exp12_search_edit_13,search_edit,canonical,1,canonical,0,opposite_same_wording,GENERATION_BOUNDARY,V_sufficiency,0.000219784677028656
discovery,exp12_search_edit_13,search_edit,canonical,1,canonical,0,opposite_same_wording,GENERATION_BOUNDARY,V_necessity_loss,0.000846613198518753
discovery,exp12_search_edit_13,search_edit,paraphrase,1,paraphrase,0,opposite_same_wording,SKILL_END,V_sufficiency,0.001690402626991272
discovery,exp12_search_edit_13,search_edit,paraphrase,1,paraphrase,0,opposite_same_wording,SKILL_END,V_necessity_loss,-0.016593635082244873
discovery,exp12_search_edit_13,search_edit,paraphrase,1,paraphrase,0,opposite_same_wording,SYSTEM_END,V_sufficiency,-1.1101365089416504e-05
discovery,exp12_search_edit_13,search_edit,paraphrase,1,paraphrase,0,opposite_same_wording,SYSTEM_END,V_necessity_loss,0.0005422681570053101
discovery,exp12_search_edit_13,search_edit,paraphrase,1,paraphrase,0,opposite_same_wording,ISSUE_END,V_sufficiency,-0.017124801874160767
discovery,exp12_search_edit_13,search_edit,paraphrase,1,paraphrase,0,opposite_same_wording,ISSUE_END,V_necessity_loss,-4.272162914276123e-05
discovery,exp12_search_edit_13,search_edit,paraphrase,1,paraphrase,0,opposite_same_wording,DETAIL_END,V_sufficiency,-0.0001055300235748291
discovery,exp12_search_edit_13,search_edit,paraphrase,1,paraphrase,0,opposite_same_wording,DETAIL_END,V_necessity_loss,-0.018703684210777283
discovery,exp12_search_edit_13,search_edit,paraphrase,1,paraphrase,0,opposite_same_wording,ACTION0_END,V_sufficiency,0.001787140965461731
discovery,exp12_search_edit_13,search_edit,paraphrase,1,paraphrase,0,opposite_same_wording,ACTION0_END,V_necessity_loss,-0.00015307962894439697
discovery,exp12_search_edit_13,search_edit,paraphrase,1,paraphrase,0,opposite_same_wording,ACTION1_END,V_sufficiency,-0.0171327143907547
discovery,exp12_search_edit_13,search_edit,paraphrase,1,paraphrase,0,opposite_same_wording,ACTION1_END,V_necessity_loss,-0.01625867187976837
discovery,exp12_search_edit_13,search_edit,paraphrase,1,paraphrase,0,opposite_same_wording,FINAL_INSTRUCTION_END,V_sufficiency,-0.00010102987289428711
discovery,exp12_search_edit_13,search_edit,paraphrase,1,paraphrase,0,opposite_same_wording,FINAL_INSTRUCTION_END,V_necessity_loss,0.03535349667072296
discovery,exp12_search_edit_13,search_edit,paraphrase,1,paraphrase,0,opposite_same_wording,USER_END,V_sufficiency,0.07028035819530487
discovery,exp12_search_edit_13,search_edit,paraphrase,1,paraphrase,0,opposite_same_wording,USER_END,V_necessity_loss,0.10303167998790741
discovery,exp12_search_edit_13,search_edit,paraphrase,1,paraphrase,0,opposite_same_wording,GENERATION_BOUNDARY,V_sufficiency,-0.014838770031929016
discovery,exp12_search_edit_13,search_edit,paraphrase,1,paraphrase,0,opposite_same_wording,GENERATION_BOUNDARY,V_necessity_loss,-0.09479813650250435
discovery,exp12_search_edit_15,search_edit,canonical,0,canonical,1,opposite_same_wording,SKILL_END,V_sufficiency,-0.0005765482783317566
discovery,exp12_search_edit_15,search_edit,canonical,0,canonical,1,opposite_same_wording,SKILL_END,V_necessity_loss,-0.003463286906480789
discovery,exp12_search_edit_15,search_edit,canonical,0,canonical,1,opposite_same_wording,SYSTEM_END,V_sufficiency,0.004722528159618378
discovery,exp12_search_edit_15,search_edit,canonical,0,canonical,1,opposite_same_wording,SYSTEM_END,V_necessity_loss,0.007791226729750633
discovery,exp12_search_edit_15,search_edit,canonical,0,canonical,1,opposite_same_wording,ISSUE_END,V_sufficiency,-0.010413968935608864
discovery,exp12_search_edit_15,search_edit,canonical,0,canonical,1,opposite_same_wording,ISSUE_END,V_necessity_loss,0.0007086452096700668
discovery,exp12_search_edit_15,search_edit,canonical,0,canonical,1,opposite_same_wording,DETAIL_END,V_sufficiency,-0.014006448909640312
discovery,exp12_search_edit_15,search_edit,canonical,0,canonical,1,opposite_same_wording,DETAIL_END,V_necessity_loss,-0.002238694578409195
discovery,exp12_search_edit_15,search_edit,canonical,0,canonical,1,opposite_same_wording,ACTION0_END,V_sufficiency,-0.001372000202536583
discovery,exp12_search_edit_15,search_edit,canonical,0,canonical,1,opposite_same_wording,ACTION0_END,V_necessity_loss,-0.00010960735380649567
discovery,exp12_search_edit_15,search_edit,canonical,0,canonical,1,opposite_same_wording,ACTION1_END,V_sufficiency,-0.00759507529437542
discovery,exp12_search_edit_15,search_edit,canonical,0,canonical,1,opposite_same_wording,ACTION1_END,V_necessity_loss,-5.89173287153244e-05
discovery,exp12_search_edit_15,search_edit,canonical,0,canonical,1,opposite_same_wording,FINAL_INSTRUCTION_END,V_sufficiency,0.00021995417773723602
discovery,exp12_search_edit_15,search_edit,canonical,0,canonical,1,opposite_same_wording,FINAL_INSTRUCTION_END,V_necessity_loss,0.0025477465242147446
discovery,exp12_search_edit_15,search_edit,canonical,0,canonical,1,opposite_same_wording,USER_END,V_sufficiency,0.07291334867477417
discovery,exp12_search_edit_15,search_edit,canonical,0,canonical,1,opposite_same_wording,USER_END,V_necessity_loss,0.021540304645895958
discovery,exp12_search_edit_15,search_edit,canonical,0,canonical,1,opposite_same_wording,GENERATION_BOUNDARY,V_sufficiency,-0.024349957704544067
discovery,exp12_search_edit_15,search_edit,canonical,0,canonical,1,opposite_same_wording,GENERATION_BOUNDARY,V_necessity_loss,-0.01600610464811325
discovery,exp12_search_edit_15,search_edit,paraphrase,0,paraphrase,1,opposite_same_wording,SKILL_END,V_sufficiency,0.00012135505676269531
discovery,exp12_search_edit_15,search_edit,paraphrase,0,paraphrase,1,opposite_same_wording,SKILL_END,V_necessity_loss,0.007812555879354477
discovery,exp12_search_edit_15,search_edit,paraphrase,0,paraphrase,1,opposite_same_wording,SYSTEM_END,V_sufficiency,-0.00766618549823761
discovery,exp12_search_edit_15,search_edit,paraphrase,0,paraphrase,1,opposite_same_wording,SYSTEM_END,V_necessity_loss,0.007873013615608215
discovery,exp12_search_edit_15,search_edit,paraphrase,0,paraphrase,1,opposite_same_wording,ISSUE_END,V_sufficiency,-6.152130663394928e-05
discovery,exp12_search_edit_15,search_edit,paraphrase,0,paraphrase,1,opposite_same_wording,ISSUE_END,V_necessity_loss,-1.9351020455360413e-05
discovery,exp12_search_edit_15,search_edit,paraphrase,0,paraphrase,1,opposite_same_wording,DETAIL_END,V_sufficiency,9.620003402233124e-05
discovery,exp12_search_edit_15,search_edit,paraphrase,0,paraphrase,1,opposite_same_wording,DETAIL_END,V_necessity_loss,-0.007806703448295593
discovery,exp12_search_edit_15,search_edit,paraphrase,0,paraphrase,1,opposite_same_wording,ACTION0_END,V_sufficiency,8.779019117355347e-05
discovery,exp12_search_edit_15,search_edit,paraphrase,0,paraphrase,1,opposite_same_wording,ACTION0_END,V_necessity_loss,9.753555059432983e-05
discovery,exp12_search_edit_15,search_edit,paraphrase,0,paraphrase,1,opposite_same_wording,ACTION1_END,V_sufficiency,-0.00835740752518177
discovery,exp12_search_edit_15,search_edit,paraphrase,0,paraphrase,1,opposite_same_wording,ACTION1_END,V_necessity_loss,-0.007219061255455017
discovery,exp12_search_edit_15,search_edit,paraphrase,0,paraphrase,1,opposite_same_wording,FINAL_INSTRUCTION_END,V_sufficiency,0.00016778334975242615
discovery,exp12_search_edit_15,search_edit,paraphrase,0,paraphrase,1,opposite_same_wording,FINAL_INSTRUCTION_END,V_necessity_loss,0.016115017235279083
discovery,exp12_search_edit_15,search_edit,paraphrase,0,paraphrase,1,opposite_same_wording,USER_END,V_sufficiency,0.007767535746097565
discovery,exp12_search_edit_15,search_edit,paraphrase,0,paraphrase,1,opposite_same_wording,USER_END,V_necessity_loss,0.015621988102793694
discovery,exp12_search_edit_15,search_edit,paraphrase,0,paraphrase,1,opposite_same_wording,GENERATION_BOUNDARY,V_sufficiency,-0.08646563068032265
discovery,exp12_search_edit_15,search_edit,paraphrase,0,paraphrase,1,opposite_same_wording,GENERATION_BOUNDARY,V_necessity_loss,-0.015604294836521149
discovery,exp12_search_edit_15,search_edit,canonical,1,canonical,0,opposite_same_wording,SKILL_END,V_sufficiency,0.00014066696166992188
discovery,exp12_search_edit_15,search_edit,canonical,1,canonical,0,opposite_same_wording,SKILL_END,V_necessity_loss,0.002083413302898407
discovery,exp12_search_edit_15,search_edit,canonical,1,canonical,0,opposite_same_wording,SYSTEM_END,V_sufficiency,-0.018229305744171143
discovery,exp12_search_edit_15,search_edit,canonical,1,canonical,0,opposite_same_wording,SYSTEM_END,V_necessity_loss,1.6450881958007812e-05
discovery,exp12_search_edit_15,search_edit,canonical,1,canonical,0,opposite_same_wording,ISSUE_END,V_sufficiency,-0.018236473202705383
discovery,exp12_search_edit_15,search_edit,canonical,1,canonical,0,opposite_same_wording,ISSUE_END,V_necessity_loss,-0.01826973259449005
discovery,exp12_search_edit_15,search_edit,canonical,1,canonical,0,opposite_same_wording,DETAIL_END,V_sufficiency,-0.01827208697795868
discovery,exp12_search_edit_15,search_edit,canonical,1,canonical,0,opposite_same_wording,DETAIL_END,V_necessity_loss,0.019863836467266083
discovery,exp12_search_edit_15,search_edit,canonical,1,canonical,0,opposite_same_wording,ACTION0_END,V_sufficiency,0.0001289471983909607
discovery,exp12_search_edit_15,search_edit,canonical,1,canonical,0,opposite_same_wording,ACTION0_END,V_necessity_loss,3.466755151748657e-05
discovery,exp12_search_edit_15,search_edit,canonical,1,canonical,0,opposite_same_wording,ACTION1_END,V_sufficiency,-9.238719940185547e-07
discovery,exp12_search_edit_15,search_edit,canonical,1,canonical,0,opposite_same_wording,ACTION1_END,V_necessity_loss,0.019873693585395813
discovery,exp12_search_edit_15,search_edit,canonical,1,canonical,0,opposite_same_wording,FINAL_INSTRUCTION_END,V_sufficiency,0.02066279947757721
discovery,exp12_search_edit_15,search_edit,canonical,1,canonical,0,opposite_same_wording,FINAL_INSTRUCTION_END,V_necessity_loss,0.0386342778801918
discovery,exp12_search_edit_15,search_edit,canonical,1,canonical,0,opposite_same_wording,USER_END,V_sufficiency,0.12462402880191803
discovery,exp12_search_edit_15,search_edit,canonical,1,canonical,0,opposite_same_wording,USER_END,V_necessity_loss,0.17846908420324326
discovery,exp12_search_edit_15,search_edit,canonical,1,canonical,0,opposite_same_wording,GENERATION_BOUNDARY,V_sufficiency,0.00021994858980178833
discovery,exp12_search_edit_15,search_edit,canonical,1,canonical,0,opposite_same_wording,GENERATION_BOUNDARY,V_necessity_loss,-0.014843499287962914
discovery,exp12_search_edit_15,search_edit,paraphrase,1,paraphrase,0,opposite_same_wording,SKILL_END,V_sufficiency,-0.0018124133348464966
discovery,exp12_search_edit_15,search_edit,paraphrase,1,paraphrase,0,opposite_same_wording,SKILL_END,V_necessity_loss,0.01613396406173706
discovery,exp12_search_edit_15,search_edit,paraphrase,1,paraphrase,0,opposite_same_wording,SYSTEM_END,V_sufficiency,-0.00016672909259796143
discovery,exp12_search_edit_15,search_edit,paraphrase,1,paraphrase,0,opposite_same_wording,SYSTEM_END,V_necessity_loss,-0.016458168625831604
discovery,exp12_search_edit_15,search_edit,paraphrase,1,paraphrase,0,opposite_same_wording,ISSUE_END,V_sufficiency,-0.0018429756164550781
discovery,exp12_search_edit_15,search_edit,paraphrase,1,paraphrase,0,opposite_same_wording,ISSUE_END,V_necessity_loss,0.01635707914829254
discovery,exp12_search_edit_15,search_edit,paraphrase,1,paraphrase,0,opposite_same_wording,DETAIL_END,V_sufficiency,-0.018621474504470825
discovery,exp12_search_edit_15,search_edit,paraphrase,1,paraphrase,0,opposite_same_wording,DETAIL_END,V_necessity_loss,0.00012677907943725586
discovery,exp12_search_edit_15,search_edit,paraphrase,1,paraphrase,0,opposite_same_wording,ACTION0_END,V_sufficiency,-0.01861642301082611
discovery,exp12_search_edit_15,search_edit,paraphrase,1,paraphrase,0,opposite_same_wording,ACTION0_END,V_necessity_loss,-0.0013921931385993958
discovery,exp12_search_edit_15,search_edit,paraphrase,1,paraphrase,0,opposite_same_wording,ACTION1_END,V_sufficiency,-0.018741026520729065
discovery,exp12_search_edit_15,search_edit,paraphrase,1,paraphrase,0,opposite_same_wording,ACTION1_END,V_necessity_loss,2.9303133487701416e-05
discovery,exp12_search_edit_15,search_edit,paraphrase,1,paraphrase,0,opposite_same_wording,FINAL_INSTRUCTION_END,V_sufficiency,0.016546621918678284
discovery,exp12_search_edit_15,search_edit,paraphrase,1,paraphrase,0,opposite_same_wording,FINAL_INSTRUCTION_END,V_necessity_loss,0.014765650033950806
discovery,exp12_search_edit_15,search_edit,paraphrase,1,paraphrase,0,opposite_same_wording,USER_END,V_sufficiency,0.05122973024845123
discovery,exp12_search_edit_15,search_edit,paraphrase,1,paraphrase,0,opposite_same_wording,USER_END,V_necessity_loss,0.08480754494667053
discovery,exp12_search_edit_15,search_edit,paraphrase,1,paraphrase,0,opposite_same_wording,GENERATION_BOUNDARY,V_sufficiency,-0.03525303304195404
discovery,exp12_search_edit_15,search_edit,paraphrase,1,paraphrase,0,opposite_same_wording,GENERATION_BOUNDARY,V_necessity_loss,-0.08684447035193443
discovery,exp12_config_command_03,config_command,canonical,0,canonical,1,opposite_same_wording,SKILL_END,V_sufficiency,0.0068158358335494995
discovery,exp12_config_command_03,config_command,canonical,0,canonical,1,opposite_same_wording,SKILL_END,V_necessity_loss,-0.013967692852020264
discovery,exp12_config_command_03,config_command,canonical,0,canonical,1,opposite_same_wording,SYSTEM_END,V_sufficiency,0.013325423002243042
discovery,exp12_config_command_03,config_command,canonical,0,canonical,1,opposite_same_wording,SYSTEM_END,V_necessity_loss,-0.00034046173095703125
discovery,exp12_config_command_03,config_command,canonical,0,canonical,1,opposite_same_wording,ISSUE_END,V_sufficiency,0.006355166435241699
discovery,exp12_config_command_03,config_command,canonical,0,canonical,1,opposite_same_wording,ISSUE_END,V_necessity_loss,0.007196530699729919
discovery,exp12_config_command_03,config_command,canonical,0,canonical,1,opposite_same_wording,DETAIL_END,V_sufficiency,-0.00014294683933258057
discovery,exp12_config_command_03,config_command,canonical,0,canonical,1,opposite_same_wording,DETAIL_END,V_necessity_loss,0.00016857683658599854
discovery,exp12_config_command_03,config_command,canonical,0,canonical,1,opposite_same_wording,ACTION0_END,V_sufficiency,0.006042703986167908
discovery,exp12_config_command_03,config_command,canonical,0,canonical,1,opposite_same_wording,ACTION0_END,V_necessity_loss,0.0004416555166244507
discovery,exp12_config_command_03,config_command,canonical,0,canonical,1,opposite_same_wording,ACTION1_END,V_sufficiency,0.0005748271942138672
discovery,exp12_config_command_03,config_command,canonical,0,canonical,1,opposite_same_wording,ACTION1_END,V_necessity_loss,0.012347295880317688
discovery,exp12_config_command_03,config_command,canonical,0,canonical,1,opposite_same_wording,FINAL_INSTRUCTION_END,V_sufficiency,0.006790459156036377
discovery,exp12_config_command_03,config_command,canonical,0,canonical,1,opposite_same_wording,FINAL_INSTRUCTION_END,V_necessity_loss,0.012505099177360535
discovery,exp12_config_command_03,config_command,canonical,0,canonical,1,opposite_same_wording,USER_END,V_sufficiency,0.032763659954071045
discovery,exp12_config_command_03,config_command,canonical,0,canonical,1,opposite_same_wording,USER_END,V_necessity_loss,0.024654269218444824
discovery,exp12_config_command_03,config_command,canonical,0,canonical,1,opposite_same_wording,GENERATION_BOUNDARY,V_sufficiency,-0.0058242082595825195
discovery,exp12_config_command_03,config_command,canonical,0,canonical,1,opposite_same_wording,GENERATION_BOUNDARY,V_necessity_loss,0.13359208405017853
discovery,exp12_config_command_03,config_command,paraphrase,0,paraphrase,1,opposite_same_wording,SKILL_END,V_sufficiency,-4.826486110687256e-05
discovery,exp12_config_command_03,config_command,paraphrase,0,paraphrase,1,opposite_same_wording,SKILL_END,V_necessity_loss,0.011974111199378967
discovery,exp12_config_command_03,config_command,paraphrase,0,paraphrase,1,opposite_same_wording,SYSTEM_END,V_sufficiency,0.0005417913198471069
discovery,exp12_config_command_03,config_command,paraphrase,0,paraphrase,1,opposite_same_wording,SYSTEM_END,V_necessity_loss,0.005486652255058289
discovery,exp12_config_command_03,config_command,paraphrase,0,paraphrase,1,opposite_same_wording,ISSUE_END,V_sufficiency,-0.004063740372657776
discovery,exp12_config_command_03,config_command,paraphrase,0,paraphrase,1,opposite_same_wording,ISSUE_END,V_necessity_loss,0.003935664892196655
discovery,exp12_config_command_03,config_command,paraphrase,0,paraphrase,1,opposite_same_wording,DETAIL_END,V_sufficiency,0.0033054351806640625
discovery,exp12_config_command_03,config_command,paraphrase,0,paraphrase,1,opposite_same_wording,DETAIL_END,V_necessity_loss,0.01593238115310669
discovery,exp12_config_command_03,config_command,paraphrase,0,paraphrase,1,opposite_same_wording,ACTION0_END,V_sufficiency,-0.0057310909032821655
discovery,exp12_config_command_03,config_command,paraphrase,0,paraphrase,1,opposite_same_wording,ACTION0_END,V_necessity_loss,0.009732887148857117
discovery,exp12_config_command_03,config_command,paraphrase,0,paraphrase,1,opposite_same_wording,ACTION1_END,V_sufficiency,-0.01617242395877838
discovery,exp12_config_command_03,config_command,paraphrase,0,paraphrase,1,opposite_same_wording,ACTION1_END,V_necessity_loss,-0.012698888778686523
discovery,exp12_config_command_03,config_command,paraphrase,0,paraphrase,1,opposite_same_wording,FINAL_INSTRUCTION_END,V_sufficiency,0.006736099720001221
discovery,exp12_config_command_03,config_command,paraphrase,0,paraphrase,1,opposite_same_wording,FINAL_INSTRUCTION_END,V_necessity_loss,0.010570257902145386
discovery,exp12_config_command_03,config_command,paraphrase,0,paraphrase,1,opposite_same_wording,USER_END,V_sufficiency,-0.002150431275367737
discovery,exp12_config_command_03,config_command,paraphrase,0,paraphrase,1,opposite_same_wording,USER_END,V_necessity_loss,0.0031497925519943237
discovery,exp12_config_command_03,config_command,paraphrase,0,paraphrase,1,opposite_same_wording,GENERATION_BOUNDARY,V_sufficiency,-0.012712329626083374
discovery,exp12_config_command_03,config_command,paraphrase,0,paraphrase,1,opposite_same_wording,GENERATION_BOUNDARY,V_necessity_loss,0.006914258003234863
discovery,exp12_config_command_03,config_command,canonical,1,canonical,0,opposite_same_wording,SKILL_END,V_sufficiency,-0.013323184102773666
discovery,exp12_config_command_03,config_command,canonical,1,canonical,0,opposite_same_wording,SKILL_END,V_necessity_loss,0.013472430408000946
discovery,exp12_config_command_03,config_command,canonical,1,canonical,0,opposite_same_wording,SYSTEM_END,V_sufficiency,0.007441632449626923
discovery,exp12_config_command_03,config_command,canonical,1,canonical,0,opposite_same_wording,SYSTEM_END,V_necessity_loss,-0.013614494353532791
discovery,exp12_config_command_03,config_command,canonical,1,canonical,0,opposite_same_wording,ISSUE_END,V_sufficiency,-0.01340876892209053
discovery,exp12_config_command_03,config_command,canonical,1,canonical,0,opposite_same_wording,ISSUE_END,V_necessity_loss,0.013782374560832977
discovery,exp12_config_command_03,config_command,canonical,1,canonical,0,opposite_same_wording,DETAIL_END,V_sufficiency,-0.013394534587860107
discovery,exp12_config_command_03,config_command,canonical,1,canonical,0,opposite_same_wording,DETAIL_END,V_necessity_loss,0.0067316219210624695
discovery,exp12_config_command_03,config_command,canonical,1,canonical,0,opposite_same_wording,ACTION0_END,V_sufficiency,-0.006513174623250961
discovery,exp12_config_command_03,config_command,canonical,1,canonical,0,opposite_same_wording,ACTION0_END,V_necessity_loss,-3.601983189582825e-05
discovery,exp12_config_command_03,config_command,canonical,1,canonical,0,opposite_same_wording,ACTION1_END,V_sufficiency,0.00018300116062164307
discovery,exp12_config_command_03,config_command,canonical,1,canonical,0,opposite_same_wording,ACTION1_END,V_necessity_loss,-0.006735131144523621
discovery,exp12_config_command_03,config_command,canonical,1,canonical,0,opposite_same_wording,FINAL_INSTRUCTION_END,V_sufficiency,0.02088165655732155
discovery,exp12_config_command_03,config_command,canonical,1,canonical,0,opposite_same_wording,FINAL_INSTRUCTION_END,V_necessity_loss,0.013819616287946701
discovery,exp12_config_command_03,config_command,canonical,1,canonical,0,opposite_same_wording,USER_END,V_sufficiency,0.09047337248921394
discovery,exp12_config_command_03,config_command,canonical,1,canonical,0,opposite_same_wording,USER_END,V_necessity_loss,0.041770827025175095
discovery,exp12_config_command_03,config_command,canonical,1,canonical,0,opposite_same_wording,GENERATION_BOUNDARY,V_sufficiency,0.06212485209107399
discovery,exp12_config_command_03,config_command,canonical,1,canonical,0,opposite_same_wording,GENERATION_BOUNDARY,V_necessity_loss,-0.050158143043518066
discovery,exp12_config_command_03,config_command,paraphrase,1,paraphrase,0,opposite_same_wording,SKILL_END,V_sufficiency,-0.0003898739814758301
discovery,exp12_config_command_03,config_command,paraphrase,1,paraphrase,0,opposite_same_wording,SKILL_END,V_necessity_loss,0.01385149359703064
discovery,exp12_config_command_03,config_command,paraphrase,1,paraphrase,0,opposite_same_wording,SYSTEM_END,V_sufficiency,0.00015938282012939453
discovery,exp12_config_command_03,config_command,paraphrase,1,paraphrase,0,opposite_same_wording,SYSTEM_END,V_necessity_loss,0.0064494311809539795
discovery,exp12_config_command_03,config_command,paraphrase,1,paraphrase,0,opposite_same_wording,ISSUE_END,V_sufficiency,-0.0005071759223937988
discovery,exp12_config_command_03,config_command,paraphrase,1,paraphrase,0,opposite_same_wording,ISSUE_END,V_necessity_loss,0.0005247294902801514
discovery,exp12_config_command_03,config_command,paraphrase,1,paraphrase,0,opposite_same_wording,DETAIL_END,V_sufficiency,-0.007255971431732178
discovery,exp12_config_command_03,config_command,paraphrase,1,paraphrase,0,opposite_same_wording,DETAIL_END,V_necessity_loss,7.963180541992188e-05
discovery,exp12_config_command_03,config_command,paraphrase,1,paraphrase,0,opposite_same_wording,ACTION0_END,V_sufficiency,-0.0005047619342803955
discovery,exp12_config_command_03,config_command,paraphrase,1,paraphrase,0,opposite_same_wording,ACTION0_END,V_necessity_loss,-0.00024169683456420898
discovery,exp12_config_command_03,config_command,paraphrase,1,paraphrase,0,opposite_same_wording,ACTION1_END,V_sufficiency,-0.0005321204662322998
discovery,exp12_config_command_03,config_command,paraphrase,1,paraphrase,0,opposite_same_wording,ACTION1_END,V_necessity_loss,-4.6700239181518555e-05
discovery,exp12_config_command_03,config_command,paraphrase,1,paraphrase,0,opposite_same_wording,FINAL_INSTRUCTION_END,V_sufficiency,0.019602149724960327
discovery,exp12_config_command_03,config_command,paraphrase,1,paraphrase,0,opposite_same_wording,FINAL_INSTRUCTION_END,V_necessity_loss,0.007356554269790649
discovery,exp12_config_command_03,config_command,paraphrase,1,paraphrase,0,opposite_same_wording,USER_END,V_sufficiency,0.01975080370903015
discovery,exp12_config_command_03,config_command,paraphrase,1,paraphrase,0,opposite_same_wording,USER_END,V_necessity_loss,0.013071328401565552
discovery,exp12_config_command_03,config_command,paraphrase,1,paraphrase,0,opposite_same_wording,GENERATION_BOUNDARY,V_sufficiency,0.0011382102966308594
discovery,exp12_config_command_03,config_command,paraphrase,1,paraphrase,0,opposite_same_wording,GENERATION_BOUNDARY,V_necessity_loss,-0.011858880519866943
discovery,exp12_config_command_05,config_command,canonical,0,canonical,1,opposite_same_wording,SKILL_END,V_sufficiency,0.013569742441177368
discovery,exp12_config_command_05,config_command,canonical,0,canonical,1,opposite_same_wording,SKILL_END,V_necessity_loss,0.0001265108585357666
discovery,exp12_config_command_05,config_command,canonical,0,canonical,1,opposite_same_wording,SYSTEM_END,V_sufficiency,0.013322576880455017
discovery,exp12_config_command_05,config_command,canonical,0,canonical,1,opposite_same_wording,SYSTEM_END,V_necessity_loss,0.005259856581687927
discovery,exp12_config_command_05,config_command,canonical,0,canonical,1,opposite_same_wording,ISSUE_END,V_sufficiency,0.005740419030189514
discovery,exp12_config_command_05,config_command,canonical,0,canonical,1,opposite_same_wording,ISSUE_END,V_necessity_loss,0.005979552865028381
discovery,exp12_config_command_05,config_command,canonical,0,canonical,1,opposite_same_wording,DETAIL_END,V_sufficiency,0.0003619343042373657
discovery,exp12_config_command_05,config_command,canonical,0,canonical,1,opposite_same_wording,DETAIL_END,V_necessity_loss,-9.201467037200928e-05
discovery,exp12_config_command_05,config_command,canonical,0,canonical,1,opposite_same_wording,ACTION0_END,V_sufficiency,0.013544797897338867
discovery,exp12_config_command_05,config_command,canonical,0,canonical,1,opposite_same_wording,ACTION0_END,V_necessity_loss,0.005705192685127258
discovery,exp12_config_command_05,config_command,canonical,0,canonical,1,opposite_same_wording,ACTION1_END,V_sufficiency,1.940131187438965e-05
discovery,exp12_config_command_05,config_command,canonical,0,canonical,1,opposite_same_wording,ACTION1_END,V_necessity_loss,-0.0016921907663345337
discovery,exp12_config_command_05,config_command,canonical,0,canonical,1,opposite_same_wording,FINAL_INSTRUCTION_END,V_sufficiency,0.018398597836494446
discovery,exp12_config_command_05,config_command,canonical,0,canonical,1,opposite_same_wording,FINAL_INSTRUCTION_END,V_necessity_loss,0.011794239282608032
discovery,exp12_config_command_05,config_command,canonical,0,canonical,1,opposite_same_wording,USER_END,V_sufficiency,0.03059634566307068
discovery,exp12_config_command_05,config_command,canonical,0,canonical,1,opposite_same_wording,USER_END,V_necessity_loss,-0.010911136865615845
discovery,exp12_config_command_05,config_command,canonical,0,canonical,1,opposite_same_wording,GENERATION_BOUNDARY,V_sufficiency,0.006503567099571228
discovery,exp12_config_command_05,config_command,canonical,0,canonical,1,opposite_same_wording,GENERATION_BOUNDARY,V_necessity_loss,0.09508442878723145
discovery,exp12_config_command_05,config_command,paraphrase,0,paraphrase,1,opposite_same_wording,SKILL_END,V_sufficiency,0.005603402853012085
discovery,exp12_config_command_05,config_command,paraphrase,0,paraphrase,1,opposite_same_wording,SKILL_END,V_necessity_loss,0.005753427743911743
discovery,exp12_config_command_05,config_command,paraphrase,0,paraphrase,1,opposite_same_wording,SYSTEM_END,V_sufficiency,-0.0015729665756225586
discovery,exp12_config_command_05,config_command,paraphrase,0,paraphrase,1,opposite_same_wording,SYSTEM_END,V_necessity_loss,-0.013713300228118896
discovery,exp12_config_command_05,config_command,paraphrase,0,paraphrase,1,opposite_same_wording,ISSUE_END,V_sufficiency,-2.880394458770752e-05
discovery,exp12_config_command_05,config_command,paraphrase,0,paraphrase,1,opposite_same_wording,ISSUE_END,V_necessity_loss,0.005640804767608643
discovery,exp12_config_command_05,config_command,paraphrase,0,paraphrase,1,opposite_same_wording,DETAIL_END,V_sufficiency,-6.343424320220947e-05
discovery,exp12_config_command_05,config_command,paraphrase,0,paraphrase,1,opposite_same_wording,DETAIL_END,V_necessity_loss,-0.007661744952201843
discovery,exp12_config_command_05,config_command,paraphrase,0,paraphrase,1,opposite_same_wording,ACTION0_END,V_sufficiency,-2.3856759071350098e-05
discovery,exp12_config_command_05,config_command,paraphrase,0,paraphrase,1,opposite_same_wording,ACTION0_END,V_necessity_loss,-2.0489096641540527e-05
discovery,exp12_config_command_05,config_command,paraphrase,0,paraphrase,1,opposite_same_wording,ACTION1_END,V_sufficiency,-0.00011077523231506348
discovery,exp12_config_command_05,config_command,paraphrase,0,paraphrase,1,opposite_same_wording,ACTION1_END,V_necessity_loss,-0.006531953811645508
discovery,exp12_config_command_05,config_command,paraphrase,0,paraphrase,1,opposite_same_wording,FINAL_INSTRUCTION_END,V_sufficiency,0.005857691168785095
discovery,exp12_config_command_05,config_command,paraphrase,0,paraphrase,1,opposite_same_wording,FINAL_INSTRUCTION_END,V_necessity_loss,0.017742782831192017
discovery,exp12_config_command_05,config_command,paraphrase,0,paraphrase,1,opposite_same_wording,USER_END,V_sufficiency,0.00579679012298584
discovery,exp12_config_command_05,config_command,paraphrase,0,paraphrase,1,opposite_same_wording,USER_END,V_necessity_loss,0.016616731882095337
discovery,exp12_config_command_05,config_command,paraphrase,0,paraphrase,1,opposite_same_wording,GENERATION_BOUNDARY,V_sufficiency,-0.013861432671546936
discovery,exp12_config_command_05,config_command,paraphrase,0,paraphrase,1,opposite_same_wording,GENERATION_BOUNDARY,V_necessity_loss,0.012543708086013794
discovery,exp12_config_command_05,config_command,canonical,1,canonical,0,opposite_same_wording,SKILL_END,V_sufficiency,3.565289080142975e-05
discovery,exp12_config_command_05,config_command,canonical,1,canonical,0,opposite_same_wording,SKILL_END,V_necessity_loss,0.00010075606405735016
discovery,exp12_config_command_05,config_command,canonical,1,canonical,0,opposite_same_wording,SYSTEM_END,V_sufficiency,0.013929879292845726
discovery,exp12_config_command_05,config_command,canonical,1,canonical,0,opposite_same_wording,SYSTEM_END,V_necessity_loss,4.5863911509513855e-05
discovery,exp12_config_command_05,config_command,canonical,1,canonical,0,opposite_same_wording,ISSUE_END,V_sufficiency,0.013788901269435883
discovery,exp12_config_command_05,config_command,canonical,1,canonical,0,opposite_same_wording,ISSUE_END,V_necessity_loss,-0.0067407358437776566
discovery,exp12_config_command_05,config_command,canonical,1,canonical,0,opposite_same_wording,DETAIL_END,V_sufficiency,1.1110678315162659e-05
discovery,exp12_config_command_05,config_command,canonical,1,canonical,0,opposite_same_wording,DETAIL_END,V_necessity_loss,7.042661309242249e-05
discovery,exp12_config_command_05,config_command,canonical,1,canonical,0,opposite_same_wording,ACTION0_END,V_sufficiency,4.586018621921539e-05
discovery,exp12_config_command_05,config_command,canonical,1,canonical,0,opposite_same_wording,ACTION0_END,V_necessity_loss,0.000413011759519577
discovery,exp12_config_command_05,config_command,canonical,1,canonical,0,opposite_same_wording,ACTION1_END,V_sufficiency,0.0002293623983860016
discovery,exp12_config_command_05,config_command,canonical,1,canonical,0,opposite_same_wording,ACTION1_END,V_necessity_loss,0.006902426481246948
discovery,exp12_config_command_05,config_command,canonical,1,canonical,0,opposite_same_wording,FINAL_INSTRUCTION_END,V_sufficiency,0.03474842198193073
discovery,exp12_config_command_05,config_command,canonical,1,canonical,0,opposite_same_wording,FINAL_INSTRUCTION_END,V_necessity_loss,0.014197852462530136
discovery,exp12_config_command_05,config_command,canonical,1,canonical,0,opposite_same_wording,USER_END,V_sufficiency,0.14556607604026794
discovery,exp12_config_command_05,config_command,canonical,1,canonical,0,opposite_same_wording,USER_END,V_necessity_loss,0.08314717747271061
discovery,exp12_config_command_05,config_command,canonical,1,canonical,0,opposite_same_wording,GENERATION_BOUNDARY,V_sufficiency,0.08975762687623501
discovery,exp12_config_command_05,config_command,canonical,1,canonical,0,opposite_same_wording,GENERATION_BOUNDARY,V_necessity_loss,-0.048620790243148804
discovery,exp12_config_command_05,config_command,paraphrase,1,paraphrase,0,opposite_same_wording,SKILL_END,V_sufficiency,0.006913632154464722
discovery,exp12_config_command_05,config_command,paraphrase,1,paraphrase,0,opposite_same_wording,SKILL_END,V_necessity_loss,0.005775898694992065
discovery,exp12_config_command_05,config_command,paraphrase,1,paraphrase,0,opposite_same_wording,SYSTEM_END,V_sufficiency,0.01383906602859497
discovery,exp12_config_command_05,config_command,paraphrase,1,paraphrase,0,opposite_same_wording,SYSTEM_END,V_necessity_loss,0.006319880485534668
discovery,exp12_config_command_05,config_command,paraphrase,1,paraphrase,0,opposite_same_wording,ISSUE_END,V_sufficiency,0.0002123415470123291
discovery,exp12_config_command_05,config_command,paraphrase,1,paraphrase,0,opposite_same_wording,ISSUE_END,V_necessity_loss,0.0008435249328613281
discovery,exp12_config_command_05,config_command,paraphrase,1,paraphrase,0,opposite_same_wording,DETAIL_END,V_sufficiency,0.00026679039001464844
discovery,exp12_config_command_05,config_command,paraphrase,1,paraphrase,0,opposite_same_wording,DETAIL_END,V_necessity_loss,-0.006683975458145142
discovery,exp12_config_command_05,config_command,paraphrase,1,paraphrase,0,opposite_same_wording,ACTION0_END,V_sufficiency,-0.0004163980484008789
discovery,exp12_config_command_05,config_command,paraphrase,1,paraphrase,0,opposite_same_wording,ACTION0_END,V_necessity_loss,-0.01257479190826416
discovery,exp12_config_command_05,config_command,paraphrase,1,paraphrase,0,opposite_same_wording,ACTION1_END,V_sufficiency,0.00016996264457702637
discovery,exp12_config_command_05,config_command,paraphrase,1,paraphrase,0,opposite_same_wording,ACTION1_END,V_necessity_loss,5.829334259033203e-05
discovery,exp12_config_command_05,config_command,paraphrase,1,paraphrase,0,opposite_same_wording,FINAL_INSTRUCTION_END,V_sufficiency,0.019557446241378784
discovery,exp12_config_command_05,config_command,paraphrase,1,paraphrase,0,opposite_same_wording,FINAL_INSTRUCTION_END,V_necessity_loss,0.006390750408172607
discovery,exp12_config_command_05,config_command,paraphrase,1,paraphrase,0,opposite_same_wording,USER_END,V_sufficiency,0.0318450927734375
discovery,exp12_config_command_05,config_command,paraphrase,1,paraphrase,0,opposite_same_wording,USER_END,V_necessity_loss,0.012598901987075806
discovery,exp12_config_command_05,config_command,paraphrase,1,paraphrase,0,opposite_same_wording,GENERATION_BOUNDARY,V_sufficiency,0.006858229637145996
discovery,exp12_config_command_05,config_command,paraphrase,1,paraphrase,0,opposite_same_wording,GENERATION_BOUNDARY,V_necessity_loss,-0.005556061863899231
discovery,exp12_config_command_06,config_command,canonical,0,canonical,1,opposite_same_wording,SKILL_END,V_sufficiency,0.01982930302619934
discovery,exp12_config_command_06,config_command,canonical,0,canonical,1,opposite_same_wording,SKILL_END,V_necessity_loss,0.013359799981117249
discovery,exp12_config_command_06,config_command,canonical,0,canonical,1,opposite_same_wording,SYSTEM_END,V_sufficiency,0.006590709090232849
discovery,exp12_config_command_06,config_command,canonical,0,canonical,1,opposite_same_wording,SYSTEM_END,V_necessity_loss,0.019385457038879395
discovery,exp12_config_command_06,config_command,canonical,0,canonical,1,opposite_same_wording,ISSUE_END,V_sufficiency,0.00038008391857147217
discovery,exp12_config_command_06,config_command,canonical,0,canonical,1,opposite_same_wording,ISSUE_END,V_necessity_loss,0.013781711459159851
discovery,exp12_config_command_06,config_command,canonical,0,canonical,1,opposite_same_wording,DETAIL_END,V_sufficiency,1.882016658782959e-05
discovery,exp12_config_command_06,config_command,canonical,0,canonical,1,opposite_same_wording,DETAIL_END,V_necessity_loss,0.0002199113368988037
discovery,exp12_config_command_06,config_command,canonical,0,canonical,1,opposite_same_wording,ACTION0_END,V_sufficiency,0.0002617835998535156
discovery,exp12_config_command_06,config_command,canonical,0,canonical,1,opposite_same_wording,ACTION0_END,V_necessity_loss,-0.0061181336641311646
discovery,exp12_config_command_06,config_command,canonical,0,canonical,1,opposite_same_wording,ACTION1_END,V_sufficiency,0.013657301664352417
discovery,exp12_config_command_06,config_command,canonical,0,canonical,1,opposite_same_wording,ACTION1_END,V_necessity_loss,0.006199896335601807
discovery,exp12_config_command_06,config_command,canonical,0,canonical,1,opposite_same_wording,FINAL_INSTRUCTION_END,V_sufficiency,0.01306048035621643
discovery,exp12_config_command_06,config_command,canonical,0,canonical,1,opposite_same_wording,FINAL_INSTRUCTION_END,V_necessity_loss,0.012229859828948975
discovery,exp12_config_command_06,config_command,canonical,0,canonical,1,opposite_same_wording,USER_END,V_sufficiency,0.02513730525970459
discovery,exp12_config_command_06,config_command,canonical,0,canonical,1,opposite_same_wording,USER_END,V_necessity_loss,-0.018312931060791016
discovery,exp12_config_command_06,config_command,canonical,0,canonical,1,opposite_same_wording,GENERATION_BOUNDARY,V_sufficiency,0.01314285397529602
discovery,exp12_config_command_06,config_command,canonical,0,canonical,1,opposite_same_wording,GENERATION_BOUNDARY,V_necessity_loss,0.08986813575029373
discovery,exp12_config_command_06,config_command,paraphrase,0,paraphrase,1,opposite_same_wording,SKILL_END,V_sufficiency,-0.009573578834533691
discovery,exp12_config_command_06,config_command,paraphrase,0,paraphrase,1,opposite_same_wording,SKILL_END,V_necessity_loss,0.019373953342437744
discovery,exp12_config_command_06,config_command,paraphrase,0,paraphrase,1,opposite_same_wording,SYSTEM_END,V_sufficiency,-0.0070523470640182495
discovery,exp12_config_command_06,config_command,paraphrase,0,paraphrase,1,opposite_same_wording,SYSTEM_END,V_necessity_loss,0.006045907735824585
discovery,exp12_config_command_06,config_command,paraphrase,0,paraphrase,1,opposite_same_wording,ISSUE_END,V_sufficiency,0.004452422261238098
discovery,exp12_config_command_06,config_command,paraphrase,0,paraphrase,1,opposite_same_wording,ISSUE_END,V_necessity_loss,0.007800579071044922
discovery,exp12_config_command_06,config_command,paraphrase,0,paraphrase,1,opposite_same_wording,DETAIL_END,V_sufficiency,-0.005807727575302124
discovery,exp12_config_command_06,config_command,paraphrase,0,paraphrase,1,opposite_same_wording,DETAIL_END,V_necessity_loss,0.011033877730369568
discovery,exp12_config_command_06,config_command,paraphrase,0,paraphrase,1,opposite_same_wording,ACTION0_END,V_sufficiency,-0.005015954375267029
discovery,exp12_config_command_06,config_command,paraphrase,0,paraphrase,1,opposite_same_wording,ACTION0_END,V_necessity_loss,-0.0033291876316070557
discovery,exp12_config_command_06,config_command,paraphrase,0,paraphrase,1,opposite_same_wording,ACTION1_END,V_sufficiency,-0.0014410465955734253
discovery,exp12_config_command_06,config_command,paraphrase,0,paraphrase,1,opposite_same_wording,ACTION1_END,V_necessity_loss,-0.006174042820930481
discovery,exp12_config_command_06,config_command,paraphrase,0,paraphrase,1,opposite_same_wording,FINAL_INSTRUCTION_END,V_sufficiency,0.00493215024471283
discovery,exp12_config_command_06,config_command,paraphrase,0,paraphrase,1,opposite_same_wording,FINAL_INSTRUCTION_END,V_necessity_loss,0.005557745695114136
discovery,exp12_config_command_06,config_command,paraphrase,0,paraphrase,1,opposite_same_wording,USER_END,V_sufficiency,0.004330739378929138
discovery,exp12_config_command_06,config_command,paraphrase,0,paraphrase,1,opposite_same_wording,USER_END,V_necessity_loss,0.011182323098182678
discovery,exp12_config_command_06,config_command,paraphrase,0,paraphrase,1,opposite_same_wording,GENERATION_BOUNDARY,V_sufficiency,-0.009449079632759094
discovery,exp12_config_command_06,config_command,paraphrase,0,paraphrase,1,opposite_same_wording,GENERATION_BOUNDARY,V_necessity_loss,-0.003352731466293335
discovery,exp12_config_command_06,config_command,canonical,1,canonical,0,opposite_same_wording,SKILL_END,V_sufficiency,-0.013771438971161842
discovery,exp12_config_command_06,config_command,canonical,1,canonical,0,opposite_same_wording,SKILL_END,V_necessity_loss,-3.424845635890961e-05
discovery,exp12_config_command_06,config_command,canonical,1,canonical,0,opposite_same_wording,SYSTEM_END,V_sufficiency,0.007159549742937088
discovery,exp12_config_command_06,config_command,canonical,1,canonical,0,opposite_same_wording,SYSTEM_END,V_necessity_loss,-0.020467787981033325
discovery,exp12_config_command_06,config_command,canonical,1,canonical,0,opposite_same_wording,ISSUE_END,V_sufficiency,-0.006820240989327431
discovery,exp12_config_command_06,config_command,canonical,1,canonical,0,opposite_same_wording,ISSUE_END,V_necessity_loss,7.698498666286469e-05
discovery,exp12_config_command_06,config_command,canonical,1,canonical,0,opposite_same_wording,DETAIL_END,V_sufficiency,-0.006811371073126793
discovery,exp12_config_command_06,config_command,canonical,1,canonical,0,opposite_same_wording,DETAIL_END,V_necessity_loss,-3.4123659133911133e-06
discovery,exp12_config_command_06,config_command,canonical,1,canonical,0,opposite_same_wording,ACTION0_END,V_sufficiency,-0.006682133302092552
discovery,exp12_config_command_06,config_command,canonical,1,canonical,0,opposite_same_wording,ACTION0_END,V_necessity_loss,9.268522262573242e-06
discovery,exp12_config_command_06,config_command,canonical,1,canonical,0,opposite_same_wording,ACTION1_END,V_sufficiency,0.00014697574079036713
discovery,exp12_config_command_06,config_command,canonical,1,canonical,0,opposite_same_wording,ACTION1_END,V_necessity_loss,0.013693984597921371
discovery,exp12_config_command_06,config_command,canonical,1,canonical,0,opposite_same_wording,FINAL_INSTRUCTION_END,V_sufficiency,0.027881702408194542
discovery,exp12_config_command_06,config_command,canonical,1,canonical,0,opposite_same_wording,FINAL_INSTRUCTION_END,V_necessity_loss,0.027761556208133698
discovery,exp12_config_command_06,config_command,canonical,1,canonical,0,opposite_same_wording,USER_END,V_sufficiency,0.13893973641097546
discovery,exp12_config_command_06,config_command,canonical,1,canonical,0,opposite_same_wording,USER_END,V_necessity_loss,0.09696588478982449
discovery,exp12_config_command_06,config_command,canonical,1,canonical,0,opposite_same_wording,GENERATION_BOUNDARY,V_sufficiency,0.0764247216284275
discovery,exp12_config_command_06,config_command,canonical,1,canonical,0,opposite_same_wording,GENERATION_BOUNDARY,V_necessity_loss,-0.03858666121959686
discovery,exp12_config_command_06,config_command,paraphrase,1,paraphrase,0,opposite_same_wording,SKILL_END,V_sufficiency,0.01332971453666687
discovery,exp12_config_command_06,config_command,paraphrase,1,paraphrase,0,opposite_same_wording,SKILL_END,V_necessity_loss,-0.00014457106590270996
discovery,exp12_config_command_06,config_command,paraphrase,1,paraphrase,0,opposite_same_wording,SYSTEM_END,V_sufficiency,0.013160347938537598
discovery,exp12_config_command_06,config_command,paraphrase,1,paraphrase,0,opposite_same_wording,SYSTEM_END,V_necessity_loss,0.0068059563636779785
discovery,exp12_config_command_06,config_command,paraphrase,1,paraphrase,0,opposite_same_wording,ISSUE_END,V_sufficiency,-0.0006306767463684082
discovery,exp12_config_command_06,config_command,paraphrase,1,paraphrase,0,opposite_same_wording,ISSUE_END,V_necessity_loss,0.00060996413230896
discovery,exp12_config_command_06,config_command,paraphrase,1,paraphrase,0,opposite_same_wording,DETAIL_END,V_sufficiency,0.006284207105636597
discovery,exp12_config_command_06,config_command,paraphrase,1,paraphrase,0,opposite_same_wording,DETAIL_END,V_necessity_loss,0.0002682805061340332
discovery,exp12_config_command_06,config_command,paraphrase,1,paraphrase,0,opposite_same_wording,ACTION0_END,V_sufficiency,0.005997985601425171
discovery,exp12_config_command_06,config_command,paraphrase,1,paraphrase,0,opposite_same_wording,ACTION0_END,V_necessity_loss,0.006787627935409546
discovery,exp12_config_command_06,config_command,paraphrase,1,paraphrase,0,opposite_same_wording,ACTION1_END,V_sufficiency,0.006033152341842651
discovery,exp12_config_command_06,config_command,paraphrase,1,paraphrase,0,opposite_same_wording,ACTION1_END,V_necessity_loss,-0.00010502338409423828
discovery,exp12_config_command_06,config_command,paraphrase,1,paraphrase,0,opposite_same_wording,FINAL_INSTRUCTION_END,V_sufficiency,0.026453763246536255
discovery,exp12_config_command_06,config_command,paraphrase,1,paraphrase,0,opposite_same_wording,FINAL_INSTRUCTION_END,V_necessity_loss,0.0005450844764709473
discovery,exp12_config_command_06,config_command,paraphrase,1,paraphrase,0,opposite_same_wording,USER_END,V_sufficiency,0.03302454948425293
discovery,exp12_config_command_06,config_command,paraphrase,1,paraphrase,0,opposite_same_wording,USER_END,V_necessity_loss,0.007406115531921387
discovery,exp12_config_command_06,config_command,paraphrase,1,paraphrase,0,opposite_same_wording,GENERATION_BOUNDARY,V_sufficiency,-0.005513995885848999
discovery,exp12_config_command_06,config_command,paraphrase,1,paraphrase,0,opposite_same_wording,GENERATION_BOUNDARY,V_necessity_loss,-0.01921553909778595
discovery,exp12_config_command_08,config_command,canonical,0,canonical,1,opposite_same_wording,SKILL_END,V_sufficiency,-0.001456722617149353
discovery,exp12_config_command_08,config_command,canonical,0,canonical,1,opposite_same_wording,SKILL_END,V_necessity_loss,0.000132828950881958
discovery,exp12_config_command_08,config_command,canonical,0,canonical,1,opposite_same_wording,SYSTEM_END,V_sufficiency,-0.0013808012008666992
discovery,exp12_config_command_08,config_command,canonical,0,canonical,1,opposite_same_wording,SYSTEM_END,V_necessity_loss,0.00629676878452301
discovery,exp12_config_command_08,config_command,canonical,0,canonical,1,opposite_same_wording,ISSUE_END,V_sufficiency,0.0001747608184814453
discovery,exp12_config_command_08,config_command,canonical,0,canonical,1,opposite_same_wording,ISSUE_END,V_necessity_loss,-0.00024306774139404297
discovery,exp12_config_command_08,config_command,canonical,0,canonical,1,opposite_same_wording,DETAIL_END,V_sufficiency,-7.75456428527832e-05
discovery,exp12_config_command_08,config_command,canonical,0,canonical,1,opposite_same_wording,DETAIL_END,V_necessity_loss,-0.0015698075294494629
discovery,exp12_config_command_08,config_command,canonical,0,canonical,1,opposite_same_wording,ACTION0_END,V_sufficiency,-3.960728645324707e-05
discovery,exp12_config_command_08,config_command,canonical,0,canonical,1,opposite_same_wording,ACTION0_END,V_necessity_loss,0.0007473379373550415
discovery,exp12_config_command_08,config_command,canonical,0,canonical,1,opposite_same_wording,ACTION1_END,V_sufficiency,-0.0015528053045272827
discovery,exp12_config_command_08,config_command,canonical,0,canonical,1,opposite_same_wording,ACTION1_END,V_necessity_loss,-0.007327258586883545
discovery,exp12_config_command_08,config_command,canonical,0,canonical,1,opposite_same_wording,FINAL_INSTRUCTION_END,V_sufficiency,0.01218724250793457
discovery,exp12_config_command_08,config_command,canonical,0,canonical,1,opposite_same_wording,FINAL_INSTRUCTION_END,V_necessity_loss,0.012683376669883728
discovery,exp12_config_command_08,config_command,canonical,0,canonical,1,opposite_same_wording,USER_END,V_sufficiency,0.012171074748039246
discovery,exp12_config_command_08,config_command,canonical,0,canonical,1,opposite_same_wording,USER_END,V_necessity_loss,-0.00618387758731842
discovery,exp12_config_command_08,config_command,canonical,0,canonical,1,opposite_same_wording,GENERATION_BOUNDARY,V_sufficiency,-0.00029240548610687256
discovery,exp12_config_command_08,config_command,canonical,0,canonical,1,opposite_same_wording,GENERATION_BOUNDARY,V_necessity_loss,0.09294146299362183
discovery,exp12_config_command_08,config_command,paraphrase,0,paraphrase,1,opposite_same_wording,SKILL_END,V_sufficiency,0.0005216598510742188
discovery,exp12_config_command_08,config_command,paraphrase,0,paraphrase,1,opposite_same_wording,SKILL_END,V_necessity_loss,-0.00010249018669128418
discovery,exp12_config_command_08,config_command,paraphrase,0,paraphrase,1,opposite_same_wording,SYSTEM_END,V_sufficiency,0.014351516962051392
discovery,exp12_config_command_08,config_command,paraphrase,0,paraphrase,1,opposite_same_wording,SYSTEM_END,V_necessity_loss,0.006498128175735474
discovery,exp12_config_command_08,config_command,paraphrase,0,paraphrase,1,opposite_same_wording,ISSUE_END,V_sufficiency,-0.00046797096729278564
discovery,exp12_config_command_08,config_command,paraphrase,0,paraphrase,1,opposite_same_wording,ISSUE_END,V_necessity_loss,-0.0009391307830810547
discovery,exp12_config_command_08,config_command,paraphrase,0,paraphrase,1,opposite_same_wording,DETAIL_END,V_sufficiency,0.014316797256469727
discovery,exp12_config_command_08,config_command,paraphrase,0,paraphrase,1,opposite_same_wording,DETAIL_END,V_necessity_loss,-0.007582351565361023
discovery,exp12_config_command_08,config_command,paraphrase,0,paraphrase,1,opposite_same_wording,ACTION0_END,V_sufficiency,0.007690146565437317
discovery,exp12_config_command_08,config_command,paraphrase,0,paraphrase,1,opposite_same_wording,ACTION0_END,V_necessity_loss,3.4868717193603516e-06
discovery,exp12_config_command_08,config_command,paraphrase,0,paraphrase,1,opposite_same_wording,ACTION1_END,V_sufficiency,0.0001424849033355713
discovery,exp12_config_command_08,config_command,paraphrase,0,paraphrase,1,opposite_same_wording,ACTION1_END,V_necessity_loss,-0.00016836822032928467
discovery,exp12_config_command_08,config_command,paraphrase,0,paraphrase,1,opposite_same_wording,FINAL_INSTRUCTION_END,V_sufficiency,0.013645738363265991
discovery,exp12_config_command_08,config_command,paraphrase,0,paraphrase,1,opposite_same_wording,FINAL_INSTRUCTION_END,V_necessity_loss,0.00609859824180603
discovery,exp12_config_command_08,config_command,paraphrase,0,paraphrase,1,opposite_same_wording,USER_END,V_sufficiency,0.013627395033836365
discovery,exp12_config_command_08,config_command,paraphrase,0,paraphrase,1,opposite_same_wording,USER_END,V_necessity_loss,0.01879914104938507
discovery,exp12_config_command_08,config_command,paraphrase,0,paraphrase,1,opposite_same_wording,GENERATION_BOUNDARY,V_sufficiency,-0.012834668159484863
discovery,exp12_config_command_08,config_command,paraphrase,0,paraphrase,1,opposite_same_wording,GENERATION_BOUNDARY,V_necessity_loss,0.007518649101257324
discovery,exp12_config_command_08,config_command,canonical,1,canonical,0,opposite_same_wording,SKILL_END,V_sufficiency,-0.000514637678861618
discovery,exp12_config_command_08,config_command,canonical,1,canonical,0,opposite_same_wording,SKILL_END,V_necessity_loss,-0.0071434080600738525
discovery,exp12_config_command_08,config_command,canonical,1,canonical,0,opposite_same_wording,SYSTEM_END,V_sufficiency,0.02303972840309143
discovery,exp12_config_command_08,config_command,canonical,1,canonical,0,opposite_same_wording,SYSTEM_END,V_necessity_loss,-0.02293412759900093
discovery,exp12_config_command_08,config_command,canonical,1,canonical,0,opposite_same_wording,ISSUE_END,V_sufficiency,-0.015238096937537193
discovery,exp12_config_command_08,config_command,canonical,1,canonical,0,opposite_same_wording,ISSUE_END,V_necessity_loss,-0.00716649554669857
discovery,exp12_config_command_08,config_command,canonical,1,canonical,0,opposite_same_wording,DETAIL_END,V_sufficiency,-0.015217974781990051
discovery,exp12_config_command_08,config_command,canonical,1,canonical,0,opposite_same_wording,DETAIL_END,V_necessity_loss,0.000168532133102417
discovery,exp12_config_command_08,config_command,canonical,1,canonical,0,opposite_same_wording,ACTION0_END,V_sufficiency,-0.00015459023416042328
discovery,exp12_config_command_08,config_command,canonical,1,canonical,0,opposite_same_wording,ACTION0_END,V_necessity_loss,-1.5601515769958496e-05
discovery,exp12_config_command_08,config_command,canonical,1,canonical,0,opposite_same_wording,ACTION1_END,V_sufficiency,-0.015385746955871582
discovery,exp12_config_command_08,config_command,canonical,1,canonical,0,opposite_same_wording,ACTION1_END,V_necessity_loss,-3.382377326488495e-05
discovery,exp12_config_command_08,config_command,canonical,1,canonical,0,opposite_same_wording,FINAL_INSTRUCTION_END,V_sufficiency,0.03894693776965141
discovery,exp12_config_command_08,config_command,canonical,1,canonical,0,opposite_same_wording,FINAL_INSTRUCTION_END,V_necessity_loss,0.015012538060545921
discovery,exp12_config_command_08,config_command,canonical,1,canonical,0,opposite_same_wording,USER_END,V_sufficiency,0.16390101052820683
discovery,exp12_config_command_08,config_command,canonical,1,canonical,0,opposite_same_wording,USER_END,V_necessity_loss,0.09363416396081448
discovery,exp12_config_command_08,config_command,canonical,1,canonical,0,opposite_same_wording,GENERATION_BOUNDARY,V_sufficiency,0.08553663454949856
discovery,exp12_config_command_08,config_command,canonical,1,canonical,0,opposite_same_wording,GENERATION_BOUNDARY,V_necessity_loss,-0.05106589198112488
discovery,exp12_config_command_08,config_command,paraphrase,1,paraphrase,0,opposite_same_wording,SKILL_END,V_sufficiency,0.007472187280654907
discovery,exp12_config_command_08,config_command,paraphrase,1,paraphrase,0,opposite_same_wording,SKILL_END,V_necessity_loss,-2.1725893020629883e-05
discovery,exp12_config_command_08,config_command,paraphrase,1,paraphrase,0,opposite_same_wording,SYSTEM_END,V_sufficiency,0.00816836953163147
discovery,exp12_config_command_08,config_command,paraphrase,1,paraphrase,0,opposite_same_wording,SYSTEM_END,V_necessity_loss,0.00042495131492614746
discovery,exp12_config_command_08,config_command,paraphrase,1,paraphrase,0,opposite_same_wording,ISSUE_END,V_sufficiency,0.00045865774154663086
discovery,exp12_config_command_08,config_command,paraphrase,1,paraphrase,0,opposite_same_wording,ISSUE_END,V_necessity_loss,-0.0005401968955993652
discovery,exp12_config_command_08,config_command,paraphrase,1,paraphrase,0,opposite_same_wording,DETAIL_END,V_sufficiency,0.00023037195205688477
discovery,exp12_config_command_08,config_command,paraphrase,1,paraphrase,0,opposite_same_wording,DETAIL_END,V_necessity_loss,-0.006669580936431885
discovery,exp12_config_command_08,config_command,paraphrase,1,paraphrase,0,opposite_same_wording,ACTION0_END,V_sufficiency,0.006973534822463989
discovery,exp12_config_command_08,config_command,paraphrase,1,paraphrase,0,opposite_same_wording,ACTION0_END,V_necessity_loss,-0.008286088705062866
discovery,exp12_config_command_08,config_command,paraphrase,1,paraphrase,0,opposite_same_wording,ACTION1_END,V_sufficiency,-0.0005222558975219727
discovery,exp12_config_command_08,config_command,paraphrase,1,paraphrase,0,opposite_same_wording,ACTION1_END,V_necessity_loss,-0.0013119280338287354
discovery,exp12_config_command_08,config_command,paraphrase,1,paraphrase,0,opposite_same_wording,FINAL_INSTRUCTION_END,V_sufficiency,0.029028743505477905
discovery,exp12_config_command_08,config_command,paraphrase,1,paraphrase,0,opposite_same_wording,FINAL_INSTRUCTION_END,V_necessity_loss,0.006822347640991211
discovery,exp12_config_command_08,config_command,paraphrase,1,paraphrase,0,opposite_same_wording,USER_END,V_sufficiency,0.04388931393623352
discovery,exp12_config_command_08,config_command,paraphrase,1,paraphrase,0,opposite_same_wording,USER_END,V_necessity_loss,0.00780072808265686
discovery,exp12_config_command_08,config_command,paraphrase,1,paraphrase,0,opposite_same_wording,GENERATION_BOUNDARY,V_sufficiency,0.0029757916927337646
discovery,exp12_config_command_08,config_command,paraphrase,1,paraphrase,0,opposite_same_wording,GENERATION_BOUNDARY,V_necessity_loss,-0.01891559362411499
discovery,exp12_config_command_09,config_command,canonical,0,canonical,1,opposite_same_wording,SKILL_END,V_sufficiency,0.0058715492486953735
discovery,exp12_config_command_09,config_command,canonical,0,canonical,1,opposite_same_wording,SKILL_END,V_necessity_loss,-0.005864575505256653
discovery,exp12_config_command_09,config_command,canonical,0,canonical,1,opposite_same_wording,SYSTEM_END,V_sufficiency,0.01956993341445923
discovery,exp12_config_command_09,config_command,canonical,0,canonical,1,opposite_same_wording,SYSTEM_END,V_necessity_loss,0.018228277564048767
discovery,exp12_config_command_09,config_command,canonical,0,canonical,1,opposite_same_wording,ISSUE_END,V_sufficiency,0.005874752998352051
discovery,exp12_config_command_09,config_command,canonical,0,canonical,1,opposite_same_wording,ISSUE_END,V_necessity_loss,0.007868409156799316
discovery,exp12_config_command_09,config_command,canonical,0,canonical,1,opposite_same_wording,DETAIL_END,V_sufficiency,0.00578230619430542
discovery,exp12_config_command_09,config_command,canonical,0,canonical,1,opposite_same_wording,DETAIL_END,V_necessity_loss,-0.006432145833969116
discovery,exp12_config_command_09,config_command,canonical,0,canonical,1,opposite_same_wording,ACTION0_END,V_sufficiency,0.006795823574066162
discovery,exp12_config_command_09,config_command,canonical,0,canonical,1,opposite_same_wording,ACTION0_END,V_necessity_loss,0.0001144111156463623
discovery,exp12_config_command_09,config_command,canonical,0,canonical,1,opposite_same_wording,ACTION1_END,V_sufficiency,0.01252901554107666
discovery,exp12_config_command_09,config_command,canonical,0,canonical,1,opposite_same_wording,ACTION1_END,V_necessity_loss,0.012303516268730164
discovery,exp12_config_command_09,config_command,canonical,0,canonical,1,opposite_same_wording,FINAL_INSTRUCTION_END,V_sufficiency,0.011909812688827515
discovery,exp12_config_command_09,config_command,canonical,0,canonical,1,opposite_same_wording,FINAL_INSTRUCTION_END,V_necessity_loss,0.01097618043422699
discovery,exp12_config_command_09,config_command,canonical,0,canonical,1,opposite_same_wording,USER_END,V_sufficiency,0.03059355914592743
discovery,exp12_config_command_09,config_command,canonical,0,canonical,1,opposite_same_wording,USER_END,V_necessity_loss,0.029197409749031067
discovery,exp12_config_command_09,config_command,canonical,0,canonical,1,opposite_same_wording,GENERATION_BOUNDARY,V_sufficiency,0.00652901828289032
discovery,exp12_config_command_09,config_command,canonical,0,canonical,1,opposite_same_wording,GENERATION_BOUNDARY,V_necessity_loss,0.1053043007850647
discovery,exp12_config_command_09,config_command,paraphrase,0,paraphrase,1,opposite_same_wording,SKILL_END,V_sufficiency,-0.0006512701511383057
discovery,exp12_config_command_09,config_command,paraphrase,0,paraphrase,1,opposite_same_wording,SKILL_END,V_necessity_loss,0.006992459297180176
discovery,exp12_config_command_09,config_command,paraphrase,0,paraphrase,1,opposite_same_wording,SYSTEM_END,V_sufficiency,-0.0009286403656005859
discovery,exp12_config_command_09,config_command,paraphrase,0,paraphrase,1,opposite_same_wording,SYSTEM_END,V_necessity_loss,0.0051546841859817505
discovery,exp12_config_command_09,config_command,paraphrase,0,paraphrase,1,opposite_same_wording,ISSUE_END,V_sufficiency,0.0003437846899032593
discovery,exp12_config_command_09,config_command,paraphrase,0,paraphrase,1,opposite_same_wording,ISSUE_END,V_necessity_loss,-9.146332740783691e-05
discovery,exp12_config_command_09,config_command,paraphrase,0,paraphrase,1,opposite_same_wording,DETAIL_END,V_sufficiency,-0.006772831082344055
discovery,exp12_config_command_09,config_command,paraphrase,0,paraphrase,1,opposite_same_wording,DETAIL_END,V_necessity_loss,-3.9324164390563965e-05
discovery,exp12_config_command_09,config_command,paraphrase,0,paraphrase,1,opposite_same_wording,ACTION0_END,V_sufficiency,-0.0055908262729644775
discovery,exp12_config_command_09,config_command,paraphrase,0,paraphrase,1,opposite_same_wording,ACTION0_END,V_necessity_loss,0.005685269832611084
discovery,exp12_config_command_09,config_command,paraphrase,0,paraphrase,1,opposite_same_wording,ACTION1_END,V_sufficiency,-0.0004166215658187866
discovery,exp12_config_command_09,config_command,paraphrase,0,paraphrase,1,opposite_same_wording,ACTION1_END,V_necessity_loss,1.4156103134155273e-05
discovery,exp12_config_command_09,config_command,paraphrase,0,paraphrase,1,opposite_same_wording,FINAL_INSTRUCTION_END,V_sufficiency,-0.0002468377351760864
discovery,exp12_config_command_09,config_command,paraphrase,0,paraphrase,1,opposite_same_wording,FINAL_INSTRUCTION_END,V_necessity_loss,0.005226612091064453
discovery,exp12_config_command_09,config_command,paraphrase,0,paraphrase,1,opposite_same_wording,USER_END,V_sufficiency,0.012260347604751587
discovery,exp12_config_command_09,config_command,paraphrase,0,paraphrase,1,opposite_same_wording,USER_END,V_necessity_loss,0.011065587401390076
discovery,exp12_config_command_09,config_command,paraphrase,0,paraphrase,1,opposite_same_wording,GENERATION_BOUNDARY,V_sufficiency,-0.006568461656570435
discovery,exp12_config_command_09,config_command,paraphrase,0,paraphrase,1,opposite_same_wording,GENERATION_BOUNDARY,V_necessity_loss,0.006917208433151245
discovery,exp12_config_command_09,config_command,canonical,1,canonical,0,opposite_same_wording,SKILL_END,V_sufficiency,0.006316451355814934
discovery,exp12_config_command_09,config_command,canonical,1,canonical,0,opposite_same_wording,SKILL_END,V_necessity_loss,-0.006774555891752243
discovery,exp12_config_command_09,config_command,canonical,1,canonical,0,opposite_same_wording,SYSTEM_END,V_sufficiency,0.027236290276050568
discovery,exp12_config_command_09,config_command,canonical,1,canonical,0,opposite_same_wording,SYSTEM_END,V_necessity_loss,-0.0069468021392822266
discovery,exp12_config_command_09,config_command,canonical,1,canonical,0,opposite_same_wording,ISSUE_END,V_sufficiency,0.013273106887936592
discovery,exp12_config_command_09,config_command,canonical,1,canonical,0,opposite_same_wording,ISSUE_END,V_necessity_loss,0.00032234005630016327
discovery,exp12_config_command_09,config_command,canonical,1,canonical,0,opposite_same_wording,DETAIL_END,V_sufficiency,0.0063974689692258835
discovery,exp12_config_command_09,config_command,canonical,1,canonical,0,opposite_same_wording,DETAIL_END,V_necessity_loss,2.9206275939941406e-05
discovery,exp12_config_command_09,config_command,canonical,1,canonical,0,opposite_same_wording,ACTION0_END,V_sufficiency,0.013275759294629097
discovery,exp12_config_command_09,config_command,canonical,1,canonical,0,opposite_same_wording,ACTION0_END,V_necessity_loss,-0.013073869049549103
discovery,exp12_config_command_09,config_command,canonical,1,canonical,0,opposite_same_wording,ACTION1_END,V_sufficiency,0.006888292729854584
discovery,exp12_config_command_09,config_command,canonical,1,canonical,0,opposite_same_wording,ACTION1_END,V_necessity_loss,-2.862885594367981e-06
discovery,exp12_config_command_09,config_command,canonical,1,canonical,0,opposite_same_wording,FINAL_INSTRUCTION_END,V_sufficiency,0.05488082207739353
discovery,exp12_config_command_09,config_command,canonical,1,canonical,0,opposite_same_wording,FINAL_INSTRUCTION_END,V_necessity_loss,0.013928472995758057
discovery,exp12_config_command_09,config_command,canonical,1,canonical,0,opposite_same_wording,USER_END,V_sufficiency,0.13792968355119228
discovery,exp12_config_command_09,config_command,canonical,1,canonical,0,opposite_same_wording,USER_END,V_necessity_loss,0.082855936139822
discovery,exp12_config_command_09,config_command,canonical,1,canonical,0,opposite_same_wording,GENERATION_BOUNDARY,V_sufficiency,0.08249989151954651
discovery,exp12_config_command_09,config_command,canonical,1,canonical,0,opposite_same_wording,GENERATION_BOUNDARY,V_necessity_loss,-0.06064581871032715
discovery,exp12_config_command_09,config_command,paraphrase,1,paraphrase,0,opposite_same_wording,SKILL_END,V_sufficiency,0.0065288543701171875
discovery,exp12_config_command_09,config_command,paraphrase,1,paraphrase,0,opposite_same_wording,SKILL_END,V_necessity_loss,-0.0013008713722229004
discovery,exp12_config_command_09,config_command,paraphrase,1,paraphrase,0,opposite_same_wording,SYSTEM_END,V_sufficiency,0.006381481885910034
discovery,exp12_config_command_09,config_command,paraphrase,1,paraphrase,0,opposite_same_wording,SYSTEM_END,V_necessity_loss,-0.005911082029342651
discovery,exp12_config_command_09,config_command,paraphrase,1,paraphrase,0,opposite_same_wording,ISSUE_END,V_sufficiency,0.005297631025314331
discovery,exp12_config_command_09,config_command,paraphrase,1,paraphrase,0,opposite_same_wording,ISSUE_END,V_necessity_loss,7.042288780212402e-05
discovery,exp12_config_command_09,config_command,paraphrase,1,paraphrase,0,opposite_same_wording,DETAIL_END,V_sufficiency,0.005968660116195679
discovery,exp12_config_command_09,config_command,paraphrase,1,paraphrase,0,opposite_same_wording,DETAIL_END,V_necessity_loss,2.682209014892578e-07
discovery,exp12_config_command_09,config_command,paraphrase,1,paraphrase,0,opposite_same_wording,ACTION0_END,V_sufficiency,0.006369262933731079
discovery,exp12_config_command_09,config_command,paraphrase,1,paraphrase,0,opposite_same_wording,ACTION0_END,V_necessity_loss,0.0004532933235168457
discovery,exp12_config_command_09,config_command,paraphrase,1,paraphrase,0,opposite_same_wording,ACTION1_END,V_sufficiency,-0.0004233419895172119
discovery,exp12_config_command_09,config_command,paraphrase,1,paraphrase,0,opposite_same_wording,ACTION1_END,V_necessity_loss,-0.0005094408988952637
discovery,exp12_config_command_09,config_command,paraphrase,1,paraphrase,0,opposite_same_wording,FINAL_INSTRUCTION_END,V_sufficiency,0.025066673755645752
discovery,exp12_config_command_09,config_command,paraphrase,1,paraphrase,0,opposite_same_wording,FINAL_INSTRUCTION_END,V_necessity_loss,0.013589680194854736
discovery,exp12_config_command_09,config_command,paraphrase,1,paraphrase,0,opposite_same_wording,USER_END,V_sufficiency,0.04375985264778137
discovery,exp12_config_command_09,config_command,paraphrase,1,paraphrase,0,opposite_same_wording,USER_END,V_necessity_loss,0.025684505701065063
discovery,exp12_config_command_09,config_command,paraphrase,1,paraphrase,0,opposite_same_wording,GENERATION_BOUNDARY,V_sufficiency,0.007557600736618042
discovery,exp12_config_command_09,config_command,paraphrase,1,paraphrase,0,opposite_same_wording,GENERATION_BOUNDARY,V_necessity_loss,0.0006746798753738403
discovery,exp12_config_command_10,config_command,canonical,0,canonical,1,opposite_same_wording,SKILL_END,V_sufficiency,-0.0003407895565032959
discovery,exp12_config_command_10,config_command,canonical,0,canonical,1,opposite_same_wording,SKILL_END,V_necessity_loss,-0.00021964311599731445
discovery,exp12_config_command_10,config_command,canonical,0,canonical,1,opposite_same_wording,SYSTEM_END,V_sufficiency,0.0006117373704910278
discovery,exp12_config_command_10,config_command,canonical,0,canonical,1,opposite_same_wording,SYSTEM_END,V_necessity_loss,0.011095955967903137
discovery,exp12_config_command_10,config_command,canonical,0,canonical,1,opposite_same_wording,ISSUE_END,V_sufficiency,-0.0002906620502471924
discovery,exp12_config_command_10,config_command,canonical,0,canonical,1,opposite_same_wording,ISSUE_END,V_necessity_loss,0.005960434675216675
discovery,exp12_config_command_10,config_command,canonical,0,canonical,1,opposite_same_wording,DETAIL_END,V_sufficiency,-0.005199864506721497
discovery,exp12_config_command_10,config_command,canonical,0,canonical,1,opposite_same_wording,DETAIL_END,V_necessity_loss,0.006339341402053833
discovery,exp12_config_command_10,config_command,canonical,0,canonical,1,opposite_same_wording,ACTION0_END,V_sufficiency,-0.00030669569969177246
discovery,exp12_config_command_10,config_command,canonical,0,canonical,1,opposite_same_wording,ACTION0_END,V_necessity_loss,0.013135775923728943
discovery,exp12_config_command_10,config_command,canonical,0,canonical,1,opposite_same_wording,ACTION1_END,V_sufficiency,0.005665376782417297
discovery,exp12_config_command_10,config_command,canonical,0,canonical,1,opposite_same_wording,ACTION1_END,V_necessity_loss,-0.0007540732622146606
discovery,exp12_config_command_10,config_command,canonical,0,canonical,1,opposite_same_wording,FINAL_INSTRUCTION_END,V_sufficiency,0.011321350932121277
discovery,exp12_config_command_10,config_command,canonical,0,canonical,1,opposite_same_wording,FINAL_INSTRUCTION_END,V_necessity_loss,0.011667832732200623
discovery,exp12_config_command_10,config_command,canonical,0,canonical,1,opposite_same_wording,USER_END,V_sufficiency,0.017044395208358765
discovery,exp12_config_command_10,config_command,canonical,0,canonical,1,opposite_same_wording,USER_END,V_necessity_loss,0.03054872155189514
discovery,exp12_config_command_10,config_command,canonical,0,canonical,1,opposite_same_wording,GENERATION_BOUNDARY,V_sufficiency,0.006726503372192383
discovery,exp12_config_command_10,config_command,canonical,0,canonical,1,opposite_same_wording,GENERATION_BOUNDARY,V_necessity_loss,0.12895838916301727
discovery,exp12_config_command_10,config_command,paraphrase,0,paraphrase,1,opposite_same_wording,SKILL_END,V_sufficiency,0.013382792472839355
discovery,exp12_config_command_10,config_command,paraphrase,0,paraphrase,1,opposite_same_wording,SKILL_END,V_necessity_loss,-0.0055980682373046875
discovery,exp12_config_command_10,config_command,paraphrase,0,paraphrase,1,opposite_same_wording,SYSTEM_END,V_sufficiency,0.01911507546901703
discovery,exp12_config_command_10,config_command,paraphrase,0,paraphrase,1,opposite_same_wording,SYSTEM_END,V_necessity_loss,0.00011077523231506348
discovery,exp12_config_command_10,config_command,paraphrase,0,paraphrase,1,opposite_same_wording,ISSUE_END,V_sufficiency,0.019078731536865234
discovery,exp12_config_command_10,config_command,paraphrase,0,paraphrase,1,opposite_same_wording,ISSUE_END,V_necessity_loss,0.005615651607513428
discovery,exp12_config_command_10,config_command,paraphrase,0,paraphrase,1,opposite_same_wording,DETAIL_END,V_sufficiency,0.00760747492313385
discovery,exp12_config_command_10,config_command,paraphrase,0,paraphrase,1,opposite_same_wording,DETAIL_END,V_necessity_loss,-0.00014103949069976807
discovery,exp12_config_command_10,config_command,paraphrase,0,paraphrase,1,opposite_same_wording,ACTION0_END,V_sufficiency,0.00010409951210021973
discovery,exp12_config_command_10,config_command,paraphrase,0,paraphrase,1,opposite_same_wording,ACTION0_END,V_necessity_loss,-8.931756019592285e-05
discovery,exp12_config_command_10,config_command,paraphrase,0,paraphrase,1,opposite_same_wording,ACTION1_END,V_sufficiency,0.013266995549201965
discovery,exp12_config_command_10,config_command,paraphrase,0,paraphrase,1,opposite_same_wording,ACTION1_END,V_necessity_loss,-0.005660995841026306
discovery,exp12_config_command_10,config_command,paraphrase,0,paraphrase,1,opposite_same_wording,FINAL_INSTRUCTION_END,V_sufficiency,-0.00023274123668670654
discovery,exp12_config_command_10,config_command,paraphrase,0,paraphrase,1,opposite_same_wording,FINAL_INSTRUCTION_END,V_necessity_loss,0.01186719536781311
discovery,exp12_config_command_10,config_command,paraphrase,0,paraphrase,1,opposite_same_wording,USER_END,V_sufficiency,0.018618419766426086
discovery,exp12_config_command_10,config_command,paraphrase,0,paraphrase,1,opposite_same_wording,USER_END,V_necessity_loss,0.010873526334762573
discovery,exp12_config_command_10,config_command,paraphrase,0,paraphrase,1,opposite_same_wording,GENERATION_BOUNDARY,V_sufficiency,0.006367921829223633
discovery,exp12_config_command_10,config_command,paraphrase,0,paraphrase,1,opposite_same_wording,GENERATION_BOUNDARY,V_necessity_loss,0.0023081600666046143
discovery,exp12_config_command_10,config_command,canonical,1,canonical,0,opposite_same_wording,SKILL_END,V_sufficiency,-0.006782827898859978
discovery,exp12_config_command_10,config_command,canonical,1,canonical,0,opposite_same_wording,SKILL_END,V_necessity_loss,-2.084486186504364e-05
discovery,exp12_config_command_10,config_command,canonical,1,canonical,0,opposite_same_wording,SYSTEM_END,V_sufficiency,0.013560496270656586
discovery,exp12_config_command_10,config_command,canonical,1,canonical,0,opposite_same_wording,SYSTEM_END,V_necessity_loss,-0.006910750642418861
discovery,exp12_config_command_10,config_command,canonical,1,canonical,0,opposite_same_wording,ISSUE_END,V_sufficiency,-0.006838707253336906
discovery,exp12_config_command_10,config_command,canonical,1,canonical,0,opposite_same_wording,ISSUE_END,V_necessity_loss,-0.00699608214199543
discovery,exp12_config_command_10,config_command,canonical,1,canonical,0,opposite_same_wording,DETAIL_END,V_sufficiency,0.006455462425947189
discovery,exp12_config_command_10,config_command,canonical,1,canonical,0,opposite_same_wording,DETAIL_END,V_necessity_loss,-0.006984258070588112
discovery,exp12_config_command_10,config_command,canonical,1,canonical,0,opposite_same_wording,ACTION0_END,V_sufficiency,9.487755596637726e-05
discovery,exp12_config_command_10,config_command,canonical,1,canonical,0,opposite_same_wording,ACTION0_END,V_necessity_loss,-9.484216570854187e-05
discovery,exp12_config_command_10,config_command,canonical,1,canonical,0,opposite_same_wording,ACTION1_END,V_sufficiency,0.007114283740520477
discovery,exp12_config_command_10,config_command,canonical,1,canonical,0,opposite_same_wording,ACTION1_END,V_necessity_loss,-0.01326131820678711
discovery,exp12_config_command_10,config_command,canonical,1,canonical,0,opposite_same_wording,FINAL_INSTRUCTION_END,V_sufficiency,0.027832670137286186
discovery,exp12_config_command_10,config_command,canonical,1,canonical,0,opposite_same_wording,FINAL_INSTRUCTION_END,V_necessity_loss,0.013905804604291916
discovery,exp12_config_command_10,config_command,canonical,1,canonical,0,opposite_same_wording,USER_END,V_sufficiency,0.11788583546876907
discovery,exp12_config_command_10,config_command,canonical,1,canonical,0,opposite_same_wording,USER_END,V_necessity_loss,0.07616851851344109
discovery,exp12_config_command_10,config_command,canonical,1,canonical,0,opposite_same_wording,GENERATION_BOUNDARY,V_sufficiency,0.0826086476445198
discovery,exp12_config_command_10,config_command,canonical,1,canonical,0,opposite_same_wording,GENERATION_BOUNDARY,V_necessity_loss,-0.04761672019958496
discovery,exp12_config_command_10,config_command,paraphrase,1,paraphrase,0,opposite_same_wording,SKILL_END,V_sufficiency,0.013935178518295288
discovery,exp12_config_command_10,config_command,paraphrase,1,paraphrase,0,opposite_same_wording,SKILL_END,V_necessity_loss,0.00018328428268432617
discovery,exp12_config_command_10,config_command,paraphrase,1,paraphrase,0,opposite_same_wording,SYSTEM_END,V_sufficiency,0.020192325115203857
discovery,exp12_config_command_10,config_command,paraphrase,1,paraphrase,0,opposite_same_wording,SYSTEM_END,V_necessity_loss,-4.246830940246582e-05
discovery,exp12_config_command_10,config_command,paraphrase,1,paraphrase,0,opposite_same_wording,ISSUE_END,V_sufficiency,0.013061821460723877
discovery,exp12_config_command_10,config_command,paraphrase,1,paraphrase,0,opposite_same_wording,ISSUE_END,V_necessity_loss,-0.0016316771507263184
discovery,exp12_config_command_10,config_command,paraphrase,1,paraphrase,0,opposite_same_wording,DETAIL_END,V_sufficiency,0.006869494915008545
discovery,exp12_config_command_10,config_command,paraphrase,1,paraphrase,0,opposite_same_wording,DETAIL_END,V_necessity_loss,-0.00099143385887146
discovery,exp12_config_command_10,config_command,paraphrase,1,paraphrase,0,opposite_same_wording,ACTION0_END,V_sufficiency,0.006766617298126221
discovery,exp12_config_command_10,config_command,paraphrase,1,paraphrase,0,opposite_same_wording,ACTION0_END,V_necessity_loss,-0.0004048943519592285
discovery,exp12_config_command_10,config_command,paraphrase,1,paraphrase,0,opposite_same_wording,ACTION1_END,V_sufficiency,0.007083207368850708
discovery,exp12_config_command_10,config_command,paraphrase,1,paraphrase,0,opposite_same_wording,ACTION1_END,V_necessity_loss,0.006996095180511475
discovery,exp12_config_command_10,config_command,paraphrase,1,paraphrase,0,opposite_same_wording,FINAL_INSTRUCTION_END,V_sufficiency,0.0329289436340332
discovery,exp12_config_command_10,config_command,paraphrase,1,paraphrase,0,opposite_same_wording,FINAL_INSTRUCTION_END,V_necessity_loss,0.006668388843536377
discovery,exp12_config_command_10,config_command,paraphrase,1,paraphrase,0,opposite_same_wording,USER_END,V_sufficiency,0.039043694734573364
discovery,exp12_config_command_10,config_command,paraphrase,1,paraphrase,0,opposite_same_wording,USER_END,V_necessity_loss,0.018972039222717285
discovery,exp12_config_command_10,config_command,paraphrase,1,paraphrase,0,opposite_same_wording,GENERATION_BOUNDARY,V_sufficiency,0.01567983627319336
discovery,exp12_config_command_10,config_command,paraphrase,1,paraphrase,0,opposite_same_wording,GENERATION_BOUNDARY,V_necessity_loss,-0.011973351240158081
discovery,exp12_config_command_11,config_command,canonical,0,canonical,1,opposite_same_wording,SKILL_END,V_sufficiency,-0.006618067622184753
discovery,exp12_config_command_11,config_command,canonical,0,canonical,1,opposite_same_wording,SKILL_END,V_necessity_loss,-0.0002808868885040283
discovery,exp12_config_command_11,config_command,canonical,0,canonical,1,opposite_same_wording,SYSTEM_END,V_sufficiency,0.01274716854095459
discovery,exp12_config_command_11,config_command,canonical,0,canonical,1,opposite_same_wording,SYSTEM_END,V_necessity_loss,0.005676239728927612
discovery,exp12_config_command_11,config_command,canonical,0,canonical,1,opposite_same_wording,ISSUE_END,V_sufficiency,0.00653250515460968
discovery,exp12_config_command_11,config_command,canonical,0,canonical,1,opposite_same_wording,ISSUE_END,V_necessity_loss,-0.007227614521980286
discovery,exp12_config_command_11,config_command,canonical,0,canonical,1,opposite_same_wording,DETAIL_END,V_sufficiency,-0.007198438048362732
discovery,exp12_config_command_11,config_command,canonical,0,canonical,1,opposite_same_wording,DETAIL_END,V_necessity_loss,-0.012865111231803894
discovery,exp12_config_command_11,config_command,canonical,0,canonical,1,opposite_same_wording,ACTION0_END,V_sufficiency,3.0934810638427734e-05
discovery,exp12_config_command_11,config_command,canonical,0,canonical,1,opposite_same_wording,ACTION0_END,V_necessity_loss,-0.013615190982818604
discovery,exp12_config_command_11,config_command,canonical,0,canonical,1,opposite_same_wording,ACTION1_END,V_sufficiency,0.006304457783699036
discovery,exp12_config_command_11,config_command,canonical,0,canonical,1,opposite_same_wording,ACTION1_END,V_necessity_loss,0.013319969177246094
discovery,exp12_config_command_11,config_command,canonical,0,canonical,1,opposite_same_wording,FINAL_INSTRUCTION_END,V_sufficiency,-0.0007802844047546387
discovery,exp12_config_command_11,config_command,canonical,0,canonical,1,opposite_same_wording,FINAL_INSTRUCTION_END,V_necessity_loss,0.006235137581825256
discovery,exp12_config_command_11,config_command,canonical,0,canonical,1,opposite_same_wording,USER_END,V_sufficiency,0.024639785289764404
discovery,exp12_config_command_11,config_command,canonical,0,canonical,1,opposite_same_wording,USER_END,V_necessity_loss,0.012932166457176208
discovery,exp12_config_command_11,config_command,canonical,0,canonical,1,opposite_same_wording,GENERATION_BOUNDARY,V_sufficiency,0.006426796317100525
discovery,exp12_config_command_11,config_command,canonical,0,canonical,1,opposite_same_wording,GENERATION_BOUNDARY,V_necessity_loss,0.12825769931077957
discovery,exp12_config_command_11,config_command,paraphrase,0,paraphrase,1,opposite_same_wording,SKILL_END,V_sufficiency,0.006345495581626892
discovery,exp12_config_command_11,config_command,paraphrase,0,paraphrase,1,opposite_same_wording,SKILL_END,V_necessity_loss,3.771483898162842e-05
discovery,exp12_config_command_11,config_command,paraphrase,0,paraphrase,1,opposite_same_wording,SYSTEM_END,V_sufficiency,0.005977734923362732
discovery,exp12_config_command_11,config_command,paraphrase,0,paraphrase,1,opposite_same_wording,SYSTEM_END,V_necessity_loss,0.012605980038642883
discovery,exp12_config_command_11,config_command,paraphrase,0,paraphrase,1,opposite_same_wording,ISSUE_END,V_sufficiency,-0.00038292258977890015
discovery,exp12_config_command_11,config_command,paraphrase,0,paraphrase,1,opposite_same_wording,ISSUE_END,V_necessity_loss,6.776303052902222e-05
discovery,exp12_config_command_11,config_command,paraphrase,0,paraphrase,1,opposite_same_wording,DETAIL_END,V_sufficiency,-0.006461158394813538
discovery,exp12_config_command_11,config_command,paraphrase,0,paraphrase,1,opposite_same_wording,DETAIL_END,V_necessity_loss,0.00656147301197052
discovery,exp12_config_command_11,config_command,paraphrase,0,paraphrase,1,opposite_same_wording,ACTION0_END,V_sufficiency,0.0065209269523620605
discovery,exp12_config_command_11,config_command,paraphrase,0,paraphrase,1,opposite_same_wording,ACTION0_END,V_necessity_loss,0.006740555167198181
discovery,exp12_config_command_11,config_command,paraphrase,0,paraphrase,1,opposite_same_wording,ACTION1_END,V_sufficiency,0.006309300661087036
discovery,exp12_config_command_11,config_command,paraphrase,0,paraphrase,1,opposite_same_wording,ACTION1_END,V_necessity_loss,0.00624798983335495
discovery,exp12_config_command_11,config_command,paraphrase,0,paraphrase,1,opposite_same_wording,FINAL_INSTRUCTION_END,V_sufficiency,-0.00023736059665679932
discovery,exp12_config_command_11,config_command,paraphrase,0,paraphrase,1,opposite_same_wording,FINAL_INSTRUCTION_END,V_necessity_loss,0.012866079807281494
discovery,exp12_config_command_11,config_command,paraphrase,0,paraphrase,1,opposite_same_wording,USER_END,V_sufficiency,0.012738332152366638
discovery,exp12_config_command_11,config_command,paraphrase,0,paraphrase,1,opposite_same_wording,USER_END,V_necessity_loss,0.02556484192609787
discovery,exp12_config_command_11,config_command,paraphrase,0,paraphrase,1,opposite_same_wording,GENERATION_BOUNDARY,V_sufficiency,-0.012980736792087555
discovery,exp12_config_command_11,config_command,paraphrase,0,paraphrase,1,opposite_same_wording,GENERATION_BOUNDARY,V_necessity_loss,0.006207019090652466
discovery,exp12_config_command_11,config_command,canonical,1,canonical,0,opposite_same_wording,SKILL_END,V_sufficiency,-3.7066638469696045e-07
discovery,exp12_config_command_11,config_command,canonical,1,canonical,0,opposite_same_wording,SKILL_END,V_necessity_loss,-0.006850261241197586
discovery,exp12_config_command_11,config_command,canonical,1,canonical,0,opposite_same_wording,SYSTEM_END,V_sufficiency,0.00031466037034988403
discovery,exp12_config_command_11,config_command,canonical,1,canonical,0,opposite_same_wording,SYSTEM_END,V_necessity_loss,-0.006906222552061081
discovery,exp12_config_command_11,config_command,canonical,1,canonical,0,opposite_same_wording,ISSUE_END,V_sufficiency,-0.00696142390370369
discovery,exp12_config_command_11,config_command,canonical,1,canonical,0,opposite_same_wording,ISSUE_END,V_necessity_loss,-4.9855560064315796e-05
discovery,exp12_config_command_11,config_command,canonical,1,canonical,0,opposite_same_wording,DETAIL_END,V_sufficiency,-0.02052866667509079
discovery,exp12_config_command_11,config_command,canonical,1,canonical,0,opposite_same_wording,DETAIL_END,V_necessity_loss,0.0069394297897815704
discovery,exp12_config_command_11,config_command,canonical,1,canonical,0,opposite_same_wording,ACTION0_END,V_sufficiency,-0.006706196814775467
discovery,exp12_config_command_11,config_command,canonical,1,canonical,0,opposite_same_wording,ACTION0_END,V_necessity_loss,0.013437662273645401
discovery,exp12_config_command_11,config_command,canonical,1,canonical,0,opposite_same_wording,ACTION1_END,V_sufficiency,-0.006643854081630707
discovery,exp12_config_command_11,config_command,canonical,1,canonical,0,opposite_same_wording,ACTION1_END,V_necessity_loss,-0.006920481100678444
discovery,exp12_config_command_11,config_command,canonical,1,canonical,0,opposite_same_wording,FINAL_INSTRUCTION_END,V_sufficiency,0.027810361236333847
discovery,exp12_config_command_11,config_command,canonical,1,canonical,0,opposite_same_wording,FINAL_INSTRUCTION_END,V_necessity_loss,0.013873551040887833
discovery,exp12_config_command_11,config_command,canonical,1,canonical,0,opposite_same_wording,USER_END,V_sufficiency,0.12510212324559689
discovery,exp12_config_command_11,config_command,canonical,1,canonical,0,opposite_same_wording,USER_END,V_necessity_loss,0.08330345526337624
discovery,exp12_config_command_11,config_command,canonical,1,canonical,0,opposite_same_wording,GENERATION_BOUNDARY,V_sufficiency,0.06239322945475578
discovery,exp12_config_command_11,config_command,canonical,1,canonical,0,opposite_same_wording,GENERATION_BOUNDARY,V_necessity_loss,-0.051079899072647095
discovery,exp12_config_command_11,config_command,paraphrase,1,paraphrase,0,opposite_same_wording,SKILL_END,V_sufficiency,0.006270170211791992
discovery,exp12_config_command_11,config_command,paraphrase,1,paraphrase,0,opposite_same_wording,SKILL_END,V_necessity_loss,0.006257832050323486
discovery,exp12_config_command_11,config_command,paraphrase,1,paraphrase,0,opposite_same_wording,SYSTEM_END,V_sufficiency,-9.176135063171387e-05
discovery,exp12_config_command_11,config_command,paraphrase,1,paraphrase,0,opposite_same_wording,SYSTEM_END,V_necessity_loss,0.00029927492141723633
discovery,exp12_config_command_11,config_command,paraphrase,1,paraphrase,0,opposite_same_wording,ISSUE_END,V_sufficiency,-3.5375356674194336e-05
discovery,exp12_config_command_11,config_command,paraphrase,1,paraphrase,0,opposite_same_wording,ISSUE_END,V_necessity_loss,-6.315112113952637e-05
discovery,exp12_config_command_11,config_command,paraphrase,1,paraphrase,0,opposite_same_wording,DETAIL_END,V_sufficiency,9.837746620178223e-05
discovery,exp12_config_command_11,config_command,paraphrase,1,paraphrase,0,opposite_same_wording,DETAIL_END,V_necessity_loss,-0.013834208250045776
discovery,exp12_config_command_11,config_command,paraphrase,1,paraphrase,0,opposite_same_wording,ACTION0_END,V_sufficiency,-0.00043895840644836426
discovery,exp12_config_command_11,config_command,paraphrase,1,paraphrase,0,opposite_same_wording,ACTION0_END,V_necessity_loss,-0.007222950458526611
discovery,exp12_config_command_11,config_command,paraphrase,1,paraphrase,0,opposite_same_wording,ACTION1_END,V_sufficiency,2.1129846572875977e-05
discovery,exp12_config_command_11,config_command,paraphrase,1,paraphrase,0,opposite_same_wording,ACTION1_END,V_necessity_loss,-9.438395500183105e-05
discovery,exp12_config_command_11,config_command,paraphrase,1,paraphrase,0,opposite_same_wording,FINAL_INSTRUCTION_END,V_sufficiency,0.012377679347991943
discovery,exp12_config_command_11,config_command,paraphrase,1,paraphrase,0,opposite_same_wording,FINAL_INSTRUCTION_END,V_necessity_loss,-0.00019040703773498535
discovery,exp12_config_command_11,config_command,paraphrase,1,paraphrase,0,opposite_same_wording,USER_END,V_sufficiency,0.04571518301963806
discovery,exp12_config_command_11,config_command,paraphrase,1,paraphrase,0,opposite_same_wording,USER_END,V_necessity_loss,0.026237279176712036
discovery,exp12_config_command_11,config_command,paraphrase,1,paraphrase,0,opposite_same_wording,GENERATION_BOUNDARY,V_sufficiency,0.0006397366523742676
discovery,exp12_config_command_11,config_command,paraphrase,1,paraphrase,0,opposite_same_wording,GENERATION_BOUNDARY,V_necessity_loss,-0.012813329696655273
discovery,exp12_config_command_12,config_command,canonical,0,canonical,1,opposite_same_wording,SKILL_END,V_sufficiency,0.0066722482442855835
discovery,exp12_config_command_12,config_command,canonical,0,canonical,1,opposite_same_wording,SKILL_END,V_necessity_loss,-0.019831478595733643
discovery,exp12_config_command_12,config_command,canonical,0,canonical,1,opposite_same_wording,SYSTEM_END,V_sufficiency,0.006627514958381653
discovery,exp12_config_command_12,config_command,canonical,0,canonical,1,opposite_same_wording,SYSTEM_END,V_necessity_loss,0.012651607394218445
discovery,exp12_config_command_12,config_command,canonical,0,canonical,1,opposite_same_wording,ISSUE_END,V_sufficiency,0.0004186481237411499
discovery,exp12_config_command_12,config_command,canonical,0,canonical,1,opposite_same_wording,ISSUE_END,V_necessity_loss,-5.08427619934082e-05
discovery,exp12_config_command_12,config_command,canonical,0,canonical,1,opposite_same_wording,DETAIL_END,V_sufficiency,0.00010512769222259521
discovery,exp12_config_command_12,config_command,canonical,0,canonical,1,opposite_same_wording,DETAIL_END,V_necessity_loss,-6.608664989471436e-05
discovery,exp12_config_command_12,config_command,canonical,0,canonical,1,opposite_same_wording,ACTION0_END,V_sufficiency,0.00010204315185546875
discovery,exp12_config_command_12,config_command,canonical,0,canonical,1,opposite_same_wording,ACTION0_END,V_necessity_loss,-0.00029903650283813477
discovery,exp12_config_command_12,config_command,canonical,0,canonical,1,opposite_same_wording,ACTION1_END,V_sufficiency,-0.00025922060012817383
discovery,exp12_config_command_12,config_command,canonical,0,canonical,1,opposite_same_wording,ACTION1_END,V_necessity_loss,-0.013797551393508911
discovery,exp12_config_command_12,config_command,canonical,0,canonical,1,opposite_same_wording,FINAL_INSTRUCTION_END,V_sufficiency,0.006417229771614075
discovery,exp12_config_command_12,config_command,canonical,0,canonical,1,opposite_same_wording,FINAL_INSTRUCTION_END,V_necessity_loss,0.01847071945667267
discovery,exp12_config_command_12,config_command,canonical,0,canonical,1,opposite_same_wording,USER_END,V_sufficiency,0.0190371572971344
discovery,exp12_config_command_12,config_command,canonical,0,canonical,1,opposite_same_wording,USER_END,V_necessity_loss,-0.037195995450019836
discovery,exp12_config_command_12,config_command,canonical,0,canonical,1,opposite_same_wording,GENERATION_BOUNDARY,V_sufficiency,0.0002475529909133911
discovery,exp12_config_command_12,config_command,canonical,0,canonical,1,opposite_same_wording,GENERATION_BOUNDARY,V_necessity_loss,0.06452924013137817
discovery,exp12_config_command_12,config_command,paraphrase,0,paraphrase,1,opposite_same_wording,SKILL_END,V_sufficiency,-2.409517765045166e-05
discovery,exp12_config_command_12,config_command,paraphrase,0,paraphrase,1,opposite_same_wording,SKILL_END,V_necessity_loss,1.6435980796813965e-05
discovery,exp12_config_command_12,config_command,paraphrase,0,paraphrase,1,opposite_same_wording,SYSTEM_END,V_sufficiency,-0.0001065284013748169
discovery,exp12_config_command_12,config_command,paraphrase,0,paraphrase,1,opposite_same_wording,SYSTEM_END,V_necessity_loss,0.006554707884788513
discovery,exp12_config_command_12,config_command,paraphrase,0,paraphrase,1,opposite_same_wording,ISSUE_END,V_sufficiency,-0.0062713176012039185
discovery,exp12_config_command_12,config_command,paraphrase,0,paraphrase,1,opposite_same_wording,ISSUE_END,V_necessity_loss,-0.006224974989891052
discovery,exp12_config_command_12,config_command,paraphrase,0,paraphrase,1,opposite_same_wording,DETAIL_END,V_sufficiency,-0.006238803267478943
discovery,exp12_config_command_12,config_command,paraphrase,0,paraphrase,1,opposite_same_wording,DETAIL_END,V_necessity_loss,-0.00626644492149353
discovery,exp12_config_command_12,config_command,paraphrase,0,paraphrase,1,opposite_same_wording,ACTION0_END,V_sufficiency,-0.00016160309314727783
discovery,exp12_config_command_12,config_command,paraphrase,0,paraphrase,1,opposite_same_wording,ACTION0_END,V_necessity_loss,0.00038617849349975586
discovery,exp12_config_command_12,config_command,paraphrase,0,paraphrase,1,opposite_same_wording,ACTION1_END,V_sufficiency,-0.0001869797706604004
discovery,exp12_config_command_12,config_command,paraphrase,0,paraphrase,1,opposite_same_wording,ACTION1_END,V_necessity_loss,-6.0752034187316895e-05
discovery,exp12_config_command_12,config_command,paraphrase,0,paraphrase,1,opposite_same_wording,FINAL_INSTRUCTION_END,V_sufficiency,0.005987212061882019
discovery,exp12_config_command_12,config_command,paraphrase,0,paraphrase,1,opposite_same_wording,FINAL_INSTRUCTION_END,V_necessity_loss,-0.007288053631782532
discovery,exp12_config_command_12,config_command,paraphrase,0,paraphrase,1,opposite_same_wording,USER_END,V_sufficiency,0.005949884653091431
discovery,exp12_config_command_12,config_command,paraphrase,0,paraphrase,1,opposite_same_wording,USER_END,V_necessity_loss,0.01267804205417633
discovery,exp12_config_command_12,config_command,paraphrase,0,paraphrase,1,opposite_same_wording,GENERATION_BOUNDARY,V_sufficiency,-0.01255500316619873
discovery,exp12_config_command_12,config_command,paraphrase,0,paraphrase,1,opposite_same_wording,GENERATION_BOUNDARY,V_necessity_loss,0.0016433894634246826
discovery,exp12_config_command_12,config_command,canonical,1,canonical,0,opposite_same_wording,SKILL_END,V_sufficiency,-0.0069446563720703125
discovery,exp12_config_command_12,config_command,canonical,1,canonical,0,opposite_same_wording,SKILL_END,V_necessity_loss,0.006986992433667183
discovery,exp12_config_command_12,config_command,canonical,1,canonical,0,opposite_same_wording,SYSTEM_END,V_sufficiency,0.013934444636106491
discovery,exp12_config_command_12,config_command,canonical,1,canonical,0,opposite_same_wording,SYSTEM_END,V_necessity_loss,-0.013680556789040565
discovery,exp12_config_command_12,config_command,canonical,1,canonical,0,opposite_same_wording,ISSUE_END,V_sufficiency,-5.169212818145752e-05
discovery,exp12_config_command_12,config_command,canonical,1,canonical,0,opposite_same_wording,ISSUE_END,V_necessity_loss,0.00693105161190033
discovery,exp12_config_command_12,config_command,canonical,1,canonical,0,opposite_same_wording,DETAIL_END,V_sufficiency,-8.58306884765625e-06
discovery,exp12_config_command_12,config_command,canonical,1,canonical,0,opposite_same_wording,DETAIL_END,V_necessity_loss,-0.006991082802414894
discovery,exp12_config_command_12,config_command,canonical,1,canonical,0,opposite_same_wording,ACTION0_END,V_sufficiency,0.006867945194244385
discovery,exp12_config_command_12,config_command,canonical,1,canonical,0,opposite_same_wording,ACTION0_END,V_necessity_loss,0.013593010604381561
discovery,exp12_config_command_12,config_command,canonical,1,canonical,0,opposite_same_wording,ACTION1_END,V_sufficiency,0.013769172132015228
discovery,exp12_config_command_12,config_command,canonical,1,canonical,0,opposite_same_wording,ACTION1_END,V_necessity_loss,0.013586893677711487
discovery,exp12_config_command_12,config_command,canonical,1,canonical,0,opposite_same_wording,FINAL_INSTRUCTION_END,V_sufficiency,0.03476754017174244
discovery,exp12_config_command_12,config_command,canonical,1,canonical,0,opposite_same_wording,FINAL_INSTRUCTION_END,V_necessity_loss,0.020727530121803284
discovery,exp12_config_command_12,config_command,canonical,1,canonical,0,opposite_same_wording,USER_END,V_sufficiency,0.15263964980840683
discovery,exp12_config_command_12,config_command,canonical,1,canonical,0,opposite_same_wording,USER_END,V_necessity_loss,0.09743608348071575
discovery,exp12_config_command_12,config_command,canonical,1,canonical,0,opposite_same_wording,GENERATION_BOUNDARY,V_sufficiency,0.08984534628689289
discovery,exp12_config_command_12,config_command,canonical,1,canonical,0,opposite_same_wording,GENERATION_BOUNDARY,V_necessity_loss,-0.052600711584091187
discovery,exp12_config_command_12,config_command,paraphrase,1,paraphrase,0,opposite_same_wording,SKILL_END,V_sufficiency,0.007158011198043823
discovery,exp12_config_command_12,config_command,paraphrase,1,paraphrase,0,opposite_same_wording,SKILL_END,V_necessity_loss,0.01407843828201294
discovery,exp12_config_command_12,config_command,paraphrase,1,paraphrase,0,opposite_same_wording,SYSTEM_END,V_sufficiency,0.007657945156097412
discovery,exp12_config_command_12,config_command,paraphrase,1,paraphrase,0,opposite_same_wording,SYSTEM_END,V_necessity_loss,0.006264358758926392
discovery,exp12_config_command_12,config_command,paraphrase,1,paraphrase,0,opposite_same_wording,ISSUE_END,V_sufficiency,0.00012564659118652344
discovery,exp12_config_command_12,config_command,paraphrase,1,paraphrase,0,opposite_same_wording,ISSUE_END,V_necessity_loss,0.0001081228256225586
discovery,exp12_config_command_12,config_command,paraphrase,1,paraphrase,0,opposite_same_wording,DETAIL_END,V_sufficiency,0.0005322694778442383
discovery,exp12_config_command_12,config_command,paraphrase,1,paraphrase,0,opposite_same_wording,DETAIL_END,V_necessity_loss,-0.00012627243995666504
discovery,exp12_config_command_12,config_command,paraphrase,1,paraphrase,0,opposite_same_wording,ACTION0_END,V_sufficiency,0.0002823770046234131
discovery,exp12_config_command_12,config_command,paraphrase,1,paraphrase,0,opposite_same_wording,ACTION0_END,V_necessity_loss,2.0563602447509766e-05
discovery,exp12_config_command_12,config_command,paraphrase,1,paraphrase,0,opposite_same_wording,ACTION1_END,V_sufficiency,1.4722347259521484e-05
discovery,exp12_config_command_12,config_command,paraphrase,1,paraphrase,0,opposite_same_wording,ACTION1_END,V_necessity_loss,3.415346145629883e-05
discovery,exp12_config_command_12,config_command,paraphrase,1,paraphrase,0,opposite_same_wording,FINAL_INSTRUCTION_END,V_sufficiency,0.02030220627784729
discovery,exp12_config_command_12,config_command,paraphrase,1,paraphrase,0,opposite_same_wording,FINAL_INSTRUCTION_END,V_necessity_loss,0.007204711437225342
discovery,exp12_config_command_12,config_command,paraphrase,1,paraphrase,0,opposite_same_wording,USER_END,V_sufficiency,0.03333157300949097
discovery,exp12_config_command_12,config_command,paraphrase,1,paraphrase,0,opposite_same_wording,USER_END,V_necessity_loss,0.019867509603500366
discovery,exp12_config_command_12,config_command,paraphrase,1,paraphrase,0,opposite_same_wording,GENERATION_BOUNDARY,V_sufficiency,-0.005372226238250732
discovery,exp12_config_command_12,config_command,paraphrase,1,paraphrase,0,opposite_same_wording,GENERATION_BOUNDARY,V_necessity_loss,-0.012182444334030151
discovery,exp12_docs_code_00,docs_code,canonical,0,canonical,1,opposite_same_wording,SKILL_END,V_sufficiency,-0.0163145512342453
discovery,exp12_docs_code_00,docs_code,canonical,0,canonical,1,opposite_same_wording,SKILL_END,V_necessity_loss,-0.00012072175741195679
discovery,exp12_docs_code_00,docs_code,canonical,0,canonical,1,opposite_same_wording,SYSTEM_END,V_sufficiency,0.0012462735176086426
discovery,exp12_docs_code_00,docs_code,canonical,0,canonical,1,opposite_same_wording,SYSTEM_END,V_necessity_loss,2.54213809967041e-05
discovery,exp12_docs_code_00,docs_code,canonical,0,canonical,1,opposite_same_wording,ISSUE_END,V_sufficiency,1.0475516319274902e-05
discovery,exp12_docs_code_00,docs_code,canonical,0,canonical,1,opposite_same_wording,ISSUE_END,V_necessity_loss,-0.01577659696340561
discovery,exp12_docs_code_00,docs_code,canonical,0,canonical,1,opposite_same_wording,DETAIL_END,V_sufficiency,0.0011615417897701263
discovery,exp12_docs_code_00,docs_code,canonical,0,canonical,1,opposite_same_wording,DETAIL_END,V_necessity_loss,-0.00021408870816230774
discovery,exp12_docs_code_00,docs_code,canonical,0,canonical,1,opposite_same_wording,ACTION0_END,V_sufficiency,-0.017315592616796494
discovery,exp12_docs_code_00,docs_code,canonical,0,canonical,1,opposite_same_wording,ACTION0_END,V_necessity_loss,-1.9062310457229614e-05
discovery,exp12_docs_code_00,docs_code,canonical,0,canonical,1,opposite_same_wording,ACTION1_END,V_sufficiency,-0.017370030283927917
discovery,exp12_docs_code_00,docs_code,canonical,0,canonical,1,opposite_same_wording,ACTION1_END,V_necessity_loss,-0.00022368133068084717
discovery,exp12_docs_code_00,docs_code,canonical,0,canonical,1,opposite_same_wording,FINAL_INSTRUCTION_END,V_sufficiency,0.00019111484289169312
discovery,exp12_docs_code_00,docs_code,canonical,0,canonical,1,opposite_same_wording,FINAL_INSTRUCTION_END,V_necessity_loss,0.017068956047296524
discovery,exp12_docs_code_00,docs_code,canonical,0,canonical,1,opposite_same_wording,USER_END,V_sufficiency,0.00036915019154548645
discovery,exp12_docs_code_00,docs_code,canonical,0,canonical,1,opposite_same_wording,USER_END,V_necessity_loss,0.00018757209181785583
discovery,exp12_docs_code_00,docs_code,canonical,0,canonical,1,opposite_same_wording,GENERATION_BOUNDARY,V_sufficiency,-0.03524630516767502
discovery,exp12_docs_code_00,docs_code,canonical,0,canonical,1,opposite_same_wording,GENERATION_BOUNDARY,V_necessity_loss,-0.07298876345157623
discovery,exp12_docs_code_00,docs_code,paraphrase,0,paraphrase,1,opposite_same_wording,SKILL_END,V_sufficiency,-0.007378442212939262
discovery,exp12_docs_code_00,docs_code,paraphrase,0,paraphrase,1,opposite_same_wording,SKILL_END,V_necessity_loss,0.00769711472094059
discovery,exp12_docs_code_00,docs_code,paraphrase,0,paraphrase,1,opposite_same_wording,SYSTEM_END,V_sufficiency,0.00015026330947875977
discovery,exp12_docs_code_00,docs_code,paraphrase,0,paraphrase,1,opposite_same_wording,SYSTEM_END,V_necessity_loss,-0.009730201214551926
discovery,exp12_docs_code_00,docs_code,paraphrase,0,paraphrase,1,opposite_same_wording,ISSUE_END,V_sufficiency,-0.008577270433306694
discovery,exp12_docs_code_00,docs_code,paraphrase,0,paraphrase,1,opposite_same_wording,ISSUE_END,V_necessity_loss,0.0002746768295764923
discovery,exp12_docs_code_00,docs_code,paraphrase,0,paraphrase,1,opposite_same_wording,DETAIL_END,V_sufficiency,-1.5540048480033875e-05
discovery,exp12_docs_code_00,docs_code,paraphrase,0,paraphrase,1,opposite_same_wording,DETAIL_END,V_necessity_loss,0.00010410696268081665
discovery,exp12_docs_code_00,docs_code,paraphrase,0,paraphrase,1,opposite_same_wording,ACTION0_END,V_sufficiency,0.0001064147800207138
discovery,exp12_docs_code_00,docs_code,paraphrase,0,paraphrase,1,opposite_same_wording,ACTION0_END,V_necessity_loss,2.8925016522407532e-05
discovery,exp12_docs_code_00,docs_code,paraphrase,0,paraphrase,1,opposite_same_wording,ACTION1_END,V_sufficiency,0.000566825270652771
discovery,exp12_docs_code_00,docs_code,paraphrase,0,paraphrase,1,opposite_same_wording,ACTION1_END,V_necessity_loss,-0.00023512355983257294
discovery,exp12_docs_code_00,docs_code,paraphrase,0,paraphrase,1,opposite_same_wording,FINAL_INSTRUCTION_END,V_sufficiency,0.008959120139479637
discovery,exp12_docs_code_00,docs_code,paraphrase,0,paraphrase,1,opposite_same_wording,FINAL_INSTRUCTION_END,V_necessity_loss,0.008975742384791374
discovery,exp12_docs_code_00,docs_code,paraphrase,0,paraphrase,1,opposite_same_wording,USER_END,V_sufficiency,0.01833302341401577
discovery,exp12_docs_code_00,docs_code,paraphrase,0,paraphrase,1,opposite_same_wording,USER_END,V_necessity_loss,0.0008396096527576447
discovery,exp12_docs_code_00,docs_code,paraphrase,0,paraphrase,1,opposite_same_wording,GENERATION_BOUNDARY,V_sufficiency,-0.07885193452239037
discovery,exp12_docs_code_00,docs_code,paraphrase,0,paraphrase,1,opposite_same_wording,GENERATION_BOUNDARY,V_necessity_loss,-0.07245372980833054
discovery,exp12_docs_code_00,docs_code,canonical,1,canonical,0,opposite_same_wording,SKILL_END,V_sufficiency,-0.005817830562591553
discovery,exp12_docs_code_00,docs_code,canonical,1,canonical,0,opposite_same_wording,SKILL_END,V_necessity_loss,-0.00012127310037612915
discovery,exp12_docs_code_00,docs_code,canonical,1,canonical,0,opposite_same_wording,SYSTEM_END,V_sufficiency,5.048513412475586e-05
discovery,exp12_docs_code_00,docs_code,canonical,1,canonical,0,opposite_same_wording,SYSTEM_END,V_necessity_loss,0.014668658375740051
discovery,exp12_docs_code_00,docs_code,canonical,1,canonical,0,opposite_same_wording,ISSUE_END,V_sufficiency,0.006735257804393768
discovery,exp12_docs_code_00,docs_code,canonical,1,canonical,0,opposite_same_wording,ISSUE_END,V_necessity_loss,0.006377950310707092
discovery,exp12_docs_code_00,docs_code,canonical,1,canonical,0,opposite_same_wording,DETAIL_END,V_sufficiency,-0.005681976675987244
discovery,exp12_docs_code_00,docs_code,canonical,1,canonical,0,opposite_same_wording,DETAIL_END,V_necessity_loss,0.0020287632942199707
discovery,exp12_docs_code_00,docs_code,canonical,1,canonical,0,opposite_same_wording,ACTION0_END,V_sufficiency,0.007822111248970032
discovery,exp12_docs_code_00,docs_code,canonical,1,canonical,0,opposite_same_wording,ACTION0_END,V_necessity_loss,-0.0007479414343833923
discovery,exp12_docs_code_00,docs_code,canonical,1,canonical,0,opposite_same_wording,ACTION1_END,V_sufficiency,0.013549521565437317
discovery,exp12_docs_code_00,docs_code,canonical,1,canonical,0,opposite_same_wording,ACTION1_END,V_necessity_loss,0.014985032379627228
discovery,exp12_docs_code_00,docs_code,canonical,1,canonical,0,opposite_same_wording,FINAL_INSTRUCTION_END,V_sufficiency,0.023075126111507416
discovery,exp12_docs_code_00,docs_code,canonical,1,canonical,0,opposite_same_wording,FINAL_INSTRUCTION_END,V_necessity_loss,0.011304490268230438
discovery,exp12_docs_code_00,docs_code,canonical,1,canonical,0,opposite_same_wording,USER_END,V_sufficiency,0.014561891555786133
discovery,exp12_docs_code_00,docs_code,canonical,1,canonical,0,opposite_same_wording,USER_END,V_necessity_loss,0.003417469561100006
discovery,exp12_docs_code_00,docs_code,canonical,1,canonical,0,opposite_same_wording,GENERATION_BOUNDARY,V_sufficiency,-0.03402511030435562
discovery,exp12_docs_code_00,docs_code,canonical,1,canonical,0,opposite_same_wording,GENERATION_BOUNDARY,V_necessity_loss,-0.03237976133823395
discovery,exp12_docs_code_00,docs_code,paraphrase,1,paraphrase,0,opposite_same_wording,SKILL_END,V_sufficiency,-0.012291595339775085
discovery,exp12_docs_code_00,docs_code,paraphrase,1,paraphrase,0,opposite_same_wording,SKILL_END,V_necessity_loss,-1.9505620002746582e-05
discovery,exp12_docs_code_00,docs_code,paraphrase,1,paraphrase,0,opposite_same_wording,SYSTEM_END,V_sufficiency,-0.0006111785769462585
discovery,exp12_docs_code_00,docs_code,paraphrase,1,paraphrase,0,opposite_same_wording,SYSTEM_END,V_necessity_loss,0.012120164930820465
discovery,exp12_docs_code_00,docs_code,paraphrase,1,paraphrase,0,opposite_same_wording,ISSUE_END,V_sufficiency,-0.0122227743268013
discovery,exp12_docs_code_00,docs_code,paraphrase,1,paraphrase,0,opposite_same_wording,ISSUE_END,V_necessity_loss,-0.01478055864572525
discovery,exp12_docs_code_00,docs_code,paraphrase,1,paraphrase,0,opposite_same_wording,DETAIL_END,V_sufficiency,-0.009984403848648071
discovery,exp12_docs_code_00,docs_code,paraphrase,1,paraphrase,0,opposite_same_wording,DETAIL_END,V_necessity_loss,-0.012058086693286896
discovery,exp12_docs_code_00,docs_code,paraphrase,1,paraphrase,0,opposite_same_wording,ACTION0_END,V_sufficiency,-0.01226845383644104
discovery,exp12_docs_code_00,docs_code,paraphrase,1,paraphrase,0,opposite_same_wording,ACTION0_END,V_necessity_loss,-4.347413778305054e-05
discovery,exp12_docs_code_00,docs_code,paraphrase,1,paraphrase,0,opposite_same_wording,ACTION1_END,V_sufficiency,0.000638715922832489
discovery,exp12_docs_code_00,docs_code,paraphrase,1,paraphrase,0,opposite_same_wording,ACTION1_END,V_necessity_loss,4.000961780548096e-05
discovery,exp12_docs_code_00,docs_code,paraphrase,1,paraphrase,0,opposite_same_wording,FINAL_INSTRUCTION_END,V_sufficiency,0.011463843286037445
discovery,exp12_docs_code_00,docs_code,paraphrase,1,paraphrase,0,opposite_same_wording,FINAL_INSTRUCTION_END,V_necessity_loss,0.021004267036914825
discovery,exp12_docs_code_00,docs_code,paraphrase,1,paraphrase,0,opposite_same_wording,USER_END,V_sufficiency,-0.0007271990180015564
discovery,exp12_docs_code_00,docs_code,paraphrase,1,paraphrase,0,opposite_same_wording,USER_END,V_necessity_loss,0.021155811846256256
discovery,exp12_docs_code_00,docs_code,paraphrase,1,paraphrase,0,opposite_same_wording,GENERATION_BOUNDARY,V_sufficiency,-0.04686634987592697
discovery,exp12_docs_code_00,docs_code,paraphrase,1,paraphrase,0,opposite_same_wording,GENERATION_BOUNDARY,V_necessity_loss,-0.12060322239995003
discovery,exp12_docs_code_01,docs_code,canonical,0,canonical,1,opposite_same_wording,SKILL_END,V_sufficiency,-0.01773272454738617
discovery,exp12_docs_code_01,docs_code,canonical,0,canonical,1,opposite_same_wording,SKILL_END,V_necessity_loss,-0.0004038531333208084
discovery,exp12_docs_code_01,docs_code,canonical,0,canonical,1,opposite_same_wording,SYSTEM_END,V_sufficiency,-6.533786654472351e-05
discovery,exp12_docs_code_01,docs_code,canonical,0,canonical,1,opposite_same_wording,SYSTEM_END,V_necessity_loss,6.161630153656006e-06
discovery,exp12_docs_code_01,docs_code,canonical,0,canonical,1,opposite_same_wording,ISSUE_END,V_sufficiency,-0.01767413690686226
discovery,exp12_docs_code_01,docs_code,canonical,0,canonical,1,opposite_same_wording,ISSUE_END,V_necessity_loss,0.0175483301281929
discovery,exp12_docs_code_01,docs_code,canonical,0,canonical,1,opposite_same_wording,DETAIL_END,V_sufficiency,-6.702914834022522e-05
discovery,exp12_docs_code_01,docs_code,canonical,0,canonical,1,opposite_same_wording,DETAIL_END,V_necessity_loss,-6.828084588050842e-05
discovery,exp12_docs_code_01,docs_code,canonical,0,canonical,1,opposite_same_wording,ACTION0_END,V_sufficiency,1.84476375579834e-05
discovery,exp12_docs_code_01,docs_code,canonical,0,canonical,1,opposite_same_wording,ACTION0_END,V_necessity_loss,5.587935447692871e-08
discovery,exp12_docs_code_01,docs_code,canonical,0,canonical,1,opposite_same_wording,ACTION1_END,V_sufficiency,-0.017465762794017792
discovery,exp12_docs_code_01,docs_code,canonical,0,canonical,1,opposite_same_wording,ACTION1_END,V_necessity_loss,-1.7929822206497192e-05
discovery,exp12_docs_code_01,docs_code,canonical,0,canonical,1,opposite_same_wording,FINAL_INSTRUCTION_END,V_sufficiency,7.973238825798035e-05
discovery,exp12_docs_code_01,docs_code,canonical,0,canonical,1,opposite_same_wording,FINAL_INSTRUCTION_END,V_necessity_loss,7.338449358940125e-05
discovery,exp12_docs_code_01,docs_code,canonical,0,canonical,1,opposite_same_wording,USER_END,V_sufficiency,0.017787374556064606
discovery,exp12_docs_code_01,docs_code,canonical,0,canonical,1,opposite_same_wording,USER_END,V_necessity_loss,0.017371058464050293
discovery,exp12_docs_code_01,docs_code,canonical,0,canonical,1,opposite_same_wording,GENERATION_BOUNDARY,V_sufficiency,-0.03508884087204933
discovery,exp12_docs_code_01,docs_code,canonical,0,canonical,1,opposite_same_wording,GENERATION_BOUNDARY,V_necessity_loss,-0.06389548629522324
discovery,exp12_docs_code_01,docs_code,paraphrase,0,paraphrase,1,opposite_same_wording,SKILL_END,V_sufficiency,0.004325564950704575
discovery,exp12_docs_code_01,docs_code,paraphrase,0,paraphrase,1,opposite_same_wording,SKILL_END,V_necessity_loss,-0.002735983580350876
discovery,exp12_docs_code_01,docs_code,paraphrase,0,paraphrase,1,opposite_same_wording,SYSTEM_END,V_sufficiency,-0.0017516836524009705
discovery,exp12_docs_code_01,docs_code,paraphrase,0,paraphrase,1,opposite_same_wording,SYSTEM_END,V_necessity_loss,0.011330489069223404
discovery,exp12_docs_code_01,docs_code,paraphrase,0,paraphrase,1,opposite_same_wording,ISSUE_END,V_sufficiency,0.009122021496295929
discovery,exp12_docs_code_01,docs_code,paraphrase,0,paraphrase,1,opposite_same_wording,ISSUE_END,V_necessity_loss,-0.008945921435952187
discovery,exp12_docs_code_01,docs_code,paraphrase,0,paraphrase,1,opposite_same_wording,DETAIL_END,V_sufficiency,0.02313116565346718
discovery,exp12_docs_code_01,docs_code,paraphrase,0,paraphrase,1,opposite_same_wording,DETAIL_END,V_necessity_loss,8.847750723361969e-05
discovery,exp12_docs_code_01,docs_code,paraphrase,0,paraphrase,1,opposite_same_wording,ACTION0_END,V_sufficiency,0.014969170093536377
discovery,exp12_docs_code_01,docs_code,paraphrase,0,paraphrase,1,opposite_same_wording,ACTION0_END,V_necessity_loss,0.008462145924568176
discovery,exp12_docs_code_01,docs_code,paraphrase,0,paraphrase,1,opposite_same_wording,ACTION1_END,V_sufficiency,-0.002835126593708992
discovery,exp12_docs_code_01,docs_code,paraphrase,0,paraphrase,1,opposite_same_wording,ACTION1_END,V_necessity_loss,-0.00878160446882248
discovery,exp12_docs_code_01,docs_code,paraphrase,0,paraphrase,1,opposite_same_wording,FINAL_INSTRUCTION_END,V_sufficiency,0.020410289987921715
discovery,exp12_docs_code_01,docs_code,paraphrase,0,paraphrase,1,opposite_same_wording,FINAL_INSTRUCTION_END,V_necessity_loss,-0.002413680776953697
discovery,exp12_docs_code_01,docs_code,paraphrase,0,paraphrase,1,opposite_same_wording,USER_END,V_sufficiency,0.03201111778616905
discovery,exp12_docs_code_01,docs_code,paraphrase,0,paraphrase,1,opposite_same_wording,USER_END,V_necessity_loss,0.01759573072195053
discovery,exp12_docs_code_01,docs_code,paraphrase,0,paraphrase,1,opposite_same_wording,GENERATION_BOUNDARY,V_sufficiency,-0.08268224820494652
discovery,exp12_docs_code_01,docs_code,paraphrase,0,paraphrase,1,opposite_same_wording,GENERATION_BOUNDARY,V_necessity_loss,-0.08176309615373611
discovery,exp12_docs_code_01,docs_code,canonical,1,canonical,0,opposite_same_wording,SKILL_END,V_sufficiency,-0.016532838344573975
discovery,exp12_docs_code_01,docs_code,canonical,1,canonical,0,opposite_same_wording,SKILL_END,V_necessity_loss,0.00015824288129806519
discovery,exp12_docs_code_01,docs_code,canonical,1,canonical,0,opposite_same_wording,SYSTEM_END,V_sufficiency,0.00012728571891784668
discovery,exp12_docs_code_01,docs_code,canonical,1,canonical,0,opposite_same_wording,SYSTEM_END,V_necessity_loss,-0.016555629670619965
discovery,exp12_docs_code_01,docs_code,canonical,1,canonical,0,opposite_same_wording,ISSUE_END,V_sufficiency,1.33514404296875e-05
discovery,exp12_docs_code_01,docs_code,canonical,1,canonical,0,opposite_same_wording,ISSUE_END,V_necessity_loss,-0.009247414767742157
discovery,exp12_docs_code_01,docs_code,canonical,1,canonical,0,opposite_same_wording,DETAIL_END,V_sufficiency,-0.007823869585990906
discovery,exp12_docs_code_01,docs_code,canonical,1,canonical,0,opposite_same_wording,DETAIL_END,V_necessity_loss,0.017025552690029144
discovery,exp12_docs_code_01,docs_code,canonical,1,canonical,0,opposite_same_wording,ACTION0_END,V_sufficiency,1.4625489711761475e-05
discovery,exp12_docs_code_01,docs_code,canonical,1,canonical,0,opposite_same_wording,ACTION0_END,V_necessity_loss,0.008178628981113434
discovery,exp12_docs_code_01,docs_code,canonical,1,canonical,0,opposite_same_wording,ACTION1_END,V_sufficiency,-0.008662506937980652
discovery,exp12_docs_code_01,docs_code,canonical,1,canonical,0,opposite_same_wording,ACTION1_END,V_necessity_loss,0.01675562560558319
discovery,exp12_docs_code_01,docs_code,canonical,1,canonical,0,opposite_same_wording,FINAL_INSTRUCTION_END,V_sufficiency,0.015650048851966858
discovery,exp12_docs_code_01,docs_code,canonical,1,canonical,0,opposite_same_wording,FINAL_INSTRUCTION_END,V_necessity_loss,0.02365753799676895
discovery,exp12_docs_code_01,docs_code,canonical,1,canonical,0,opposite_same_wording,USER_END,V_sufficiency,0.03127988427877426
discovery,exp12_docs_code_01,docs_code,canonical,1,canonical,0,opposite_same_wording,USER_END,V_necessity_loss,0.01561175286769867
discovery,exp12_docs_code_01,docs_code,canonical,1,canonical,0,opposite_same_wording,GENERATION_BOUNDARY,V_sufficiency,-0.0477161705493927
discovery,exp12_docs_code_01,docs_code,canonical,1,canonical,0,opposite_same_wording,GENERATION_BOUNDARY,V_necessity_loss,-0.03469090163707733
discovery,exp12_docs_code_01,docs_code,paraphrase,1,paraphrase,0,opposite_same_wording,SKILL_END,V_sufficiency,5.193054676055908e-06
discovery,exp12_docs_code_01,docs_code,paraphrase,1,paraphrase,0,opposite_same_wording,SKILL_END,V_necessity_loss,-0.015810906887054443
discovery,exp12_docs_code_01,docs_code,paraphrase,1,paraphrase,0,opposite_same_wording,SYSTEM_END,V_sufficiency,0.01637330651283264
discovery,exp12_docs_code_01,docs_code,paraphrase,1,paraphrase,0,opposite_same_wording,SYSTEM_END,V_necessity_loss,0.00017943233251571655
discovery,exp12_docs_code_01,docs_code,paraphrase,1,paraphrase,0,opposite_same_wording,ISSUE_END,V_sufficiency,0.0004753023386001587
discovery,exp12_docs_code_01,docs_code,paraphrase,1,paraphrase,0,opposite_same_wording,ISSUE_END,V_necessity_loss,0.0008583888411521912
discovery,exp12_docs_code_01,docs_code,paraphrase,1,paraphrase,0,opposite_same_wording,DETAIL_END,V_sufficiency,0.01635143905878067
discovery,exp12_docs_code_01,docs_code,paraphrase,1,paraphrase,0,opposite_same_wording,DETAIL_END,V_necessity_loss,-0.0001070946455001831
discovery,exp12_docs_code_01,docs_code,paraphrase,1,paraphrase,0,opposite_same_wording,ACTION0_END,V_sufficiency,1.4021992683410645e-05
discovery,exp12_docs_code_01,docs_code,paraphrase,1,paraphrase,0,opposite_same_wording,ACTION0_END,V_necessity_loss,0.0002673491835594177
discovery,exp12_docs_code_01,docs_code,paraphrase,1,paraphrase,0,opposite_same_wording,ACTION1_END,V_sufficiency,0.016625046730041504
discovery,exp12_docs_code_01,docs_code,paraphrase,1,paraphrase,0,opposite_same_wording,ACTION1_END,V_necessity_loss,7.450580596923828e-08
discovery,exp12_docs_code_01,docs_code,paraphrase,1,paraphrase,0,opposite_same_wording,FINAL_INSTRUCTION_END,V_sufficiency,0.047851525247097015
discovery,exp12_docs_code_01,docs_code,paraphrase,1,paraphrase,0,opposite_same_wording,FINAL_INSTRUCTION_END,V_necessity_loss,0.031301937997341156
discovery,exp12_docs_code_01,docs_code,paraphrase,1,paraphrase,0,opposite_same_wording,USER_END,V_sufficiency,0.047053322196006775
discovery,exp12_docs_code_01,docs_code,paraphrase,1,paraphrase,0,opposite_same_wording,USER_END,V_necessity_loss,0.047328680753707886
discovery,exp12_docs_code_01,docs_code,paraphrase,1,paraphrase,0,opposite_same_wording,GENERATION_BOUNDARY,V_sufficiency,-0.04661455750465393
discovery,exp12_docs_code_01,docs_code,paraphrase,1,paraphrase,0,opposite_same_wording,GENERATION_BOUNDARY,V_necessity_loss,-0.1417513359338045
discovery,exp12_docs_code_03,docs_code,canonical,0,canonical,1,opposite_same_wording,SKILL_END,V_sufficiency,0.015650160610675812
discovery,exp12_docs_code_03,docs_code,canonical,0,canonical,1,opposite_same_wording,SKILL_END,V_necessity_loss,-0.016947023570537567
discovery,exp12_docs_code_03,docs_code,canonical,0,canonical,1,opposite_same_wording,SYSTEM_END,V_sufficiency,-0.000660233199596405
discovery,exp12_docs_code_03,docs_code,canonical,0,canonical,1,opposite_same_wording,SYSTEM_END,V_necessity_loss,-0.0005568861961364746
discovery,exp12_docs_code_03,docs_code,canonical,0,canonical,1,opposite_same_wording,ISSUE_END,V_sufficiency,-0.0007021352648735046
discovery,exp12_docs_code_03,docs_code,canonical,0,canonical,1,opposite_same_wording,ISSUE_END,V_necessity_loss,0.01704411208629608
discovery,exp12_docs_code_03,docs_code,canonical,0,canonical,1,opposite_same_wording,DETAIL_END,V_sufficiency,-0.0013562440872192383
discovery,exp12_docs_code_03,docs_code,canonical,0,canonical,1,opposite_same_wording,DETAIL_END,V_necessity_loss,-1.1324882507324219e-05
discovery,exp12_docs_code_03,docs_code,canonical,0,canonical,1,opposite_same_wording,ACTION0_END,V_sufficiency,-0.00060233473777771
discovery,exp12_docs_code_03,docs_code,canonical,0,canonical,1,opposite_same_wording,ACTION0_END,V_necessity_loss,0.00012521445751190186
discovery,exp12_docs_code_03,docs_code,canonical,0,canonical,1,opposite_same_wording,ACTION1_END,V_sufficiency,-0.001611955463886261
discovery,exp12_docs_code_03,docs_code,canonical,0,canonical,1,opposite_same_wording,ACTION1_END,V_necessity_loss,9.50545072555542e-05
discovery,exp12_docs_code_03,docs_code,canonical,0,canonical,1,opposite_same_wording,FINAL_INSTRUCTION_END,V_sufficiency,0.015832334756851196
discovery,exp12_docs_code_03,docs_code,canonical,0,canonical,1,opposite_same_wording,FINAL_INSTRUCTION_END,V_necessity_loss,-0.00010451674461364746
discovery,exp12_docs_code_03,docs_code,canonical,0,canonical,1,opposite_same_wording,USER_END,V_sufficiency,0.03224855661392212
discovery,exp12_docs_code_03,docs_code,canonical,0,canonical,1,opposite_same_wording,USER_END,V_necessity_loss,0.01825757324695587
discovery,exp12_docs_code_03,docs_code,canonical,0,canonical,1,opposite_same_wording,GENERATION_BOUNDARY,V_sufficiency,-0.01535891741514206
discovery,exp12_docs_code_03,docs_code,canonical,0,canonical,1,opposite_same_wording,GENERATION_BOUNDARY,V_necessity_loss,-0.09949766099452972
discovery,exp12_docs_code_03,docs_code,paraphrase,0,paraphrase,1,opposite_same_wording,SKILL_END,V_sufficiency,0.0003199726343154907
discovery,exp12_docs_code_03,docs_code,paraphrase,0,paraphrase,1,opposite_same_wording,SKILL_END,V_necessity_loss,0.01721547544002533
discovery,exp12_docs_code_03,docs_code,paraphrase,0,paraphrase,1,opposite_same_wording,SYSTEM_END,V_sufficiency,-0.000875331461429596
discovery,exp12_docs_code_03,docs_code,paraphrase,0,paraphrase,1,opposite_same_wording,SYSTEM_END,V_necessity_loss,-7.212162017822266e-05
discovery,exp12_docs_code_03,docs_code,paraphrase,0,paraphrase,1,opposite_same_wording,ISSUE_END,V_sufficiency,0.01671021431684494
discovery,exp12_docs_code_03,docs_code,paraphrase,0,paraphrase,1,opposite_same_wording,ISSUE_END,V_necessity_loss,-0.0008529722690582275
discovery,exp12_docs_code_03,docs_code,paraphrase,0,paraphrase,1,opposite_same_wording,DETAIL_END,V_sufficiency,0.016576826572418213
discovery,exp12_docs_code_03,docs_code,paraphrase,0,paraphrase,1,opposite_same_wording,DETAIL_END,V_necessity_loss,0.01730719953775406
discovery,exp12_docs_code_03,docs_code,paraphrase,0,paraphrase,1,opposite_same_wording,ACTION0_END,V_sufficiency,0.016678646206855774
discovery,exp12_docs_code_03,docs_code,paraphrase,0,paraphrase,1,opposite_same_wording,ACTION0_END,V_necessity_loss,0.01611149311065674
discovery,exp12_docs_code_03,docs_code,paraphrase,0,paraphrase,1,opposite_same_wording,ACTION1_END,V_sufficiency,6.274878978729248e-05
discovery,exp12_docs_code_03,docs_code,paraphrase,0,paraphrase,1,opposite_same_wording,ACTION1_END,V_necessity_loss,-1.7561018466949463e-05
discovery,exp12_docs_code_03,docs_code,paraphrase,0,paraphrase,1,opposite_same_wording,FINAL_INSTRUCTION_END,V_sufficiency,0.016181737184524536
discovery,exp12_docs_code_03,docs_code,paraphrase,0,paraphrase,1,opposite_same_wording,FINAL_INSTRUCTION_END,V_necessity_loss,-0.0004977136850357056
discovery,exp12_docs_code_03,docs_code,paraphrase,0,paraphrase,1,opposite_same_wording,USER_END,V_sufficiency,0.03349992632865906
discovery,exp12_docs_code_03,docs_code,paraphrase,0,paraphrase,1,opposite_same_wording,USER_END,V_necessity_loss,-0.017265386879444122
discovery,exp12_docs_code_03,docs_code,paraphrase,0,paraphrase,1,opposite_same_wording,GENERATION_BOUNDARY,V_sufficiency,-0.046512678265571594
discovery,exp12_docs_code_03,docs_code,paraphrase,0,paraphrase,1,opposite_same_wording,GENERATION_BOUNDARY,V_necessity_loss,-0.07351736724376678
discovery,exp12_docs_code_03,docs_code,canonical,1,canonical,0,opposite_same_wording,SKILL_END,V_sufficiency,0.020164452493190765
discovery,exp12_docs_code_03,docs_code,canonical,1,canonical,0,opposite_same_wording,SKILL_END,V_necessity_loss,-1.9721686840057373e-05
discovery,exp12_docs_code_03,docs_code,canonical,1,canonical,0,opposite_same_wording,SYSTEM_END,V_sufficiency,0.01030578464269638
discovery,exp12_docs_code_03,docs_code,canonical,1,canonical,0,opposite_same_wording,SYSTEM_END,V_necessity_loss,0.009075619280338287
discovery,exp12_docs_code_03,docs_code,canonical,1,canonical,0,opposite_same_wording,ISSUE_END,V_sufficiency,0.00100795179605484
discovery,exp12_docs_code_03,docs_code,canonical,1,canonical,0,opposite_same_wording,ISSUE_END,V_necessity_loss,-0.006759673357009888
discovery,exp12_docs_code_03,docs_code,canonical,1,canonical,0,opposite_same_wording,DETAIL_END,V_sufficiency,0.009953968226909637
discovery,exp12_docs_code_03,docs_code,canonical,1,canonical,0,opposite_same_wording,DETAIL_END,V_necessity_loss,0.010448426008224487
discovery,exp12_docs_code_03,docs_code,canonical,1,canonical,0,opposite_same_wording,ACTION0_END,V_sufficiency,0.0011997073888778687
discovery,exp12_docs_code_03,docs_code,canonical,1,canonical,0,opposite_same_wording,ACTION0_END,V_necessity_loss,0.0002193152904510498
discovery,exp12_docs_code_03,docs_code,canonical,1,canonical,0,opposite_same_wording,ACTION1_END,V_sufficiency,0.010445155203342438
discovery,exp12_docs_code_03,docs_code,canonical,1,canonical,0,opposite_same_wording,ACTION1_END,V_necessity_loss,-0.017855070531368256
discovery,exp12_docs_code_03,docs_code,canonical,1,canonical,0,opposite_same_wording,FINAL_INSTRUCTION_END,V_sufficiency,0.041268445551395416
discovery,exp12_docs_code_03,docs_code,canonical,1,canonical,0,opposite_same_wording,FINAL_INSTRUCTION_END,V_necessity_loss,0.03125005215406418
discovery,exp12_docs_code_03,docs_code,canonical,1,canonical,0,opposite_same_wording,USER_END,V_sufficiency,0.02089741826057434
discovery,exp12_docs_code_03,docs_code,canonical,1,canonical,0,opposite_same_wording,USER_END,V_necessity_loss,0.031198441982269287
discovery,exp12_docs_code_03,docs_code,canonical,1,canonical,0,opposite_same_wording,GENERATION_BOUNDARY,V_sufficiency,-0.07288672029972076
discovery,exp12_docs_code_03,docs_code,canonical,1,canonical,0,opposite_same_wording,GENERATION_BOUNDARY,V_necessity_loss,-0.0005686432123184204
discovery,exp12_docs_code_03,docs_code,paraphrase,1,paraphrase,0,opposite_same_wording,SKILL_END,V_sufficiency,0.00043964385986328125
discovery,exp12_docs_code_03,docs_code,paraphrase,1,paraphrase,0,opposite_same_wording,SKILL_END,V_necessity_loss,0.0020480602979660034
discovery,exp12_docs_code_03,docs_code,paraphrase,1,paraphrase,0,opposite_same_wording,SYSTEM_END,V_sufficiency,0.02076922357082367
discovery,exp12_docs_code_03,docs_code,paraphrase,1,paraphrase,0,opposite_same_wording,SYSTEM_END,V_necessity_loss,-0.019656896591186523
discovery,exp12_docs_code_03,docs_code,paraphrase,1,paraphrase,0,opposite_same_wording,ISSUE_END,V_sufficiency,5.3822994232177734e-05
discovery,exp12_docs_code_03,docs_code,paraphrase,1,paraphrase,0,opposite_same_wording,ISSUE_END,V_necessity_loss,-2.0198523998260498e-05
discovery,exp12_docs_code_03,docs_code,paraphrase,1,paraphrase,0,opposite_same_wording,DETAIL_END,V_sufficiency,0.0001962706446647644
discovery,exp12_docs_code_03,docs_code,paraphrase,1,paraphrase,0,opposite_same_wording,DETAIL_END,V_necessity_loss,-4.8764050006866455e-05
discovery,exp12_docs_code_03,docs_code,paraphrase,1,paraphrase,0,opposite_same_wording,ACTION0_END,V_sufficiency,1.1071562767028809e-05
discovery,exp12_docs_code_03,docs_code,paraphrase,1,paraphrase,0,opposite_same_wording,ACTION0_END,V_necessity_loss,-0.00022841989994049072
discovery,exp12_docs_code_03,docs_code,paraphrase,1,paraphrase,0,opposite_same_wording,ACTION1_END,V_sufficiency,0.01837097853422165
discovery,exp12_docs_code_03,docs_code,paraphrase,1,paraphrase,0,opposite_same_wording,ACTION1_END,V_necessity_loss,0.0002890676259994507
discovery,exp12_docs_code_03,docs_code,paraphrase,1,paraphrase,0,opposite_same_wording,FINAL_INSTRUCTION_END,V_sufficiency,0.06182790547609329
discovery,exp12_docs_code_03,docs_code,paraphrase,1,paraphrase,0,opposite_same_wording,FINAL_INSTRUCTION_END,V_necessity_loss,0.0619029775261879
discovery,exp12_docs_code_03,docs_code,paraphrase,1,paraphrase,0,opposite_same_wording,USER_END,V_sufficiency,0.041385650634765625
discovery,exp12_docs_code_03,docs_code,paraphrase,1,paraphrase,0,opposite_same_wording,USER_END,V_necessity_loss,0.0416729599237442
discovery,exp12_docs_code_03,docs_code,paraphrase,1,paraphrase,0,opposite_same_wording,GENERATION_BOUNDARY,V_sufficiency,-0.10077055543661118
discovery,exp12_docs_code_03,docs_code,paraphrase,1,paraphrase,0,opposite_same_wording,GENERATION_BOUNDARY,V_necessity_loss,-0.06515124440193176
discovery,exp12_docs_code_08,docs_code,canonical,0,canonical,1,opposite_same_wording,SKILL_END,V_sufficiency,-0.0174504853785038
discovery,exp12_docs_code_08,docs_code,canonical,0,canonical,1,opposite_same_wording,SKILL_END,V_necessity_loss,0.000614391639828682
discovery,exp12_docs_code_08,docs_code,canonical,0,canonical,1,opposite_same_wording,SYSTEM_END,V_sufficiency,-0.01656276360154152
discovery,exp12_docs_code_08,docs_code,canonical,0,canonical,1,opposite_same_wording,SYSTEM_END,V_necessity_loss,-3.9111822843551636e-05
discovery,exp12_docs_code_08,docs_code,canonical,0,canonical,1,opposite_same_wording,ISSUE_END,V_sufficiency,-0.017513062804937363
discovery,exp12_docs_code_08,docs_code,canonical,0,canonical,1,opposite_same_wording,ISSUE_END,V_necessity_loss,-0.01647452637553215
discovery,exp12_docs_code_08,docs_code,canonical,0,canonical,1,opposite_same_wording,DETAIL_END,V_sufficiency,-0.017811354249715805
discovery,exp12_docs_code_08,docs_code,canonical,0,canonical,1,opposite_same_wording,DETAIL_END,V_necessity_loss,-0.00014153867959976196
discovery,exp12_docs_code_08,docs_code,canonical,0,canonical,1,opposite_same_wording,ACTION0_END,V_sufficiency,-0.017654847353696823
discovery,exp12_docs_code_08,docs_code,canonical,0,canonical,1,opposite_same_wording,ACTION0_END,V_necessity_loss,-0.00029142946004867554
discovery,exp12_docs_code_08,docs_code,canonical,0,canonical,1,opposite_same_wording,ACTION1_END,V_sufficiency,-0.017586156725883484
discovery,exp12_docs_code_08,docs_code,canonical,0,canonical,1,opposite_same_wording,ACTION1_END,V_necessity_loss,0.00019306689500808716
discovery,exp12_docs_code_08,docs_code,canonical,0,canonical,1,opposite_same_wording,FINAL_INSTRUCTION_END,V_sufficiency,6.685405969619751e-05
discovery,exp12_docs_code_08,docs_code,canonical,0,canonical,1,opposite_same_wording,FINAL_INSTRUCTION_END,V_necessity_loss,0.0017242543399333954
discovery,exp12_docs_code_08,docs_code,canonical,0,canonical,1,opposite_same_wording,USER_END,V_sufficiency,0.03380873054265976
discovery,exp12_docs_code_08,docs_code,canonical,0,canonical,1,opposite_same_wording,USER_END,V_necessity_loss,0.035060152411460876
discovery,exp12_docs_code_08,docs_code,canonical,0,canonical,1,opposite_same_wording,GENERATION_BOUNDARY,V_sufficiency,-0.05280005931854248
discovery,exp12_docs_code_08,docs_code,canonical,0,canonical,1,opposite_same_wording,GENERATION_BOUNDARY,V_necessity_loss,-0.06912592053413391
discovery,exp12_docs_code_08,docs_code,paraphrase,0,paraphrase,1,opposite_same_wording,SKILL_END,V_sufficiency,-0.01659643091261387
discovery,exp12_docs_code_08,docs_code,paraphrase,0,paraphrase,1,opposite_same_wording,SKILL_END,V_necessity_loss,0.00870564579963684
discovery,exp12_docs_code_08,docs_code,paraphrase,0,paraphrase,1,opposite_same_wording,SYSTEM_END,V_sufficiency,-0.008140061050653458
discovery,exp12_docs_code_08,docs_code,paraphrase,0,paraphrase,1,opposite_same_wording,SYSTEM_END,V_necessity_loss,0.0006431452929973602
discovery,exp12_docs_code_08,docs_code,paraphrase,0,paraphrase,1,opposite_same_wording,ISSUE_END,V_sufficiency,0.0009249262511730194
discovery,exp12_docs_code_08,docs_code,paraphrase,0,paraphrase,1,opposite_same_wording,ISSUE_END,V_necessity_loss,-0.0009363945573568344
discovery,exp12_docs_code_08,docs_code,paraphrase,0,paraphrase,1,opposite_same_wording,DETAIL_END,V_sufficiency,-0.0001529194414615631
discovery,exp12_docs_code_08,docs_code,paraphrase,0,paraphrase,1,opposite_same_wording,DETAIL_END,V_necessity_loss,-4.298985004425049e-06
discovery,exp12_docs_code_08,docs_code,paraphrase,0,paraphrase,1,opposite_same_wording,ACTION0_END,V_sufficiency,-0.01602320186793804
discovery,exp12_docs_code_08,docs_code,paraphrase,0,paraphrase,1,opposite_same_wording,ACTION0_END,V_necessity_loss,0.008936559781432152
discovery,exp12_docs_code_08,docs_code,paraphrase,0,paraphrase,1,opposite_same_wording,ACTION1_END,V_sufficiency,-0.016619140282273293
discovery,exp12_docs_code_08,docs_code,paraphrase,0,paraphrase,1,opposite_same_wording,ACTION1_END,V_necessity_loss,0.00013731792569160461
discovery,exp12_docs_code_08,docs_code,paraphrase,0,paraphrase,1,opposite_same_wording,FINAL_INSTRUCTION_END,V_sufficiency,0.00021301768720149994
discovery,exp12_docs_code_08,docs_code,paraphrase,0,paraphrase,1,opposite_same_wording,FINAL_INSTRUCTION_END,V_necessity_loss,0.00906393863260746
discovery,exp12_docs_code_08,docs_code,paraphrase,0,paraphrase,1,opposite_same_wording,USER_END,V_sufficiency,0.02643905207514763
discovery,exp12_docs_code_08,docs_code,paraphrase,0,paraphrase,1,opposite_same_wording,USER_END,V_necessity_loss,0.025515520945191383
discovery,exp12_docs_code_08,docs_code,paraphrase,0,paraphrase,1,opposite_same_wording,GENERATION_BOUNDARY,V_sufficiency,-0.08715368807315826
discovery,exp12_docs_code_08,docs_code,paraphrase,0,paraphrase,1,opposite_same_wording,GENERATION_BOUNDARY,V_necessity_loss,-0.08159082382917404
discovery,exp12_docs_code_08,docs_code,canonical,1,canonical,0,opposite_same_wording,SKILL_END,V_sufficiency,0.006262600421905518
discovery,exp12_docs_code_08,docs_code,canonical,1,canonical,0,opposite_same_wording,SKILL_END,V_necessity_loss,-0.0075006261467933655
discovery,exp12_docs_code_08,docs_code,canonical,1,canonical,0,opposite_same_wording,SYSTEM_END,V_sufficiency,-0.001239962875843048
discovery,exp12_docs_code_08,docs_code,canonical,1,canonical,0,opposite_same_wording,SYSTEM_END,V_necessity_loss,0.0005770847201347351
discovery,exp12_docs_code_08,docs_code,canonical,1,canonical,0,opposite_same_wording,ISSUE_END,V_sufficiency,-0.0011605992913246155
discovery,exp12_docs_code_08,docs_code,canonical,1,canonical,0,opposite_same_wording,ISSUE_END,V_necessity_loss,0.013036772608757019
discovery,exp12_docs_code_08,docs_code,canonical,1,canonical,0,opposite_same_wording,DETAIL_END,V_sufficiency,0.005042314529418945
discovery,exp12_docs_code_08,docs_code,canonical,1,canonical,0,opposite_same_wording,DETAIL_END,V_necessity_loss,0.007356621325016022
discovery,exp12_docs_code_08,docs_code,canonical,1,canonical,0,opposite_same_wording,ACTION0_END,V_sufficiency,-0.0012826919555664062
discovery,exp12_docs_code_08,docs_code,canonical,1,canonical,0,opposite_same_wording,ACTION0_END,V_necessity_loss,0.00623861700296402
discovery,exp12_docs_code_08,docs_code,canonical,1,canonical,0,opposite_same_wording,ACTION1_END,V_sufficiency,0.006218560039997101
discovery,exp12_docs_code_08,docs_code,canonical,1,canonical,0,opposite_same_wording,ACTION1_END,V_necessity_loss,0.006383970379829407
discovery,exp12_docs_code_08,docs_code,canonical,1,canonical,0,opposite_same_wording,FINAL_INSTRUCTION_END,V_sufficiency,0.01747646927833557
discovery,exp12_docs_code_08,docs_code,canonical,1,canonical,0,opposite_same_wording,FINAL_INSTRUCTION_END,V_necessity_loss,0.04034140706062317
discovery,exp12_docs_code_08,docs_code,canonical,1,canonical,0,opposite_same_wording,USER_END,V_sufficiency,0.01856864243745804
discovery,exp12_docs_code_08,docs_code,canonical,1,canonical,0,opposite_same_wording,USER_END,V_necessity_loss,0.018830686807632446
discovery,exp12_docs_code_08,docs_code,canonical,1,canonical,0,opposite_same_wording,GENERATION_BOUNDARY,V_sufficiency,-0.0250469371676445
discovery,exp12_docs_code_08,docs_code,canonical,1,canonical,0,opposite_same_wording,GENERATION_BOUNDARY,V_necessity_loss,-0.03337889909744263
discovery,exp12_docs_code_08,docs_code,paraphrase,1,paraphrase,0,opposite_same_wording,SKILL_END,V_sufficiency,0.0016318261623382568
discovery,exp12_docs_code_08,docs_code,paraphrase,1,paraphrase,0,opposite_same_wording,SKILL_END,V_necessity_loss,-0.015635356307029724
discovery,exp12_docs_code_08,docs_code,paraphrase,1,paraphrase,0,opposite_same_wording,SYSTEM_END,V_sufficiency,-0.00018874555826187134
discovery,exp12_docs_code_08,docs_code,paraphrase,1,paraphrase,0,opposite_same_wording,SYSTEM_END,V_necessity_loss,-0.0003039836883544922
discovery,exp12_docs_code_08,docs_code,paraphrase,1,paraphrase,0,opposite_same_wording,ISSUE_END,V_sufficiency,-0.012936703860759735
discovery,exp12_docs_code_08,docs_code,paraphrase,1,paraphrase,0,opposite_same_wording,ISSUE_END,V_necessity_loss,-0.00012493878602981567
discovery,exp12_docs_code_08,docs_code,paraphrase,1,paraphrase,0,opposite_same_wording,DETAIL_END,V_sufficiency,0.00015468895435333252
discovery,exp12_docs_code_08,docs_code,paraphrase,1,paraphrase,0,opposite_same_wording,DETAIL_END,V_necessity_loss,-7.101893424987793e-05
discovery,exp12_docs_code_08,docs_code,paraphrase,1,paraphrase,0,opposite_same_wording,ACTION0_END,V_sufficiency,-4.426389932632446e-05
discovery,exp12_docs_code_08,docs_code,paraphrase,1,paraphrase,0,opposite_same_wording,ACTION0_END,V_necessity_loss,-0.0006561651825904846
discovery,exp12_docs_code_08,docs_code,paraphrase,1,paraphrase,0,opposite_same_wording,ACTION1_END,V_sufficiency,-2.6531517505645752e-05
discovery,exp12_docs_code_08,docs_code,paraphrase,1,paraphrase,0,opposite_same_wording,ACTION1_END,V_necessity_loss,0.0007522702217102051
discovery,exp12_docs_code_08,docs_code,paraphrase,1,paraphrase,0,opposite_same_wording,FINAL_INSTRUCTION_END,V_sufficiency,0.028273358941078186
discovery,exp12_docs_code_08,docs_code,paraphrase,1,paraphrase,0,opposite_same_wording,FINAL_INSTRUCTION_END,V_necessity_loss,0.02396230399608612
discovery,exp12_docs_code_08,docs_code,paraphrase,1,paraphrase,0,opposite_same_wording,USER_END,V_sufficiency,0.025807499885559082
discovery,exp12_docs_code_08,docs_code,paraphrase,1,paraphrase,0,opposite_same_wording,USER_END,V_necessity_loss,0.039424508810043335
discovery,exp12_docs_code_08,docs_code,paraphrase,1,paraphrase,0,opposite_same_wording,GENERATION_BOUNDARY,V_sufficiency,-0.03923608362674713
discovery,exp12_docs_code_08,docs_code,paraphrase,1,paraphrase,0,opposite_same_wording,GENERATION_BOUNDARY,V_necessity_loss,-0.10466509871184826
discovery,exp12_docs_code_09,docs_code,canonical,0,canonical,1,opposite_same_wording,SKILL_END,V_sufficiency,-7.851049304008484e-05
discovery,exp12_docs_code_09,docs_code,canonical,0,canonical,1,opposite_same_wording,SKILL_END,V_necessity_loss,0.015563350170850754
discovery,exp12_docs_code_09,docs_code,canonical,0,canonical,1,opposite_same_wording,SYSTEM_END,V_sufficiency,-1.683831214904785e-05
discovery,exp12_docs_code_09,docs_code,canonical,0,canonical,1,opposite_same_wording,SYSTEM_END,V_necessity_loss,-0.015430193394422531
discovery,exp12_docs_code_09,docs_code,canonical,0,canonical,1,opposite_same_wording,ISSUE_END,V_sufficiency,0.015011489391326904
discovery,exp12_docs_code_09,docs_code,canonical,0,canonical,1,opposite_same_wording,ISSUE_END,V_necessity_loss,0.015569869428873062
discovery,exp12_docs_code_09,docs_code,canonical,0,canonical,1,opposite_same_wording,DETAIL_END,V_sufficiency,-7.692724466323853e-05
discovery,exp12_docs_code_09,docs_code,canonical,0,canonical,1,opposite_same_wording,DETAIL_END,V_necessity_loss,-8.729100227355957e-05
discovery,exp12_docs_code_09,docs_code,canonical,0,canonical,1,opposite_same_wording,ACTION0_END,V_sufficiency,-0.00014774128794670105
discovery,exp12_docs_code_09,docs_code,canonical,0,canonical,1,opposite_same_wording,ACTION0_END,V_necessity_loss,6.069988012313843e-05
discovery,exp12_docs_code_09,docs_code,canonical,0,canonical,1,opposite_same_wording,ACTION1_END,V_sufficiency,0.0001976899802684784
discovery,exp12_docs_code_09,docs_code,canonical,0,canonical,1,opposite_same_wording,ACTION1_END,V_necessity_loss,-0.01535559818148613
discovery,exp12_docs_code_09,docs_code,canonical,0,canonical,1,opposite_same_wording,FINAL_INSTRUCTION_END,V_sufficiency,0.00030171871185302734
discovery,exp12_docs_code_09,docs_code,canonical,0,canonical,1,opposite_same_wording,FINAL_INSTRUCTION_END,V_necessity_loss,-0.00035688281059265137
discovery,exp12_docs_code_09,docs_code,canonical,0,canonical,1,opposite_same_wording,USER_END,V_sufficiency,0.03030819073319435
discovery,exp12_docs_code_09,docs_code,canonical,0,canonical,1,opposite_same_wording,USER_END,V_necessity_loss,0.0155375637114048
discovery,exp12_docs_code_09,docs_code,canonical,0,canonical,1,opposite_same_wording,GENERATION_BOUNDARY,V_sufficiency,-0.030889011919498444
discovery,exp12_docs_code_09,docs_code,canonical,0,canonical,1,opposite_same_wording,GENERATION_BOUNDARY,V_necessity_loss,-0.07873311638832092
discovery,exp12_docs_code_09,docs_code,paraphrase,0,paraphrase,1,opposite_same_wording,SKILL_END,V_sufficiency,-0.0003121253103017807
discovery,exp12_docs_code_09,docs_code,paraphrase,0,paraphrase,1,opposite_same_wording,SKILL_END,V_necessity_loss,4.306435585021973e-06
discovery,exp12_docs_code_09,docs_code,paraphrase,0,paraphrase,1,opposite_same_wording,SYSTEM_END,V_sufficiency,-0.007798530161380768
discovery,exp12_docs_code_09,docs_code,paraphrase,0,paraphrase,1,opposite_same_wording,SYSTEM_END,V_necessity_loss,0.015562525019049644
discovery,exp12_docs_code_09,docs_code,paraphrase,0,paraphrase,1,opposite_same_wording,ISSUE_END,V_sufficiency,-0.007679169997572899
discovery,exp12_docs_code_09,docs_code,paraphrase,0,paraphrase,1,opposite_same_wording,ISSUE_END,V_necessity_loss,-0.015309154987335205
discovery,exp12_docs_code_09,docs_code,paraphrase,0,paraphrase,1,opposite_same_wording,DETAIL_END,V_sufficiency,-0.00028960593044757843
discovery,exp12_docs_code_09,docs_code,paraphrase,0,paraphrase,1,opposite_same_wording,DETAIL_END,V_necessity_loss,1.952052116394043e-05
discovery,exp12_docs_code_09,docs_code,paraphrase,0,paraphrase,1,opposite_same_wording,ACTION0_END,V_sufficiency,-0.007623612880706787
discovery,exp12_docs_code_09,docs_code,paraphrase,0,paraphrase,1,opposite_same_wording,ACTION0_END,V_necessity_loss,0.01505369134247303
discovery,exp12_docs_code_09,docs_code,paraphrase,0,paraphrase,1,opposite_same_wording,ACTION1_END,V_sufficiency,0.00020673684775829315
discovery,exp12_docs_code_09,docs_code,paraphrase,0,paraphrase,1,opposite_same_wording,ACTION1_END,V_necessity_loss,0.00024192407727241516
discovery,exp12_docs_code_09,docs_code,paraphrase,0,paraphrase,1,opposite_same_wording,FINAL_INSTRUCTION_END,V_sufficiency,0.00010783784091472626
discovery,exp12_docs_code_09,docs_code,paraphrase,0,paraphrase,1,opposite_same_wording,FINAL_INSTRUCTION_END,V_necessity_loss,0.01501152291893959
discovery,exp12_docs_code_09,docs_code,paraphrase,0,paraphrase,1,opposite_same_wording,USER_END,V_sufficiency,0.015723252668976784
discovery,exp12_docs_code_09,docs_code,paraphrase,0,paraphrase,1,opposite_same_wording,USER_END,V_necessity_loss,6.642751395702362e-05
discovery,exp12_docs_code_09,docs_code,paraphrase,0,paraphrase,1,opposite_same_wording,GENERATION_BOUNDARY,V_sufficiency,-0.0851813331246376
discovery,exp12_docs_code_09,docs_code,paraphrase,0,paraphrase,1,opposite_same_wording,GENERATION_BOUNDARY,V_necessity_loss,-0.05595552176237106
discovery,exp12_docs_code_09,docs_code,canonical,1,canonical,0,opposite_same_wording,SKILL_END,V_sufficiency,3.471970558166504e-06
discovery,exp12_docs_code_09,docs_code,canonical,1,canonical,0,opposite_same_wording,SKILL_END,V_necessity_loss,-0.00625920295715332
discovery,exp12_docs_code_09,docs_code,canonical,1,canonical,0,opposite_same_wording,SYSTEM_END,V_sufficiency,4.343688488006592e-05
discovery,exp12_docs_code_09,docs_code,canonical,1,canonical,0,opposite_same_wording,SYSTEM_END,V_necessity_loss,0.006285585463047028
discovery,exp12_docs_code_09,docs_code,canonical,1,canonical,0,opposite_same_wording,ISSUE_END,V_sufficiency,0.013988882303237915
discovery,exp12_docs_code_09,docs_code,canonical,1,canonical,0,opposite_same_wording,ISSUE_END,V_necessity_loss,0.00617557018995285
discovery,exp12_docs_code_09,docs_code,canonical,1,canonical,0,opposite_same_wording,DETAIL_END,V_sufficiency,3.5256147384643555e-05
discovery,exp12_docs_code_09,docs_code,canonical,1,canonical,0,opposite_same_wording,DETAIL_END,V_necessity_loss,0.00011143088340759277
discovery,exp12_docs_code_09,docs_code,canonical,1,canonical,0,opposite_same_wording,ACTION0_END,V_sufficiency,3.091245889663696e-05
discovery,exp12_docs_code_09,docs_code,canonical,1,canonical,0,opposite_same_wording,ACTION0_END,V_necessity_loss,-6.776303052902222e-05
discovery,exp12_docs_code_09,docs_code,canonical,1,canonical,0,opposite_same_wording,ACTION1_END,V_sufficiency,0.012647926807403564
discovery,exp12_docs_code_09,docs_code,canonical,1,canonical,0,opposite_same_wording,ACTION1_END,V_necessity_loss,4.123896360397339e-05
discovery,exp12_docs_code_09,docs_code,canonical,1,canonical,0,opposite_same_wording,FINAL_INSTRUCTION_END,V_sufficiency,0.018058784306049347
discovery,exp12_docs_code_09,docs_code,canonical,1,canonical,0,opposite_same_wording,FINAL_INSTRUCTION_END,V_necessity_loss,0.018684878945350647
discovery,exp12_docs_code_09,docs_code,canonical,1,canonical,0,opposite_same_wording,USER_END,V_sufficiency,0.006290458142757416
discovery,exp12_docs_code_09,docs_code,canonical,1,canonical,0,opposite_same_wording,USER_END,V_necessity_loss,0.01258726418018341
discovery,exp12_docs_code_09,docs_code,canonical,1,canonical,0,opposite_same_wording,GENERATION_BOUNDARY,V_sufficiency,-0.03659134358167648
discovery,exp12_docs_code_09,docs_code,canonical,1,canonical,0,opposite_same_wording,GENERATION_BOUNDARY,V_necessity_loss,-0.05721864104270935
discovery,exp12_docs_code_09,docs_code,paraphrase,1,paraphrase,0,opposite_same_wording,SKILL_END,V_sufficiency,0.012952566146850586
discovery,exp12_docs_code_09,docs_code,paraphrase,1,paraphrase,0,opposite_same_wording,SKILL_END,V_necessity_loss,0.014055795967578888
discovery,exp12_docs_code_09,docs_code,paraphrase,1,paraphrase,0,opposite_same_wording,SYSTEM_END,V_sufficiency,0.014239132404327393
discovery,exp12_docs_code_09,docs_code,paraphrase,1,paraphrase,0,opposite_same_wording,SYSTEM_END,V_necessity_loss,0.00029640644788742065
discovery,exp12_docs_code_09,docs_code,paraphrase,1,paraphrase,0,opposite_same_wording,ISSUE_END,V_sufficiency,9.005516767501831e-05
discovery,exp12_docs_code_09,docs_code,paraphrase,1,paraphrase,0,opposite_same_wording,ISSUE_END,V_necessity_loss,-0.012915678322315216
discovery,exp12_docs_code_09,docs_code,paraphrase,1,paraphrase,0,opposite_same_wording,DETAIL_END,V_sufficiency,0.01307244598865509
discovery,exp12_docs_code_09,docs_code,paraphrase,1,paraphrase,0,opposite_same_wording,DETAIL_END,V_necessity_loss,-0.012998737394809723
discovery,exp12_docs_code_09,docs_code,paraphrase,1,paraphrase,0,opposite_same_wording,ACTION0_END,V_sufficiency,0.00010100007057189941
discovery,exp12_docs_code_09,docs_code,paraphrase,1,paraphrase,0,opposite_same_wording,ACTION0_END,V_necessity_loss,-0.014124944806098938
discovery,exp12_docs_code_09,docs_code,paraphrase,1,paraphrase,0,opposite_same_wording,ACTION1_END,V_sufficiency,0.0268847793340683
discovery,exp12_docs_code_09,docs_code,paraphrase,1,paraphrase,0,opposite_same_wording,ACTION1_END,V_necessity_loss,-5.1915645599365234e-05
discovery,exp12_docs_code_09,docs_code,paraphrase,1,paraphrase,0,opposite_same_wording,FINAL_INSTRUCTION_END,V_sufficiency,0.03824864327907562
discovery,exp12_docs_code_09,docs_code,paraphrase,1,paraphrase,0,opposite_same_wording,FINAL_INSTRUCTION_END,V_necessity_loss,0.03846285492181778
discovery,exp12_docs_code_09,docs_code,paraphrase,1,paraphrase,0,opposite_same_wording,USER_END,V_sufficiency,0.024995483458042145
discovery,exp12_docs_code_09,docs_code,paraphrase,1,paraphrase,0,opposite_same_wording,USER_END,V_necessity_loss,0.025480084121227264
discovery,exp12_docs_code_09,docs_code,paraphrase,1,paraphrase,0,opposite_same_wording,GENERATION_BOUNDARY,V_sufficiency,-0.03819270431995392
discovery,exp12_docs_code_09,docs_code,paraphrase,1,paraphrase,0,opposite_same_wording,GENERATION_BOUNDARY,V_necessity_loss,-0.10828679613769054
discovery,exp12_docs_code_11,docs_code,canonical,0,canonical,1,opposite_same_wording,SKILL_END,V_sufficiency,0.0001465827226638794
discovery,exp12_docs_code_11,docs_code,canonical,0,canonical,1,opposite_same_wording,SKILL_END,V_necessity_loss,-0.0004046633839607239
discovery,exp12_docs_code_11,docs_code,canonical,0,canonical,1,opposite_same_wording,SYSTEM_END,V_sufficiency,0.0001010894775390625
discovery,exp12_docs_code_11,docs_code,canonical,0,canonical,1,opposite_same_wording,SYSTEM_END,V_necessity_loss,-0.00021661072969436646
discovery,exp12_docs_code_11,docs_code,canonical,0,canonical,1,opposite_same_wording,ISSUE_END,V_sufficiency,0.00060277059674263
discovery,exp12_docs_code_11,docs_code,canonical,0,canonical,1,opposite_same_wording,ISSUE_END,V_necessity_loss,0.015859033912420273
discovery,exp12_docs_code_11,docs_code,canonical,0,canonical,1,opposite_same_wording,DETAIL_END,V_sufficiency,0.0002949908375740051
discovery,exp12_docs_code_11,docs_code,canonical,0,canonical,1,opposite_same_wording,DETAIL_END,V_necessity_loss,0.00019399449229240417
discovery,exp12_docs_code_11,docs_code,canonical,0,canonical,1,opposite_same_wording,ACTION0_END,V_sufficiency,0.00012281164526939392
discovery,exp12_docs_code_11,docs_code,canonical,0,canonical,1,opposite_same_wording,ACTION0_END,V_necessity_loss,-5.716085433959961e-05
discovery,exp12_docs_code_11,docs_code,canonical,0,canonical,1,opposite_same_wording,ACTION1_END,V_sufficiency,0.00014364346861839294
discovery,exp12_docs_code_11,docs_code,canonical,0,canonical,1,opposite_same_wording,ACTION1_END,V_necessity_loss,0.016179334372282028
discovery,exp12_docs_code_11,docs_code,canonical,0,canonical,1,opposite_same_wording,FINAL_INSTRUCTION_END,V_sufficiency,0.00024434924125671387
discovery,exp12_docs_code_11,docs_code,canonical,0,canonical,1,opposite_same_wording,FINAL_INSTRUCTION_END,V_necessity_loss,-0.0005921050906181335
discovery,exp12_docs_code_11,docs_code,canonical,0,canonical,1,opposite_same_wording,USER_END,V_sufficiency,0.016221784055233
discovery,exp12_docs_code_11,docs_code,canonical,0,canonical,1,opposite_same_wording,USER_END,V_necessity_loss,-5.5130571126937866e-05
discovery,exp12_docs_code_11,docs_code,canonical,0,canonical,1,opposite_same_wording,GENERATION_BOUNDARY,V_sufficiency,-0.015126820653676987
discovery,exp12_docs_code_11,docs_code,canonical,0,canonical,1,opposite_same_wording,GENERATION_BOUNDARY,V_necessity_loss,-0.07030578702688217
discovery,exp12_docs_code_11,docs_code,paraphrase,0,paraphrase,1,opposite_same_wording,SKILL_END,V_sufficiency,-0.012257605791091919
discovery,exp12_docs_code_11,docs_code,paraphrase,0,paraphrase,1,opposite_same_wording,SKILL_END,V_necessity_loss,0.003935713320970535
discovery,exp12_docs_code_11,docs_code,paraphrase,0,paraphrase,1,opposite_same_wording,SYSTEM_END,V_sufficiency,-0.0026981085538864136
discovery,exp12_docs_code_11,docs_code,paraphrase,0,paraphrase,1,opposite_same_wording,SYSTEM_END,V_necessity_loss,-0.00044301897287368774
discovery,exp12_docs_code_11,docs_code,paraphrase,0,paraphrase,1,opposite_same_wording,ISSUE_END,V_sufficiency,0.007368788123130798
discovery,exp12_docs_code_11,docs_code,paraphrase,0,paraphrase,1,opposite_same_wording,ISSUE_END,V_necessity_loss,-0.006759095937013626
discovery,exp12_docs_code_11,docs_code,paraphrase,0,paraphrase,1,opposite_same_wording,DETAIL_END,V_sufficiency,-0.004564449191093445
discovery,exp12_docs_code_11,docs_code,paraphrase,0,paraphrase,1,opposite_same_wording,DETAIL_END,V_necessity_loss,-0.008353203535079956
discovery,exp12_docs_code_11,docs_code,paraphrase,0,paraphrase,1,opposite_same_wording,ACTION0_END,V_sufficiency,0.0020698681473731995
discovery,exp12_docs_code_11,docs_code,paraphrase,0,paraphrase,1,opposite_same_wording,ACTION0_END,V_necessity_loss,-0.00020417198538780212
discovery,exp12_docs_code_11,docs_code,paraphrase,0,paraphrase,1,opposite_same_wording,ACTION1_END,V_sufficiency,0.008455749601125717
discovery,exp12_docs_code_11,docs_code,paraphrase,0,paraphrase,1,opposite_same_wording,ACTION1_END,V_necessity_loss,0.007611583918333054
discovery,exp12_docs_code_11,docs_code,paraphrase,0,paraphrase,1,opposite_same_wording,FINAL_INSTRUCTION_END,V_sufficiency,0.009211823344230652
discovery,exp12_docs_code_11,docs_code,paraphrase,0,paraphrase,1,opposite_same_wording,FINAL_INSTRUCTION_END,V_necessity_loss,0.004244774580001831
discovery,exp12_docs_code_11,docs_code,paraphrase,0,paraphrase,1,opposite_same_wording,USER_END,V_sufficiency,0.015573419630527496
discovery,exp12_docs_code_11,docs_code,paraphrase,0,paraphrase,1,opposite_same_wording,USER_END,V_necessity_loss,0.009974755346775055
discovery,exp12_docs_code_11,docs_code,paraphrase,0,paraphrase,1,opposite_same_wording,GENERATION_BOUNDARY,V_sufficiency,-0.07552484050393105
discovery,exp12_docs_code_11,docs_code,paraphrase,0,paraphrase,1,opposite_same_wording,GENERATION_BOUNDARY,V_necessity_loss,-0.09202662110328674
discovery,exp12_docs_code_11,docs_code,canonical,1,canonical,0,opposite_same_wording,SKILL_END,V_sufficiency,-7.15404748916626e-05
discovery,exp12_docs_code_11,docs_code,canonical,1,canonical,0,opposite_same_wording,SKILL_END,V_necessity_loss,0.0089341402053833
discovery,exp12_docs_code_11,docs_code,canonical,1,canonical,0,opposite_same_wording,SYSTEM_END,V_sufficiency,-0.017087824642658234
discovery,exp12_docs_code_11,docs_code,canonical,1,canonical,0,opposite_same_wording,SYSTEM_END,V_necessity_loss,0.016918331384658813
discovery,exp12_docs_code_11,docs_code,canonical,1,canonical,0,opposite_same_wording,ISSUE_END,V_sufficiency,0.00038339942693710327
discovery,exp12_docs_code_11,docs_code,canonical,1,canonical,0,opposite_same_wording,ISSUE_END,V_necessity_loss,0.008882731199264526
discovery,exp12_docs_code_11,docs_code,canonical,1,canonical,0,opposite_same_wording,DETAIL_END,V_sufficiency,-3.7647783756256104e-05
discovery,exp12_docs_code_11,docs_code,canonical,1,canonical,0,opposite_same_wording,DETAIL_END,V_necessity_loss,-2.504885196685791e-05
discovery,exp12_docs_code_11,docs_code,canonical,1,canonical,0,opposite_same_wording,ACTION0_END,V_sufficiency,-2.4721026420593262e-05
discovery,exp12_docs_code_11,docs_code,canonical,1,canonical,0,opposite_same_wording,ACTION0_END,V_necessity_loss,5.440413951873779e-05
discovery,exp12_docs_code_11,docs_code,canonical,1,canonical,0,opposite_same_wording,ACTION1_END,V_sufficiency,0.008886635303497314
discovery,exp12_docs_code_11,docs_code,canonical,1,canonical,0,opposite_same_wording,ACTION1_END,V_necessity_loss,0.017083078622817993
discovery,exp12_docs_code_11,docs_code,canonical,1,canonical,0,opposite_same_wording,FINAL_INSTRUCTION_END,V_sufficiency,0.02673238515853882
discovery,exp12_docs_code_11,docs_code,canonical,1,canonical,0,opposite_same_wording,FINAL_INSTRUCTION_END,V_necessity_loss,0.0008665472269058228
discovery,exp12_docs_code_11,docs_code,canonical,1,canonical,0,opposite_same_wording,USER_END,V_sufficiency,0.02671346813440323
discovery,exp12_docs_code_11,docs_code,canonical,1,canonical,0,opposite_same_wording,USER_END,V_necessity_loss,0.026092015206813812
discovery,exp12_docs_code_11,docs_code,canonical,1,canonical,0,opposite_same_wording,GENERATION_BOUNDARY,V_sufficiency,-0.04476500302553177
discovery,exp12_docs_code_11,docs_code,canonical,1,canonical,0,opposite_same_wording,GENERATION_BOUNDARY,V_necessity_loss,-0.03279246389865875
discovery,exp12_docs_code_11,docs_code,paraphrase,1,paraphrase,0,opposite_same_wording,SKILL_END,V_sufficiency,0.018360860645771027
discovery,exp12_docs_code_11,docs_code,paraphrase,1,paraphrase,0,opposite_same_wording,SKILL_END,V_necessity_loss,1.0013580322265625e-05
discovery,exp12_docs_code_11,docs_code,paraphrase,1,paraphrase,0,opposite_same_wording,SYSTEM_END,V_sufficiency,0.0009981989860534668
discovery,exp12_docs_code_11,docs_code,paraphrase,1,paraphrase,0,opposite_same_wording,SYSTEM_END,V_necessity_loss,0.0005447492003440857
discovery,exp12_docs_code_11,docs_code,paraphrase,1,paraphrase,0,opposite_same_wording,ISSUE_END,V_sufficiency,0.0009759664535522461
discovery,exp12_docs_code_11,docs_code,paraphrase,1,paraphrase,0,opposite_same_wording,ISSUE_END,V_necessity_loss,1.7434358596801758e-06
discovery,exp12_docs_code_11,docs_code,paraphrase,1,paraphrase,0,opposite_same_wording,DETAIL_END,V_sufficiency,2.2627413272857666e-05
discovery,exp12_docs_code_11,docs_code,paraphrase,1,paraphrase,0,opposite_same_wording,DETAIL_END,V_necessity_loss,-2.695620059967041e-05
discovery,exp12_docs_code_11,docs_code,paraphrase,1,paraphrase,0,opposite_same_wording,ACTION0_END,V_sufficiency,0.0009867846965789795
discovery,exp12_docs_code_11,docs_code,paraphrase,1,paraphrase,0,opposite_same_wording,ACTION0_END,V_necessity_loss,0.0005483925342559814
discovery,exp12_docs_code_11,docs_code,paraphrase,1,paraphrase,0,opposite_same_wording,ACTION1_END,V_sufficiency,0.017742328345775604
discovery,exp12_docs_code_11,docs_code,paraphrase,1,paraphrase,0,opposite_same_wording,ACTION1_END,V_necessity_loss,-3.6135315895080566e-05
discovery,exp12_docs_code_11,docs_code,paraphrase,1,paraphrase,0,opposite_same_wording,FINAL_INSTRUCTION_END,V_sufficiency,0.05343067646026611
discovery,exp12_docs_code_11,docs_code,paraphrase,1,paraphrase,0,opposite_same_wording,FINAL_INSTRUCTION_END,V_necessity_loss,0.03646355867385864
discovery,exp12_docs_code_11,docs_code,paraphrase,1,paraphrase,0,opposite_same_wording,USER_END,V_sufficiency,0.03656893968582153
discovery,exp12_docs_code_11,docs_code,paraphrase,1,paraphrase,0,opposite_same_wording,USER_END,V_necessity_loss,0.05350314825773239
discovery,exp12_docs_code_11,docs_code,paraphrase,1,paraphrase,0,opposite_same_wording,GENERATION_BOUNDARY,V_sufficiency,-0.07002051174640656
discovery,exp12_docs_code_11,docs_code,paraphrase,1,paraphrase,0,opposite_same_wording,GENERATION_BOUNDARY,V_necessity_loss,-0.09435972571372986
discovery,exp12_docs_code_12,docs_code,canonical,0,canonical,1,opposite_same_wording,SKILL_END,V_sufficiency,8.281320333480835e-06
discovery,exp12_docs_code_12,docs_code,canonical,0,canonical,1,opposite_same_wording,SKILL_END,V_necessity_loss,0.00026407837867736816
discovery,exp12_docs_code_12,docs_code,canonical,0,canonical,1,opposite_same_wording,SYSTEM_END,V_sufficiency,2.1394342184066772e-05
discovery,exp12_docs_code_12,docs_code,canonical,0,canonical,1,opposite_same_wording,SYSTEM_END,V_necessity_loss,0.01570463553071022
discovery,exp12_docs_code_12,docs_code,canonical,0,canonical,1,opposite_same_wording,ISSUE_END,V_sufficiency,-2.425163984298706e-05
discovery,exp12_docs_code_12,docs_code,canonical,0,canonical,1,opposite_same_wording,ISSUE_END,V_necessity_loss,-0.00011109188199043274
discovery,exp12_docs_code_12,docs_code,canonical,0,canonical,1,opposite_same_wording,DETAIL_END,V_sufficiency,-8.258968591690063e-06
discovery,exp12_docs_code_12,docs_code,canonical,0,canonical,1,opposite_same_wording,DETAIL_END,V_necessity_loss,-6.083771586418152e-05
discovery,exp12_docs_code_12,docs_code,canonical,0,canonical,1,opposite_same_wording,ACTION0_END,V_sufficiency,-8.806586265563965e-06
discovery,exp12_docs_code_12,docs_code,canonical,0,canonical,1,opposite_same_wording,ACTION0_END,V_necessity_loss,7.159635424613953e-05
discovery,exp12_docs_code_12,docs_code,canonical,0,canonical,1,opposite_same_wording,ACTION1_END,V_sufficiency,0.015129178762435913
discovery,exp12_docs_code_12,docs_code,canonical,0,canonical,1,opposite_same_wording,ACTION1_END,V_necessity_loss,-0.00015142187476158142
discovery,exp12_docs_code_12,docs_code,canonical,0,canonical,1,opposite_same_wording,FINAL_INSTRUCTION_END,V_sufficiency,-2.827867865562439e-05
discovery,exp12_docs_code_12,docs_code,canonical,0,canonical,1,opposite_same_wording,FINAL_INSTRUCTION_END,V_necessity_loss,0.01563282683491707
discovery,exp12_docs_code_12,docs_code,canonical,0,canonical,1,opposite_same_wording,USER_END,V_sufficiency,0.030699677765369415
discovery,exp12_docs_code_12,docs_code,canonical,0,canonical,1,opposite_same_wording,USER_END,V_necessity_loss,0.0001741163432598114
discovery,exp12_docs_code_12,docs_code,canonical,0,canonical,1,opposite_same_wording,GENERATION_BOUNDARY,V_sufficiency,-0.016003884375095367
discovery,exp12_docs_code_12,docs_code,canonical,0,canonical,1,opposite_same_wording,GENERATION_BOUNDARY,V_necessity_loss,-0.05727571249008179
discovery,exp12_docs_code_12,docs_code,paraphrase,0,paraphrase,1,opposite_same_wording,SKILL_END,V_sufficiency,1.1097639799118042e-05
discovery,exp12_docs_code_12,docs_code,paraphrase,0,paraphrase,1,opposite_same_wording,SKILL_END,V_necessity_loss,-0.007619168609380722
discovery,exp12_docs_code_12,docs_code,paraphrase,0,paraphrase,1,opposite_same_wording,SYSTEM_END,V_sufficiency,-3.555417060852051e-05
discovery,exp12_docs_code_12,docs_code,paraphrase,0,paraphrase,1,opposite_same_wording,SYSTEM_END,V_necessity_loss,-2.6151537895202637e-05
discovery,exp12_docs_code_12,docs_code,paraphrase,0,paraphrase,1,opposite_same_wording,ISSUE_END,V_sufficiency,0.022963937371969223
discovery,exp12_docs_code_12,docs_code,paraphrase,0,paraphrase,1,opposite_same_wording,ISSUE_END,V_necessity_loss,-0.007369454950094223
discovery,exp12_docs_code_12,docs_code,paraphrase,0,paraphrase,1,opposite_same_wording,DETAIL_END,V_sufficiency,1.0084360837936401e-05
discovery,exp12_docs_code_12,docs_code,paraphrase,0,paraphrase,1,opposite_same_wording,DETAIL_END,V_necessity_loss,0.007324274629354477
discovery,exp12_docs_code_12,docs_code,paraphrase,0,paraphrase,1,opposite_same_wording,ACTION0_END,V_sufficiency,3.3527612686157227e-07
discovery,exp12_docs_code_12,docs_code,paraphrase,0,paraphrase,1,opposite_same_wording,ACTION0_END,V_necessity_loss,-0.0001511014997959137
discovery,exp12_docs_code_12,docs_code,paraphrase,0,paraphrase,1,opposite_same_wording,ACTION1_END,V_sufficiency,2.2884458303451538e-05
discovery,exp12_docs_code_12,docs_code,paraphrase,0,paraphrase,1,opposite_same_wording,ACTION1_END,V_necessity_loss,7.029622793197632e-05
discovery,exp12_docs_code_12,docs_code,paraphrase,0,paraphrase,1,opposite_same_wording,FINAL_INSTRUCTION_END,V_sufficiency,0.007793489843606949
discovery,exp12_docs_code_12,docs_code,paraphrase,0,paraphrase,1,opposite_same_wording,FINAL_INSTRUCTION_END,V_necessity_loss,-6.0014426708221436e-05
discovery,exp12_docs_code_12,docs_code,paraphrase,0,paraphrase,1,opposite_same_wording,USER_END,V_sufficiency,0.03077009692788124
discovery,exp12_docs_code_12,docs_code,paraphrase,0,paraphrase,1,opposite_same_wording,USER_END,V_necessity_loss,0.0004207976162433624
discovery,exp12_docs_code_12,docs_code,paraphrase,0,paraphrase,1,opposite_same_wording,GENERATION_BOUNDARY,V_sufficiency,-0.06230934336781502
discovery,exp12_docs_code_12,docs_code,paraphrase,0,paraphrase,1,opposite_same_wording,GENERATION_BOUNDARY,V_necessity_loss,-0.09042755514383316
discovery,exp12_docs_code_12,docs_code,canonical,1,canonical,0,opposite_same_wording,SKILL_END,V_sufficiency,2.8073787689208984e-05
discovery,exp12_docs_code_12,docs_code,canonical,1,canonical,0,opposite_same_wording,SKILL_END,V_necessity_loss,0.0004002973437309265
discovery,exp12_docs_code_12,docs_code,canonical,1,canonical,0,opposite_same_wording,SYSTEM_END,V_sufficiency,0.014882102608680725
discovery,exp12_docs_code_12,docs_code,canonical,1,canonical,0,opposite_same_wording,SYSTEM_END,V_necessity_loss,0.007560566067695618
discovery,exp12_docs_code_12,docs_code,canonical,1,canonical,0,opposite_same_wording,ISSUE_END,V_sufficiency,0.007340721786022186
discovery,exp12_docs_code_12,docs_code,canonical,1,canonical,0,opposite_same_wording,ISSUE_END,V_necessity_loss,0.007805660367012024
discovery,exp12_docs_code_12,docs_code,canonical,1,canonical,0,opposite_same_wording,DETAIL_END,V_sufficiency,0.0078089237213134766
discovery,exp12_docs_code_12,docs_code,canonical,1,canonical,0,opposite_same_wording,DETAIL_END,V_necessity_loss,9.79006290435791e-06
discovery,exp12_docs_code_12,docs_code,canonical,1,canonical,0,opposite_same_wording,ACTION0_END,V_sufficiency,0.01484505832195282
discovery,exp12_docs_code_12,docs_code,canonical,1,canonical,0,opposite_same_wording,ACTION0_END,V_necessity_loss,-0.014772176742553711
discovery,exp12_docs_code_12,docs_code,canonical,1,canonical,0,opposite_same_wording,ACTION1_END,V_sufficiency,0.014823265373706818
discovery,exp12_docs_code_12,docs_code,canonical,1,canonical,0,opposite_same_wording,ACTION1_END,V_necessity_loss,0.006937392055988312
discovery,exp12_docs_code_12,docs_code,canonical,1,canonical,0,opposite_same_wording,FINAL_INSTRUCTION_END,V_sufficiency,0.028267458081245422
discovery,exp12_docs_code_12,docs_code,canonical,1,canonical,0,opposite_same_wording,FINAL_INSTRUCTION_END,V_necessity_loss,0.013167716562747955
discovery,exp12_docs_code_12,docs_code,canonical,1,canonical,0,opposite_same_wording,USER_END,V_sufficiency,4.813075065612793e-06
discovery,exp12_docs_code_12,docs_code,canonical,1,canonical,0,opposite_same_wording,USER_END,V_necessity_loss,-0.00040562450885772705
discovery,exp12_docs_code_12,docs_code,canonical,1,canonical,0,opposite_same_wording,GENERATION_BOUNDARY,V_sufficiency,-0.03466275334358215
discovery,exp12_docs_code_12,docs_code,canonical,1,canonical,0,opposite_same_wording,GENERATION_BOUNDARY,V_necessity_loss,-0.045294150710105896
discovery,exp12_docs_code_12,docs_code,paraphrase,1,paraphrase,0,opposite_same_wording,SKILL_END,V_sufficiency,0.0001351684331893921
discovery,exp12_docs_code_12,docs_code,paraphrase,1,paraphrase,0,opposite_same_wording,SKILL_END,V_necessity_loss,-2.79843807220459e-05
discovery,exp12_docs_code_12,docs_code,paraphrase,1,paraphrase,0,opposite_same_wording,SYSTEM_END,V_sufficiency,0.014201827347278595
discovery,exp12_docs_code_12,docs_code,paraphrase,1,paraphrase,0,opposite_same_wording,SYSTEM_END,V_necessity_loss,0.014332138001918793
discovery,exp12_docs_code_12,docs_code,paraphrase,1,paraphrase,0,opposite_same_wording,ISSUE_END,V_sufficiency,7.144361734390259e-05
discovery,exp12_docs_code_12,docs_code,paraphrase,1,paraphrase,0,opposite_same_wording,ISSUE_END,V_necessity_loss,-0.01485239714384079
discovery,exp12_docs_code_12,docs_code,paraphrase,1,paraphrase,0,opposite_same_wording,DETAIL_END,V_sufficiency,0.00015414506196975708
discovery,exp12_docs_code_12,docs_code,paraphrase,1,paraphrase,0,opposite_same_wording,DETAIL_END,V_necessity_loss,-0.00017432868480682373
discovery,exp12_docs_code_12,docs_code,paraphrase,1,paraphrase,0,opposite_same_wording,ACTION0_END,V_sufficiency,0.01473575085401535
discovery,exp12_docs_code_12,docs_code,paraphrase,1,paraphrase,0,opposite_same_wording,ACTION0_END,V_necessity_loss,0.014647603034973145
discovery,exp12_docs_code_12,docs_code,paraphrase,1,paraphrase,0,opposite_same_wording,ACTION1_END,V_sufficiency,6.233155727386475e-05
discovery,exp12_docs_code_12,docs_code,paraphrase,1,paraphrase,0,opposite_same_wording,ACTION1_END,V_necessity_loss,1.8864870071411133e-05
discovery,exp12_docs_code_12,docs_code,paraphrase,1,paraphrase,0,opposite_same_wording,FINAL_INSTRUCTION_END,V_sufficiency,0.042235612869262695
discovery,exp12_docs_code_12,docs_code,paraphrase,1,paraphrase,0,opposite_same_wording,FINAL_INSTRUCTION_END,V_necessity_loss,0.04260815680027008
discovery,exp12_docs_code_12,docs_code,paraphrase,1,paraphrase,0,opposite_same_wording,USER_END,V_sufficiency,0.027999870479106903
discovery,exp12_docs_code_12,docs_code,paraphrase,1,paraphrase,0,opposite_same_wording,USER_END,V_necessity_loss,0.027789369225502014
discovery,exp12_docs_code_12,docs_code,paraphrase,1,paraphrase,0,opposite_same_wording,GENERATION_BOUNDARY,V_sufficiency,-0.042310990393161774
discovery,exp12_docs_code_12,docs_code,paraphrase,1,paraphrase,0,opposite_same_wording,GENERATION_BOUNDARY,V_necessity_loss,-0.07766421884298325
discovery,exp12_docs_code_14,docs_code,canonical,0,canonical,1,opposite_same_wording,SKILL_END,V_sufficiency,0.0001676417887210846
discovery,exp12_docs_code_14,docs_code,canonical,0,canonical,1,opposite_same_wording,SKILL_END,V_necessity_loss,-8.391216397285461e-05
discovery,exp12_docs_code_14,docs_code,canonical,0,canonical,1,opposite_same_wording,SYSTEM_END,V_sufficiency,0.00019896775484085083
discovery,exp12_docs_code_14,docs_code,canonical,0,canonical,1,opposite_same_wording,SYSTEM_END,V_necessity_loss,0.006960336118936539
discovery,exp12_docs_code_14,docs_code,canonical,0,canonical,1,opposite_same_wording,ISSUE_END,V_sufficiency,0.0006914213299751282
discovery,exp12_docs_code_14,docs_code,canonical,0,canonical,1,opposite_same_wording,ISSUE_END,V_necessity_loss,-0.007309768348932266
discovery,exp12_docs_code_14,docs_code,canonical,0,canonical,1,opposite_same_wording,DETAIL_END,V_sufficiency,0.0003404580056667328
discovery,exp12_docs_code_14,docs_code,canonical,0,canonical,1,opposite_same_wording,DETAIL_END,V_necessity_loss,0.0004372932016849518
discovery,exp12_docs_code_14,docs_code,canonical,0,canonical,1,opposite_same_wording,ACTION0_END,V_sufficiency,0.0001565106213092804
discovery,exp12_docs_code_14,docs_code,canonical,0,canonical,1,opposite_same_wording,ACTION0_END,V_necessity_loss,-7.090717554092407e-05
discovery,exp12_docs_code_14,docs_code,canonical,0,canonical,1,opposite_same_wording,ACTION1_END,V_sufficiency,0.0002875514328479767
discovery,exp12_docs_code_14,docs_code,canonical,0,canonical,1,opposite_same_wording,ACTION1_END,V_necessity_loss,-0.00012952834367752075
discovery,exp12_docs_code_14,docs_code,canonical,0,canonical,1,opposite_same_wording,FINAL_INSTRUCTION_END,V_sufficiency,0.0003088824450969696
discovery,exp12_docs_code_14,docs_code,canonical,0,canonical,1,opposite_same_wording,FINAL_INSTRUCTION_END,V_necessity_loss,0.006912205368280411
discovery,exp12_docs_code_14,docs_code,canonical,0,canonical,1,opposite_same_wording,USER_END,V_sufficiency,0.014076855033636093
discovery,exp12_docs_code_14,docs_code,canonical,0,canonical,1,opposite_same_wording,USER_END,V_necessity_loss,-4.842877388000488e-08
discovery,exp12_docs_code_14,docs_code,canonical,0,canonical,1,opposite_same_wording,GENERATION_BOUNDARY,V_sufficiency,-0.04213126376271248
discovery,exp12_docs_code_14,docs_code,canonical,0,canonical,1,opposite_same_wording,GENERATION_BOUNDARY,V_necessity_loss,-0.08448094129562378
discovery,exp12_docs_code_14,docs_code,paraphrase,0,paraphrase,1,opposite_same_wording,SKILL_END,V_sufficiency,-9.723007678985596e-07
discovery,exp12_docs_code_14,docs_code,paraphrase,0,paraphrase,1,opposite_same_wording,SKILL_END,V_necessity_loss,3.330409526824951e-06
discovery,exp12_docs_code_14,docs_code,paraphrase,0,paraphrase,1,opposite_same_wording,SYSTEM_END,V_sufficiency,0.00820954516530037
discovery,exp12_docs_code_14,docs_code,paraphrase,0,paraphrase,1,opposite_same_wording,SYSTEM_END,V_necessity_loss,0.006945628672838211
discovery,exp12_docs_code_14,docs_code,paraphrase,0,paraphrase,1,opposite_same_wording,ISSUE_END,V_sufficiency,-0.006799574941396713
discovery,exp12_docs_code_14,docs_code,paraphrase,0,paraphrase,1,opposite_same_wording,ISSUE_END,V_necessity_loss,-0.00014625117182731628
discovery,exp12_docs_code_14,docs_code,paraphrase,0,paraphrase,1,opposite_same_wording,DETAIL_END,V_sufficiency,8.962675929069519e-05
discovery,exp12_docs_code_14,docs_code,paraphrase,0,paraphrase,1,opposite_same_wording,DETAIL_END,V_necessity_loss,0.02193078026175499
discovery,exp12_docs_code_14,docs_code,paraphrase,0,paraphrase,1,opposite_same_wording,ACTION0_END,V_sufficiency,0.0072239600121974945
discovery,exp12_docs_code_14,docs_code,paraphrase,0,paraphrase,1,opposite_same_wording,ACTION0_END,V_necessity_loss,0.006815265864133835
discovery,exp12_docs_code_14,docs_code,paraphrase,0,paraphrase,1,opposite_same_wording,ACTION1_END,V_sufficiency,0.0002971850335597992
discovery,exp12_docs_code_14,docs_code,paraphrase,0,paraphrase,1,opposite_same_wording,ACTION1_END,V_necessity_loss,0.014796610921621323
discovery,exp12_docs_code_14,docs_code,paraphrase,0,paraphrase,1,opposite_same_wording,FINAL_INSTRUCTION_END,V_sufficiency,0.007229849696159363
discovery,exp12_docs_code_14,docs_code,paraphrase,0,paraphrase,1,opposite_same_wording,FINAL_INSTRUCTION_END,V_necessity_loss,0.007095072418451309
discovery,exp12_docs_code_14,docs_code,paraphrase,0,paraphrase,1,opposite_same_wording,USER_END,V_sufficiency,0.03625769540667534
discovery,exp12_docs_code_14,docs_code,paraphrase,0,paraphrase,1,opposite_same_wording,USER_END,V_necessity_loss,0.0069477371871471405
discovery,exp12_docs_code_14,docs_code,paraphrase,0,paraphrase,1,opposite_same_wording,GENERATION_BOUNDARY,V_sufficiency,-0.04142143204808235
discovery,exp12_docs_code_14,docs_code,paraphrase,0,paraphrase,1,opposite_same_wording,GENERATION_BOUNDARY,V_necessity_loss,-0.09228069335222244
discovery,exp12_docs_code_14,docs_code,canonical,1,canonical,0,opposite_same_wording,SKILL_END,V_sufficiency,0.00010681897401809692
discovery,exp12_docs_code_14,docs_code,canonical,1,canonical,0,opposite_same_wording,SKILL_END,V_necessity_loss,-0.009166307747364044
discovery,exp12_docs_code_14,docs_code,canonical,1,canonical,0,opposite_same_wording,SYSTEM_END,V_sufficiency,-0.000498458743095398
discovery,exp12_docs_code_14,docs_code,canonical,1,canonical,0,opposite_same_wording,SYSTEM_END,V_necessity_loss,0.008895933628082275
discovery,exp12_docs_code_14,docs_code,canonical,1,canonical,0,opposite_same_wording,ISSUE_END,V_sufficiency,-0.0004453882575035095
discovery,exp12_docs_code_14,docs_code,canonical,1,canonical,0,opposite_same_wording,ISSUE_END,V_necessity_loss,0.0009245499968528748
discovery,exp12_docs_code_14,docs_code,canonical,1,canonical,0,opposite_same_wording,DETAIL_END,V_sufficiency,-0.0003356263041496277
discovery,exp12_docs_code_14,docs_code,canonical,1,canonical,0,opposite_same_wording,DETAIL_END,V_necessity_loss,-1.7665326595306396e-05
discovery,exp12_docs_code_14,docs_code,canonical,1,canonical,0,opposite_same_wording,ACTION0_END,V_sufficiency,-0.008790925145149231
discovery,exp12_docs_code_14,docs_code,canonical,1,canonical,0,opposite_same_wording,ACTION0_END,V_necessity_loss,-0.016606472432613373
discovery,exp12_docs_code_14,docs_code,canonical,1,canonical,0,opposite_same_wording,ACTION1_END,V_sufficiency,0.00892048329114914
discovery,exp12_docs_code_14,docs_code,canonical,1,canonical,0,opposite_same_wording,ACTION1_END,V_necessity_loss,-8.163601160049438e-05
discovery,exp12_docs_code_14,docs_code,canonical,1,canonical,0,opposite_same_wording,FINAL_INSTRUCTION_END,V_sufficiency,0.026333242654800415
discovery,exp12_docs_code_14,docs_code,canonical,1,canonical,0,opposite_same_wording,FINAL_INSTRUCTION_END,V_necessity_loss,0.026832811534404755
discovery,exp12_docs_code_14,docs_code,canonical,1,canonical,0,opposite_same_wording,USER_END,V_sufficiency,0.03570856153964996
discovery,exp12_docs_code_14,docs_code,canonical,1,canonical,0,opposite_same_wording,USER_END,V_necessity_loss,0.028444331139326096
discovery,exp12_docs_code_14,docs_code,canonical,1,canonical,0,opposite_same_wording,GENERATION_BOUNDARY,V_sufficiency,-0.043216004967689514
discovery,exp12_docs_code_14,docs_code,canonical,1,canonical,0,opposite_same_wording,GENERATION_BOUNDARY,V_necessity_loss,-0.059854261577129364
discovery,exp12_docs_code_14,docs_code,paraphrase,1,paraphrase,0,opposite_same_wording,SKILL_END,V_sufficiency,7.965415716171265e-05
discovery,exp12_docs_code_14,docs_code,paraphrase,1,paraphrase,0,opposite_same_wording,SKILL_END,V_necessity_loss,-0.0009633302688598633
discovery,exp12_docs_code_14,docs_code,paraphrase,1,paraphrase,0,opposite_same_wording,SYSTEM_END,V_sufficiency,0.01676984876394272
discovery,exp12_docs_code_14,docs_code,paraphrase,1,paraphrase,0,opposite_same_wording,SYSTEM_END,V_necessity_loss,-2.7105212211608887e-05
discovery,exp12_docs_code_14,docs_code,paraphrase,1,paraphrase,0,opposite_same_wording,ISSUE_END,V_sufficiency,1.2353062629699707e-05
discovery,exp12_docs_code_14,docs_code,paraphrase,1,paraphrase,0,opposite_same_wording,ISSUE_END,V_necessity_loss,-0.0001537427306175232
discovery,exp12_docs_code_14,docs_code,paraphrase,1,paraphrase,0,opposite_same_wording,DETAIL_END,V_sufficiency,-9.074807167053223e-06
discovery,exp12_docs_code_14,docs_code,paraphrase,1,paraphrase,0,opposite_same_wording,DETAIL_END,V_necessity_loss,0.000843048095703125
discovery,exp12_docs_code_14,docs_code,paraphrase,1,paraphrase,0,opposite_same_wording,ACTION0_END,V_sufficiency,7.043033838272095e-05
discovery,exp12_docs_code_14,docs_code,paraphrase,1,paraphrase,0,opposite_same_wording,ACTION0_END,V_necessity_loss,0.0003506094217300415
discovery,exp12_docs_code_14,docs_code,paraphrase,1,paraphrase,0,opposite_same_wording,ACTION1_END,V_sufficiency,-5.536526441574097e-05
discovery,exp12_docs_code_14,docs_code,paraphrase,1,paraphrase,0,opposite_same_wording,ACTION1_END,V_necessity_loss,-0.01655251532793045
discovery,exp12_docs_code_14,docs_code,paraphrase,1,paraphrase,0,opposite_same_wording,FINAL_INSTRUCTION_END,V_sufficiency,0.03639626502990723
discovery,exp12_docs_code_14,docs_code,paraphrase,1,paraphrase,0,opposite_same_wording,FINAL_INSTRUCTION_END,V_necessity_loss,0.03566928207874298
discovery,exp12_docs_code_14,docs_code,paraphrase,1,paraphrase,0,opposite_same_wording,USER_END,V_sufficiency,0.05238276720046997
discovery,exp12_docs_code_14,docs_code,paraphrase,1,paraphrase,0,opposite_same_wording,USER_END,V_necessity_loss,0.07019834965467453
discovery,exp12_docs_code_14,docs_code,paraphrase,1,paraphrase,0,opposite_same_wording,GENERATION_BOUNDARY,V_sufficiency,-0.06930224597454071
discovery,exp12_docs_code_14,docs_code,paraphrase,1,paraphrase,0,opposite_same_wording,GENERATION_BOUNDARY,V_necessity_loss,-0.08500156924128532
