partition,task_id,family,wording,label,anchor,anchor_local_index,prompt_position,offset_from_generation_boundary,token_id,token,decoded
confirmation,exp12_test_edit_02,test_edit,canonical,0,SKILL_END,0,35,-108,1172,Ġonly, only
confirmation,exp12_test_edit_02,test_edit,canonical,0,SKILL_END,1,36,-107,1283,Ġafter, after
confirmation,exp12_test_edit_02,test_edit,canonical,0,SKILL_END,2,37,-106,279,Ġthe, the
confirmation,exp12_test_edit_02,test_edit,canonical,0,SKILL_END,3,38,-105,1273,Ġtest, test
confirmation,exp12_test_edit_02,test_edit,canonical,0,SKILL_END,4,39,-104,1102,Ġresult, result
confirmation,exp12_test_edit_02,test_edit,canonical,0,SKILL_END,5,40,-103,382,.ĊĊ,".

"
confirmation,exp12_test_edit_02,test_edit,canonical,0,SYSTEM_END,0,47,-96,29130,Ġdeciding, deciding
confirmation,exp12_test_edit_02,test_edit,canonical,0,SYSTEM_END,1,48,-95,279,Ġthe, the
confirmation,exp12_test_edit_02,test_edit,canonical,0,SYSTEM_END,2,49,-94,1156,Ġfirst, first
confirmation,exp12_test_edit_02,test_edit,canonical,0,SYSTEM_END,3,50,-93,1917,Ġaction, action
confirmation,exp12_test_edit_02,test_edit,canonical,0,SYSTEM_END,4,51,-92,13,.,.
confirmation,exp12_test_edit_02,test_edit,canonical,0,SYSTEM_END,5,52,-91,151645,<|im_end|>,<|im_end|>
confirmation,exp12_test_edit_02,test_edit,canonical,0,ISSUE_END,0,84,-59,17112,Ġtargeted, targeted
confirmation,exp12_test_edit_02,test_edit,canonical,0,ISSUE_END,1,85,-58,1273,Ġtest, test
confirmation,exp12_test_edit_02,test_edit,canonical,0,ISSUE_END,2,86,-57,525,Ġare, are
confirmation,exp12_test_edit_02,test_edit,canonical,0,ISSUE_END,3,87,-56,2176,Ġboth, both
confirmation,exp12_test_edit_02,test_edit,canonical,0,ISSUE_END,4,88,-55,2500,Ġavailable, available
confirmation,exp12_test_edit_02,test_edit,canonical,0,ISSUE_END,5,89,-54,382,.ĊĊ,".

"
confirmation,exp12_test_edit_02,test_edit,canonical,0,DETAIL_END,0,97,-46,1459,Ġpoint, point
confirmation,exp12_test_edit_02,test_edit,canonical,0,DETAIL_END,1,98,-45,374,Ġis, is
confirmation,exp12_test_edit_02,test_edit,canonical,0,DETAIL_END,2,99,-44,1565,Ġ`, `
confirmation,exp12_test_edit_02,test_edit,canonical,0,DETAIL_END,3,100,-43,8966,route,route
confirmation,exp12_test_edit_02,test_edit,canonical,0,DETAIL_END,4,101,-42,7893,_request,_request
confirmation,exp12_test_edit_02,test_edit,canonical,0,DETAIL_END,5,102,-41,62338,`.ĊĊ,"`.

"
confirmation,exp12_test_edit_02,test_edit,canonical,0,ACTION0_END,0,117,-26,55587,_router,_router
confirmation,exp12_test_edit_02,test_edit,canonical,0,ACTION0_END,1,118,-25,17932,_edge,_edge
confirmation,exp12_test_edit_02,test_edit,canonical,0,ACTION0_END,2,119,-24,62,_,_
confirmation,exp12_test_edit_02,test_edit,canonical,0,ACTION0_END,3,120,-23,15,0,0
confirmation,exp12_test_edit_02,test_edit,canonical,0,ACTION0_END,4,121,-22,17,2,2
confirmation,exp12_test_edit_02,test_edit,canonical,0,ACTION0_END,5,122,-21,1138,""")Ċ",""")
"
confirmation,exp12_test_edit_02,test_edit,canonical,0,ACTION1_END,0,125,-18,2458,_file,_file
confirmation,exp12_test_edit_02,test_edit,canonical,0,ACTION1_END,1,126,-17,445,"(""","("""
confirmation,exp12_test_edit_02,test_edit,canonical,0,ACTION1_END,2,127,-16,3548,src,src
confirmation,exp12_test_edit_02,test_edit,canonical,0,ACTION1_END,3,128,-15,18546,/router,/router
confirmation,exp12_test_edit_02,test_edit,canonical,0,ACTION1_END,4,129,-14,7197,.py,.py
confirmation,exp12_test_edit_02,test_edit,canonical,0,ACTION1_END,5,130,-13,5130,""")ĊĊ",""")

"
confirmation,exp12_test_edit_02,test_edit,canonical,0,FINAL_INSTRUCTION_END,0,132,-11,279,Ġthe, the
confirmation,exp12_test_edit_02,test_edit,canonical,0,FINAL_INSTRUCTION_END,1,133,-10,3175,Ġsingle, single
confirmation,exp12_test_edit_02,test_edit,canonical,0,FINAL_INSTRUCTION_END,2,134,-9,1790,Ġnext, next
confirmation,exp12_test_edit_02,test_edit,canonical,0,FINAL_INSTRUCTION_END,3,135,-8,1917,Ġaction, action
confirmation,exp12_test_edit_02,test_edit,canonical,0,FINAL_INSTRUCTION_END,4,136,-7,1431,Ġnow, now
confirmation,exp12_test_edit_02,test_edit,canonical,0,FINAL_INSTRUCTION_END,5,137,-6,13,.,.
confirmation,exp12_test_edit_02,test_edit,canonical,0,USER_END,0,133,-10,3175,Ġsingle, single
confirmation,exp12_test_edit_02,test_edit,canonical,0,USER_END,1,134,-9,1790,Ġnext, next
confirmation,exp12_test_edit_02,test_edit,canonical,0,USER_END,2,135,-8,1917,Ġaction, action
confirmation,exp12_test_edit_02,test_edit,canonical,0,USER_END,3,136,-7,1431,Ġnow, now
confirmation,exp12_test_edit_02,test_edit,canonical,0,USER_END,4,137,-6,13,.,.
confirmation,exp12_test_edit_02,test_edit,canonical,0,USER_END,5,138,-5,151645,<|im_end|>,<|im_end|>
confirmation,exp12_test_edit_02,test_edit,canonical,0,GENERATION_BOUNDARY,0,137,-6,13,.,.
confirmation,exp12_test_edit_02,test_edit,canonical,0,GENERATION_BOUNDARY,1,138,-5,151645,<|im_end|>,<|im_end|>
confirmation,exp12_test_edit_02,test_edit,canonical,0,GENERATION_BOUNDARY,2,139,-4,198,Ċ,"
"
confirmation,exp12_test_edit_02,test_edit,canonical,0,GENERATION_BOUNDARY,3,140,-3,151644,<|im_start|>,<|im_start|>
confirmation,exp12_test_edit_02,test_edit,canonical,0,GENERATION_BOUNDARY,4,141,-2,77091,assistant,assistant
confirmation,exp12_test_edit_02,test_edit,canonical,0,GENERATION_BOUNDARY,5,142,-1,198,Ċ,"
"
confirmation,exp12_test_edit_02,test_edit,paraphrase,0,SKILL_END,0,31,-108,11,",",","
confirmation,exp12_test_edit_02,test_edit,paraphrase,0,SKILL_END,1,32,-107,1221,Ġthen, then
confirmation,exp12_test_edit_02,test_edit,paraphrase,0,SKILL_END,2,33,-106,1401,Ġlook, look
confirmation,exp12_test_edit_02,test_edit,paraphrase,0,SKILL_END,3,34,-105,518,Ġat, at
confirmation,exp12_test_edit_02,test_edit,paraphrase,0,SKILL_END,4,35,-104,8129,Ġimplementation, implementation
confirmation,exp12_test_edit_02,test_edit,paraphrase,0,SKILL_END,5,36,-103,382,.ĊĊ,".

"
confirmation,exp12_test_edit_02,test_edit,paraphrase,0,SYSTEM_END,0,43,-96,29130,Ġdeciding, deciding
confirmation,exp12_test_edit_02,test_edit,paraphrase,0,SYSTEM_END,1,44,-95,279,Ġthe, the
confirmation,exp12_test_edit_02,test_edit,paraphrase,0,SYSTEM_END,2,45,-94,1156,Ġfirst, first
confirmation,exp12_test_edit_02,test_edit,paraphrase,0,SYSTEM_END,3,46,-93,1917,Ġaction, action
confirmation,exp12_test_edit_02,test_edit,paraphrase,0,SYSTEM_END,4,47,-92,13,.,.
confirmation,exp12_test_edit_02,test_edit,paraphrase,0,SYSTEM_END,5,48,-91,151645,<|im_end|>,<|im_end|>
confirmation,exp12_test_edit_02,test_edit,paraphrase,0,ISSUE_END,0,80,-59,17112,Ġtargeted, targeted
confirmation,exp12_test_edit_02,test_edit,paraphrase,0,ISSUE_END,1,81,-58,1273,Ġtest, test
confirmation,exp12_test_edit_02,test_edit,paraphrase,0,ISSUE_END,2,82,-57,525,Ġare, are
confirmation,exp12_test_edit_02,test_edit,paraphrase,0,ISSUE_END,3,83,-56,2176,Ġboth, both
confirmation,exp12_test_edit_02,test_edit,paraphrase,0,ISSUE_END,4,84,-55,2500,Ġavailable, available
confirmation,exp12_test_edit_02,test_edit,paraphrase,0,ISSUE_END,5,85,-54,382,.ĊĊ,".

"
confirmation,exp12_test_edit_02,test_edit,paraphrase,0,DETAIL_END,0,93,-46,1459,Ġpoint, point
confirmation,exp12_test_edit_02,test_edit,paraphrase,0,DETAIL_END,1,94,-45,374,Ġis, is
confirmation,exp12_test_edit_02,test_edit,paraphrase,0,DETAIL_END,2,95,-44,1565,Ġ`, `
confirmation,exp12_test_edit_02,test_edit,paraphrase,0,DETAIL_END,3,96,-43,8966,route,route
confirmation,exp12_test_edit_02,test_edit,paraphrase,0,DETAIL_END,4,97,-42,7893,_request,_request
confirmation,exp12_test_edit_02,test_edit,paraphrase,0,DETAIL_END,5,98,-41,62338,`.ĊĊ,"`.

"
confirmation,exp12_test_edit_02,test_edit,paraphrase,0,ACTION0_END,0,113,-26,55587,_router,_router
confirmation,exp12_test_edit_02,test_edit,paraphrase,0,ACTION0_END,1,114,-25,17932,_edge,_edge
confirmation,exp12_test_edit_02,test_edit,paraphrase,0,ACTION0_END,2,115,-24,62,_,_
confirmation,exp12_test_edit_02,test_edit,paraphrase,0,ACTION0_END,3,116,-23,15,0,0
confirmation,exp12_test_edit_02,test_edit,paraphrase,0,ACTION0_END,4,117,-22,17,2,2
confirmation,exp12_test_edit_02,test_edit,paraphrase,0,ACTION0_END,5,118,-21,1138,""")Ċ",""")
"
confirmation,exp12_test_edit_02,test_edit,paraphrase,0,ACTION1_END,0,121,-18,2458,_file,_file
confirmation,exp12_test_edit_02,test_edit,paraphrase,0,ACTION1_END,1,122,-17,445,"(""","("""
confirmation,exp12_test_edit_02,test_edit,paraphrase,0,ACTION1_END,2,123,-16,3548,src,src
confirmation,exp12_test_edit_02,test_edit,paraphrase,0,ACTION1_END,3,124,-15,18546,/router,/router
confirmation,exp12_test_edit_02,test_edit,paraphrase,0,ACTION1_END,4,125,-14,7197,.py,.py
confirmation,exp12_test_edit_02,test_edit,paraphrase,0,ACTION1_END,5,126,-13,5130,""")ĊĊ",""")

"
confirmation,exp12_test_edit_02,test_edit,paraphrase,0,FINAL_INSTRUCTION_END,0,128,-11,279,Ġthe, the
confirmation,exp12_test_edit_02,test_edit,paraphrase,0,FINAL_INSTRUCTION_END,1,129,-10,3175,Ġsingle, single
confirmation,exp12_test_edit_02,test_edit,paraphrase,0,FINAL_INSTRUCTION_END,2,130,-9,1790,Ġnext, next
confirmation,exp12_test_edit_02,test_edit,paraphrase,0,FINAL_INSTRUCTION_END,3,131,-8,1917,Ġaction, action
confirmation,exp12_test_edit_02,test_edit,paraphrase,0,FINAL_INSTRUCTION_END,4,132,-7,1431,Ġnow, now
confirmation,exp12_test_edit_02,test_edit,paraphrase,0,FINAL_INSTRUCTION_END,5,133,-6,13,.,.
confirmation,exp12_test_edit_02,test_edit,paraphrase,0,USER_END,0,129,-10,3175,Ġsingle, single
confirmation,exp12_test_edit_02,test_edit,paraphrase,0,USER_END,1,130,-9,1790,Ġnext, next
confirmation,exp12_test_edit_02,test_edit,paraphrase,0,USER_END,2,131,-8,1917,Ġaction, action
confirmation,exp12_test_edit_02,test_edit,paraphrase,0,USER_END,3,132,-7,1431,Ġnow, now
confirmation,exp12_test_edit_02,test_edit,paraphrase,0,USER_END,4,133,-6,13,.,.
confirmation,exp12_test_edit_02,test_edit,paraphrase,0,USER_END,5,134,-5,151645,<|im_end|>,<|im_end|>
confirmation,exp12_test_edit_02,test_edit,paraphrase,0,GENERATION_BOUNDARY,0,133,-6,13,.,.
confirmation,exp12_test_edit_02,test_edit,paraphrase,0,GENERATION_BOUNDARY,1,134,-5,151645,<|im_end|>,<|im_end|>
confirmation,exp12_test_edit_02,test_edit,paraphrase,0,GENERATION_BOUNDARY,2,135,-4,198,Ċ,"
"
confirmation,exp12_test_edit_02,test_edit,paraphrase,0,GENERATION_BOUNDARY,3,136,-3,151644,<|im_start|>,<|im_start|>
confirmation,exp12_test_edit_02,test_edit,paraphrase,0,GENERATION_BOUNDARY,4,137,-2,77091,assistant,assistant
confirmation,exp12_test_edit_02,test_edit,paraphrase,0,GENERATION_BOUNDARY,5,138,-1,198,Ċ,"
"
confirmation,exp12_test_edit_02,test_edit,canonical,1,SKILL_END,0,31,-108,279,Ġthe, the
confirmation,exp12_test_edit_02,test_edit,canonical,1,SKILL_END,1,32,-107,17112,Ġtargeted, targeted
confirmation,exp12_test_edit_02,test_edit,canonical,1,SKILL_END,2,33,-106,1273,Ġtest, test
confirmation,exp12_test_edit_02,test_edit,canonical,1,SKILL_END,3,34,-105,1172,Ġonly, only
confirmation,exp12_test_edit_02,test_edit,canonical,1,SKILL_END,4,35,-104,47943,Ġafterward, afterward
confirmation,exp12_test_edit_02,test_edit,canonical,1,SKILL_END,5,36,-103,382,.ĊĊ,".

"
confirmation,exp12_test_edit_02,test_edit,canonical,1,SYSTEM_END,0,43,-96,29130,Ġdeciding, deciding
confirmation,exp12_test_edit_02,test_edit,canonical,1,SYSTEM_END,1,44,-95,279,Ġthe, the
confirmation,exp12_test_edit_02,test_edit,canonical,1,SYSTEM_END,2,45,-94,1156,Ġfirst, first
confirmation,exp12_test_edit_02,test_edit,canonical,1,SYSTEM_END,3,46,-93,1917,Ġaction, action
confirmation,exp12_test_edit_02,test_edit,canonical,1,SYSTEM_END,4,47,-92,13,.,.
confirmation,exp12_test_edit_02,test_edit,canonical,1,SYSTEM_END,5,48,-91,151645,<|im_end|>,<|im_end|>
confirmation,exp12_test_edit_02,test_edit,canonical,1,ISSUE_END,0,80,-59,17112,Ġtargeted, targeted
confirmation,exp12_test_edit_02,test_edit,canonical,1,ISSUE_END,1,81,-58,1273,Ġtest, test
confirmation,exp12_test_edit_02,test_edit,canonical,1,ISSUE_END,2,82,-57,525,Ġare, are
confirmation,exp12_test_edit_02,test_edit,canonical,1,ISSUE_END,3,83,-56,2176,Ġboth, both
confirmation,exp12_test_edit_02,test_edit,canonical,1,ISSUE_END,4,84,-55,2500,Ġavailable, available
confirmation,exp12_test_edit_02,test_edit,canonical,1,ISSUE_END,5,85,-54,382,.ĊĊ,".

"
confirmation,exp12_test_edit_02,test_edit,canonical,1,DETAIL_END,0,93,-46,1459,Ġpoint, point
confirmation,exp12_test_edit_02,test_edit,canonical,1,DETAIL_END,1,94,-45,374,Ġis, is
confirmation,exp12_test_edit_02,test_edit,canonical,1,DETAIL_END,2,95,-44,1565,Ġ`, `
confirmation,exp12_test_edit_02,test_edit,canonical,1,DETAIL_END,3,96,-43,8966,route,route
confirmation,exp12_test_edit_02,test_edit,canonical,1,DETAIL_END,4,97,-42,7893,_request,_request
confirmation,exp12_test_edit_02,test_edit,canonical,1,DETAIL_END,5,98,-41,62338,`.ĊĊ,"`.

"
confirmation,exp12_test_edit_02,test_edit,canonical,1,ACTION0_END,0,113,-26,55587,_router,_router
confirmation,exp12_test_edit_02,test_edit,canonical,1,ACTION0_END,1,114,-25,17932,_edge,_edge
confirmation,exp12_test_edit_02,test_edit,canonical,1,ACTION0_END,2,115,-24,62,_,_
confirmation,exp12_test_edit_02,test_edit,canonical,1,ACTION0_END,3,116,-23,15,0,0
confirmation,exp12_test_edit_02,test_edit,canonical,1,ACTION0_END,4,117,-22,17,2,2
confirmation,exp12_test_edit_02,test_edit,canonical,1,ACTION0_END,5,118,-21,1138,""")Ċ",""")
"
confirmation,exp12_test_edit_02,test_edit,canonical,1,ACTION1_END,0,121,-18,2458,_file,_file
confirmation,exp12_test_edit_02,test_edit,canonical,1,ACTION1_END,1,122,-17,445,"(""","("""
confirmation,exp12_test_edit_02,test_edit,canonical,1,ACTION1_END,2,123,-16,3548,src,src
confirmation,exp12_test_edit_02,test_edit,canonical,1,ACTION1_END,3,124,-15,18546,/router,/router
confirmation,exp12_test_edit_02,test_edit,canonical,1,ACTION1_END,4,125,-14,7197,.py,.py
confirmation,exp12_test_edit_02,test_edit,canonical,1,ACTION1_END,5,126,-13,5130,""")ĊĊ",""")

"
confirmation,exp12_test_edit_02,test_edit,canonical,1,FINAL_INSTRUCTION_END,0,128,-11,279,Ġthe, the
confirmation,exp12_test_edit_02,test_edit,canonical,1,FINAL_INSTRUCTION_END,1,129,-10,3175,Ġsingle, single
confirmation,exp12_test_edit_02,test_edit,canonical,1,FINAL_INSTRUCTION_END,2,130,-9,1790,Ġnext, next
confirmation,exp12_test_edit_02,test_edit,canonical,1,FINAL_INSTRUCTION_END,3,131,-8,1917,Ġaction, action
confirmation,exp12_test_edit_02,test_edit,canonical,1,FINAL_INSTRUCTION_END,4,132,-7,1431,Ġnow, now
confirmation,exp12_test_edit_02,test_edit,canonical,1,FINAL_INSTRUCTION_END,5,133,-6,13,.,.
confirmation,exp12_test_edit_02,test_edit,canonical,1,USER_END,0,129,-10,3175,Ġsingle, single
confirmation,exp12_test_edit_02,test_edit,canonical,1,USER_END,1,130,-9,1790,Ġnext, next
confirmation,exp12_test_edit_02,test_edit,canonical,1,USER_END,2,131,-8,1917,Ġaction, action
confirmation,exp12_test_edit_02,test_edit,canonical,1,USER_END,3,132,-7,1431,Ġnow, now
confirmation,exp12_test_edit_02,test_edit,canonical,1,USER_END,4,133,-6,13,.,.
confirmation,exp12_test_edit_02,test_edit,canonical,1,USER_END,5,134,-5,151645,<|im_end|>,<|im_end|>
confirmation,exp12_test_edit_02,test_edit,canonical,1,GENERATION_BOUNDARY,0,133,-6,13,.,.
confirmation,exp12_test_edit_02,test_edit,canonical,1,GENERATION_BOUNDARY,1,134,-5,151645,<|im_end|>,<|im_end|>
confirmation,exp12_test_edit_02,test_edit,canonical,1,GENERATION_BOUNDARY,2,135,-4,198,Ċ,"
"
confirmation,exp12_test_edit_02,test_edit,canonical,1,GENERATION_BOUNDARY,3,136,-3,151644,<|im_start|>,<|im_start|>
confirmation,exp12_test_edit_02,test_edit,canonical,1,GENERATION_BOUNDARY,4,137,-2,77091,assistant,assistant
confirmation,exp12_test_edit_02,test_edit,canonical,1,GENERATION_BOUNDARY,5,138,-1,198,Ċ,"
"
confirmation,exp12_test_edit_02,test_edit,paraphrase,1,SKILL_END,0,32,-108,1273,Ġtest, test
confirmation,exp12_test_edit_02,test_edit,paraphrase,1,SKILL_END,1,33,-107,3080,Ġuntil, until
confirmation,exp12_test_edit_02,test_edit,paraphrase,1,SKILL_END,2,34,-106,1283,Ġafter, after
confirmation,exp12_test_edit_02,test_edit,paraphrase,1,SKILL_END,3,35,-105,429,Ġthat, that
confirmation,exp12_test_edit_02,test_edit,paraphrase,1,SKILL_END,4,36,-104,25683,Ġinspection, inspection
confirmation,exp12_test_edit_02,test_edit,paraphrase,1,SKILL_END,5,37,-103,382,.ĊĊ,".

"
confirmation,exp12_test_edit_02,test_edit,paraphrase,1,SYSTEM_END,0,44,-96,29130,Ġdeciding, deciding
confirmation,exp12_test_edit_02,test_edit,paraphrase,1,SYSTEM_END,1,45,-95,279,Ġthe, the
confirmation,exp12_test_edit_02,test_edit,paraphrase,1,SYSTEM_END,2,46,-94,1156,Ġfirst, first
confirmation,exp12_test_edit_02,test_edit,paraphrase,1,SYSTEM_END,3,47,-93,1917,Ġaction, action
confirmation,exp12_test_edit_02,test_edit,paraphrase,1,SYSTEM_END,4,48,-92,13,.,.
confirmation,exp12_test_edit_02,test_edit,paraphrase,1,SYSTEM_END,5,49,-91,151645,<|im_end|>,<|im_end|>
confirmation,exp12_test_edit_02,test_edit,paraphrase,1,ISSUE_END,0,81,-59,17112,Ġtargeted, targeted
confirmation,exp12_test_edit_02,test_edit,paraphrase,1,ISSUE_END,1,82,-58,1273,Ġtest, test
confirmation,exp12_test_edit_02,test_edit,paraphrase,1,ISSUE_END,2,83,-57,525,Ġare, are
confirmation,exp12_test_edit_02,test_edit,paraphrase,1,ISSUE_END,3,84,-56,2176,Ġboth, both
confirmation,exp12_test_edit_02,test_edit,paraphrase,1,ISSUE_END,4,85,-55,2500,Ġavailable, available
confirmation,exp12_test_edit_02,test_edit,paraphrase,1,ISSUE_END,5,86,-54,382,.ĊĊ,".

"
confirmation,exp12_test_edit_02,test_edit,paraphrase,1,DETAIL_END,0,94,-46,1459,Ġpoint, point
confirmation,exp12_test_edit_02,test_edit,paraphrase,1,DETAIL_END,1,95,-45,374,Ġis, is
confirmation,exp12_test_edit_02,test_edit,paraphrase,1,DETAIL_END,2,96,-44,1565,Ġ`, `
confirmation,exp12_test_edit_02,test_edit,paraphrase,1,DETAIL_END,3,97,-43,8966,route,route
confirmation,exp12_test_edit_02,test_edit,paraphrase,1,DETAIL_END,4,98,-42,7893,_request,_request
confirmation,exp12_test_edit_02,test_edit,paraphrase,1,DETAIL_END,5,99,-41,62338,`.ĊĊ,"`.

"
confirmation,exp12_test_edit_02,test_edit,paraphrase,1,ACTION0_END,0,114,-26,55587,_router,_router
confirmation,exp12_test_edit_02,test_edit,paraphrase,1,ACTION0_END,1,115,-25,17932,_edge,_edge
confirmation,exp12_test_edit_02,test_edit,paraphrase,1,ACTION0_END,2,116,-24,62,_,_
confirmation,exp12_test_edit_02,test_edit,paraphrase,1,ACTION0_END,3,117,-23,15,0,0
confirmation,exp12_test_edit_02,test_edit,paraphrase,1,ACTION0_END,4,118,-22,17,2,2
confirmation,exp12_test_edit_02,test_edit,paraphrase,1,ACTION0_END,5,119,-21,1138,""")Ċ",""")
"
confirmation,exp12_test_edit_02,test_edit,paraphrase,1,ACTION1_END,0,122,-18,2458,_file,_file
confirmation,exp12_test_edit_02,test_edit,paraphrase,1,ACTION1_END,1,123,-17,445,"(""","("""
confirmation,exp12_test_edit_02,test_edit,paraphrase,1,ACTION1_END,2,124,-16,3548,src,src
confirmation,exp12_test_edit_02,test_edit,paraphrase,1,ACTION1_END,3,125,-15,18546,/router,/router
confirmation,exp12_test_edit_02,test_edit,paraphrase,1,ACTION1_END,4,126,-14,7197,.py,.py
confirmation,exp12_test_edit_02,test_edit,paraphrase,1,ACTION1_END,5,127,-13,5130,""")ĊĊ",""")

"
confirmation,exp12_test_edit_02,test_edit,paraphrase,1,FINAL_INSTRUCTION_END,0,129,-11,279,Ġthe, the
confirmation,exp12_test_edit_02,test_edit,paraphrase,1,FINAL_INSTRUCTION_END,1,130,-10,3175,Ġsingle, single
confirmation,exp12_test_edit_02,test_edit,paraphrase,1,FINAL_INSTRUCTION_END,2,131,-9,1790,Ġnext, next
confirmation,exp12_test_edit_02,test_edit,paraphrase,1,FINAL_INSTRUCTION_END,3,132,-8,1917,Ġaction, action
confirmation,exp12_test_edit_02,test_edit,paraphrase,1,FINAL_INSTRUCTION_END,4,133,-7,1431,Ġnow, now
confirmation,exp12_test_edit_02,test_edit,paraphrase,1,FINAL_INSTRUCTION_END,5,134,-6,13,.,.
confirmation,exp12_test_edit_02,test_edit,paraphrase,1,USER_END,0,130,-10,3175,Ġsingle, single
confirmation,exp12_test_edit_02,test_edit,paraphrase,1,USER_END,1,131,-9,1790,Ġnext, next
confirmation,exp12_test_edit_02,test_edit,paraphrase,1,USER_END,2,132,-8,1917,Ġaction, action
confirmation,exp12_test_edit_02,test_edit,paraphrase,1,USER_END,3,133,-7,1431,Ġnow, now
confirmation,exp12_test_edit_02,test_edit,paraphrase,1,USER_END,4,134,-6,13,.,.
confirmation,exp12_test_edit_02,test_edit,paraphrase,1,USER_END,5,135,-5,151645,<|im_end|>,<|im_end|>
confirmation,exp12_test_edit_02,test_edit,paraphrase,1,GENERATION_BOUNDARY,0,134,-6,13,.,.
confirmation,exp12_test_edit_02,test_edit,paraphrase,1,GENERATION_BOUNDARY,1,135,-5,151645,<|im_end|>,<|im_end|>
confirmation,exp12_test_edit_02,test_edit,paraphrase,1,GENERATION_BOUNDARY,2,136,-4,198,Ċ,"
"
confirmation,exp12_test_edit_02,test_edit,paraphrase,1,GENERATION_BOUNDARY,3,137,-3,151644,<|im_start|>,<|im_start|>
confirmation,exp12_test_edit_02,test_edit,paraphrase,1,GENERATION_BOUNDARY,4,138,-2,77091,assistant,assistant
confirmation,exp12_test_edit_02,test_edit,paraphrase,1,GENERATION_BOUNDARY,5,139,-1,198,Ċ,"
"
confirmation,exp12_test_edit_04,test_edit,canonical,0,SKILL_END,0,35,-109,1172,Ġonly, only
confirmation,exp12_test_edit_04,test_edit,canonical,0,SKILL_END,1,36,-108,1283,Ġafter, after
confirmation,exp12_test_edit_04,test_edit,canonical,0,SKILL_END,2,37,-107,279,Ġthe, the
confirmation,exp12_test_edit_04,test_edit,canonical,0,SKILL_END,3,38,-106,1273,Ġtest, test
confirmation,exp12_test_edit_04,test_edit,canonical,0,SKILL_END,4,39,-105,1102,Ġresult, result
confirmation,exp12_test_edit_04,test_edit,canonical,0,SKILL_END,5,40,-104,382,.ĊĊ,".

"
confirmation,exp12_test_edit_04,test_edit,canonical,0,SYSTEM_END,0,47,-97,29130,Ġdeciding, deciding
confirmation,exp12_test_edit_04,test_edit,canonical,0,SYSTEM_END,1,48,-96,279,Ġthe, the
confirmation,exp12_test_edit_04,test_edit,canonical,0,SYSTEM_END,2,49,-95,1156,Ġfirst, first
confirmation,exp12_test_edit_04,test_edit,canonical,0,SYSTEM_END,3,50,-94,1917,Ġaction, action
confirmation,exp12_test_edit_04,test_edit,canonical,0,SYSTEM_END,4,51,-93,13,.,.
confirmation,exp12_test_edit_04,test_edit,canonical,0,SYSTEM_END,5,52,-92,151645,<|im_end|>,<|im_end|>
confirmation,exp12_test_edit_04,test_edit,canonical,0,ISSUE_END,0,84,-60,17112,Ġtargeted, targeted
confirmation,exp12_test_edit_04,test_edit,canonical,0,ISSUE_END,1,85,-59,1273,Ġtest, test
confirmation,exp12_test_edit_04,test_edit,canonical,0,ISSUE_END,2,86,-58,525,Ġare, are
confirmation,exp12_test_edit_04,test_edit,canonical,0,ISSUE_END,3,87,-57,2176,Ġboth, both
confirmation,exp12_test_edit_04,test_edit,canonical,0,ISSUE_END,4,88,-56,2500,Ġavailable, available
confirmation,exp12_test_edit_04,test_edit,canonical,0,ISSUE_END,5,89,-55,382,.ĊĊ,".

"
confirmation,exp12_test_edit_04,test_edit,canonical,0,DETAIL_END,0,97,-47,1459,Ġpoint, point
confirmation,exp12_test_edit_04,test_edit,canonical,0,DETAIL_END,1,98,-46,374,Ġis, is
confirmation,exp12_test_edit_04,test_edit,canonical,0,DETAIL_END,2,99,-45,1565,Ġ`, `
confirmation,exp12_test_edit_04,test_edit,canonical,0,DETAIL_END,3,100,-44,28630,schedule,schedule
confirmation,exp12_test_edit_04,test_edit,canonical,0,DETAIL_END,4,101,-43,20298,_job,_job
confirmation,exp12_test_edit_04,test_edit,canonical,0,DETAIL_END,5,102,-42,62338,`.ĊĊ,"`.

"
confirmation,exp12_test_edit_04,test_edit,canonical,0,ACTION0_END,0,117,-27,53646,_scheduler,_scheduler
confirmation,exp12_test_edit_04,test_edit,canonical,0,ACTION0_END,1,118,-26,17932,_edge,_edge
confirmation,exp12_test_edit_04,test_edit,canonical,0,ACTION0_END,2,119,-25,62,_,_
confirmation,exp12_test_edit_04,test_edit,canonical,0,ACTION0_END,3,120,-24,15,0,0
confirmation,exp12_test_edit_04,test_edit,canonical,0,ACTION0_END,4,121,-23,19,4,4
confirmation,exp12_test_edit_04,test_edit,canonical,0,ACTION0_END,5,122,-22,1138,""")Ċ",""")
"
confirmation,exp12_test_edit_04,test_edit,canonical,0,ACTION1_END,0,126,-18,445,"(""","("""
confirmation,exp12_test_edit_04,test_edit,canonical,0,ACTION1_END,1,127,-17,3548,src,src
confirmation,exp12_test_edit_04,test_edit,canonical,0,ACTION1_END,2,128,-16,2687,/s,/s
confirmation,exp12_test_edit_04,test_edit,canonical,0,ACTION1_END,3,129,-15,15222,cheduler,cheduler
confirmation,exp12_test_edit_04,test_edit,canonical,0,ACTION1_END,4,130,-14,7197,.py,.py
confirmation,exp12_test_edit_04,test_edit,canonical,0,ACTION1_END,5,131,-13,5130,""")ĊĊ",""")

"
confirmation,exp12_test_edit_04,test_edit,canonical,0,FINAL_INSTRUCTION_END,0,133,-11,279,Ġthe, the
confirmation,exp12_test_edit_04,test_edit,canonical,0,FINAL_INSTRUCTION_END,1,134,-10,3175,Ġsingle, single
confirmation,exp12_test_edit_04,test_edit,canonical,0,FINAL_INSTRUCTION_END,2,135,-9,1790,Ġnext, next
confirmation,exp12_test_edit_04,test_edit,canonical,0,FINAL_INSTRUCTION_END,3,136,-8,1917,Ġaction, action
confirmation,exp12_test_edit_04,test_edit,canonical,0,FINAL_INSTRUCTION_END,4,137,-7,1431,Ġnow, now
confirmation,exp12_test_edit_04,test_edit,canonical,0,FINAL_INSTRUCTION_END,5,138,-6,13,.,.
confirmation,exp12_test_edit_04,test_edit,canonical,0,USER_END,0,134,-10,3175,Ġsingle, single
confirmation,exp12_test_edit_04,test_edit,canonical,0,USER_END,1,135,-9,1790,Ġnext, next
confirmation,exp12_test_edit_04,test_edit,canonical,0,USER_END,2,136,-8,1917,Ġaction, action
confirmation,exp12_test_edit_04,test_edit,canonical,0,USER_END,3,137,-7,1431,Ġnow, now
confirmation,exp12_test_edit_04,test_edit,canonical,0,USER_END,4,138,-6,13,.,.
confirmation,exp12_test_edit_04,test_edit,canonical,0,USER_END,5,139,-5,151645,<|im_end|>,<|im_end|>
confirmation,exp12_test_edit_04,test_edit,canonical,0,GENERATION_BOUNDARY,0,138,-6,13,.,.
confirmation,exp12_test_edit_04,test_edit,canonical,0,GENERATION_BOUNDARY,1,139,-5,151645,<|im_end|>,<|im_end|>
confirmation,exp12_test_edit_04,test_edit,canonical,0,GENERATION_BOUNDARY,2,140,-4,198,Ċ,"
"
confirmation,exp12_test_edit_04,test_edit,canonical,0,GENERATION_BOUNDARY,3,141,-3,151644,<|im_start|>,<|im_start|>
confirmation,exp12_test_edit_04,test_edit,canonical,0,GENERATION_BOUNDARY,4,142,-2,77091,assistant,assistant
confirmation,exp12_test_edit_04,test_edit,canonical,0,GENERATION_BOUNDARY,5,143,-1,198,Ċ,"
"
confirmation,exp12_test_edit_04,test_edit,paraphrase,0,SKILL_END,0,31,-109,11,",",","
confirmation,exp12_test_edit_04,test_edit,paraphrase,0,SKILL_END,1,32,-108,1221,Ġthen, then
confirmation,exp12_test_edit_04,test_edit,paraphrase,0,SKILL_END,2,33,-107,1401,Ġlook, look
confirmation,exp12_test_edit_04,test_edit,paraphrase,0,SKILL_END,3,34,-106,518,Ġat, at
confirmation,exp12_test_edit_04,test_edit,paraphrase,0,SKILL_END,4,35,-105,8129,Ġimplementation, implementation
confirmation,exp12_test_edit_04,test_edit,paraphrase,0,SKILL_END,5,36,-104,382,.ĊĊ,".

"
confirmation,exp12_test_edit_04,test_edit,paraphrase,0,SYSTEM_END,0,43,-97,29130,Ġdeciding, deciding
confirmation,exp12_test_edit_04,test_edit,paraphrase,0,SYSTEM_END,1,44,-96,279,Ġthe, the
confirmation,exp12_test_edit_04,test_edit,paraphrase,0,SYSTEM_END,2,45,-95,1156,Ġfirst, first
confirmation,exp12_test_edit_04,test_edit,paraphrase,0,SYSTEM_END,3,46,-94,1917,Ġaction, action
confirmation,exp12_test_edit_04,test_edit,paraphrase,0,SYSTEM_END,4,47,-93,13,.,.
confirmation,exp12_test_edit_04,test_edit,paraphrase,0,SYSTEM_END,5,48,-92,151645,<|im_end|>,<|im_end|>
confirmation,exp12_test_edit_04,test_edit,paraphrase,0,ISSUE_END,0,80,-60,17112,Ġtargeted, targeted
confirmation,exp12_test_edit_04,test_edit,paraphrase,0,ISSUE_END,1,81,-59,1273,Ġtest, test
confirmation,exp12_test_edit_04,test_edit,paraphrase,0,ISSUE_END,2,82,-58,525,Ġare, are
confirmation,exp12_test_edit_04,test_edit,paraphrase,0,ISSUE_END,3,83,-57,2176,Ġboth, both
confirmation,exp12_test_edit_04,test_edit,paraphrase,0,ISSUE_END,4,84,-56,2500,Ġavailable, available
confirmation,exp12_test_edit_04,test_edit,paraphrase,0,ISSUE_END,5,85,-55,382,.ĊĊ,".

"
confirmation,exp12_test_edit_04,test_edit,paraphrase,0,DETAIL_END,0,93,-47,1459,Ġpoint, point
confirmation,exp12_test_edit_04,test_edit,paraphrase,0,DETAIL_END,1,94,-46,374,Ġis, is
confirmation,exp12_test_edit_04,test_edit,paraphrase,0,DETAIL_END,2,95,-45,1565,Ġ`, `
confirmation,exp12_test_edit_04,test_edit,paraphrase,0,DETAIL_END,3,96,-44,28630,schedule,schedule
confirmation,exp12_test_edit_04,test_edit,paraphrase,0,DETAIL_END,4,97,-43,20298,_job,_job
confirmation,exp12_test_edit_04,test_edit,paraphrase,0,DETAIL_END,5,98,-42,62338,`.ĊĊ,"`.

"
confirmation,exp12_test_edit_04,test_edit,paraphrase,0,ACTION0_END,0,113,-27,53646,_scheduler,_scheduler
confirmation,exp12_test_edit_04,test_edit,paraphrase,0,ACTION0_END,1,114,-26,17932,_edge,_edge
confirmation,exp12_test_edit_04,test_edit,paraphrase,0,ACTION0_END,2,115,-25,62,_,_
confirmation,exp12_test_edit_04,test_edit,paraphrase,0,ACTION0_END,3,116,-24,15,0,0
confirmation,exp12_test_edit_04,test_edit,paraphrase,0,ACTION0_END,4,117,-23,19,4,4
confirmation,exp12_test_edit_04,test_edit,paraphrase,0,ACTION0_END,5,118,-22,1138,""")Ċ",""")
"
confirmation,exp12_test_edit_04,test_edit,paraphrase,0,ACTION1_END,0,122,-18,445,"(""","("""
confirmation,exp12_test_edit_04,test_edit,paraphrase,0,ACTION1_END,1,123,-17,3548,src,src
confirmation,exp12_test_edit_04,test_edit,paraphrase,0,ACTION1_END,2,124,-16,2687,/s,/s
confirmation,exp12_test_edit_04,test_edit,paraphrase,0,ACTION1_END,3,125,-15,15222,cheduler,cheduler
confirmation,exp12_test_edit_04,test_edit,paraphrase,0,ACTION1_END,4,126,-14,7197,.py,.py
confirmation,exp12_test_edit_04,test_edit,paraphrase,0,ACTION1_END,5,127,-13,5130,""")ĊĊ",""")

"
confirmation,exp12_test_edit_04,test_edit,paraphrase,0,FINAL_INSTRUCTION_END,0,129,-11,279,Ġthe, the
confirmation,exp12_test_edit_04,test_edit,paraphrase,0,FINAL_INSTRUCTION_END,1,130,-10,3175,Ġsingle, single
confirmation,exp12_test_edit_04,test_edit,paraphrase,0,FINAL_INSTRUCTION_END,2,131,-9,1790,Ġnext, next
confirmation,exp12_test_edit_04,test_edit,paraphrase,0,FINAL_INSTRUCTION_END,3,132,-8,1917,Ġaction, action
confirmation,exp12_test_edit_04,test_edit,paraphrase,0,FINAL_INSTRUCTION_END,4,133,-7,1431,Ġnow, now
confirmation,exp12_test_edit_04,test_edit,paraphrase,0,FINAL_INSTRUCTION_END,5,134,-6,13,.,.
confirmation,exp12_test_edit_04,test_edit,paraphrase,0,USER_END,0,130,-10,3175,Ġsingle, single
confirmation,exp12_test_edit_04,test_edit,paraphrase,0,USER_END,1,131,-9,1790,Ġnext, next
confirmation,exp12_test_edit_04,test_edit,paraphrase,0,USER_END,2,132,-8,1917,Ġaction, action
confirmation,exp12_test_edit_04,test_edit,paraphrase,0,USER_END,3,133,-7,1431,Ġnow, now
confirmation,exp12_test_edit_04,test_edit,paraphrase,0,USER_END,4,134,-6,13,.,.
confirmation,exp12_test_edit_04,test_edit,paraphrase,0,USER_END,5,135,-5,151645,<|im_end|>,<|im_end|>
confirmation,exp12_test_edit_04,test_edit,paraphrase,0,GENERATION_BOUNDARY,0,134,-6,13,.,.
confirmation,exp12_test_edit_04,test_edit,paraphrase,0,GENERATION_BOUNDARY,1,135,-5,151645,<|im_end|>,<|im_end|>
confirmation,exp12_test_edit_04,test_edit,paraphrase,0,GENERATION_BOUNDARY,2,136,-4,198,Ċ,"
"
confirmation,exp12_test_edit_04,test_edit,paraphrase,0,GENERATION_BOUNDARY,3,137,-3,151644,<|im_start|>,<|im_start|>
confirmation,exp12_test_edit_04,test_edit,paraphrase,0,GENERATION_BOUNDARY,4,138,-2,77091,assistant,assistant
confirmation,exp12_test_edit_04,test_edit,paraphrase,0,GENERATION_BOUNDARY,5,139,-1,198,Ċ,"
"
confirmation,exp12_test_edit_04,test_edit,canonical,1,SKILL_END,0,31,-109,279,Ġthe, the
confirmation,exp12_test_edit_04,test_edit,canonical,1,SKILL_END,1,32,-108,17112,Ġtargeted, targeted
confirmation,exp12_test_edit_04,test_edit,canonical,1,SKILL_END,2,33,-107,1273,Ġtest, test
confirmation,exp12_test_edit_04,test_edit,canonical,1,SKILL_END,3,34,-106,1172,Ġonly, only
confirmation,exp12_test_edit_04,test_edit,canonical,1,SKILL_END,4,35,-105,47943,Ġafterward, afterward
confirmation,exp12_test_edit_04,test_edit,canonical,1,SKILL_END,5,36,-104,382,.ĊĊ,".

"
confirmation,exp12_test_edit_04,test_edit,canonical,1,SYSTEM_END,0,43,-97,29130,Ġdeciding, deciding
confirmation,exp12_test_edit_04,test_edit,canonical,1,SYSTEM_END,1,44,-96,279,Ġthe, the
confirmation,exp12_test_edit_04,test_edit,canonical,1,SYSTEM_END,2,45,-95,1156,Ġfirst, first
confirmation,exp12_test_edit_04,test_edit,canonical,1,SYSTEM_END,3,46,-94,1917,Ġaction, action
confirmation,exp12_test_edit_04,test_edit,canonical,1,SYSTEM_END,4,47,-93,13,.,.
confirmation,exp12_test_edit_04,test_edit,canonical,1,SYSTEM_END,5,48,-92,151645,<|im_end|>,<|im_end|>
confirmation,exp12_test_edit_04,test_edit,canonical,1,ISSUE_END,0,80,-60,17112,Ġtargeted, targeted
confirmation,exp12_test_edit_04,test_edit,canonical,1,ISSUE_END,1,81,-59,1273,Ġtest, test
confirmation,exp12_test_edit_04,test_edit,canonical,1,ISSUE_END,2,82,-58,525,Ġare, are
confirmation,exp12_test_edit_04,test_edit,canonical,1,ISSUE_END,3,83,-57,2176,Ġboth, both
confirmation,exp12_test_edit_04,test_edit,canonical,1,ISSUE_END,4,84,-56,2500,Ġavailable, available
confirmation,exp12_test_edit_04,test_edit,canonical,1,ISSUE_END,5,85,-55,382,.ĊĊ,".

"
confirmation,exp12_test_edit_04,test_edit,canonical,1,DETAIL_END,0,93,-47,1459,Ġpoint, point
confirmation,exp12_test_edit_04,test_edit,canonical,1,DETAIL_END,1,94,-46,374,Ġis, is
confirmation,exp12_test_edit_04,test_edit,canonical,1,DETAIL_END,2,95,-45,1565,Ġ`, `
confirmation,exp12_test_edit_04,test_edit,canonical,1,DETAIL_END,3,96,-44,28630,schedule,schedule
confirmation,exp12_test_edit_04,test_edit,canonical,1,DETAIL_END,4,97,-43,20298,_job,_job
confirmation,exp12_test_edit_04,test_edit,canonical,1,DETAIL_END,5,98,-42,62338,`.ĊĊ,"`.

"
confirmation,exp12_test_edit_04,test_edit,canonical,1,ACTION0_END,0,113,-27,53646,_scheduler,_scheduler
confirmation,exp12_test_edit_04,test_edit,canonical,1,ACTION0_END,1,114,-26,17932,_edge,_edge
confirmation,exp12_test_edit_04,test_edit,canonical,1,ACTION0_END,2,115,-25,62,_,_
confirmation,exp12_test_edit_04,test_edit,canonical,1,ACTION0_END,3,116,-24,15,0,0
confirmation,exp12_test_edit_04,test_edit,canonical,1,ACTION0_END,4,117,-23,19,4,4
confirmation,exp12_test_edit_04,test_edit,canonical,1,ACTION0_END,5,118,-22,1138,""")Ċ",""")
"
confirmation,exp12_test_edit_04,test_edit,canonical,1,ACTION1_END,0,122,-18,445,"(""","("""
confirmation,exp12_test_edit_04,test_edit,canonical,1,ACTION1_END,1,123,-17,3548,src,src
confirmation,exp12_test_edit_04,test_edit,canonical,1,ACTION1_END,2,124,-16,2687,/s,/s
confirmation,exp12_test_edit_04,test_edit,canonical,1,ACTION1_END,3,125,-15,15222,cheduler,cheduler
confirmation,exp12_test_edit_04,test_edit,canonical,1,ACTION1_END,4,126,-14,7197,.py,.py
confirmation,exp12_test_edit_04,test_edit,canonical,1,ACTION1_END,5,127,-13,5130,""")ĊĊ",""")

"
confirmation,exp12_test_edit_04,test_edit,canonical,1,FINAL_INSTRUCTION_END,0,129,-11,279,Ġthe, the
confirmation,exp12_test_edit_04,test_edit,canonical,1,FINAL_INSTRUCTION_END,1,130,-10,3175,Ġsingle, single
confirmation,exp12_test_edit_04,test_edit,canonical,1,FINAL_INSTRUCTION_END,2,131,-9,1790,Ġnext, next
confirmation,exp12_test_edit_04,test_edit,canonical,1,FINAL_INSTRUCTION_END,3,132,-8,1917,Ġaction, action
confirmation,exp12_test_edit_04,test_edit,canonical,1,FINAL_INSTRUCTION_END,4,133,-7,1431,Ġnow, now
confirmation,exp12_test_edit_04,test_edit,canonical,1,FINAL_INSTRUCTION_END,5,134,-6,13,.,.
confirmation,exp12_test_edit_04,test_edit,canonical,1,USER_END,0,130,-10,3175,Ġsingle, single
confirmation,exp12_test_edit_04,test_edit,canonical,1,USER_END,1,131,-9,1790,Ġnext, next
confirmation,exp12_test_edit_04,test_edit,canonical,1,USER_END,2,132,-8,1917,Ġaction, action
confirmation,exp12_test_edit_04,test_edit,canonical,1,USER_END,3,133,-7,1431,Ġnow, now
confirmation,exp12_test_edit_04,test_edit,canonical,1,USER_END,4,134,-6,13,.,.
confirmation,exp12_test_edit_04,test_edit,canonical,1,USER_END,5,135,-5,151645,<|im_end|>,<|im_end|>
confirmation,exp12_test_edit_04,test_edit,canonical,1,GENERATION_BOUNDARY,0,134,-6,13,.,.
confirmation,exp12_test_edit_04,test_edit,canonical,1,GENERATION_BOUNDARY,1,135,-5,151645,<|im_end|>,<|im_end|>
confirmation,exp12_test_edit_04,test_edit,canonical,1,GENERATION_BOUNDARY,2,136,-4,198,Ċ,"
"
confirmation,exp12_test_edit_04,test_edit,canonical,1,GENERATION_BOUNDARY,3,137,-3,151644,<|im_start|>,<|im_start|>
confirmation,exp12_test_edit_04,test_edit,canonical,1,GENERATION_BOUNDARY,4,138,-2,77091,assistant,assistant
confirmation,exp12_test_edit_04,test_edit,canonical,1,GENERATION_BOUNDARY,5,139,-1,198,Ċ,"
"
confirmation,exp12_test_edit_04,test_edit,paraphrase,1,SKILL_END,0,32,-109,1273,Ġtest, test
confirmation,exp12_test_edit_04,test_edit,paraphrase,1,SKILL_END,1,33,-108,3080,Ġuntil, until
confirmation,exp12_test_edit_04,test_edit,paraphrase,1,SKILL_END,2,34,-107,1283,Ġafter, after
confirmation,exp12_test_edit_04,test_edit,paraphrase,1,SKILL_END,3,35,-106,429,Ġthat, that
confirmation,exp12_test_edit_04,test_edit,paraphrase,1,SKILL_END,4,36,-105,25683,Ġinspection, inspection
confirmation,exp12_test_edit_04,test_edit,paraphrase,1,SKILL_END,5,37,-104,382,.ĊĊ,".

"
confirmation,exp12_test_edit_04,test_edit,paraphrase,1,SYSTEM_END,0,44,-97,29130,Ġdeciding, deciding
confirmation,exp12_test_edit_04,test_edit,paraphrase,1,SYSTEM_END,1,45,-96,279,Ġthe, the
confirmation,exp12_test_edit_04,test_edit,paraphrase,1,SYSTEM_END,2,46,-95,1156,Ġfirst, first
confirmation,exp12_test_edit_04,test_edit,paraphrase,1,SYSTEM_END,3,47,-94,1917,Ġaction, action
confirmation,exp12_test_edit_04,test_edit,paraphrase,1,SYSTEM_END,4,48,-93,13,.,.
confirmation,exp12_test_edit_04,test_edit,paraphrase,1,SYSTEM_END,5,49,-92,151645,<|im_end|>,<|im_end|>
confirmation,exp12_test_edit_04,test_edit,paraphrase,1,ISSUE_END,0,81,-60,17112,Ġtargeted, targeted
confirmation,exp12_test_edit_04,test_edit,paraphrase,1,ISSUE_END,1,82,-59,1273,Ġtest, test
confirmation,exp12_test_edit_04,test_edit,paraphrase,1,ISSUE_END,2,83,-58,525,Ġare, are
confirmation,exp12_test_edit_04,test_edit,paraphrase,1,ISSUE_END,3,84,-57,2176,Ġboth, both
confirmation,exp12_test_edit_04,test_edit,paraphrase,1,ISSUE_END,4,85,-56,2500,Ġavailable, available
confirmation,exp12_test_edit_04,test_edit,paraphrase,1,ISSUE_END,5,86,-55,382,.ĊĊ,".

"
confirmation,exp12_test_edit_04,test_edit,paraphrase,1,DETAIL_END,0,94,-47,1459,Ġpoint, point
confirmation,exp12_test_edit_04,test_edit,paraphrase,1,DETAIL_END,1,95,-46,374,Ġis, is
confirmation,exp12_test_edit_04,test_edit,paraphrase,1,DETAIL_END,2,96,-45,1565,Ġ`, `
confirmation,exp12_test_edit_04,test_edit,paraphrase,1,DETAIL_END,3,97,-44,28630,schedule,schedule
confirmation,exp12_test_edit_04,test_edit,paraphrase,1,DETAIL_END,4,98,-43,20298,_job,_job
confirmation,exp12_test_edit_04,test_edit,paraphrase,1,DETAIL_END,5,99,-42,62338,`.ĊĊ,"`.

"
confirmation,exp12_test_edit_04,test_edit,paraphrase,1,ACTION0_END,0,114,-27,53646,_scheduler,_scheduler
confirmation,exp12_test_edit_04,test_edit,paraphrase,1,ACTION0_END,1,115,-26,17932,_edge,_edge
confirmation,exp12_test_edit_04,test_edit,paraphrase,1,ACTION0_END,2,116,-25,62,_,_
confirmation,exp12_test_edit_04,test_edit,paraphrase,1,ACTION0_END,3,117,-24,15,0,0
confirmation,exp12_test_edit_04,test_edit,paraphrase,1,ACTION0_END,4,118,-23,19,4,4
confirmation,exp12_test_edit_04,test_edit,paraphrase,1,ACTION0_END,5,119,-22,1138,""")Ċ",""")
"
confirmation,exp12_test_edit_04,test_edit,paraphrase,1,ACTION1_END,0,123,-18,445,"(""","("""
confirmation,exp12_test_edit_04,test_edit,paraphrase,1,ACTION1_END,1,124,-17,3548,src,src
confirmation,exp12_test_edit_04,test_edit,paraphrase,1,ACTION1_END,2,125,-16,2687,/s,/s
confirmation,exp12_test_edit_04,test_edit,paraphrase,1,ACTION1_END,3,126,-15,15222,cheduler,cheduler
confirmation,exp12_test_edit_04,test_edit,paraphrase,1,ACTION1_END,4,127,-14,7197,.py,.py
confirmation,exp12_test_edit_04,test_edit,paraphrase,1,ACTION1_END,5,128,-13,5130,""")ĊĊ",""")

"
confirmation,exp12_test_edit_04,test_edit,paraphrase,1,FINAL_INSTRUCTION_END,0,130,-11,279,Ġthe, the
confirmation,exp12_test_edit_04,test_edit,paraphrase,1,FINAL_INSTRUCTION_END,1,131,-10,3175,Ġsingle, single
confirmation,exp12_test_edit_04,test_edit,paraphrase,1,FINAL_INSTRUCTION_END,2,132,-9,1790,Ġnext, next
confirmation,exp12_test_edit_04,test_edit,paraphrase,1,FINAL_INSTRUCTION_END,3,133,-8,1917,Ġaction, action
confirmation,exp12_test_edit_04,test_edit,paraphrase,1,FINAL_INSTRUCTION_END,4,134,-7,1431,Ġnow, now
confirmation,exp12_test_edit_04,test_edit,paraphrase,1,FINAL_INSTRUCTION_END,5,135,-6,13,.,.
confirmation,exp12_test_edit_04,test_edit,paraphrase,1,USER_END,0,131,-10,3175,Ġsingle, single
confirmation,exp12_test_edit_04,test_edit,paraphrase,1,USER_END,1,132,-9,1790,Ġnext, next
confirmation,exp12_test_edit_04,test_edit,paraphrase,1,USER_END,2,133,-8,1917,Ġaction, action
confirmation,exp12_test_edit_04,test_edit,paraphrase,1,USER_END,3,134,-7,1431,Ġnow, now
confirmation,exp12_test_edit_04,test_edit,paraphrase,1,USER_END,4,135,-6,13,.,.
confirmation,exp12_test_edit_04,test_edit,paraphrase,1,USER_END,5,136,-5,151645,<|im_end|>,<|im_end|>
confirmation,exp12_test_edit_04,test_edit,paraphrase,1,GENERATION_BOUNDARY,0,135,-6,13,.,.
confirmation,exp12_test_edit_04,test_edit,paraphrase,1,GENERATION_BOUNDARY,1,136,-5,151645,<|im_end|>,<|im_end|>
confirmation,exp12_test_edit_04,test_edit,paraphrase,1,GENERATION_BOUNDARY,2,137,-4,198,Ċ,"
"
confirmation,exp12_test_edit_04,test_edit,paraphrase,1,GENERATION_BOUNDARY,3,138,-3,151644,<|im_start|>,<|im_start|>
confirmation,exp12_test_edit_04,test_edit,paraphrase,1,GENERATION_BOUNDARY,4,139,-2,77091,assistant,assistant
confirmation,exp12_test_edit_04,test_edit,paraphrase,1,GENERATION_BOUNDARY,5,140,-1,198,Ċ,"
"
confirmation,exp12_test_edit_06,test_edit,canonical,0,SKILL_END,0,35,-109,1172,Ġonly, only
confirmation,exp12_test_edit_06,test_edit,canonical,0,SKILL_END,1,36,-108,1283,Ġafter, after
confirmation,exp12_test_edit_06,test_edit,canonical,0,SKILL_END,2,37,-107,279,Ġthe, the
confirmation,exp12_test_edit_06,test_edit,canonical,0,SKILL_END,3,38,-106,1273,Ġtest, test
confirmation,exp12_test_edit_06,test_edit,canonical,0,SKILL_END,4,39,-105,1102,Ġresult, result
confirmation,exp12_test_edit_06,test_edit,canonical,0,SKILL_END,5,40,-104,382,.ĊĊ,".

"
confirmation,exp12_test_edit_06,test_edit,canonical,0,SYSTEM_END,0,47,-97,29130,Ġdeciding, deciding
confirmation,exp12_test_edit_06,test_edit,canonical,0,SYSTEM_END,1,48,-96,279,Ġthe, the
confirmation,exp12_test_edit_06,test_edit,canonical,0,SYSTEM_END,2,49,-95,1156,Ġfirst, first
confirmation,exp12_test_edit_06,test_edit,canonical,0,SYSTEM_END,3,50,-94,1917,Ġaction, action
confirmation,exp12_test_edit_06,test_edit,canonical,0,SYSTEM_END,4,51,-93,13,.,.
confirmation,exp12_test_edit_06,test_edit,canonical,0,SYSTEM_END,5,52,-92,151645,<|im_end|>,<|im_end|>
confirmation,exp12_test_edit_06,test_edit,canonical,0,ISSUE_END,0,84,-60,17112,Ġtargeted, targeted
confirmation,exp12_test_edit_06,test_edit,canonical,0,ISSUE_END,1,85,-59,1273,Ġtest, test
confirmation,exp12_test_edit_06,test_edit,canonical,0,ISSUE_END,2,86,-58,525,Ġare, are
confirmation,exp12_test_edit_06,test_edit,canonical,0,ISSUE_END,3,87,-57,2176,Ġboth, both
confirmation,exp12_test_edit_06,test_edit,canonical,0,ISSUE_END,4,88,-56,2500,Ġavailable, available
confirmation,exp12_test_edit_06,test_edit,canonical,0,ISSUE_END,5,89,-55,382,.ĊĊ,".

"
confirmation,exp12_test_edit_06,test_edit,canonical,0,DETAIL_END,0,97,-47,1459,Ġpoint, point
confirmation,exp12_test_edit_06,test_edit,canonical,0,DETAIL_END,1,98,-46,374,Ġis, is
confirmation,exp12_test_edit_06,test_edit,canonical,0,DETAIL_END,2,99,-45,1565,Ġ`, `
confirmation,exp12_test_edit_06,test_edit,canonical,0,DETAIL_END,3,100,-44,7067,validate,validate
confirmation,exp12_test_edit_06,test_edit,canonical,0,DETAIL_END,4,101,-43,25371,_schema,_schema
confirmation,exp12_test_edit_06,test_edit,canonical,0,DETAIL_END,5,102,-42,62338,`.ĊĊ,"`.

"
confirmation,exp12_test_edit_06,test_edit,canonical,0,ACTION0_END,0,117,-27,64959,_validator,_validator
confirmation,exp12_test_edit_06,test_edit,canonical,0,ACTION0_END,1,118,-26,17932,_edge,_edge
confirmation,exp12_test_edit_06,test_edit,canonical,0,ACTION0_END,2,119,-25,62,_,_
confirmation,exp12_test_edit_06,test_edit,canonical,0,ACTION0_END,3,120,-24,15,0,0
confirmation,exp12_test_edit_06,test_edit,canonical,0,ACTION0_END,4,121,-23,21,6,6
confirmation,exp12_test_edit_06,test_edit,canonical,0,ACTION0_END,5,122,-22,1138,""")Ċ",""")
"
confirmation,exp12_test_edit_06,test_edit,canonical,0,ACTION1_END,0,126,-18,445,"(""","("""
confirmation,exp12_test_edit_06,test_edit,canonical,0,ACTION1_END,1,127,-17,3548,src,src
confirmation,exp12_test_edit_06,test_edit,canonical,0,ACTION1_END,2,128,-16,14,/,/
confirmation,exp12_test_edit_06,test_edit,canonical,0,ACTION1_END,3,129,-15,16112,validator,validator
confirmation,exp12_test_edit_06,test_edit,canonical,0,ACTION1_END,4,130,-14,7197,.py,.py
confirmation,exp12_test_edit_06,test_edit,canonical,0,ACTION1_END,5,131,-13,5130,""")ĊĊ",""")

"
confirmation,exp12_test_edit_06,test_edit,canonical,0,FINAL_INSTRUCTION_END,0,133,-11,279,Ġthe, the
confirmation,exp12_test_edit_06,test_edit,canonical,0,FINAL_INSTRUCTION_END,1,134,-10,3175,Ġsingle, single
confirmation,exp12_test_edit_06,test_edit,canonical,0,FINAL_INSTRUCTION_END,2,135,-9,1790,Ġnext, next
confirmation,exp12_test_edit_06,test_edit,canonical,0,FINAL_INSTRUCTION_END,3,136,-8,1917,Ġaction, action
confirmation,exp12_test_edit_06,test_edit,canonical,0,FINAL_INSTRUCTION_END,4,137,-7,1431,Ġnow, now
confirmation,exp12_test_edit_06,test_edit,canonical,0,FINAL_INSTRUCTION_END,5,138,-6,13,.,.
confirmation,exp12_test_edit_06,test_edit,canonical,0,USER_END,0,134,-10,3175,Ġsingle, single
confirmation,exp12_test_edit_06,test_edit,canonical,0,USER_END,1,135,-9,1790,Ġnext, next
confirmation,exp12_test_edit_06,test_edit,canonical,0,USER_END,2,136,-8,1917,Ġaction, action
confirmation,exp12_test_edit_06,test_edit,canonical,0,USER_END,3,137,-7,1431,Ġnow, now
confirmation,exp12_test_edit_06,test_edit,canonical,0,USER_END,4,138,-6,13,.,.
confirmation,exp12_test_edit_06,test_edit,canonical,0,USER_END,5,139,-5,151645,<|im_end|>,<|im_end|>
confirmation,exp12_test_edit_06,test_edit,canonical,0,GENERATION_BOUNDARY,0,138,-6,13,.,.
confirmation,exp12_test_edit_06,test_edit,canonical,0,GENERATION_BOUNDARY,1,139,-5,151645,<|im_end|>,<|im_end|>
confirmation,exp12_test_edit_06,test_edit,canonical,0,GENERATION_BOUNDARY,2,140,-4,198,Ċ,"
"
confirmation,exp12_test_edit_06,test_edit,canonical,0,GENERATION_BOUNDARY,3,141,-3,151644,<|im_start|>,<|im_start|>
confirmation,exp12_test_edit_06,test_edit,canonical,0,GENERATION_BOUNDARY,4,142,-2,77091,assistant,assistant
confirmation,exp12_test_edit_06,test_edit,canonical,0,GENERATION_BOUNDARY,5,143,-1,198,Ċ,"
"
confirmation,exp12_test_edit_06,test_edit,paraphrase,0,SKILL_END,0,31,-109,11,",",","
confirmation,exp12_test_edit_06,test_edit,paraphrase,0,SKILL_END,1,32,-108,1221,Ġthen, then
confirmation,exp12_test_edit_06,test_edit,paraphrase,0,SKILL_END,2,33,-107,1401,Ġlook, look
confirmation,exp12_test_edit_06,test_edit,paraphrase,0,SKILL_END,3,34,-106,518,Ġat, at
confirmation,exp12_test_edit_06,test_edit,paraphrase,0,SKILL_END,4,35,-105,8129,Ġimplementation, implementation
confirmation,exp12_test_edit_06,test_edit,paraphrase,0,SKILL_END,5,36,-104,382,.ĊĊ,".

"
confirmation,exp12_test_edit_06,test_edit,paraphrase,0,SYSTEM_END,0,43,-97,29130,Ġdeciding, deciding
confirmation,exp12_test_edit_06,test_edit,paraphrase,0,SYSTEM_END,1,44,-96,279,Ġthe, the
confirmation,exp12_test_edit_06,test_edit,paraphrase,0,SYSTEM_END,2,45,-95,1156,Ġfirst, first
confirmation,exp12_test_edit_06,test_edit,paraphrase,0,SYSTEM_END,3,46,-94,1917,Ġaction, action
confirmation,exp12_test_edit_06,test_edit,paraphrase,0,SYSTEM_END,4,47,-93,13,.,.
confirmation,exp12_test_edit_06,test_edit,paraphrase,0,SYSTEM_END,5,48,-92,151645,<|im_end|>,<|im_end|>
confirmation,exp12_test_edit_06,test_edit,paraphrase,0,ISSUE_END,0,80,-60,17112,Ġtargeted, targeted
confirmation,exp12_test_edit_06,test_edit,paraphrase,0,ISSUE_END,1,81,-59,1273,Ġtest, test
confirmation,exp12_test_edit_06,test_edit,paraphrase,0,ISSUE_END,2,82,-58,525,Ġare, are
confirmation,exp12_test_edit_06,test_edit,paraphrase,0,ISSUE_END,3,83,-57,2176,Ġboth, both
confirmation,exp12_test_edit_06,test_edit,paraphrase,0,ISSUE_END,4,84,-56,2500,Ġavailable, available
confirmation,exp12_test_edit_06,test_edit,paraphrase,0,ISSUE_END,5,85,-55,382,.ĊĊ,".

"
confirmation,exp12_test_edit_06,test_edit,paraphrase,0,DETAIL_END,0,93,-47,1459,Ġpoint, point
confirmation,exp12_test_edit_06,test_edit,paraphrase,0,DETAIL_END,1,94,-46,374,Ġis, is
confirmation,exp12_test_edit_06,test_edit,paraphrase,0,DETAIL_END,2,95,-45,1565,Ġ`, `
confirmation,exp12_test_edit_06,test_edit,paraphrase,0,DETAIL_END,3,96,-44,7067,validate,validate
confirmation,exp12_test_edit_06,test_edit,paraphrase,0,DETAIL_END,4,97,-43,25371,_schema,_schema
confirmation,exp12_test_edit_06,test_edit,paraphrase,0,DETAIL_END,5,98,-42,62338,`.ĊĊ,"`.

"
confirmation,exp12_test_edit_06,test_edit,paraphrase,0,ACTION0_END,0,113,-27,64959,_validator,_validator
confirmation,exp12_test_edit_06,test_edit,paraphrase,0,ACTION0_END,1,114,-26,17932,_edge,_edge
confirmation,exp12_test_edit_06,test_edit,paraphrase,0,ACTION0_END,2,115,-25,62,_,_
confirmation,exp12_test_edit_06,test_edit,paraphrase,0,ACTION0_END,3,116,-24,15,0,0
confirmation,exp12_test_edit_06,test_edit,paraphrase,0,ACTION0_END,4,117,-23,21,6,6
confirmation,exp12_test_edit_06,test_edit,paraphrase,0,ACTION0_END,5,118,-22,1138,""")Ċ",""")
"
confirmation,exp12_test_edit_06,test_edit,paraphrase,0,ACTION1_END,0,122,-18,445,"(""","("""
confirmation,exp12_test_edit_06,test_edit,paraphrase,0,ACTION1_END,1,123,-17,3548,src,src
confirmation,exp12_test_edit_06,test_edit,paraphrase,0,ACTION1_END,2,124,-16,14,/,/
confirmation,exp12_test_edit_06,test_edit,paraphrase,0,ACTION1_END,3,125,-15,16112,validator,validator
confirmation,exp12_test_edit_06,test_edit,paraphrase,0,ACTION1_END,4,126,-14,7197,.py,.py
confirmation,exp12_test_edit_06,test_edit,paraphrase,0,ACTION1_END,5,127,-13,5130,""")ĊĊ",""")

"
confirmation,exp12_test_edit_06,test_edit,paraphrase,0,FINAL_INSTRUCTION_END,0,129,-11,279,Ġthe, the
confirmation,exp12_test_edit_06,test_edit,paraphrase,0,FINAL_INSTRUCTION_END,1,130,-10,3175,Ġsingle, single
confirmation,exp12_test_edit_06,test_edit,paraphrase,0,FINAL_INSTRUCTION_END,2,131,-9,1790,Ġnext, next
confirmation,exp12_test_edit_06,test_edit,paraphrase,0,FINAL_INSTRUCTION_END,3,132,-8,1917,Ġaction, action
confirmation,exp12_test_edit_06,test_edit,paraphrase,0,FINAL_INSTRUCTION_END,4,133,-7,1431,Ġnow, now
confirmation,exp12_test_edit_06,test_edit,paraphrase,0,FINAL_INSTRUCTION_END,5,134,-6,13,.,.
confirmation,exp12_test_edit_06,test_edit,paraphrase,0,USER_END,0,130,-10,3175,Ġsingle, single
confirmation,exp12_test_edit_06,test_edit,paraphrase,0,USER_END,1,131,-9,1790,Ġnext, next
confirmation,exp12_test_edit_06,test_edit,paraphrase,0,USER_END,2,132,-8,1917,Ġaction, action
confirmation,exp12_test_edit_06,test_edit,paraphrase,0,USER_END,3,133,-7,1431,Ġnow, now
confirmation,exp12_test_edit_06,test_edit,paraphrase,0,USER_END,4,134,-6,13,.,.
confirmation,exp12_test_edit_06,test_edit,paraphrase,0,USER_END,5,135,-5,151645,<|im_end|>,<|im_end|>
confirmation,exp12_test_edit_06,test_edit,paraphrase,0,GENERATION_BOUNDARY,0,134,-6,13,.,.
confirmation,exp12_test_edit_06,test_edit,paraphrase,0,GENERATION_BOUNDARY,1,135,-5,151645,<|im_end|>,<|im_end|>
confirmation,exp12_test_edit_06,test_edit,paraphrase,0,GENERATION_BOUNDARY,2,136,-4,198,Ċ,"
"
confirmation,exp12_test_edit_06,test_edit,paraphrase,0,GENERATION_BOUNDARY,3,137,-3,151644,<|im_start|>,<|im_start|>
confirmation,exp12_test_edit_06,test_edit,paraphrase,0,GENERATION_BOUNDARY,4,138,-2,77091,assistant,assistant
confirmation,exp12_test_edit_06,test_edit,paraphrase,0,GENERATION_BOUNDARY,5,139,-1,198,Ċ,"
"
confirmation,exp12_test_edit_06,test_edit,canonical,1,SKILL_END,0,31,-109,279,Ġthe, the
confirmation,exp12_test_edit_06,test_edit,canonical,1,SKILL_END,1,32,-108,17112,Ġtargeted, targeted
confirmation,exp12_test_edit_06,test_edit,canonical,1,SKILL_END,2,33,-107,1273,Ġtest, test
confirmation,exp12_test_edit_06,test_edit,canonical,1,SKILL_END,3,34,-106,1172,Ġonly, only
confirmation,exp12_test_edit_06,test_edit,canonical,1,SKILL_END,4,35,-105,47943,Ġafterward, afterward
confirmation,exp12_test_edit_06,test_edit,canonical,1,SKILL_END,5,36,-104,382,.ĊĊ,".

"
confirmation,exp12_test_edit_06,test_edit,canonical,1,SYSTEM_END,0,43,-97,29130,Ġdeciding, deciding
confirmation,exp12_test_edit_06,test_edit,canonical,1,SYSTEM_END,1,44,-96,279,Ġthe, the
confirmation,exp12_test_edit_06,test_edit,canonical,1,SYSTEM_END,2,45,-95,1156,Ġfirst, first
confirmation,exp12_test_edit_06,test_edit,canonical,1,SYSTEM_END,3,46,-94,1917,Ġaction, action
confirmation,exp12_test_edit_06,test_edit,canonical,1,SYSTEM_END,4,47,-93,13,.,.
confirmation,exp12_test_edit_06,test_edit,canonical,1,SYSTEM_END,5,48,-92,151645,<|im_end|>,<|im_end|>
confirmation,exp12_test_edit_06,test_edit,canonical,1,ISSUE_END,0,80,-60,17112,Ġtargeted, targeted
confirmation,exp12_test_edit_06,test_edit,canonical,1,ISSUE_END,1,81,-59,1273,Ġtest, test
confirmation,exp12_test_edit_06,test_edit,canonical,1,ISSUE_END,2,82,-58,525,Ġare, are
confirmation,exp12_test_edit_06,test_edit,canonical,1,ISSUE_END,3,83,-57,2176,Ġboth, both
confirmation,exp12_test_edit_06,test_edit,canonical,1,ISSUE_END,4,84,-56,2500,Ġavailable, available
confirmation,exp12_test_edit_06,test_edit,canonical,1,ISSUE_END,5,85,-55,382,.ĊĊ,".

"
confirmation,exp12_test_edit_06,test_edit,canonical,1,DETAIL_END,0,93,-47,1459,Ġpoint, point
confirmation,exp12_test_edit_06,test_edit,canonical,1,DETAIL_END,1,94,-46,374,Ġis, is
confirmation,exp12_test_edit_06,test_edit,canonical,1,DETAIL_END,2,95,-45,1565,Ġ`, `
confirmation,exp12_test_edit_06,test_edit,canonical,1,DETAIL_END,3,96,-44,7067,validate,validate
confirmation,exp12_test_edit_06,test_edit,canonical,1,DETAIL_END,4,97,-43,25371,_schema,_schema
confirmation,exp12_test_edit_06,test_edit,canonical,1,DETAIL_END,5,98,-42,62338,`.ĊĊ,"`.

"
confirmation,exp12_test_edit_06,test_edit,canonical,1,ACTION0_END,0,113,-27,64959,_validator,_validator
confirmation,exp12_test_edit_06,test_edit,canonical,1,ACTION0_END,1,114,-26,17932,_edge,_edge
confirmation,exp12_test_edit_06,test_edit,canonical,1,ACTION0_END,2,115,-25,62,_,_
confirmation,exp12_test_edit_06,test_edit,canonical,1,ACTION0_END,3,116,-24,15,0,0
confirmation,exp12_test_edit_06,test_edit,canonical,1,ACTION0_END,4,117,-23,21,6,6
confirmation,exp12_test_edit_06,test_edit,canonical,1,ACTION0_END,5,118,-22,1138,""")Ċ",""")
"
confirmation,exp12_test_edit_06,test_edit,canonical,1,ACTION1_END,0,122,-18,445,"(""","("""
confirmation,exp12_test_edit_06,test_edit,canonical,1,ACTION1_END,1,123,-17,3548,src,src
confirmation,exp12_test_edit_06,test_edit,canonical,1,ACTION1_END,2,124,-16,14,/,/
confirmation,exp12_test_edit_06,test_edit,canonical,1,ACTION1_END,3,125,-15,16112,validator,validator
confirmation,exp12_test_edit_06,test_edit,canonical,1,ACTION1_END,4,126,-14,7197,.py,.py
confirmation,exp12_test_edit_06,test_edit,canonical,1,ACTION1_END,5,127,-13,5130,""")ĊĊ",""")

"
confirmation,exp12_test_edit_06,test_edit,canonical,1,FINAL_INSTRUCTION_END,0,129,-11,279,Ġthe, the
confirmation,exp12_test_edit_06,test_edit,canonical,1,FINAL_INSTRUCTION_END,1,130,-10,3175,Ġsingle, single
confirmation,exp12_test_edit_06,test_edit,canonical,1,FINAL_INSTRUCTION_END,2,131,-9,1790,Ġnext, next
confirmation,exp12_test_edit_06,test_edit,canonical,1,FINAL_INSTRUCTION_END,3,132,-8,1917,Ġaction, action
confirmation,exp12_test_edit_06,test_edit,canonical,1,FINAL_INSTRUCTION_END,4,133,-7,1431,Ġnow, now
confirmation,exp12_test_edit_06,test_edit,canonical,1,FINAL_INSTRUCTION_END,5,134,-6,13,.,.
confirmation,exp12_test_edit_06,test_edit,canonical,1,USER_END,0,130,-10,3175,Ġsingle, single
confirmation,exp12_test_edit_06,test_edit,canonical,1,USER_END,1,131,-9,1790,Ġnext, next
confirmation,exp12_test_edit_06,test_edit,canonical,1,USER_END,2,132,-8,1917,Ġaction, action
confirmation,exp12_test_edit_06,test_edit,canonical,1,USER_END,3,133,-7,1431,Ġnow, now
confirmation,exp12_test_edit_06,test_edit,canonical,1,USER_END,4,134,-6,13,.,.
confirmation,exp12_test_edit_06,test_edit,canonical,1,USER_END,5,135,-5,151645,<|im_end|>,<|im_end|>
confirmation,exp12_test_edit_06,test_edit,canonical,1,GENERATION_BOUNDARY,0,134,-6,13,.,.
confirmation,exp12_test_edit_06,test_edit,canonical,1,GENERATION_BOUNDARY,1,135,-5,151645,<|im_end|>,<|im_end|>
confirmation,exp12_test_edit_06,test_edit,canonical,1,GENERATION_BOUNDARY,2,136,-4,198,Ċ,"
"
confirmation,exp12_test_edit_06,test_edit,canonical,1,GENERATION_BOUNDARY,3,137,-3,151644,<|im_start|>,<|im_start|>
confirmation,exp12_test_edit_06,test_edit,canonical,1,GENERATION_BOUNDARY,4,138,-2,77091,assistant,assistant
confirmation,exp12_test_edit_06,test_edit,canonical,1,GENERATION_BOUNDARY,5,139,-1,198,Ċ,"
"
confirmation,exp12_test_edit_06,test_edit,paraphrase,1,SKILL_END,0,32,-109,1273,Ġtest, test
confirmation,exp12_test_edit_06,test_edit,paraphrase,1,SKILL_END,1,33,-108,3080,Ġuntil, until
confirmation,exp12_test_edit_06,test_edit,paraphrase,1,SKILL_END,2,34,-107,1283,Ġafter, after
confirmation,exp12_test_edit_06,test_edit,paraphrase,1,SKILL_END,3,35,-106,429,Ġthat, that
confirmation,exp12_test_edit_06,test_edit,paraphrase,1,SKILL_END,4,36,-105,25683,Ġinspection, inspection
confirmation,exp12_test_edit_06,test_edit,paraphrase,1,SKILL_END,5,37,-104,382,.ĊĊ,".

"
confirmation,exp12_test_edit_06,test_edit,paraphrase,1,SYSTEM_END,0,44,-97,29130,Ġdeciding, deciding
confirmation,exp12_test_edit_06,test_edit,paraphrase,1,SYSTEM_END,1,45,-96,279,Ġthe, the
confirmation,exp12_test_edit_06,test_edit,paraphrase,1,SYSTEM_END,2,46,-95,1156,Ġfirst, first
confirmation,exp12_test_edit_06,test_edit,paraphrase,1,SYSTEM_END,3,47,-94,1917,Ġaction, action
confirmation,exp12_test_edit_06,test_edit,paraphrase,1,SYSTEM_END,4,48,-93,13,.,.
confirmation,exp12_test_edit_06,test_edit,paraphrase,1,SYSTEM_END,5,49,-92,151645,<|im_end|>,<|im_end|>
confirmation,exp12_test_edit_06,test_edit,paraphrase,1,ISSUE_END,0,81,-60,17112,Ġtargeted, targeted
confirmation,exp12_test_edit_06,test_edit,paraphrase,1,ISSUE_END,1,82,-59,1273,Ġtest, test
confirmation,exp12_test_edit_06,test_edit,paraphrase,1,ISSUE_END,2,83,-58,525,Ġare, are
confirmation,exp12_test_edit_06,test_edit,paraphrase,1,ISSUE_END,3,84,-57,2176,Ġboth, both
confirmation,exp12_test_edit_06,test_edit,paraphrase,1,ISSUE_END,4,85,-56,2500,Ġavailable, available
confirmation,exp12_test_edit_06,test_edit,paraphrase,1,ISSUE_END,5,86,-55,382,.ĊĊ,".

"
confirmation,exp12_test_edit_06,test_edit,paraphrase,1,DETAIL_END,0,94,-47,1459,Ġpoint, point
confirmation,exp12_test_edit_06,test_edit,paraphrase,1,DETAIL_END,1,95,-46,374,Ġis, is
confirmation,exp12_test_edit_06,test_edit,paraphrase,1,DETAIL_END,2,96,-45,1565,Ġ`, `
confirmation,exp12_test_edit_06,test_edit,paraphrase,1,DETAIL_END,3,97,-44,7067,validate,validate
confirmation,exp12_test_edit_06,test_edit,paraphrase,1,DETAIL_END,4,98,-43,25371,_schema,_schema
confirmation,exp12_test_edit_06,test_edit,paraphrase,1,DETAIL_END,5,99,-42,62338,`.ĊĊ,"`.

"
confirmation,exp12_test_edit_06,test_edit,paraphrase,1,ACTION0_END,0,114,-27,64959,_validator,_validator
confirmation,exp12_test_edit_06,test_edit,paraphrase,1,ACTION0_END,1,115,-26,17932,_edge,_edge
confirmation,exp12_test_edit_06,test_edit,paraphrase,1,ACTION0_END,2,116,-25,62,_,_
confirmation,exp12_test_edit_06,test_edit,paraphrase,1,ACTION0_END,3,117,-24,15,0,0
confirmation,exp12_test_edit_06,test_edit,paraphrase,1,ACTION0_END,4,118,-23,21,6,6
confirmation,exp12_test_edit_06,test_edit,paraphrase,1,ACTION0_END,5,119,-22,1138,""")Ċ",""")
"
confirmation,exp12_test_edit_06,test_edit,paraphrase,1,ACTION1_END,0,123,-18,445,"(""","("""
confirmation,exp12_test_edit_06,test_edit,paraphrase,1,ACTION1_END,1,124,-17,3548,src,src
confirmation,exp12_test_edit_06,test_edit,paraphrase,1,ACTION1_END,2,125,-16,14,/,/
confirmation,exp12_test_edit_06,test_edit,paraphrase,1,ACTION1_END,3,126,-15,16112,validator,validator
confirmation,exp12_test_edit_06,test_edit,paraphrase,1,ACTION1_END,4,127,-14,7197,.py,.py
confirmation,exp12_test_edit_06,test_edit,paraphrase,1,ACTION1_END,5,128,-13,5130,""")ĊĊ",""")

"
confirmation,exp12_test_edit_06,test_edit,paraphrase,1,FINAL_INSTRUCTION_END,0,130,-11,279,Ġthe, the
confirmation,exp12_test_edit_06,test_edit,paraphrase,1,FINAL_INSTRUCTION_END,1,131,-10,3175,Ġsingle, single
confirmation,exp12_test_edit_06,test_edit,paraphrase,1,FINAL_INSTRUCTION_END,2,132,-9,1790,Ġnext, next
confirmation,exp12_test_edit_06,test_edit,paraphrase,1,FINAL_INSTRUCTION_END,3,133,-8,1917,Ġaction, action
confirmation,exp12_test_edit_06,test_edit,paraphrase,1,FINAL_INSTRUCTION_END,4,134,-7,1431,Ġnow, now
confirmation,exp12_test_edit_06,test_edit,paraphrase,1,FINAL_INSTRUCTION_END,5,135,-6,13,.,.
confirmation,exp12_test_edit_06,test_edit,paraphrase,1,USER_END,0,131,-10,3175,Ġsingle, single
confirmation,exp12_test_edit_06,test_edit,paraphrase,1,USER_END,1,132,-9,1790,Ġnext, next
confirmation,exp12_test_edit_06,test_edit,paraphrase,1,USER_END,2,133,-8,1917,Ġaction, action
confirmation,exp12_test_edit_06,test_edit,paraphrase,1,USER_END,3,134,-7,1431,Ġnow, now
confirmation,exp12_test_edit_06,test_edit,paraphrase,1,USER_END,4,135,-6,13,.,.
confirmation,exp12_test_edit_06,test_edit,paraphrase,1,USER_END,5,136,-5,151645,<|im_end|>,<|im_end|>
confirmation,exp12_test_edit_06,test_edit,paraphrase,1,GENERATION_BOUNDARY,0,135,-6,13,.,.
confirmation,exp12_test_edit_06,test_edit,paraphrase,1,GENERATION_BOUNDARY,1,136,-5,151645,<|im_end|>,<|im_end|>
confirmation,exp12_test_edit_06,test_edit,paraphrase,1,GENERATION_BOUNDARY,2,137,-4,198,Ċ,"
"
confirmation,exp12_test_edit_06,test_edit,paraphrase,1,GENERATION_BOUNDARY,3,138,-3,151644,<|im_start|>,<|im_start|>
confirmation,exp12_test_edit_06,test_edit,paraphrase,1,GENERATION_BOUNDARY,4,139,-2,77091,assistant,assistant
confirmation,exp12_test_edit_06,test_edit,paraphrase,1,GENERATION_BOUNDARY,5,140,-1,198,Ċ,"
"
confirmation,exp12_test_edit_10,test_edit,canonical,0,SKILL_END,0,35,-109,1172,Ġonly, only
confirmation,exp12_test_edit_10,test_edit,canonical,0,SKILL_END,1,36,-108,1283,Ġafter, after
confirmation,exp12_test_edit_10,test_edit,canonical,0,SKILL_END,2,37,-107,279,Ġthe, the
confirmation,exp12_test_edit_10,test_edit,canonical,0,SKILL_END,3,38,-106,1273,Ġtest, test
confirmation,exp12_test_edit_10,test_edit,canonical,0,SKILL_END,4,39,-105,1102,Ġresult, result
confirmation,exp12_test_edit_10,test_edit,canonical,0,SKILL_END,5,40,-104,382,.ĊĊ,".

"
confirmation,exp12_test_edit_10,test_edit,canonical,0,SYSTEM_END,0,47,-97,29130,Ġdeciding, deciding
confirmation,exp12_test_edit_10,test_edit,canonical,0,SYSTEM_END,1,48,-96,279,Ġthe, the
confirmation,exp12_test_edit_10,test_edit,canonical,0,SYSTEM_END,2,49,-95,1156,Ġfirst, first
confirmation,exp12_test_edit_10,test_edit,canonical,0,SYSTEM_END,3,50,-94,1917,Ġaction, action
confirmation,exp12_test_edit_10,test_edit,canonical,0,SYSTEM_END,4,51,-93,13,.,.
confirmation,exp12_test_edit_10,test_edit,canonical,0,SYSTEM_END,5,52,-92,151645,<|im_end|>,<|im_end|>
confirmation,exp12_test_edit_10,test_edit,canonical,0,ISSUE_END,0,84,-60,17112,Ġtargeted, targeted
confirmation,exp12_test_edit_10,test_edit,canonical,0,ISSUE_END,1,85,-59,1273,Ġtest, test
confirmation,exp12_test_edit_10,test_edit,canonical,0,ISSUE_END,2,86,-58,525,Ġare, are
confirmation,exp12_test_edit_10,test_edit,canonical,0,ISSUE_END,3,87,-57,2176,Ġboth, both
confirmation,exp12_test_edit_10,test_edit,canonical,0,ISSUE_END,4,88,-56,2500,Ġavailable, available
confirmation,exp12_test_edit_10,test_edit,canonical,0,ISSUE_END,5,89,-55,382,.ĊĊ,".

"
confirmation,exp12_test_edit_10,test_edit,canonical,0,DETAIL_END,0,97,-47,1459,Ġpoint, point
confirmation,exp12_test_edit_10,test_edit,canonical,0,DETAIL_END,1,98,-46,374,Ġis, is
confirmation,exp12_test_edit_10,test_edit,canonical,0,DETAIL_END,2,99,-45,1565,Ġ`, `
confirmation,exp12_test_edit_10,test_edit,canonical,0,DETAIL_END,3,100,-44,17325,resolve,resolve
confirmation,exp12_test_edit_10,test_edit,canonical,0,DETAIL_END,4,101,-43,35947,_alias,_alias
confirmation,exp12_test_edit_10,test_edit,canonical,0,DETAIL_END,5,102,-42,62338,`.ĊĊ,"`.

"
confirmation,exp12_test_edit_10,test_edit,canonical,0,ACTION0_END,0,117,-27,91578,_resolver,_resolver
confirmation,exp12_test_edit_10,test_edit,canonical,0,ACTION0_END,1,118,-26,17932,_edge,_edge
confirmation,exp12_test_edit_10,test_edit,canonical,0,ACTION0_END,2,119,-25,62,_,_
confirmation,exp12_test_edit_10,test_edit,canonical,0,ACTION0_END,3,120,-24,16,1,1
confirmation,exp12_test_edit_10,test_edit,canonical,0,ACTION0_END,4,121,-23,15,0,0
confirmation,exp12_test_edit_10,test_edit,canonical,0,ACTION0_END,5,122,-22,1138,""")Ċ",""")
"
confirmation,exp12_test_edit_10,test_edit,canonical,0,ACTION1_END,0,126,-18,445,"(""","("""
confirmation,exp12_test_edit_10,test_edit,canonical,0,ACTION1_END,1,127,-17,3548,src,src
confirmation,exp12_test_edit_10,test_edit,canonical,0,ACTION1_END,2,128,-16,32426,/res,/res
confirmation,exp12_test_edit_10,test_edit,canonical,0,ACTION1_END,3,129,-15,7921,olver,olver
confirmation,exp12_test_edit_10,test_edit,canonical,0,ACTION1_END,4,130,-14,7197,.py,.py
confirmation,exp12_test_edit_10,test_edit,canonical,0,ACTION1_END,5,131,-13,5130,""")ĊĊ",""")

"
confirmation,exp12_test_edit_10,test_edit,canonical,0,FINAL_INSTRUCTION_END,0,133,-11,279,Ġthe, the
confirmation,exp12_test_edit_10,test_edit,canonical,0,FINAL_INSTRUCTION_END,1,134,-10,3175,Ġsingle, single
confirmation,exp12_test_edit_10,test_edit,canonical,0,FINAL_INSTRUCTION_END,2,135,-9,1790,Ġnext, next
confirmation,exp12_test_edit_10,test_edit,canonical,0,FINAL_INSTRUCTION_END,3,136,-8,1917,Ġaction, action
confirmation,exp12_test_edit_10,test_edit,canonical,0,FINAL_INSTRUCTION_END,4,137,-7,1431,Ġnow, now
confirmation,exp12_test_edit_10,test_edit,canonical,0,FINAL_INSTRUCTION_END,5,138,-6,13,.,.
confirmation,exp12_test_edit_10,test_edit,canonical,0,USER_END,0,134,-10,3175,Ġsingle, single
confirmation,exp12_test_edit_10,test_edit,canonical,0,USER_END,1,135,-9,1790,Ġnext, next
confirmation,exp12_test_edit_10,test_edit,canonical,0,USER_END,2,136,-8,1917,Ġaction, action
confirmation,exp12_test_edit_10,test_edit,canonical,0,USER_END,3,137,-7,1431,Ġnow, now
confirmation,exp12_test_edit_10,test_edit,canonical,0,USER_END,4,138,-6,13,.,.
confirmation,exp12_test_edit_10,test_edit,canonical,0,USER_END,5,139,-5,151645,<|im_end|>,<|im_end|>
confirmation,exp12_test_edit_10,test_edit,canonical,0,GENERATION_BOUNDARY,0,138,-6,13,.,.
confirmation,exp12_test_edit_10,test_edit,canonical,0,GENERATION_BOUNDARY,1,139,-5,151645,<|im_end|>,<|im_end|>
confirmation,exp12_test_edit_10,test_edit,canonical,0,GENERATION_BOUNDARY,2,140,-4,198,Ċ,"
"
confirmation,exp12_test_edit_10,test_edit,canonical,0,GENERATION_BOUNDARY,3,141,-3,151644,<|im_start|>,<|im_start|>
confirmation,exp12_test_edit_10,test_edit,canonical,0,GENERATION_BOUNDARY,4,142,-2,77091,assistant,assistant
confirmation,exp12_test_edit_10,test_edit,canonical,0,GENERATION_BOUNDARY,5,143,-1,198,Ċ,"
"
confirmation,exp12_test_edit_10,test_edit,paraphrase,0,SKILL_END,0,31,-109,11,",",","
confirmation,exp12_test_edit_10,test_edit,paraphrase,0,SKILL_END,1,32,-108,1221,Ġthen, then
confirmation,exp12_test_edit_10,test_edit,paraphrase,0,SKILL_END,2,33,-107,1401,Ġlook, look
confirmation,exp12_test_edit_10,test_edit,paraphrase,0,SKILL_END,3,34,-106,518,Ġat, at
confirmation,exp12_test_edit_10,test_edit,paraphrase,0,SKILL_END,4,35,-105,8129,Ġimplementation, implementation
confirmation,exp12_test_edit_10,test_edit,paraphrase,0,SKILL_END,5,36,-104,382,.ĊĊ,".

"
confirmation,exp12_test_edit_10,test_edit,paraphrase,0,SYSTEM_END,0,43,-97,29130,Ġdeciding, deciding
confirmation,exp12_test_edit_10,test_edit,paraphrase,0,SYSTEM_END,1,44,-96,279,Ġthe, the
confirmation,exp12_test_edit_10,test_edit,paraphrase,0,SYSTEM_END,2,45,-95,1156,Ġfirst, first
confirmation,exp12_test_edit_10,test_edit,paraphrase,0,SYSTEM_END,3,46,-94,1917,Ġaction, action
confirmation,exp12_test_edit_10,test_edit,paraphrase,0,SYSTEM_END,4,47,-93,13,.,.
confirmation,exp12_test_edit_10,test_edit,paraphrase,0,SYSTEM_END,5,48,-92,151645,<|im_end|>,<|im_end|>
confirmation,exp12_test_edit_10,test_edit,paraphrase,0,ISSUE_END,0,80,-60,17112,Ġtargeted, targeted
confirmation,exp12_test_edit_10,test_edit,paraphrase,0,ISSUE_END,1,81,-59,1273,Ġtest, test
confirmation,exp12_test_edit_10,test_edit,paraphrase,0,ISSUE_END,2,82,-58,525,Ġare, are
confirmation,exp12_test_edit_10,test_edit,paraphrase,0,ISSUE_END,3,83,-57,2176,Ġboth, both
confirmation,exp12_test_edit_10,test_edit,paraphrase,0,ISSUE_END,4,84,-56,2500,Ġavailable, available
confirmation,exp12_test_edit_10,test_edit,paraphrase,0,ISSUE_END,5,85,-55,382,.ĊĊ,".

"
confirmation,exp12_test_edit_10,test_edit,paraphrase,0,DETAIL_END,0,93,-47,1459,Ġpoint, point
confirmation,exp12_test_edit_10,test_edit,paraphrase,0,DETAIL_END,1,94,-46,374,Ġis, is
confirmation,exp12_test_edit_10,test_edit,paraphrase,0,DETAIL_END,2,95,-45,1565,Ġ`, `
confirmation,exp12_test_edit_10,test_edit,paraphrase,0,DETAIL_END,3,96,-44,17325,resolve,resolve
confirmation,exp12_test_edit_10,test_edit,paraphrase,0,DETAIL_END,4,97,-43,35947,_alias,_alias
confirmation,exp12_test_edit_10,test_edit,paraphrase,0,DETAIL_END,5,98,-42,62338,`.ĊĊ,"`.

"
confirmation,exp12_test_edit_10,test_edit,paraphrase,0,ACTION0_END,0,113,-27,91578,_resolver,_resolver
confirmation,exp12_test_edit_10,test_edit,paraphrase,0,ACTION0_END,1,114,-26,17932,_edge,_edge
confirmation,exp12_test_edit_10,test_edit,paraphrase,0,ACTION0_END,2,115,-25,62,_,_
confirmation,exp12_test_edit_10,test_edit,paraphrase,0,ACTION0_END,3,116,-24,16,1,1
confirmation,exp12_test_edit_10,test_edit,paraphrase,0,ACTION0_END,4,117,-23,15,0,0
confirmation,exp12_test_edit_10,test_edit,paraphrase,0,ACTION0_END,5,118,-22,1138,""")Ċ",""")
"
confirmation,exp12_test_edit_10,test_edit,paraphrase,0,ACTION1_END,0,122,-18,445,"(""","("""
confirmation,exp12_test_edit_10,test_edit,paraphrase,0,ACTION1_END,1,123,-17,3548,src,src
confirmation,exp12_test_edit_10,test_edit,paraphrase,0,ACTION1_END,2,124,-16,32426,/res,/res
confirmation,exp12_test_edit_10,test_edit,paraphrase,0,ACTION1_END,3,125,-15,7921,olver,olver
confirmation,exp12_test_edit_10,test_edit,paraphrase,0,ACTION1_END,4,126,-14,7197,.py,.py
confirmation,exp12_test_edit_10,test_edit,paraphrase,0,ACTION1_END,5,127,-13,5130,""")ĊĊ",""")

"
confirmation,exp12_test_edit_10,test_edit,paraphrase,0,FINAL_INSTRUCTION_END,0,129,-11,279,Ġthe, the
confirmation,exp12_test_edit_10,test_edit,paraphrase,0,FINAL_INSTRUCTION_END,1,130,-10,3175,Ġsingle, single
confirmation,exp12_test_edit_10,test_edit,paraphrase,0,FINAL_INSTRUCTION_END,2,131,-9,1790,Ġnext, next
confirmation,exp12_test_edit_10,test_edit,paraphrase,0,FINAL_INSTRUCTION_END,3,132,-8,1917,Ġaction, action
confirmation,exp12_test_edit_10,test_edit,paraphrase,0,FINAL_INSTRUCTION_END,4,133,-7,1431,Ġnow, now
confirmation,exp12_test_edit_10,test_edit,paraphrase,0,FINAL_INSTRUCTION_END,5,134,-6,13,.,.
confirmation,exp12_test_edit_10,test_edit,paraphrase,0,USER_END,0,130,-10,3175,Ġsingle, single
confirmation,exp12_test_edit_10,test_edit,paraphrase,0,USER_END,1,131,-9,1790,Ġnext, next
confirmation,exp12_test_edit_10,test_edit,paraphrase,0,USER_END,2,132,-8,1917,Ġaction, action
confirmation,exp12_test_edit_10,test_edit,paraphrase,0,USER_END,3,133,-7,1431,Ġnow, now
confirmation,exp12_test_edit_10,test_edit,paraphrase,0,USER_END,4,134,-6,13,.,.
confirmation,exp12_test_edit_10,test_edit,paraphrase,0,USER_END,5,135,-5,151645,<|im_end|>,<|im_end|>
confirmation,exp12_test_edit_10,test_edit,paraphrase,0,GENERATION_BOUNDARY,0,134,-6,13,.,.
confirmation,exp12_test_edit_10,test_edit,paraphrase,0,GENERATION_BOUNDARY,1,135,-5,151645,<|im_end|>,<|im_end|>
confirmation,exp12_test_edit_10,test_edit,paraphrase,0,GENERATION_BOUNDARY,2,136,-4,198,Ċ,"
"
confirmation,exp12_test_edit_10,test_edit,paraphrase,0,GENERATION_BOUNDARY,3,137,-3,151644,<|im_start|>,<|im_start|>
confirmation,exp12_test_edit_10,test_edit,paraphrase,0,GENERATION_BOUNDARY,4,138,-2,77091,assistant,assistant
confirmation,exp12_test_edit_10,test_edit,paraphrase,0,GENERATION_BOUNDARY,5,139,-1,198,Ċ,"
"
confirmation,exp12_test_edit_10,test_edit,canonical,1,SKILL_END,0,31,-109,279,Ġthe, the
confirmation,exp12_test_edit_10,test_edit,canonical,1,SKILL_END,1,32,-108,17112,Ġtargeted, targeted
confirmation,exp12_test_edit_10,test_edit,canonical,1,SKILL_END,2,33,-107,1273,Ġtest, test
confirmation,exp12_test_edit_10,test_edit,canonical,1,SKILL_END,3,34,-106,1172,Ġonly, only
confirmation,exp12_test_edit_10,test_edit,canonical,1,SKILL_END,4,35,-105,47943,Ġafterward, afterward
confirmation,exp12_test_edit_10,test_edit,canonical,1,SKILL_END,5,36,-104,382,.ĊĊ,".

"
confirmation,exp12_test_edit_10,test_edit,canonical,1,SYSTEM_END,0,43,-97,29130,Ġdeciding, deciding
confirmation,exp12_test_edit_10,test_edit,canonical,1,SYSTEM_END,1,44,-96,279,Ġthe, the
confirmation,exp12_test_edit_10,test_edit,canonical,1,SYSTEM_END,2,45,-95,1156,Ġfirst, first
confirmation,exp12_test_edit_10,test_edit,canonical,1,SYSTEM_END,3,46,-94,1917,Ġaction, action
confirmation,exp12_test_edit_10,test_edit,canonical,1,SYSTEM_END,4,47,-93,13,.,.
confirmation,exp12_test_edit_10,test_edit,canonical,1,SYSTEM_END,5,48,-92,151645,<|im_end|>,<|im_end|>
confirmation,exp12_test_edit_10,test_edit,canonical,1,ISSUE_END,0,80,-60,17112,Ġtargeted, targeted
confirmation,exp12_test_edit_10,test_edit,canonical,1,ISSUE_END,1,81,-59,1273,Ġtest, test
confirmation,exp12_test_edit_10,test_edit,canonical,1,ISSUE_END,2,82,-58,525,Ġare, are
confirmation,exp12_test_edit_10,test_edit,canonical,1,ISSUE_END,3,83,-57,2176,Ġboth, both
confirmation,exp12_test_edit_10,test_edit,canonical,1,ISSUE_END,4,84,-56,2500,Ġavailable, available
confirmation,exp12_test_edit_10,test_edit,canonical,1,ISSUE_END,5,85,-55,382,.ĊĊ,".

"
confirmation,exp12_test_edit_10,test_edit,canonical,1,DETAIL_END,0,93,-47,1459,Ġpoint, point
confirmation,exp12_test_edit_10,test_edit,canonical,1,DETAIL_END,1,94,-46,374,Ġis, is
confirmation,exp12_test_edit_10,test_edit,canonical,1,DETAIL_END,2,95,-45,1565,Ġ`, `
confirmation,exp12_test_edit_10,test_edit,canonical,1,DETAIL_END,3,96,-44,17325,resolve,resolve
confirmation,exp12_test_edit_10,test_edit,canonical,1,DETAIL_END,4,97,-43,35947,_alias,_alias
confirmation,exp12_test_edit_10,test_edit,canonical,1,DETAIL_END,5,98,-42,62338,`.ĊĊ,"`.

"
confirmation,exp12_test_edit_10,test_edit,canonical,1,ACTION0_END,0,113,-27,91578,_resolver,_resolver
confirmation,exp12_test_edit_10,test_edit,canonical,1,ACTION0_END,1,114,-26,17932,_edge,_edge
confirmation,exp12_test_edit_10,test_edit,canonical,1,ACTION0_END,2,115,-25,62,_,_
confirmation,exp12_test_edit_10,test_edit,canonical,1,ACTION0_END,3,116,-24,16,1,1
confirmation,exp12_test_edit_10,test_edit,canonical,1,ACTION0_END,4,117,-23,15,0,0
confirmation,exp12_test_edit_10,test_edit,canonical,1,ACTION0_END,5,118,-22,1138,""")Ċ",""")
"
confirmation,exp12_test_edit_10,test_edit,canonical,1,ACTION1_END,0,122,-18,445,"(""","("""
confirmation,exp12_test_edit_10,test_edit,canonical,1,ACTION1_END,1,123,-17,3548,src,src
confirmation,exp12_test_edit_10,test_edit,canonical,1,ACTION1_END,2,124,-16,32426,/res,/res
confirmation,exp12_test_edit_10,test_edit,canonical,1,ACTION1_END,3,125,-15,7921,olver,olver
confirmation,exp12_test_edit_10,test_edit,canonical,1,ACTION1_END,4,126,-14,7197,.py,.py
confirmation,exp12_test_edit_10,test_edit,canonical,1,ACTION1_END,5,127,-13,5130,""")ĊĊ",""")

"
confirmation,exp12_test_edit_10,test_edit,canonical,1,FINAL_INSTRUCTION_END,0,129,-11,279,Ġthe, the
confirmation,exp12_test_edit_10,test_edit,canonical,1,FINAL_INSTRUCTION_END,1,130,-10,3175,Ġsingle, single
confirmation,exp12_test_edit_10,test_edit,canonical,1,FINAL_INSTRUCTION_END,2,131,-9,1790,Ġnext, next
confirmation,exp12_test_edit_10,test_edit,canonical,1,FINAL_INSTRUCTION_END,3,132,-8,1917,Ġaction, action
confirmation,exp12_test_edit_10,test_edit,canonical,1,FINAL_INSTRUCTION_END,4,133,-7,1431,Ġnow, now
confirmation,exp12_test_edit_10,test_edit,canonical,1,FINAL_INSTRUCTION_END,5,134,-6,13,.,.
confirmation,exp12_test_edit_10,test_edit,canonical,1,USER_END,0,130,-10,3175,Ġsingle, single
confirmation,exp12_test_edit_10,test_edit,canonical,1,USER_END,1,131,-9,1790,Ġnext, next
confirmation,exp12_test_edit_10,test_edit,canonical,1,USER_END,2,132,-8,1917,Ġaction, action
confirmation,exp12_test_edit_10,test_edit,canonical,1,USER_END,3,133,-7,1431,Ġnow, now
confirmation,exp12_test_edit_10,test_edit,canonical,1,USER_END,4,134,-6,13,.,.
confirmation,exp12_test_edit_10,test_edit,canonical,1,USER_END,5,135,-5,151645,<|im_end|>,<|im_end|>
confirmation,exp12_test_edit_10,test_edit,canonical,1,GENERATION_BOUNDARY,0,134,-6,13,.,.
confirmation,exp12_test_edit_10,test_edit,canonical,1,GENERATION_BOUNDARY,1,135,-5,151645,<|im_end|>,<|im_end|>
confirmation,exp12_test_edit_10,test_edit,canonical,1,GENERATION_BOUNDARY,2,136,-4,198,Ċ,"
"
confirmation,exp12_test_edit_10,test_edit,canonical,1,GENERATION_BOUNDARY,3,137,-3,151644,<|im_start|>,<|im_start|>
confirmation,exp12_test_edit_10,test_edit,canonical,1,GENERATION_BOUNDARY,4,138,-2,77091,assistant,assistant
confirmation,exp12_test_edit_10,test_edit,canonical,1,GENERATION_BOUNDARY,5,139,-1,198,Ċ,"
"
confirmation,exp12_test_edit_10,test_edit,paraphrase,1,SKILL_END,0,32,-109,1273,Ġtest, test
confirmation,exp12_test_edit_10,test_edit,paraphrase,1,SKILL_END,1,33,-108,3080,Ġuntil, until
confirmation,exp12_test_edit_10,test_edit,paraphrase,1,SKILL_END,2,34,-107,1283,Ġafter, after
confirmation,exp12_test_edit_10,test_edit,paraphrase,1,SKILL_END,3,35,-106,429,Ġthat, that
confirmation,exp12_test_edit_10,test_edit,paraphrase,1,SKILL_END,4,36,-105,25683,Ġinspection, inspection
confirmation,exp12_test_edit_10,test_edit,paraphrase,1,SKILL_END,5,37,-104,382,.ĊĊ,".

"
confirmation,exp12_test_edit_10,test_edit,paraphrase,1,SYSTEM_END,0,44,-97,29130,Ġdeciding, deciding
confirmation,exp12_test_edit_10,test_edit,paraphrase,1,SYSTEM_END,1,45,-96,279,Ġthe, the
confirmation,exp12_test_edit_10,test_edit,paraphrase,1,SYSTEM_END,2,46,-95,1156,Ġfirst, first
confirmation,exp12_test_edit_10,test_edit,paraphrase,1,SYSTEM_END,3,47,-94,1917,Ġaction, action
confirmation,exp12_test_edit_10,test_edit,paraphrase,1,SYSTEM_END,4,48,-93,13,.,.
confirmation,exp12_test_edit_10,test_edit,paraphrase,1,SYSTEM_END,5,49,-92,151645,<|im_end|>,<|im_end|>
confirmation,exp12_test_edit_10,test_edit,paraphrase,1,ISSUE_END,0,81,-60,17112,Ġtargeted, targeted
confirmation,exp12_test_edit_10,test_edit,paraphrase,1,ISSUE_END,1,82,-59,1273,Ġtest, test
confirmation,exp12_test_edit_10,test_edit,paraphrase,1,ISSUE_END,2,83,-58,525,Ġare, are
confirmation,exp12_test_edit_10,test_edit,paraphrase,1,ISSUE_END,3,84,-57,2176,Ġboth, both
confirmation,exp12_test_edit_10,test_edit,paraphrase,1,ISSUE_END,4,85,-56,2500,Ġavailable, available
confirmation,exp12_test_edit_10,test_edit,paraphrase,1,ISSUE_END,5,86,-55,382,.ĊĊ,".

"
confirmation,exp12_test_edit_10,test_edit,paraphrase,1,DETAIL_END,0,94,-47,1459,Ġpoint, point
confirmation,exp12_test_edit_10,test_edit,paraphrase,1,DETAIL_END,1,95,-46,374,Ġis, is
confirmation,exp12_test_edit_10,test_edit,paraphrase,1,DETAIL_END,2,96,-45,1565,Ġ`, `
confirmation,exp12_test_edit_10,test_edit,paraphrase,1,DETAIL_END,3,97,-44,17325,resolve,resolve
confirmation,exp12_test_edit_10,test_edit,paraphrase,1,DETAIL_END,4,98,-43,35947,_alias,_alias
confirmation,exp12_test_edit_10,test_edit,paraphrase,1,DETAIL_END,5,99,-42,62338,`.ĊĊ,"`.

"
confirmation,exp12_test_edit_10,test_edit,paraphrase,1,ACTION0_END,0,114,-27,91578,_resolver,_resolver
confirmation,exp12_test_edit_10,test_edit,paraphrase,1,ACTION0_END,1,115,-26,17932,_edge,_edge
confirmation,exp12_test_edit_10,test_edit,paraphrase,1,ACTION0_END,2,116,-25,62,_,_
confirmation,exp12_test_edit_10,test_edit,paraphrase,1,ACTION0_END,3,117,-24,16,1,1
confirmation,exp12_test_edit_10,test_edit,paraphrase,1,ACTION0_END,4,118,-23,15,0,0
confirmation,exp12_test_edit_10,test_edit,paraphrase,1,ACTION0_END,5,119,-22,1138,""")Ċ",""")
"
confirmation,exp12_test_edit_10,test_edit,paraphrase,1,ACTION1_END,0,123,-18,445,"(""","("""
confirmation,exp12_test_edit_10,test_edit,paraphrase,1,ACTION1_END,1,124,-17,3548,src,src
confirmation,exp12_test_edit_10,test_edit,paraphrase,1,ACTION1_END,2,125,-16,32426,/res,/res
confirmation,exp12_test_edit_10,test_edit,paraphrase,1,ACTION1_END,3,126,-15,7921,olver,olver
confirmation,exp12_test_edit_10,test_edit,paraphrase,1,ACTION1_END,4,127,-14,7197,.py,.py
confirmation,exp12_test_edit_10,test_edit,paraphrase,1,ACTION1_END,5,128,-13,5130,""")ĊĊ",""")

"
confirmation,exp12_test_edit_10,test_edit,paraphrase,1,FINAL_INSTRUCTION_END,0,130,-11,279,Ġthe, the
confirmation,exp12_test_edit_10,test_edit,paraphrase,1,FINAL_INSTRUCTION_END,1,131,-10,3175,Ġsingle, single
confirmation,exp12_test_edit_10,test_edit,paraphrase,1,FINAL_INSTRUCTION_END,2,132,-9,1790,Ġnext, next
confirmation,exp12_test_edit_10,test_edit,paraphrase,1,FINAL_INSTRUCTION_END,3,133,-8,1917,Ġaction, action
confirmation,exp12_test_edit_10,test_edit,paraphrase,1,FINAL_INSTRUCTION_END,4,134,-7,1431,Ġnow, now
confirmation,exp12_test_edit_10,test_edit,paraphrase,1,FINAL_INSTRUCTION_END,5,135,-6,13,.,.
confirmation,exp12_test_edit_10,test_edit,paraphrase,1,USER_END,0,131,-10,3175,Ġsingle, single
confirmation,exp12_test_edit_10,test_edit,paraphrase,1,USER_END,1,132,-9,1790,Ġnext, next
confirmation,exp12_test_edit_10,test_edit,paraphrase,1,USER_END,2,133,-8,1917,Ġaction, action
confirmation,exp12_test_edit_10,test_edit,paraphrase,1,USER_END,3,134,-7,1431,Ġnow, now
confirmation,exp12_test_edit_10,test_edit,paraphrase,1,USER_END,4,135,-6,13,.,.
confirmation,exp12_test_edit_10,test_edit,paraphrase,1,USER_END,5,136,-5,151645,<|im_end|>,<|im_end|>
confirmation,exp12_test_edit_10,test_edit,paraphrase,1,GENERATION_BOUNDARY,0,135,-6,13,.,.
confirmation,exp12_test_edit_10,test_edit,paraphrase,1,GENERATION_BOUNDARY,1,136,-5,151645,<|im_end|>,<|im_end|>
confirmation,exp12_test_edit_10,test_edit,paraphrase,1,GENERATION_BOUNDARY,2,137,-4,198,Ċ,"
"
confirmation,exp12_test_edit_10,test_edit,paraphrase,1,GENERATION_BOUNDARY,3,138,-3,151644,<|im_start|>,<|im_start|>
confirmation,exp12_test_edit_10,test_edit,paraphrase,1,GENERATION_BOUNDARY,4,139,-2,77091,assistant,assistant
confirmation,exp12_test_edit_10,test_edit,paraphrase,1,GENERATION_BOUNDARY,5,140,-1,198,Ċ,"
"
confirmation,exp12_test_edit_11,test_edit,canonical,0,SKILL_END,0,35,-112,1172,Ġonly, only
confirmation,exp12_test_edit_11,test_edit,canonical,0,SKILL_END,1,36,-111,1283,Ġafter, after
confirmation,exp12_test_edit_11,test_edit,canonical,0,SKILL_END,2,37,-110,279,Ġthe, the
confirmation,exp12_test_edit_11,test_edit,canonical,0,SKILL_END,3,38,-109,1273,Ġtest, test
confirmation,exp12_test_edit_11,test_edit,canonical,0,SKILL_END,4,39,-108,1102,Ġresult, result
confirmation,exp12_test_edit_11,test_edit,canonical,0,SKILL_END,5,40,-107,382,.ĊĊ,".

"
confirmation,exp12_test_edit_11,test_edit,canonical,0,SYSTEM_END,0,47,-100,29130,Ġdeciding, deciding
confirmation,exp12_test_edit_11,test_edit,canonical,0,SYSTEM_END,1,48,-99,279,Ġthe, the
confirmation,exp12_test_edit_11,test_edit,canonical,0,SYSTEM_END,2,49,-98,1156,Ġfirst, first
confirmation,exp12_test_edit_11,test_edit,canonical,0,SYSTEM_END,3,50,-97,1917,Ġaction, action
confirmation,exp12_test_edit_11,test_edit,canonical,0,SYSTEM_END,4,51,-96,13,.,.
confirmation,exp12_test_edit_11,test_edit,canonical,0,SYSTEM_END,5,52,-95,151645,<|im_end|>,<|im_end|>
confirmation,exp12_test_edit_11,test_edit,canonical,0,ISSUE_END,0,84,-63,17112,Ġtargeted, targeted
confirmation,exp12_test_edit_11,test_edit,canonical,0,ISSUE_END,1,85,-62,1273,Ġtest, test
confirmation,exp12_test_edit_11,test_edit,canonical,0,ISSUE_END,2,86,-61,525,Ġare, are
confirmation,exp12_test_edit_11,test_edit,canonical,0,ISSUE_END,3,87,-60,2176,Ġboth, both
confirmation,exp12_test_edit_11,test_edit,canonical,0,ISSUE_END,4,88,-59,2500,Ġavailable, available
confirmation,exp12_test_edit_11,test_edit,canonical,0,ISSUE_END,5,89,-58,382,.ĊĊ,".

"
confirmation,exp12_test_edit_11,test_edit,canonical,0,DETAIL_END,0,98,-49,374,Ġis, is
confirmation,exp12_test_edit_11,test_edit,canonical,0,DETAIL_END,1,99,-48,1565,Ġ`, `
confirmation,exp12_test_edit_11,test_edit,canonical,0,DETAIL_END,2,100,-47,5839,token,token
confirmation,exp12_test_edit_11,test_edit,canonical,0,DETAIL_END,3,101,-46,551,ize,ize
confirmation,exp12_test_edit_11,test_edit,canonical,0,DETAIL_END,4,102,-45,5898,_input,_input
confirmation,exp12_test_edit_11,test_edit,canonical,0,DETAIL_END,5,103,-44,62338,`.ĊĊ,"`.

"
confirmation,exp12_test_edit_11,test_edit,canonical,0,ACTION0_END,0,120,-27,3135,izer,izer
confirmation,exp12_test_edit_11,test_edit,canonical,0,ACTION0_END,1,121,-26,17932,_edge,_edge
confirmation,exp12_test_edit_11,test_edit,canonical,0,ACTION0_END,2,122,-25,62,_,_
confirmation,exp12_test_edit_11,test_edit,canonical,0,ACTION0_END,3,123,-24,16,1,1
confirmation,exp12_test_edit_11,test_edit,canonical,0,ACTION0_END,4,124,-23,16,1,1
confirmation,exp12_test_edit_11,test_edit,canonical,0,ACTION0_END,5,125,-22,1138,""")Ċ",""")
"
confirmation,exp12_test_edit_11,test_edit,canonical,0,ACTION1_END,0,129,-18,445,"(""","("""
confirmation,exp12_test_edit_11,test_edit,canonical,0,ACTION1_END,1,130,-17,3548,src,src
confirmation,exp12_test_edit_11,test_edit,canonical,0,ACTION1_END,2,131,-16,54386,/token,/token
confirmation,exp12_test_edit_11,test_edit,canonical,0,ACTION1_END,3,132,-15,3135,izer,izer
confirmation,exp12_test_edit_11,test_edit,canonical,0,ACTION1_END,4,133,-14,7197,.py,.py
confirmation,exp12_test_edit_11,test_edit,canonical,0,ACTION1_END,5,134,-13,5130,""")ĊĊ",""")

"
confirmation,exp12_test_edit_11,test_edit,canonical,0,FINAL_INSTRUCTION_END,0,136,-11,279,Ġthe, the
confirmation,exp12_test_edit_11,test_edit,canonical,0,FINAL_INSTRUCTION_END,1,137,-10,3175,Ġsingle, single
confirmation,exp12_test_edit_11,test_edit,canonical,0,FINAL_INSTRUCTION_END,2,138,-9,1790,Ġnext, next
confirmation,exp12_test_edit_11,test_edit,canonical,0,FINAL_INSTRUCTION_END,3,139,-8,1917,Ġaction, action
confirmation,exp12_test_edit_11,test_edit,canonical,0,FINAL_INSTRUCTION_END,4,140,-7,1431,Ġnow, now
confirmation,exp12_test_edit_11,test_edit,canonical,0,FINAL_INSTRUCTION_END,5,141,-6,13,.,.
confirmation,exp12_test_edit_11,test_edit,canonical,0,USER_END,0,137,-10,3175,Ġsingle, single
confirmation,exp12_test_edit_11,test_edit,canonical,0,USER_END,1,138,-9,1790,Ġnext, next
confirmation,exp12_test_edit_11,test_edit,canonical,0,USER_END,2,139,-8,1917,Ġaction, action
confirmation,exp12_test_edit_11,test_edit,canonical,0,USER_END,3,140,-7,1431,Ġnow, now
confirmation,exp12_test_edit_11,test_edit,canonical,0,USER_END,4,141,-6,13,.,.
confirmation,exp12_test_edit_11,test_edit,canonical,0,USER_END,5,142,-5,151645,<|im_end|>,<|im_end|>
confirmation,exp12_test_edit_11,test_edit,canonical,0,GENERATION_BOUNDARY,0,141,-6,13,.,.
confirmation,exp12_test_edit_11,test_edit,canonical,0,GENERATION_BOUNDARY,1,142,-5,151645,<|im_end|>,<|im_end|>
confirmation,exp12_test_edit_11,test_edit,canonical,0,GENERATION_BOUNDARY,2,143,-4,198,Ċ,"
"
confirmation,exp12_test_edit_11,test_edit,canonical,0,GENERATION_BOUNDARY,3,144,-3,151644,<|im_start|>,<|im_start|>
confirmation,exp12_test_edit_11,test_edit,canonical,0,GENERATION_BOUNDARY,4,145,-2,77091,assistant,assistant
confirmation,exp12_test_edit_11,test_edit,canonical,0,GENERATION_BOUNDARY,5,146,-1,198,Ċ,"
"
confirmation,exp12_test_edit_11,test_edit,paraphrase,0,SKILL_END,0,31,-112,11,",",","
confirmation,exp12_test_edit_11,test_edit,paraphrase,0,SKILL_END,1,32,-111,1221,Ġthen, then
confirmation,exp12_test_edit_11,test_edit,paraphrase,0,SKILL_END,2,33,-110,1401,Ġlook, look
confirmation,exp12_test_edit_11,test_edit,paraphrase,0,SKILL_END,3,34,-109,518,Ġat, at
confirmation,exp12_test_edit_11,test_edit,paraphrase,0,SKILL_END,4,35,-108,8129,Ġimplementation, implementation
confirmation,exp12_test_edit_11,test_edit,paraphrase,0,SKILL_END,5,36,-107,382,.ĊĊ,".

"
confirmation,exp12_test_edit_11,test_edit,paraphrase,0,SYSTEM_END,0,43,-100,29130,Ġdeciding, deciding
confirmation,exp12_test_edit_11,test_edit,paraphrase,0,SYSTEM_END,1,44,-99,279,Ġthe, the
confirmation,exp12_test_edit_11,test_edit,paraphrase,0,SYSTEM_END,2,45,-98,1156,Ġfirst, first
confirmation,exp12_test_edit_11,test_edit,paraphrase,0,SYSTEM_END,3,46,-97,1917,Ġaction, action
confirmation,exp12_test_edit_11,test_edit,paraphrase,0,SYSTEM_END,4,47,-96,13,.,.
confirmation,exp12_test_edit_11,test_edit,paraphrase,0,SYSTEM_END,5,48,-95,151645,<|im_end|>,<|im_end|>
confirmation,exp12_test_edit_11,test_edit,paraphrase,0,ISSUE_END,0,80,-63,17112,Ġtargeted, targeted
confirmation,exp12_test_edit_11,test_edit,paraphrase,0,ISSUE_END,1,81,-62,1273,Ġtest, test
confirmation,exp12_test_edit_11,test_edit,paraphrase,0,ISSUE_END,2,82,-61,525,Ġare, are
confirmation,exp12_test_edit_11,test_edit,paraphrase,0,ISSUE_END,3,83,-60,2176,Ġboth, both
confirmation,exp12_test_edit_11,test_edit,paraphrase,0,ISSUE_END,4,84,-59,2500,Ġavailable, available
confirmation,exp12_test_edit_11,test_edit,paraphrase,0,ISSUE_END,5,85,-58,382,.ĊĊ,".

"
confirmation,exp12_test_edit_11,test_edit,paraphrase,0,DETAIL_END,0,94,-49,374,Ġis, is
confirmation,exp12_test_edit_11,test_edit,paraphrase,0,DETAIL_END,1,95,-48,1565,Ġ`, `
confirmation,exp12_test_edit_11,test_edit,paraphrase,0,DETAIL_END,2,96,-47,5839,token,token
confirmation,exp12_test_edit_11,test_edit,paraphrase,0,DETAIL_END,3,97,-46,551,ize,ize
confirmation,exp12_test_edit_11,test_edit,paraphrase,0,DETAIL_END,4,98,-45,5898,_input,_input
confirmation,exp12_test_edit_11,test_edit,paraphrase,0,DETAIL_END,5,99,-44,62338,`.ĊĊ,"`.

"
confirmation,exp12_test_edit_11,test_edit,paraphrase,0,ACTION0_END,0,116,-27,3135,izer,izer
confirmation,exp12_test_edit_11,test_edit,paraphrase,0,ACTION0_END,1,117,-26,17932,_edge,_edge
confirmation,exp12_test_edit_11,test_edit,paraphrase,0,ACTION0_END,2,118,-25,62,_,_
confirmation,exp12_test_edit_11,test_edit,paraphrase,0,ACTION0_END,3,119,-24,16,1,1
confirmation,exp12_test_edit_11,test_edit,paraphrase,0,ACTION0_END,4,120,-23,16,1,1
confirmation,exp12_test_edit_11,test_edit,paraphrase,0,ACTION0_END,5,121,-22,1138,""")Ċ",""")
"
confirmation,exp12_test_edit_11,test_edit,paraphrase,0,ACTION1_END,0,125,-18,445,"(""","("""
confirmation,exp12_test_edit_11,test_edit,paraphrase,0,ACTION1_END,1,126,-17,3548,src,src
confirmation,exp12_test_edit_11,test_edit,paraphrase,0,ACTION1_END,2,127,-16,54386,/token,/token
confirmation,exp12_test_edit_11,test_edit,paraphrase,0,ACTION1_END,3,128,-15,3135,izer,izer
confirmation,exp12_test_edit_11,test_edit,paraphrase,0,ACTION1_END,4,129,-14,7197,.py,.py
confirmation,exp12_test_edit_11,test_edit,paraphrase,0,ACTION1_END,5,130,-13,5130,""")ĊĊ",""")

"
confirmation,exp12_test_edit_11,test_edit,paraphrase,0,FINAL_INSTRUCTION_END,0,132,-11,279,Ġthe, the
confirmation,exp12_test_edit_11,test_edit,paraphrase,0,FINAL_INSTRUCTION_END,1,133,-10,3175,Ġsingle, single
confirmation,exp12_test_edit_11,test_edit,paraphrase,0,FINAL_INSTRUCTION_END,2,134,-9,1790,Ġnext, next
confirmation,exp12_test_edit_11,test_edit,paraphrase,0,FINAL_INSTRUCTION_END,3,135,-8,1917,Ġaction, action
confirmation,exp12_test_edit_11,test_edit,paraphrase,0,FINAL_INSTRUCTION_END,4,136,-7,1431,Ġnow, now
confirmation,exp12_test_edit_11,test_edit,paraphrase,0,FINAL_INSTRUCTION_END,5,137,-6,13,.,.
confirmation,exp12_test_edit_11,test_edit,paraphrase,0,USER_END,0,133,-10,3175,Ġsingle, single
confirmation,exp12_test_edit_11,test_edit,paraphrase,0,USER_END,1,134,-9,1790,Ġnext, next
confirmation,exp12_test_edit_11,test_edit,paraphrase,0,USER_END,2,135,-8,1917,Ġaction, action
confirmation,exp12_test_edit_11,test_edit,paraphrase,0,USER_END,3,136,-7,1431,Ġnow, now
confirmation,exp12_test_edit_11,test_edit,paraphrase,0,USER_END,4,137,-6,13,.,.
confirmation,exp12_test_edit_11,test_edit,paraphrase,0,USER_END,5,138,-5,151645,<|im_end|>,<|im_end|>
confirmation,exp12_test_edit_11,test_edit,paraphrase,0,GENERATION_BOUNDARY,0,137,-6,13,.,.
confirmation,exp12_test_edit_11,test_edit,paraphrase,0,GENERATION_BOUNDARY,1,138,-5,151645,<|im_end|>,<|im_end|>
confirmation,exp12_test_edit_11,test_edit,paraphrase,0,GENERATION_BOUNDARY,2,139,-4,198,Ċ,"
"
confirmation,exp12_test_edit_11,test_edit,paraphrase,0,GENERATION_BOUNDARY,3,140,-3,151644,<|im_start|>,<|im_start|>
confirmation,exp12_test_edit_11,test_edit,paraphrase,0,GENERATION_BOUNDARY,4,141,-2,77091,assistant,assistant
confirmation,exp12_test_edit_11,test_edit,paraphrase,0,GENERATION_BOUNDARY,5,142,-1,198,Ċ,"
"
confirmation,exp12_test_edit_11,test_edit,canonical,1,SKILL_END,0,31,-112,279,Ġthe, the
confirmation,exp12_test_edit_11,test_edit,canonical,1,SKILL_END,1,32,-111,17112,Ġtargeted, targeted
confirmation,exp12_test_edit_11,test_edit,canonical,1,SKILL_END,2,33,-110,1273,Ġtest, test
confirmation,exp12_test_edit_11,test_edit,canonical,1,SKILL_END,3,34,-109,1172,Ġonly, only
confirmation,exp12_test_edit_11,test_edit,canonical,1,SKILL_END,4,35,-108,47943,Ġafterward, afterward
confirmation,exp12_test_edit_11,test_edit,canonical,1,SKILL_END,5,36,-107,382,.ĊĊ,".

"
confirmation,exp12_test_edit_11,test_edit,canonical,1,SYSTEM_END,0,43,-100,29130,Ġdeciding, deciding
confirmation,exp12_test_edit_11,test_edit,canonical,1,SYSTEM_END,1,44,-99,279,Ġthe, the
confirmation,exp12_test_edit_11,test_edit,canonical,1,SYSTEM_END,2,45,-98,1156,Ġfirst, first
confirmation,exp12_test_edit_11,test_edit,canonical,1,SYSTEM_END,3,46,-97,1917,Ġaction, action
confirmation,exp12_test_edit_11,test_edit,canonical,1,SYSTEM_END,4,47,-96,13,.,.
confirmation,exp12_test_edit_11,test_edit,canonical,1,SYSTEM_END,5,48,-95,151645,<|im_end|>,<|im_end|>
confirmation,exp12_test_edit_11,test_edit,canonical,1,ISSUE_END,0,80,-63,17112,Ġtargeted, targeted
confirmation,exp12_test_edit_11,test_edit,canonical,1,ISSUE_END,1,81,-62,1273,Ġtest, test
confirmation,exp12_test_edit_11,test_edit,canonical,1,ISSUE_END,2,82,-61,525,Ġare, are
confirmation,exp12_test_edit_11,test_edit,canonical,1,ISSUE_END,3,83,-60,2176,Ġboth, both
confirmation,exp12_test_edit_11,test_edit,canonical,1,ISSUE_END,4,84,-59,2500,Ġavailable, available
confirmation,exp12_test_edit_11,test_edit,canonical,1,ISSUE_END,5,85,-58,382,.ĊĊ,".

"
confirmation,exp12_test_edit_11,test_edit,canonical,1,DETAIL_END,0,94,-49,374,Ġis, is
confirmation,exp12_test_edit_11,test_edit,canonical,1,DETAIL_END,1,95,-48,1565,Ġ`, `
confirmation,exp12_test_edit_11,test_edit,canonical,1,DETAIL_END,2,96,-47,5839,token,token
confirmation,exp12_test_edit_11,test_edit,canonical,1,DETAIL_END,3,97,-46,551,ize,ize
confirmation,exp12_test_edit_11,test_edit,canonical,1,DETAIL_END,4,98,-45,5898,_input,_input
confirmation,exp12_test_edit_11,test_edit,canonical,1,DETAIL_END,5,99,-44,62338,`.ĊĊ,"`.

"
confirmation,exp12_test_edit_11,test_edit,canonical,1,ACTION0_END,0,116,-27,3135,izer,izer
confirmation,exp12_test_edit_11,test_edit,canonical,1,ACTION0_END,1,117,-26,17932,_edge,_edge
confirmation,exp12_test_edit_11,test_edit,canonical,1,ACTION0_END,2,118,-25,62,_,_
confirmation,exp12_test_edit_11,test_edit,canonical,1,ACTION0_END,3,119,-24,16,1,1
confirmation,exp12_test_edit_11,test_edit,canonical,1,ACTION0_END,4,120,-23,16,1,1
confirmation,exp12_test_edit_11,test_edit,canonical,1,ACTION0_END,5,121,-22,1138,""")Ċ",""")
"
confirmation,exp12_test_edit_11,test_edit,canonical,1,ACTION1_END,0,125,-18,445,"(""","("""
confirmation,exp12_test_edit_11,test_edit,canonical,1,ACTION1_END,1,126,-17,3548,src,src
confirmation,exp12_test_edit_11,test_edit,canonical,1,ACTION1_END,2,127,-16,54386,/token,/token
confirmation,exp12_test_edit_11,test_edit,canonical,1,ACTION1_END,3,128,-15,3135,izer,izer
confirmation,exp12_test_edit_11,test_edit,canonical,1,ACTION1_END,4,129,-14,7197,.py,.py
confirmation,exp12_test_edit_11,test_edit,canonical,1,ACTION1_END,5,130,-13,5130,""")ĊĊ",""")

"
confirmation,exp12_test_edit_11,test_edit,canonical,1,FINAL_INSTRUCTION_END,0,132,-11,279,Ġthe, the
confirmation,exp12_test_edit_11,test_edit,canonical,1,FINAL_INSTRUCTION_END,1,133,-10,3175,Ġsingle, single
confirmation,exp12_test_edit_11,test_edit,canonical,1,FINAL_INSTRUCTION_END,2,134,-9,1790,Ġnext, next
confirmation,exp12_test_edit_11,test_edit,canonical,1,FINAL_INSTRUCTION_END,3,135,-8,1917,Ġaction, action
confirmation,exp12_test_edit_11,test_edit,canonical,1,FINAL_INSTRUCTION_END,4,136,-7,1431,Ġnow, now
confirmation,exp12_test_edit_11,test_edit,canonical,1,FINAL_INSTRUCTION_END,5,137,-6,13,.,.
confirmation,exp12_test_edit_11,test_edit,canonical,1,USER_END,0,133,-10,3175,Ġsingle, single
confirmation,exp12_test_edit_11,test_edit,canonical,1,USER_END,1,134,-9,1790,Ġnext, next
confirmation,exp12_test_edit_11,test_edit,canonical,1,USER_END,2,135,-8,1917,Ġaction, action
confirmation,exp12_test_edit_11,test_edit,canonical,1,USER_END,3,136,-7,1431,Ġnow, now
confirmation,exp12_test_edit_11,test_edit,canonical,1,USER_END,4,137,-6,13,.,.
confirmation,exp12_test_edit_11,test_edit,canonical,1,USER_END,5,138,-5,151645,<|im_end|>,<|im_end|>
confirmation,exp12_test_edit_11,test_edit,canonical,1,GENERATION_BOUNDARY,0,137,-6,13,.,.
confirmation,exp12_test_edit_11,test_edit,canonical,1,GENERATION_BOUNDARY,1,138,-5,151645,<|im_end|>,<|im_end|>
confirmation,exp12_test_edit_11,test_edit,canonical,1,GENERATION_BOUNDARY,2,139,-4,198,Ċ,"
"
confirmation,exp12_test_edit_11,test_edit,canonical,1,GENERATION_BOUNDARY,3,140,-3,151644,<|im_start|>,<|im_start|>
confirmation,exp12_test_edit_11,test_edit,canonical,1,GENERATION_BOUNDARY,4,141,-2,77091,assistant,assistant
confirmation,exp12_test_edit_11,test_edit,canonical,1,GENERATION_BOUNDARY,5,142,-1,198,Ċ,"
"
confirmation,exp12_test_edit_11,test_edit,paraphrase,1,SKILL_END,0,32,-112,1273,Ġtest, test
confirmation,exp12_test_edit_11,test_edit,paraphrase,1,SKILL_END,1,33,-111,3080,Ġuntil, until
confirmation,exp12_test_edit_11,test_edit,paraphrase,1,SKILL_END,2,34,-110,1283,Ġafter, after
confirmation,exp12_test_edit_11,test_edit,paraphrase,1,SKILL_END,3,35,-109,429,Ġthat, that
confirmation,exp12_test_edit_11,test_edit,paraphrase,1,SKILL_END,4,36,-108,25683,Ġinspection, inspection
confirmation,exp12_test_edit_11,test_edit,paraphrase,1,SKILL_END,5,37,-107,382,.ĊĊ,".

"
confirmation,exp12_test_edit_11,test_edit,paraphrase,1,SYSTEM_END,0,44,-100,29130,Ġdeciding, deciding
confirmation,exp12_test_edit_11,test_edit,paraphrase,1,SYSTEM_END,1,45,-99,279,Ġthe, the
confirmation,exp12_test_edit_11,test_edit,paraphrase,1,SYSTEM_END,2,46,-98,1156,Ġfirst, first
confirmation,exp12_test_edit_11,test_edit,paraphrase,1,SYSTEM_END,3,47,-97,1917,Ġaction, action
confirmation,exp12_test_edit_11,test_edit,paraphrase,1,SYSTEM_END,4,48,-96,13,.,.
confirmation,exp12_test_edit_11,test_edit,paraphrase,1,SYSTEM_END,5,49,-95,151645,<|im_end|>,<|im_end|>
confirmation,exp12_test_edit_11,test_edit,paraphrase,1,ISSUE_END,0,81,-63,17112,Ġtargeted, targeted
confirmation,exp12_test_edit_11,test_edit,paraphrase,1,ISSUE_END,1,82,-62,1273,Ġtest, test
confirmation,exp12_test_edit_11,test_edit,paraphrase,1,ISSUE_END,2,83,-61,525,Ġare, are
confirmation,exp12_test_edit_11,test_edit,paraphrase,1,ISSUE_END,3,84,-60,2176,Ġboth, both
confirmation,exp12_test_edit_11,test_edit,paraphrase,1,ISSUE_END,4,85,-59,2500,Ġavailable, available
confirmation,exp12_test_edit_11,test_edit,paraphrase,1,ISSUE_END,5,86,-58,382,.ĊĊ,".

"
confirmation,exp12_test_edit_11,test_edit,paraphrase,1,DETAIL_END,0,95,-49,374,Ġis, is
confirmation,exp12_test_edit_11,test_edit,paraphrase,1,DETAIL_END,1,96,-48,1565,Ġ`, `
confirmation,exp12_test_edit_11,test_edit,paraphrase,1,DETAIL_END,2,97,-47,5839,token,token
confirmation,exp12_test_edit_11,test_edit,paraphrase,1,DETAIL_END,3,98,-46,551,ize,ize
confirmation,exp12_test_edit_11,test_edit,paraphrase,1,DETAIL_END,4,99,-45,5898,_input,_input
confirmation,exp12_test_edit_11,test_edit,paraphrase,1,DETAIL_END,5,100,-44,62338,`.ĊĊ,"`.

"
confirmation,exp12_test_edit_11,test_edit,paraphrase,1,ACTION0_END,0,117,-27,3135,izer,izer
confirmation,exp12_test_edit_11,test_edit,paraphrase,1,ACTION0_END,1,118,-26,17932,_edge,_edge
confirmation,exp12_test_edit_11,test_edit,paraphrase,1,ACTION0_END,2,119,-25,62,_,_
confirmation,exp12_test_edit_11,test_edit,paraphrase,1,ACTION0_END,3,120,-24,16,1,1
confirmation,exp12_test_edit_11,test_edit,paraphrase,1,ACTION0_END,4,121,-23,16,1,1
confirmation,exp12_test_edit_11,test_edit,paraphrase,1,ACTION0_END,5,122,-22,1138,""")Ċ",""")
"
confirmation,exp12_test_edit_11,test_edit,paraphrase,1,ACTION1_END,0,126,-18,445,"(""","("""
confirmation,exp12_test_edit_11,test_edit,paraphrase,1,ACTION1_END,1,127,-17,3548,src,src
confirmation,exp12_test_edit_11,test_edit,paraphrase,1,ACTION1_END,2,128,-16,54386,/token,/token
confirmation,exp12_test_edit_11,test_edit,paraphrase,1,ACTION1_END,3,129,-15,3135,izer,izer
confirmation,exp12_test_edit_11,test_edit,paraphrase,1,ACTION1_END,4,130,-14,7197,.py,.py
confirmation,exp12_test_edit_11,test_edit,paraphrase,1,ACTION1_END,5,131,-13,5130,""")ĊĊ",""")

"
confirmation,exp12_test_edit_11,test_edit,paraphrase,1,FINAL_INSTRUCTION_END,0,133,-11,279,Ġthe, the
confirmation,exp12_test_edit_11,test_edit,paraphrase,1,FINAL_INSTRUCTION_END,1,134,-10,3175,Ġsingle, single
confirmation,exp12_test_edit_11,test_edit,paraphrase,1,FINAL_INSTRUCTION_END,2,135,-9,1790,Ġnext, next
confirmation,exp12_test_edit_11,test_edit,paraphrase,1,FINAL_INSTRUCTION_END,3,136,-8,1917,Ġaction, action
confirmation,exp12_test_edit_11,test_edit,paraphrase,1,FINAL_INSTRUCTION_END,4,137,-7,1431,Ġnow, now
confirmation,exp12_test_edit_11,test_edit,paraphrase,1,FINAL_INSTRUCTION_END,5,138,-6,13,.,.
confirmation,exp12_test_edit_11,test_edit,paraphrase,1,USER_END,0,134,-10,3175,Ġsingle, single
confirmation,exp12_test_edit_11,test_edit,paraphrase,1,USER_END,1,135,-9,1790,Ġnext, next
confirmation,exp12_test_edit_11,test_edit,paraphrase,1,USER_END,2,136,-8,1917,Ġaction, action
confirmation,exp12_test_edit_11,test_edit,paraphrase,1,USER_END,3,137,-7,1431,Ġnow, now
confirmation,exp12_test_edit_11,test_edit,paraphrase,1,USER_END,4,138,-6,13,.,.
confirmation,exp12_test_edit_11,test_edit,paraphrase,1,USER_END,5,139,-5,151645,<|im_end|>,<|im_end|>
confirmation,exp12_test_edit_11,test_edit,paraphrase,1,GENERATION_BOUNDARY,0,138,-6,13,.,.
confirmation,exp12_test_edit_11,test_edit,paraphrase,1,GENERATION_BOUNDARY,1,139,-5,151645,<|im_end|>,<|im_end|>
confirmation,exp12_test_edit_11,test_edit,paraphrase,1,GENERATION_BOUNDARY,2,140,-4,198,Ċ,"
"
confirmation,exp12_test_edit_11,test_edit,paraphrase,1,GENERATION_BOUNDARY,3,141,-3,151644,<|im_start|>,<|im_start|>
confirmation,exp12_test_edit_11,test_edit,paraphrase,1,GENERATION_BOUNDARY,4,142,-2,77091,assistant,assistant
confirmation,exp12_test_edit_11,test_edit,paraphrase,1,GENERATION_BOUNDARY,5,143,-1,198,Ċ,"
"
confirmation,exp12_test_edit_12,test_edit,canonical,0,SKILL_END,0,35,-113,1172,Ġonly, only
confirmation,exp12_test_edit_12,test_edit,canonical,0,SKILL_END,1,36,-112,1283,Ġafter, after
confirmation,exp12_test_edit_12,test_edit,canonical,0,SKILL_END,2,37,-111,279,Ġthe, the
confirmation,exp12_test_edit_12,test_edit,canonical,0,SKILL_END,3,38,-110,1273,Ġtest, test
confirmation,exp12_test_edit_12,test_edit,canonical,0,SKILL_END,4,39,-109,1102,Ġresult, result
confirmation,exp12_test_edit_12,test_edit,canonical,0,SKILL_END,5,40,-108,382,.ĊĊ,".

"
confirmation,exp12_test_edit_12,test_edit,canonical,0,SYSTEM_END,0,47,-101,29130,Ġdeciding, deciding
confirmation,exp12_test_edit_12,test_edit,canonical,0,SYSTEM_END,1,48,-100,279,Ġthe, the
confirmation,exp12_test_edit_12,test_edit,canonical,0,SYSTEM_END,2,49,-99,1156,Ġfirst, first
confirmation,exp12_test_edit_12,test_edit,canonical,0,SYSTEM_END,3,50,-98,1917,Ġaction, action
confirmation,exp12_test_edit_12,test_edit,canonical,0,SYSTEM_END,4,51,-97,13,.,.
confirmation,exp12_test_edit_12,test_edit,canonical,0,SYSTEM_END,5,52,-96,151645,<|im_end|>,<|im_end|>
confirmation,exp12_test_edit_12,test_edit,canonical,0,ISSUE_END,0,86,-62,17112,Ġtargeted, targeted
confirmation,exp12_test_edit_12,test_edit,canonical,0,ISSUE_END,1,87,-61,1273,Ġtest, test
confirmation,exp12_test_edit_12,test_edit,canonical,0,ISSUE_END,2,88,-60,525,Ġare, are
confirmation,exp12_test_edit_12,test_edit,canonical,0,ISSUE_END,3,89,-59,2176,Ġboth, both
confirmation,exp12_test_edit_12,test_edit,canonical,0,ISSUE_END,4,90,-58,2500,Ġavailable, available
confirmation,exp12_test_edit_12,test_edit,canonical,0,ISSUE_END,5,91,-57,382,.ĊĊ,".

"
confirmation,exp12_test_edit_12,test_edit,canonical,0,DETAIL_END,0,99,-49,1459,Ġpoint, point
confirmation,exp12_test_edit_12,test_edit,canonical,0,DETAIL_END,1,100,-48,374,Ġis, is
confirmation,exp12_test_edit_12,test_edit,canonical,0,DETAIL_END,2,101,-47,1565,Ġ`, `
confirmation,exp12_test_edit_12,test_edit,canonical,0,DETAIL_END,3,102,-46,5834,build,build
confirmation,exp12_test_edit_12,test_edit,canonical,0,DETAIL_END,4,103,-45,26564,_plan,_plan
confirmation,exp12_test_edit_12,test_edit,canonical,0,DETAIL_END,5,104,-44,62338,`.ĊĊ,"`.

"
confirmation,exp12_test_edit_12,test_edit,canonical,0,ACTION0_END,0,121,-27,4887,anner,anner
confirmation,exp12_test_edit_12,test_edit,canonical,0,ACTION0_END,1,122,-26,17932,_edge,_edge
confirmation,exp12_test_edit_12,test_edit,canonical,0,ACTION0_END,2,123,-25,62,_,_
confirmation,exp12_test_edit_12,test_edit,canonical,0,ACTION0_END,3,124,-24,16,1,1
confirmation,exp12_test_edit_12,test_edit,canonical,0,ACTION0_END,4,125,-23,17,2,2
confirmation,exp12_test_edit_12,test_edit,canonical,0,ACTION0_END,5,126,-22,1138,""")Ċ",""")
"
confirmation,exp12_test_edit_12,test_edit,canonical,0,ACTION1_END,0,130,-18,445,"(""","("""
confirmation,exp12_test_edit_12,test_edit,canonical,0,ACTION1_END,1,131,-17,3548,src,src
confirmation,exp12_test_edit_12,test_edit,canonical,0,ACTION1_END,2,132,-16,11255,/pl,/pl
confirmation,exp12_test_edit_12,test_edit,canonical,0,ACTION1_END,3,133,-15,4887,anner,anner
confirmation,exp12_test_edit_12,test_edit,canonical,0,ACTION1_END,4,134,-14,7197,.py,.py
confirmation,exp12_test_edit_12,test_edit,canonical,0,ACTION1_END,5,135,-13,5130,""")ĊĊ",""")

"
confirmation,exp12_test_edit_12,test_edit,canonical,0,FINAL_INSTRUCTION_END,0,137,-11,279,Ġthe, the
confirmation,exp12_test_edit_12,test_edit,canonical,0,FINAL_INSTRUCTION_END,1,138,-10,3175,Ġsingle, single
confirmation,exp12_test_edit_12,test_edit,canonical,0,FINAL_INSTRUCTION_END,2,139,-9,1790,Ġnext, next
confirmation,exp12_test_edit_12,test_edit,canonical,0,FINAL_INSTRUCTION_END,3,140,-8,1917,Ġaction, action
confirmation,exp12_test_edit_12,test_edit,canonical,0,FINAL_INSTRUCTION_END,4,141,-7,1431,Ġnow, now
confirmation,exp12_test_edit_12,test_edit,canonical,0,FINAL_INSTRUCTION_END,5,142,-6,13,.,.
confirmation,exp12_test_edit_12,test_edit,canonical,0,USER_END,0,138,-10,3175,Ġsingle, single
confirmation,exp12_test_edit_12,test_edit,canonical,0,USER_END,1,139,-9,1790,Ġnext, next
confirmation,exp12_test_edit_12,test_edit,canonical,0,USER_END,2,140,-8,1917,Ġaction, action
confirmation,exp12_test_edit_12,test_edit,canonical,0,USER_END,3,141,-7,1431,Ġnow, now
confirmation,exp12_test_edit_12,test_edit,canonical,0,USER_END,4,142,-6,13,.,.
confirmation,exp12_test_edit_12,test_edit,canonical,0,USER_END,5,143,-5,151645,<|im_end|>,<|im_end|>
confirmation,exp12_test_edit_12,test_edit,canonical,0,GENERATION_BOUNDARY,0,142,-6,13,.,.
confirmation,exp12_test_edit_12,test_edit,canonical,0,GENERATION_BOUNDARY,1,143,-5,151645,<|im_end|>,<|im_end|>
confirmation,exp12_test_edit_12,test_edit,canonical,0,GENERATION_BOUNDARY,2,144,-4,198,Ċ,"
"
confirmation,exp12_test_edit_12,test_edit,canonical,0,GENERATION_BOUNDARY,3,145,-3,151644,<|im_start|>,<|im_start|>
confirmation,exp12_test_edit_12,test_edit,canonical,0,GENERATION_BOUNDARY,4,146,-2,77091,assistant,assistant
confirmation,exp12_test_edit_12,test_edit,canonical,0,GENERATION_BOUNDARY,5,147,-1,198,Ċ,"
"
confirmation,exp12_test_edit_12,test_edit,paraphrase,0,SKILL_END,0,31,-113,11,",",","
confirmation,exp12_test_edit_12,test_edit,paraphrase,0,SKILL_END,1,32,-112,1221,Ġthen, then
confirmation,exp12_test_edit_12,test_edit,paraphrase,0,SKILL_END,2,33,-111,1401,Ġlook, look
confirmation,exp12_test_edit_12,test_edit,paraphrase,0,SKILL_END,3,34,-110,518,Ġat, at
confirmation,exp12_test_edit_12,test_edit,paraphrase,0,SKILL_END,4,35,-109,8129,Ġimplementation, implementation
confirmation,exp12_test_edit_12,test_edit,paraphrase,0,SKILL_END,5,36,-108,382,.ĊĊ,".

"
confirmation,exp12_test_edit_12,test_edit,paraphrase,0,SYSTEM_END,0,43,-101,29130,Ġdeciding, deciding
confirmation,exp12_test_edit_12,test_edit,paraphrase,0,SYSTEM_END,1,44,-100,279,Ġthe, the
confirmation,exp12_test_edit_12,test_edit,paraphrase,0,SYSTEM_END,2,45,-99,1156,Ġfirst, first
confirmation,exp12_test_edit_12,test_edit,paraphrase,0,SYSTEM_END,3,46,-98,1917,Ġaction, action
confirmation,exp12_test_edit_12,test_edit,paraphrase,0,SYSTEM_END,4,47,-97,13,.,.
confirmation,exp12_test_edit_12,test_edit,paraphrase,0,SYSTEM_END,5,48,-96,151645,<|im_end|>,<|im_end|>
confirmation,exp12_test_edit_12,test_edit,paraphrase,0,ISSUE_END,0,82,-62,17112,Ġtargeted, targeted
confirmation,exp12_test_edit_12,test_edit,paraphrase,0,ISSUE_END,1,83,-61,1273,Ġtest, test
confirmation,exp12_test_edit_12,test_edit,paraphrase,0,ISSUE_END,2,84,-60,525,Ġare, are
confirmation,exp12_test_edit_12,test_edit,paraphrase,0,ISSUE_END,3,85,-59,2176,Ġboth, both
confirmation,exp12_test_edit_12,test_edit,paraphrase,0,ISSUE_END,4,86,-58,2500,Ġavailable, available
confirmation,exp12_test_edit_12,test_edit,paraphrase,0,ISSUE_END,5,87,-57,382,.ĊĊ,".

"
confirmation,exp12_test_edit_12,test_edit,paraphrase,0,DETAIL_END,0,95,-49,1459,Ġpoint, point
confirmation,exp12_test_edit_12,test_edit,paraphrase,0,DETAIL_END,1,96,-48,374,Ġis, is
confirmation,exp12_test_edit_12,test_edit,paraphrase,0,DETAIL_END,2,97,-47,1565,Ġ`, `
confirmation,exp12_test_edit_12,test_edit,paraphrase,0,DETAIL_END,3,98,-46,5834,build,build
confirmation,exp12_test_edit_12,test_edit,paraphrase,0,DETAIL_END,4,99,-45,26564,_plan,_plan
confirmation,exp12_test_edit_12,test_edit,paraphrase,0,DETAIL_END,5,100,-44,62338,`.ĊĊ,"`.

"
confirmation,exp12_test_edit_12,test_edit,paraphrase,0,ACTION0_END,0,117,-27,4887,anner,anner
confirmation,exp12_test_edit_12,test_edit,paraphrase,0,ACTION0_END,1,118,-26,17932,_edge,_edge
confirmation,exp12_test_edit_12,test_edit,paraphrase,0,ACTION0_END,2,119,-25,62,_,_
confirmation,exp12_test_edit_12,test_edit,paraphrase,0,ACTION0_END,3,120,-24,16,1,1
confirmation,exp12_test_edit_12,test_edit,paraphrase,0,ACTION0_END,4,121,-23,17,2,2
confirmation,exp12_test_edit_12,test_edit,paraphrase,0,ACTION0_END,5,122,-22,1138,""")Ċ",""")
"
confirmation,exp12_test_edit_12,test_edit,paraphrase,0,ACTION1_END,0,126,-18,445,"(""","("""
confirmation,exp12_test_edit_12,test_edit,paraphrase,0,ACTION1_END,1,127,-17,3548,src,src
confirmation,exp12_test_edit_12,test_edit,paraphrase,0,ACTION1_END,2,128,-16,11255,/pl,/pl
confirmation,exp12_test_edit_12,test_edit,paraphrase,0,ACTION1_END,3,129,-15,4887,anner,anner
confirmation,exp12_test_edit_12,test_edit,paraphrase,0,ACTION1_END,4,130,-14,7197,.py,.py
confirmation,exp12_test_edit_12,test_edit,paraphrase,0,ACTION1_END,5,131,-13,5130,""")ĊĊ",""")

"
confirmation,exp12_test_edit_12,test_edit,paraphrase,0,FINAL_INSTRUCTION_END,0,133,-11,279,Ġthe, the
confirmation,exp12_test_edit_12,test_edit,paraphrase,0,FINAL_INSTRUCTION_END,1,134,-10,3175,Ġsingle, single
confirmation,exp12_test_edit_12,test_edit,paraphrase,0,FINAL_INSTRUCTION_END,2,135,-9,1790,Ġnext, next
confirmation,exp12_test_edit_12,test_edit,paraphrase,0,FINAL_INSTRUCTION_END,3,136,-8,1917,Ġaction, action
confirmation,exp12_test_edit_12,test_edit,paraphrase,0,FINAL_INSTRUCTION_END,4,137,-7,1431,Ġnow, now
confirmation,exp12_test_edit_12,test_edit,paraphrase,0,FINAL_INSTRUCTION_END,5,138,-6,13,.,.
confirmation,exp12_test_edit_12,test_edit,paraphrase,0,USER_END,0,134,-10,3175,Ġsingle, single
confirmation,exp12_test_edit_12,test_edit,paraphrase,0,USER_END,1,135,-9,1790,Ġnext, next
confirmation,exp12_test_edit_12,test_edit,paraphrase,0,USER_END,2,136,-8,1917,Ġaction, action
confirmation,exp12_test_edit_12,test_edit,paraphrase,0,USER_END,3,137,-7,1431,Ġnow, now
confirmation,exp12_test_edit_12,test_edit,paraphrase,0,USER_END,4,138,-6,13,.,.
confirmation,exp12_test_edit_12,test_edit,paraphrase,0,USER_END,5,139,-5,151645,<|im_end|>,<|im_end|>
confirmation,exp12_test_edit_12,test_edit,paraphrase,0,GENERATION_BOUNDARY,0,138,-6,13,.,.
confirmation,exp12_test_edit_12,test_edit,paraphrase,0,GENERATION_BOUNDARY,1,139,-5,151645,<|im_end|>,<|im_end|>
confirmation,exp12_test_edit_12,test_edit,paraphrase,0,GENERATION_BOUNDARY,2,140,-4,198,Ċ,"
"
confirmation,exp12_test_edit_12,test_edit,paraphrase,0,GENERATION_BOUNDARY,3,141,-3,151644,<|im_start|>,<|im_start|>
confirmation,exp12_test_edit_12,test_edit,paraphrase,0,GENERATION_BOUNDARY,4,142,-2,77091,assistant,assistant
confirmation,exp12_test_edit_12,test_edit,paraphrase,0,GENERATION_BOUNDARY,5,143,-1,198,Ċ,"
"
confirmation,exp12_test_edit_12,test_edit,canonical,1,SKILL_END,0,31,-113,279,Ġthe, the
confirmation,exp12_test_edit_12,test_edit,canonical,1,SKILL_END,1,32,-112,17112,Ġtargeted, targeted
confirmation,exp12_test_edit_12,test_edit,canonical,1,SKILL_END,2,33,-111,1273,Ġtest, test
confirmation,exp12_test_edit_12,test_edit,canonical,1,SKILL_END,3,34,-110,1172,Ġonly, only
confirmation,exp12_test_edit_12,test_edit,canonical,1,SKILL_END,4,35,-109,47943,Ġafterward, afterward
confirmation,exp12_test_edit_12,test_edit,canonical,1,SKILL_END,5,36,-108,382,.ĊĊ,".

"
confirmation,exp12_test_edit_12,test_edit,canonical,1,SYSTEM_END,0,43,-101,29130,Ġdeciding, deciding
confirmation,exp12_test_edit_12,test_edit,canonical,1,SYSTEM_END,1,44,-100,279,Ġthe, the
confirmation,exp12_test_edit_12,test_edit,canonical,1,SYSTEM_END,2,45,-99,1156,Ġfirst, first
confirmation,exp12_test_edit_12,test_edit,canonical,1,SYSTEM_END,3,46,-98,1917,Ġaction, action
confirmation,exp12_test_edit_12,test_edit,canonical,1,SYSTEM_END,4,47,-97,13,.,.
confirmation,exp12_test_edit_12,test_edit,canonical,1,SYSTEM_END,5,48,-96,151645,<|im_end|>,<|im_end|>
confirmation,exp12_test_edit_12,test_edit,canonical,1,ISSUE_END,0,82,-62,17112,Ġtargeted, targeted
confirmation,exp12_test_edit_12,test_edit,canonical,1,ISSUE_END,1,83,-61,1273,Ġtest, test
confirmation,exp12_test_edit_12,test_edit,canonical,1,ISSUE_END,2,84,-60,525,Ġare, are
confirmation,exp12_test_edit_12,test_edit,canonical,1,ISSUE_END,3,85,-59,2176,Ġboth, both
confirmation,exp12_test_edit_12,test_edit,canonical,1,ISSUE_END,4,86,-58,2500,Ġavailable, available
confirmation,exp12_test_edit_12,test_edit,canonical,1,ISSUE_END,5,87,-57,382,.ĊĊ,".

"
confirmation,exp12_test_edit_12,test_edit,canonical,1,DETAIL_END,0,95,-49,1459,Ġpoint, point
confirmation,exp12_test_edit_12,test_edit,canonical,1,DETAIL_END,1,96,-48,374,Ġis, is
confirmation,exp12_test_edit_12,test_edit,canonical,1,DETAIL_END,2,97,-47,1565,Ġ`, `
confirmation,exp12_test_edit_12,test_edit,canonical,1,DETAIL_END,3,98,-46,5834,build,build
confirmation,exp12_test_edit_12,test_edit,canonical,1,DETAIL_END,4,99,-45,26564,_plan,_plan
confirmation,exp12_test_edit_12,test_edit,canonical,1,DETAIL_END,5,100,-44,62338,`.ĊĊ,"`.

"
confirmation,exp12_test_edit_12,test_edit,canonical,1,ACTION0_END,0,117,-27,4887,anner,anner
confirmation,exp12_test_edit_12,test_edit,canonical,1,ACTION0_END,1,118,-26,17932,_edge,_edge
confirmation,exp12_test_edit_12,test_edit,canonical,1,ACTION0_END,2,119,-25,62,_,_
confirmation,exp12_test_edit_12,test_edit,canonical,1,ACTION0_END,3,120,-24,16,1,1
confirmation,exp12_test_edit_12,test_edit,canonical,1,ACTION0_END,4,121,-23,17,2,2
confirmation,exp12_test_edit_12,test_edit,canonical,1,ACTION0_END,5,122,-22,1138,""")Ċ",""")
"
confirmation,exp12_test_edit_12,test_edit,canonical,1,ACTION1_END,0,126,-18,445,"(""","("""
confirmation,exp12_test_edit_12,test_edit,canonical,1,ACTION1_END,1,127,-17,3548,src,src
confirmation,exp12_test_edit_12,test_edit,canonical,1,ACTION1_END,2,128,-16,11255,/pl,/pl
confirmation,exp12_test_edit_12,test_edit,canonical,1,ACTION1_END,3,129,-15,4887,anner,anner
confirmation,exp12_test_edit_12,test_edit,canonical,1,ACTION1_END,4,130,-14,7197,.py,.py
confirmation,exp12_test_edit_12,test_edit,canonical,1,ACTION1_END,5,131,-13,5130,""")ĊĊ",""")

"
confirmation,exp12_test_edit_12,test_edit,canonical,1,FINAL_INSTRUCTION_END,0,133,-11,279,Ġthe, the
confirmation,exp12_test_edit_12,test_edit,canonical,1,FINAL_INSTRUCTION_END,1,134,-10,3175,Ġsingle, single
confirmation,exp12_test_edit_12,test_edit,canonical,1,FINAL_INSTRUCTION_END,2,135,-9,1790,Ġnext, next
confirmation,exp12_test_edit_12,test_edit,canonical,1,FINAL_INSTRUCTION_END,3,136,-8,1917,Ġaction, action
confirmation,exp12_test_edit_12,test_edit,canonical,1,FINAL_INSTRUCTION_END,4,137,-7,1431,Ġnow, now
confirmation,exp12_test_edit_12,test_edit,canonical,1,FINAL_INSTRUCTION_END,5,138,-6,13,.,.
confirmation,exp12_test_edit_12,test_edit,canonical,1,USER_END,0,134,-10,3175,Ġsingle, single
confirmation,exp12_test_edit_12,test_edit,canonical,1,USER_END,1,135,-9,1790,Ġnext, next
confirmation,exp12_test_edit_12,test_edit,canonical,1,USER_END,2,136,-8,1917,Ġaction, action
confirmation,exp12_test_edit_12,test_edit,canonical,1,USER_END,3,137,-7,1431,Ġnow, now
confirmation,exp12_test_edit_12,test_edit,canonical,1,USER_END,4,138,-6,13,.,.
confirmation,exp12_test_edit_12,test_edit,canonical,1,USER_END,5,139,-5,151645,<|im_end|>,<|im_end|>
confirmation,exp12_test_edit_12,test_edit,canonical,1,GENERATION_BOUNDARY,0,138,-6,13,.,.
confirmation,exp12_test_edit_12,test_edit,canonical,1,GENERATION_BOUNDARY,1,139,-5,151645,<|im_end|>,<|im_end|>
confirmation,exp12_test_edit_12,test_edit,canonical,1,GENERATION_BOUNDARY,2,140,-4,198,Ċ,"
"
confirmation,exp12_test_edit_12,test_edit,canonical,1,GENERATION_BOUNDARY,3,141,-3,151644,<|im_start|>,<|im_start|>
confirmation,exp12_test_edit_12,test_edit,canonical,1,GENERATION_BOUNDARY,4,142,-2,77091,assistant,assistant
confirmation,exp12_test_edit_12,test_edit,canonical,1,GENERATION_BOUNDARY,5,143,-1,198,Ċ,"
"
confirmation,exp12_test_edit_12,test_edit,paraphrase,1,SKILL_END,0,32,-113,1273,Ġtest, test
confirmation,exp12_test_edit_12,test_edit,paraphrase,1,SKILL_END,1,33,-112,3080,Ġuntil, until
confirmation,exp12_test_edit_12,test_edit,paraphrase,1,SKILL_END,2,34,-111,1283,Ġafter, after
confirmation,exp12_test_edit_12,test_edit,paraphrase,1,SKILL_END,3,35,-110,429,Ġthat, that
confirmation,exp12_test_edit_12,test_edit,paraphrase,1,SKILL_END,4,36,-109,25683,Ġinspection, inspection
confirmation,exp12_test_edit_12,test_edit,paraphrase,1,SKILL_END,5,37,-108,382,.ĊĊ,".

"
confirmation,exp12_test_edit_12,test_edit,paraphrase,1,SYSTEM_END,0,44,-101,29130,Ġdeciding, deciding
confirmation,exp12_test_edit_12,test_edit,paraphrase,1,SYSTEM_END,1,45,-100,279,Ġthe, the
confirmation,exp12_test_edit_12,test_edit,paraphrase,1,SYSTEM_END,2,46,-99,1156,Ġfirst, first
confirmation,exp12_test_edit_12,test_edit,paraphrase,1,SYSTEM_END,3,47,-98,1917,Ġaction, action
confirmation,exp12_test_edit_12,test_edit,paraphrase,1,SYSTEM_END,4,48,-97,13,.,.
confirmation,exp12_test_edit_12,test_edit,paraphrase,1,SYSTEM_END,5,49,-96,151645,<|im_end|>,<|im_end|>
confirmation,exp12_test_edit_12,test_edit,paraphrase,1,ISSUE_END,0,83,-62,17112,Ġtargeted, targeted
confirmation,exp12_test_edit_12,test_edit,paraphrase,1,ISSUE_END,1,84,-61,1273,Ġtest, test
confirmation,exp12_test_edit_12,test_edit,paraphrase,1,ISSUE_END,2,85,-60,525,Ġare, are
confirmation,exp12_test_edit_12,test_edit,paraphrase,1,ISSUE_END,3,86,-59,2176,Ġboth, both
confirmation,exp12_test_edit_12,test_edit,paraphrase,1,ISSUE_END,4,87,-58,2500,Ġavailable, available
confirmation,exp12_test_edit_12,test_edit,paraphrase,1,ISSUE_END,5,88,-57,382,.ĊĊ,".

"
confirmation,exp12_test_edit_12,test_edit,paraphrase,1,DETAIL_END,0,96,-49,1459,Ġpoint, point
confirmation,exp12_test_edit_12,test_edit,paraphrase,1,DETAIL_END,1,97,-48,374,Ġis, is
confirmation,exp12_test_edit_12,test_edit,paraphrase,1,DETAIL_END,2,98,-47,1565,Ġ`, `
confirmation,exp12_test_edit_12,test_edit,paraphrase,1,DETAIL_END,3,99,-46,5834,build,build
confirmation,exp12_test_edit_12,test_edit,paraphrase,1,DETAIL_END,4,100,-45,26564,_plan,_plan
confirmation,exp12_test_edit_12,test_edit,paraphrase,1,DETAIL_END,5,101,-44,62338,`.ĊĊ,"`.

"
confirmation,exp12_test_edit_12,test_edit,paraphrase,1,ACTION0_END,0,118,-27,4887,anner,anner
confirmation,exp12_test_edit_12,test_edit,paraphrase,1,ACTION0_END,1,119,-26,17932,_edge,_edge
confirmation,exp12_test_edit_12,test_edit,paraphrase,1,ACTION0_END,2,120,-25,62,_,_
confirmation,exp12_test_edit_12,test_edit,paraphrase,1,ACTION0_END,3,121,-24,16,1,1
confirmation,exp12_test_edit_12,test_edit,paraphrase,1,ACTION0_END,4,122,-23,17,2,2
confirmation,exp12_test_edit_12,test_edit,paraphrase,1,ACTION0_END,5,123,-22,1138,""")Ċ",""")
"
confirmation,exp12_test_edit_12,test_edit,paraphrase,1,ACTION1_END,0,127,-18,445,"(""","("""
confirmation,exp12_test_edit_12,test_edit,paraphrase,1,ACTION1_END,1,128,-17,3548,src,src
confirmation,exp12_test_edit_12,test_edit,paraphrase,1,ACTION1_END,2,129,-16,11255,/pl,/pl
confirmation,exp12_test_edit_12,test_edit,paraphrase,1,ACTION1_END,3,130,-15,4887,anner,anner
confirmation,exp12_test_edit_12,test_edit,paraphrase,1,ACTION1_END,4,131,-14,7197,.py,.py
confirmation,exp12_test_edit_12,test_edit,paraphrase,1,ACTION1_END,5,132,-13,5130,""")ĊĊ",""")

"
confirmation,exp12_test_edit_12,test_edit,paraphrase,1,FINAL_INSTRUCTION_END,0,134,-11,279,Ġthe, the
confirmation,exp12_test_edit_12,test_edit,paraphrase,1,FINAL_INSTRUCTION_END,1,135,-10,3175,Ġsingle, single
confirmation,exp12_test_edit_12,test_edit,paraphrase,1,FINAL_INSTRUCTION_END,2,136,-9,1790,Ġnext, next
confirmation,exp12_test_edit_12,test_edit,paraphrase,1,FINAL_INSTRUCTION_END,3,137,-8,1917,Ġaction, action
confirmation,exp12_test_edit_12,test_edit,paraphrase,1,FINAL_INSTRUCTION_END,4,138,-7,1431,Ġnow, now
confirmation,exp12_test_edit_12,test_edit,paraphrase,1,FINAL_INSTRUCTION_END,5,139,-6,13,.,.
confirmation,exp12_test_edit_12,test_edit,paraphrase,1,USER_END,0,135,-10,3175,Ġsingle, single
confirmation,exp12_test_edit_12,test_edit,paraphrase,1,USER_END,1,136,-9,1790,Ġnext, next
confirmation,exp12_test_edit_12,test_edit,paraphrase,1,USER_END,2,137,-8,1917,Ġaction, action
confirmation,exp12_test_edit_12,test_edit,paraphrase,1,USER_END,3,138,-7,1431,Ġnow, now
confirmation,exp12_test_edit_12,test_edit,paraphrase,1,USER_END,4,139,-6,13,.,.
confirmation,exp12_test_edit_12,test_edit,paraphrase,1,USER_END,5,140,-5,151645,<|im_end|>,<|im_end|>
confirmation,exp12_test_edit_12,test_edit,paraphrase,1,GENERATION_BOUNDARY,0,139,-6,13,.,.
confirmation,exp12_test_edit_12,test_edit,paraphrase,1,GENERATION_BOUNDARY,1,140,-5,151645,<|im_end|>,<|im_end|>
confirmation,exp12_test_edit_12,test_edit,paraphrase,1,GENERATION_BOUNDARY,2,141,-4,198,Ċ,"
"
confirmation,exp12_test_edit_12,test_edit,paraphrase,1,GENERATION_BOUNDARY,3,142,-3,151644,<|im_start|>,<|im_start|>
confirmation,exp12_test_edit_12,test_edit,paraphrase,1,GENERATION_BOUNDARY,4,143,-2,77091,assistant,assistant
confirmation,exp12_test_edit_12,test_edit,paraphrase,1,GENERATION_BOUNDARY,5,144,-1,198,Ċ,"
"
confirmation,exp12_test_edit_13,test_edit,canonical,0,SKILL_END,0,35,-109,1172,Ġonly, only
confirmation,exp12_test_edit_13,test_edit,canonical,0,SKILL_END,1,36,-108,1283,Ġafter, after
confirmation,exp12_test_edit_13,test_edit,canonical,0,SKILL_END,2,37,-107,279,Ġthe, the
confirmation,exp12_test_edit_13,test_edit,canonical,0,SKILL_END,3,38,-106,1273,Ġtest, test
confirmation,exp12_test_edit_13,test_edit,canonical,0,SKILL_END,4,39,-105,1102,Ġresult, result
confirmation,exp12_test_edit_13,test_edit,canonical,0,SKILL_END,5,40,-104,382,.ĊĊ,".

"
confirmation,exp12_test_edit_13,test_edit,canonical,0,SYSTEM_END,0,47,-97,29130,Ġdeciding, deciding
confirmation,exp12_test_edit_13,test_edit,canonical,0,SYSTEM_END,1,48,-96,279,Ġthe, the
confirmation,exp12_test_edit_13,test_edit,canonical,0,SYSTEM_END,2,49,-95,1156,Ġfirst, first
confirmation,exp12_test_edit_13,test_edit,canonical,0,SYSTEM_END,3,50,-94,1917,Ġaction, action
confirmation,exp12_test_edit_13,test_edit,canonical,0,SYSTEM_END,4,51,-93,13,.,.
confirmation,exp12_test_edit_13,test_edit,canonical,0,SYSTEM_END,5,52,-92,151645,<|im_end|>,<|im_end|>
confirmation,exp12_test_edit_13,test_edit,canonical,0,ISSUE_END,0,84,-60,17112,Ġtargeted, targeted
confirmation,exp12_test_edit_13,test_edit,canonical,0,ISSUE_END,1,85,-59,1273,Ġtest, test
confirmation,exp12_test_edit_13,test_edit,canonical,0,ISSUE_END,2,86,-58,525,Ġare, are
confirmation,exp12_test_edit_13,test_edit,canonical,0,ISSUE_END,3,87,-57,2176,Ġboth, both
confirmation,exp12_test_edit_13,test_edit,canonical,0,ISSUE_END,4,88,-56,2500,Ġavailable, available
confirmation,exp12_test_edit_13,test_edit,canonical,0,ISSUE_END,5,89,-55,382,.ĊĊ,".

"
confirmation,exp12_test_edit_13,test_edit,canonical,0,DETAIL_END,0,97,-47,1459,Ġpoint, point
confirmation,exp12_test_edit_13,test_edit,canonical,0,DETAIL_END,1,98,-46,374,Ġis, is
confirmation,exp12_test_edit_13,test_edit,canonical,0,DETAIL_END,2,99,-45,1565,Ġ`, `
confirmation,exp12_test_edit_13,test_edit,canonical,0,DETAIL_END,3,100,-44,2028,check,check
confirmation,exp12_test_edit_13,test_edit,canonical,0,DETAIL_END,4,101,-43,45727,_health,_health
confirmation,exp12_test_edit_13,test_edit,canonical,0,DETAIL_END,5,102,-42,62338,`.ĊĊ,"`.

"
confirmation,exp12_test_edit_13,test_edit,canonical,0,ACTION0_END,0,117,-27,40112,_monitor,_monitor
confirmation,exp12_test_edit_13,test_edit,canonical,0,ACTION0_END,1,118,-26,17932,_edge,_edge
confirmation,exp12_test_edit_13,test_edit,canonical,0,ACTION0_END,2,119,-25,62,_,_
confirmation,exp12_test_edit_13,test_edit,canonical,0,ACTION0_END,3,120,-24,16,1,1
confirmation,exp12_test_edit_13,test_edit,canonical,0,ACTION0_END,4,121,-23,18,3,3
confirmation,exp12_test_edit_13,test_edit,canonical,0,ACTION0_END,5,122,-22,1138,""")Ċ",""")
"
confirmation,exp12_test_edit_13,test_edit,canonical,0,ACTION1_END,0,126,-18,445,"(""","("""
confirmation,exp12_test_edit_13,test_edit,canonical,0,ACTION1_END,1,127,-17,3548,src,src
confirmation,exp12_test_edit_13,test_edit,canonical,0,ACTION1_END,2,128,-16,14,/,/
confirmation,exp12_test_edit_13,test_edit,canonical,0,ACTION1_END,3,129,-15,32225,monitor,monitor
confirmation,exp12_test_edit_13,test_edit,canonical,0,ACTION1_END,4,130,-14,7197,.py,.py
confirmation,exp12_test_edit_13,test_edit,canonical,0,ACTION1_END,5,131,-13,5130,""")ĊĊ",""")

"
confirmation,exp12_test_edit_13,test_edit,canonical,0,FINAL_INSTRUCTION_END,0,133,-11,279,Ġthe, the
confirmation,exp12_test_edit_13,test_edit,canonical,0,FINAL_INSTRUCTION_END,1,134,-10,3175,Ġsingle, single
confirmation,exp12_test_edit_13,test_edit,canonical,0,FINAL_INSTRUCTION_END,2,135,-9,1790,Ġnext, next
confirmation,exp12_test_edit_13,test_edit,canonical,0,FINAL_INSTRUCTION_END,3,136,-8,1917,Ġaction, action
confirmation,exp12_test_edit_13,test_edit,canonical,0,FINAL_INSTRUCTION_END,4,137,-7,1431,Ġnow, now
confirmation,exp12_test_edit_13,test_edit,canonical,0,FINAL_INSTRUCTION_END,5,138,-6,13,.,.
confirmation,exp12_test_edit_13,test_edit,canonical,0,USER_END,0,134,-10,3175,Ġsingle, single
confirmation,exp12_test_edit_13,test_edit,canonical,0,USER_END,1,135,-9,1790,Ġnext, next
confirmation,exp12_test_edit_13,test_edit,canonical,0,USER_END,2,136,-8,1917,Ġaction, action
confirmation,exp12_test_edit_13,test_edit,canonical,0,USER_END,3,137,-7,1431,Ġnow, now
confirmation,exp12_test_edit_13,test_edit,canonical,0,USER_END,4,138,-6,13,.,.
confirmation,exp12_test_edit_13,test_edit,canonical,0,USER_END,5,139,-5,151645,<|im_end|>,<|im_end|>
confirmation,exp12_test_edit_13,test_edit,canonical,0,GENERATION_BOUNDARY,0,138,-6,13,.,.
confirmation,exp12_test_edit_13,test_edit,canonical,0,GENERATION_BOUNDARY,1,139,-5,151645,<|im_end|>,<|im_end|>
confirmation,exp12_test_edit_13,test_edit,canonical,0,GENERATION_BOUNDARY,2,140,-4,198,Ċ,"
"
confirmation,exp12_test_edit_13,test_edit,canonical,0,GENERATION_BOUNDARY,3,141,-3,151644,<|im_start|>,<|im_start|>
confirmation,exp12_test_edit_13,test_edit,canonical,0,GENERATION_BOUNDARY,4,142,-2,77091,assistant,assistant
confirmation,exp12_test_edit_13,test_edit,canonical,0,GENERATION_BOUNDARY,5,143,-1,198,Ċ,"
"
confirmation,exp12_test_edit_13,test_edit,paraphrase,0,SKILL_END,0,31,-109,11,",",","
confirmation,exp12_test_edit_13,test_edit,paraphrase,0,SKILL_END,1,32,-108,1221,Ġthen, then
confirmation,exp12_test_edit_13,test_edit,paraphrase,0,SKILL_END,2,33,-107,1401,Ġlook, look
confirmation,exp12_test_edit_13,test_edit,paraphrase,0,SKILL_END,3,34,-106,518,Ġat, at
confirmation,exp12_test_edit_13,test_edit,paraphrase,0,SKILL_END,4,35,-105,8129,Ġimplementation, implementation
confirmation,exp12_test_edit_13,test_edit,paraphrase,0,SKILL_END,5,36,-104,382,.ĊĊ,".

"
confirmation,exp12_test_edit_13,test_edit,paraphrase,0,SYSTEM_END,0,43,-97,29130,Ġdeciding, deciding
confirmation,exp12_test_edit_13,test_edit,paraphrase,0,SYSTEM_END,1,44,-96,279,Ġthe, the
confirmation,exp12_test_edit_13,test_edit,paraphrase,0,SYSTEM_END,2,45,-95,1156,Ġfirst, first
confirmation,exp12_test_edit_13,test_edit,paraphrase,0,SYSTEM_END,3,46,-94,1917,Ġaction, action
confirmation,exp12_test_edit_13,test_edit,paraphrase,0,SYSTEM_END,4,47,-93,13,.,.
confirmation,exp12_test_edit_13,test_edit,paraphrase,0,SYSTEM_END,5,48,-92,151645,<|im_end|>,<|im_end|>
confirmation,exp12_test_edit_13,test_edit,paraphrase,0,ISSUE_END,0,80,-60,17112,Ġtargeted, targeted
confirmation,exp12_test_edit_13,test_edit,paraphrase,0,ISSUE_END,1,81,-59,1273,Ġtest, test
confirmation,exp12_test_edit_13,test_edit,paraphrase,0,ISSUE_END,2,82,-58,525,Ġare, are
confirmation,exp12_test_edit_13,test_edit,paraphrase,0,ISSUE_END,3,83,-57,2176,Ġboth, both
confirmation,exp12_test_edit_13,test_edit,paraphrase,0,ISSUE_END,4,84,-56,2500,Ġavailable, available
confirmation,exp12_test_edit_13,test_edit,paraphrase,0,ISSUE_END,5,85,-55,382,.ĊĊ,".

"
confirmation,exp12_test_edit_13,test_edit,paraphrase,0,DETAIL_END,0,93,-47,1459,Ġpoint, point
confirmation,exp12_test_edit_13,test_edit,paraphrase,0,DETAIL_END,1,94,-46,374,Ġis, is
confirmation,exp12_test_edit_13,test_edit,paraphrase,0,DETAIL_END,2,95,-45,1565,Ġ`, `
confirmation,exp12_test_edit_13,test_edit,paraphrase,0,DETAIL_END,3,96,-44,2028,check,check
confirmation,exp12_test_edit_13,test_edit,paraphrase,0,DETAIL_END,4,97,-43,45727,_health,_health
confirmation,exp12_test_edit_13,test_edit,paraphrase,0,DETAIL_END,5,98,-42,62338,`.ĊĊ,"`.

"
confirmation,exp12_test_edit_13,test_edit,paraphrase,0,ACTION0_END,0,113,-27,40112,_monitor,_monitor
confirmation,exp12_test_edit_13,test_edit,paraphrase,0,ACTION0_END,1,114,-26,17932,_edge,_edge
confirmation,exp12_test_edit_13,test_edit,paraphrase,0,ACTION0_END,2,115,-25,62,_,_
confirmation,exp12_test_edit_13,test_edit,paraphrase,0,ACTION0_END,3,116,-24,16,1,1
confirmation,exp12_test_edit_13,test_edit,paraphrase,0,ACTION0_END,4,117,-23,18,3,3
confirmation,exp12_test_edit_13,test_edit,paraphrase,0,ACTION0_END,5,118,-22,1138,""")Ċ",""")
"
confirmation,exp12_test_edit_13,test_edit,paraphrase,0,ACTION1_END,0,122,-18,445,"(""","("""
confirmation,exp12_test_edit_13,test_edit,paraphrase,0,ACTION1_END,1,123,-17,3548,src,src
confirmation,exp12_test_edit_13,test_edit,paraphrase,0,ACTION1_END,2,124,-16,14,/,/
confirmation,exp12_test_edit_13,test_edit,paraphrase,0,ACTION1_END,3,125,-15,32225,monitor,monitor
confirmation,exp12_test_edit_13,test_edit,paraphrase,0,ACTION1_END,4,126,-14,7197,.py,.py
confirmation,exp12_test_edit_13,test_edit,paraphrase,0,ACTION1_END,5,127,-13,5130,""")ĊĊ",""")

"
confirmation,exp12_test_edit_13,test_edit,paraphrase,0,FINAL_INSTRUCTION_END,0,129,-11,279,Ġthe, the
confirmation,exp12_test_edit_13,test_edit,paraphrase,0,FINAL_INSTRUCTION_END,1,130,-10,3175,Ġsingle, single
confirmation,exp12_test_edit_13,test_edit,paraphrase,0,FINAL_INSTRUCTION_END,2,131,-9,1790,Ġnext, next
confirmation,exp12_test_edit_13,test_edit,paraphrase,0,FINAL_INSTRUCTION_END,3,132,-8,1917,Ġaction, action
confirmation,exp12_test_edit_13,test_edit,paraphrase,0,FINAL_INSTRUCTION_END,4,133,-7,1431,Ġnow, now
confirmation,exp12_test_edit_13,test_edit,paraphrase,0,FINAL_INSTRUCTION_END,5,134,-6,13,.,.
confirmation,exp12_test_edit_13,test_edit,paraphrase,0,USER_END,0,130,-10,3175,Ġsingle, single
confirmation,exp12_test_edit_13,test_edit,paraphrase,0,USER_END,1,131,-9,1790,Ġnext, next
confirmation,exp12_test_edit_13,test_edit,paraphrase,0,USER_END,2,132,-8,1917,Ġaction, action
confirmation,exp12_test_edit_13,test_edit,paraphrase,0,USER_END,3,133,-7,1431,Ġnow, now
confirmation,exp12_test_edit_13,test_edit,paraphrase,0,USER_END,4,134,-6,13,.,.
confirmation,exp12_test_edit_13,test_edit,paraphrase,0,USER_END,5,135,-5,151645,<|im_end|>,<|im_end|>
confirmation,exp12_test_edit_13,test_edit,paraphrase,0,GENERATION_BOUNDARY,0,134,-6,13,.,.
confirmation,exp12_test_edit_13,test_edit,paraphrase,0,GENERATION_BOUNDARY,1,135,-5,151645,<|im_end|>,<|im_end|>
confirmation,exp12_test_edit_13,test_edit,paraphrase,0,GENERATION_BOUNDARY,2,136,-4,198,Ċ,"
"
confirmation,exp12_test_edit_13,test_edit,paraphrase,0,GENERATION_BOUNDARY,3,137,-3,151644,<|im_start|>,<|im_start|>
confirmation,exp12_test_edit_13,test_edit,paraphrase,0,GENERATION_BOUNDARY,4,138,-2,77091,assistant,assistant
confirmation,exp12_test_edit_13,test_edit,paraphrase,0,GENERATION_BOUNDARY,5,139,-1,198,Ċ,"
"
confirmation,exp12_test_edit_13,test_edit,canonical,1,SKILL_END,0,31,-109,279,Ġthe, the
confirmation,exp12_test_edit_13,test_edit,canonical,1,SKILL_END,1,32,-108,17112,Ġtargeted, targeted
confirmation,exp12_test_edit_13,test_edit,canonical,1,SKILL_END,2,33,-107,1273,Ġtest, test
confirmation,exp12_test_edit_13,test_edit,canonical,1,SKILL_END,3,34,-106,1172,Ġonly, only
confirmation,exp12_test_edit_13,test_edit,canonical,1,SKILL_END,4,35,-105,47943,Ġafterward, afterward
confirmation,exp12_test_edit_13,test_edit,canonical,1,SKILL_END,5,36,-104,382,.ĊĊ,".

"
confirmation,exp12_test_edit_13,test_edit,canonical,1,SYSTEM_END,0,43,-97,29130,Ġdeciding, deciding
confirmation,exp12_test_edit_13,test_edit,canonical,1,SYSTEM_END,1,44,-96,279,Ġthe, the
confirmation,exp12_test_edit_13,test_edit,canonical,1,SYSTEM_END,2,45,-95,1156,Ġfirst, first
confirmation,exp12_test_edit_13,test_edit,canonical,1,SYSTEM_END,3,46,-94,1917,Ġaction, action
confirmation,exp12_test_edit_13,test_edit,canonical,1,SYSTEM_END,4,47,-93,13,.,.
confirmation,exp12_test_edit_13,test_edit,canonical,1,SYSTEM_END,5,48,-92,151645,<|im_end|>,<|im_end|>
confirmation,exp12_test_edit_13,test_edit,canonical,1,ISSUE_END,0,80,-60,17112,Ġtargeted, targeted
confirmation,exp12_test_edit_13,test_edit,canonical,1,ISSUE_END,1,81,-59,1273,Ġtest, test
confirmation,exp12_test_edit_13,test_edit,canonical,1,ISSUE_END,2,82,-58,525,Ġare, are
confirmation,exp12_test_edit_13,test_edit,canonical,1,ISSUE_END,3,83,-57,2176,Ġboth, both
confirmation,exp12_test_edit_13,test_edit,canonical,1,ISSUE_END,4,84,-56,2500,Ġavailable, available
confirmation,exp12_test_edit_13,test_edit,canonical,1,ISSUE_END,5,85,-55,382,.ĊĊ,".

"
confirmation,exp12_test_edit_13,test_edit,canonical,1,DETAIL_END,0,93,-47,1459,Ġpoint, point
confirmation,exp12_test_edit_13,test_edit,canonical,1,DETAIL_END,1,94,-46,374,Ġis, is
confirmation,exp12_test_edit_13,test_edit,canonical,1,DETAIL_END,2,95,-45,1565,Ġ`, `
confirmation,exp12_test_edit_13,test_edit,canonical,1,DETAIL_END,3,96,-44,2028,check,check
confirmation,exp12_test_edit_13,test_edit,canonical,1,DETAIL_END,4,97,-43,45727,_health,_health
confirmation,exp12_test_edit_13,test_edit,canonical,1,DETAIL_END,5,98,-42,62338,`.ĊĊ,"`.

"
confirmation,exp12_test_edit_13,test_edit,canonical,1,ACTION0_END,0,113,-27,40112,_monitor,_monitor
confirmation,exp12_test_edit_13,test_edit,canonical,1,ACTION0_END,1,114,-26,17932,_edge,_edge
confirmation,exp12_test_edit_13,test_edit,canonical,1,ACTION0_END,2,115,-25,62,_,_
confirmation,exp12_test_edit_13,test_edit,canonical,1,ACTION0_END,3,116,-24,16,1,1
confirmation,exp12_test_edit_13,test_edit,canonical,1,ACTION0_END,4,117,-23,18,3,3
confirmation,exp12_test_edit_13,test_edit,canonical,1,ACTION0_END,5,118,-22,1138,""")Ċ",""")
"
confirmation,exp12_test_edit_13,test_edit,canonical,1,ACTION1_END,0,122,-18,445,"(""","("""
confirmation,exp12_test_edit_13,test_edit,canonical,1,ACTION1_END,1,123,-17,3548,src,src
confirmation,exp12_test_edit_13,test_edit,canonical,1,ACTION1_END,2,124,-16,14,/,/
confirmation,exp12_test_edit_13,test_edit,canonical,1,ACTION1_END,3,125,-15,32225,monitor,monitor
confirmation,exp12_test_edit_13,test_edit,canonical,1,ACTION1_END,4,126,-14,7197,.py,.py
confirmation,exp12_test_edit_13,test_edit,canonical,1,ACTION1_END,5,127,-13,5130,""")ĊĊ",""")

"
confirmation,exp12_test_edit_13,test_edit,canonical,1,FINAL_INSTRUCTION_END,0,129,-11,279,Ġthe, the
confirmation,exp12_test_edit_13,test_edit,canonical,1,FINAL_INSTRUCTION_END,1,130,-10,3175,Ġsingle, single
confirmation,exp12_test_edit_13,test_edit,canonical,1,FINAL_INSTRUCTION_END,2,131,-9,1790,Ġnext, next
confirmation,exp12_test_edit_13,test_edit,canonical,1,FINAL_INSTRUCTION_END,3,132,-8,1917,Ġaction, action
confirmation,exp12_test_edit_13,test_edit,canonical,1,FINAL_INSTRUCTION_END,4,133,-7,1431,Ġnow, now
confirmation,exp12_test_edit_13,test_edit,canonical,1,FINAL_INSTRUCTION_END,5,134,-6,13,.,.
confirmation,exp12_test_edit_13,test_edit,canonical,1,USER_END,0,130,-10,3175,Ġsingle, single
confirmation,exp12_test_edit_13,test_edit,canonical,1,USER_END,1,131,-9,1790,Ġnext, next
confirmation,exp12_test_edit_13,test_edit,canonical,1,USER_END,2,132,-8,1917,Ġaction, action
confirmation,exp12_test_edit_13,test_edit,canonical,1,USER_END,3,133,-7,1431,Ġnow, now
confirmation,exp12_test_edit_13,test_edit,canonical,1,USER_END,4,134,-6,13,.,.
confirmation,exp12_test_edit_13,test_edit,canonical,1,USER_END,5,135,-5,151645,<|im_end|>,<|im_end|>
confirmation,exp12_test_edit_13,test_edit,canonical,1,GENERATION_BOUNDARY,0,134,-6,13,.,.
confirmation,exp12_test_edit_13,test_edit,canonical,1,GENERATION_BOUNDARY,1,135,-5,151645,<|im_end|>,<|im_end|>
confirmation,exp12_test_edit_13,test_edit,canonical,1,GENERATION_BOUNDARY,2,136,-4,198,Ċ,"
"
confirmation,exp12_test_edit_13,test_edit,canonical,1,GENERATION_BOUNDARY,3,137,-3,151644,<|im_start|>,<|im_start|>
confirmation,exp12_test_edit_13,test_edit,canonical,1,GENERATION_BOUNDARY,4,138,-2,77091,assistant,assistant
confirmation,exp12_test_edit_13,test_edit,canonical,1,GENERATION_BOUNDARY,5,139,-1,198,Ċ,"
"
confirmation,exp12_test_edit_13,test_edit,paraphrase,1,SKILL_END,0,32,-109,1273,Ġtest, test
confirmation,exp12_test_edit_13,test_edit,paraphrase,1,SKILL_END,1,33,-108,3080,Ġuntil, until
confirmation,exp12_test_edit_13,test_edit,paraphrase,1,SKILL_END,2,34,-107,1283,Ġafter, after
confirmation,exp12_test_edit_13,test_edit,paraphrase,1,SKILL_END,3,35,-106,429,Ġthat, that
confirmation,exp12_test_edit_13,test_edit,paraphrase,1,SKILL_END,4,36,-105,25683,Ġinspection, inspection
confirmation,exp12_test_edit_13,test_edit,paraphrase,1,SKILL_END,5,37,-104,382,.ĊĊ,".

"
confirmation,exp12_test_edit_13,test_edit,paraphrase,1,SYSTEM_END,0,44,-97,29130,Ġdeciding, deciding
confirmation,exp12_test_edit_13,test_edit,paraphrase,1,SYSTEM_END,1,45,-96,279,Ġthe, the
confirmation,exp12_test_edit_13,test_edit,paraphrase,1,SYSTEM_END,2,46,-95,1156,Ġfirst, first
confirmation,exp12_test_edit_13,test_edit,paraphrase,1,SYSTEM_END,3,47,-94,1917,Ġaction, action
confirmation,exp12_test_edit_13,test_edit,paraphrase,1,SYSTEM_END,4,48,-93,13,.,.
confirmation,exp12_test_edit_13,test_edit,paraphrase,1,SYSTEM_END,5,49,-92,151645,<|im_end|>,<|im_end|>
confirmation,exp12_test_edit_13,test_edit,paraphrase,1,ISSUE_END,0,81,-60,17112,Ġtargeted, targeted
confirmation,exp12_test_edit_13,test_edit,paraphrase,1,ISSUE_END,1,82,-59,1273,Ġtest, test
confirmation,exp12_test_edit_13,test_edit,paraphrase,1,ISSUE_END,2,83,-58,525,Ġare, are
confirmation,exp12_test_edit_13,test_edit,paraphrase,1,ISSUE_END,3,84,-57,2176,Ġboth, both
confirmation,exp12_test_edit_13,test_edit,paraphrase,1,ISSUE_END,4,85,-56,2500,Ġavailable, available
confirmation,exp12_test_edit_13,test_edit,paraphrase,1,ISSUE_END,5,86,-55,382,.ĊĊ,".

"
confirmation,exp12_test_edit_13,test_edit,paraphrase,1,DETAIL_END,0,94,-47,1459,Ġpoint, point
confirmation,exp12_test_edit_13,test_edit,paraphrase,1,DETAIL_END,1,95,-46,374,Ġis, is
confirmation,exp12_test_edit_13,test_edit,paraphrase,1,DETAIL_END,2,96,-45,1565,Ġ`, `
confirmation,exp12_test_edit_13,test_edit,paraphrase,1,DETAIL_END,3,97,-44,2028,check,check
confirmation,exp12_test_edit_13,test_edit,paraphrase,1,DETAIL_END,4,98,-43,45727,_health,_health
confirmation,exp12_test_edit_13,test_edit,paraphrase,1,DETAIL_END,5,99,-42,62338,`.ĊĊ,"`.

"
confirmation,exp12_test_edit_13,test_edit,paraphrase,1,ACTION0_END,0,114,-27,40112,_monitor,_monitor
confirmation,exp12_test_edit_13,test_edit,paraphrase,1,ACTION0_END,1,115,-26,17932,_edge,_edge
confirmation,exp12_test_edit_13,test_edit,paraphrase,1,ACTION0_END,2,116,-25,62,_,_
confirmation,exp12_test_edit_13,test_edit,paraphrase,1,ACTION0_END,3,117,-24,16,1,1
confirmation,exp12_test_edit_13,test_edit,paraphrase,1,ACTION0_END,4,118,-23,18,3,3
confirmation,exp12_test_edit_13,test_edit,paraphrase,1,ACTION0_END,5,119,-22,1138,""")Ċ",""")
"
confirmation,exp12_test_edit_13,test_edit,paraphrase,1,ACTION1_END,0,123,-18,445,"(""","("""
confirmation,exp12_test_edit_13,test_edit,paraphrase,1,ACTION1_END,1,124,-17,3548,src,src
confirmation,exp12_test_edit_13,test_edit,paraphrase,1,ACTION1_END,2,125,-16,14,/,/
confirmation,exp12_test_edit_13,test_edit,paraphrase,1,ACTION1_END,3,126,-15,32225,monitor,monitor
confirmation,exp12_test_edit_13,test_edit,paraphrase,1,ACTION1_END,4,127,-14,7197,.py,.py
confirmation,exp12_test_edit_13,test_edit,paraphrase,1,ACTION1_END,5,128,-13,5130,""")ĊĊ",""")

"
confirmation,exp12_test_edit_13,test_edit,paraphrase,1,FINAL_INSTRUCTION_END,0,130,-11,279,Ġthe, the
confirmation,exp12_test_edit_13,test_edit,paraphrase,1,FINAL_INSTRUCTION_END,1,131,-10,3175,Ġsingle, single
confirmation,exp12_test_edit_13,test_edit,paraphrase,1,FINAL_INSTRUCTION_END,2,132,-9,1790,Ġnext, next
confirmation,exp12_test_edit_13,test_edit,paraphrase,1,FINAL_INSTRUCTION_END,3,133,-8,1917,Ġaction, action
confirmation,exp12_test_edit_13,test_edit,paraphrase,1,FINAL_INSTRUCTION_END,4,134,-7,1431,Ġnow, now
confirmation,exp12_test_edit_13,test_edit,paraphrase,1,FINAL_INSTRUCTION_END,5,135,-6,13,.,.
confirmation,exp12_test_edit_13,test_edit,paraphrase,1,USER_END,0,131,-10,3175,Ġsingle, single
confirmation,exp12_test_edit_13,test_edit,paraphrase,1,USER_END,1,132,-9,1790,Ġnext, next
confirmation,exp12_test_edit_13,test_edit,paraphrase,1,USER_END,2,133,-8,1917,Ġaction, action
confirmation,exp12_test_edit_13,test_edit,paraphrase,1,USER_END,3,134,-7,1431,Ġnow, now
confirmation,exp12_test_edit_13,test_edit,paraphrase,1,USER_END,4,135,-6,13,.,.
confirmation,exp12_test_edit_13,test_edit,paraphrase,1,USER_END,5,136,-5,151645,<|im_end|>,<|im_end|>
confirmation,exp12_test_edit_13,test_edit,paraphrase,1,GENERATION_BOUNDARY,0,135,-6,13,.,.
confirmation,exp12_test_edit_13,test_edit,paraphrase,1,GENERATION_BOUNDARY,1,136,-5,151645,<|im_end|>,<|im_end|>
confirmation,exp12_test_edit_13,test_edit,paraphrase,1,GENERATION_BOUNDARY,2,137,-4,198,Ċ,"
"
confirmation,exp12_test_edit_13,test_edit,paraphrase,1,GENERATION_BOUNDARY,3,138,-3,151644,<|im_start|>,<|im_start|>
confirmation,exp12_test_edit_13,test_edit,paraphrase,1,GENERATION_BOUNDARY,4,139,-2,77091,assistant,assistant
confirmation,exp12_test_edit_13,test_edit,paraphrase,1,GENERATION_BOUNDARY,5,140,-1,198,Ċ,"
"
confirmation,exp12_test_edit_14,test_edit,canonical,0,SKILL_END,0,35,-110,1172,Ġonly, only
confirmation,exp12_test_edit_14,test_edit,canonical,0,SKILL_END,1,36,-109,1283,Ġafter, after
confirmation,exp12_test_edit_14,test_edit,canonical,0,SKILL_END,2,37,-108,279,Ġthe, the
confirmation,exp12_test_edit_14,test_edit,canonical,0,SKILL_END,3,38,-107,1273,Ġtest, test
confirmation,exp12_test_edit_14,test_edit,canonical,0,SKILL_END,4,39,-106,1102,Ġresult, result
confirmation,exp12_test_edit_14,test_edit,canonical,0,SKILL_END,5,40,-105,382,.ĊĊ,".

"
confirmation,exp12_test_edit_14,test_edit,canonical,0,SYSTEM_END,0,47,-98,29130,Ġdeciding, deciding
confirmation,exp12_test_edit_14,test_edit,canonical,0,SYSTEM_END,1,48,-97,279,Ġthe, the
confirmation,exp12_test_edit_14,test_edit,canonical,0,SYSTEM_END,2,49,-96,1156,Ġfirst, first
confirmation,exp12_test_edit_14,test_edit,canonical,0,SYSTEM_END,3,50,-95,1917,Ġaction, action
confirmation,exp12_test_edit_14,test_edit,canonical,0,SYSTEM_END,4,51,-94,13,.,.
confirmation,exp12_test_edit_14,test_edit,canonical,0,SYSTEM_END,5,52,-93,151645,<|im_end|>,<|im_end|>
confirmation,exp12_test_edit_14,test_edit,canonical,0,ISSUE_END,0,84,-61,17112,Ġtargeted, targeted
confirmation,exp12_test_edit_14,test_edit,canonical,0,ISSUE_END,1,85,-60,1273,Ġtest, test
confirmation,exp12_test_edit_14,test_edit,canonical,0,ISSUE_END,2,86,-59,525,Ġare, are
confirmation,exp12_test_edit_14,test_edit,canonical,0,ISSUE_END,3,87,-58,2176,Ġboth, both
confirmation,exp12_test_edit_14,test_edit,canonical,0,ISSUE_END,4,88,-57,2500,Ġavailable, available
confirmation,exp12_test_edit_14,test_edit,canonical,0,ISSUE_END,5,89,-56,382,.ĊĊ,".

"
confirmation,exp12_test_edit_14,test_edit,canonical,0,DETAIL_END,0,97,-48,1459,Ġpoint, point
confirmation,exp12_test_edit_14,test_edit,canonical,0,DETAIL_END,1,98,-47,374,Ġis, is
confirmation,exp12_test_edit_14,test_edit,canonical,0,DETAIL_END,2,99,-46,1565,Ġ`, `
confirmation,exp12_test_edit_14,test_edit,canonical,0,DETAIL_END,3,100,-45,18274,dispatch,dispatch
confirmation,exp12_test_edit_14,test_edit,canonical,0,DETAIL_END,4,101,-44,6748,_event,_event
confirmation,exp12_test_edit_14,test_edit,canonical,0,DETAIL_END,5,102,-43,62338,`.ĊĊ,"`.

"
confirmation,exp12_test_edit_14,test_edit,canonical,0,ACTION0_END,0,117,-28,92189,_dispatcher,_dispatcher
confirmation,exp12_test_edit_14,test_edit,canonical,0,ACTION0_END,1,118,-27,17932,_edge,_edge
confirmation,exp12_test_edit_14,test_edit,canonical,0,ACTION0_END,2,119,-26,62,_,_
confirmation,exp12_test_edit_14,test_edit,canonical,0,ACTION0_END,3,120,-25,16,1,1
confirmation,exp12_test_edit_14,test_edit,canonical,0,ACTION0_END,4,121,-24,19,4,4
confirmation,exp12_test_edit_14,test_edit,canonical,0,ACTION0_END,5,122,-23,1138,""")Ċ",""")
"
confirmation,exp12_test_edit_14,test_edit,canonical,0,ACTION1_END,0,127,-18,3548,src,src
confirmation,exp12_test_edit_14,test_edit,canonical,0,ACTION1_END,1,128,-17,41510,/dis,/dis
confirmation,exp12_test_edit_14,test_edit,canonical,0,ACTION1_END,2,129,-16,3400,patch,patch
confirmation,exp12_test_edit_14,test_edit,canonical,0,ACTION1_END,3,130,-15,261,er,er
confirmation,exp12_test_edit_14,test_edit,canonical,0,ACTION1_END,4,131,-14,7197,.py,.py
confirmation,exp12_test_edit_14,test_edit,canonical,0,ACTION1_END,5,132,-13,5130,""")ĊĊ",""")

"
confirmation,exp12_test_edit_14,test_edit,canonical,0,FINAL_INSTRUCTION_END,0,134,-11,279,Ġthe, the
confirmation,exp12_test_edit_14,test_edit,canonical,0,FINAL_INSTRUCTION_END,1,135,-10,3175,Ġsingle, single
confirmation,exp12_test_edit_14,test_edit,canonical,0,FINAL_INSTRUCTION_END,2,136,-9,1790,Ġnext, next
confirmation,exp12_test_edit_14,test_edit,canonical,0,FINAL_INSTRUCTION_END,3,137,-8,1917,Ġaction, action
confirmation,exp12_test_edit_14,test_edit,canonical,0,FINAL_INSTRUCTION_END,4,138,-7,1431,Ġnow, now
confirmation,exp12_test_edit_14,test_edit,canonical,0,FINAL_INSTRUCTION_END,5,139,-6,13,.,.
confirmation,exp12_test_edit_14,test_edit,canonical,0,USER_END,0,135,-10,3175,Ġsingle, single
confirmation,exp12_test_edit_14,test_edit,canonical,0,USER_END,1,136,-9,1790,Ġnext, next
confirmation,exp12_test_edit_14,test_edit,canonical,0,USER_END,2,137,-8,1917,Ġaction, action
confirmation,exp12_test_edit_14,test_edit,canonical,0,USER_END,3,138,-7,1431,Ġnow, now
confirmation,exp12_test_edit_14,test_edit,canonical,0,USER_END,4,139,-6,13,.,.
confirmation,exp12_test_edit_14,test_edit,canonical,0,USER_END,5,140,-5,151645,<|im_end|>,<|im_end|>
confirmation,exp12_test_edit_14,test_edit,canonical,0,GENERATION_BOUNDARY,0,139,-6,13,.,.
confirmation,exp12_test_edit_14,test_edit,canonical,0,GENERATION_BOUNDARY,1,140,-5,151645,<|im_end|>,<|im_end|>
confirmation,exp12_test_edit_14,test_edit,canonical,0,GENERATION_BOUNDARY,2,141,-4,198,Ċ,"
"
confirmation,exp12_test_edit_14,test_edit,canonical,0,GENERATION_BOUNDARY,3,142,-3,151644,<|im_start|>,<|im_start|>
confirmation,exp12_test_edit_14,test_edit,canonical,0,GENERATION_BOUNDARY,4,143,-2,77091,assistant,assistant
confirmation,exp12_test_edit_14,test_edit,canonical,0,GENERATION_BOUNDARY,5,144,-1,198,Ċ,"
"
confirmation,exp12_test_edit_14,test_edit,paraphrase,0,SKILL_END,0,31,-110,11,",",","
confirmation,exp12_test_edit_14,test_edit,paraphrase,0,SKILL_END,1,32,-109,1221,Ġthen, then
confirmation,exp12_test_edit_14,test_edit,paraphrase,0,SKILL_END,2,33,-108,1401,Ġlook, look
confirmation,exp12_test_edit_14,test_edit,paraphrase,0,SKILL_END,3,34,-107,518,Ġat, at
confirmation,exp12_test_edit_14,test_edit,paraphrase,0,SKILL_END,4,35,-106,8129,Ġimplementation, implementation
confirmation,exp12_test_edit_14,test_edit,paraphrase,0,SKILL_END,5,36,-105,382,.ĊĊ,".

"
confirmation,exp12_test_edit_14,test_edit,paraphrase,0,SYSTEM_END,0,43,-98,29130,Ġdeciding, deciding
confirmation,exp12_test_edit_14,test_edit,paraphrase,0,SYSTEM_END,1,44,-97,279,Ġthe, the
confirmation,exp12_test_edit_14,test_edit,paraphrase,0,SYSTEM_END,2,45,-96,1156,Ġfirst, first
confirmation,exp12_test_edit_14,test_edit,paraphrase,0,SYSTEM_END,3,46,-95,1917,Ġaction, action
confirmation,exp12_test_edit_14,test_edit,paraphrase,0,SYSTEM_END,4,47,-94,13,.,.
confirmation,exp12_test_edit_14,test_edit,paraphrase,0,SYSTEM_END,5,48,-93,151645,<|im_end|>,<|im_end|>
confirmation,exp12_test_edit_14,test_edit,paraphrase,0,ISSUE_END,0,80,-61,17112,Ġtargeted, targeted
confirmation,exp12_test_edit_14,test_edit,paraphrase,0,ISSUE_END,1,81,-60,1273,Ġtest, test
confirmation,exp12_test_edit_14,test_edit,paraphrase,0,ISSUE_END,2,82,-59,525,Ġare, are
confirmation,exp12_test_edit_14,test_edit,paraphrase,0,ISSUE_END,3,83,-58,2176,Ġboth, both
confirmation,exp12_test_edit_14,test_edit,paraphrase,0,ISSUE_END,4,84,-57,2500,Ġavailable, available
confirmation,exp12_test_edit_14,test_edit,paraphrase,0,ISSUE_END,5,85,-56,382,.ĊĊ,".

"
confirmation,exp12_test_edit_14,test_edit,paraphrase,0,DETAIL_END,0,93,-48,1459,Ġpoint, point
confirmation,exp12_test_edit_14,test_edit,paraphrase,0,DETAIL_END,1,94,-47,374,Ġis, is
confirmation,exp12_test_edit_14,test_edit,paraphrase,0,DETAIL_END,2,95,-46,1565,Ġ`, `
confirmation,exp12_test_edit_14,test_edit,paraphrase,0,DETAIL_END,3,96,-45,18274,dispatch,dispatch
confirmation,exp12_test_edit_14,test_edit,paraphrase,0,DETAIL_END,4,97,-44,6748,_event,_event
confirmation,exp12_test_edit_14,test_edit,paraphrase,0,DETAIL_END,5,98,-43,62338,`.ĊĊ,"`.

"
confirmation,exp12_test_edit_14,test_edit,paraphrase,0,ACTION0_END,0,113,-28,92189,_dispatcher,_dispatcher
confirmation,exp12_test_edit_14,test_edit,paraphrase,0,ACTION0_END,1,114,-27,17932,_edge,_edge
confirmation,exp12_test_edit_14,test_edit,paraphrase,0,ACTION0_END,2,115,-26,62,_,_
confirmation,exp12_test_edit_14,test_edit,paraphrase,0,ACTION0_END,3,116,-25,16,1,1
confirmation,exp12_test_edit_14,test_edit,paraphrase,0,ACTION0_END,4,117,-24,19,4,4
confirmation,exp12_test_edit_14,test_edit,paraphrase,0,ACTION0_END,5,118,-23,1138,""")Ċ",""")
"
confirmation,exp12_test_edit_14,test_edit,paraphrase,0,ACTION1_END,0,123,-18,3548,src,src
confirmation,exp12_test_edit_14,test_edit,paraphrase,0,ACTION1_END,1,124,-17,41510,/dis,/dis
confirmation,exp12_test_edit_14,test_edit,paraphrase,0,ACTION1_END,2,125,-16,3400,patch,patch
confirmation,exp12_test_edit_14,test_edit,paraphrase,0,ACTION1_END,3,126,-15,261,er,er
confirmation,exp12_test_edit_14,test_edit,paraphrase,0,ACTION1_END,4,127,-14,7197,.py,.py
confirmation,exp12_test_edit_14,test_edit,paraphrase,0,ACTION1_END,5,128,-13,5130,""")ĊĊ",""")

"
confirmation,exp12_test_edit_14,test_edit,paraphrase,0,FINAL_INSTRUCTION_END,0,130,-11,279,Ġthe, the
confirmation,exp12_test_edit_14,test_edit,paraphrase,0,FINAL_INSTRUCTION_END,1,131,-10,3175,Ġsingle, single
confirmation,exp12_test_edit_14,test_edit,paraphrase,0,FINAL_INSTRUCTION_END,2,132,-9,1790,Ġnext, next
confirmation,exp12_test_edit_14,test_edit,paraphrase,0,FINAL_INSTRUCTION_END,3,133,-8,1917,Ġaction, action
confirmation,exp12_test_edit_14,test_edit,paraphrase,0,FINAL_INSTRUCTION_END,4,134,-7,1431,Ġnow, now
confirmation,exp12_test_edit_14,test_edit,paraphrase,0,FINAL_INSTRUCTION_END,5,135,-6,13,.,.
confirmation,exp12_test_edit_14,test_edit,paraphrase,0,USER_END,0,131,-10,3175,Ġsingle, single
confirmation,exp12_test_edit_14,test_edit,paraphrase,0,USER_END,1,132,-9,1790,Ġnext, next
confirmation,exp12_test_edit_14,test_edit,paraphrase,0,USER_END,2,133,-8,1917,Ġaction, action
confirmation,exp12_test_edit_14,test_edit,paraphrase,0,USER_END,3,134,-7,1431,Ġnow, now
confirmation,exp12_test_edit_14,test_edit,paraphrase,0,USER_END,4,135,-6,13,.,.
confirmation,exp12_test_edit_14,test_edit,paraphrase,0,USER_END,5,136,-5,151645,<|im_end|>,<|im_end|>
confirmation,exp12_test_edit_14,test_edit,paraphrase,0,GENERATION_BOUNDARY,0,135,-6,13,.,.
confirmation,exp12_test_edit_14,test_edit,paraphrase,0,GENERATION_BOUNDARY,1,136,-5,151645,<|im_end|>,<|im_end|>
confirmation,exp12_test_edit_14,test_edit,paraphrase,0,GENERATION_BOUNDARY,2,137,-4,198,Ċ,"
"
confirmation,exp12_test_edit_14,test_edit,paraphrase,0,GENERATION_BOUNDARY,3,138,-3,151644,<|im_start|>,<|im_start|>
confirmation,exp12_test_edit_14,test_edit,paraphrase,0,GENERATION_BOUNDARY,4,139,-2,77091,assistant,assistant
confirmation,exp12_test_edit_14,test_edit,paraphrase,0,GENERATION_BOUNDARY,5,140,-1,198,Ċ,"
"
confirmation,exp12_test_edit_14,test_edit,canonical,1,SKILL_END,0,31,-110,279,Ġthe, the
confirmation,exp12_test_edit_14,test_edit,canonical,1,SKILL_END,1,32,-109,17112,Ġtargeted, targeted
confirmation,exp12_test_edit_14,test_edit,canonical,1,SKILL_END,2,33,-108,1273,Ġtest, test
confirmation,exp12_test_edit_14,test_edit,canonical,1,SKILL_END,3,34,-107,1172,Ġonly, only
confirmation,exp12_test_edit_14,test_edit,canonical,1,SKILL_END,4,35,-106,47943,Ġafterward, afterward
confirmation,exp12_test_edit_14,test_edit,canonical,1,SKILL_END,5,36,-105,382,.ĊĊ,".

"
confirmation,exp12_test_edit_14,test_edit,canonical,1,SYSTEM_END,0,43,-98,29130,Ġdeciding, deciding
confirmation,exp12_test_edit_14,test_edit,canonical,1,SYSTEM_END,1,44,-97,279,Ġthe, the
confirmation,exp12_test_edit_14,test_edit,canonical,1,SYSTEM_END,2,45,-96,1156,Ġfirst, first
confirmation,exp12_test_edit_14,test_edit,canonical,1,SYSTEM_END,3,46,-95,1917,Ġaction, action
confirmation,exp12_test_edit_14,test_edit,canonical,1,SYSTEM_END,4,47,-94,13,.,.
confirmation,exp12_test_edit_14,test_edit,canonical,1,SYSTEM_END,5,48,-93,151645,<|im_end|>,<|im_end|>
confirmation,exp12_test_edit_14,test_edit,canonical,1,ISSUE_END,0,80,-61,17112,Ġtargeted, targeted
confirmation,exp12_test_edit_14,test_edit,canonical,1,ISSUE_END,1,81,-60,1273,Ġtest, test
confirmation,exp12_test_edit_14,test_edit,canonical,1,ISSUE_END,2,82,-59,525,Ġare, are
confirmation,exp12_test_edit_14,test_edit,canonical,1,ISSUE_END,3,83,-58,2176,Ġboth, both
confirmation,exp12_test_edit_14,test_edit,canonical,1,ISSUE_END,4,84,-57,2500,Ġavailable, available
confirmation,exp12_test_edit_14,test_edit,canonical,1,ISSUE_END,5,85,-56,382,.ĊĊ,".

"
confirmation,exp12_test_edit_14,test_edit,canonical,1,DETAIL_END,0,93,-48,1459,Ġpoint, point
confirmation,exp12_test_edit_14,test_edit,canonical,1,DETAIL_END,1,94,-47,374,Ġis, is
confirmation,exp12_test_edit_14,test_edit,canonical,1,DETAIL_END,2,95,-46,1565,Ġ`, `
confirmation,exp12_test_edit_14,test_edit,canonical,1,DETAIL_END,3,96,-45,18274,dispatch,dispatch
confirmation,exp12_test_edit_14,test_edit,canonical,1,DETAIL_END,4,97,-44,6748,_event,_event
confirmation,exp12_test_edit_14,test_edit,canonical,1,DETAIL_END,5,98,-43,62338,`.ĊĊ,"`.

"
confirmation,exp12_test_edit_14,test_edit,canonical,1,ACTION0_END,0,113,-28,92189,_dispatcher,_dispatcher
confirmation,exp12_test_edit_14,test_edit,canonical,1,ACTION0_END,1,114,-27,17932,_edge,_edge
confirmation,exp12_test_edit_14,test_edit,canonical,1,ACTION0_END,2,115,-26,62,_,_
confirmation,exp12_test_edit_14,test_edit,canonical,1,ACTION0_END,3,116,-25,16,1,1
confirmation,exp12_test_edit_14,test_edit,canonical,1,ACTION0_END,4,117,-24,19,4,4
confirmation,exp12_test_edit_14,test_edit,canonical,1,ACTION0_END,5,118,-23,1138,""")Ċ",""")
"
confirmation,exp12_test_edit_14,test_edit,canonical,1,ACTION1_END,0,123,-18,3548,src,src
confirmation,exp12_test_edit_14,test_edit,canonical,1,ACTION1_END,1,124,-17,41510,/dis,/dis
confirmation,exp12_test_edit_14,test_edit,canonical,1,ACTION1_END,2,125,-16,3400,patch,patch
confirmation,exp12_test_edit_14,test_edit,canonical,1,ACTION1_END,3,126,-15,261,er,er
confirmation,exp12_test_edit_14,test_edit,canonical,1,ACTION1_END,4,127,-14,7197,.py,.py
confirmation,exp12_test_edit_14,test_edit,canonical,1,ACTION1_END,5,128,-13,5130,""")ĊĊ",""")

"
confirmation,exp12_test_edit_14,test_edit,canonical,1,FINAL_INSTRUCTION_END,0,130,-11,279,Ġthe, the
confirmation,exp12_test_edit_14,test_edit,canonical,1,FINAL_INSTRUCTION_END,1,131,-10,3175,Ġsingle, single
confirmation,exp12_test_edit_14,test_edit,canonical,1,FINAL_INSTRUCTION_END,2,132,-9,1790,Ġnext, next
confirmation,exp12_test_edit_14,test_edit,canonical,1,FINAL_INSTRUCTION_END,3,133,-8,1917,Ġaction, action
confirmation,exp12_test_edit_14,test_edit,canonical,1,FINAL_INSTRUCTION_END,4,134,-7,1431,Ġnow, now
confirmation,exp12_test_edit_14,test_edit,canonical,1,FINAL_INSTRUCTION_END,5,135,-6,13,.,.
confirmation,exp12_test_edit_14,test_edit,canonical,1,USER_END,0,131,-10,3175,Ġsingle, single
confirmation,exp12_test_edit_14,test_edit,canonical,1,USER_END,1,132,-9,1790,Ġnext, next
confirmation,exp12_test_edit_14,test_edit,canonical,1,USER_END,2,133,-8,1917,Ġaction, action
confirmation,exp12_test_edit_14,test_edit,canonical,1,USER_END,3,134,-7,1431,Ġnow, now
confirmation,exp12_test_edit_14,test_edit,canonical,1,USER_END,4,135,-6,13,.,.
confirmation,exp12_test_edit_14,test_edit,canonical,1,USER_END,5,136,-5,151645,<|im_end|>,<|im_end|>
confirmation,exp12_test_edit_14,test_edit,canonical,1,GENERATION_BOUNDARY,0,135,-6,13,.,.
confirmation,exp12_test_edit_14,test_edit,canonical,1,GENERATION_BOUNDARY,1,136,-5,151645,<|im_end|>,<|im_end|>
confirmation,exp12_test_edit_14,test_edit,canonical,1,GENERATION_BOUNDARY,2,137,-4,198,Ċ,"
"
confirmation,exp12_test_edit_14,test_edit,canonical,1,GENERATION_BOUNDARY,3,138,-3,151644,<|im_start|>,<|im_start|>
confirmation,exp12_test_edit_14,test_edit,canonical,1,GENERATION_BOUNDARY,4,139,-2,77091,assistant,assistant
confirmation,exp12_test_edit_14,test_edit,canonical,1,GENERATION_BOUNDARY,5,140,-1,198,Ċ,"
"
confirmation,exp12_test_edit_14,test_edit,paraphrase,1,SKILL_END,0,32,-110,1273,Ġtest, test
confirmation,exp12_test_edit_14,test_edit,paraphrase,1,SKILL_END,1,33,-109,3080,Ġuntil, until
confirmation,exp12_test_edit_14,test_edit,paraphrase,1,SKILL_END,2,34,-108,1283,Ġafter, after
confirmation,exp12_test_edit_14,test_edit,paraphrase,1,SKILL_END,3,35,-107,429,Ġthat, that
confirmation,exp12_test_edit_14,test_edit,paraphrase,1,SKILL_END,4,36,-106,25683,Ġinspection, inspection
confirmation,exp12_test_edit_14,test_edit,paraphrase,1,SKILL_END,5,37,-105,382,.ĊĊ,".

"
confirmation,exp12_test_edit_14,test_edit,paraphrase,1,SYSTEM_END,0,44,-98,29130,Ġdeciding, deciding
confirmation,exp12_test_edit_14,test_edit,paraphrase,1,SYSTEM_END,1,45,-97,279,Ġthe, the
confirmation,exp12_test_edit_14,test_edit,paraphrase,1,SYSTEM_END,2,46,-96,1156,Ġfirst, first
confirmation,exp12_test_edit_14,test_edit,paraphrase,1,SYSTEM_END,3,47,-95,1917,Ġaction, action
confirmation,exp12_test_edit_14,test_edit,paraphrase,1,SYSTEM_END,4,48,-94,13,.,.
confirmation,exp12_test_edit_14,test_edit,paraphrase,1,SYSTEM_END,5,49,-93,151645,<|im_end|>,<|im_end|>
confirmation,exp12_test_edit_14,test_edit,paraphrase,1,ISSUE_END,0,81,-61,17112,Ġtargeted, targeted
confirmation,exp12_test_edit_14,test_edit,paraphrase,1,ISSUE_END,1,82,-60,1273,Ġtest, test
confirmation,exp12_test_edit_14,test_edit,paraphrase,1,ISSUE_END,2,83,-59,525,Ġare, are
confirmation,exp12_test_edit_14,test_edit,paraphrase,1,ISSUE_END,3,84,-58,2176,Ġboth, both
confirmation,exp12_test_edit_14,test_edit,paraphrase,1,ISSUE_END,4,85,-57,2500,Ġavailable, available
confirmation,exp12_test_edit_14,test_edit,paraphrase,1,ISSUE_END,5,86,-56,382,.ĊĊ,".

"
confirmation,exp12_test_edit_14,test_edit,paraphrase,1,DETAIL_END,0,94,-48,1459,Ġpoint, point
confirmation,exp12_test_edit_14,test_edit,paraphrase,1,DETAIL_END,1,95,-47,374,Ġis, is
confirmation,exp12_test_edit_14,test_edit,paraphrase,1,DETAIL_END,2,96,-46,1565,Ġ`, `
confirmation,exp12_test_edit_14,test_edit,paraphrase,1,DETAIL_END,3,97,-45,18274,dispatch,dispatch
confirmation,exp12_test_edit_14,test_edit,paraphrase,1,DETAIL_END,4,98,-44,6748,_event,_event
confirmation,exp12_test_edit_14,test_edit,paraphrase,1,DETAIL_END,5,99,-43,62338,`.ĊĊ,"`.

"
confirmation,exp12_test_edit_14,test_edit,paraphrase,1,ACTION0_END,0,114,-28,92189,_dispatcher,_dispatcher
confirmation,exp12_test_edit_14,test_edit,paraphrase,1,ACTION0_END,1,115,-27,17932,_edge,_edge
confirmation,exp12_test_edit_14,test_edit,paraphrase,1,ACTION0_END,2,116,-26,62,_,_
confirmation,exp12_test_edit_14,test_edit,paraphrase,1,ACTION0_END,3,117,-25,16,1,1
confirmation,exp12_test_edit_14,test_edit,paraphrase,1,ACTION0_END,4,118,-24,19,4,4
confirmation,exp12_test_edit_14,test_edit,paraphrase,1,ACTION0_END,5,119,-23,1138,""")Ċ",""")
"
confirmation,exp12_test_edit_14,test_edit,paraphrase,1,ACTION1_END,0,124,-18,3548,src,src
confirmation,exp12_test_edit_14,test_edit,paraphrase,1,ACTION1_END,1,125,-17,41510,/dis,/dis
confirmation,exp12_test_edit_14,test_edit,paraphrase,1,ACTION1_END,2,126,-16,3400,patch,patch
confirmation,exp12_test_edit_14,test_edit,paraphrase,1,ACTION1_END,3,127,-15,261,er,er
confirmation,exp12_test_edit_14,test_edit,paraphrase,1,ACTION1_END,4,128,-14,7197,.py,.py
confirmation,exp12_test_edit_14,test_edit,paraphrase,1,ACTION1_END,5,129,-13,5130,""")ĊĊ",""")

"
confirmation,exp12_test_edit_14,test_edit,paraphrase,1,FINAL_INSTRUCTION_END,0,131,-11,279,Ġthe, the
confirmation,exp12_test_edit_14,test_edit,paraphrase,1,FINAL_INSTRUCTION_END,1,132,-10,3175,Ġsingle, single
confirmation,exp12_test_edit_14,test_edit,paraphrase,1,FINAL_INSTRUCTION_END,2,133,-9,1790,Ġnext, next
confirmation,exp12_test_edit_14,test_edit,paraphrase,1,FINAL_INSTRUCTION_END,3,134,-8,1917,Ġaction, action
confirmation,exp12_test_edit_14,test_edit,paraphrase,1,FINAL_INSTRUCTION_END,4,135,-7,1431,Ġnow, now
confirmation,exp12_test_edit_14,test_edit,paraphrase,1,FINAL_INSTRUCTION_END,5,136,-6,13,.,.
confirmation,exp12_test_edit_14,test_edit,paraphrase,1,USER_END,0,132,-10,3175,Ġsingle, single
confirmation,exp12_test_edit_14,test_edit,paraphrase,1,USER_END,1,133,-9,1790,Ġnext, next
confirmation,exp12_test_edit_14,test_edit,paraphrase,1,USER_END,2,134,-8,1917,Ġaction, action
confirmation,exp12_test_edit_14,test_edit,paraphrase,1,USER_END,3,135,-7,1431,Ġnow, now
confirmation,exp12_test_edit_14,test_edit,paraphrase,1,USER_END,4,136,-6,13,.,.
confirmation,exp12_test_edit_14,test_edit,paraphrase,1,USER_END,5,137,-5,151645,<|im_end|>,<|im_end|>
confirmation,exp12_test_edit_14,test_edit,paraphrase,1,GENERATION_BOUNDARY,0,136,-6,13,.,.
confirmation,exp12_test_edit_14,test_edit,paraphrase,1,GENERATION_BOUNDARY,1,137,-5,151645,<|im_end|>,<|im_end|>
confirmation,exp12_test_edit_14,test_edit,paraphrase,1,GENERATION_BOUNDARY,2,138,-4,198,Ċ,"
"
confirmation,exp12_test_edit_14,test_edit,paraphrase,1,GENERATION_BOUNDARY,3,139,-3,151644,<|im_start|>,<|im_start|>
confirmation,exp12_test_edit_14,test_edit,paraphrase,1,GENERATION_BOUNDARY,4,140,-2,77091,assistant,assistant
confirmation,exp12_test_edit_14,test_edit,paraphrase,1,GENERATION_BOUNDARY,5,141,-1,198,Ċ,"
"
confirmation,exp12_search_edit_00,search_edit,canonical,0,SKILL_END,0,35,-98,1172,Ġonly, only
confirmation,exp12_search_edit_00,search_edit,canonical,0,SKILL_END,1,36,-97,1283,Ġafter, after
confirmation,exp12_search_edit_00,search_edit,canonical,0,SKILL_END,2,37,-96,71891,Ġlocating, locating
confirmation,exp12_search_edit_00,search_edit,canonical,0,SKILL_END,3,38,-95,1181,Ġits, its
confirmation,exp12_search_edit_00,search_edit,canonical,0,SKILL_END,4,39,-94,5711,Ġuses, uses
confirmation,exp12_search_edit_00,search_edit,canonical,0,SKILL_END,5,40,-93,382,.ĊĊ,".

"
confirmation,exp12_search_edit_00,search_edit,canonical,0,SYSTEM_END,0,47,-86,29130,Ġdeciding, deciding
confirmation,exp12_search_edit_00,search_edit,canonical,0,SYSTEM_END,1,48,-85,279,Ġthe, the
confirmation,exp12_search_edit_00,search_edit,canonical,0,SYSTEM_END,2,49,-84,1156,Ġfirst, first
confirmation,exp12_search_edit_00,search_edit,canonical,0,SYSTEM_END,3,50,-83,1917,Ġaction, action
confirmation,exp12_search_edit_00,search_edit,canonical,0,SYSTEM_END,4,51,-82,13,.,.
confirmation,exp12_search_edit_00,search_edit,canonical,0,SYSTEM_END,5,52,-81,151645,<|im_end|>,<|im_end|>
confirmation,exp12_search_edit_00,search_edit,canonical,0,ISSUE_END,0,83,-50,5383,Ġpattern, pattern
confirmation,exp12_search_edit_00,search_edit,canonical,0,ISSUE_END,1,84,-49,702,Ġhas, has
confirmation,exp12_search_edit_00,search_edit,canonical,0,ISSUE_END,2,85,-48,537,Ġnot, not
confirmation,exp12_search_edit_00,search_edit,canonical,0,ISSUE_END,3,86,-47,1012,Ġbeen, been
confirmation,exp12_search_edit_00,search_edit,canonical,0,ISSUE_END,4,87,-46,10067,Ġchecked, checked
confirmation,exp12_search_edit_00,search_edit,canonical,0,ISSUE_END,5,88,-45,382,.ĊĊ,".

"
confirmation,exp12_search_edit_00,search_edit,canonical,0,DETAIL_END,0,96,-37,374,Ġis, is
confirmation,exp12_search_edit_00,search_edit,canonical,0,DETAIL_END,1,97,-36,1565,Ġ`, `
confirmation,exp12_search_edit_00,search_edit,canonical,0,DETAIL_END,2,98,-35,3548,src,src
confirmation,exp12_search_edit_00,search_edit,canonical,0,DETAIL_END,3,99,-34,61770,/parser,/parser
confirmation,exp12_search_edit_00,search_edit,canonical,0,DETAIL_END,4,100,-33,7197,.py,.py
confirmation,exp12_search_edit_00,search_edit,canonical,0,DETAIL_END,5,101,-32,62338,`.ĊĊ,"`.

"
confirmation,exp12_search_edit_00,search_edit,canonical,0,ACTION0_END,0,107,-26,2711,Ġsearch, search
confirmation,exp12_search_edit_00,search_edit,canonical,0,ACTION0_END,1,108,-25,4136,_code,_code
confirmation,exp12_search_edit_00,search_edit,canonical,0,ACTION0_END,2,109,-24,445,"(""","("""
confirmation,exp12_search_edit_00,search_edit,canonical,0,ACTION0_END,3,110,-23,6400,parse,parse
confirmation,exp12_search_edit_00,search_edit,canonical,0,ACTION0_END,4,111,-22,14192,_record,_record
confirmation,exp12_search_edit_00,search_edit,canonical,0,ACTION0_END,5,112,-21,1138,""")Ċ",""")
"
confirmation,exp12_search_edit_00,search_edit,canonical,0,ACTION1_END,0,115,-18,2458,_file,_file
confirmation,exp12_search_edit_00,search_edit,canonical,0,ACTION1_END,1,116,-17,445,"(""","("""
confirmation,exp12_search_edit_00,search_edit,canonical,0,ACTION1_END,2,117,-16,3548,src,src
confirmation,exp12_search_edit_00,search_edit,canonical,0,ACTION1_END,3,118,-15,61770,/parser,/parser
confirmation,exp12_search_edit_00,search_edit,canonical,0,ACTION1_END,4,119,-14,7197,.py,.py
confirmation,exp12_search_edit_00,search_edit,canonical,0,ACTION1_END,5,120,-13,5130,""")ĊĊ",""")

"
confirmation,exp12_search_edit_00,search_edit,canonical,0,FINAL_INSTRUCTION_END,0,122,-11,279,Ġthe, the
confirmation,exp12_search_edit_00,search_edit,canonical,0,FINAL_INSTRUCTION_END,1,123,-10,3175,Ġsingle, single
confirmation,exp12_search_edit_00,search_edit,canonical,0,FINAL_INSTRUCTION_END,2,124,-9,1790,Ġnext, next
confirmation,exp12_search_edit_00,search_edit,canonical,0,FINAL_INSTRUCTION_END,3,125,-8,1917,Ġaction, action
confirmation,exp12_search_edit_00,search_edit,canonical,0,FINAL_INSTRUCTION_END,4,126,-7,1431,Ġnow, now
confirmation,exp12_search_edit_00,search_edit,canonical,0,FINAL_INSTRUCTION_END,5,127,-6,13,.,.
confirmation,exp12_search_edit_00,search_edit,canonical,0,USER_END,0,123,-10,3175,Ġsingle, single
confirmation,exp12_search_edit_00,search_edit,canonical,0,USER_END,1,124,-9,1790,Ġnext, next
confirmation,exp12_search_edit_00,search_edit,canonical,0,USER_END,2,125,-8,1917,Ġaction, action
confirmation,exp12_search_edit_00,search_edit,canonical,0,USER_END,3,126,-7,1431,Ġnow, now
confirmation,exp12_search_edit_00,search_edit,canonical,0,USER_END,4,127,-6,13,.,.
confirmation,exp12_search_edit_00,search_edit,canonical,0,USER_END,5,128,-5,151645,<|im_end|>,<|im_end|>
confirmation,exp12_search_edit_00,search_edit,canonical,0,GENERATION_BOUNDARY,0,127,-6,13,.,.
confirmation,exp12_search_edit_00,search_edit,canonical,0,GENERATION_BOUNDARY,1,128,-5,151645,<|im_end|>,<|im_end|>
confirmation,exp12_search_edit_00,search_edit,canonical,0,GENERATION_BOUNDARY,2,129,-4,198,Ċ,"
"
confirmation,exp12_search_edit_00,search_edit,canonical,0,GENERATION_BOUNDARY,3,130,-3,151644,<|im_start|>,<|im_start|>
confirmation,exp12_search_edit_00,search_edit,canonical,0,GENERATION_BOUNDARY,4,131,-2,77091,assistant,assistant
confirmation,exp12_search_edit_00,search_edit,canonical,0,GENERATION_BOUNDARY,5,132,-1,198,Ċ,"
"
confirmation,exp12_search_edit_00,search_edit,paraphrase,0,SKILL_END,0,30,-98,448,Ġwith, with
confirmation,exp12_search_edit_00,search_edit,paraphrase,0,SKILL_END,1,31,-97,2530,Ġsource, source
confirmation,exp12_search_edit_00,search_edit,paraphrase,0,SKILL_END,2,32,-96,25683,Ġinspection, inspection
confirmation,exp12_search_edit_00,search_edit,paraphrase,0,SKILL_END,3,33,-95,2701,Ġfollowing, following
confirmation,exp12_search_edit_00,search_edit,paraphrase,0,SKILL_END,4,34,-94,2937,Ġlater, later
confirmation,exp12_search_edit_00,search_edit,paraphrase,0,SKILL_END,5,35,-93,382,.ĊĊ,".

"
confirmation,exp12_search_edit_00,search_edit,paraphrase,0,SYSTEM_END,0,42,-86,29130,Ġdeciding, deciding
confirmation,exp12_search_edit_00,search_edit,paraphrase,0,SYSTEM_END,1,43,-85,279,Ġthe, the
confirmation,exp12_search_edit_00,search_edit,paraphrase,0,SYSTEM_END,2,44,-84,1156,Ġfirst, first
confirmation,exp12_search_edit_00,search_edit,paraphrase,0,SYSTEM_END,3,45,-83,1917,Ġaction, action
confirmation,exp12_search_edit_00,search_edit,paraphrase,0,SYSTEM_END,4,46,-82,13,.,.
confirmation,exp12_search_edit_00,search_edit,paraphrase,0,SYSTEM_END,5,47,-81,151645,<|im_end|>,<|im_end|>
confirmation,exp12_search_edit_00,search_edit,paraphrase,0,ISSUE_END,0,78,-50,5383,Ġpattern, pattern
confirmation,exp12_search_edit_00,search_edit,paraphrase,0,ISSUE_END,1,79,-49,702,Ġhas, has
confirmation,exp12_search_edit_00,search_edit,paraphrase,0,ISSUE_END,2,80,-48,537,Ġnot, not
confirmation,exp12_search_edit_00,search_edit,paraphrase,0,ISSUE_END,3,81,-47,1012,Ġbeen, been
confirmation,exp12_search_edit_00,search_edit,paraphrase,0,ISSUE_END,4,82,-46,10067,Ġchecked, checked
confirmation,exp12_search_edit_00,search_edit,paraphrase,0,ISSUE_END,5,83,-45,382,.ĊĊ,".

"
confirmation,exp12_search_edit_00,search_edit,paraphrase,0,DETAIL_END,0,91,-37,374,Ġis, is
confirmation,exp12_search_edit_00,search_edit,paraphrase,0,DETAIL_END,1,92,-36,1565,Ġ`, `
confirmation,exp12_search_edit_00,search_edit,paraphrase,0,DETAIL_END,2,93,-35,3548,src,src
confirmation,exp12_search_edit_00,search_edit,paraphrase,0,DETAIL_END,3,94,-34,61770,/parser,/parser
confirmation,exp12_search_edit_00,search_edit,paraphrase,0,DETAIL_END,4,95,-33,7197,.py,.py
confirmation,exp12_search_edit_00,search_edit,paraphrase,0,DETAIL_END,5,96,-32,62338,`.ĊĊ,"`.

"
confirmation,exp12_search_edit_00,search_edit,paraphrase,0,ACTION0_END,0,102,-26,2711,Ġsearch, search
confirmation,exp12_search_edit_00,search_edit,paraphrase,0,ACTION0_END,1,103,-25,4136,_code,_code
confirmation,exp12_search_edit_00,search_edit,paraphrase,0,ACTION0_END,2,104,-24,445,"(""","("""
confirmation,exp12_search_edit_00,search_edit,paraphrase,0,ACTION0_END,3,105,-23,6400,parse,parse
confirmation,exp12_search_edit_00,search_edit,paraphrase,0,ACTION0_END,4,106,-22,14192,_record,_record
confirmation,exp12_search_edit_00,search_edit,paraphrase,0,ACTION0_END,5,107,-21,1138,""")Ċ",""")
"
confirmation,exp12_search_edit_00,search_edit,paraphrase,0,ACTION1_END,0,110,-18,2458,_file,_file
confirmation,exp12_search_edit_00,search_edit,paraphrase,0,ACTION1_END,1,111,-17,445,"(""","("""
confirmation,exp12_search_edit_00,search_edit,paraphrase,0,ACTION1_END,2,112,-16,3548,src,src
confirmation,exp12_search_edit_00,search_edit,paraphrase,0,ACTION1_END,3,113,-15,61770,/parser,/parser
confirmation,exp12_search_edit_00,search_edit,paraphrase,0,ACTION1_END,4,114,-14,7197,.py,.py
confirmation,exp12_search_edit_00,search_edit,paraphrase,0,ACTION1_END,5,115,-13,5130,""")ĊĊ",""")

"
confirmation,exp12_search_edit_00,search_edit,paraphrase,0,FINAL_INSTRUCTION_END,0,117,-11,279,Ġthe, the
confirmation,exp12_search_edit_00,search_edit,paraphrase,0,FINAL_INSTRUCTION_END,1,118,-10,3175,Ġsingle, single
confirmation,exp12_search_edit_00,search_edit,paraphrase,0,FINAL_INSTRUCTION_END,2,119,-9,1790,Ġnext, next
confirmation,exp12_search_edit_00,search_edit,paraphrase,0,FINAL_INSTRUCTION_END,3,120,-8,1917,Ġaction, action
confirmation,exp12_search_edit_00,search_edit,paraphrase,0,FINAL_INSTRUCTION_END,4,121,-7,1431,Ġnow, now
confirmation,exp12_search_edit_00,search_edit,paraphrase,0,FINAL_INSTRUCTION_END,5,122,-6,13,.,.
confirmation,exp12_search_edit_00,search_edit,paraphrase,0,USER_END,0,118,-10,3175,Ġsingle, single
confirmation,exp12_search_edit_00,search_edit,paraphrase,0,USER_END,1,119,-9,1790,Ġnext, next
confirmation,exp12_search_edit_00,search_edit,paraphrase,0,USER_END,2,120,-8,1917,Ġaction, action
confirmation,exp12_search_edit_00,search_edit,paraphrase,0,USER_END,3,121,-7,1431,Ġnow, now
confirmation,exp12_search_edit_00,search_edit,paraphrase,0,USER_END,4,122,-6,13,.,.
confirmation,exp12_search_edit_00,search_edit,paraphrase,0,USER_END,5,123,-5,151645,<|im_end|>,<|im_end|>
confirmation,exp12_search_edit_00,search_edit,paraphrase,0,GENERATION_BOUNDARY,0,122,-6,13,.,.
confirmation,exp12_search_edit_00,search_edit,paraphrase,0,GENERATION_BOUNDARY,1,123,-5,151645,<|im_end|>,<|im_end|>
confirmation,exp12_search_edit_00,search_edit,paraphrase,0,GENERATION_BOUNDARY,2,124,-4,198,Ċ,"
"
confirmation,exp12_search_edit_00,search_edit,paraphrase,0,GENERATION_BOUNDARY,3,125,-3,151644,<|im_start|>,<|im_start|>
confirmation,exp12_search_edit_00,search_edit,paraphrase,0,GENERATION_BOUNDARY,4,126,-2,77091,assistant,assistant
confirmation,exp12_search_edit_00,search_edit,paraphrase,0,GENERATION_BOUNDARY,5,127,-1,198,Ċ,"
"
confirmation,exp12_search_edit_00,search_edit,canonical,1,SKILL_END,0,30,-98,1283,Ġafter, after
confirmation,exp12_search_edit_00,search_edit,canonical,1,SKILL_END,1,31,-97,8660,Ġunderstanding, understanding
confirmation,exp12_search_edit_00,search_edit,canonical,1,SKILL_END,2,32,-96,279,Ġthe, the
confirmation,exp12_search_edit_00,search_edit,canonical,1,SKILL_END,3,33,-95,2169,Ġtarget, target
confirmation,exp12_search_edit_00,search_edit,canonical,1,SKILL_END,4,34,-94,2038,Ġcode, code
confirmation,exp12_search_edit_00,search_edit,canonical,1,SKILL_END,5,35,-93,382,.ĊĊ,".

"
confirmation,exp12_search_edit_00,search_edit,canonical,1,SYSTEM_END,0,42,-86,29130,Ġdeciding, deciding
confirmation,exp12_search_edit_00,search_edit,canonical,1,SYSTEM_END,1,43,-85,279,Ġthe, the
confirmation,exp12_search_edit_00,search_edit,canonical,1,SYSTEM_END,2,44,-84,1156,Ġfirst, first
confirmation,exp12_search_edit_00,search_edit,canonical,1,SYSTEM_END,3,45,-83,1917,Ġaction, action
confirmation,exp12_search_edit_00,search_edit,canonical,1,SYSTEM_END,4,46,-82,13,.,.
confirmation,exp12_search_edit_00,search_edit,canonical,1,SYSTEM_END,5,47,-81,151645,<|im_end|>,<|im_end|>
confirmation,exp12_search_edit_00,search_edit,canonical,1,ISSUE_END,0,78,-50,5383,Ġpattern, pattern
confirmation,exp12_search_edit_00,search_edit,canonical,1,ISSUE_END,1,79,-49,702,Ġhas, has
confirmation,exp12_search_edit_00,search_edit,canonical,1,ISSUE_END,2,80,-48,537,Ġnot, not
confirmation,exp12_search_edit_00,search_edit,canonical,1,ISSUE_END,3,81,-47,1012,Ġbeen, been
confirmation,exp12_search_edit_00,search_edit,canonical,1,ISSUE_END,4,82,-46,10067,Ġchecked, checked
confirmation,exp12_search_edit_00,search_edit,canonical,1,ISSUE_END,5,83,-45,382,.ĊĊ,".

"
confirmation,exp12_search_edit_00,search_edit,canonical,1,DETAIL_END,0,91,-37,374,Ġis, is
confirmation,exp12_search_edit_00,search_edit,canonical,1,DETAIL_END,1,92,-36,1565,Ġ`, `
confirmation,exp12_search_edit_00,search_edit,canonical,1,DETAIL_END,2,93,-35,3548,src,src
confirmation,exp12_search_edit_00,search_edit,canonical,1,DETAIL_END,3,94,-34,61770,/parser,/parser
confirmation,exp12_search_edit_00,search_edit,canonical,1,DETAIL_END,4,95,-33,7197,.py,.py
confirmation,exp12_search_edit_00,search_edit,canonical,1,DETAIL_END,5,96,-32,62338,`.ĊĊ,"`.

"
confirmation,exp12_search_edit_00,search_edit,canonical,1,ACTION0_END,0,102,-26,2711,Ġsearch, search
confirmation,exp12_search_edit_00,search_edit,canonical,1,ACTION0_END,1,103,-25,4136,_code,_code
confirmation,exp12_search_edit_00,search_edit,canonical,1,ACTION0_END,2,104,-24,445,"(""","("""
confirmation,exp12_search_edit_00,search_edit,canonical,1,ACTION0_END,3,105,-23,6400,parse,parse
confirmation,exp12_search_edit_00,search_edit,canonical,1,ACTION0_END,4,106,-22,14192,_record,_record
confirmation,exp12_search_edit_00,search_edit,canonical,1,ACTION0_END,5,107,-21,1138,""")Ċ",""")
"
confirmation,exp12_search_edit_00,search_edit,canonical,1,ACTION1_END,0,110,-18,2458,_file,_file
confirmation,exp12_search_edit_00,search_edit,canonical,1,ACTION1_END,1,111,-17,445,"(""","("""
confirmation,exp12_search_edit_00,search_edit,canonical,1,ACTION1_END,2,112,-16,3548,src,src
confirmation,exp12_search_edit_00,search_edit,canonical,1,ACTION1_END,3,113,-15,61770,/parser,/parser
confirmation,exp12_search_edit_00,search_edit,canonical,1,ACTION1_END,4,114,-14,7197,.py,.py
confirmation,exp12_search_edit_00,search_edit,canonical,1,ACTION1_END,5,115,-13,5130,""")ĊĊ",""")

"
confirmation,exp12_search_edit_00,search_edit,canonical,1,FINAL_INSTRUCTION_END,0,117,-11,279,Ġthe, the
confirmation,exp12_search_edit_00,search_edit,canonical,1,FINAL_INSTRUCTION_END,1,118,-10,3175,Ġsingle, single
confirmation,exp12_search_edit_00,search_edit,canonical,1,FINAL_INSTRUCTION_END,2,119,-9,1790,Ġnext, next
confirmation,exp12_search_edit_00,search_edit,canonical,1,FINAL_INSTRUCTION_END,3,120,-8,1917,Ġaction, action
confirmation,exp12_search_edit_00,search_edit,canonical,1,FINAL_INSTRUCTION_END,4,121,-7,1431,Ġnow, now
confirmation,exp12_search_edit_00,search_edit,canonical,1,FINAL_INSTRUCTION_END,5,122,-6,13,.,.
confirmation,exp12_search_edit_00,search_edit,canonical,1,USER_END,0,118,-10,3175,Ġsingle, single
confirmation,exp12_search_edit_00,search_edit,canonical,1,USER_END,1,119,-9,1790,Ġnext, next
confirmation,exp12_search_edit_00,search_edit,canonical,1,USER_END,2,120,-8,1917,Ġaction, action
confirmation,exp12_search_edit_00,search_edit,canonical,1,USER_END,3,121,-7,1431,Ġnow, now
confirmation,exp12_search_edit_00,search_edit,canonical,1,USER_END,4,122,-6,13,.,.
confirmation,exp12_search_edit_00,search_edit,canonical,1,USER_END,5,123,-5,151645,<|im_end|>,<|im_end|>
confirmation,exp12_search_edit_00,search_edit,canonical,1,GENERATION_BOUNDARY,0,122,-6,13,.,.
confirmation,exp12_search_edit_00,search_edit,canonical,1,GENERATION_BOUNDARY,1,123,-5,151645,<|im_end|>,<|im_end|>
confirmation,exp12_search_edit_00,search_edit,canonical,1,GENERATION_BOUNDARY,2,124,-4,198,Ċ,"
"
confirmation,exp12_search_edit_00,search_edit,canonical,1,GENERATION_BOUNDARY,3,125,-3,151644,<|im_start|>,<|im_start|>
confirmation,exp12_search_edit_00,search_edit,canonical,1,GENERATION_BOUNDARY,4,126,-2,77091,assistant,assistant
confirmation,exp12_search_edit_00,search_edit,canonical,1,GENERATION_BOUNDARY,5,127,-1,198,Ċ,"
"
confirmation,exp12_search_edit_00,search_edit,paraphrase,1,SKILL_END,0,29,-98,323,Ġand, and
confirmation,exp12_search_edit_00,search_edit,paraphrase,1,SKILL_END,1,30,-97,5785,Ġreference, reference
confirmation,exp12_search_edit_00,search_edit,paraphrase,1,SKILL_END,2,31,-96,2711,Ġsearch, search
confirmation,exp12_search_edit_00,search_edit,paraphrase,1,SKILL_END,3,32,-95,4041,Ġcomes, comes
confirmation,exp12_search_edit_00,search_edit,paraphrase,1,SKILL_END,4,33,-94,47943,Ġafterward, afterward
confirmation,exp12_search_edit_00,search_edit,paraphrase,1,SKILL_END,5,34,-93,382,.ĊĊ,".

"
confirmation,exp12_search_edit_00,search_edit,paraphrase,1,SYSTEM_END,0,41,-86,29130,Ġdeciding, deciding
confirmation,exp12_search_edit_00,search_edit,paraphrase,1,SYSTEM_END,1,42,-85,279,Ġthe, the
confirmation,exp12_search_edit_00,search_edit,paraphrase,1,SYSTEM_END,2,43,-84,1156,Ġfirst, first
confirmation,exp12_search_edit_00,search_edit,paraphrase,1,SYSTEM_END,3,44,-83,1917,Ġaction, action
confirmation,exp12_search_edit_00,search_edit,paraphrase,1,SYSTEM_END,4,45,-82,13,.,.
confirmation,exp12_search_edit_00,search_edit,paraphrase,1,SYSTEM_END,5,46,-81,151645,<|im_end|>,<|im_end|>
confirmation,exp12_search_edit_00,search_edit,paraphrase,1,ISSUE_END,0,77,-50,5383,Ġpattern, pattern
confirmation,exp12_search_edit_00,search_edit,paraphrase,1,ISSUE_END,1,78,-49,702,Ġhas, has
confirmation,exp12_search_edit_00,search_edit,paraphrase,1,ISSUE_END,2,79,-48,537,Ġnot, not
confirmation,exp12_search_edit_00,search_edit,paraphrase,1,ISSUE_END,3,80,-47,1012,Ġbeen, been
confirmation,exp12_search_edit_00,search_edit,paraphrase,1,ISSUE_END,4,81,-46,10067,Ġchecked, checked
confirmation,exp12_search_edit_00,search_edit,paraphrase,1,ISSUE_END,5,82,-45,382,.ĊĊ,".

"
confirmation,exp12_search_edit_00,search_edit,paraphrase,1,DETAIL_END,0,90,-37,374,Ġis, is
confirmation,exp12_search_edit_00,search_edit,paraphrase,1,DETAIL_END,1,91,-36,1565,Ġ`, `
confirmation,exp12_search_edit_00,search_edit,paraphrase,1,DETAIL_END,2,92,-35,3548,src,src
confirmation,exp12_search_edit_00,search_edit,paraphrase,1,DETAIL_END,3,93,-34,61770,/parser,/parser
confirmation,exp12_search_edit_00,search_edit,paraphrase,1,DETAIL_END,4,94,-33,7197,.py,.py
confirmation,exp12_search_edit_00,search_edit,paraphrase,1,DETAIL_END,5,95,-32,62338,`.ĊĊ,"`.

"
confirmation,exp12_search_edit_00,search_edit,paraphrase,1,ACTION0_END,0,101,-26,2711,Ġsearch, search
confirmation,exp12_search_edit_00,search_edit,paraphrase,1,ACTION0_END,1,102,-25,4136,_code,_code
confirmation,exp12_search_edit_00,search_edit,paraphrase,1,ACTION0_END,2,103,-24,445,"(""","("""
confirmation,exp12_search_edit_00,search_edit,paraphrase,1,ACTION0_END,3,104,-23,6400,parse,parse
confirmation,exp12_search_edit_00,search_edit,paraphrase,1,ACTION0_END,4,105,-22,14192,_record,_record
confirmation,exp12_search_edit_00,search_edit,paraphrase,1,ACTION0_END,5,106,-21,1138,""")Ċ",""")
"
confirmation,exp12_search_edit_00,search_edit,paraphrase,1,ACTION1_END,0,109,-18,2458,_file,_file
confirmation,exp12_search_edit_00,search_edit,paraphrase,1,ACTION1_END,1,110,-17,445,"(""","("""
confirmation,exp12_search_edit_00,search_edit,paraphrase,1,ACTION1_END,2,111,-16,3548,src,src
confirmation,exp12_search_edit_00,search_edit,paraphrase,1,ACTION1_END,3,112,-15,61770,/parser,/parser
confirmation,exp12_search_edit_00,search_edit,paraphrase,1,ACTION1_END,4,113,-14,7197,.py,.py
confirmation,exp12_search_edit_00,search_edit,paraphrase,1,ACTION1_END,5,114,-13,5130,""")ĊĊ",""")

"
confirmation,exp12_search_edit_00,search_edit,paraphrase,1,FINAL_INSTRUCTION_END,0,116,-11,279,Ġthe, the
confirmation,exp12_search_edit_00,search_edit,paraphrase,1,FINAL_INSTRUCTION_END,1,117,-10,3175,Ġsingle, single
confirmation,exp12_search_edit_00,search_edit,paraphrase,1,FINAL_INSTRUCTION_END,2,118,-9,1790,Ġnext, next
confirmation,exp12_search_edit_00,search_edit,paraphrase,1,FINAL_INSTRUCTION_END,3,119,-8,1917,Ġaction, action
confirmation,exp12_search_edit_00,search_edit,paraphrase,1,FINAL_INSTRUCTION_END,4,120,-7,1431,Ġnow, now
confirmation,exp12_search_edit_00,search_edit,paraphrase,1,FINAL_INSTRUCTION_END,5,121,-6,13,.,.
confirmation,exp12_search_edit_00,search_edit,paraphrase,1,USER_END,0,117,-10,3175,Ġsingle, single
confirmation,exp12_search_edit_00,search_edit,paraphrase,1,USER_END,1,118,-9,1790,Ġnext, next
confirmation,exp12_search_edit_00,search_edit,paraphrase,1,USER_END,2,119,-8,1917,Ġaction, action
confirmation,exp12_search_edit_00,search_edit,paraphrase,1,USER_END,3,120,-7,1431,Ġnow, now
confirmation,exp12_search_edit_00,search_edit,paraphrase,1,USER_END,4,121,-6,13,.,.
confirmation,exp12_search_edit_00,search_edit,paraphrase,1,USER_END,5,122,-5,151645,<|im_end|>,<|im_end|>
confirmation,exp12_search_edit_00,search_edit,paraphrase,1,GENERATION_BOUNDARY,0,121,-6,13,.,.
confirmation,exp12_search_edit_00,search_edit,paraphrase,1,GENERATION_BOUNDARY,1,122,-5,151645,<|im_end|>,<|im_end|>
confirmation,exp12_search_edit_00,search_edit,paraphrase,1,GENERATION_BOUNDARY,2,123,-4,198,Ċ,"
"
confirmation,exp12_search_edit_00,search_edit,paraphrase,1,GENERATION_BOUNDARY,3,124,-3,151644,<|im_start|>,<|im_start|>
confirmation,exp12_search_edit_00,search_edit,paraphrase,1,GENERATION_BOUNDARY,4,125,-2,77091,assistant,assistant
confirmation,exp12_search_edit_00,search_edit,paraphrase,1,GENERATION_BOUNDARY,5,126,-1,198,Ċ,"
"
confirmation,exp12_search_edit_02,search_edit,canonical,0,SKILL_END,0,35,-98,1172,Ġonly, only
confirmation,exp12_search_edit_02,search_edit,canonical,0,SKILL_END,1,36,-97,1283,Ġafter, after
confirmation,exp12_search_edit_02,search_edit,canonical,0,SKILL_END,2,37,-96,71891,Ġlocating, locating
confirmation,exp12_search_edit_02,search_edit,canonical,0,SKILL_END,3,38,-95,1181,Ġits, its
confirmation,exp12_search_edit_02,search_edit,canonical,0,SKILL_END,4,39,-94,5711,Ġuses, uses
confirmation,exp12_search_edit_02,search_edit,canonical,0,SKILL_END,5,40,-93,382,.ĊĊ,".

"
confirmation,exp12_search_edit_02,search_edit,canonical,0,SYSTEM_END,0,47,-86,29130,Ġdeciding, deciding
confirmation,exp12_search_edit_02,search_edit,canonical,0,SYSTEM_END,1,48,-85,279,Ġthe, the
confirmation,exp12_search_edit_02,search_edit,canonical,0,SYSTEM_END,2,49,-84,1156,Ġfirst, first
confirmation,exp12_search_edit_02,search_edit,canonical,0,SYSTEM_END,3,50,-83,1917,Ġaction, action
confirmation,exp12_search_edit_02,search_edit,canonical,0,SYSTEM_END,4,51,-82,13,.,.
confirmation,exp12_search_edit_02,search_edit,canonical,0,SYSTEM_END,5,52,-81,151645,<|im_end|>,<|im_end|>
confirmation,exp12_search_edit_02,search_edit,canonical,0,ISSUE_END,0,83,-50,5383,Ġpattern, pattern
confirmation,exp12_search_edit_02,search_edit,canonical,0,ISSUE_END,1,84,-49,702,Ġhas, has
confirmation,exp12_search_edit_02,search_edit,canonical,0,ISSUE_END,2,85,-48,537,Ġnot, not
confirmation,exp12_search_edit_02,search_edit,canonical,0,ISSUE_END,3,86,-47,1012,Ġbeen, been
confirmation,exp12_search_edit_02,search_edit,canonical,0,ISSUE_END,4,87,-46,10067,Ġchecked, checked
confirmation,exp12_search_edit_02,search_edit,canonical,0,ISSUE_END,5,88,-45,382,.ĊĊ,".

"
confirmation,exp12_search_edit_02,search_edit,canonical,0,DETAIL_END,0,96,-37,374,Ġis, is
confirmation,exp12_search_edit_02,search_edit,canonical,0,DETAIL_END,1,97,-36,1565,Ġ`, `
confirmation,exp12_search_edit_02,search_edit,canonical,0,DETAIL_END,2,98,-35,3548,src,src
confirmation,exp12_search_edit_02,search_edit,canonical,0,DETAIL_END,3,99,-34,18546,/router,/router
confirmation,exp12_search_edit_02,search_edit,canonical,0,DETAIL_END,4,100,-33,7197,.py,.py
confirmation,exp12_search_edit_02,search_edit,canonical,0,DETAIL_END,5,101,-32,62338,`.ĊĊ,"`.

"
confirmation,exp12_search_edit_02,search_edit,canonical,0,ACTION0_END,0,107,-26,2711,Ġsearch, search
confirmation,exp12_search_edit_02,search_edit,canonical,0,ACTION0_END,1,108,-25,4136,_code,_code
confirmation,exp12_search_edit_02,search_edit,canonical,0,ACTION0_END,2,109,-24,445,"(""","("""
confirmation,exp12_search_edit_02,search_edit,canonical,0,ACTION0_END,3,110,-23,8966,route,route
confirmation,exp12_search_edit_02,search_edit,canonical,0,ACTION0_END,4,111,-22,7893,_request,_request
confirmation,exp12_search_edit_02,search_edit,canonical,0,ACTION0_END,5,112,-21,1138,""")Ċ",""")
"
confirmation,exp12_search_edit_02,search_edit,canonical,0,ACTION1_END,0,115,-18,2458,_file,_file
confirmation,exp12_search_edit_02,search_edit,canonical,0,ACTION1_END,1,116,-17,445,"(""","("""
confirmation,exp12_search_edit_02,search_edit,canonical,0,ACTION1_END,2,117,-16,3548,src,src
confirmation,exp12_search_edit_02,search_edit,canonical,0,ACTION1_END,3,118,-15,18546,/router,/router
confirmation,exp12_search_edit_02,search_edit,canonical,0,ACTION1_END,4,119,-14,7197,.py,.py
confirmation,exp12_search_edit_02,search_edit,canonical,0,ACTION1_END,5,120,-13,5130,""")ĊĊ",""")

"
confirmation,exp12_search_edit_02,search_edit,canonical,0,FINAL_INSTRUCTION_END,0,122,-11,279,Ġthe, the
confirmation,exp12_search_edit_02,search_edit,canonical,0,FINAL_INSTRUCTION_END,1,123,-10,3175,Ġsingle, single
confirmation,exp12_search_edit_02,search_edit,canonical,0,FINAL_INSTRUCTION_END,2,124,-9,1790,Ġnext, next
confirmation,exp12_search_edit_02,search_edit,canonical,0,FINAL_INSTRUCTION_END,3,125,-8,1917,Ġaction, action
confirmation,exp12_search_edit_02,search_edit,canonical,0,FINAL_INSTRUCTION_END,4,126,-7,1431,Ġnow, now
confirmation,exp12_search_edit_02,search_edit,canonical,0,FINAL_INSTRUCTION_END,5,127,-6,13,.,.
confirmation,exp12_search_edit_02,search_edit,canonical,0,USER_END,0,123,-10,3175,Ġsingle, single
confirmation,exp12_search_edit_02,search_edit,canonical,0,USER_END,1,124,-9,1790,Ġnext, next
confirmation,exp12_search_edit_02,search_edit,canonical,0,USER_END,2,125,-8,1917,Ġaction, action
confirmation,exp12_search_edit_02,search_edit,canonical,0,USER_END,3,126,-7,1431,Ġnow, now
confirmation,exp12_search_edit_02,search_edit,canonical,0,USER_END,4,127,-6,13,.,.
confirmation,exp12_search_edit_02,search_edit,canonical,0,USER_END,5,128,-5,151645,<|im_end|>,<|im_end|>
confirmation,exp12_search_edit_02,search_edit,canonical,0,GENERATION_BOUNDARY,0,127,-6,13,.,.
confirmation,exp12_search_edit_02,search_edit,canonical,0,GENERATION_BOUNDARY,1,128,-5,151645,<|im_end|>,<|im_end|>
confirmation,exp12_search_edit_02,search_edit,canonical,0,GENERATION_BOUNDARY,2,129,-4,198,Ċ,"
"
confirmation,exp12_search_edit_02,search_edit,canonical,0,GENERATION_BOUNDARY,3,130,-3,151644,<|im_start|>,<|im_start|>
confirmation,exp12_search_edit_02,search_edit,canonical,0,GENERATION_BOUNDARY,4,131,-2,77091,assistant,assistant
confirmation,exp12_search_edit_02,search_edit,canonical,0,GENERATION_BOUNDARY,5,132,-1,198,Ċ,"
"
confirmation,exp12_search_edit_02,search_edit,paraphrase,0,SKILL_END,0,30,-98,448,Ġwith, with
confirmation,exp12_search_edit_02,search_edit,paraphrase,0,SKILL_END,1,31,-97,2530,Ġsource, source
confirmation,exp12_search_edit_02,search_edit,paraphrase,0,SKILL_END,2,32,-96,25683,Ġinspection, inspection
confirmation,exp12_search_edit_02,search_edit,paraphrase,0,SKILL_END,3,33,-95,2701,Ġfollowing, following
confirmation,exp12_search_edit_02,search_edit,paraphrase,0,SKILL_END,4,34,-94,2937,Ġlater, later
confirmation,exp12_search_edit_02,search_edit,paraphrase,0,SKILL_END,5,35,-93,382,.ĊĊ,".

"
confirmation,exp12_search_edit_02,search_edit,paraphrase,0,SYSTEM_END,0,42,-86,29130,Ġdeciding, deciding
confirmation,exp12_search_edit_02,search_edit,paraphrase,0,SYSTEM_END,1,43,-85,279,Ġthe, the
confirmation,exp12_search_edit_02,search_edit,paraphrase,0,SYSTEM_END,2,44,-84,1156,Ġfirst, first
confirmation,exp12_search_edit_02,search_edit,paraphrase,0,SYSTEM_END,3,45,-83,1917,Ġaction, action
confirmation,exp12_search_edit_02,search_edit,paraphrase,0,SYSTEM_END,4,46,-82,13,.,.
confirmation,exp12_search_edit_02,search_edit,paraphrase,0,SYSTEM_END,5,47,-81,151645,<|im_end|>,<|im_end|>
confirmation,exp12_search_edit_02,search_edit,paraphrase,0,ISSUE_END,0,78,-50,5383,Ġpattern, pattern
confirmation,exp12_search_edit_02,search_edit,paraphrase,0,ISSUE_END,1,79,-49,702,Ġhas, has
confirmation,exp12_search_edit_02,search_edit,paraphrase,0,ISSUE_END,2,80,-48,537,Ġnot, not
confirmation,exp12_search_edit_02,search_edit,paraphrase,0,ISSUE_END,3,81,-47,1012,Ġbeen, been
confirmation,exp12_search_edit_02,search_edit,paraphrase,0,ISSUE_END,4,82,-46,10067,Ġchecked, checked
confirmation,exp12_search_edit_02,search_edit,paraphrase,0,ISSUE_END,5,83,-45,382,.ĊĊ,".

"
confirmation,exp12_search_edit_02,search_edit,paraphrase,0,DETAIL_END,0,91,-37,374,Ġis, is
confirmation,exp12_search_edit_02,search_edit,paraphrase,0,DETAIL_END,1,92,-36,1565,Ġ`, `
confirmation,exp12_search_edit_02,search_edit,paraphrase,0,DETAIL_END,2,93,-35,3548,src,src
confirmation,exp12_search_edit_02,search_edit,paraphrase,0,DETAIL_END,3,94,-34,18546,/router,/router
confirmation,exp12_search_edit_02,search_edit,paraphrase,0,DETAIL_END,4,95,-33,7197,.py,.py
confirmation,exp12_search_edit_02,search_edit,paraphrase,0,DETAIL_END,5,96,-32,62338,`.ĊĊ,"`.

"
confirmation,exp12_search_edit_02,search_edit,paraphrase,0,ACTION0_END,0,102,-26,2711,Ġsearch, search
confirmation,exp12_search_edit_02,search_edit,paraphrase,0,ACTION0_END,1,103,-25,4136,_code,_code
confirmation,exp12_search_edit_02,search_edit,paraphrase,0,ACTION0_END,2,104,-24,445,"(""","("""
confirmation,exp12_search_edit_02,search_edit,paraphrase,0,ACTION0_END,3,105,-23,8966,route,route
confirmation,exp12_search_edit_02,search_edit,paraphrase,0,ACTION0_END,4,106,-22,7893,_request,_request
confirmation,exp12_search_edit_02,search_edit,paraphrase,0,ACTION0_END,5,107,-21,1138,""")Ċ",""")
"
confirmation,exp12_search_edit_02,search_edit,paraphrase,0,ACTION1_END,0,110,-18,2458,_file,_file
confirmation,exp12_search_edit_02,search_edit,paraphrase,0,ACTION1_END,1,111,-17,445,"(""","("""
confirmation,exp12_search_edit_02,search_edit,paraphrase,0,ACTION1_END,2,112,-16,3548,src,src
confirmation,exp12_search_edit_02,search_edit,paraphrase,0,ACTION1_END,3,113,-15,18546,/router,/router
confirmation,exp12_search_edit_02,search_edit,paraphrase,0,ACTION1_END,4,114,-14,7197,.py,.py
confirmation,exp12_search_edit_02,search_edit,paraphrase,0,ACTION1_END,5,115,-13,5130,""")ĊĊ",""")

"
confirmation,exp12_search_edit_02,search_edit,paraphrase,0,FINAL_INSTRUCTION_END,0,117,-11,279,Ġthe, the
confirmation,exp12_search_edit_02,search_edit,paraphrase,0,FINAL_INSTRUCTION_END,1,118,-10,3175,Ġsingle, single
confirmation,exp12_search_edit_02,search_edit,paraphrase,0,FINAL_INSTRUCTION_END,2,119,-9,1790,Ġnext, next
confirmation,exp12_search_edit_02,search_edit,paraphrase,0,FINAL_INSTRUCTION_END,3,120,-8,1917,Ġaction, action
confirmation,exp12_search_edit_02,search_edit,paraphrase,0,FINAL_INSTRUCTION_END,4,121,-7,1431,Ġnow, now
confirmation,exp12_search_edit_02,search_edit,paraphrase,0,FINAL_INSTRUCTION_END,5,122,-6,13,.,.
confirmation,exp12_search_edit_02,search_edit,paraphrase,0,USER_END,0,118,-10,3175,Ġsingle, single
confirmation,exp12_search_edit_02,search_edit,paraphrase,0,USER_END,1,119,-9,1790,Ġnext, next
confirmation,exp12_search_edit_02,search_edit,paraphrase,0,USER_END,2,120,-8,1917,Ġaction, action
confirmation,exp12_search_edit_02,search_edit,paraphrase,0,USER_END,3,121,-7,1431,Ġnow, now
confirmation,exp12_search_edit_02,search_edit,paraphrase,0,USER_END,4,122,-6,13,.,.
confirmation,exp12_search_edit_02,search_edit,paraphrase,0,USER_END,5,123,-5,151645,<|im_end|>,<|im_end|>
confirmation,exp12_search_edit_02,search_edit,paraphrase,0,GENERATION_BOUNDARY,0,122,-6,13,.,.
confirmation,exp12_search_edit_02,search_edit,paraphrase,0,GENERATION_BOUNDARY,1,123,-5,151645,<|im_end|>,<|im_end|>
confirmation,exp12_search_edit_02,search_edit,paraphrase,0,GENERATION_BOUNDARY,2,124,-4,198,Ċ,"
"
confirmation,exp12_search_edit_02,search_edit,paraphrase,0,GENERATION_BOUNDARY,3,125,-3,151644,<|im_start|>,<|im_start|>
confirmation,exp12_search_edit_02,search_edit,paraphrase,0,GENERATION_BOUNDARY,4,126,-2,77091,assistant,assistant
confirmation,exp12_search_edit_02,search_edit,paraphrase,0,GENERATION_BOUNDARY,5,127,-1,198,Ċ,"
"
confirmation,exp12_search_edit_02,search_edit,canonical,1,SKILL_END,0,30,-98,1283,Ġafter, after
confirmation,exp12_search_edit_02,search_edit,canonical,1,SKILL_END,1,31,-97,8660,Ġunderstanding, understanding
confirmation,exp12_search_edit_02,search_edit,canonical,1,SKILL_END,2,32,-96,279,Ġthe, the
confirmation,exp12_search_edit_02,search_edit,canonical,1,SKILL_END,3,33,-95,2169,Ġtarget, target
confirmation,exp12_search_edit_02,search_edit,canonical,1,SKILL_END,4,34,-94,2038,Ġcode, code
confirmation,exp12_search_edit_02,search_edit,canonical,1,SKILL_END,5,35,-93,382,.ĊĊ,".

"
confirmation,exp12_search_edit_02,search_edit,canonical,1,SYSTEM_END,0,42,-86,29130,Ġdeciding, deciding
confirmation,exp12_search_edit_02,search_edit,canonical,1,SYSTEM_END,1,43,-85,279,Ġthe, the
confirmation,exp12_search_edit_02,search_edit,canonical,1,SYSTEM_END,2,44,-84,1156,Ġfirst, first
confirmation,exp12_search_edit_02,search_edit,canonical,1,SYSTEM_END,3,45,-83,1917,Ġaction, action
confirmation,exp12_search_edit_02,search_edit,canonical,1,SYSTEM_END,4,46,-82,13,.,.
confirmation,exp12_search_edit_02,search_edit,canonical,1,SYSTEM_END,5,47,-81,151645,<|im_end|>,<|im_end|>
confirmation,exp12_search_edit_02,search_edit,canonical,1,ISSUE_END,0,78,-50,5383,Ġpattern, pattern
confirmation,exp12_search_edit_02,search_edit,canonical,1,ISSUE_END,1,79,-49,702,Ġhas, has
confirmation,exp12_search_edit_02,search_edit,canonical,1,ISSUE_END,2,80,-48,537,Ġnot, not
confirmation,exp12_search_edit_02,search_edit,canonical,1,ISSUE_END,3,81,-47,1012,Ġbeen, been
confirmation,exp12_search_edit_02,search_edit,canonical,1,ISSUE_END,4,82,-46,10067,Ġchecked, checked
confirmation,exp12_search_edit_02,search_edit,canonical,1,ISSUE_END,5,83,-45,382,.ĊĊ,".

"
confirmation,exp12_search_edit_02,search_edit,canonical,1,DETAIL_END,0,91,-37,374,Ġis, is
confirmation,exp12_search_edit_02,search_edit,canonical,1,DETAIL_END,1,92,-36,1565,Ġ`, `
confirmation,exp12_search_edit_02,search_edit,canonical,1,DETAIL_END,2,93,-35,3548,src,src
confirmation,exp12_search_edit_02,search_edit,canonical,1,DETAIL_END,3,94,-34,18546,/router,/router
confirmation,exp12_search_edit_02,search_edit,canonical,1,DETAIL_END,4,95,-33,7197,.py,.py
confirmation,exp12_search_edit_02,search_edit,canonical,1,DETAIL_END,5,96,-32,62338,`.ĊĊ,"`.

"
confirmation,exp12_search_edit_02,search_edit,canonical,1,ACTION0_END,0,102,-26,2711,Ġsearch, search
confirmation,exp12_search_edit_02,search_edit,canonical,1,ACTION0_END,1,103,-25,4136,_code,_code
confirmation,exp12_search_edit_02,search_edit,canonical,1,ACTION0_END,2,104,-24,445,"(""","("""
confirmation,exp12_search_edit_02,search_edit,canonical,1,ACTION0_END,3,105,-23,8966,route,route
confirmation,exp12_search_edit_02,search_edit,canonical,1,ACTION0_END,4,106,-22,7893,_request,_request
confirmation,exp12_search_edit_02,search_edit,canonical,1,ACTION0_END,5,107,-21,1138,""")Ċ",""")
"
confirmation,exp12_search_edit_02,search_edit,canonical,1,ACTION1_END,0,110,-18,2458,_file,_file
confirmation,exp12_search_edit_02,search_edit,canonical,1,ACTION1_END,1,111,-17,445,"(""","("""
confirmation,exp12_search_edit_02,search_edit,canonical,1,ACTION1_END,2,112,-16,3548,src,src
confirmation,exp12_search_edit_02,search_edit,canonical,1,ACTION1_END,3,113,-15,18546,/router,/router
confirmation,exp12_search_edit_02,search_edit,canonical,1,ACTION1_END,4,114,-14,7197,.py,.py
confirmation,exp12_search_edit_02,search_edit,canonical,1,ACTION1_END,5,115,-13,5130,""")ĊĊ",""")

"
confirmation,exp12_search_edit_02,search_edit,canonical,1,FINAL_INSTRUCTION_END,0,117,-11,279,Ġthe, the
confirmation,exp12_search_edit_02,search_edit,canonical,1,FINAL_INSTRUCTION_END,1,118,-10,3175,Ġsingle, single
confirmation,exp12_search_edit_02,search_edit,canonical,1,FINAL_INSTRUCTION_END,2,119,-9,1790,Ġnext, next
confirmation,exp12_search_edit_02,search_edit,canonical,1,FINAL_INSTRUCTION_END,3,120,-8,1917,Ġaction, action
confirmation,exp12_search_edit_02,search_edit,canonical,1,FINAL_INSTRUCTION_END,4,121,-7,1431,Ġnow, now
confirmation,exp12_search_edit_02,search_edit,canonical,1,FINAL_INSTRUCTION_END,5,122,-6,13,.,.
confirmation,exp12_search_edit_02,search_edit,canonical,1,USER_END,0,118,-10,3175,Ġsingle, single
confirmation,exp12_search_edit_02,search_edit,canonical,1,USER_END,1,119,-9,1790,Ġnext, next
confirmation,exp12_search_edit_02,search_edit,canonical,1,USER_END,2,120,-8,1917,Ġaction, action
confirmation,exp12_search_edit_02,search_edit,canonical,1,USER_END,3,121,-7,1431,Ġnow, now
confirmation,exp12_search_edit_02,search_edit,canonical,1,USER_END,4,122,-6,13,.,.
confirmation,exp12_search_edit_02,search_edit,canonical,1,USER_END,5,123,-5,151645,<|im_end|>,<|im_end|>
confirmation,exp12_search_edit_02,search_edit,canonical,1,GENERATION_BOUNDARY,0,122,-6,13,.,.
confirmation,exp12_search_edit_02,search_edit,canonical,1,GENERATION_BOUNDARY,1,123,-5,151645,<|im_end|>,<|im_end|>
confirmation,exp12_search_edit_02,search_edit,canonical,1,GENERATION_BOUNDARY,2,124,-4,198,Ċ,"
"
confirmation,exp12_search_edit_02,search_edit,canonical,1,GENERATION_BOUNDARY,3,125,-3,151644,<|im_start|>,<|im_start|>
confirmation,exp12_search_edit_02,search_edit,canonical,1,GENERATION_BOUNDARY,4,126,-2,77091,assistant,assistant
confirmation,exp12_search_edit_02,search_edit,canonical,1,GENERATION_BOUNDARY,5,127,-1,198,Ċ,"
"
confirmation,exp12_search_edit_02,search_edit,paraphrase,1,SKILL_END,0,29,-98,323,Ġand, and
confirmation,exp12_search_edit_02,search_edit,paraphrase,1,SKILL_END,1,30,-97,5785,Ġreference, reference
confirmation,exp12_search_edit_02,search_edit,paraphrase,1,SKILL_END,2,31,-96,2711,Ġsearch, search
confirmation,exp12_search_edit_02,search_edit,paraphrase,1,SKILL_END,3,32,-95,4041,Ġcomes, comes
confirmation,exp12_search_edit_02,search_edit,paraphrase,1,SKILL_END,4,33,-94,47943,Ġafterward, afterward
confirmation,exp12_search_edit_02,search_edit,paraphrase,1,SKILL_END,5,34,-93,382,.ĊĊ,".

"
confirmation,exp12_search_edit_02,search_edit,paraphrase,1,SYSTEM_END,0,41,-86,29130,Ġdeciding, deciding
confirmation,exp12_search_edit_02,search_edit,paraphrase,1,SYSTEM_END,1,42,-85,279,Ġthe, the
confirmation,exp12_search_edit_02,search_edit,paraphrase,1,SYSTEM_END,2,43,-84,1156,Ġfirst, first
confirmation,exp12_search_edit_02,search_edit,paraphrase,1,SYSTEM_END,3,44,-83,1917,Ġaction, action
confirmation,exp12_search_edit_02,search_edit,paraphrase,1,SYSTEM_END,4,45,-82,13,.,.
confirmation,exp12_search_edit_02,search_edit,paraphrase,1,SYSTEM_END,5,46,-81,151645,<|im_end|>,<|im_end|>
confirmation,exp12_search_edit_02,search_edit,paraphrase,1,ISSUE_END,0,77,-50,5383,Ġpattern, pattern
confirmation,exp12_search_edit_02,search_edit,paraphrase,1,ISSUE_END,1,78,-49,702,Ġhas, has
confirmation,exp12_search_edit_02,search_edit,paraphrase,1,ISSUE_END,2,79,-48,537,Ġnot, not
confirmation,exp12_search_edit_02,search_edit,paraphrase,1,ISSUE_END,3,80,-47,1012,Ġbeen, been
confirmation,exp12_search_edit_02,search_edit,paraphrase,1,ISSUE_END,4,81,-46,10067,Ġchecked, checked
confirmation,exp12_search_edit_02,search_edit,paraphrase,1,ISSUE_END,5,82,-45,382,.ĊĊ,".

"
confirmation,exp12_search_edit_02,search_edit,paraphrase,1,DETAIL_END,0,90,-37,374,Ġis, is
confirmation,exp12_search_edit_02,search_edit,paraphrase,1,DETAIL_END,1,91,-36,1565,Ġ`, `
confirmation,exp12_search_edit_02,search_edit,paraphrase,1,DETAIL_END,2,92,-35,3548,src,src
confirmation,exp12_search_edit_02,search_edit,paraphrase,1,DETAIL_END,3,93,-34,18546,/router,/router
confirmation,exp12_search_edit_02,search_edit,paraphrase,1,DETAIL_END,4,94,-33,7197,.py,.py
confirmation,exp12_search_edit_02,search_edit,paraphrase,1,DETAIL_END,5,95,-32,62338,`.ĊĊ,"`.

"
confirmation,exp12_search_edit_02,search_edit,paraphrase,1,ACTION0_END,0,101,-26,2711,Ġsearch, search
confirmation,exp12_search_edit_02,search_edit,paraphrase,1,ACTION0_END,1,102,-25,4136,_code,_code
confirmation,exp12_search_edit_02,search_edit,paraphrase,1,ACTION0_END,2,103,-24,445,"(""","("""
confirmation,exp12_search_edit_02,search_edit,paraphrase,1,ACTION0_END,3,104,-23,8966,route,route
confirmation,exp12_search_edit_02,search_edit,paraphrase,1,ACTION0_END,4,105,-22,7893,_request,_request
confirmation,exp12_search_edit_02,search_edit,paraphrase,1,ACTION0_END,5,106,-21,1138,""")Ċ",""")
"
confirmation,exp12_search_edit_02,search_edit,paraphrase,1,ACTION1_END,0,109,-18,2458,_file,_file
confirmation,exp12_search_edit_02,search_edit,paraphrase,1,ACTION1_END,1,110,-17,445,"(""","("""
confirmation,exp12_search_edit_02,search_edit,paraphrase,1,ACTION1_END,2,111,-16,3548,src,src
confirmation,exp12_search_edit_02,search_edit,paraphrase,1,ACTION1_END,3,112,-15,18546,/router,/router
confirmation,exp12_search_edit_02,search_edit,paraphrase,1,ACTION1_END,4,113,-14,7197,.py,.py
confirmation,exp12_search_edit_02,search_edit,paraphrase,1,ACTION1_END,5,114,-13,5130,""")ĊĊ",""")

"
confirmation,exp12_search_edit_02,search_edit,paraphrase,1,FINAL_INSTRUCTION_END,0,116,-11,279,Ġthe, the
confirmation,exp12_search_edit_02,search_edit,paraphrase,1,FINAL_INSTRUCTION_END,1,117,-10,3175,Ġsingle, single
confirmation,exp12_search_edit_02,search_edit,paraphrase,1,FINAL_INSTRUCTION_END,2,118,-9,1790,Ġnext, next
confirmation,exp12_search_edit_02,search_edit,paraphrase,1,FINAL_INSTRUCTION_END,3,119,-8,1917,Ġaction, action
confirmation,exp12_search_edit_02,search_edit,paraphrase,1,FINAL_INSTRUCTION_END,4,120,-7,1431,Ġnow, now
confirmation,exp12_search_edit_02,search_edit,paraphrase,1,FINAL_INSTRUCTION_END,5,121,-6,13,.,.
confirmation,exp12_search_edit_02,search_edit,paraphrase,1,USER_END,0,117,-10,3175,Ġsingle, single
confirmation,exp12_search_edit_02,search_edit,paraphrase,1,USER_END,1,118,-9,1790,Ġnext, next
confirmation,exp12_search_edit_02,search_edit,paraphrase,1,USER_END,2,119,-8,1917,Ġaction, action
confirmation,exp12_search_edit_02,search_edit,paraphrase,1,USER_END,3,120,-7,1431,Ġnow, now
confirmation,exp12_search_edit_02,search_edit,paraphrase,1,USER_END,4,121,-6,13,.,.
confirmation,exp12_search_edit_02,search_edit,paraphrase,1,USER_END,5,122,-5,151645,<|im_end|>,<|im_end|>
confirmation,exp12_search_edit_02,search_edit,paraphrase,1,GENERATION_BOUNDARY,0,121,-6,13,.,.
confirmation,exp12_search_edit_02,search_edit,paraphrase,1,GENERATION_BOUNDARY,1,122,-5,151645,<|im_end|>,<|im_end|>
confirmation,exp12_search_edit_02,search_edit,paraphrase,1,GENERATION_BOUNDARY,2,123,-4,198,Ċ,"
"
confirmation,exp12_search_edit_02,search_edit,paraphrase,1,GENERATION_BOUNDARY,3,124,-3,151644,<|im_start|>,<|im_start|>
confirmation,exp12_search_edit_02,search_edit,paraphrase,1,GENERATION_BOUNDARY,4,125,-2,77091,assistant,assistant
confirmation,exp12_search_edit_02,search_edit,paraphrase,1,GENERATION_BOUNDARY,5,126,-1,198,Ċ,"
"
confirmation,exp12_search_edit_04,search_edit,canonical,0,SKILL_END,0,35,-100,1172,Ġonly, only
confirmation,exp12_search_edit_04,search_edit,canonical,0,SKILL_END,1,36,-99,1283,Ġafter, after
confirmation,exp12_search_edit_04,search_edit,canonical,0,SKILL_END,2,37,-98,71891,Ġlocating, locating
confirmation,exp12_search_edit_04,search_edit,canonical,0,SKILL_END,3,38,-97,1181,Ġits, its
confirmation,exp12_search_edit_04,search_edit,canonical,0,SKILL_END,4,39,-96,5711,Ġuses, uses
confirmation,exp12_search_edit_04,search_edit,canonical,0,SKILL_END,5,40,-95,382,.ĊĊ,".

"
confirmation,exp12_search_edit_04,search_edit,canonical,0,SYSTEM_END,0,47,-88,29130,Ġdeciding, deciding
confirmation,exp12_search_edit_04,search_edit,canonical,0,SYSTEM_END,1,48,-87,279,Ġthe, the
confirmation,exp12_search_edit_04,search_edit,canonical,0,SYSTEM_END,2,49,-86,1156,Ġfirst, first
confirmation,exp12_search_edit_04,search_edit,canonical,0,SYSTEM_END,3,50,-85,1917,Ġaction, action
confirmation,exp12_search_edit_04,search_edit,canonical,0,SYSTEM_END,4,51,-84,13,.,.
confirmation,exp12_search_edit_04,search_edit,canonical,0,SYSTEM_END,5,52,-83,151645,<|im_end|>,<|im_end|>
confirmation,exp12_search_edit_04,search_edit,canonical,0,ISSUE_END,0,83,-52,5383,Ġpattern, pattern
confirmation,exp12_search_edit_04,search_edit,canonical,0,ISSUE_END,1,84,-51,702,Ġhas, has
confirmation,exp12_search_edit_04,search_edit,canonical,0,ISSUE_END,2,85,-50,537,Ġnot, not
confirmation,exp12_search_edit_04,search_edit,canonical,0,ISSUE_END,3,86,-49,1012,Ġbeen, been
confirmation,exp12_search_edit_04,search_edit,canonical,0,ISSUE_END,4,87,-48,10067,Ġchecked, checked
confirmation,exp12_search_edit_04,search_edit,canonical,0,ISSUE_END,5,88,-47,382,.ĊĊ,".

"
confirmation,exp12_search_edit_04,search_edit,canonical,0,DETAIL_END,0,97,-38,1565,Ġ`, `
confirmation,exp12_search_edit_04,search_edit,canonical,0,DETAIL_END,1,98,-37,3548,src,src
confirmation,exp12_search_edit_04,search_edit,canonical,0,DETAIL_END,2,99,-36,2687,/s,/s
confirmation,exp12_search_edit_04,search_edit,canonical,0,DETAIL_END,3,100,-35,15222,cheduler,cheduler
confirmation,exp12_search_edit_04,search_edit,canonical,0,DETAIL_END,4,101,-34,7197,.py,.py
confirmation,exp12_search_edit_04,search_edit,canonical,0,DETAIL_END,5,102,-33,62338,`.ĊĊ,"`.

"
confirmation,exp12_search_edit_04,search_edit,canonical,0,ACTION0_END,0,108,-27,2711,Ġsearch, search
confirmation,exp12_search_edit_04,search_edit,canonical,0,ACTION0_END,1,109,-26,4136,_code,_code
confirmation,exp12_search_edit_04,search_edit,canonical,0,ACTION0_END,2,110,-25,445,"(""","("""
confirmation,exp12_search_edit_04,search_edit,canonical,0,ACTION0_END,3,111,-24,28630,schedule,schedule
confirmation,exp12_search_edit_04,search_edit,canonical,0,ACTION0_END,4,112,-23,20298,_job,_job
confirmation,exp12_search_edit_04,search_edit,canonical,0,ACTION0_END,5,113,-22,1138,""")Ċ",""")
"
confirmation,exp12_search_edit_04,search_edit,canonical,0,ACTION1_END,0,117,-18,445,"(""","("""
confirmation,exp12_search_edit_04,search_edit,canonical,0,ACTION1_END,1,118,-17,3548,src,src
confirmation,exp12_search_edit_04,search_edit,canonical,0,ACTION1_END,2,119,-16,2687,/s,/s
confirmation,exp12_search_edit_04,search_edit,canonical,0,ACTION1_END,3,120,-15,15222,cheduler,cheduler
confirmation,exp12_search_edit_04,search_edit,canonical,0,ACTION1_END,4,121,-14,7197,.py,.py
confirmation,exp12_search_edit_04,search_edit,canonical,0,ACTION1_END,5,122,-13,5130,""")ĊĊ",""")

"
confirmation,exp12_search_edit_04,search_edit,canonical,0,FINAL_INSTRUCTION_END,0,124,-11,279,Ġthe, the
confirmation,exp12_search_edit_04,search_edit,canonical,0,FINAL_INSTRUCTION_END,1,125,-10,3175,Ġsingle, single
confirmation,exp12_search_edit_04,search_edit,canonical,0,FINAL_INSTRUCTION_END,2,126,-9,1790,Ġnext, next
confirmation,exp12_search_edit_04,search_edit,canonical,0,FINAL_INSTRUCTION_END,3,127,-8,1917,Ġaction, action
confirmation,exp12_search_edit_04,search_edit,canonical,0,FINAL_INSTRUCTION_END,4,128,-7,1431,Ġnow, now
confirmation,exp12_search_edit_04,search_edit,canonical,0,FINAL_INSTRUCTION_END,5,129,-6,13,.,.
confirmation,exp12_search_edit_04,search_edit,canonical,0,USER_END,0,125,-10,3175,Ġsingle, single
confirmation,exp12_search_edit_04,search_edit,canonical,0,USER_END,1,126,-9,1790,Ġnext, next
confirmation,exp12_search_edit_04,search_edit,canonical,0,USER_END,2,127,-8,1917,Ġaction, action
confirmation,exp12_search_edit_04,search_edit,canonical,0,USER_END,3,128,-7,1431,Ġnow, now
confirmation,exp12_search_edit_04,search_edit,canonical,0,USER_END,4,129,-6,13,.,.
confirmation,exp12_search_edit_04,search_edit,canonical,0,USER_END,5,130,-5,151645,<|im_end|>,<|im_end|>
confirmation,exp12_search_edit_04,search_edit,canonical,0,GENERATION_BOUNDARY,0,129,-6,13,.,.
confirmation,exp12_search_edit_04,search_edit,canonical,0,GENERATION_BOUNDARY,1,130,-5,151645,<|im_end|>,<|im_end|>
confirmation,exp12_search_edit_04,search_edit,canonical,0,GENERATION_BOUNDARY,2,131,-4,198,Ċ,"
"
confirmation,exp12_search_edit_04,search_edit,canonical,0,GENERATION_BOUNDARY,3,132,-3,151644,<|im_start|>,<|im_start|>
confirmation,exp12_search_edit_04,search_edit,canonical,0,GENERATION_BOUNDARY,4,133,-2,77091,assistant,assistant
confirmation,exp12_search_edit_04,search_edit,canonical,0,GENERATION_BOUNDARY,5,134,-1,198,Ċ,"
"
confirmation,exp12_search_edit_04,search_edit,paraphrase,0,SKILL_END,0,30,-100,448,Ġwith, with
confirmation,exp12_search_edit_04,search_edit,paraphrase,0,SKILL_END,1,31,-99,2530,Ġsource, source
confirmation,exp12_search_edit_04,search_edit,paraphrase,0,SKILL_END,2,32,-98,25683,Ġinspection, inspection
confirmation,exp12_search_edit_04,search_edit,paraphrase,0,SKILL_END,3,33,-97,2701,Ġfollowing, following
confirmation,exp12_search_edit_04,search_edit,paraphrase,0,SKILL_END,4,34,-96,2937,Ġlater, later
confirmation,exp12_search_edit_04,search_edit,paraphrase,0,SKILL_END,5,35,-95,382,.ĊĊ,".

"
confirmation,exp12_search_edit_04,search_edit,paraphrase,0,SYSTEM_END,0,42,-88,29130,Ġdeciding, deciding
confirmation,exp12_search_edit_04,search_edit,paraphrase,0,SYSTEM_END,1,43,-87,279,Ġthe, the
confirmation,exp12_search_edit_04,search_edit,paraphrase,0,SYSTEM_END,2,44,-86,1156,Ġfirst, first
confirmation,exp12_search_edit_04,search_edit,paraphrase,0,SYSTEM_END,3,45,-85,1917,Ġaction, action
confirmation,exp12_search_edit_04,search_edit,paraphrase,0,SYSTEM_END,4,46,-84,13,.,.
confirmation,exp12_search_edit_04,search_edit,paraphrase,0,SYSTEM_END,5,47,-83,151645,<|im_end|>,<|im_end|>
confirmation,exp12_search_edit_04,search_edit,paraphrase,0,ISSUE_END,0,78,-52,5383,Ġpattern, pattern
confirmation,exp12_search_edit_04,search_edit,paraphrase,0,ISSUE_END,1,79,-51,702,Ġhas, has
confirmation,exp12_search_edit_04,search_edit,paraphrase,0,ISSUE_END,2,80,-50,537,Ġnot, not
confirmation,exp12_search_edit_04,search_edit,paraphrase,0,ISSUE_END,3,81,-49,1012,Ġbeen, been
confirmation,exp12_search_edit_04,search_edit,paraphrase,0,ISSUE_END,4,82,-48,10067,Ġchecked, checked
confirmation,exp12_search_edit_04,search_edit,paraphrase,0,ISSUE_END,5,83,-47,382,.ĊĊ,".

"
confirmation,exp12_search_edit_04,search_edit,paraphrase,0,DETAIL_END,0,92,-38,1565,Ġ`, `
confirmation,exp12_search_edit_04,search_edit,paraphrase,0,DETAIL_END,1,93,-37,3548,src,src
confirmation,exp12_search_edit_04,search_edit,paraphrase,0,DETAIL_END,2,94,-36,2687,/s,/s
confirmation,exp12_search_edit_04,search_edit,paraphrase,0,DETAIL_END,3,95,-35,15222,cheduler,cheduler
confirmation,exp12_search_edit_04,search_edit,paraphrase,0,DETAIL_END,4,96,-34,7197,.py,.py
confirmation,exp12_search_edit_04,search_edit,paraphrase,0,DETAIL_END,5,97,-33,62338,`.ĊĊ,"`.

"
confirmation,exp12_search_edit_04,search_edit,paraphrase,0,ACTION0_END,0,103,-27,2711,Ġsearch, search
confirmation,exp12_search_edit_04,search_edit,paraphrase,0,ACTION0_END,1,104,-26,4136,_code,_code
confirmation,exp12_search_edit_04,search_edit,paraphrase,0,ACTION0_END,2,105,-25,445,"(""","("""
confirmation,exp12_search_edit_04,search_edit,paraphrase,0,ACTION0_END,3,106,-24,28630,schedule,schedule
confirmation,exp12_search_edit_04,search_edit,paraphrase,0,ACTION0_END,4,107,-23,20298,_job,_job
confirmation,exp12_search_edit_04,search_edit,paraphrase,0,ACTION0_END,5,108,-22,1138,""")Ċ",""")
"
confirmation,exp12_search_edit_04,search_edit,paraphrase,0,ACTION1_END,0,112,-18,445,"(""","("""
confirmation,exp12_search_edit_04,search_edit,paraphrase,0,ACTION1_END,1,113,-17,3548,src,src
confirmation,exp12_search_edit_04,search_edit,paraphrase,0,ACTION1_END,2,114,-16,2687,/s,/s
confirmation,exp12_search_edit_04,search_edit,paraphrase,0,ACTION1_END,3,115,-15,15222,cheduler,cheduler
confirmation,exp12_search_edit_04,search_edit,paraphrase,0,ACTION1_END,4,116,-14,7197,.py,.py
confirmation,exp12_search_edit_04,search_edit,paraphrase,0,ACTION1_END,5,117,-13,5130,""")ĊĊ",""")

"
confirmation,exp12_search_edit_04,search_edit,paraphrase,0,FINAL_INSTRUCTION_END,0,119,-11,279,Ġthe, the
confirmation,exp12_search_edit_04,search_edit,paraphrase,0,FINAL_INSTRUCTION_END,1,120,-10,3175,Ġsingle, single
confirmation,exp12_search_edit_04,search_edit,paraphrase,0,FINAL_INSTRUCTION_END,2,121,-9,1790,Ġnext, next
confirmation,exp12_search_edit_04,search_edit,paraphrase,0,FINAL_INSTRUCTION_END,3,122,-8,1917,Ġaction, action
confirmation,exp12_search_edit_04,search_edit,paraphrase,0,FINAL_INSTRUCTION_END,4,123,-7,1431,Ġnow, now
confirmation,exp12_search_edit_04,search_edit,paraphrase,0,FINAL_INSTRUCTION_END,5,124,-6,13,.,.
confirmation,exp12_search_edit_04,search_edit,paraphrase,0,USER_END,0,120,-10,3175,Ġsingle, single
confirmation,exp12_search_edit_04,search_edit,paraphrase,0,USER_END,1,121,-9,1790,Ġnext, next
confirmation,exp12_search_edit_04,search_edit,paraphrase,0,USER_END,2,122,-8,1917,Ġaction, action
confirmation,exp12_search_edit_04,search_edit,paraphrase,0,USER_END,3,123,-7,1431,Ġnow, now
confirmation,exp12_search_edit_04,search_edit,paraphrase,0,USER_END,4,124,-6,13,.,.
confirmation,exp12_search_edit_04,search_edit,paraphrase,0,USER_END,5,125,-5,151645,<|im_end|>,<|im_end|>
confirmation,exp12_search_edit_04,search_edit,paraphrase,0,GENERATION_BOUNDARY,0,124,-6,13,.,.
confirmation,exp12_search_edit_04,search_edit,paraphrase,0,GENERATION_BOUNDARY,1,125,-5,151645,<|im_end|>,<|im_end|>
confirmation,exp12_search_edit_04,search_edit,paraphrase,0,GENERATION_BOUNDARY,2,126,-4,198,Ċ,"
"
confirmation,exp12_search_edit_04,search_edit,paraphrase,0,GENERATION_BOUNDARY,3,127,-3,151644,<|im_start|>,<|im_start|>
confirmation,exp12_search_edit_04,search_edit,paraphrase,0,GENERATION_BOUNDARY,4,128,-2,77091,assistant,assistant
confirmation,exp12_search_edit_04,search_edit,paraphrase,0,GENERATION_BOUNDARY,5,129,-1,198,Ċ,"
"
confirmation,exp12_search_edit_04,search_edit,canonical,1,SKILL_END,0,30,-100,1283,Ġafter, after
confirmation,exp12_search_edit_04,search_edit,canonical,1,SKILL_END,1,31,-99,8660,Ġunderstanding, understanding
confirmation,exp12_search_edit_04,search_edit,canonical,1,SKILL_END,2,32,-98,279,Ġthe, the
confirmation,exp12_search_edit_04,search_edit,canonical,1,SKILL_END,3,33,-97,2169,Ġtarget, target
confirmation,exp12_search_edit_04,search_edit,canonical,1,SKILL_END,4,34,-96,2038,Ġcode, code
confirmation,exp12_search_edit_04,search_edit,canonical,1,SKILL_END,5,35,-95,382,.ĊĊ,".

"
confirmation,exp12_search_edit_04,search_edit,canonical,1,SYSTEM_END,0,42,-88,29130,Ġdeciding, deciding
confirmation,exp12_search_edit_04,search_edit,canonical,1,SYSTEM_END,1,43,-87,279,Ġthe, the
confirmation,exp12_search_edit_04,search_edit,canonical,1,SYSTEM_END,2,44,-86,1156,Ġfirst, first
confirmation,exp12_search_edit_04,search_edit,canonical,1,SYSTEM_END,3,45,-85,1917,Ġaction, action
confirmation,exp12_search_edit_04,search_edit,canonical,1,SYSTEM_END,4,46,-84,13,.,.
confirmation,exp12_search_edit_04,search_edit,canonical,1,SYSTEM_END,5,47,-83,151645,<|im_end|>,<|im_end|>
confirmation,exp12_search_edit_04,search_edit,canonical,1,ISSUE_END,0,78,-52,5383,Ġpattern, pattern
confirmation,exp12_search_edit_04,search_edit,canonical,1,ISSUE_END,1,79,-51,702,Ġhas, has
confirmation,exp12_search_edit_04,search_edit,canonical,1,ISSUE_END,2,80,-50,537,Ġnot, not
confirmation,exp12_search_edit_04,search_edit,canonical,1,ISSUE_END,3,81,-49,1012,Ġbeen, been
confirmation,exp12_search_edit_04,search_edit,canonical,1,ISSUE_END,4,82,-48,10067,Ġchecked, checked
confirmation,exp12_search_edit_04,search_edit,canonical,1,ISSUE_END,5,83,-47,382,.ĊĊ,".

"
confirmation,exp12_search_edit_04,search_edit,canonical,1,DETAIL_END,0,92,-38,1565,Ġ`, `
confirmation,exp12_search_edit_04,search_edit,canonical,1,DETAIL_END,1,93,-37,3548,src,src
confirmation,exp12_search_edit_04,search_edit,canonical,1,DETAIL_END,2,94,-36,2687,/s,/s
confirmation,exp12_search_edit_04,search_edit,canonical,1,DETAIL_END,3,95,-35,15222,cheduler,cheduler
confirmation,exp12_search_edit_04,search_edit,canonical,1,DETAIL_END,4,96,-34,7197,.py,.py
confirmation,exp12_search_edit_04,search_edit,canonical,1,DETAIL_END,5,97,-33,62338,`.ĊĊ,"`.

"
confirmation,exp12_search_edit_04,search_edit,canonical,1,ACTION0_END,0,103,-27,2711,Ġsearch, search
confirmation,exp12_search_edit_04,search_edit,canonical,1,ACTION0_END,1,104,-26,4136,_code,_code
confirmation,exp12_search_edit_04,search_edit,canonical,1,ACTION0_END,2,105,-25,445,"(""","("""
confirmation,exp12_search_edit_04,search_edit,canonical,1,ACTION0_END,3,106,-24,28630,schedule,schedule
confirmation,exp12_search_edit_04,search_edit,canonical,1,ACTION0_END,4,107,-23,20298,_job,_job
confirmation,exp12_search_edit_04,search_edit,canonical,1,ACTION0_END,5,108,-22,1138,""")Ċ",""")
"
confirmation,exp12_search_edit_04,search_edit,canonical,1,ACTION1_END,0,112,-18,445,"(""","("""
confirmation,exp12_search_edit_04,search_edit,canonical,1,ACTION1_END,1,113,-17,3548,src,src
confirmation,exp12_search_edit_04,search_edit,canonical,1,ACTION1_END,2,114,-16,2687,/s,/s
confirmation,exp12_search_edit_04,search_edit,canonical,1,ACTION1_END,3,115,-15,15222,cheduler,cheduler
confirmation,exp12_search_edit_04,search_edit,canonical,1,ACTION1_END,4,116,-14,7197,.py,.py
confirmation,exp12_search_edit_04,search_edit,canonical,1,ACTION1_END,5,117,-13,5130,""")ĊĊ",""")

"
confirmation,exp12_search_edit_04,search_edit,canonical,1,FINAL_INSTRUCTION_END,0,119,-11,279,Ġthe, the
confirmation,exp12_search_edit_04,search_edit,canonical,1,FINAL_INSTRUCTION_END,1,120,-10,3175,Ġsingle, single
confirmation,exp12_search_edit_04,search_edit,canonical,1,FINAL_INSTRUCTION_END,2,121,-9,1790,Ġnext, next
confirmation,exp12_search_edit_04,search_edit,canonical,1,FINAL_INSTRUCTION_END,3,122,-8,1917,Ġaction, action
confirmation,exp12_search_edit_04,search_edit,canonical,1,FINAL_INSTRUCTION_END,4,123,-7,1431,Ġnow, now
confirmation,exp12_search_edit_04,search_edit,canonical,1,FINAL_INSTRUCTION_END,5,124,-6,13,.,.
confirmation,exp12_search_edit_04,search_edit,canonical,1,USER_END,0,120,-10,3175,Ġsingle, single
confirmation,exp12_search_edit_04,search_edit,canonical,1,USER_END,1,121,-9,1790,Ġnext, next
confirmation,exp12_search_edit_04,search_edit,canonical,1,USER_END,2,122,-8,1917,Ġaction, action
confirmation,exp12_search_edit_04,search_edit,canonical,1,USER_END,3,123,-7,1431,Ġnow, now
confirmation,exp12_search_edit_04,search_edit,canonical,1,USER_END,4,124,-6,13,.,.
confirmation,exp12_search_edit_04,search_edit,canonical,1,USER_END,5,125,-5,151645,<|im_end|>,<|im_end|>
confirmation,exp12_search_edit_04,search_edit,canonical,1,GENERATION_BOUNDARY,0,124,-6,13,.,.
confirmation,exp12_search_edit_04,search_edit,canonical,1,GENERATION_BOUNDARY,1,125,-5,151645,<|im_end|>,<|im_end|>
confirmation,exp12_search_edit_04,search_edit,canonical,1,GENERATION_BOUNDARY,2,126,-4,198,Ċ,"
"
confirmation,exp12_search_edit_04,search_edit,canonical,1,GENERATION_BOUNDARY,3,127,-3,151644,<|im_start|>,<|im_start|>
confirmation,exp12_search_edit_04,search_edit,canonical,1,GENERATION_BOUNDARY,4,128,-2,77091,assistant,assistant
confirmation,exp12_search_edit_04,search_edit,canonical,1,GENERATION_BOUNDARY,5,129,-1,198,Ċ,"
"
confirmation,exp12_search_edit_04,search_edit,paraphrase,1,SKILL_END,0,29,-100,323,Ġand, and
confirmation,exp12_search_edit_04,search_edit,paraphrase,1,SKILL_END,1,30,-99,5785,Ġreference, reference
confirmation,exp12_search_edit_04,search_edit,paraphrase,1,SKILL_END,2,31,-98,2711,Ġsearch, search
confirmation,exp12_search_edit_04,search_edit,paraphrase,1,SKILL_END,3,32,-97,4041,Ġcomes, comes
confirmation,exp12_search_edit_04,search_edit,paraphrase,1,SKILL_END,4,33,-96,47943,Ġafterward, afterward
confirmation,exp12_search_edit_04,search_edit,paraphrase,1,SKILL_END,5,34,-95,382,.ĊĊ,".

"
confirmation,exp12_search_edit_04,search_edit,paraphrase,1,SYSTEM_END,0,41,-88,29130,Ġdeciding, deciding
confirmation,exp12_search_edit_04,search_edit,paraphrase,1,SYSTEM_END,1,42,-87,279,Ġthe, the
confirmation,exp12_search_edit_04,search_edit,paraphrase,1,SYSTEM_END,2,43,-86,1156,Ġfirst, first
confirmation,exp12_search_edit_04,search_edit,paraphrase,1,SYSTEM_END,3,44,-85,1917,Ġaction, action
confirmation,exp12_search_edit_04,search_edit,paraphrase,1,SYSTEM_END,4,45,-84,13,.,.
confirmation,exp12_search_edit_04,search_edit,paraphrase,1,SYSTEM_END,5,46,-83,151645,<|im_end|>,<|im_end|>
confirmation,exp12_search_edit_04,search_edit,paraphrase,1,ISSUE_END,0,77,-52,5383,Ġpattern, pattern
confirmation,exp12_search_edit_04,search_edit,paraphrase,1,ISSUE_END,1,78,-51,702,Ġhas, has
confirmation,exp12_search_edit_04,search_edit,paraphrase,1,ISSUE_END,2,79,-50,537,Ġnot, not
confirmation,exp12_search_edit_04,search_edit,paraphrase,1,ISSUE_END,3,80,-49,1012,Ġbeen, been
confirmation,exp12_search_edit_04,search_edit,paraphrase,1,ISSUE_END,4,81,-48,10067,Ġchecked, checked
confirmation,exp12_search_edit_04,search_edit,paraphrase,1,ISSUE_END,5,82,-47,382,.ĊĊ,".

"
confirmation,exp12_search_edit_04,search_edit,paraphrase,1,DETAIL_END,0,91,-38,1565,Ġ`, `
confirmation,exp12_search_edit_04,search_edit,paraphrase,1,DETAIL_END,1,92,-37,3548,src,src
confirmation,exp12_search_edit_04,search_edit,paraphrase,1,DETAIL_END,2,93,-36,2687,/s,/s
confirmation,exp12_search_edit_04,search_edit,paraphrase,1,DETAIL_END,3,94,-35,15222,cheduler,cheduler
confirmation,exp12_search_edit_04,search_edit,paraphrase,1,DETAIL_END,4,95,-34,7197,.py,.py
confirmation,exp12_search_edit_04,search_edit,paraphrase,1,DETAIL_END,5,96,-33,62338,`.ĊĊ,"`.

"
confirmation,exp12_search_edit_04,search_edit,paraphrase,1,ACTION0_END,0,102,-27,2711,Ġsearch, search
confirmation,exp12_search_edit_04,search_edit,paraphrase,1,ACTION0_END,1,103,-26,4136,_code,_code
confirmation,exp12_search_edit_04,search_edit,paraphrase,1,ACTION0_END,2,104,-25,445,"(""","("""
confirmation,exp12_search_edit_04,search_edit,paraphrase,1,ACTION0_END,3,105,-24,28630,schedule,schedule
confirmation,exp12_search_edit_04,search_edit,paraphrase,1,ACTION0_END,4,106,-23,20298,_job,_job
confirmation,exp12_search_edit_04,search_edit,paraphrase,1,ACTION0_END,5,107,-22,1138,""")Ċ",""")
"
confirmation,exp12_search_edit_04,search_edit,paraphrase,1,ACTION1_END,0,111,-18,445,"(""","("""
confirmation,exp12_search_edit_04,search_edit,paraphrase,1,ACTION1_END,1,112,-17,3548,src,src
confirmation,exp12_search_edit_04,search_edit,paraphrase,1,ACTION1_END,2,113,-16,2687,/s,/s
confirmation,exp12_search_edit_04,search_edit,paraphrase,1,ACTION1_END,3,114,-15,15222,cheduler,cheduler
confirmation,exp12_search_edit_04,search_edit,paraphrase,1,ACTION1_END,4,115,-14,7197,.py,.py
confirmation,exp12_search_edit_04,search_edit,paraphrase,1,ACTION1_END,5,116,-13,5130,""")ĊĊ",""")

"
confirmation,exp12_search_edit_04,search_edit,paraphrase,1,FINAL_INSTRUCTION_END,0,118,-11,279,Ġthe, the
confirmation,exp12_search_edit_04,search_edit,paraphrase,1,FINAL_INSTRUCTION_END,1,119,-10,3175,Ġsingle, single
confirmation,exp12_search_edit_04,search_edit,paraphrase,1,FINAL_INSTRUCTION_END,2,120,-9,1790,Ġnext, next
confirmation,exp12_search_edit_04,search_edit,paraphrase,1,FINAL_INSTRUCTION_END,3,121,-8,1917,Ġaction, action
confirmation,exp12_search_edit_04,search_edit,paraphrase,1,FINAL_INSTRUCTION_END,4,122,-7,1431,Ġnow, now
confirmation,exp12_search_edit_04,search_edit,paraphrase,1,FINAL_INSTRUCTION_END,5,123,-6,13,.,.
confirmation,exp12_search_edit_04,search_edit,paraphrase,1,USER_END,0,119,-10,3175,Ġsingle, single
confirmation,exp12_search_edit_04,search_edit,paraphrase,1,USER_END,1,120,-9,1790,Ġnext, next
confirmation,exp12_search_edit_04,search_edit,paraphrase,1,USER_END,2,121,-8,1917,Ġaction, action
confirmation,exp12_search_edit_04,search_edit,paraphrase,1,USER_END,3,122,-7,1431,Ġnow, now
confirmation,exp12_search_edit_04,search_edit,paraphrase,1,USER_END,4,123,-6,13,.,.
confirmation,exp12_search_edit_04,search_edit,paraphrase,1,USER_END,5,124,-5,151645,<|im_end|>,<|im_end|>
confirmation,exp12_search_edit_04,search_edit,paraphrase,1,GENERATION_BOUNDARY,0,123,-6,13,.,.
confirmation,exp12_search_edit_04,search_edit,paraphrase,1,GENERATION_BOUNDARY,1,124,-5,151645,<|im_end|>,<|im_end|>
confirmation,exp12_search_edit_04,search_edit,paraphrase,1,GENERATION_BOUNDARY,2,125,-4,198,Ċ,"
"
confirmation,exp12_search_edit_04,search_edit,paraphrase,1,GENERATION_BOUNDARY,3,126,-3,151644,<|im_start|>,<|im_start|>
confirmation,exp12_search_edit_04,search_edit,paraphrase,1,GENERATION_BOUNDARY,4,127,-2,77091,assistant,assistant
confirmation,exp12_search_edit_04,search_edit,paraphrase,1,GENERATION_BOUNDARY,5,128,-1,198,Ċ,"
"
confirmation,exp12_search_edit_06,search_edit,canonical,0,SKILL_END,0,35,-100,1172,Ġonly, only
confirmation,exp12_search_edit_06,search_edit,canonical,0,SKILL_END,1,36,-99,1283,Ġafter, after
confirmation,exp12_search_edit_06,search_edit,canonical,0,SKILL_END,2,37,-98,71891,Ġlocating, locating
confirmation,exp12_search_edit_06,search_edit,canonical,0,SKILL_END,3,38,-97,1181,Ġits, its
confirmation,exp12_search_edit_06,search_edit,canonical,0,SKILL_END,4,39,-96,5711,Ġuses, uses
confirmation,exp12_search_edit_06,search_edit,canonical,0,SKILL_END,5,40,-95,382,.ĊĊ,".

"
confirmation,exp12_search_edit_06,search_edit,canonical,0,SYSTEM_END,0,47,-88,29130,Ġdeciding, deciding
confirmation,exp12_search_edit_06,search_edit,canonical,0,SYSTEM_END,1,48,-87,279,Ġthe, the
confirmation,exp12_search_edit_06,search_edit,canonical,0,SYSTEM_END,2,49,-86,1156,Ġfirst, first
confirmation,exp12_search_edit_06,search_edit,canonical,0,SYSTEM_END,3,50,-85,1917,Ġaction, action
confirmation,exp12_search_edit_06,search_edit,canonical,0,SYSTEM_END,4,51,-84,13,.,.
confirmation,exp12_search_edit_06,search_edit,canonical,0,SYSTEM_END,5,52,-83,151645,<|im_end|>,<|im_end|>
confirmation,exp12_search_edit_06,search_edit,canonical,0,ISSUE_END,0,83,-52,5383,Ġpattern, pattern
confirmation,exp12_search_edit_06,search_edit,canonical,0,ISSUE_END,1,84,-51,702,Ġhas, has
confirmation,exp12_search_edit_06,search_edit,canonical,0,ISSUE_END,2,85,-50,537,Ġnot, not
confirmation,exp12_search_edit_06,search_edit,canonical,0,ISSUE_END,3,86,-49,1012,Ġbeen, been
confirmation,exp12_search_edit_06,search_edit,canonical,0,ISSUE_END,4,87,-48,10067,Ġchecked, checked
confirmation,exp12_search_edit_06,search_edit,canonical,0,ISSUE_END,5,88,-47,382,.ĊĊ,".

"
confirmation,exp12_search_edit_06,search_edit,canonical,0,DETAIL_END,0,97,-38,1565,Ġ`, `
confirmation,exp12_search_edit_06,search_edit,canonical,0,DETAIL_END,1,98,-37,3548,src,src
confirmation,exp12_search_edit_06,search_edit,canonical,0,DETAIL_END,2,99,-36,14,/,/
confirmation,exp12_search_edit_06,search_edit,canonical,0,DETAIL_END,3,100,-35,16112,validator,validator
confirmation,exp12_search_edit_06,search_edit,canonical,0,DETAIL_END,4,101,-34,7197,.py,.py
confirmation,exp12_search_edit_06,search_edit,canonical,0,DETAIL_END,5,102,-33,62338,`.ĊĊ,"`.

"
confirmation,exp12_search_edit_06,search_edit,canonical,0,ACTION0_END,0,108,-27,2711,Ġsearch, search
confirmation,exp12_search_edit_06,search_edit,canonical,0,ACTION0_END,1,109,-26,4136,_code,_code
confirmation,exp12_search_edit_06,search_edit,canonical,0,ACTION0_END,2,110,-25,445,"(""","("""
confirmation,exp12_search_edit_06,search_edit,canonical,0,ACTION0_END,3,111,-24,7067,validate,validate
confirmation,exp12_search_edit_06,search_edit,canonical,0,ACTION0_END,4,112,-23,25371,_schema,_schema
confirmation,exp12_search_edit_06,search_edit,canonical,0,ACTION0_END,5,113,-22,1138,""")Ċ",""")
"
confirmation,exp12_search_edit_06,search_edit,canonical,0,ACTION1_END,0,117,-18,445,"(""","("""
confirmation,exp12_search_edit_06,search_edit,canonical,0,ACTION1_END,1,118,-17,3548,src,src
confirmation,exp12_search_edit_06,search_edit,canonical,0,ACTION1_END,2,119,-16,14,/,/
confirmation,exp12_search_edit_06,search_edit,canonical,0,ACTION1_END,3,120,-15,16112,validator,validator
confirmation,exp12_search_edit_06,search_edit,canonical,0,ACTION1_END,4,121,-14,7197,.py,.py
confirmation,exp12_search_edit_06,search_edit,canonical,0,ACTION1_END,5,122,-13,5130,""")ĊĊ",""")

"
confirmation,exp12_search_edit_06,search_edit,canonical,0,FINAL_INSTRUCTION_END,0,124,-11,279,Ġthe, the
confirmation,exp12_search_edit_06,search_edit,canonical,0,FINAL_INSTRUCTION_END,1,125,-10,3175,Ġsingle, single
confirmation,exp12_search_edit_06,search_edit,canonical,0,FINAL_INSTRUCTION_END,2,126,-9,1790,Ġnext, next
confirmation,exp12_search_edit_06,search_edit,canonical,0,FINAL_INSTRUCTION_END,3,127,-8,1917,Ġaction, action
confirmation,exp12_search_edit_06,search_edit,canonical,0,FINAL_INSTRUCTION_END,4,128,-7,1431,Ġnow, now
confirmation,exp12_search_edit_06,search_edit,canonical,0,FINAL_INSTRUCTION_END,5,129,-6,13,.,.
confirmation,exp12_search_edit_06,search_edit,canonical,0,USER_END,0,125,-10,3175,Ġsingle, single
confirmation,exp12_search_edit_06,search_edit,canonical,0,USER_END,1,126,-9,1790,Ġnext, next
confirmation,exp12_search_edit_06,search_edit,canonical,0,USER_END,2,127,-8,1917,Ġaction, action
confirmation,exp12_search_edit_06,search_edit,canonical,0,USER_END,3,128,-7,1431,Ġnow, now
confirmation,exp12_search_edit_06,search_edit,canonical,0,USER_END,4,129,-6,13,.,.
confirmation,exp12_search_edit_06,search_edit,canonical,0,USER_END,5,130,-5,151645,<|im_end|>,<|im_end|>
confirmation,exp12_search_edit_06,search_edit,canonical,0,GENERATION_BOUNDARY,0,129,-6,13,.,.
confirmation,exp12_search_edit_06,search_edit,canonical,0,GENERATION_BOUNDARY,1,130,-5,151645,<|im_end|>,<|im_end|>
confirmation,exp12_search_edit_06,search_edit,canonical,0,GENERATION_BOUNDARY,2,131,-4,198,Ċ,"
"
confirmation,exp12_search_edit_06,search_edit,canonical,0,GENERATION_BOUNDARY,3,132,-3,151644,<|im_start|>,<|im_start|>
confirmation,exp12_search_edit_06,search_edit,canonical,0,GENERATION_BOUNDARY,4,133,-2,77091,assistant,assistant
confirmation,exp12_search_edit_06,search_edit,canonical,0,GENERATION_BOUNDARY,5,134,-1,198,Ċ,"
"
confirmation,exp12_search_edit_06,search_edit,paraphrase,0,SKILL_END,0,30,-100,448,Ġwith, with
confirmation,exp12_search_edit_06,search_edit,paraphrase,0,SKILL_END,1,31,-99,2530,Ġsource, source
confirmation,exp12_search_edit_06,search_edit,paraphrase,0,SKILL_END,2,32,-98,25683,Ġinspection, inspection
confirmation,exp12_search_edit_06,search_edit,paraphrase,0,SKILL_END,3,33,-97,2701,Ġfollowing, following
confirmation,exp12_search_edit_06,search_edit,paraphrase,0,SKILL_END,4,34,-96,2937,Ġlater, later
confirmation,exp12_search_edit_06,search_edit,paraphrase,0,SKILL_END,5,35,-95,382,.ĊĊ,".

"
confirmation,exp12_search_edit_06,search_edit,paraphrase,0,SYSTEM_END,0,42,-88,29130,Ġdeciding, deciding
confirmation,exp12_search_edit_06,search_edit,paraphrase,0,SYSTEM_END,1,43,-87,279,Ġthe, the
confirmation,exp12_search_edit_06,search_edit,paraphrase,0,SYSTEM_END,2,44,-86,1156,Ġfirst, first
confirmation,exp12_search_edit_06,search_edit,paraphrase,0,SYSTEM_END,3,45,-85,1917,Ġaction, action
confirmation,exp12_search_edit_06,search_edit,paraphrase,0,SYSTEM_END,4,46,-84,13,.,.
confirmation,exp12_search_edit_06,search_edit,paraphrase,0,SYSTEM_END,5,47,-83,151645,<|im_end|>,<|im_end|>
confirmation,exp12_search_edit_06,search_edit,paraphrase,0,ISSUE_END,0,78,-52,5383,Ġpattern, pattern
confirmation,exp12_search_edit_06,search_edit,paraphrase,0,ISSUE_END,1,79,-51,702,Ġhas, has
confirmation,exp12_search_edit_06,search_edit,paraphrase,0,ISSUE_END,2,80,-50,537,Ġnot, not
confirmation,exp12_search_edit_06,search_edit,paraphrase,0,ISSUE_END,3,81,-49,1012,Ġbeen, been
confirmation,exp12_search_edit_06,search_edit,paraphrase,0,ISSUE_END,4,82,-48,10067,Ġchecked, checked
confirmation,exp12_search_edit_06,search_edit,paraphrase,0,ISSUE_END,5,83,-47,382,.ĊĊ,".

"
confirmation,exp12_search_edit_06,search_edit,paraphrase,0,DETAIL_END,0,92,-38,1565,Ġ`, `
confirmation,exp12_search_edit_06,search_edit,paraphrase,0,DETAIL_END,1,93,-37,3548,src,src
confirmation,exp12_search_edit_06,search_edit,paraphrase,0,DETAIL_END,2,94,-36,14,/,/
confirmation,exp12_search_edit_06,search_edit,paraphrase,0,DETAIL_END,3,95,-35,16112,validator,validator
confirmation,exp12_search_edit_06,search_edit,paraphrase,0,DETAIL_END,4,96,-34,7197,.py,.py
confirmation,exp12_search_edit_06,search_edit,paraphrase,0,DETAIL_END,5,97,-33,62338,`.ĊĊ,"`.

"
confirmation,exp12_search_edit_06,search_edit,paraphrase,0,ACTION0_END,0,103,-27,2711,Ġsearch, search
confirmation,exp12_search_edit_06,search_edit,paraphrase,0,ACTION0_END,1,104,-26,4136,_code,_code
confirmation,exp12_search_edit_06,search_edit,paraphrase,0,ACTION0_END,2,105,-25,445,"(""","("""
confirmation,exp12_search_edit_06,search_edit,paraphrase,0,ACTION0_END,3,106,-24,7067,validate,validate
confirmation,exp12_search_edit_06,search_edit,paraphrase,0,ACTION0_END,4,107,-23,25371,_schema,_schema
confirmation,exp12_search_edit_06,search_edit,paraphrase,0,ACTION0_END,5,108,-22,1138,""")Ċ",""")
"
confirmation,exp12_search_edit_06,search_edit,paraphrase,0,ACTION1_END,0,112,-18,445,"(""","("""
confirmation,exp12_search_edit_06,search_edit,paraphrase,0,ACTION1_END,1,113,-17,3548,src,src
confirmation,exp12_search_edit_06,search_edit,paraphrase,0,ACTION1_END,2,114,-16,14,/,/
confirmation,exp12_search_edit_06,search_edit,paraphrase,0,ACTION1_END,3,115,-15,16112,validator,validator
confirmation,exp12_search_edit_06,search_edit,paraphrase,0,ACTION1_END,4,116,-14,7197,.py,.py
confirmation,exp12_search_edit_06,search_edit,paraphrase,0,ACTION1_END,5,117,-13,5130,""")ĊĊ",""")

"
confirmation,exp12_search_edit_06,search_edit,paraphrase,0,FINAL_INSTRUCTION_END,0,119,-11,279,Ġthe, the
confirmation,exp12_search_edit_06,search_edit,paraphrase,0,FINAL_INSTRUCTION_END,1,120,-10,3175,Ġsingle, single
confirmation,exp12_search_edit_06,search_edit,paraphrase,0,FINAL_INSTRUCTION_END,2,121,-9,1790,Ġnext, next
confirmation,exp12_search_edit_06,search_edit,paraphrase,0,FINAL_INSTRUCTION_END,3,122,-8,1917,Ġaction, action
confirmation,exp12_search_edit_06,search_edit,paraphrase,0,FINAL_INSTRUCTION_END,4,123,-7,1431,Ġnow, now
confirmation,exp12_search_edit_06,search_edit,paraphrase,0,FINAL_INSTRUCTION_END,5,124,-6,13,.,.
confirmation,exp12_search_edit_06,search_edit,paraphrase,0,USER_END,0,120,-10,3175,Ġsingle, single
confirmation,exp12_search_edit_06,search_edit,paraphrase,0,USER_END,1,121,-9,1790,Ġnext, next
confirmation,exp12_search_edit_06,search_edit,paraphrase,0,USER_END,2,122,-8,1917,Ġaction, action
confirmation,exp12_search_edit_06,search_edit,paraphrase,0,USER_END,3,123,-7,1431,Ġnow, now
confirmation,exp12_search_edit_06,search_edit,paraphrase,0,USER_END,4,124,-6,13,.,.
confirmation,exp12_search_edit_06,search_edit,paraphrase,0,USER_END,5,125,-5,151645,<|im_end|>,<|im_end|>
confirmation,exp12_search_edit_06,search_edit,paraphrase,0,GENERATION_BOUNDARY,0,124,-6,13,.,.
confirmation,exp12_search_edit_06,search_edit,paraphrase,0,GENERATION_BOUNDARY,1,125,-5,151645,<|im_end|>,<|im_end|>
confirmation,exp12_search_edit_06,search_edit,paraphrase,0,GENERATION_BOUNDARY,2,126,-4,198,Ċ,"
"
confirmation,exp12_search_edit_06,search_edit,paraphrase,0,GENERATION_BOUNDARY,3,127,-3,151644,<|im_start|>,<|im_start|>
confirmation,exp12_search_edit_06,search_edit,paraphrase,0,GENERATION_BOUNDARY,4,128,-2,77091,assistant,assistant
confirmation,exp12_search_edit_06,search_edit,paraphrase,0,GENERATION_BOUNDARY,5,129,-1,198,Ċ,"
"
confirmation,exp12_search_edit_06,search_edit,canonical,1,SKILL_END,0,30,-100,1283,Ġafter, after
confirmation,exp12_search_edit_06,search_edit,canonical,1,SKILL_END,1,31,-99,8660,Ġunderstanding, understanding
confirmation,exp12_search_edit_06,search_edit,canonical,1,SKILL_END,2,32,-98,279,Ġthe, the
confirmation,exp12_search_edit_06,search_edit,canonical,1,SKILL_END,3,33,-97,2169,Ġtarget, target
confirmation,exp12_search_edit_06,search_edit,canonical,1,SKILL_END,4,34,-96,2038,Ġcode, code
confirmation,exp12_search_edit_06,search_edit,canonical,1,SKILL_END,5,35,-95,382,.ĊĊ,".

"
confirmation,exp12_search_edit_06,search_edit,canonical,1,SYSTEM_END,0,42,-88,29130,Ġdeciding, deciding
confirmation,exp12_search_edit_06,search_edit,canonical,1,SYSTEM_END,1,43,-87,279,Ġthe, the
confirmation,exp12_search_edit_06,search_edit,canonical,1,SYSTEM_END,2,44,-86,1156,Ġfirst, first
confirmation,exp12_search_edit_06,search_edit,canonical,1,SYSTEM_END,3,45,-85,1917,Ġaction, action
confirmation,exp12_search_edit_06,search_edit,canonical,1,SYSTEM_END,4,46,-84,13,.,.
confirmation,exp12_search_edit_06,search_edit,canonical,1,SYSTEM_END,5,47,-83,151645,<|im_end|>,<|im_end|>
confirmation,exp12_search_edit_06,search_edit,canonical,1,ISSUE_END,0,78,-52,5383,Ġpattern, pattern
confirmation,exp12_search_edit_06,search_edit,canonical,1,ISSUE_END,1,79,-51,702,Ġhas, has
confirmation,exp12_search_edit_06,search_edit,canonical,1,ISSUE_END,2,80,-50,537,Ġnot, not
confirmation,exp12_search_edit_06,search_edit,canonical,1,ISSUE_END,3,81,-49,1012,Ġbeen, been
confirmation,exp12_search_edit_06,search_edit,canonical,1,ISSUE_END,4,82,-48,10067,Ġchecked, checked
confirmation,exp12_search_edit_06,search_edit,canonical,1,ISSUE_END,5,83,-47,382,.ĊĊ,".

"
confirmation,exp12_search_edit_06,search_edit,canonical,1,DETAIL_END,0,92,-38,1565,Ġ`, `
confirmation,exp12_search_edit_06,search_edit,canonical,1,DETAIL_END,1,93,-37,3548,src,src
confirmation,exp12_search_edit_06,search_edit,canonical,1,DETAIL_END,2,94,-36,14,/,/
confirmation,exp12_search_edit_06,search_edit,canonical,1,DETAIL_END,3,95,-35,16112,validator,validator
confirmation,exp12_search_edit_06,search_edit,canonical,1,DETAIL_END,4,96,-34,7197,.py,.py
confirmation,exp12_search_edit_06,search_edit,canonical,1,DETAIL_END,5,97,-33,62338,`.ĊĊ,"`.

"
confirmation,exp12_search_edit_06,search_edit,canonical,1,ACTION0_END,0,103,-27,2711,Ġsearch, search
confirmation,exp12_search_edit_06,search_edit,canonical,1,ACTION0_END,1,104,-26,4136,_code,_code
confirmation,exp12_search_edit_06,search_edit,canonical,1,ACTION0_END,2,105,-25,445,"(""","("""
confirmation,exp12_search_edit_06,search_edit,canonical,1,ACTION0_END,3,106,-24,7067,validate,validate
confirmation,exp12_search_edit_06,search_edit,canonical,1,ACTION0_END,4,107,-23,25371,_schema,_schema
confirmation,exp12_search_edit_06,search_edit,canonical,1,ACTION0_END,5,108,-22,1138,""")Ċ",""")
"
confirmation,exp12_search_edit_06,search_edit,canonical,1,ACTION1_END,0,112,-18,445,"(""","("""
confirmation,exp12_search_edit_06,search_edit,canonical,1,ACTION1_END,1,113,-17,3548,src,src
confirmation,exp12_search_edit_06,search_edit,canonical,1,ACTION1_END,2,114,-16,14,/,/
confirmation,exp12_search_edit_06,search_edit,canonical,1,ACTION1_END,3,115,-15,16112,validator,validator
confirmation,exp12_search_edit_06,search_edit,canonical,1,ACTION1_END,4,116,-14,7197,.py,.py
confirmation,exp12_search_edit_06,search_edit,canonical,1,ACTION1_END,5,117,-13,5130,""")ĊĊ",""")

"
confirmation,exp12_search_edit_06,search_edit,canonical,1,FINAL_INSTRUCTION_END,0,119,-11,279,Ġthe, the
confirmation,exp12_search_edit_06,search_edit,canonical,1,FINAL_INSTRUCTION_END,1,120,-10,3175,Ġsingle, single
confirmation,exp12_search_edit_06,search_edit,canonical,1,FINAL_INSTRUCTION_END,2,121,-9,1790,Ġnext, next
confirmation,exp12_search_edit_06,search_edit,canonical,1,FINAL_INSTRUCTION_END,3,122,-8,1917,Ġaction, action
confirmation,exp12_search_edit_06,search_edit,canonical,1,FINAL_INSTRUCTION_END,4,123,-7,1431,Ġnow, now
confirmation,exp12_search_edit_06,search_edit,canonical,1,FINAL_INSTRUCTION_END,5,124,-6,13,.,.
confirmation,exp12_search_edit_06,search_edit,canonical,1,USER_END,0,120,-10,3175,Ġsingle, single
confirmation,exp12_search_edit_06,search_edit,canonical,1,USER_END,1,121,-9,1790,Ġnext, next
confirmation,exp12_search_edit_06,search_edit,canonical,1,USER_END,2,122,-8,1917,Ġaction, action
confirmation,exp12_search_edit_06,search_edit,canonical,1,USER_END,3,123,-7,1431,Ġnow, now
confirmation,exp12_search_edit_06,search_edit,canonical,1,USER_END,4,124,-6,13,.,.
confirmation,exp12_search_edit_06,search_edit,canonical,1,USER_END,5,125,-5,151645,<|im_end|>,<|im_end|>
confirmation,exp12_search_edit_06,search_edit,canonical,1,GENERATION_BOUNDARY,0,124,-6,13,.,.
confirmation,exp12_search_edit_06,search_edit,canonical,1,GENERATION_BOUNDARY,1,125,-5,151645,<|im_end|>,<|im_end|>
confirmation,exp12_search_edit_06,search_edit,canonical,1,GENERATION_BOUNDARY,2,126,-4,198,Ċ,"
"
confirmation,exp12_search_edit_06,search_edit,canonical,1,GENERATION_BOUNDARY,3,127,-3,151644,<|im_start|>,<|im_start|>
confirmation,exp12_search_edit_06,search_edit,canonical,1,GENERATION_BOUNDARY,4,128,-2,77091,assistant,assistant
confirmation,exp12_search_edit_06,search_edit,canonical,1,GENERATION_BOUNDARY,5,129,-1,198,Ċ,"
"
confirmation,exp12_search_edit_06,search_edit,paraphrase,1,SKILL_END,0,29,-100,323,Ġand, and
confirmation,exp12_search_edit_06,search_edit,paraphrase,1,SKILL_END,1,30,-99,5785,Ġreference, reference
confirmation,exp12_search_edit_06,search_edit,paraphrase,1,SKILL_END,2,31,-98,2711,Ġsearch, search
confirmation,exp12_search_edit_06,search_edit,paraphrase,1,SKILL_END,3,32,-97,4041,Ġcomes, comes
confirmation,exp12_search_edit_06,search_edit,paraphrase,1,SKILL_END,4,33,-96,47943,Ġafterward, afterward
confirmation,exp12_search_edit_06,search_edit,paraphrase,1,SKILL_END,5,34,-95,382,.ĊĊ,".

"
confirmation,exp12_search_edit_06,search_edit,paraphrase,1,SYSTEM_END,0,41,-88,29130,Ġdeciding, deciding
confirmation,exp12_search_edit_06,search_edit,paraphrase,1,SYSTEM_END,1,42,-87,279,Ġthe, the
confirmation,exp12_search_edit_06,search_edit,paraphrase,1,SYSTEM_END,2,43,-86,1156,Ġfirst, first
confirmation,exp12_search_edit_06,search_edit,paraphrase,1,SYSTEM_END,3,44,-85,1917,Ġaction, action
confirmation,exp12_search_edit_06,search_edit,paraphrase,1,SYSTEM_END,4,45,-84,13,.,.
confirmation,exp12_search_edit_06,search_edit,paraphrase,1,SYSTEM_END,5,46,-83,151645,<|im_end|>,<|im_end|>
confirmation,exp12_search_edit_06,search_edit,paraphrase,1,ISSUE_END,0,77,-52,5383,Ġpattern, pattern
confirmation,exp12_search_edit_06,search_edit,paraphrase,1,ISSUE_END,1,78,-51,702,Ġhas, has
confirmation,exp12_search_edit_06,search_edit,paraphrase,1,ISSUE_END,2,79,-50,537,Ġnot, not
confirmation,exp12_search_edit_06,search_edit,paraphrase,1,ISSUE_END,3,80,-49,1012,Ġbeen, been
confirmation,exp12_search_edit_06,search_edit,paraphrase,1,ISSUE_END,4,81,-48,10067,Ġchecked, checked
confirmation,exp12_search_edit_06,search_edit,paraphrase,1,ISSUE_END,5,82,-47,382,.ĊĊ,".

"
confirmation,exp12_search_edit_06,search_edit,paraphrase,1,DETAIL_END,0,91,-38,1565,Ġ`, `
confirmation,exp12_search_edit_06,search_edit,paraphrase,1,DETAIL_END,1,92,-37,3548,src,src
confirmation,exp12_search_edit_06,search_edit,paraphrase,1,DETAIL_END,2,93,-36,14,/,/
confirmation,exp12_search_edit_06,search_edit,paraphrase,1,DETAIL_END,3,94,-35,16112,validator,validator
confirmation,exp12_search_edit_06,search_edit,paraphrase,1,DETAIL_END,4,95,-34,7197,.py,.py
confirmation,exp12_search_edit_06,search_edit,paraphrase,1,DETAIL_END,5,96,-33,62338,`.ĊĊ,"`.

"
confirmation,exp12_search_edit_06,search_edit,paraphrase,1,ACTION0_END,0,102,-27,2711,Ġsearch, search
confirmation,exp12_search_edit_06,search_edit,paraphrase,1,ACTION0_END,1,103,-26,4136,_code,_code
confirmation,exp12_search_edit_06,search_edit,paraphrase,1,ACTION0_END,2,104,-25,445,"(""","("""
confirmation,exp12_search_edit_06,search_edit,paraphrase,1,ACTION0_END,3,105,-24,7067,validate,validate
confirmation,exp12_search_edit_06,search_edit,paraphrase,1,ACTION0_END,4,106,-23,25371,_schema,_schema
confirmation,exp12_search_edit_06,search_edit,paraphrase,1,ACTION0_END,5,107,-22,1138,""")Ċ",""")
"
confirmation,exp12_search_edit_06,search_edit,paraphrase,1,ACTION1_END,0,111,-18,445,"(""","("""
confirmation,exp12_search_edit_06,search_edit,paraphrase,1,ACTION1_END,1,112,-17,3548,src,src
confirmation,exp12_search_edit_06,search_edit,paraphrase,1,ACTION1_END,2,113,-16,14,/,/
confirmation,exp12_search_edit_06,search_edit,paraphrase,1,ACTION1_END,3,114,-15,16112,validator,validator
confirmation,exp12_search_edit_06,search_edit,paraphrase,1,ACTION1_END,4,115,-14,7197,.py,.py
confirmation,exp12_search_edit_06,search_edit,paraphrase,1,ACTION1_END,5,116,-13,5130,""")ĊĊ",""")

"
confirmation,exp12_search_edit_06,search_edit,paraphrase,1,FINAL_INSTRUCTION_END,0,118,-11,279,Ġthe, the
confirmation,exp12_search_edit_06,search_edit,paraphrase,1,FINAL_INSTRUCTION_END,1,119,-10,3175,Ġsingle, single
confirmation,exp12_search_edit_06,search_edit,paraphrase,1,FINAL_INSTRUCTION_END,2,120,-9,1790,Ġnext, next
confirmation,exp12_search_edit_06,search_edit,paraphrase,1,FINAL_INSTRUCTION_END,3,121,-8,1917,Ġaction, action
confirmation,exp12_search_edit_06,search_edit,paraphrase,1,FINAL_INSTRUCTION_END,4,122,-7,1431,Ġnow, now
confirmation,exp12_search_edit_06,search_edit,paraphrase,1,FINAL_INSTRUCTION_END,5,123,-6,13,.,.
confirmation,exp12_search_edit_06,search_edit,paraphrase,1,USER_END,0,119,-10,3175,Ġsingle, single
confirmation,exp12_search_edit_06,search_edit,paraphrase,1,USER_END,1,120,-9,1790,Ġnext, next
confirmation,exp12_search_edit_06,search_edit,paraphrase,1,USER_END,2,121,-8,1917,Ġaction, action
confirmation,exp12_search_edit_06,search_edit,paraphrase,1,USER_END,3,122,-7,1431,Ġnow, now
confirmation,exp12_search_edit_06,search_edit,paraphrase,1,USER_END,4,123,-6,13,.,.
confirmation,exp12_search_edit_06,search_edit,paraphrase,1,USER_END,5,124,-5,151645,<|im_end|>,<|im_end|>
confirmation,exp12_search_edit_06,search_edit,paraphrase,1,GENERATION_BOUNDARY,0,123,-6,13,.,.
confirmation,exp12_search_edit_06,search_edit,paraphrase,1,GENERATION_BOUNDARY,1,124,-5,151645,<|im_end|>,<|im_end|>
confirmation,exp12_search_edit_06,search_edit,paraphrase,1,GENERATION_BOUNDARY,2,125,-4,198,Ċ,"
"
confirmation,exp12_search_edit_06,search_edit,paraphrase,1,GENERATION_BOUNDARY,3,126,-3,151644,<|im_start|>,<|im_start|>
confirmation,exp12_search_edit_06,search_edit,paraphrase,1,GENERATION_BOUNDARY,4,127,-2,77091,assistant,assistant
confirmation,exp12_search_edit_06,search_edit,paraphrase,1,GENERATION_BOUNDARY,5,128,-1,198,Ċ,"
"
confirmation,exp12_search_edit_07,search_edit,canonical,0,SKILL_END,0,35,-100,1172,Ġonly, only
confirmation,exp12_search_edit_07,search_edit,canonical,0,SKILL_END,1,36,-99,1283,Ġafter, after
confirmation,exp12_search_edit_07,search_edit,canonical,0,SKILL_END,2,37,-98,71891,Ġlocating, locating
confirmation,exp12_search_edit_07,search_edit,canonical,0,SKILL_END,3,38,-97,1181,Ġits, its
confirmation,exp12_search_edit_07,search_edit,canonical,0,SKILL_END,4,39,-96,5711,Ġuses, uses
confirmation,exp12_search_edit_07,search_edit,canonical,0,SKILL_END,5,40,-95,382,.ĊĊ,".

"
confirmation,exp12_search_edit_07,search_edit,canonical,0,SYSTEM_END,0,47,-88,29130,Ġdeciding, deciding
confirmation,exp12_search_edit_07,search_edit,canonical,0,SYSTEM_END,1,48,-87,279,Ġthe, the
confirmation,exp12_search_edit_07,search_edit,canonical,0,SYSTEM_END,2,49,-86,1156,Ġfirst, first
confirmation,exp12_search_edit_07,search_edit,canonical,0,SYSTEM_END,3,50,-85,1917,Ġaction, action
confirmation,exp12_search_edit_07,search_edit,canonical,0,SYSTEM_END,4,51,-84,13,.,.
confirmation,exp12_search_edit_07,search_edit,canonical,0,SYSTEM_END,5,52,-83,151645,<|im_end|>,<|im_end|>
confirmation,exp12_search_edit_07,search_edit,canonical,0,ISSUE_END,0,83,-52,5383,Ġpattern, pattern
confirmation,exp12_search_edit_07,search_edit,canonical,0,ISSUE_END,1,84,-51,702,Ġhas, has
confirmation,exp12_search_edit_07,search_edit,canonical,0,ISSUE_END,2,85,-50,537,Ġnot, not
confirmation,exp12_search_edit_07,search_edit,canonical,0,ISSUE_END,3,86,-49,1012,Ġbeen, been
confirmation,exp12_search_edit_07,search_edit,canonical,0,ISSUE_END,4,87,-48,10067,Ġchecked, checked
confirmation,exp12_search_edit_07,search_edit,canonical,0,ISSUE_END,5,88,-47,382,.ĊĊ,".

"
confirmation,exp12_search_edit_07,search_edit,canonical,0,DETAIL_END,0,97,-38,1565,Ġ`, `
confirmation,exp12_search_edit_07,search_edit,canonical,0,DETAIL_END,1,98,-37,3548,src,src
confirmation,exp12_search_edit_07,search_edit,canonical,0,DETAIL_END,2,99,-36,14,/,/
confirmation,exp12_search_edit_07,search_edit,canonical,0,DETAIL_END,3,100,-35,26445,transport,transport
confirmation,exp12_search_edit_07,search_edit,canonical,0,DETAIL_END,4,101,-34,7197,.py,.py
confirmation,exp12_search_edit_07,search_edit,canonical,0,DETAIL_END,5,102,-33,62338,`.ĊĊ,"`.

"
confirmation,exp12_search_edit_07,search_edit,canonical,0,ACTION0_END,0,108,-27,2711,Ġsearch, search
confirmation,exp12_search_edit_07,search_edit,canonical,0,ACTION0_END,1,109,-26,4136,_code,_code
confirmation,exp12_search_edit_07,search_edit,canonical,0,ACTION0_END,2,110,-25,445,"(""","("""
confirmation,exp12_search_edit_07,search_edit,canonical,0,ACTION0_END,3,111,-24,6681,send,send
confirmation,exp12_search_edit_07,search_edit,canonical,0,ACTION0_END,4,112,-23,21078,_packet,_packet
confirmation,exp12_search_edit_07,search_edit,canonical,0,ACTION0_END,5,113,-22,1138,""")Ċ",""")
"
confirmation,exp12_search_edit_07,search_edit,canonical,0,ACTION1_END,0,117,-18,445,"(""","("""
confirmation,exp12_search_edit_07,search_edit,canonical,0,ACTION1_END,1,118,-17,3548,src,src
confirmation,exp12_search_edit_07,search_edit,canonical,0,ACTION1_END,2,119,-16,14,/,/
confirmation,exp12_search_edit_07,search_edit,canonical,0,ACTION1_END,3,120,-15,26445,transport,transport
confirmation,exp12_search_edit_07,search_edit,canonical,0,ACTION1_END,4,121,-14,7197,.py,.py
confirmation,exp12_search_edit_07,search_edit,canonical,0,ACTION1_END,5,122,-13,5130,""")ĊĊ",""")

"
confirmation,exp12_search_edit_07,search_edit,canonical,0,FINAL_INSTRUCTION_END,0,124,-11,279,Ġthe, the
confirmation,exp12_search_edit_07,search_edit,canonical,0,FINAL_INSTRUCTION_END,1,125,-10,3175,Ġsingle, single
confirmation,exp12_search_edit_07,search_edit,canonical,0,FINAL_INSTRUCTION_END,2,126,-9,1790,Ġnext, next
confirmation,exp12_search_edit_07,search_edit,canonical,0,FINAL_INSTRUCTION_END,3,127,-8,1917,Ġaction, action
confirmation,exp12_search_edit_07,search_edit,canonical,0,FINAL_INSTRUCTION_END,4,128,-7,1431,Ġnow, now
confirmation,exp12_search_edit_07,search_edit,canonical,0,FINAL_INSTRUCTION_END,5,129,-6,13,.,.
confirmation,exp12_search_edit_07,search_edit,canonical,0,USER_END,0,125,-10,3175,Ġsingle, single
confirmation,exp12_search_edit_07,search_edit,canonical,0,USER_END,1,126,-9,1790,Ġnext, next
confirmation,exp12_search_edit_07,search_edit,canonical,0,USER_END,2,127,-8,1917,Ġaction, action
confirmation,exp12_search_edit_07,search_edit,canonical,0,USER_END,3,128,-7,1431,Ġnow, now
confirmation,exp12_search_edit_07,search_edit,canonical,0,USER_END,4,129,-6,13,.,.
confirmation,exp12_search_edit_07,search_edit,canonical,0,USER_END,5,130,-5,151645,<|im_end|>,<|im_end|>
confirmation,exp12_search_edit_07,search_edit,canonical,0,GENERATION_BOUNDARY,0,129,-6,13,.,.
confirmation,exp12_search_edit_07,search_edit,canonical,0,GENERATION_BOUNDARY,1,130,-5,151645,<|im_end|>,<|im_end|>
confirmation,exp12_search_edit_07,search_edit,canonical,0,GENERATION_BOUNDARY,2,131,-4,198,Ċ,"
"
confirmation,exp12_search_edit_07,search_edit,canonical,0,GENERATION_BOUNDARY,3,132,-3,151644,<|im_start|>,<|im_start|>
confirmation,exp12_search_edit_07,search_edit,canonical,0,GENERATION_BOUNDARY,4,133,-2,77091,assistant,assistant
confirmation,exp12_search_edit_07,search_edit,canonical,0,GENERATION_BOUNDARY,5,134,-1,198,Ċ,"
"
confirmation,exp12_search_edit_07,search_edit,paraphrase,0,SKILL_END,0,30,-100,448,Ġwith, with
confirmation,exp12_search_edit_07,search_edit,paraphrase,0,SKILL_END,1,31,-99,2530,Ġsource, source
confirmation,exp12_search_edit_07,search_edit,paraphrase,0,SKILL_END,2,32,-98,25683,Ġinspection, inspection
confirmation,exp12_search_edit_07,search_edit,paraphrase,0,SKILL_END,3,33,-97,2701,Ġfollowing, following
confirmation,exp12_search_edit_07,search_edit,paraphrase,0,SKILL_END,4,34,-96,2937,Ġlater, later
confirmation,exp12_search_edit_07,search_edit,paraphrase,0,SKILL_END,5,35,-95,382,.ĊĊ,".

"
confirmation,exp12_search_edit_07,search_edit,paraphrase,0,SYSTEM_END,0,42,-88,29130,Ġdeciding, deciding
confirmation,exp12_search_edit_07,search_edit,paraphrase,0,SYSTEM_END,1,43,-87,279,Ġthe, the
confirmation,exp12_search_edit_07,search_edit,paraphrase,0,SYSTEM_END,2,44,-86,1156,Ġfirst, first
confirmation,exp12_search_edit_07,search_edit,paraphrase,0,SYSTEM_END,3,45,-85,1917,Ġaction, action
confirmation,exp12_search_edit_07,search_edit,paraphrase,0,SYSTEM_END,4,46,-84,13,.,.
confirmation,exp12_search_edit_07,search_edit,paraphrase,0,SYSTEM_END,5,47,-83,151645,<|im_end|>,<|im_end|>
confirmation,exp12_search_edit_07,search_edit,paraphrase,0,ISSUE_END,0,78,-52,5383,Ġpattern, pattern
confirmation,exp12_search_edit_07,search_edit,paraphrase,0,ISSUE_END,1,79,-51,702,Ġhas, has
confirmation,exp12_search_edit_07,search_edit,paraphrase,0,ISSUE_END,2,80,-50,537,Ġnot, not
confirmation,exp12_search_edit_07,search_edit,paraphrase,0,ISSUE_END,3,81,-49,1012,Ġbeen, been
confirmation,exp12_search_edit_07,search_edit,paraphrase,0,ISSUE_END,4,82,-48,10067,Ġchecked, checked
confirmation,exp12_search_edit_07,search_edit,paraphrase,0,ISSUE_END,5,83,-47,382,.ĊĊ,".

"
confirmation,exp12_search_edit_07,search_edit,paraphrase,0,DETAIL_END,0,92,-38,1565,Ġ`, `
confirmation,exp12_search_edit_07,search_edit,paraphrase,0,DETAIL_END,1,93,-37,3548,src,src
confirmation,exp12_search_edit_07,search_edit,paraphrase,0,DETAIL_END,2,94,-36,14,/,/
confirmation,exp12_search_edit_07,search_edit,paraphrase,0,DETAIL_END,3,95,-35,26445,transport,transport
confirmation,exp12_search_edit_07,search_edit,paraphrase,0,DETAIL_END,4,96,-34,7197,.py,.py
confirmation,exp12_search_edit_07,search_edit,paraphrase,0,DETAIL_END,5,97,-33,62338,`.ĊĊ,"`.

"
confirmation,exp12_search_edit_07,search_edit,paraphrase,0,ACTION0_END,0,103,-27,2711,Ġsearch, search
confirmation,exp12_search_edit_07,search_edit,paraphrase,0,ACTION0_END,1,104,-26,4136,_code,_code
confirmation,exp12_search_edit_07,search_edit,paraphrase,0,ACTION0_END,2,105,-25,445,"(""","("""
confirmation,exp12_search_edit_07,search_edit,paraphrase,0,ACTION0_END,3,106,-24,6681,send,send
confirmation,exp12_search_edit_07,search_edit,paraphrase,0,ACTION0_END,4,107,-23,21078,_packet,_packet
confirmation,exp12_search_edit_07,search_edit,paraphrase,0,ACTION0_END,5,108,-22,1138,""")Ċ",""")
"
confirmation,exp12_search_edit_07,search_edit,paraphrase,0,ACTION1_END,0,112,-18,445,"(""","("""
confirmation,exp12_search_edit_07,search_edit,paraphrase,0,ACTION1_END,1,113,-17,3548,src,src
confirmation,exp12_search_edit_07,search_edit,paraphrase,0,ACTION1_END,2,114,-16,14,/,/
confirmation,exp12_search_edit_07,search_edit,paraphrase,0,ACTION1_END,3,115,-15,26445,transport,transport
confirmation,exp12_search_edit_07,search_edit,paraphrase,0,ACTION1_END,4,116,-14,7197,.py,.py
confirmation,exp12_search_edit_07,search_edit,paraphrase,0,ACTION1_END,5,117,-13,5130,""")ĊĊ",""")

"
confirmation,exp12_search_edit_07,search_edit,paraphrase,0,FINAL_INSTRUCTION_END,0,119,-11,279,Ġthe, the
confirmation,exp12_search_edit_07,search_edit,paraphrase,0,FINAL_INSTRUCTION_END,1,120,-10,3175,Ġsingle, single
confirmation,exp12_search_edit_07,search_edit,paraphrase,0,FINAL_INSTRUCTION_END,2,121,-9,1790,Ġnext, next
confirmation,exp12_search_edit_07,search_edit,paraphrase,0,FINAL_INSTRUCTION_END,3,122,-8,1917,Ġaction, action
confirmation,exp12_search_edit_07,search_edit,paraphrase,0,FINAL_INSTRUCTION_END,4,123,-7,1431,Ġnow, now
confirmation,exp12_search_edit_07,search_edit,paraphrase,0,FINAL_INSTRUCTION_END,5,124,-6,13,.,.
confirmation,exp12_search_edit_07,search_edit,paraphrase,0,USER_END,0,120,-10,3175,Ġsingle, single
confirmation,exp12_search_edit_07,search_edit,paraphrase,0,USER_END,1,121,-9,1790,Ġnext, next
confirmation,exp12_search_edit_07,search_edit,paraphrase,0,USER_END,2,122,-8,1917,Ġaction, action
confirmation,exp12_search_edit_07,search_edit,paraphrase,0,USER_END,3,123,-7,1431,Ġnow, now
confirmation,exp12_search_edit_07,search_edit,paraphrase,0,USER_END,4,124,-6,13,.,.
confirmation,exp12_search_edit_07,search_edit,paraphrase,0,USER_END,5,125,-5,151645,<|im_end|>,<|im_end|>
confirmation,exp12_search_edit_07,search_edit,paraphrase,0,GENERATION_BOUNDARY,0,124,-6,13,.,.
confirmation,exp12_search_edit_07,search_edit,paraphrase,0,GENERATION_BOUNDARY,1,125,-5,151645,<|im_end|>,<|im_end|>
confirmation,exp12_search_edit_07,search_edit,paraphrase,0,GENERATION_BOUNDARY,2,126,-4,198,Ċ,"
"
confirmation,exp12_search_edit_07,search_edit,paraphrase,0,GENERATION_BOUNDARY,3,127,-3,151644,<|im_start|>,<|im_start|>
confirmation,exp12_search_edit_07,search_edit,paraphrase,0,GENERATION_BOUNDARY,4,128,-2,77091,assistant,assistant
confirmation,exp12_search_edit_07,search_edit,paraphrase,0,GENERATION_BOUNDARY,5,129,-1,198,Ċ,"
"
confirmation,exp12_search_edit_07,search_edit,canonical,1,SKILL_END,0,30,-100,1283,Ġafter, after
confirmation,exp12_search_edit_07,search_edit,canonical,1,SKILL_END,1,31,-99,8660,Ġunderstanding, understanding
confirmation,exp12_search_edit_07,search_edit,canonical,1,SKILL_END,2,32,-98,279,Ġthe, the
confirmation,exp12_search_edit_07,search_edit,canonical,1,SKILL_END,3,33,-97,2169,Ġtarget, target
confirmation,exp12_search_edit_07,search_edit,canonical,1,SKILL_END,4,34,-96,2038,Ġcode, code
confirmation,exp12_search_edit_07,search_edit,canonical,1,SKILL_END,5,35,-95,382,.ĊĊ,".

"
confirmation,exp12_search_edit_07,search_edit,canonical,1,SYSTEM_END,0,42,-88,29130,Ġdeciding, deciding
confirmation,exp12_search_edit_07,search_edit,canonical,1,SYSTEM_END,1,43,-87,279,Ġthe, the
confirmation,exp12_search_edit_07,search_edit,canonical,1,SYSTEM_END,2,44,-86,1156,Ġfirst, first
confirmation,exp12_search_edit_07,search_edit,canonical,1,SYSTEM_END,3,45,-85,1917,Ġaction, action
confirmation,exp12_search_edit_07,search_edit,canonical,1,SYSTEM_END,4,46,-84,13,.,.
confirmation,exp12_search_edit_07,search_edit,canonical,1,SYSTEM_END,5,47,-83,151645,<|im_end|>,<|im_end|>
confirmation,exp12_search_edit_07,search_edit,canonical,1,ISSUE_END,0,78,-52,5383,Ġpattern, pattern
confirmation,exp12_search_edit_07,search_edit,canonical,1,ISSUE_END,1,79,-51,702,Ġhas, has
confirmation,exp12_search_edit_07,search_edit,canonical,1,ISSUE_END,2,80,-50,537,Ġnot, not
confirmation,exp12_search_edit_07,search_edit,canonical,1,ISSUE_END,3,81,-49,1012,Ġbeen, been
confirmation,exp12_search_edit_07,search_edit,canonical,1,ISSUE_END,4,82,-48,10067,Ġchecked, checked
confirmation,exp12_search_edit_07,search_edit,canonical,1,ISSUE_END,5,83,-47,382,.ĊĊ,".

"
confirmation,exp12_search_edit_07,search_edit,canonical,1,DETAIL_END,0,92,-38,1565,Ġ`, `
confirmation,exp12_search_edit_07,search_edit,canonical,1,DETAIL_END,1,93,-37,3548,src,src
confirmation,exp12_search_edit_07,search_edit,canonical,1,DETAIL_END,2,94,-36,14,/,/
confirmation,exp12_search_edit_07,search_edit,canonical,1,DETAIL_END,3,95,-35,26445,transport,transport
confirmation,exp12_search_edit_07,search_edit,canonical,1,DETAIL_END,4,96,-34,7197,.py,.py
confirmation,exp12_search_edit_07,search_edit,canonical,1,DETAIL_END,5,97,-33,62338,`.ĊĊ,"`.

"
confirmation,exp12_search_edit_07,search_edit,canonical,1,ACTION0_END,0,103,-27,2711,Ġsearch, search
confirmation,exp12_search_edit_07,search_edit,canonical,1,ACTION0_END,1,104,-26,4136,_code,_code
confirmation,exp12_search_edit_07,search_edit,canonical,1,ACTION0_END,2,105,-25,445,"(""","("""
confirmation,exp12_search_edit_07,search_edit,canonical,1,ACTION0_END,3,106,-24,6681,send,send
confirmation,exp12_search_edit_07,search_edit,canonical,1,ACTION0_END,4,107,-23,21078,_packet,_packet
confirmation,exp12_search_edit_07,search_edit,canonical,1,ACTION0_END,5,108,-22,1138,""")Ċ",""")
"
confirmation,exp12_search_edit_07,search_edit,canonical,1,ACTION1_END,0,112,-18,445,"(""","("""
confirmation,exp12_search_edit_07,search_edit,canonical,1,ACTION1_END,1,113,-17,3548,src,src
confirmation,exp12_search_edit_07,search_edit,canonical,1,ACTION1_END,2,114,-16,14,/,/
confirmation,exp12_search_edit_07,search_edit,canonical,1,ACTION1_END,3,115,-15,26445,transport,transport
confirmation,exp12_search_edit_07,search_edit,canonical,1,ACTION1_END,4,116,-14,7197,.py,.py
confirmation,exp12_search_edit_07,search_edit,canonical,1,ACTION1_END,5,117,-13,5130,""")ĊĊ",""")

"
confirmation,exp12_search_edit_07,search_edit,canonical,1,FINAL_INSTRUCTION_END,0,119,-11,279,Ġthe, the
confirmation,exp12_search_edit_07,search_edit,canonical,1,FINAL_INSTRUCTION_END,1,120,-10,3175,Ġsingle, single
confirmation,exp12_search_edit_07,search_edit,canonical,1,FINAL_INSTRUCTION_END,2,121,-9,1790,Ġnext, next
confirmation,exp12_search_edit_07,search_edit,canonical,1,FINAL_INSTRUCTION_END,3,122,-8,1917,Ġaction, action
confirmation,exp12_search_edit_07,search_edit,canonical,1,FINAL_INSTRUCTION_END,4,123,-7,1431,Ġnow, now
confirmation,exp12_search_edit_07,search_edit,canonical,1,FINAL_INSTRUCTION_END,5,124,-6,13,.,.
confirmation,exp12_search_edit_07,search_edit,canonical,1,USER_END,0,120,-10,3175,Ġsingle, single
confirmation,exp12_search_edit_07,search_edit,canonical,1,USER_END,1,121,-9,1790,Ġnext, next
confirmation,exp12_search_edit_07,search_edit,canonical,1,USER_END,2,122,-8,1917,Ġaction, action
confirmation,exp12_search_edit_07,search_edit,canonical,1,USER_END,3,123,-7,1431,Ġnow, now
confirmation,exp12_search_edit_07,search_edit,canonical,1,USER_END,4,124,-6,13,.,.
confirmation,exp12_search_edit_07,search_edit,canonical,1,USER_END,5,125,-5,151645,<|im_end|>,<|im_end|>
confirmation,exp12_search_edit_07,search_edit,canonical,1,GENERATION_BOUNDARY,0,124,-6,13,.,.
confirmation,exp12_search_edit_07,search_edit,canonical,1,GENERATION_BOUNDARY,1,125,-5,151645,<|im_end|>,<|im_end|>
confirmation,exp12_search_edit_07,search_edit,canonical,1,GENERATION_BOUNDARY,2,126,-4,198,Ċ,"
"
confirmation,exp12_search_edit_07,search_edit,canonical,1,GENERATION_BOUNDARY,3,127,-3,151644,<|im_start|>,<|im_start|>
confirmation,exp12_search_edit_07,search_edit,canonical,1,GENERATION_BOUNDARY,4,128,-2,77091,assistant,assistant
confirmation,exp12_search_edit_07,search_edit,canonical,1,GENERATION_BOUNDARY,5,129,-1,198,Ċ,"
"
confirmation,exp12_search_edit_07,search_edit,paraphrase,1,SKILL_END,0,29,-100,323,Ġand, and
confirmation,exp12_search_edit_07,search_edit,paraphrase,1,SKILL_END,1,30,-99,5785,Ġreference, reference
confirmation,exp12_search_edit_07,search_edit,paraphrase,1,SKILL_END,2,31,-98,2711,Ġsearch, search
confirmation,exp12_search_edit_07,search_edit,paraphrase,1,SKILL_END,3,32,-97,4041,Ġcomes, comes
confirmation,exp12_search_edit_07,search_edit,paraphrase,1,SKILL_END,4,33,-96,47943,Ġafterward, afterward
confirmation,exp12_search_edit_07,search_edit,paraphrase,1,SKILL_END,5,34,-95,382,.ĊĊ,".

"
confirmation,exp12_search_edit_07,search_edit,paraphrase,1,SYSTEM_END,0,41,-88,29130,Ġdeciding, deciding
confirmation,exp12_search_edit_07,search_edit,paraphrase,1,SYSTEM_END,1,42,-87,279,Ġthe, the
confirmation,exp12_search_edit_07,search_edit,paraphrase,1,SYSTEM_END,2,43,-86,1156,Ġfirst, first
confirmation,exp12_search_edit_07,search_edit,paraphrase,1,SYSTEM_END,3,44,-85,1917,Ġaction, action
confirmation,exp12_search_edit_07,search_edit,paraphrase,1,SYSTEM_END,4,45,-84,13,.,.
confirmation,exp12_search_edit_07,search_edit,paraphrase,1,SYSTEM_END,5,46,-83,151645,<|im_end|>,<|im_end|>
confirmation,exp12_search_edit_07,search_edit,paraphrase,1,ISSUE_END,0,77,-52,5383,Ġpattern, pattern
confirmation,exp12_search_edit_07,search_edit,paraphrase,1,ISSUE_END,1,78,-51,702,Ġhas, has
confirmation,exp12_search_edit_07,search_edit,paraphrase,1,ISSUE_END,2,79,-50,537,Ġnot, not
confirmation,exp12_search_edit_07,search_edit,paraphrase,1,ISSUE_END,3,80,-49,1012,Ġbeen, been
confirmation,exp12_search_edit_07,search_edit,paraphrase,1,ISSUE_END,4,81,-48,10067,Ġchecked, checked
confirmation,exp12_search_edit_07,search_edit,paraphrase,1,ISSUE_END,5,82,-47,382,.ĊĊ,".

"
confirmation,exp12_search_edit_07,search_edit,paraphrase,1,DETAIL_END,0,91,-38,1565,Ġ`, `
confirmation,exp12_search_edit_07,search_edit,paraphrase,1,DETAIL_END,1,92,-37,3548,src,src
confirmation,exp12_search_edit_07,search_edit,paraphrase,1,DETAIL_END,2,93,-36,14,/,/
confirmation,exp12_search_edit_07,search_edit,paraphrase,1,DETAIL_END,3,94,-35,26445,transport,transport
confirmation,exp12_search_edit_07,search_edit,paraphrase,1,DETAIL_END,4,95,-34,7197,.py,.py
confirmation,exp12_search_edit_07,search_edit,paraphrase,1,DETAIL_END,5,96,-33,62338,`.ĊĊ,"`.

"
confirmation,exp12_search_edit_07,search_edit,paraphrase,1,ACTION0_END,0,102,-27,2711,Ġsearch, search
confirmation,exp12_search_edit_07,search_edit,paraphrase,1,ACTION0_END,1,103,-26,4136,_code,_code
confirmation,exp12_search_edit_07,search_edit,paraphrase,1,ACTION0_END,2,104,-25,445,"(""","("""
confirmation,exp12_search_edit_07,search_edit,paraphrase,1,ACTION0_END,3,105,-24,6681,send,send
confirmation,exp12_search_edit_07,search_edit,paraphrase,1,ACTION0_END,4,106,-23,21078,_packet,_packet
confirmation,exp12_search_edit_07,search_edit,paraphrase,1,ACTION0_END,5,107,-22,1138,""")Ċ",""")
"
confirmation,exp12_search_edit_07,search_edit,paraphrase,1,ACTION1_END,0,111,-18,445,"(""","("""
confirmation,exp12_search_edit_07,search_edit,paraphrase,1,ACTION1_END,1,112,-17,3548,src,src
confirmation,exp12_search_edit_07,search_edit,paraphrase,1,ACTION1_END,2,113,-16,14,/,/
confirmation,exp12_search_edit_07,search_edit,paraphrase,1,ACTION1_END,3,114,-15,26445,transport,transport
confirmation,exp12_search_edit_07,search_edit,paraphrase,1,ACTION1_END,4,115,-14,7197,.py,.py
confirmation,exp12_search_edit_07,search_edit,paraphrase,1,ACTION1_END,5,116,-13,5130,""")ĊĊ",""")

"
confirmation,exp12_search_edit_07,search_edit,paraphrase,1,FINAL_INSTRUCTION_END,0,118,-11,279,Ġthe, the
confirmation,exp12_search_edit_07,search_edit,paraphrase,1,FINAL_INSTRUCTION_END,1,119,-10,3175,Ġsingle, single
confirmation,exp12_search_edit_07,search_edit,paraphrase,1,FINAL_INSTRUCTION_END,2,120,-9,1790,Ġnext, next
confirmation,exp12_search_edit_07,search_edit,paraphrase,1,FINAL_INSTRUCTION_END,3,121,-8,1917,Ġaction, action
confirmation,exp12_search_edit_07,search_edit,paraphrase,1,FINAL_INSTRUCTION_END,4,122,-7,1431,Ġnow, now
confirmation,exp12_search_edit_07,search_edit,paraphrase,1,FINAL_INSTRUCTION_END,5,123,-6,13,.,.
confirmation,exp12_search_edit_07,search_edit,paraphrase,1,USER_END,0,119,-10,3175,Ġsingle, single
confirmation,exp12_search_edit_07,search_edit,paraphrase,1,USER_END,1,120,-9,1790,Ġnext, next
confirmation,exp12_search_edit_07,search_edit,paraphrase,1,USER_END,2,121,-8,1917,Ġaction, action
confirmation,exp12_search_edit_07,search_edit,paraphrase,1,USER_END,3,122,-7,1431,Ġnow, now
confirmation,exp12_search_edit_07,search_edit,paraphrase,1,USER_END,4,123,-6,13,.,.
confirmation,exp12_search_edit_07,search_edit,paraphrase,1,USER_END,5,124,-5,151645,<|im_end|>,<|im_end|>
confirmation,exp12_search_edit_07,search_edit,paraphrase,1,GENERATION_BOUNDARY,0,123,-6,13,.,.
confirmation,exp12_search_edit_07,search_edit,paraphrase,1,GENERATION_BOUNDARY,1,124,-5,151645,<|im_end|>,<|im_end|>
confirmation,exp12_search_edit_07,search_edit,paraphrase,1,GENERATION_BOUNDARY,2,125,-4,198,Ċ,"
"
confirmation,exp12_search_edit_07,search_edit,paraphrase,1,GENERATION_BOUNDARY,3,126,-3,151644,<|im_start|>,<|im_start|>
confirmation,exp12_search_edit_07,search_edit,paraphrase,1,GENERATION_BOUNDARY,4,127,-2,77091,assistant,assistant
confirmation,exp12_search_edit_07,search_edit,paraphrase,1,GENERATION_BOUNDARY,5,128,-1,198,Ċ,"
"
confirmation,exp12_search_edit_08,search_edit,canonical,0,SKILL_END,0,35,-98,1172,Ġonly, only
confirmation,exp12_search_edit_08,search_edit,canonical,0,SKILL_END,1,36,-97,1283,Ġafter, after
confirmation,exp12_search_edit_08,search_edit,canonical,0,SKILL_END,2,37,-96,71891,Ġlocating, locating
confirmation,exp12_search_edit_08,search_edit,canonical,0,SKILL_END,3,38,-95,1181,Ġits, its
confirmation,exp12_search_edit_08,search_edit,canonical,0,SKILL_END,4,39,-94,5711,Ġuses, uses
confirmation,exp12_search_edit_08,search_edit,canonical,0,SKILL_END,5,40,-93,382,.ĊĊ,".

"
confirmation,exp12_search_edit_08,search_edit,canonical,0,SYSTEM_END,0,47,-86,29130,Ġdeciding, deciding
confirmation,exp12_search_edit_08,search_edit,canonical,0,SYSTEM_END,1,48,-85,279,Ġthe, the
confirmation,exp12_search_edit_08,search_edit,canonical,0,SYSTEM_END,2,49,-84,1156,Ġfirst, first
confirmation,exp12_search_edit_08,search_edit,canonical,0,SYSTEM_END,3,50,-83,1917,Ġaction, action
confirmation,exp12_search_edit_08,search_edit,canonical,0,SYSTEM_END,4,51,-82,13,.,.
confirmation,exp12_search_edit_08,search_edit,canonical,0,SYSTEM_END,5,52,-81,151645,<|im_end|>,<|im_end|>
confirmation,exp12_search_edit_08,search_edit,canonical,0,ISSUE_END,0,83,-50,5383,Ġpattern, pattern
confirmation,exp12_search_edit_08,search_edit,canonical,0,ISSUE_END,1,84,-49,702,Ġhas, has
confirmation,exp12_search_edit_08,search_edit,canonical,0,ISSUE_END,2,85,-48,537,Ġnot, not
confirmation,exp12_search_edit_08,search_edit,canonical,0,ISSUE_END,3,86,-47,1012,Ġbeen, been
confirmation,exp12_search_edit_08,search_edit,canonical,0,ISSUE_END,4,87,-46,10067,Ġchecked, checked
confirmation,exp12_search_edit_08,search_edit,canonical,0,ISSUE_END,5,88,-45,382,.ĊĊ,".

"
confirmation,exp12_search_edit_08,search_edit,canonical,0,DETAIL_END,0,96,-37,374,Ġis, is
confirmation,exp12_search_edit_08,search_edit,canonical,0,DETAIL_END,1,97,-36,1565,Ġ`, `
confirmation,exp12_search_edit_08,search_edit,canonical,0,DETAIL_END,2,98,-35,3548,src,src
confirmation,exp12_search_edit_08,search_edit,canonical,0,DETAIL_END,3,99,-34,93128,/loader,/loader
confirmation,exp12_search_edit_08,search_edit,canonical,0,DETAIL_END,4,100,-33,7197,.py,.py
confirmation,exp12_search_edit_08,search_edit,canonical,0,DETAIL_END,5,101,-32,62338,`.ĊĊ,"`.

"
confirmation,exp12_search_edit_08,search_edit,canonical,0,ACTION0_END,0,107,-26,2711,Ġsearch, search
confirmation,exp12_search_edit_08,search_edit,canonical,0,ACTION0_END,1,108,-25,4136,_code,_code
confirmation,exp12_search_edit_08,search_edit,canonical,0,ACTION0_END,2,109,-24,445,"(""","("""
confirmation,exp12_search_edit_08,search_edit,canonical,0,ACTION0_END,3,110,-23,1078,load,load
confirmation,exp12_search_edit_08,search_edit,canonical,0,ACTION0_END,4,111,-22,74269,_manifest,_manifest
confirmation,exp12_search_edit_08,search_edit,canonical,0,ACTION0_END,5,112,-21,1138,""")Ċ",""")
"
confirmation,exp12_search_edit_08,search_edit,canonical,0,ACTION1_END,0,115,-18,2458,_file,_file
confirmation,exp12_search_edit_08,search_edit,canonical,0,ACTION1_END,1,116,-17,445,"(""","("""
confirmation,exp12_search_edit_08,search_edit,canonical,0,ACTION1_END,2,117,-16,3548,src,src
confirmation,exp12_search_edit_08,search_edit,canonical,0,ACTION1_END,3,118,-15,93128,/loader,/loader
confirmation,exp12_search_edit_08,search_edit,canonical,0,ACTION1_END,4,119,-14,7197,.py,.py
confirmation,exp12_search_edit_08,search_edit,canonical,0,ACTION1_END,5,120,-13,5130,""")ĊĊ",""")

"
confirmation,exp12_search_edit_08,search_edit,canonical,0,FINAL_INSTRUCTION_END,0,122,-11,279,Ġthe, the
confirmation,exp12_search_edit_08,search_edit,canonical,0,FINAL_INSTRUCTION_END,1,123,-10,3175,Ġsingle, single
confirmation,exp12_search_edit_08,search_edit,canonical,0,FINAL_INSTRUCTION_END,2,124,-9,1790,Ġnext, next
confirmation,exp12_search_edit_08,search_edit,canonical,0,FINAL_INSTRUCTION_END,3,125,-8,1917,Ġaction, action
confirmation,exp12_search_edit_08,search_edit,canonical,0,FINAL_INSTRUCTION_END,4,126,-7,1431,Ġnow, now
confirmation,exp12_search_edit_08,search_edit,canonical,0,FINAL_INSTRUCTION_END,5,127,-6,13,.,.
confirmation,exp12_search_edit_08,search_edit,canonical,0,USER_END,0,123,-10,3175,Ġsingle, single
confirmation,exp12_search_edit_08,search_edit,canonical,0,USER_END,1,124,-9,1790,Ġnext, next
confirmation,exp12_search_edit_08,search_edit,canonical,0,USER_END,2,125,-8,1917,Ġaction, action
confirmation,exp12_search_edit_08,search_edit,canonical,0,USER_END,3,126,-7,1431,Ġnow, now
confirmation,exp12_search_edit_08,search_edit,canonical,0,USER_END,4,127,-6,13,.,.
confirmation,exp12_search_edit_08,search_edit,canonical,0,USER_END,5,128,-5,151645,<|im_end|>,<|im_end|>
confirmation,exp12_search_edit_08,search_edit,canonical,0,GENERATION_BOUNDARY,0,127,-6,13,.,.
confirmation,exp12_search_edit_08,search_edit,canonical,0,GENERATION_BOUNDARY,1,128,-5,151645,<|im_end|>,<|im_end|>
confirmation,exp12_search_edit_08,search_edit,canonical,0,GENERATION_BOUNDARY,2,129,-4,198,Ċ,"
"
confirmation,exp12_search_edit_08,search_edit,canonical,0,GENERATION_BOUNDARY,3,130,-3,151644,<|im_start|>,<|im_start|>
confirmation,exp12_search_edit_08,search_edit,canonical,0,GENERATION_BOUNDARY,4,131,-2,77091,assistant,assistant
confirmation,exp12_search_edit_08,search_edit,canonical,0,GENERATION_BOUNDARY,5,132,-1,198,Ċ,"
"
confirmation,exp12_search_edit_08,search_edit,paraphrase,0,SKILL_END,0,30,-98,448,Ġwith, with
confirmation,exp12_search_edit_08,search_edit,paraphrase,0,SKILL_END,1,31,-97,2530,Ġsource, source
confirmation,exp12_search_edit_08,search_edit,paraphrase,0,SKILL_END,2,32,-96,25683,Ġinspection, inspection
confirmation,exp12_search_edit_08,search_edit,paraphrase,0,SKILL_END,3,33,-95,2701,Ġfollowing, following
confirmation,exp12_search_edit_08,search_edit,paraphrase,0,SKILL_END,4,34,-94,2937,Ġlater, later
confirmation,exp12_search_edit_08,search_edit,paraphrase,0,SKILL_END,5,35,-93,382,.ĊĊ,".

"
confirmation,exp12_search_edit_08,search_edit,paraphrase,0,SYSTEM_END,0,42,-86,29130,Ġdeciding, deciding
confirmation,exp12_search_edit_08,search_edit,paraphrase,0,SYSTEM_END,1,43,-85,279,Ġthe, the
confirmation,exp12_search_edit_08,search_edit,paraphrase,0,SYSTEM_END,2,44,-84,1156,Ġfirst, first
confirmation,exp12_search_edit_08,search_edit,paraphrase,0,SYSTEM_END,3,45,-83,1917,Ġaction, action
confirmation,exp12_search_edit_08,search_edit,paraphrase,0,SYSTEM_END,4,46,-82,13,.,.
confirmation,exp12_search_edit_08,search_edit,paraphrase,0,SYSTEM_END,5,47,-81,151645,<|im_end|>,<|im_end|>
confirmation,exp12_search_edit_08,search_edit,paraphrase,0,ISSUE_END,0,78,-50,5383,Ġpattern, pattern
confirmation,exp12_search_edit_08,search_edit,paraphrase,0,ISSUE_END,1,79,-49,702,Ġhas, has
confirmation,exp12_search_edit_08,search_edit,paraphrase,0,ISSUE_END,2,80,-48,537,Ġnot, not
confirmation,exp12_search_edit_08,search_edit,paraphrase,0,ISSUE_END,3,81,-47,1012,Ġbeen, been
confirmation,exp12_search_edit_08,search_edit,paraphrase,0,ISSUE_END,4,82,-46,10067,Ġchecked, checked
confirmation,exp12_search_edit_08,search_edit,paraphrase,0,ISSUE_END,5,83,-45,382,.ĊĊ,".

"
confirmation,exp12_search_edit_08,search_edit,paraphrase,0,DETAIL_END,0,91,-37,374,Ġis, is
confirmation,exp12_search_edit_08,search_edit,paraphrase,0,DETAIL_END,1,92,-36,1565,Ġ`, `
confirmation,exp12_search_edit_08,search_edit,paraphrase,0,DETAIL_END,2,93,-35,3548,src,src
confirmation,exp12_search_edit_08,search_edit,paraphrase,0,DETAIL_END,3,94,-34,93128,/loader,/loader
confirmation,exp12_search_edit_08,search_edit,paraphrase,0,DETAIL_END,4,95,-33,7197,.py,.py
confirmation,exp12_search_edit_08,search_edit,paraphrase,0,DETAIL_END,5,96,-32,62338,`.ĊĊ,"`.

"
confirmation,exp12_search_edit_08,search_edit,paraphrase,0,ACTION0_END,0,102,-26,2711,Ġsearch, search
confirmation,exp12_search_edit_08,search_edit,paraphrase,0,ACTION0_END,1,103,-25,4136,_code,_code
confirmation,exp12_search_edit_08,search_edit,paraphrase,0,ACTION0_END,2,104,-24,445,"(""","("""
confirmation,exp12_search_edit_08,search_edit,paraphrase,0,ACTION0_END,3,105,-23,1078,load,load
confirmation,exp12_search_edit_08,search_edit,paraphrase,0,ACTION0_END,4,106,-22,74269,_manifest,_manifest
confirmation,exp12_search_edit_08,search_edit,paraphrase,0,ACTION0_END,5,107,-21,1138,""")Ċ",""")
"
confirmation,exp12_search_edit_08,search_edit,paraphrase,0,ACTION1_END,0,110,-18,2458,_file,_file
confirmation,exp12_search_edit_08,search_edit,paraphrase,0,ACTION1_END,1,111,-17,445,"(""","("""
confirmation,exp12_search_edit_08,search_edit,paraphrase,0,ACTION1_END,2,112,-16,3548,src,src
confirmation,exp12_search_edit_08,search_edit,paraphrase,0,ACTION1_END,3,113,-15,93128,/loader,/loader
confirmation,exp12_search_edit_08,search_edit,paraphrase,0,ACTION1_END,4,114,-14,7197,.py,.py
confirmation,exp12_search_edit_08,search_edit,paraphrase,0,ACTION1_END,5,115,-13,5130,""")ĊĊ",""")

"
confirmation,exp12_search_edit_08,search_edit,paraphrase,0,FINAL_INSTRUCTION_END,0,117,-11,279,Ġthe, the
confirmation,exp12_search_edit_08,search_edit,paraphrase,0,FINAL_INSTRUCTION_END,1,118,-10,3175,Ġsingle, single
confirmation,exp12_search_edit_08,search_edit,paraphrase,0,FINAL_INSTRUCTION_END,2,119,-9,1790,Ġnext, next
confirmation,exp12_search_edit_08,search_edit,paraphrase,0,FINAL_INSTRUCTION_END,3,120,-8,1917,Ġaction, action
confirmation,exp12_search_edit_08,search_edit,paraphrase,0,FINAL_INSTRUCTION_END,4,121,-7,1431,Ġnow, now
confirmation,exp12_search_edit_08,search_edit,paraphrase,0,FINAL_INSTRUCTION_END,5,122,-6,13,.,.
confirmation,exp12_search_edit_08,search_edit,paraphrase,0,USER_END,0,118,-10,3175,Ġsingle, single
confirmation,exp12_search_edit_08,search_edit,paraphrase,0,USER_END,1,119,-9,1790,Ġnext, next
confirmation,exp12_search_edit_08,search_edit,paraphrase,0,USER_END,2,120,-8,1917,Ġaction, action
confirmation,exp12_search_edit_08,search_edit,paraphrase,0,USER_END,3,121,-7,1431,Ġnow, now
confirmation,exp12_search_edit_08,search_edit,paraphrase,0,USER_END,4,122,-6,13,.,.
confirmation,exp12_search_edit_08,search_edit,paraphrase,0,USER_END,5,123,-5,151645,<|im_end|>,<|im_end|>
confirmation,exp12_search_edit_08,search_edit,paraphrase,0,GENERATION_BOUNDARY,0,122,-6,13,.,.
confirmation,exp12_search_edit_08,search_edit,paraphrase,0,GENERATION_BOUNDARY,1,123,-5,151645,<|im_end|>,<|im_end|>
confirmation,exp12_search_edit_08,search_edit,paraphrase,0,GENERATION_BOUNDARY,2,124,-4,198,Ċ,"
"
confirmation,exp12_search_edit_08,search_edit,paraphrase,0,GENERATION_BOUNDARY,3,125,-3,151644,<|im_start|>,<|im_start|>
confirmation,exp12_search_edit_08,search_edit,paraphrase,0,GENERATION_BOUNDARY,4,126,-2,77091,assistant,assistant
confirmation,exp12_search_edit_08,search_edit,paraphrase,0,GENERATION_BOUNDARY,5,127,-1,198,Ċ,"
"
confirmation,exp12_search_edit_08,search_edit,canonical,1,SKILL_END,0,30,-98,1283,Ġafter, after
confirmation,exp12_search_edit_08,search_edit,canonical,1,SKILL_END,1,31,-97,8660,Ġunderstanding, understanding
confirmation,exp12_search_edit_08,search_edit,canonical,1,SKILL_END,2,32,-96,279,Ġthe, the
confirmation,exp12_search_edit_08,search_edit,canonical,1,SKILL_END,3,33,-95,2169,Ġtarget, target
confirmation,exp12_search_edit_08,search_edit,canonical,1,SKILL_END,4,34,-94,2038,Ġcode, code
confirmation,exp12_search_edit_08,search_edit,canonical,1,SKILL_END,5,35,-93,382,.ĊĊ,".

"
confirmation,exp12_search_edit_08,search_edit,canonical,1,SYSTEM_END,0,42,-86,29130,Ġdeciding, deciding
confirmation,exp12_search_edit_08,search_edit,canonical,1,SYSTEM_END,1,43,-85,279,Ġthe, the
confirmation,exp12_search_edit_08,search_edit,canonical,1,SYSTEM_END,2,44,-84,1156,Ġfirst, first
confirmation,exp12_search_edit_08,search_edit,canonical,1,SYSTEM_END,3,45,-83,1917,Ġaction, action
confirmation,exp12_search_edit_08,search_edit,canonical,1,SYSTEM_END,4,46,-82,13,.,.
confirmation,exp12_search_edit_08,search_edit,canonical,1,SYSTEM_END,5,47,-81,151645,<|im_end|>,<|im_end|>
confirmation,exp12_search_edit_08,search_edit,canonical,1,ISSUE_END,0,78,-50,5383,Ġpattern, pattern
confirmation,exp12_search_edit_08,search_edit,canonical,1,ISSUE_END,1,79,-49,702,Ġhas, has
confirmation,exp12_search_edit_08,search_edit,canonical,1,ISSUE_END,2,80,-48,537,Ġnot, not
confirmation,exp12_search_edit_08,search_edit,canonical,1,ISSUE_END,3,81,-47,1012,Ġbeen, been
confirmation,exp12_search_edit_08,search_edit,canonical,1,ISSUE_END,4,82,-46,10067,Ġchecked, checked
confirmation,exp12_search_edit_08,search_edit,canonical,1,ISSUE_END,5,83,-45,382,.ĊĊ,".

"
confirmation,exp12_search_edit_08,search_edit,canonical,1,DETAIL_END,0,91,-37,374,Ġis, is
confirmation,exp12_search_edit_08,search_edit,canonical,1,DETAIL_END,1,92,-36,1565,Ġ`, `
confirmation,exp12_search_edit_08,search_edit,canonical,1,DETAIL_END,2,93,-35,3548,src,src
confirmation,exp12_search_edit_08,search_edit,canonical,1,DETAIL_END,3,94,-34,93128,/loader,/loader
confirmation,exp12_search_edit_08,search_edit,canonical,1,DETAIL_END,4,95,-33,7197,.py,.py
confirmation,exp12_search_edit_08,search_edit,canonical,1,DETAIL_END,5,96,-32,62338,`.ĊĊ,"`.

"
confirmation,exp12_search_edit_08,search_edit,canonical,1,ACTION0_END,0,102,-26,2711,Ġsearch, search
confirmation,exp12_search_edit_08,search_edit,canonical,1,ACTION0_END,1,103,-25,4136,_code,_code
confirmation,exp12_search_edit_08,search_edit,canonical,1,ACTION0_END,2,104,-24,445,"(""","("""
confirmation,exp12_search_edit_08,search_edit,canonical,1,ACTION0_END,3,105,-23,1078,load,load
confirmation,exp12_search_edit_08,search_edit,canonical,1,ACTION0_END,4,106,-22,74269,_manifest,_manifest
confirmation,exp12_search_edit_08,search_edit,canonical,1,ACTION0_END,5,107,-21,1138,""")Ċ",""")
"
confirmation,exp12_search_edit_08,search_edit,canonical,1,ACTION1_END,0,110,-18,2458,_file,_file
confirmation,exp12_search_edit_08,search_edit,canonical,1,ACTION1_END,1,111,-17,445,"(""","("""
confirmation,exp12_search_edit_08,search_edit,canonical,1,ACTION1_END,2,112,-16,3548,src,src
confirmation,exp12_search_edit_08,search_edit,canonical,1,ACTION1_END,3,113,-15,93128,/loader,/loader
confirmation,exp12_search_edit_08,search_edit,canonical,1,ACTION1_END,4,114,-14,7197,.py,.py
confirmation,exp12_search_edit_08,search_edit,canonical,1,ACTION1_END,5,115,-13,5130,""")ĊĊ",""")

"
confirmation,exp12_search_edit_08,search_edit,canonical,1,FINAL_INSTRUCTION_END,0,117,-11,279,Ġthe, the
confirmation,exp12_search_edit_08,search_edit,canonical,1,FINAL_INSTRUCTION_END,1,118,-10,3175,Ġsingle, single
confirmation,exp12_search_edit_08,search_edit,canonical,1,FINAL_INSTRUCTION_END,2,119,-9,1790,Ġnext, next
confirmation,exp12_search_edit_08,search_edit,canonical,1,FINAL_INSTRUCTION_END,3,120,-8,1917,Ġaction, action
confirmation,exp12_search_edit_08,search_edit,canonical,1,FINAL_INSTRUCTION_END,4,121,-7,1431,Ġnow, now
confirmation,exp12_search_edit_08,search_edit,canonical,1,FINAL_INSTRUCTION_END,5,122,-6,13,.,.
confirmation,exp12_search_edit_08,search_edit,canonical,1,USER_END,0,118,-10,3175,Ġsingle, single
confirmation,exp12_search_edit_08,search_edit,canonical,1,USER_END,1,119,-9,1790,Ġnext, next
confirmation,exp12_search_edit_08,search_edit,canonical,1,USER_END,2,120,-8,1917,Ġaction, action
confirmation,exp12_search_edit_08,search_edit,canonical,1,USER_END,3,121,-7,1431,Ġnow, now
confirmation,exp12_search_edit_08,search_edit,canonical,1,USER_END,4,122,-6,13,.,.
confirmation,exp12_search_edit_08,search_edit,canonical,1,USER_END,5,123,-5,151645,<|im_end|>,<|im_end|>
confirmation,exp12_search_edit_08,search_edit,canonical,1,GENERATION_BOUNDARY,0,122,-6,13,.,.
confirmation,exp12_search_edit_08,search_edit,canonical,1,GENERATION_BOUNDARY,1,123,-5,151645,<|im_end|>,<|im_end|>
confirmation,exp12_search_edit_08,search_edit,canonical,1,GENERATION_BOUNDARY,2,124,-4,198,Ċ,"
"
confirmation,exp12_search_edit_08,search_edit,canonical,1,GENERATION_BOUNDARY,3,125,-3,151644,<|im_start|>,<|im_start|>
confirmation,exp12_search_edit_08,search_edit,canonical,1,GENERATION_BOUNDARY,4,126,-2,77091,assistant,assistant
confirmation,exp12_search_edit_08,search_edit,canonical,1,GENERATION_BOUNDARY,5,127,-1,198,Ċ,"
"
confirmation,exp12_search_edit_08,search_edit,paraphrase,1,SKILL_END,0,29,-98,323,Ġand, and
confirmation,exp12_search_edit_08,search_edit,paraphrase,1,SKILL_END,1,30,-97,5785,Ġreference, reference
confirmation,exp12_search_edit_08,search_edit,paraphrase,1,SKILL_END,2,31,-96,2711,Ġsearch, search
confirmation,exp12_search_edit_08,search_edit,paraphrase,1,SKILL_END,3,32,-95,4041,Ġcomes, comes
confirmation,exp12_search_edit_08,search_edit,paraphrase,1,SKILL_END,4,33,-94,47943,Ġafterward, afterward
confirmation,exp12_search_edit_08,search_edit,paraphrase,1,SKILL_END,5,34,-93,382,.ĊĊ,".

"
confirmation,exp12_search_edit_08,search_edit,paraphrase,1,SYSTEM_END,0,41,-86,29130,Ġdeciding, deciding
confirmation,exp12_search_edit_08,search_edit,paraphrase,1,SYSTEM_END,1,42,-85,279,Ġthe, the
confirmation,exp12_search_edit_08,search_edit,paraphrase,1,SYSTEM_END,2,43,-84,1156,Ġfirst, first
confirmation,exp12_search_edit_08,search_edit,paraphrase,1,SYSTEM_END,3,44,-83,1917,Ġaction, action
confirmation,exp12_search_edit_08,search_edit,paraphrase,1,SYSTEM_END,4,45,-82,13,.,.
confirmation,exp12_search_edit_08,search_edit,paraphrase,1,SYSTEM_END,5,46,-81,151645,<|im_end|>,<|im_end|>
confirmation,exp12_search_edit_08,search_edit,paraphrase,1,ISSUE_END,0,77,-50,5383,Ġpattern, pattern
confirmation,exp12_search_edit_08,search_edit,paraphrase,1,ISSUE_END,1,78,-49,702,Ġhas, has
confirmation,exp12_search_edit_08,search_edit,paraphrase,1,ISSUE_END,2,79,-48,537,Ġnot, not
confirmation,exp12_search_edit_08,search_edit,paraphrase,1,ISSUE_END,3,80,-47,1012,Ġbeen, been
confirmation,exp12_search_edit_08,search_edit,paraphrase,1,ISSUE_END,4,81,-46,10067,Ġchecked, checked
confirmation,exp12_search_edit_08,search_edit,paraphrase,1,ISSUE_END,5,82,-45,382,.ĊĊ,".

"
confirmation,exp12_search_edit_08,search_edit,paraphrase,1,DETAIL_END,0,90,-37,374,Ġis, is
confirmation,exp12_search_edit_08,search_edit,paraphrase,1,DETAIL_END,1,91,-36,1565,Ġ`, `
confirmation,exp12_search_edit_08,search_edit,paraphrase,1,DETAIL_END,2,92,-35,3548,src,src
confirmation,exp12_search_edit_08,search_edit,paraphrase,1,DETAIL_END,3,93,-34,93128,/loader,/loader
confirmation,exp12_search_edit_08,search_edit,paraphrase,1,DETAIL_END,4,94,-33,7197,.py,.py
confirmation,exp12_search_edit_08,search_edit,paraphrase,1,DETAIL_END,5,95,-32,62338,`.ĊĊ,"`.

"
confirmation,exp12_search_edit_08,search_edit,paraphrase,1,ACTION0_END,0,101,-26,2711,Ġsearch, search
confirmation,exp12_search_edit_08,search_edit,paraphrase,1,ACTION0_END,1,102,-25,4136,_code,_code
confirmation,exp12_search_edit_08,search_edit,paraphrase,1,ACTION0_END,2,103,-24,445,"(""","("""
confirmation,exp12_search_edit_08,search_edit,paraphrase,1,ACTION0_END,3,104,-23,1078,load,load
confirmation,exp12_search_edit_08,search_edit,paraphrase,1,ACTION0_END,4,105,-22,74269,_manifest,_manifest
confirmation,exp12_search_edit_08,search_edit,paraphrase,1,ACTION0_END,5,106,-21,1138,""")Ċ",""")
"
confirmation,exp12_search_edit_08,search_edit,paraphrase,1,ACTION1_END,0,109,-18,2458,_file,_file
confirmation,exp12_search_edit_08,search_edit,paraphrase,1,ACTION1_END,1,110,-17,445,"(""","("""
confirmation,exp12_search_edit_08,search_edit,paraphrase,1,ACTION1_END,2,111,-16,3548,src,src
confirmation,exp12_search_edit_08,search_edit,paraphrase,1,ACTION1_END,3,112,-15,93128,/loader,/loader
confirmation,exp12_search_edit_08,search_edit,paraphrase,1,ACTION1_END,4,113,-14,7197,.py,.py
confirmation,exp12_search_edit_08,search_edit,paraphrase,1,ACTION1_END,5,114,-13,5130,""")ĊĊ",""")

"
confirmation,exp12_search_edit_08,search_edit,paraphrase,1,FINAL_INSTRUCTION_END,0,116,-11,279,Ġthe, the
confirmation,exp12_search_edit_08,search_edit,paraphrase,1,FINAL_INSTRUCTION_END,1,117,-10,3175,Ġsingle, single
confirmation,exp12_search_edit_08,search_edit,paraphrase,1,FINAL_INSTRUCTION_END,2,118,-9,1790,Ġnext, next
confirmation,exp12_search_edit_08,search_edit,paraphrase,1,FINAL_INSTRUCTION_END,3,119,-8,1917,Ġaction, action
confirmation,exp12_search_edit_08,search_edit,paraphrase,1,FINAL_INSTRUCTION_END,4,120,-7,1431,Ġnow, now
confirmation,exp12_search_edit_08,search_edit,paraphrase,1,FINAL_INSTRUCTION_END,5,121,-6,13,.,.
confirmation,exp12_search_edit_08,search_edit,paraphrase,1,USER_END,0,117,-10,3175,Ġsingle, single
confirmation,exp12_search_edit_08,search_edit,paraphrase,1,USER_END,1,118,-9,1790,Ġnext, next
confirmation,exp12_search_edit_08,search_edit,paraphrase,1,USER_END,2,119,-8,1917,Ġaction, action
confirmation,exp12_search_edit_08,search_edit,paraphrase,1,USER_END,3,120,-7,1431,Ġnow, now
confirmation,exp12_search_edit_08,search_edit,paraphrase,1,USER_END,4,121,-6,13,.,.
confirmation,exp12_search_edit_08,search_edit,paraphrase,1,USER_END,5,122,-5,151645,<|im_end|>,<|im_end|>
confirmation,exp12_search_edit_08,search_edit,paraphrase,1,GENERATION_BOUNDARY,0,121,-6,13,.,.
confirmation,exp12_search_edit_08,search_edit,paraphrase,1,GENERATION_BOUNDARY,1,122,-5,151645,<|im_end|>,<|im_end|>
confirmation,exp12_search_edit_08,search_edit,paraphrase,1,GENERATION_BOUNDARY,2,123,-4,198,Ċ,"
"
confirmation,exp12_search_edit_08,search_edit,paraphrase,1,GENERATION_BOUNDARY,3,124,-3,151644,<|im_start|>,<|im_start|>
confirmation,exp12_search_edit_08,search_edit,paraphrase,1,GENERATION_BOUNDARY,4,125,-2,77091,assistant,assistant
confirmation,exp12_search_edit_08,search_edit,paraphrase,1,GENERATION_BOUNDARY,5,126,-1,198,Ċ,"
"
confirmation,exp12_search_edit_11,search_edit,canonical,0,SKILL_END,0,35,-102,1172,Ġonly, only
confirmation,exp12_search_edit_11,search_edit,canonical,0,SKILL_END,1,36,-101,1283,Ġafter, after
confirmation,exp12_search_edit_11,search_edit,canonical,0,SKILL_END,2,37,-100,71891,Ġlocating, locating
confirmation,exp12_search_edit_11,search_edit,canonical,0,SKILL_END,3,38,-99,1181,Ġits, its
confirmation,exp12_search_edit_11,search_edit,canonical,0,SKILL_END,4,39,-98,5711,Ġuses, uses
confirmation,exp12_search_edit_11,search_edit,canonical,0,SKILL_END,5,40,-97,382,.ĊĊ,".

"
confirmation,exp12_search_edit_11,search_edit,canonical,0,SYSTEM_END,0,47,-90,29130,Ġdeciding, deciding
confirmation,exp12_search_edit_11,search_edit,canonical,0,SYSTEM_END,1,48,-89,279,Ġthe, the
confirmation,exp12_search_edit_11,search_edit,canonical,0,SYSTEM_END,2,49,-88,1156,Ġfirst, first
confirmation,exp12_search_edit_11,search_edit,canonical,0,SYSTEM_END,3,50,-87,1917,Ġaction, action
confirmation,exp12_search_edit_11,search_edit,canonical,0,SYSTEM_END,4,51,-86,13,.,.
confirmation,exp12_search_edit_11,search_edit,canonical,0,SYSTEM_END,5,52,-85,151645,<|im_end|>,<|im_end|>
confirmation,exp12_search_edit_11,search_edit,canonical,0,ISSUE_END,0,84,-53,5383,Ġpattern, pattern
confirmation,exp12_search_edit_11,search_edit,canonical,0,ISSUE_END,1,85,-52,702,Ġhas, has
confirmation,exp12_search_edit_11,search_edit,canonical,0,ISSUE_END,2,86,-51,537,Ġnot, not
confirmation,exp12_search_edit_11,search_edit,canonical,0,ISSUE_END,3,87,-50,1012,Ġbeen, been
confirmation,exp12_search_edit_11,search_edit,canonical,0,ISSUE_END,4,88,-49,10067,Ġchecked, checked
confirmation,exp12_search_edit_11,search_edit,canonical,0,ISSUE_END,5,89,-48,382,.ĊĊ,".

"
confirmation,exp12_search_edit_11,search_edit,canonical,0,DETAIL_END,0,98,-39,1565,Ġ`, `
confirmation,exp12_search_edit_11,search_edit,canonical,0,DETAIL_END,1,99,-38,3548,src,src
confirmation,exp12_search_edit_11,search_edit,canonical,0,DETAIL_END,2,100,-37,54386,/token,/token
confirmation,exp12_search_edit_11,search_edit,canonical,0,DETAIL_END,3,101,-36,3135,izer,izer
confirmation,exp12_search_edit_11,search_edit,canonical,0,DETAIL_END,4,102,-35,7197,.py,.py
confirmation,exp12_search_edit_11,search_edit,canonical,0,DETAIL_END,5,103,-34,62338,`.ĊĊ,"`.

"
confirmation,exp12_search_edit_11,search_edit,canonical,0,ACTION0_END,0,110,-27,4136,_code,_code
confirmation,exp12_search_edit_11,search_edit,canonical,0,ACTION0_END,1,111,-26,445,"(""","("""
confirmation,exp12_search_edit_11,search_edit,canonical,0,ACTION0_END,2,112,-25,5839,token,token
confirmation,exp12_search_edit_11,search_edit,canonical,0,ACTION0_END,3,113,-24,551,ize,ize
confirmation,exp12_search_edit_11,search_edit,canonical,0,ACTION0_END,4,114,-23,5898,_input,_input
confirmation,exp12_search_edit_11,search_edit,canonical,0,ACTION0_END,5,115,-22,1138,""")Ċ",""")
"
confirmation,exp12_search_edit_11,search_edit,canonical,0,ACTION1_END,0,119,-18,445,"(""","("""
confirmation,exp12_search_edit_11,search_edit,canonical,0,ACTION1_END,1,120,-17,3548,src,src
confirmation,exp12_search_edit_11,search_edit,canonical,0,ACTION1_END,2,121,-16,54386,/token,/token
confirmation,exp12_search_edit_11,search_edit,canonical,0,ACTION1_END,3,122,-15,3135,izer,izer
confirmation,exp12_search_edit_11,search_edit,canonical,0,ACTION1_END,4,123,-14,7197,.py,.py
confirmation,exp12_search_edit_11,search_edit,canonical,0,ACTION1_END,5,124,-13,5130,""")ĊĊ",""")

"
confirmation,exp12_search_edit_11,search_edit,canonical,0,FINAL_INSTRUCTION_END,0,126,-11,279,Ġthe, the
confirmation,exp12_search_edit_11,search_edit,canonical,0,FINAL_INSTRUCTION_END,1,127,-10,3175,Ġsingle, single
confirmation,exp12_search_edit_11,search_edit,canonical,0,FINAL_INSTRUCTION_END,2,128,-9,1790,Ġnext, next
confirmation,exp12_search_edit_11,search_edit,canonical,0,FINAL_INSTRUCTION_END,3,129,-8,1917,Ġaction, action
confirmation,exp12_search_edit_11,search_edit,canonical,0,FINAL_INSTRUCTION_END,4,130,-7,1431,Ġnow, now
confirmation,exp12_search_edit_11,search_edit,canonical,0,FINAL_INSTRUCTION_END,5,131,-6,13,.,.
confirmation,exp12_search_edit_11,search_edit,canonical,0,USER_END,0,127,-10,3175,Ġsingle, single
confirmation,exp12_search_edit_11,search_edit,canonical,0,USER_END,1,128,-9,1790,Ġnext, next
confirmation,exp12_search_edit_11,search_edit,canonical,0,USER_END,2,129,-8,1917,Ġaction, action
confirmation,exp12_search_edit_11,search_edit,canonical,0,USER_END,3,130,-7,1431,Ġnow, now
confirmation,exp12_search_edit_11,search_edit,canonical,0,USER_END,4,131,-6,13,.,.
confirmation,exp12_search_edit_11,search_edit,canonical,0,USER_END,5,132,-5,151645,<|im_end|>,<|im_end|>
confirmation,exp12_search_edit_11,search_edit,canonical,0,GENERATION_BOUNDARY,0,131,-6,13,.,.
confirmation,exp12_search_edit_11,search_edit,canonical,0,GENERATION_BOUNDARY,1,132,-5,151645,<|im_end|>,<|im_end|>
confirmation,exp12_search_edit_11,search_edit,canonical,0,GENERATION_BOUNDARY,2,133,-4,198,Ċ,"
"
confirmation,exp12_search_edit_11,search_edit,canonical,0,GENERATION_BOUNDARY,3,134,-3,151644,<|im_start|>,<|im_start|>
confirmation,exp12_search_edit_11,search_edit,canonical,0,GENERATION_BOUNDARY,4,135,-2,77091,assistant,assistant
confirmation,exp12_search_edit_11,search_edit,canonical,0,GENERATION_BOUNDARY,5,136,-1,198,Ċ,"
"
confirmation,exp12_search_edit_11,search_edit,paraphrase,0,SKILL_END,0,30,-102,448,Ġwith, with
confirmation,exp12_search_edit_11,search_edit,paraphrase,0,SKILL_END,1,31,-101,2530,Ġsource, source
confirmation,exp12_search_edit_11,search_edit,paraphrase,0,SKILL_END,2,32,-100,25683,Ġinspection, inspection
confirmation,exp12_search_edit_11,search_edit,paraphrase,0,SKILL_END,3,33,-99,2701,Ġfollowing, following
confirmation,exp12_search_edit_11,search_edit,paraphrase,0,SKILL_END,4,34,-98,2937,Ġlater, later
confirmation,exp12_search_edit_11,search_edit,paraphrase,0,SKILL_END,5,35,-97,382,.ĊĊ,".

"
confirmation,exp12_search_edit_11,search_edit,paraphrase,0,SYSTEM_END,0,42,-90,29130,Ġdeciding, deciding
confirmation,exp12_search_edit_11,search_edit,paraphrase,0,SYSTEM_END,1,43,-89,279,Ġthe, the
confirmation,exp12_search_edit_11,search_edit,paraphrase,0,SYSTEM_END,2,44,-88,1156,Ġfirst, first
confirmation,exp12_search_edit_11,search_edit,paraphrase,0,SYSTEM_END,3,45,-87,1917,Ġaction, action
confirmation,exp12_search_edit_11,search_edit,paraphrase,0,SYSTEM_END,4,46,-86,13,.,.
confirmation,exp12_search_edit_11,search_edit,paraphrase,0,SYSTEM_END,5,47,-85,151645,<|im_end|>,<|im_end|>
confirmation,exp12_search_edit_11,search_edit,paraphrase,0,ISSUE_END,0,79,-53,5383,Ġpattern, pattern
confirmation,exp12_search_edit_11,search_edit,paraphrase,0,ISSUE_END,1,80,-52,702,Ġhas, has
confirmation,exp12_search_edit_11,search_edit,paraphrase,0,ISSUE_END,2,81,-51,537,Ġnot, not
confirmation,exp12_search_edit_11,search_edit,paraphrase,0,ISSUE_END,3,82,-50,1012,Ġbeen, been
confirmation,exp12_search_edit_11,search_edit,paraphrase,0,ISSUE_END,4,83,-49,10067,Ġchecked, checked
confirmation,exp12_search_edit_11,search_edit,paraphrase,0,ISSUE_END,5,84,-48,382,.ĊĊ,".

"
confirmation,exp12_search_edit_11,search_edit,paraphrase,0,DETAIL_END,0,93,-39,1565,Ġ`, `
confirmation,exp12_search_edit_11,search_edit,paraphrase,0,DETAIL_END,1,94,-38,3548,src,src
confirmation,exp12_search_edit_11,search_edit,paraphrase,0,DETAIL_END,2,95,-37,54386,/token,/token
confirmation,exp12_search_edit_11,search_edit,paraphrase,0,DETAIL_END,3,96,-36,3135,izer,izer
confirmation,exp12_search_edit_11,search_edit,paraphrase,0,DETAIL_END,4,97,-35,7197,.py,.py
confirmation,exp12_search_edit_11,search_edit,paraphrase,0,DETAIL_END,5,98,-34,62338,`.ĊĊ,"`.

"
confirmation,exp12_search_edit_11,search_edit,paraphrase,0,ACTION0_END,0,105,-27,4136,_code,_code
confirmation,exp12_search_edit_11,search_edit,paraphrase,0,ACTION0_END,1,106,-26,445,"(""","("""
confirmation,exp12_search_edit_11,search_edit,paraphrase,0,ACTION0_END,2,107,-25,5839,token,token
confirmation,exp12_search_edit_11,search_edit,paraphrase,0,ACTION0_END,3,108,-24,551,ize,ize
confirmation,exp12_search_edit_11,search_edit,paraphrase,0,ACTION0_END,4,109,-23,5898,_input,_input
confirmation,exp12_search_edit_11,search_edit,paraphrase,0,ACTION0_END,5,110,-22,1138,""")Ċ",""")
"
confirmation,exp12_search_edit_11,search_edit,paraphrase,0,ACTION1_END,0,114,-18,445,"(""","("""
confirmation,exp12_search_edit_11,search_edit,paraphrase,0,ACTION1_END,1,115,-17,3548,src,src
confirmation,exp12_search_edit_11,search_edit,paraphrase,0,ACTION1_END,2,116,-16,54386,/token,/token
confirmation,exp12_search_edit_11,search_edit,paraphrase,0,ACTION1_END,3,117,-15,3135,izer,izer
confirmation,exp12_search_edit_11,search_edit,paraphrase,0,ACTION1_END,4,118,-14,7197,.py,.py
confirmation,exp12_search_edit_11,search_edit,paraphrase,0,ACTION1_END,5,119,-13,5130,""")ĊĊ",""")

"
confirmation,exp12_search_edit_11,search_edit,paraphrase,0,FINAL_INSTRUCTION_END,0,121,-11,279,Ġthe, the
confirmation,exp12_search_edit_11,search_edit,paraphrase,0,FINAL_INSTRUCTION_END,1,122,-10,3175,Ġsingle, single
confirmation,exp12_search_edit_11,search_edit,paraphrase,0,FINAL_INSTRUCTION_END,2,123,-9,1790,Ġnext, next
confirmation,exp12_search_edit_11,search_edit,paraphrase,0,FINAL_INSTRUCTION_END,3,124,-8,1917,Ġaction, action
confirmation,exp12_search_edit_11,search_edit,paraphrase,0,FINAL_INSTRUCTION_END,4,125,-7,1431,Ġnow, now
confirmation,exp12_search_edit_11,search_edit,paraphrase,0,FINAL_INSTRUCTION_END,5,126,-6,13,.,.
confirmation,exp12_search_edit_11,search_edit,paraphrase,0,USER_END,0,122,-10,3175,Ġsingle, single
confirmation,exp12_search_edit_11,search_edit,paraphrase,0,USER_END,1,123,-9,1790,Ġnext, next
confirmation,exp12_search_edit_11,search_edit,paraphrase,0,USER_END,2,124,-8,1917,Ġaction, action
confirmation,exp12_search_edit_11,search_edit,paraphrase,0,USER_END,3,125,-7,1431,Ġnow, now
confirmation,exp12_search_edit_11,search_edit,paraphrase,0,USER_END,4,126,-6,13,.,.
confirmation,exp12_search_edit_11,search_edit,paraphrase,0,USER_END,5,127,-5,151645,<|im_end|>,<|im_end|>
confirmation,exp12_search_edit_11,search_edit,paraphrase,0,GENERATION_BOUNDARY,0,126,-6,13,.,.
confirmation,exp12_search_edit_11,search_edit,paraphrase,0,GENERATION_BOUNDARY,1,127,-5,151645,<|im_end|>,<|im_end|>
confirmation,exp12_search_edit_11,search_edit,paraphrase,0,GENERATION_BOUNDARY,2,128,-4,198,Ċ,"
"
confirmation,exp12_search_edit_11,search_edit,paraphrase,0,GENERATION_BOUNDARY,3,129,-3,151644,<|im_start|>,<|im_start|>
confirmation,exp12_search_edit_11,search_edit,paraphrase,0,GENERATION_BOUNDARY,4,130,-2,77091,assistant,assistant
confirmation,exp12_search_edit_11,search_edit,paraphrase,0,GENERATION_BOUNDARY,5,131,-1,198,Ċ,"
"
confirmation,exp12_search_edit_11,search_edit,canonical,1,SKILL_END,0,30,-102,1283,Ġafter, after
confirmation,exp12_search_edit_11,search_edit,canonical,1,SKILL_END,1,31,-101,8660,Ġunderstanding, understanding
confirmation,exp12_search_edit_11,search_edit,canonical,1,SKILL_END,2,32,-100,279,Ġthe, the
confirmation,exp12_search_edit_11,search_edit,canonical,1,SKILL_END,3,33,-99,2169,Ġtarget, target
confirmation,exp12_search_edit_11,search_edit,canonical,1,SKILL_END,4,34,-98,2038,Ġcode, code
confirmation,exp12_search_edit_11,search_edit,canonical,1,SKILL_END,5,35,-97,382,.ĊĊ,".

"
confirmation,exp12_search_edit_11,search_edit,canonical,1,SYSTEM_END,0,42,-90,29130,Ġdeciding, deciding
confirmation,exp12_search_edit_11,search_edit,canonical,1,SYSTEM_END,1,43,-89,279,Ġthe, the
confirmation,exp12_search_edit_11,search_edit,canonical,1,SYSTEM_END,2,44,-88,1156,Ġfirst, first
confirmation,exp12_search_edit_11,search_edit,canonical,1,SYSTEM_END,3,45,-87,1917,Ġaction, action
confirmation,exp12_search_edit_11,search_edit,canonical,1,SYSTEM_END,4,46,-86,13,.,.
confirmation,exp12_search_edit_11,search_edit,canonical,1,SYSTEM_END,5,47,-85,151645,<|im_end|>,<|im_end|>
confirmation,exp12_search_edit_11,search_edit,canonical,1,ISSUE_END,0,79,-53,5383,Ġpattern, pattern
confirmation,exp12_search_edit_11,search_edit,canonical,1,ISSUE_END,1,80,-52,702,Ġhas, has
confirmation,exp12_search_edit_11,search_edit,canonical,1,ISSUE_END,2,81,-51,537,Ġnot, not
confirmation,exp12_search_edit_11,search_edit,canonical,1,ISSUE_END,3,82,-50,1012,Ġbeen, been
confirmation,exp12_search_edit_11,search_edit,canonical,1,ISSUE_END,4,83,-49,10067,Ġchecked, checked
confirmation,exp12_search_edit_11,search_edit,canonical,1,ISSUE_END,5,84,-48,382,.ĊĊ,".

"
confirmation,exp12_search_edit_11,search_edit,canonical,1,DETAIL_END,0,93,-39,1565,Ġ`, `
confirmation,exp12_search_edit_11,search_edit,canonical,1,DETAIL_END,1,94,-38,3548,src,src
confirmation,exp12_search_edit_11,search_edit,canonical,1,DETAIL_END,2,95,-37,54386,/token,/token
confirmation,exp12_search_edit_11,search_edit,canonical,1,DETAIL_END,3,96,-36,3135,izer,izer
confirmation,exp12_search_edit_11,search_edit,canonical,1,DETAIL_END,4,97,-35,7197,.py,.py
confirmation,exp12_search_edit_11,search_edit,canonical,1,DETAIL_END,5,98,-34,62338,`.ĊĊ,"`.

"
confirmation,exp12_search_edit_11,search_edit,canonical,1,ACTION0_END,0,105,-27,4136,_code,_code
confirmation,exp12_search_edit_11,search_edit,canonical,1,ACTION0_END,1,106,-26,445,"(""","("""
confirmation,exp12_search_edit_11,search_edit,canonical,1,ACTION0_END,2,107,-25,5839,token,token
confirmation,exp12_search_edit_11,search_edit,canonical,1,ACTION0_END,3,108,-24,551,ize,ize
confirmation,exp12_search_edit_11,search_edit,canonical,1,ACTION0_END,4,109,-23,5898,_input,_input
confirmation,exp12_search_edit_11,search_edit,canonical,1,ACTION0_END,5,110,-22,1138,""")Ċ",""")
"
confirmation,exp12_search_edit_11,search_edit,canonical,1,ACTION1_END,0,114,-18,445,"(""","("""
confirmation,exp12_search_edit_11,search_edit,canonical,1,ACTION1_END,1,115,-17,3548,src,src
confirmation,exp12_search_edit_11,search_edit,canonical,1,ACTION1_END,2,116,-16,54386,/token,/token
confirmation,exp12_search_edit_11,search_edit,canonical,1,ACTION1_END,3,117,-15,3135,izer,izer
confirmation,exp12_search_edit_11,search_edit,canonical,1,ACTION1_END,4,118,-14,7197,.py,.py
confirmation,exp12_search_edit_11,search_edit,canonical,1,ACTION1_END,5,119,-13,5130,""")ĊĊ",""")

"
confirmation,exp12_search_edit_11,search_edit,canonical,1,FINAL_INSTRUCTION_END,0,121,-11,279,Ġthe, the
confirmation,exp12_search_edit_11,search_edit,canonical,1,FINAL_INSTRUCTION_END,1,122,-10,3175,Ġsingle, single
confirmation,exp12_search_edit_11,search_edit,canonical,1,FINAL_INSTRUCTION_END,2,123,-9,1790,Ġnext, next
confirmation,exp12_search_edit_11,search_edit,canonical,1,FINAL_INSTRUCTION_END,3,124,-8,1917,Ġaction, action
confirmation,exp12_search_edit_11,search_edit,canonical,1,FINAL_INSTRUCTION_END,4,125,-7,1431,Ġnow, now
confirmation,exp12_search_edit_11,search_edit,canonical,1,FINAL_INSTRUCTION_END,5,126,-6,13,.,.
confirmation,exp12_search_edit_11,search_edit,canonical,1,USER_END,0,122,-10,3175,Ġsingle, single
confirmation,exp12_search_edit_11,search_edit,canonical,1,USER_END,1,123,-9,1790,Ġnext, next
confirmation,exp12_search_edit_11,search_edit,canonical,1,USER_END,2,124,-8,1917,Ġaction, action
confirmation,exp12_search_edit_11,search_edit,canonical,1,USER_END,3,125,-7,1431,Ġnow, now
confirmation,exp12_search_edit_11,search_edit,canonical,1,USER_END,4,126,-6,13,.,.
confirmation,exp12_search_edit_11,search_edit,canonical,1,USER_END,5,127,-5,151645,<|im_end|>,<|im_end|>
confirmation,exp12_search_edit_11,search_edit,canonical,1,GENERATION_BOUNDARY,0,126,-6,13,.,.
confirmation,exp12_search_edit_11,search_edit,canonical,1,GENERATION_BOUNDARY,1,127,-5,151645,<|im_end|>,<|im_end|>
confirmation,exp12_search_edit_11,search_edit,canonical,1,GENERATION_BOUNDARY,2,128,-4,198,Ċ,"
"
confirmation,exp12_search_edit_11,search_edit,canonical,1,GENERATION_BOUNDARY,3,129,-3,151644,<|im_start|>,<|im_start|>
confirmation,exp12_search_edit_11,search_edit,canonical,1,GENERATION_BOUNDARY,4,130,-2,77091,assistant,assistant
confirmation,exp12_search_edit_11,search_edit,canonical,1,GENERATION_BOUNDARY,5,131,-1,198,Ċ,"
"
confirmation,exp12_search_edit_11,search_edit,paraphrase,1,SKILL_END,0,29,-102,323,Ġand, and
confirmation,exp12_search_edit_11,search_edit,paraphrase,1,SKILL_END,1,30,-101,5785,Ġreference, reference
confirmation,exp12_search_edit_11,search_edit,paraphrase,1,SKILL_END,2,31,-100,2711,Ġsearch, search
confirmation,exp12_search_edit_11,search_edit,paraphrase,1,SKILL_END,3,32,-99,4041,Ġcomes, comes
confirmation,exp12_search_edit_11,search_edit,paraphrase,1,SKILL_END,4,33,-98,47943,Ġafterward, afterward
confirmation,exp12_search_edit_11,search_edit,paraphrase,1,SKILL_END,5,34,-97,382,.ĊĊ,".

"
confirmation,exp12_search_edit_11,search_edit,paraphrase,1,SYSTEM_END,0,41,-90,29130,Ġdeciding, deciding
confirmation,exp12_search_edit_11,search_edit,paraphrase,1,SYSTEM_END,1,42,-89,279,Ġthe, the
confirmation,exp12_search_edit_11,search_edit,paraphrase,1,SYSTEM_END,2,43,-88,1156,Ġfirst, first
confirmation,exp12_search_edit_11,search_edit,paraphrase,1,SYSTEM_END,3,44,-87,1917,Ġaction, action
confirmation,exp12_search_edit_11,search_edit,paraphrase,1,SYSTEM_END,4,45,-86,13,.,.
confirmation,exp12_search_edit_11,search_edit,paraphrase,1,SYSTEM_END,5,46,-85,151645,<|im_end|>,<|im_end|>
confirmation,exp12_search_edit_11,search_edit,paraphrase,1,ISSUE_END,0,78,-53,5383,Ġpattern, pattern
confirmation,exp12_search_edit_11,search_edit,paraphrase,1,ISSUE_END,1,79,-52,702,Ġhas, has
confirmation,exp12_search_edit_11,search_edit,paraphrase,1,ISSUE_END,2,80,-51,537,Ġnot, not
confirmation,exp12_search_edit_11,search_edit,paraphrase,1,ISSUE_END,3,81,-50,1012,Ġbeen, been
confirmation,exp12_search_edit_11,search_edit,paraphrase,1,ISSUE_END,4,82,-49,10067,Ġchecked, checked
confirmation,exp12_search_edit_11,search_edit,paraphrase,1,ISSUE_END,5,83,-48,382,.ĊĊ,".

"
confirmation,exp12_search_edit_11,search_edit,paraphrase,1,DETAIL_END,0,92,-39,1565,Ġ`, `
confirmation,exp12_search_edit_11,search_edit,paraphrase,1,DETAIL_END,1,93,-38,3548,src,src
confirmation,exp12_search_edit_11,search_edit,paraphrase,1,DETAIL_END,2,94,-37,54386,/token,/token
confirmation,exp12_search_edit_11,search_edit,paraphrase,1,DETAIL_END,3,95,-36,3135,izer,izer
confirmation,exp12_search_edit_11,search_edit,paraphrase,1,DETAIL_END,4,96,-35,7197,.py,.py
confirmation,exp12_search_edit_11,search_edit,paraphrase,1,DETAIL_END,5,97,-34,62338,`.ĊĊ,"`.

"
confirmation,exp12_search_edit_11,search_edit,paraphrase,1,ACTION0_END,0,104,-27,4136,_code,_code
confirmation,exp12_search_edit_11,search_edit,paraphrase,1,ACTION0_END,1,105,-26,445,"(""","("""
confirmation,exp12_search_edit_11,search_edit,paraphrase,1,ACTION0_END,2,106,-25,5839,token,token
confirmation,exp12_search_edit_11,search_edit,paraphrase,1,ACTION0_END,3,107,-24,551,ize,ize
confirmation,exp12_search_edit_11,search_edit,paraphrase,1,ACTION0_END,4,108,-23,5898,_input,_input
confirmation,exp12_search_edit_11,search_edit,paraphrase,1,ACTION0_END,5,109,-22,1138,""")Ċ",""")
"
confirmation,exp12_search_edit_11,search_edit,paraphrase,1,ACTION1_END,0,113,-18,445,"(""","("""
confirmation,exp12_search_edit_11,search_edit,paraphrase,1,ACTION1_END,1,114,-17,3548,src,src
confirmation,exp12_search_edit_11,search_edit,paraphrase,1,ACTION1_END,2,115,-16,54386,/token,/token
confirmation,exp12_search_edit_11,search_edit,paraphrase,1,ACTION1_END,3,116,-15,3135,izer,izer
confirmation,exp12_search_edit_11,search_edit,paraphrase,1,ACTION1_END,4,117,-14,7197,.py,.py
confirmation,exp12_search_edit_11,search_edit,paraphrase,1,ACTION1_END,5,118,-13,5130,""")ĊĊ",""")

"
confirmation,exp12_search_edit_11,search_edit,paraphrase,1,FINAL_INSTRUCTION_END,0,120,-11,279,Ġthe, the
confirmation,exp12_search_edit_11,search_edit,paraphrase,1,FINAL_INSTRUCTION_END,1,121,-10,3175,Ġsingle, single
confirmation,exp12_search_edit_11,search_edit,paraphrase,1,FINAL_INSTRUCTION_END,2,122,-9,1790,Ġnext, next
confirmation,exp12_search_edit_11,search_edit,paraphrase,1,FINAL_INSTRUCTION_END,3,123,-8,1917,Ġaction, action
confirmation,exp12_search_edit_11,search_edit,paraphrase,1,FINAL_INSTRUCTION_END,4,124,-7,1431,Ġnow, now
confirmation,exp12_search_edit_11,search_edit,paraphrase,1,FINAL_INSTRUCTION_END,5,125,-6,13,.,.
confirmation,exp12_search_edit_11,search_edit,paraphrase,1,USER_END,0,121,-10,3175,Ġsingle, single
confirmation,exp12_search_edit_11,search_edit,paraphrase,1,USER_END,1,122,-9,1790,Ġnext, next
confirmation,exp12_search_edit_11,search_edit,paraphrase,1,USER_END,2,123,-8,1917,Ġaction, action
confirmation,exp12_search_edit_11,search_edit,paraphrase,1,USER_END,3,124,-7,1431,Ġnow, now
confirmation,exp12_search_edit_11,search_edit,paraphrase,1,USER_END,4,125,-6,13,.,.
confirmation,exp12_search_edit_11,search_edit,paraphrase,1,USER_END,5,126,-5,151645,<|im_end|>,<|im_end|>
confirmation,exp12_search_edit_11,search_edit,paraphrase,1,GENERATION_BOUNDARY,0,125,-6,13,.,.
confirmation,exp12_search_edit_11,search_edit,paraphrase,1,GENERATION_BOUNDARY,1,126,-5,151645,<|im_end|>,<|im_end|>
confirmation,exp12_search_edit_11,search_edit,paraphrase,1,GENERATION_BOUNDARY,2,127,-4,198,Ċ,"
"
confirmation,exp12_search_edit_11,search_edit,paraphrase,1,GENERATION_BOUNDARY,3,128,-3,151644,<|im_start|>,<|im_start|>
confirmation,exp12_search_edit_11,search_edit,paraphrase,1,GENERATION_BOUNDARY,4,129,-2,77091,assistant,assistant
confirmation,exp12_search_edit_11,search_edit,paraphrase,1,GENERATION_BOUNDARY,5,130,-1,198,Ċ,"
"
confirmation,exp12_search_edit_14,search_edit,canonical,0,SKILL_END,0,35,-102,1172,Ġonly, only
confirmation,exp12_search_edit_14,search_edit,canonical,0,SKILL_END,1,36,-101,1283,Ġafter, after
confirmation,exp12_search_edit_14,search_edit,canonical,0,SKILL_END,2,37,-100,71891,Ġlocating, locating
confirmation,exp12_search_edit_14,search_edit,canonical,0,SKILL_END,3,38,-99,1181,Ġits, its
confirmation,exp12_search_edit_14,search_edit,canonical,0,SKILL_END,4,39,-98,5711,Ġuses, uses
confirmation,exp12_search_edit_14,search_edit,canonical,0,SKILL_END,5,40,-97,382,.ĊĊ,".

"
confirmation,exp12_search_edit_14,search_edit,canonical,0,SYSTEM_END,0,47,-90,29130,Ġdeciding, deciding
confirmation,exp12_search_edit_14,search_edit,canonical,0,SYSTEM_END,1,48,-89,279,Ġthe, the
confirmation,exp12_search_edit_14,search_edit,canonical,0,SYSTEM_END,2,49,-88,1156,Ġfirst, first
confirmation,exp12_search_edit_14,search_edit,canonical,0,SYSTEM_END,3,50,-87,1917,Ġaction, action
confirmation,exp12_search_edit_14,search_edit,canonical,0,SYSTEM_END,4,51,-86,13,.,.
confirmation,exp12_search_edit_14,search_edit,canonical,0,SYSTEM_END,5,52,-85,151645,<|im_end|>,<|im_end|>
confirmation,exp12_search_edit_14,search_edit,canonical,0,ISSUE_END,0,83,-54,5383,Ġpattern, pattern
confirmation,exp12_search_edit_14,search_edit,canonical,0,ISSUE_END,1,84,-53,702,Ġhas, has
confirmation,exp12_search_edit_14,search_edit,canonical,0,ISSUE_END,2,85,-52,537,Ġnot, not
confirmation,exp12_search_edit_14,search_edit,canonical,0,ISSUE_END,3,86,-51,1012,Ġbeen, been
confirmation,exp12_search_edit_14,search_edit,canonical,0,ISSUE_END,4,87,-50,10067,Ġchecked, checked
confirmation,exp12_search_edit_14,search_edit,canonical,0,ISSUE_END,5,88,-49,382,.ĊĊ,".

"
confirmation,exp12_search_edit_14,search_edit,canonical,0,DETAIL_END,0,98,-39,3548,src,src
confirmation,exp12_search_edit_14,search_edit,canonical,0,DETAIL_END,1,99,-38,41510,/dis,/dis
confirmation,exp12_search_edit_14,search_edit,canonical,0,DETAIL_END,2,100,-37,3400,patch,patch
confirmation,exp12_search_edit_14,search_edit,canonical,0,DETAIL_END,3,101,-36,261,er,er
confirmation,exp12_search_edit_14,search_edit,canonical,0,DETAIL_END,4,102,-35,7197,.py,.py
confirmation,exp12_search_edit_14,search_edit,canonical,0,DETAIL_END,5,103,-34,62338,`.ĊĊ,"`.

"
confirmation,exp12_search_edit_14,search_edit,canonical,0,ACTION0_END,0,109,-28,2711,Ġsearch, search
confirmation,exp12_search_edit_14,search_edit,canonical,0,ACTION0_END,1,110,-27,4136,_code,_code
confirmation,exp12_search_edit_14,search_edit,canonical,0,ACTION0_END,2,111,-26,445,"(""","("""
confirmation,exp12_search_edit_14,search_edit,canonical,0,ACTION0_END,3,112,-25,18274,dispatch,dispatch
confirmation,exp12_search_edit_14,search_edit,canonical,0,ACTION0_END,4,113,-24,6748,_event,_event
confirmation,exp12_search_edit_14,search_edit,canonical,0,ACTION0_END,5,114,-23,1138,""")Ċ",""")
"
confirmation,exp12_search_edit_14,search_edit,canonical,0,ACTION1_END,0,119,-18,3548,src,src
confirmation,exp12_search_edit_14,search_edit,canonical,0,ACTION1_END,1,120,-17,41510,/dis,/dis
confirmation,exp12_search_edit_14,search_edit,canonical,0,ACTION1_END,2,121,-16,3400,patch,patch
confirmation,exp12_search_edit_14,search_edit,canonical,0,ACTION1_END,3,122,-15,261,er,er
confirmation,exp12_search_edit_14,search_edit,canonical,0,ACTION1_END,4,123,-14,7197,.py,.py
confirmation,exp12_search_edit_14,search_edit,canonical,0,ACTION1_END,5,124,-13,5130,""")ĊĊ",""")

"
confirmation,exp12_search_edit_14,search_edit,canonical,0,FINAL_INSTRUCTION_END,0,126,-11,279,Ġthe, the
confirmation,exp12_search_edit_14,search_edit,canonical,0,FINAL_INSTRUCTION_END,1,127,-10,3175,Ġsingle, single
confirmation,exp12_search_edit_14,search_edit,canonical,0,FINAL_INSTRUCTION_END,2,128,-9,1790,Ġnext, next
confirmation,exp12_search_edit_14,search_edit,canonical,0,FINAL_INSTRUCTION_END,3,129,-8,1917,Ġaction, action
confirmation,exp12_search_edit_14,search_edit,canonical,0,FINAL_INSTRUCTION_END,4,130,-7,1431,Ġnow, now
confirmation,exp12_search_edit_14,search_edit,canonical,0,FINAL_INSTRUCTION_END,5,131,-6,13,.,.
confirmation,exp12_search_edit_14,search_edit,canonical,0,USER_END,0,127,-10,3175,Ġsingle, single
confirmation,exp12_search_edit_14,search_edit,canonical,0,USER_END,1,128,-9,1790,Ġnext, next
confirmation,exp12_search_edit_14,search_edit,canonical,0,USER_END,2,129,-8,1917,Ġaction, action
confirmation,exp12_search_edit_14,search_edit,canonical,0,USER_END,3,130,-7,1431,Ġnow, now
confirmation,exp12_search_edit_14,search_edit,canonical,0,USER_END,4,131,-6,13,.,.
confirmation,exp12_search_edit_14,search_edit,canonical,0,USER_END,5,132,-5,151645,<|im_end|>,<|im_end|>
confirmation,exp12_search_edit_14,search_edit,canonical,0,GENERATION_BOUNDARY,0,131,-6,13,.,.
confirmation,exp12_search_edit_14,search_edit,canonical,0,GENERATION_BOUNDARY,1,132,-5,151645,<|im_end|>,<|im_end|>
confirmation,exp12_search_edit_14,search_edit,canonical,0,GENERATION_BOUNDARY,2,133,-4,198,Ċ,"
"
confirmation,exp12_search_edit_14,search_edit,canonical,0,GENERATION_BOUNDARY,3,134,-3,151644,<|im_start|>,<|im_start|>
confirmation,exp12_search_edit_14,search_edit,canonical,0,GENERATION_BOUNDARY,4,135,-2,77091,assistant,assistant
confirmation,exp12_search_edit_14,search_edit,canonical,0,GENERATION_BOUNDARY,5,136,-1,198,Ċ,"
"
confirmation,exp12_search_edit_14,search_edit,paraphrase,0,SKILL_END,0,30,-102,448,Ġwith, with
confirmation,exp12_search_edit_14,search_edit,paraphrase,0,SKILL_END,1,31,-101,2530,Ġsource, source
confirmation,exp12_search_edit_14,search_edit,paraphrase,0,SKILL_END,2,32,-100,25683,Ġinspection, inspection
confirmation,exp12_search_edit_14,search_edit,paraphrase,0,SKILL_END,3,33,-99,2701,Ġfollowing, following
confirmation,exp12_search_edit_14,search_edit,paraphrase,0,SKILL_END,4,34,-98,2937,Ġlater, later
confirmation,exp12_search_edit_14,search_edit,paraphrase,0,SKILL_END,5,35,-97,382,.ĊĊ,".

"
confirmation,exp12_search_edit_14,search_edit,paraphrase,0,SYSTEM_END,0,42,-90,29130,Ġdeciding, deciding
confirmation,exp12_search_edit_14,search_edit,paraphrase,0,SYSTEM_END,1,43,-89,279,Ġthe, the
confirmation,exp12_search_edit_14,search_edit,paraphrase,0,SYSTEM_END,2,44,-88,1156,Ġfirst, first
confirmation,exp12_search_edit_14,search_edit,paraphrase,0,SYSTEM_END,3,45,-87,1917,Ġaction, action
confirmation,exp12_search_edit_14,search_edit,paraphrase,0,SYSTEM_END,4,46,-86,13,.,.
confirmation,exp12_search_edit_14,search_edit,paraphrase,0,SYSTEM_END,5,47,-85,151645,<|im_end|>,<|im_end|>
confirmation,exp12_search_edit_14,search_edit,paraphrase,0,ISSUE_END,0,78,-54,5383,Ġpattern, pattern
confirmation,exp12_search_edit_14,search_edit,paraphrase,0,ISSUE_END,1,79,-53,702,Ġhas, has
confirmation,exp12_search_edit_14,search_edit,paraphrase,0,ISSUE_END,2,80,-52,537,Ġnot, not
confirmation,exp12_search_edit_14,search_edit,paraphrase,0,ISSUE_END,3,81,-51,1012,Ġbeen, been
confirmation,exp12_search_edit_14,search_edit,paraphrase,0,ISSUE_END,4,82,-50,10067,Ġchecked, checked
confirmation,exp12_search_edit_14,search_edit,paraphrase,0,ISSUE_END,5,83,-49,382,.ĊĊ,".

"
confirmation,exp12_search_edit_14,search_edit,paraphrase,0,DETAIL_END,0,93,-39,3548,src,src
confirmation,exp12_search_edit_14,search_edit,paraphrase,0,DETAIL_END,1,94,-38,41510,/dis,/dis
confirmation,exp12_search_edit_14,search_edit,paraphrase,0,DETAIL_END,2,95,-37,3400,patch,patch
confirmation,exp12_search_edit_14,search_edit,paraphrase,0,DETAIL_END,3,96,-36,261,er,er
confirmation,exp12_search_edit_14,search_edit,paraphrase,0,DETAIL_END,4,97,-35,7197,.py,.py
confirmation,exp12_search_edit_14,search_edit,paraphrase,0,DETAIL_END,5,98,-34,62338,`.ĊĊ,"`.

"
confirmation,exp12_search_edit_14,search_edit,paraphrase,0,ACTION0_END,0,104,-28,2711,Ġsearch, search
confirmation,exp12_search_edit_14,search_edit,paraphrase,0,ACTION0_END,1,105,-27,4136,_code,_code
confirmation,exp12_search_edit_14,search_edit,paraphrase,0,ACTION0_END,2,106,-26,445,"(""","("""
confirmation,exp12_search_edit_14,search_edit,paraphrase,0,ACTION0_END,3,107,-25,18274,dispatch,dispatch
confirmation,exp12_search_edit_14,search_edit,paraphrase,0,ACTION0_END,4,108,-24,6748,_event,_event
confirmation,exp12_search_edit_14,search_edit,paraphrase,0,ACTION0_END,5,109,-23,1138,""")Ċ",""")
"
confirmation,exp12_search_edit_14,search_edit,paraphrase,0,ACTION1_END,0,114,-18,3548,src,src
confirmation,exp12_search_edit_14,search_edit,paraphrase,0,ACTION1_END,1,115,-17,41510,/dis,/dis
confirmation,exp12_search_edit_14,search_edit,paraphrase,0,ACTION1_END,2,116,-16,3400,patch,patch
confirmation,exp12_search_edit_14,search_edit,paraphrase,0,ACTION1_END,3,117,-15,261,er,er
confirmation,exp12_search_edit_14,search_edit,paraphrase,0,ACTION1_END,4,118,-14,7197,.py,.py
confirmation,exp12_search_edit_14,search_edit,paraphrase,0,ACTION1_END,5,119,-13,5130,""")ĊĊ",""")

"
confirmation,exp12_search_edit_14,search_edit,paraphrase,0,FINAL_INSTRUCTION_END,0,121,-11,279,Ġthe, the
confirmation,exp12_search_edit_14,search_edit,paraphrase,0,FINAL_INSTRUCTION_END,1,122,-10,3175,Ġsingle, single
confirmation,exp12_search_edit_14,search_edit,paraphrase,0,FINAL_INSTRUCTION_END,2,123,-9,1790,Ġnext, next
confirmation,exp12_search_edit_14,search_edit,paraphrase,0,FINAL_INSTRUCTION_END,3,124,-8,1917,Ġaction, action
confirmation,exp12_search_edit_14,search_edit,paraphrase,0,FINAL_INSTRUCTION_END,4,125,-7,1431,Ġnow, now
confirmation,exp12_search_edit_14,search_edit,paraphrase,0,FINAL_INSTRUCTION_END,5,126,-6,13,.,.
confirmation,exp12_search_edit_14,search_edit,paraphrase,0,USER_END,0,122,-10,3175,Ġsingle, single
confirmation,exp12_search_edit_14,search_edit,paraphrase,0,USER_END,1,123,-9,1790,Ġnext, next
confirmation,exp12_search_edit_14,search_edit,paraphrase,0,USER_END,2,124,-8,1917,Ġaction, action
confirmation,exp12_search_edit_14,search_edit,paraphrase,0,USER_END,3,125,-7,1431,Ġnow, now
confirmation,exp12_search_edit_14,search_edit,paraphrase,0,USER_END,4,126,-6,13,.,.
confirmation,exp12_search_edit_14,search_edit,paraphrase,0,USER_END,5,127,-5,151645,<|im_end|>,<|im_end|>
confirmation,exp12_search_edit_14,search_edit,paraphrase,0,GENERATION_BOUNDARY,0,126,-6,13,.,.
confirmation,exp12_search_edit_14,search_edit,paraphrase,0,GENERATION_BOUNDARY,1,127,-5,151645,<|im_end|>,<|im_end|>
confirmation,exp12_search_edit_14,search_edit,paraphrase,0,GENERATION_BOUNDARY,2,128,-4,198,Ċ,"
"
confirmation,exp12_search_edit_14,search_edit,paraphrase,0,GENERATION_BOUNDARY,3,129,-3,151644,<|im_start|>,<|im_start|>
confirmation,exp12_search_edit_14,search_edit,paraphrase,0,GENERATION_BOUNDARY,4,130,-2,77091,assistant,assistant
confirmation,exp12_search_edit_14,search_edit,paraphrase,0,GENERATION_BOUNDARY,5,131,-1,198,Ċ,"
"
confirmation,exp12_search_edit_14,search_edit,canonical,1,SKILL_END,0,30,-102,1283,Ġafter, after
confirmation,exp12_search_edit_14,search_edit,canonical,1,SKILL_END,1,31,-101,8660,Ġunderstanding, understanding
confirmation,exp12_search_edit_14,search_edit,canonical,1,SKILL_END,2,32,-100,279,Ġthe, the
confirmation,exp12_search_edit_14,search_edit,canonical,1,SKILL_END,3,33,-99,2169,Ġtarget, target
confirmation,exp12_search_edit_14,search_edit,canonical,1,SKILL_END,4,34,-98,2038,Ġcode, code
confirmation,exp12_search_edit_14,search_edit,canonical,1,SKILL_END,5,35,-97,382,.ĊĊ,".

"
confirmation,exp12_search_edit_14,search_edit,canonical,1,SYSTEM_END,0,42,-90,29130,Ġdeciding, deciding
confirmation,exp12_search_edit_14,search_edit,canonical,1,SYSTEM_END,1,43,-89,279,Ġthe, the
confirmation,exp12_search_edit_14,search_edit,canonical,1,SYSTEM_END,2,44,-88,1156,Ġfirst, first
confirmation,exp12_search_edit_14,search_edit,canonical,1,SYSTEM_END,3,45,-87,1917,Ġaction, action
confirmation,exp12_search_edit_14,search_edit,canonical,1,SYSTEM_END,4,46,-86,13,.,.
confirmation,exp12_search_edit_14,search_edit,canonical,1,SYSTEM_END,5,47,-85,151645,<|im_end|>,<|im_end|>
confirmation,exp12_search_edit_14,search_edit,canonical,1,ISSUE_END,0,78,-54,5383,Ġpattern, pattern
confirmation,exp12_search_edit_14,search_edit,canonical,1,ISSUE_END,1,79,-53,702,Ġhas, has
confirmation,exp12_search_edit_14,search_edit,canonical,1,ISSUE_END,2,80,-52,537,Ġnot, not
confirmation,exp12_search_edit_14,search_edit,canonical,1,ISSUE_END,3,81,-51,1012,Ġbeen, been
confirmation,exp12_search_edit_14,search_edit,canonical,1,ISSUE_END,4,82,-50,10067,Ġchecked, checked
confirmation,exp12_search_edit_14,search_edit,canonical,1,ISSUE_END,5,83,-49,382,.ĊĊ,".

"
confirmation,exp12_search_edit_14,search_edit,canonical,1,DETAIL_END,0,93,-39,3548,src,src
confirmation,exp12_search_edit_14,search_edit,canonical,1,DETAIL_END,1,94,-38,41510,/dis,/dis
confirmation,exp12_search_edit_14,search_edit,canonical,1,DETAIL_END,2,95,-37,3400,patch,patch
confirmation,exp12_search_edit_14,search_edit,canonical,1,DETAIL_END,3,96,-36,261,er,er
confirmation,exp12_search_edit_14,search_edit,canonical,1,DETAIL_END,4,97,-35,7197,.py,.py
confirmation,exp12_search_edit_14,search_edit,canonical,1,DETAIL_END,5,98,-34,62338,`.ĊĊ,"`.

"
confirmation,exp12_search_edit_14,search_edit,canonical,1,ACTION0_END,0,104,-28,2711,Ġsearch, search
confirmation,exp12_search_edit_14,search_edit,canonical,1,ACTION0_END,1,105,-27,4136,_code,_code
confirmation,exp12_search_edit_14,search_edit,canonical,1,ACTION0_END,2,106,-26,445,"(""","("""
confirmation,exp12_search_edit_14,search_edit,canonical,1,ACTION0_END,3,107,-25,18274,dispatch,dispatch
confirmation,exp12_search_edit_14,search_edit,canonical,1,ACTION0_END,4,108,-24,6748,_event,_event
confirmation,exp12_search_edit_14,search_edit,canonical,1,ACTION0_END,5,109,-23,1138,""")Ċ",""")
"
confirmation,exp12_search_edit_14,search_edit,canonical,1,ACTION1_END,0,114,-18,3548,src,src
confirmation,exp12_search_edit_14,search_edit,canonical,1,ACTION1_END,1,115,-17,41510,/dis,/dis
confirmation,exp12_search_edit_14,search_edit,canonical,1,ACTION1_END,2,116,-16,3400,patch,patch
confirmation,exp12_search_edit_14,search_edit,canonical,1,ACTION1_END,3,117,-15,261,er,er
confirmation,exp12_search_edit_14,search_edit,canonical,1,ACTION1_END,4,118,-14,7197,.py,.py
confirmation,exp12_search_edit_14,search_edit,canonical,1,ACTION1_END,5,119,-13,5130,""")ĊĊ",""")

"
confirmation,exp12_search_edit_14,search_edit,canonical,1,FINAL_INSTRUCTION_END,0,121,-11,279,Ġthe, the
confirmation,exp12_search_edit_14,search_edit,canonical,1,FINAL_INSTRUCTION_END,1,122,-10,3175,Ġsingle, single
confirmation,exp12_search_edit_14,search_edit,canonical,1,FINAL_INSTRUCTION_END,2,123,-9,1790,Ġnext, next
confirmation,exp12_search_edit_14,search_edit,canonical,1,FINAL_INSTRUCTION_END,3,124,-8,1917,Ġaction, action
confirmation,exp12_search_edit_14,search_edit,canonical,1,FINAL_INSTRUCTION_END,4,125,-7,1431,Ġnow, now
confirmation,exp12_search_edit_14,search_edit,canonical,1,FINAL_INSTRUCTION_END,5,126,-6,13,.,.
confirmation,exp12_search_edit_14,search_edit,canonical,1,USER_END,0,122,-10,3175,Ġsingle, single
confirmation,exp12_search_edit_14,search_edit,canonical,1,USER_END,1,123,-9,1790,Ġnext, next
confirmation,exp12_search_edit_14,search_edit,canonical,1,USER_END,2,124,-8,1917,Ġaction, action
confirmation,exp12_search_edit_14,search_edit,canonical,1,USER_END,3,125,-7,1431,Ġnow, now
confirmation,exp12_search_edit_14,search_edit,canonical,1,USER_END,4,126,-6,13,.,.
confirmation,exp12_search_edit_14,search_edit,canonical,1,USER_END,5,127,-5,151645,<|im_end|>,<|im_end|>
confirmation,exp12_search_edit_14,search_edit,canonical,1,GENERATION_BOUNDARY,0,126,-6,13,.,.
confirmation,exp12_search_edit_14,search_edit,canonical,1,GENERATION_BOUNDARY,1,127,-5,151645,<|im_end|>,<|im_end|>
confirmation,exp12_search_edit_14,search_edit,canonical,1,GENERATION_BOUNDARY,2,128,-4,198,Ċ,"
"
confirmation,exp12_search_edit_14,search_edit,canonical,1,GENERATION_BOUNDARY,3,129,-3,151644,<|im_start|>,<|im_start|>
confirmation,exp12_search_edit_14,search_edit,canonical,1,GENERATION_BOUNDARY,4,130,-2,77091,assistant,assistant
confirmation,exp12_search_edit_14,search_edit,canonical,1,GENERATION_BOUNDARY,5,131,-1,198,Ċ,"
"
confirmation,exp12_search_edit_14,search_edit,paraphrase,1,SKILL_END,0,29,-102,323,Ġand, and
confirmation,exp12_search_edit_14,search_edit,paraphrase,1,SKILL_END,1,30,-101,5785,Ġreference, reference
confirmation,exp12_search_edit_14,search_edit,paraphrase,1,SKILL_END,2,31,-100,2711,Ġsearch, search
confirmation,exp12_search_edit_14,search_edit,paraphrase,1,SKILL_END,3,32,-99,4041,Ġcomes, comes
confirmation,exp12_search_edit_14,search_edit,paraphrase,1,SKILL_END,4,33,-98,47943,Ġafterward, afterward
confirmation,exp12_search_edit_14,search_edit,paraphrase,1,SKILL_END,5,34,-97,382,.ĊĊ,".

"
confirmation,exp12_search_edit_14,search_edit,paraphrase,1,SYSTEM_END,0,41,-90,29130,Ġdeciding, deciding
confirmation,exp12_search_edit_14,search_edit,paraphrase,1,SYSTEM_END,1,42,-89,279,Ġthe, the
confirmation,exp12_search_edit_14,search_edit,paraphrase,1,SYSTEM_END,2,43,-88,1156,Ġfirst, first
confirmation,exp12_search_edit_14,search_edit,paraphrase,1,SYSTEM_END,3,44,-87,1917,Ġaction, action
confirmation,exp12_search_edit_14,search_edit,paraphrase,1,SYSTEM_END,4,45,-86,13,.,.
confirmation,exp12_search_edit_14,search_edit,paraphrase,1,SYSTEM_END,5,46,-85,151645,<|im_end|>,<|im_end|>
confirmation,exp12_search_edit_14,search_edit,paraphrase,1,ISSUE_END,0,77,-54,5383,Ġpattern, pattern
confirmation,exp12_search_edit_14,search_edit,paraphrase,1,ISSUE_END,1,78,-53,702,Ġhas, has
confirmation,exp12_search_edit_14,search_edit,paraphrase,1,ISSUE_END,2,79,-52,537,Ġnot, not
confirmation,exp12_search_edit_14,search_edit,paraphrase,1,ISSUE_END,3,80,-51,1012,Ġbeen, been
confirmation,exp12_search_edit_14,search_edit,paraphrase,1,ISSUE_END,4,81,-50,10067,Ġchecked, checked
confirmation,exp12_search_edit_14,search_edit,paraphrase,1,ISSUE_END,5,82,-49,382,.ĊĊ,".

"
confirmation,exp12_search_edit_14,search_edit,paraphrase,1,DETAIL_END,0,92,-39,3548,src,src
confirmation,exp12_search_edit_14,search_edit,paraphrase,1,DETAIL_END,1,93,-38,41510,/dis,/dis
confirmation,exp12_search_edit_14,search_edit,paraphrase,1,DETAIL_END,2,94,-37,3400,patch,patch
confirmation,exp12_search_edit_14,search_edit,paraphrase,1,DETAIL_END,3,95,-36,261,er,er
confirmation,exp12_search_edit_14,search_edit,paraphrase,1,DETAIL_END,4,96,-35,7197,.py,.py
confirmation,exp12_search_edit_14,search_edit,paraphrase,1,DETAIL_END,5,97,-34,62338,`.ĊĊ,"`.

"
confirmation,exp12_search_edit_14,search_edit,paraphrase,1,ACTION0_END,0,103,-28,2711,Ġsearch, search
confirmation,exp12_search_edit_14,search_edit,paraphrase,1,ACTION0_END,1,104,-27,4136,_code,_code
confirmation,exp12_search_edit_14,search_edit,paraphrase,1,ACTION0_END,2,105,-26,445,"(""","("""
confirmation,exp12_search_edit_14,search_edit,paraphrase,1,ACTION0_END,3,106,-25,18274,dispatch,dispatch
confirmation,exp12_search_edit_14,search_edit,paraphrase,1,ACTION0_END,4,107,-24,6748,_event,_event
confirmation,exp12_search_edit_14,search_edit,paraphrase,1,ACTION0_END,5,108,-23,1138,""")Ċ",""")
"
confirmation,exp12_search_edit_14,search_edit,paraphrase,1,ACTION1_END,0,113,-18,3548,src,src
confirmation,exp12_search_edit_14,search_edit,paraphrase,1,ACTION1_END,1,114,-17,41510,/dis,/dis
confirmation,exp12_search_edit_14,search_edit,paraphrase,1,ACTION1_END,2,115,-16,3400,patch,patch
confirmation,exp12_search_edit_14,search_edit,paraphrase,1,ACTION1_END,3,116,-15,261,er,er
confirmation,exp12_search_edit_14,search_edit,paraphrase,1,ACTION1_END,4,117,-14,7197,.py,.py
confirmation,exp12_search_edit_14,search_edit,paraphrase,1,ACTION1_END,5,118,-13,5130,""")ĊĊ",""")

"
confirmation,exp12_search_edit_14,search_edit,paraphrase,1,FINAL_INSTRUCTION_END,0,120,-11,279,Ġthe, the
confirmation,exp12_search_edit_14,search_edit,paraphrase,1,FINAL_INSTRUCTION_END,1,121,-10,3175,Ġsingle, single
confirmation,exp12_search_edit_14,search_edit,paraphrase,1,FINAL_INSTRUCTION_END,2,122,-9,1790,Ġnext, next
confirmation,exp12_search_edit_14,search_edit,paraphrase,1,FINAL_INSTRUCTION_END,3,123,-8,1917,Ġaction, action
confirmation,exp12_search_edit_14,search_edit,paraphrase,1,FINAL_INSTRUCTION_END,4,124,-7,1431,Ġnow, now
confirmation,exp12_search_edit_14,search_edit,paraphrase,1,FINAL_INSTRUCTION_END,5,125,-6,13,.,.
confirmation,exp12_search_edit_14,search_edit,paraphrase,1,USER_END,0,121,-10,3175,Ġsingle, single
confirmation,exp12_search_edit_14,search_edit,paraphrase,1,USER_END,1,122,-9,1790,Ġnext, next
confirmation,exp12_search_edit_14,search_edit,paraphrase,1,USER_END,2,123,-8,1917,Ġaction, action
confirmation,exp12_search_edit_14,search_edit,paraphrase,1,USER_END,3,124,-7,1431,Ġnow, now
confirmation,exp12_search_edit_14,search_edit,paraphrase,1,USER_END,4,125,-6,13,.,.
confirmation,exp12_search_edit_14,search_edit,paraphrase,1,USER_END,5,126,-5,151645,<|im_end|>,<|im_end|>
confirmation,exp12_search_edit_14,search_edit,paraphrase,1,GENERATION_BOUNDARY,0,125,-6,13,.,.
confirmation,exp12_search_edit_14,search_edit,paraphrase,1,GENERATION_BOUNDARY,1,126,-5,151645,<|im_end|>,<|im_end|>
confirmation,exp12_search_edit_14,search_edit,paraphrase,1,GENERATION_BOUNDARY,2,127,-4,198,Ċ,"
"
confirmation,exp12_search_edit_14,search_edit,paraphrase,1,GENERATION_BOUNDARY,3,128,-3,151644,<|im_start|>,<|im_start|>
confirmation,exp12_search_edit_14,search_edit,paraphrase,1,GENERATION_BOUNDARY,4,129,-2,77091,assistant,assistant
confirmation,exp12_search_edit_14,search_edit,paraphrase,1,GENERATION_BOUNDARY,5,130,-1,198,Ċ,"
"
confirmation,exp12_config_command_00,config_command,canonical,0,SKILL_END,0,28,-95,1221,Ġthen, then
confirmation,exp12_config_command_00,config_command,canonical,0,SKILL_END,1,29,-94,1598,Ġrun, run
confirmation,exp12_config_command_00,config_command,canonical,0,SKILL_END,2,30,-93,894,Ġany, any
confirmation,exp12_config_command_00,config_command,canonical,0,SKILL_END,3,31,-92,15089,Ġdiagnostic, diagnostic
confirmation,exp12_config_command_00,config_command,canonical,0,SKILL_END,4,32,-91,3210,Ġcommand, command
confirmation,exp12_config_command_00,config_command,canonical,0,SKILL_END,5,33,-90,382,.ĊĊ,".

"
confirmation,exp12_config_command_00,config_command,canonical,0,SYSTEM_END,0,40,-83,29130,Ġdeciding, deciding
confirmation,exp12_config_command_00,config_command,canonical,0,SYSTEM_END,1,41,-82,279,Ġthe, the
confirmation,exp12_config_command_00,config_command,canonical,0,SYSTEM_END,2,42,-81,1156,Ġfirst, first
confirmation,exp12_config_command_00,config_command,canonical,0,SYSTEM_END,3,43,-80,1917,Ġaction, action
confirmation,exp12_config_command_00,config_command,canonical,0,SYSTEM_END,4,44,-79,13,.,.
confirmation,exp12_config_command_00,config_command,canonical,0,SYSTEM_END,5,45,-78,151645,<|im_end|>,<|im_end|>
confirmation,exp12_config_command_00,config_command,canonical,0,ISSUE_END,0,70,-53,15089,Ġdiagnostic, diagnostic
confirmation,exp12_config_command_00,config_command,canonical,0,ISSUE_END,1,71,-52,3210,Ġcommand, command
confirmation,exp12_config_command_00,config_command,canonical,0,ISSUE_END,2,72,-51,525,Ġare, are
confirmation,exp12_config_command_00,config_command,canonical,0,ISSUE_END,3,73,-50,2176,Ġboth, both
confirmation,exp12_config_command_00,config_command,canonical,0,ISSUE_END,4,74,-49,2500,Ġavailable, available
confirmation,exp12_config_command_00,config_command,canonical,0,ISSUE_END,5,75,-48,382,.ĊĊ,".

"
confirmation,exp12_config_command_00,config_command,canonical,0,DETAIL_END,0,81,-42,23497,Ġfocuses, focuses
confirmation,exp12_config_command_00,config_command,canonical,0,DETAIL_END,1,82,-41,389,Ġon, on
confirmation,exp12_config_command_00,config_command,canonical,0,DETAIL_END,2,83,-40,1565,Ġ`, `
confirmation,exp12_config_command_00,config_command,canonical,0,DETAIL_END,3,84,-39,6400,parse,parse
confirmation,exp12_config_command_00,config_command,canonical,0,DETAIL_END,4,85,-38,14192,_record,_record
confirmation,exp12_config_command_00,config_command,canonical,0,DETAIL_END,5,86,-37,62338,`.ĊĊ,"`.

"
confirmation,exp12_config_command_00,config_command,canonical,0,ACTION0_END,0,94,-29,445,"(""","("""
confirmation,exp12_config_command_00,config_command,canonical,0,ACTION0_END,1,95,-28,1676,config,config
confirmation,exp12_config_command_00,config_command,canonical,0,ACTION0_END,2,96,-27,61770,/parser,/parser
confirmation,exp12_config_command_00,config_command,canonical,0,ACTION0_END,3,97,-26,73494,.tom,.tom
confirmation,exp12_config_command_00,config_command,canonical,0,ACTION0_END,4,98,-25,75,l,l
confirmation,exp12_config_command_00,config_command,canonical,0,ACTION0_END,5,99,-24,1138,""")Ċ",""")
"
confirmation,exp12_config_command_00,config_command,canonical,0,ACTION1_END,0,105,-18,481,Ġ-, -
confirmation,exp12_config_command_00,config_command,canonical,0,ACTION1_END,1,106,-17,76,m,m
confirmation,exp12_config_command_00,config_command,canonical,0,ACTION1_END,2,107,-16,906,Ġapp, app
confirmation,exp12_config_command_00,config_command,canonical,0,ACTION1_END,3,108,-15,9093,.check,.check
confirmation,exp12_config_command_00,config_command,canonical,0,ACTION1_END,4,109,-14,11529,_cache,_cache
confirmation,exp12_config_command_00,config_command,canonical,0,ACTION1_END,5,110,-13,5130,""")ĊĊ",""")

"
confirmation,exp12_config_command_00,config_command,canonical,0,FINAL_INSTRUCTION_END,0,112,-11,279,Ġthe, the
confirmation,exp12_config_command_00,config_command,canonical,0,FINAL_INSTRUCTION_END,1,113,-10,3175,Ġsingle, single
confirmation,exp12_config_command_00,config_command,canonical,0,FINAL_INSTRUCTION_END,2,114,-9,1790,Ġnext, next
confirmation,exp12_config_command_00,config_command,canonical,0,FINAL_INSTRUCTION_END,3,115,-8,1917,Ġaction, action
confirmation,exp12_config_command_00,config_command,canonical,0,FINAL_INSTRUCTION_END,4,116,-7,1431,Ġnow, now
confirmation,exp12_config_command_00,config_command,canonical,0,FINAL_INSTRUCTION_END,5,117,-6,13,.,.
confirmation,exp12_config_command_00,config_command,canonical,0,USER_END,0,113,-10,3175,Ġsingle, single
confirmation,exp12_config_command_00,config_command,canonical,0,USER_END,1,114,-9,1790,Ġnext, next
confirmation,exp12_config_command_00,config_command,canonical,0,USER_END,2,115,-8,1917,Ġaction, action
confirmation,exp12_config_command_00,config_command,canonical,0,USER_END,3,116,-7,1431,Ġnow, now
confirmation,exp12_config_command_00,config_command,canonical,0,USER_END,4,117,-6,13,.,.
confirmation,exp12_config_command_00,config_command,canonical,0,USER_END,5,118,-5,151645,<|im_end|>,<|im_end|>
confirmation,exp12_config_command_00,config_command,canonical,0,GENERATION_BOUNDARY,0,117,-6,13,.,.
confirmation,exp12_config_command_00,config_command,canonical,0,GENERATION_BOUNDARY,1,118,-5,151645,<|im_end|>,<|im_end|>
confirmation,exp12_config_command_00,config_command,canonical,0,GENERATION_BOUNDARY,2,119,-4,198,Ċ,"
"
confirmation,exp12_config_command_00,config_command,canonical,0,GENERATION_BOUNDARY,3,120,-3,151644,<|im_start|>,<|im_start|>
confirmation,exp12_config_command_00,config_command,canonical,0,GENERATION_BOUNDARY,4,121,-2,77091,assistant,assistant
confirmation,exp12_config_command_00,config_command,canonical,0,GENERATION_BOUNDARY,5,122,-1,198,Ċ,"
"
confirmation,exp12_config_command_00,config_command,paraphrase,0,SKILL_END,0,23,-95,1573,Ġbefore, before
confirmation,exp12_config_command_00,config_command,paraphrase,0,SKILL_END,1,24,-94,30220,Ġexecuting, executing
confirmation,exp12_config_command_00,config_command,paraphrase,0,SKILL_END,2,25,-93,279,Ġthe, the
confirmation,exp12_config_command_00,config_command,paraphrase,0,SKILL_END,3,26,-92,15089,Ġdiagnostic, diagnostic
confirmation,exp12_config_command_00,config_command,paraphrase,0,SKILL_END,4,27,-91,3210,Ġcommand, command
confirmation,exp12_config_command_00,config_command,paraphrase,0,SKILL_END,5,28,-90,382,.ĊĊ,".

"
confirmation,exp12_config_command_00,config_command,paraphrase,0,SYSTEM_END,0,35,-83,29130,Ġdeciding, deciding
confirmation,exp12_config_command_00,config_command,paraphrase,0,SYSTEM_END,1,36,-82,279,Ġthe, the
confirmation,exp12_config_command_00,config_command,paraphrase,0,SYSTEM_END,2,37,-81,1156,Ġfirst, first
confirmation,exp12_config_command_00,config_command,paraphrase,0,SYSTEM_END,3,38,-80,1917,Ġaction, action
confirmation,exp12_config_command_00,config_command,paraphrase,0,SYSTEM_END,4,39,-79,13,.,.
confirmation,exp12_config_command_00,config_command,paraphrase,0,SYSTEM_END,5,40,-78,151645,<|im_end|>,<|im_end|>
confirmation,exp12_config_command_00,config_command,paraphrase,0,ISSUE_END,0,65,-53,15089,Ġdiagnostic, diagnostic
confirmation,exp12_config_command_00,config_command,paraphrase,0,ISSUE_END,1,66,-52,3210,Ġcommand, command
confirmation,exp12_config_command_00,config_command,paraphrase,0,ISSUE_END,2,67,-51,525,Ġare, are
confirmation,exp12_config_command_00,config_command,paraphrase,0,ISSUE_END,3,68,-50,2176,Ġboth, both
confirmation,exp12_config_command_00,config_command,paraphrase,0,ISSUE_END,4,69,-49,2500,Ġavailable, available
confirmation,exp12_config_command_00,config_command,paraphrase,0,ISSUE_END,5,70,-48,382,.ĊĊ,".

"
confirmation,exp12_config_command_00,config_command,paraphrase,0,DETAIL_END,0,76,-42,23497,Ġfocuses, focuses
confirmation,exp12_config_command_00,config_command,paraphrase,0,DETAIL_END,1,77,-41,389,Ġon, on
confirmation,exp12_config_command_00,config_command,paraphrase,0,DETAIL_END,2,78,-40,1565,Ġ`, `
confirmation,exp12_config_command_00,config_command,paraphrase,0,DETAIL_END,3,79,-39,6400,parse,parse
confirmation,exp12_config_command_00,config_command,paraphrase,0,DETAIL_END,4,80,-38,14192,_record,_record
confirmation,exp12_config_command_00,config_command,paraphrase,0,DETAIL_END,5,81,-37,62338,`.ĊĊ,"`.

"
confirmation,exp12_config_command_00,config_command,paraphrase,0,ACTION0_END,0,89,-29,445,"(""","("""
confirmation,exp12_config_command_00,config_command,paraphrase,0,ACTION0_END,1,90,-28,1676,config,config
confirmation,exp12_config_command_00,config_command,paraphrase,0,ACTION0_END,2,91,-27,61770,/parser,/parser
confirmation,exp12_config_command_00,config_command,paraphrase,0,ACTION0_END,3,92,-26,73494,.tom,.tom
confirmation,exp12_config_command_00,config_command,paraphrase,0,ACTION0_END,4,93,-25,75,l,l
confirmation,exp12_config_command_00,config_command,paraphrase,0,ACTION0_END,5,94,-24,1138,""")Ċ",""")
"
confirmation,exp12_config_command_00,config_command,paraphrase,0,ACTION1_END,0,100,-18,481,Ġ-, -
confirmation,exp12_config_command_00,config_command,paraphrase,0,ACTION1_END,1,101,-17,76,m,m
confirmation,exp12_config_command_00,config_command,paraphrase,0,ACTION1_END,2,102,-16,906,Ġapp, app
confirmation,exp12_config_command_00,config_command,paraphrase,0,ACTION1_END,3,103,-15,9093,.check,.check
confirmation,exp12_config_command_00,config_command,paraphrase,0,ACTION1_END,4,104,-14,11529,_cache,_cache
confirmation,exp12_config_command_00,config_command,paraphrase,0,ACTION1_END,5,105,-13,5130,""")ĊĊ",""")

"
confirmation,exp12_config_command_00,config_command,paraphrase,0,FINAL_INSTRUCTION_END,0,107,-11,279,Ġthe, the
confirmation,exp12_config_command_00,config_command,paraphrase,0,FINAL_INSTRUCTION_END,1,108,-10,3175,Ġsingle, single
confirmation,exp12_config_command_00,config_command,paraphrase,0,FINAL_INSTRUCTION_END,2,109,-9,1790,Ġnext, next
confirmation,exp12_config_command_00,config_command,paraphrase,0,FINAL_INSTRUCTION_END,3,110,-8,1917,Ġaction, action
confirmation,exp12_config_command_00,config_command,paraphrase,0,FINAL_INSTRUCTION_END,4,111,-7,1431,Ġnow, now
confirmation,exp12_config_command_00,config_command,paraphrase,0,FINAL_INSTRUCTION_END,5,112,-6,13,.,.
confirmation,exp12_config_command_00,config_command,paraphrase,0,USER_END,0,108,-10,3175,Ġsingle, single
confirmation,exp12_config_command_00,config_command,paraphrase,0,USER_END,1,109,-9,1790,Ġnext, next
confirmation,exp12_config_command_00,config_command,paraphrase,0,USER_END,2,110,-8,1917,Ġaction, action
confirmation,exp12_config_command_00,config_command,paraphrase,0,USER_END,3,111,-7,1431,Ġnow, now
confirmation,exp12_config_command_00,config_command,paraphrase,0,USER_END,4,112,-6,13,.,.
confirmation,exp12_config_command_00,config_command,paraphrase,0,USER_END,5,113,-5,151645,<|im_end|>,<|im_end|>
confirmation,exp12_config_command_00,config_command,paraphrase,0,GENERATION_BOUNDARY,0,112,-6,13,.,.
confirmation,exp12_config_command_00,config_command,paraphrase,0,GENERATION_BOUNDARY,1,113,-5,151645,<|im_end|>,<|im_end|>
confirmation,exp12_config_command_00,config_command,paraphrase,0,GENERATION_BOUNDARY,2,114,-4,198,Ċ,"
"
confirmation,exp12_config_command_00,config_command,paraphrase,0,GENERATION_BOUNDARY,3,115,-3,151644,<|im_start|>,<|im_start|>
confirmation,exp12_config_command_00,config_command,paraphrase,0,GENERATION_BOUNDARY,4,116,-2,77091,assistant,assistant
confirmation,exp12_config_command_00,config_command,paraphrase,0,GENERATION_BOUNDARY,5,117,-1,198,Ċ,"
"
confirmation,exp12_config_command_00,config_command,canonical,1,SKILL_END,0,26,-95,1156,Ġfirst, first
confirmation,exp12_config_command_00,config_command,canonical,1,SKILL_END,1,27,-94,11,",",","
confirmation,exp12_config_command_00,config_command,canonical,1,SKILL_END,2,28,-93,1221,Ġthen, then
confirmation,exp12_config_command_00,config_command,canonical,1,SKILL_END,3,29,-92,24085,Ġinspect, inspect
confirmation,exp12_config_command_00,config_command,canonical,1,SKILL_END,4,30,-91,6546,Ġconfiguration, configuration
confirmation,exp12_config_command_00,config_command,canonical,1,SKILL_END,5,31,-90,382,.ĊĊ,".

"
confirmation,exp12_config_command_00,config_command,canonical,1,SYSTEM_END,0,38,-83,29130,Ġdeciding, deciding
confirmation,exp12_config_command_00,config_command,canonical,1,SYSTEM_END,1,39,-82,279,Ġthe, the
confirmation,exp12_config_command_00,config_command,canonical,1,SYSTEM_END,2,40,-81,1156,Ġfirst, first
confirmation,exp12_config_command_00,config_command,canonical,1,SYSTEM_END,3,41,-80,1917,Ġaction, action
confirmation,exp12_config_command_00,config_command,canonical,1,SYSTEM_END,4,42,-79,13,.,.
confirmation,exp12_config_command_00,config_command,canonical,1,SYSTEM_END,5,43,-78,151645,<|im_end|>,<|im_end|>
confirmation,exp12_config_command_00,config_command,canonical,1,ISSUE_END,0,68,-53,15089,Ġdiagnostic, diagnostic
confirmation,exp12_config_command_00,config_command,canonical,1,ISSUE_END,1,69,-52,3210,Ġcommand, command
confirmation,exp12_config_command_00,config_command,canonical,1,ISSUE_END,2,70,-51,525,Ġare, are
confirmation,exp12_config_command_00,config_command,canonical,1,ISSUE_END,3,71,-50,2176,Ġboth, both
confirmation,exp12_config_command_00,config_command,canonical,1,ISSUE_END,4,72,-49,2500,Ġavailable, available
confirmation,exp12_config_command_00,config_command,canonical,1,ISSUE_END,5,73,-48,382,.ĊĊ,".

"
confirmation,exp12_config_command_00,config_command,canonical,1,DETAIL_END,0,79,-42,23497,Ġfocuses, focuses
confirmation,exp12_config_command_00,config_command,canonical,1,DETAIL_END,1,80,-41,389,Ġon, on
confirmation,exp12_config_command_00,config_command,canonical,1,DETAIL_END,2,81,-40,1565,Ġ`, `
confirmation,exp12_config_command_00,config_command,canonical,1,DETAIL_END,3,82,-39,6400,parse,parse
confirmation,exp12_config_command_00,config_command,canonical,1,DETAIL_END,4,83,-38,14192,_record,_record
confirmation,exp12_config_command_00,config_command,canonical,1,DETAIL_END,5,84,-37,62338,`.ĊĊ,"`.

"
confirmation,exp12_config_command_00,config_command,canonical,1,ACTION0_END,0,92,-29,445,"(""","("""
confirmation,exp12_config_command_00,config_command,canonical,1,ACTION0_END,1,93,-28,1676,config,config
confirmation,exp12_config_command_00,config_command,canonical,1,ACTION0_END,2,94,-27,61770,/parser,/parser
confirmation,exp12_config_command_00,config_command,canonical,1,ACTION0_END,3,95,-26,73494,.tom,.tom
confirmation,exp12_config_command_00,config_command,canonical,1,ACTION0_END,4,96,-25,75,l,l
confirmation,exp12_config_command_00,config_command,canonical,1,ACTION0_END,5,97,-24,1138,""")Ċ",""")
"
confirmation,exp12_config_command_00,config_command,canonical,1,ACTION1_END,0,103,-18,481,Ġ-, -
confirmation,exp12_config_command_00,config_command,canonical,1,ACTION1_END,1,104,-17,76,m,m
confirmation,exp12_config_command_00,config_command,canonical,1,ACTION1_END,2,105,-16,906,Ġapp, app
confirmation,exp12_config_command_00,config_command,canonical,1,ACTION1_END,3,106,-15,9093,.check,.check
confirmation,exp12_config_command_00,config_command,canonical,1,ACTION1_END,4,107,-14,11529,_cache,_cache
confirmation,exp12_config_command_00,config_command,canonical,1,ACTION1_END,5,108,-13,5130,""")ĊĊ",""")

"
confirmation,exp12_config_command_00,config_command,canonical,1,FINAL_INSTRUCTION_END,0,110,-11,279,Ġthe, the
confirmation,exp12_config_command_00,config_command,canonical,1,FINAL_INSTRUCTION_END,1,111,-10,3175,Ġsingle, single
confirmation,exp12_config_command_00,config_command,canonical,1,FINAL_INSTRUCTION_END,2,112,-9,1790,Ġnext, next
confirmation,exp12_config_command_00,config_command,canonical,1,FINAL_INSTRUCTION_END,3,113,-8,1917,Ġaction, action
confirmation,exp12_config_command_00,config_command,canonical,1,FINAL_INSTRUCTION_END,4,114,-7,1431,Ġnow, now
confirmation,exp12_config_command_00,config_command,canonical,1,FINAL_INSTRUCTION_END,5,115,-6,13,.,.
confirmation,exp12_config_command_00,config_command,canonical,1,USER_END,0,111,-10,3175,Ġsingle, single
confirmation,exp12_config_command_00,config_command,canonical,1,USER_END,1,112,-9,1790,Ġnext, next
confirmation,exp12_config_command_00,config_command,canonical,1,USER_END,2,113,-8,1917,Ġaction, action
confirmation,exp12_config_command_00,config_command,canonical,1,USER_END,3,114,-7,1431,Ġnow, now
confirmation,exp12_config_command_00,config_command,canonical,1,USER_END,4,115,-6,13,.,.
confirmation,exp12_config_command_00,config_command,canonical,1,USER_END,5,116,-5,151645,<|im_end|>,<|im_end|>
confirmation,exp12_config_command_00,config_command,canonical,1,GENERATION_BOUNDARY,0,115,-6,13,.,.
confirmation,exp12_config_command_00,config_command,canonical,1,GENERATION_BOUNDARY,1,116,-5,151645,<|im_end|>,<|im_end|>
confirmation,exp12_config_command_00,config_command,canonical,1,GENERATION_BOUNDARY,2,117,-4,198,Ċ,"
"
confirmation,exp12_config_command_00,config_command,canonical,1,GENERATION_BOUNDARY,3,118,-3,151644,<|im_start|>,<|im_start|>
confirmation,exp12_config_command_00,config_command,canonical,1,GENERATION_BOUNDARY,4,119,-2,77091,assistant,assistant
confirmation,exp12_config_command_00,config_command,canonical,1,GENERATION_BOUNDARY,5,120,-1,198,Ċ,"
"
confirmation,exp12_config_command_00,config_command,paraphrase,1,SKILL_END,0,26,-95,3019,Ġstep, step
confirmation,exp12_config_command_00,config_command,paraphrase,1,SKILL_END,1,27,-94,323,Ġand, and
confirmation,exp12_config_command_00,config_command,paraphrase,1,SKILL_END,2,28,-93,3395,Ġreview, review
confirmation,exp12_config_command_00,config_command,paraphrase,1,SKILL_END,3,29,-92,6546,Ġconfiguration, configuration
confirmation,exp12_config_command_00,config_command,paraphrase,1,SKILL_END,4,30,-91,47943,Ġafterward, afterward
confirmation,exp12_config_command_00,config_command,paraphrase,1,SKILL_END,5,31,-90,382,.ĊĊ,".

"
confirmation,exp12_config_command_00,config_command,paraphrase,1,SYSTEM_END,0,38,-83,29130,Ġdeciding, deciding
confirmation,exp12_config_command_00,config_command,paraphrase,1,SYSTEM_END,1,39,-82,279,Ġthe, the
confirmation,exp12_config_command_00,config_command,paraphrase,1,SYSTEM_END,2,40,-81,1156,Ġfirst, first
confirmation,exp12_config_command_00,config_command,paraphrase,1,SYSTEM_END,3,41,-80,1917,Ġaction, action
confirmation,exp12_config_command_00,config_command,paraphrase,1,SYSTEM_END,4,42,-79,13,.,.
confirmation,exp12_config_command_00,config_command,paraphrase,1,SYSTEM_END,5,43,-78,151645,<|im_end|>,<|im_end|>
confirmation,exp12_config_command_00,config_command,paraphrase,1,ISSUE_END,0,68,-53,15089,Ġdiagnostic, diagnostic
confirmation,exp12_config_command_00,config_command,paraphrase,1,ISSUE_END,1,69,-52,3210,Ġcommand, command
confirmation,exp12_config_command_00,config_command,paraphrase,1,ISSUE_END,2,70,-51,525,Ġare, are
confirmation,exp12_config_command_00,config_command,paraphrase,1,ISSUE_END,3,71,-50,2176,Ġboth, both
confirmation,exp12_config_command_00,config_command,paraphrase,1,ISSUE_END,4,72,-49,2500,Ġavailable, available
confirmation,exp12_config_command_00,config_command,paraphrase,1,ISSUE_END,5,73,-48,382,.ĊĊ,".

"
confirmation,exp12_config_command_00,config_command,paraphrase,1,DETAIL_END,0,79,-42,23497,Ġfocuses, focuses
confirmation,exp12_config_command_00,config_command,paraphrase,1,DETAIL_END,1,80,-41,389,Ġon, on
confirmation,exp12_config_command_00,config_command,paraphrase,1,DETAIL_END,2,81,-40,1565,Ġ`, `
confirmation,exp12_config_command_00,config_command,paraphrase,1,DETAIL_END,3,82,-39,6400,parse,parse
confirmation,exp12_config_command_00,config_command,paraphrase,1,DETAIL_END,4,83,-38,14192,_record,_record
confirmation,exp12_config_command_00,config_command,paraphrase,1,DETAIL_END,5,84,-37,62338,`.ĊĊ,"`.

"
confirmation,exp12_config_command_00,config_command,paraphrase,1,ACTION0_END,0,92,-29,445,"(""","("""
confirmation,exp12_config_command_00,config_command,paraphrase,1,ACTION0_END,1,93,-28,1676,config,config
confirmation,exp12_config_command_00,config_command,paraphrase,1,ACTION0_END,2,94,-27,61770,/parser,/parser
confirmation,exp12_config_command_00,config_command,paraphrase,1,ACTION0_END,3,95,-26,73494,.tom,.tom
confirmation,exp12_config_command_00,config_command,paraphrase,1,ACTION0_END,4,96,-25,75,l,l
confirmation,exp12_config_command_00,config_command,paraphrase,1,ACTION0_END,5,97,-24,1138,""")Ċ",""")
"
confirmation,exp12_config_command_00,config_command,paraphrase,1,ACTION1_END,0,103,-18,481,Ġ-, -
confirmation,exp12_config_command_00,config_command,paraphrase,1,ACTION1_END,1,104,-17,76,m,m
confirmation,exp12_config_command_00,config_command,paraphrase,1,ACTION1_END,2,105,-16,906,Ġapp, app
confirmation,exp12_config_command_00,config_command,paraphrase,1,ACTION1_END,3,106,-15,9093,.check,.check
confirmation,exp12_config_command_00,config_command,paraphrase,1,ACTION1_END,4,107,-14,11529,_cache,_cache
confirmation,exp12_config_command_00,config_command,paraphrase,1,ACTION1_END,5,108,-13,5130,""")ĊĊ",""")

"
confirmation,exp12_config_command_00,config_command,paraphrase,1,FINAL_INSTRUCTION_END,0,110,-11,279,Ġthe, the
confirmation,exp12_config_command_00,config_command,paraphrase,1,FINAL_INSTRUCTION_END,1,111,-10,3175,Ġsingle, single
confirmation,exp12_config_command_00,config_command,paraphrase,1,FINAL_INSTRUCTION_END,2,112,-9,1790,Ġnext, next
confirmation,exp12_config_command_00,config_command,paraphrase,1,FINAL_INSTRUCTION_END,3,113,-8,1917,Ġaction, action
confirmation,exp12_config_command_00,config_command,paraphrase,1,FINAL_INSTRUCTION_END,4,114,-7,1431,Ġnow, now
confirmation,exp12_config_command_00,config_command,paraphrase,1,FINAL_INSTRUCTION_END,5,115,-6,13,.,.
confirmation,exp12_config_command_00,config_command,paraphrase,1,USER_END,0,111,-10,3175,Ġsingle, single
confirmation,exp12_config_command_00,config_command,paraphrase,1,USER_END,1,112,-9,1790,Ġnext, next
confirmation,exp12_config_command_00,config_command,paraphrase,1,USER_END,2,113,-8,1917,Ġaction, action
confirmation,exp12_config_command_00,config_command,paraphrase,1,USER_END,3,114,-7,1431,Ġnow, now
confirmation,exp12_config_command_00,config_command,paraphrase,1,USER_END,4,115,-6,13,.,.
confirmation,exp12_config_command_00,config_command,paraphrase,1,USER_END,5,116,-5,151645,<|im_end|>,<|im_end|>
confirmation,exp12_config_command_00,config_command,paraphrase,1,GENERATION_BOUNDARY,0,115,-6,13,.,.
confirmation,exp12_config_command_00,config_command,paraphrase,1,GENERATION_BOUNDARY,1,116,-5,151645,<|im_end|>,<|im_end|>
confirmation,exp12_config_command_00,config_command,paraphrase,1,GENERATION_BOUNDARY,2,117,-4,198,Ċ,"
"
confirmation,exp12_config_command_00,config_command,paraphrase,1,GENERATION_BOUNDARY,3,118,-3,151644,<|im_start|>,<|im_start|>
confirmation,exp12_config_command_00,config_command,paraphrase,1,GENERATION_BOUNDARY,4,119,-2,77091,assistant,assistant
confirmation,exp12_config_command_00,config_command,paraphrase,1,GENERATION_BOUNDARY,5,120,-1,198,Ċ,"
"
confirmation,exp12_config_command_01,config_command,canonical,0,SKILL_END,0,28,-95,1221,Ġthen, then
confirmation,exp12_config_command_01,config_command,canonical,0,SKILL_END,1,29,-94,1598,Ġrun, run
confirmation,exp12_config_command_01,config_command,canonical,0,SKILL_END,2,30,-93,894,Ġany, any
confirmation,exp12_config_command_01,config_command,canonical,0,SKILL_END,3,31,-92,15089,Ġdiagnostic, diagnostic
confirmation,exp12_config_command_01,config_command,canonical,0,SKILL_END,4,32,-91,3210,Ġcommand, command
confirmation,exp12_config_command_01,config_command,canonical,0,SKILL_END,5,33,-90,382,.ĊĊ,".

"
confirmation,exp12_config_command_01,config_command,canonical,0,SYSTEM_END,0,40,-83,29130,Ġdeciding, deciding
confirmation,exp12_config_command_01,config_command,canonical,0,SYSTEM_END,1,41,-82,279,Ġthe, the
confirmation,exp12_config_command_01,config_command,canonical,0,SYSTEM_END,2,42,-81,1156,Ġfirst, first
confirmation,exp12_config_command_01,config_command,canonical,0,SYSTEM_END,3,43,-80,1917,Ġaction, action
confirmation,exp12_config_command_01,config_command,canonical,0,SYSTEM_END,4,44,-79,13,.,.
confirmation,exp12_config_command_01,config_command,canonical,0,SYSTEM_END,5,45,-78,151645,<|im_end|>,<|im_end|>
confirmation,exp12_config_command_01,config_command,canonical,0,ISSUE_END,0,70,-53,15089,Ġdiagnostic, diagnostic
confirmation,exp12_config_command_01,config_command,canonical,0,ISSUE_END,1,71,-52,3210,Ġcommand, command
confirmation,exp12_config_command_01,config_command,canonical,0,ISSUE_END,2,72,-51,525,Ġare, are
confirmation,exp12_config_command_01,config_command,canonical,0,ISSUE_END,3,73,-50,2176,Ġboth, both
confirmation,exp12_config_command_01,config_command,canonical,0,ISSUE_END,4,74,-49,2500,Ġavailable, available
confirmation,exp12_config_command_01,config_command,canonical,0,ISSUE_END,5,75,-48,382,.ĊĊ,".

"
confirmation,exp12_config_command_01,config_command,canonical,0,DETAIL_END,0,81,-42,23497,Ġfocuses, focuses
confirmation,exp12_config_command_01,config_command,canonical,0,DETAIL_END,1,82,-41,389,Ġon, on
confirmation,exp12_config_command_01,config_command,canonical,0,DETAIL_END,2,83,-40,1565,Ġ`, `
confirmation,exp12_config_command_01,config_command,canonical,0,DETAIL_END,3,84,-39,9360,cache,cache
confirmation,exp12_config_command_01,config_command,canonical,0,DETAIL_END,4,85,-38,27464,_lookup,_lookup
confirmation,exp12_config_command_01,config_command,canonical,0,DETAIL_END,5,86,-37,62338,`.ĊĊ,"`.

"
confirmation,exp12_config_command_01,config_command,canonical,0,ACTION0_END,0,94,-29,445,"(""","("""
confirmation,exp12_config_command_01,config_command,canonical,0,ACTION0_END,1,95,-28,1676,config,config
confirmation,exp12_config_command_01,config_command,canonical,0,ACTION0_END,2,96,-27,62094,/cache,/cache
confirmation,exp12_config_command_01,config_command,canonical,0,ACTION0_END,3,97,-26,73494,.tom,.tom
confirmation,exp12_config_command_01,config_command,canonical,0,ACTION0_END,4,98,-25,75,l,l
confirmation,exp12_config_command_01,config_command,canonical,0,ACTION0_END,5,99,-24,1138,""")Ċ",""")
"
confirmation,exp12_config_command_01,config_command,canonical,0,ACTION1_END,0,105,-18,481,Ġ-, -
confirmation,exp12_config_command_01,config_command,canonical,0,ACTION1_END,1,106,-17,76,m,m
confirmation,exp12_config_command_01,config_command,canonical,0,ACTION1_END,2,107,-16,906,Ġapp, app
confirmation,exp12_config_command_01,config_command,canonical,0,ACTION1_END,3,108,-15,34412,.trace,.trace
confirmation,exp12_config_command_01,config_command,canonical,0,ACTION1_END,4,109,-14,55587,_router,_router
confirmation,exp12_config_command_01,config_command,canonical,0,ACTION1_END,5,110,-13,5130,""")ĊĊ",""")

"
confirmation,exp12_config_command_01,config_command,canonical,0,FINAL_INSTRUCTION_END,0,112,-11,279,Ġthe, the
confirmation,exp12_config_command_01,config_command,canonical,0,FINAL_INSTRUCTION_END,1,113,-10,3175,Ġsingle, single
confirmation,exp12_config_command_01,config_command,canonical,0,FINAL_INSTRUCTION_END,2,114,-9,1790,Ġnext, next
confirmation,exp12_config_command_01,config_command,canonical,0,FINAL_INSTRUCTION_END,3,115,-8,1917,Ġaction, action
confirmation,exp12_config_command_01,config_command,canonical,0,FINAL_INSTRUCTION_END,4,116,-7,1431,Ġnow, now
confirmation,exp12_config_command_01,config_command,canonical,0,FINAL_INSTRUCTION_END,5,117,-6,13,.,.
confirmation,exp12_config_command_01,config_command,canonical,0,USER_END,0,113,-10,3175,Ġsingle, single
confirmation,exp12_config_command_01,config_command,canonical,0,USER_END,1,114,-9,1790,Ġnext, next
confirmation,exp12_config_command_01,config_command,canonical,0,USER_END,2,115,-8,1917,Ġaction, action
confirmation,exp12_config_command_01,config_command,canonical,0,USER_END,3,116,-7,1431,Ġnow, now
confirmation,exp12_config_command_01,config_command,canonical,0,USER_END,4,117,-6,13,.,.
confirmation,exp12_config_command_01,config_command,canonical,0,USER_END,5,118,-5,151645,<|im_end|>,<|im_end|>
confirmation,exp12_config_command_01,config_command,canonical,0,GENERATION_BOUNDARY,0,117,-6,13,.,.
confirmation,exp12_config_command_01,config_command,canonical,0,GENERATION_BOUNDARY,1,118,-5,151645,<|im_end|>,<|im_end|>
confirmation,exp12_config_command_01,config_command,canonical,0,GENERATION_BOUNDARY,2,119,-4,198,Ċ,"
"
confirmation,exp12_config_command_01,config_command,canonical,0,GENERATION_BOUNDARY,3,120,-3,151644,<|im_start|>,<|im_start|>
confirmation,exp12_config_command_01,config_command,canonical,0,GENERATION_BOUNDARY,4,121,-2,77091,assistant,assistant
confirmation,exp12_config_command_01,config_command,canonical,0,GENERATION_BOUNDARY,5,122,-1,198,Ċ,"
"
confirmation,exp12_config_command_01,config_command,paraphrase,0,SKILL_END,0,23,-95,1573,Ġbefore, before
confirmation,exp12_config_command_01,config_command,paraphrase,0,SKILL_END,1,24,-94,30220,Ġexecuting, executing
confirmation,exp12_config_command_01,config_command,paraphrase,0,SKILL_END,2,25,-93,279,Ġthe, the
confirmation,exp12_config_command_01,config_command,paraphrase,0,SKILL_END,3,26,-92,15089,Ġdiagnostic, diagnostic
confirmation,exp12_config_command_01,config_command,paraphrase,0,SKILL_END,4,27,-91,3210,Ġcommand, command
confirmation,exp12_config_command_01,config_command,paraphrase,0,SKILL_END,5,28,-90,382,.ĊĊ,".

"
confirmation,exp12_config_command_01,config_command,paraphrase,0,SYSTEM_END,0,35,-83,29130,Ġdeciding, deciding
confirmation,exp12_config_command_01,config_command,paraphrase,0,SYSTEM_END,1,36,-82,279,Ġthe, the
confirmation,exp12_config_command_01,config_command,paraphrase,0,SYSTEM_END,2,37,-81,1156,Ġfirst, first
confirmation,exp12_config_command_01,config_command,paraphrase,0,SYSTEM_END,3,38,-80,1917,Ġaction, action
confirmation,exp12_config_command_01,config_command,paraphrase,0,SYSTEM_END,4,39,-79,13,.,.
confirmation,exp12_config_command_01,config_command,paraphrase,0,SYSTEM_END,5,40,-78,151645,<|im_end|>,<|im_end|>
confirmation,exp12_config_command_01,config_command,paraphrase,0,ISSUE_END,0,65,-53,15089,Ġdiagnostic, diagnostic
confirmation,exp12_config_command_01,config_command,paraphrase,0,ISSUE_END,1,66,-52,3210,Ġcommand, command
confirmation,exp12_config_command_01,config_command,paraphrase,0,ISSUE_END,2,67,-51,525,Ġare, are
confirmation,exp12_config_command_01,config_command,paraphrase,0,ISSUE_END,3,68,-50,2176,Ġboth, both
confirmation,exp12_config_command_01,config_command,paraphrase,0,ISSUE_END,4,69,-49,2500,Ġavailable, available
confirmation,exp12_config_command_01,config_command,paraphrase,0,ISSUE_END,5,70,-48,382,.ĊĊ,".

"
confirmation,exp12_config_command_01,config_command,paraphrase,0,DETAIL_END,0,76,-42,23497,Ġfocuses, focuses
confirmation,exp12_config_command_01,config_command,paraphrase,0,DETAIL_END,1,77,-41,389,Ġon, on
confirmation,exp12_config_command_01,config_command,paraphrase,0,DETAIL_END,2,78,-40,1565,Ġ`, `
confirmation,exp12_config_command_01,config_command,paraphrase,0,DETAIL_END,3,79,-39,9360,cache,cache
confirmation,exp12_config_command_01,config_command,paraphrase,0,DETAIL_END,4,80,-38,27464,_lookup,_lookup
confirmation,exp12_config_command_01,config_command,paraphrase,0,DETAIL_END,5,81,-37,62338,`.ĊĊ,"`.

"
confirmation,exp12_config_command_01,config_command,paraphrase,0,ACTION0_END,0,89,-29,445,"(""","("""
confirmation,exp12_config_command_01,config_command,paraphrase,0,ACTION0_END,1,90,-28,1676,config,config
confirmation,exp12_config_command_01,config_command,paraphrase,0,ACTION0_END,2,91,-27,62094,/cache,/cache
confirmation,exp12_config_command_01,config_command,paraphrase,0,ACTION0_END,3,92,-26,73494,.tom,.tom
confirmation,exp12_config_command_01,config_command,paraphrase,0,ACTION0_END,4,93,-25,75,l,l
confirmation,exp12_config_command_01,config_command,paraphrase,0,ACTION0_END,5,94,-24,1138,""")Ċ",""")
"
confirmation,exp12_config_command_01,config_command,paraphrase,0,ACTION1_END,0,100,-18,481,Ġ-, -
confirmation,exp12_config_command_01,config_command,paraphrase,0,ACTION1_END,1,101,-17,76,m,m
confirmation,exp12_config_command_01,config_command,paraphrase,0,ACTION1_END,2,102,-16,906,Ġapp, app
confirmation,exp12_config_command_01,config_command,paraphrase,0,ACTION1_END,3,103,-15,34412,.trace,.trace
confirmation,exp12_config_command_01,config_command,paraphrase,0,ACTION1_END,4,104,-14,55587,_router,_router
confirmation,exp12_config_command_01,config_command,paraphrase,0,ACTION1_END,5,105,-13,5130,""")ĊĊ",""")

"
confirmation,exp12_config_command_01,config_command,paraphrase,0,FINAL_INSTRUCTION_END,0,107,-11,279,Ġthe, the
confirmation,exp12_config_command_01,config_command,paraphrase,0,FINAL_INSTRUCTION_END,1,108,-10,3175,Ġsingle, single
confirmation,exp12_config_command_01,config_command,paraphrase,0,FINAL_INSTRUCTION_END,2,109,-9,1790,Ġnext, next
confirmation,exp12_config_command_01,config_command,paraphrase,0,FINAL_INSTRUCTION_END,3,110,-8,1917,Ġaction, action
confirmation,exp12_config_command_01,config_command,paraphrase,0,FINAL_INSTRUCTION_END,4,111,-7,1431,Ġnow, now
confirmation,exp12_config_command_01,config_command,paraphrase,0,FINAL_INSTRUCTION_END,5,112,-6,13,.,.
confirmation,exp12_config_command_01,config_command,paraphrase,0,USER_END,0,108,-10,3175,Ġsingle, single
confirmation,exp12_config_command_01,config_command,paraphrase,0,USER_END,1,109,-9,1790,Ġnext, next
confirmation,exp12_config_command_01,config_command,paraphrase,0,USER_END,2,110,-8,1917,Ġaction, action
confirmation,exp12_config_command_01,config_command,paraphrase,0,USER_END,3,111,-7,1431,Ġnow, now
confirmation,exp12_config_command_01,config_command,paraphrase,0,USER_END,4,112,-6,13,.,.
confirmation,exp12_config_command_01,config_command,paraphrase,0,USER_END,5,113,-5,151645,<|im_end|>,<|im_end|>
confirmation,exp12_config_command_01,config_command,paraphrase,0,GENERATION_BOUNDARY,0,112,-6,13,.,.
confirmation,exp12_config_command_01,config_command,paraphrase,0,GENERATION_BOUNDARY,1,113,-5,151645,<|im_end|>,<|im_end|>
confirmation,exp12_config_command_01,config_command,paraphrase,0,GENERATION_BOUNDARY,2,114,-4,198,Ċ,"
"
confirmation,exp12_config_command_01,config_command,paraphrase,0,GENERATION_BOUNDARY,3,115,-3,151644,<|im_start|>,<|im_start|>
confirmation,exp12_config_command_01,config_command,paraphrase,0,GENERATION_BOUNDARY,4,116,-2,77091,assistant,assistant
confirmation,exp12_config_command_01,config_command,paraphrase,0,GENERATION_BOUNDARY,5,117,-1,198,Ċ,"
"
confirmation,exp12_config_command_01,config_command,canonical,1,SKILL_END,0,26,-95,1156,Ġfirst, first
confirmation,exp12_config_command_01,config_command,canonical,1,SKILL_END,1,27,-94,11,",",","
confirmation,exp12_config_command_01,config_command,canonical,1,SKILL_END,2,28,-93,1221,Ġthen, then
confirmation,exp12_config_command_01,config_command,canonical,1,SKILL_END,3,29,-92,24085,Ġinspect, inspect
confirmation,exp12_config_command_01,config_command,canonical,1,SKILL_END,4,30,-91,6546,Ġconfiguration, configuration
confirmation,exp12_config_command_01,config_command,canonical,1,SKILL_END,5,31,-90,382,.ĊĊ,".

"
confirmation,exp12_config_command_01,config_command,canonical,1,SYSTEM_END,0,38,-83,29130,Ġdeciding, deciding
confirmation,exp12_config_command_01,config_command,canonical,1,SYSTEM_END,1,39,-82,279,Ġthe, the
confirmation,exp12_config_command_01,config_command,canonical,1,SYSTEM_END,2,40,-81,1156,Ġfirst, first
confirmation,exp12_config_command_01,config_command,canonical,1,SYSTEM_END,3,41,-80,1917,Ġaction, action
confirmation,exp12_config_command_01,config_command,canonical,1,SYSTEM_END,4,42,-79,13,.,.
confirmation,exp12_config_command_01,config_command,canonical,1,SYSTEM_END,5,43,-78,151645,<|im_end|>,<|im_end|>
confirmation,exp12_config_command_01,config_command,canonical,1,ISSUE_END,0,68,-53,15089,Ġdiagnostic, diagnostic
confirmation,exp12_config_command_01,config_command,canonical,1,ISSUE_END,1,69,-52,3210,Ġcommand, command
confirmation,exp12_config_command_01,config_command,canonical,1,ISSUE_END,2,70,-51,525,Ġare, are
confirmation,exp12_config_command_01,config_command,canonical,1,ISSUE_END,3,71,-50,2176,Ġboth, both
confirmation,exp12_config_command_01,config_command,canonical,1,ISSUE_END,4,72,-49,2500,Ġavailable, available
confirmation,exp12_config_command_01,config_command,canonical,1,ISSUE_END,5,73,-48,382,.ĊĊ,".

"
confirmation,exp12_config_command_01,config_command,canonical,1,DETAIL_END,0,79,-42,23497,Ġfocuses, focuses
confirmation,exp12_config_command_01,config_command,canonical,1,DETAIL_END,1,80,-41,389,Ġon, on
confirmation,exp12_config_command_01,config_command,canonical,1,DETAIL_END,2,81,-40,1565,Ġ`, `
confirmation,exp12_config_command_01,config_command,canonical,1,DETAIL_END,3,82,-39,9360,cache,cache
confirmation,exp12_config_command_01,config_command,canonical,1,DETAIL_END,4,83,-38,27464,_lookup,_lookup
confirmation,exp12_config_command_01,config_command,canonical,1,DETAIL_END,5,84,-37,62338,`.ĊĊ,"`.

"
confirmation,exp12_config_command_01,config_command,canonical,1,ACTION0_END,0,92,-29,445,"(""","("""
confirmation,exp12_config_command_01,config_command,canonical,1,ACTION0_END,1,93,-28,1676,config,config
confirmation,exp12_config_command_01,config_command,canonical,1,ACTION0_END,2,94,-27,62094,/cache,/cache
confirmation,exp12_config_command_01,config_command,canonical,1,ACTION0_END,3,95,-26,73494,.tom,.tom
confirmation,exp12_config_command_01,config_command,canonical,1,ACTION0_END,4,96,-25,75,l,l
confirmation,exp12_config_command_01,config_command,canonical,1,ACTION0_END,5,97,-24,1138,""")Ċ",""")
"
confirmation,exp12_config_command_01,config_command,canonical,1,ACTION1_END,0,103,-18,481,Ġ-, -
confirmation,exp12_config_command_01,config_command,canonical,1,ACTION1_END,1,104,-17,76,m,m
confirmation,exp12_config_command_01,config_command,canonical,1,ACTION1_END,2,105,-16,906,Ġapp, app
confirmation,exp12_config_command_01,config_command,canonical,1,ACTION1_END,3,106,-15,34412,.trace,.trace
confirmation,exp12_config_command_01,config_command,canonical,1,ACTION1_END,4,107,-14,55587,_router,_router
confirmation,exp12_config_command_01,config_command,canonical,1,ACTION1_END,5,108,-13,5130,""")ĊĊ",""")

"
confirmation,exp12_config_command_01,config_command,canonical,1,FINAL_INSTRUCTION_END,0,110,-11,279,Ġthe, the
confirmation,exp12_config_command_01,config_command,canonical,1,FINAL_INSTRUCTION_END,1,111,-10,3175,Ġsingle, single
confirmation,exp12_config_command_01,config_command,canonical,1,FINAL_INSTRUCTION_END,2,112,-9,1790,Ġnext, next
confirmation,exp12_config_command_01,config_command,canonical,1,FINAL_INSTRUCTION_END,3,113,-8,1917,Ġaction, action
confirmation,exp12_config_command_01,config_command,canonical,1,FINAL_INSTRUCTION_END,4,114,-7,1431,Ġnow, now
confirmation,exp12_config_command_01,config_command,canonical,1,FINAL_INSTRUCTION_END,5,115,-6,13,.,.
confirmation,exp12_config_command_01,config_command,canonical,1,USER_END,0,111,-10,3175,Ġsingle, single
confirmation,exp12_config_command_01,config_command,canonical,1,USER_END,1,112,-9,1790,Ġnext, next
confirmation,exp12_config_command_01,config_command,canonical,1,USER_END,2,113,-8,1917,Ġaction, action
confirmation,exp12_config_command_01,config_command,canonical,1,USER_END,3,114,-7,1431,Ġnow, now
confirmation,exp12_config_command_01,config_command,canonical,1,USER_END,4,115,-6,13,.,.
confirmation,exp12_config_command_01,config_command,canonical,1,USER_END,5,116,-5,151645,<|im_end|>,<|im_end|>
confirmation,exp12_config_command_01,config_command,canonical,1,GENERATION_BOUNDARY,0,115,-6,13,.,.
confirmation,exp12_config_command_01,config_command,canonical,1,GENERATION_BOUNDARY,1,116,-5,151645,<|im_end|>,<|im_end|>
confirmation,exp12_config_command_01,config_command,canonical,1,GENERATION_BOUNDARY,2,117,-4,198,Ċ,"
"
confirmation,exp12_config_command_01,config_command,canonical,1,GENERATION_BOUNDARY,3,118,-3,151644,<|im_start|>,<|im_start|>
confirmation,exp12_config_command_01,config_command,canonical,1,GENERATION_BOUNDARY,4,119,-2,77091,assistant,assistant
confirmation,exp12_config_command_01,config_command,canonical,1,GENERATION_BOUNDARY,5,120,-1,198,Ċ,"
"
confirmation,exp12_config_command_01,config_command,paraphrase,1,SKILL_END,0,26,-95,3019,Ġstep, step
confirmation,exp12_config_command_01,config_command,paraphrase,1,SKILL_END,1,27,-94,323,Ġand, and
confirmation,exp12_config_command_01,config_command,paraphrase,1,SKILL_END,2,28,-93,3395,Ġreview, review
confirmation,exp12_config_command_01,config_command,paraphrase,1,SKILL_END,3,29,-92,6546,Ġconfiguration, configuration
confirmation,exp12_config_command_01,config_command,paraphrase,1,SKILL_END,4,30,-91,47943,Ġafterward, afterward
confirmation,exp12_config_command_01,config_command,paraphrase,1,SKILL_END,5,31,-90,382,.ĊĊ,".

"
confirmation,exp12_config_command_01,config_command,paraphrase,1,SYSTEM_END,0,38,-83,29130,Ġdeciding, deciding
confirmation,exp12_config_command_01,config_command,paraphrase,1,SYSTEM_END,1,39,-82,279,Ġthe, the
confirmation,exp12_config_command_01,config_command,paraphrase,1,SYSTEM_END,2,40,-81,1156,Ġfirst, first
confirmation,exp12_config_command_01,config_command,paraphrase,1,SYSTEM_END,3,41,-80,1917,Ġaction, action
confirmation,exp12_config_command_01,config_command,paraphrase,1,SYSTEM_END,4,42,-79,13,.,.
confirmation,exp12_config_command_01,config_command,paraphrase,1,SYSTEM_END,5,43,-78,151645,<|im_end|>,<|im_end|>
confirmation,exp12_config_command_01,config_command,paraphrase,1,ISSUE_END,0,68,-53,15089,Ġdiagnostic, diagnostic
confirmation,exp12_config_command_01,config_command,paraphrase,1,ISSUE_END,1,69,-52,3210,Ġcommand, command
confirmation,exp12_config_command_01,config_command,paraphrase,1,ISSUE_END,2,70,-51,525,Ġare, are
confirmation,exp12_config_command_01,config_command,paraphrase,1,ISSUE_END,3,71,-50,2176,Ġboth, both
confirmation,exp12_config_command_01,config_command,paraphrase,1,ISSUE_END,4,72,-49,2500,Ġavailable, available
confirmation,exp12_config_command_01,config_command,paraphrase,1,ISSUE_END,5,73,-48,382,.ĊĊ,".

"
confirmation,exp12_config_command_01,config_command,paraphrase,1,DETAIL_END,0,79,-42,23497,Ġfocuses, focuses
confirmation,exp12_config_command_01,config_command,paraphrase,1,DETAIL_END,1,80,-41,389,Ġon, on
confirmation,exp12_config_command_01,config_command,paraphrase,1,DETAIL_END,2,81,-40,1565,Ġ`, `
confirmation,exp12_config_command_01,config_command,paraphrase,1,DETAIL_END,3,82,-39,9360,cache,cache
confirmation,exp12_config_command_01,config_command,paraphrase,1,DETAIL_END,4,83,-38,27464,_lookup,_lookup
confirmation,exp12_config_command_01,config_command,paraphrase,1,DETAIL_END,5,84,-37,62338,`.ĊĊ,"`.

"
confirmation,exp12_config_command_01,config_command,paraphrase,1,ACTION0_END,0,92,-29,445,"(""","("""
confirmation,exp12_config_command_01,config_command,paraphrase,1,ACTION0_END,1,93,-28,1676,config,config
confirmation,exp12_config_command_01,config_command,paraphrase,1,ACTION0_END,2,94,-27,62094,/cache,/cache
confirmation,exp12_config_command_01,config_command,paraphrase,1,ACTION0_END,3,95,-26,73494,.tom,.tom
confirmation,exp12_config_command_01,config_command,paraphrase,1,ACTION0_END,4,96,-25,75,l,l
confirmation,exp12_config_command_01,config_command,paraphrase,1,ACTION0_END,5,97,-24,1138,""")Ċ",""")
"
confirmation,exp12_config_command_01,config_command,paraphrase,1,ACTION1_END,0,103,-18,481,Ġ-, -
confirmation,exp12_config_command_01,config_command,paraphrase,1,ACTION1_END,1,104,-17,76,m,m
confirmation,exp12_config_command_01,config_command,paraphrase,1,ACTION1_END,2,105,-16,906,Ġapp, app
confirmation,exp12_config_command_01,config_command,paraphrase,1,ACTION1_END,3,106,-15,34412,.trace,.trace
confirmation,exp12_config_command_01,config_command,paraphrase,1,ACTION1_END,4,107,-14,55587,_router,_router
confirmation,exp12_config_command_01,config_command,paraphrase,1,ACTION1_END,5,108,-13,5130,""")ĊĊ",""")

"
confirmation,exp12_config_command_01,config_command,paraphrase,1,FINAL_INSTRUCTION_END,0,110,-11,279,Ġthe, the
confirmation,exp12_config_command_01,config_command,paraphrase,1,FINAL_INSTRUCTION_END,1,111,-10,3175,Ġsingle, single
confirmation,exp12_config_command_01,config_command,paraphrase,1,FINAL_INSTRUCTION_END,2,112,-9,1790,Ġnext, next
confirmation,exp12_config_command_01,config_command,paraphrase,1,FINAL_INSTRUCTION_END,3,113,-8,1917,Ġaction, action
confirmation,exp12_config_command_01,config_command,paraphrase,1,FINAL_INSTRUCTION_END,4,114,-7,1431,Ġnow, now
confirmation,exp12_config_command_01,config_command,paraphrase,1,FINAL_INSTRUCTION_END,5,115,-6,13,.,.
confirmation,exp12_config_command_01,config_command,paraphrase,1,USER_END,0,111,-10,3175,Ġsingle, single
confirmation,exp12_config_command_01,config_command,paraphrase,1,USER_END,1,112,-9,1790,Ġnext, next
confirmation,exp12_config_command_01,config_command,paraphrase,1,USER_END,2,113,-8,1917,Ġaction, action
confirmation,exp12_config_command_01,config_command,paraphrase,1,USER_END,3,114,-7,1431,Ġnow, now
confirmation,exp12_config_command_01,config_command,paraphrase,1,USER_END,4,115,-6,13,.,.
confirmation,exp12_config_command_01,config_command,paraphrase,1,USER_END,5,116,-5,151645,<|im_end|>,<|im_end|>
confirmation,exp12_config_command_01,config_command,paraphrase,1,GENERATION_BOUNDARY,0,115,-6,13,.,.
confirmation,exp12_config_command_01,config_command,paraphrase,1,GENERATION_BOUNDARY,1,116,-5,151645,<|im_end|>,<|im_end|>
confirmation,exp12_config_command_01,config_command,paraphrase,1,GENERATION_BOUNDARY,2,117,-4,198,Ċ,"
"
confirmation,exp12_config_command_01,config_command,paraphrase,1,GENERATION_BOUNDARY,3,118,-3,151644,<|im_start|>,<|im_start|>
confirmation,exp12_config_command_01,config_command,paraphrase,1,GENERATION_BOUNDARY,4,119,-2,77091,assistant,assistant
confirmation,exp12_config_command_01,config_command,paraphrase,1,GENERATION_BOUNDARY,5,120,-1,198,Ċ,"
"
confirmation,exp12_config_command_02,config_command,canonical,0,SKILL_END,0,28,-95,1221,Ġthen, then
confirmation,exp12_config_command_02,config_command,canonical,0,SKILL_END,1,29,-94,1598,Ġrun, run
confirmation,exp12_config_command_02,config_command,canonical,0,SKILL_END,2,30,-93,894,Ġany, any
confirmation,exp12_config_command_02,config_command,canonical,0,SKILL_END,3,31,-92,15089,Ġdiagnostic, diagnostic
confirmation,exp12_config_command_02,config_command,canonical,0,SKILL_END,4,32,-91,3210,Ġcommand, command
confirmation,exp12_config_command_02,config_command,canonical,0,SKILL_END,5,33,-90,382,.ĊĊ,".

"
confirmation,exp12_config_command_02,config_command,canonical,0,SYSTEM_END,0,40,-83,29130,Ġdeciding, deciding
confirmation,exp12_config_command_02,config_command,canonical,0,SYSTEM_END,1,41,-82,279,Ġthe, the
confirmation,exp12_config_command_02,config_command,canonical,0,SYSTEM_END,2,42,-81,1156,Ġfirst, first
confirmation,exp12_config_command_02,config_command,canonical,0,SYSTEM_END,3,43,-80,1917,Ġaction, action
confirmation,exp12_config_command_02,config_command,canonical,0,SYSTEM_END,4,44,-79,13,.,.
confirmation,exp12_config_command_02,config_command,canonical,0,SYSTEM_END,5,45,-78,151645,<|im_end|>,<|im_end|>
confirmation,exp12_config_command_02,config_command,canonical,0,ISSUE_END,0,70,-53,15089,Ġdiagnostic, diagnostic
confirmation,exp12_config_command_02,config_command,canonical,0,ISSUE_END,1,71,-52,3210,Ġcommand, command
confirmation,exp12_config_command_02,config_command,canonical,0,ISSUE_END,2,72,-51,525,Ġare, are
confirmation,exp12_config_command_02,config_command,canonical,0,ISSUE_END,3,73,-50,2176,Ġboth, both
confirmation,exp12_config_command_02,config_command,canonical,0,ISSUE_END,4,74,-49,2500,Ġavailable, available
confirmation,exp12_config_command_02,config_command,canonical,0,ISSUE_END,5,75,-48,382,.ĊĊ,".

"
confirmation,exp12_config_command_02,config_command,canonical,0,DETAIL_END,0,81,-42,23497,Ġfocuses, focuses
confirmation,exp12_config_command_02,config_command,canonical,0,DETAIL_END,1,82,-41,389,Ġon, on
confirmation,exp12_config_command_02,config_command,canonical,0,DETAIL_END,2,83,-40,1565,Ġ`, `
confirmation,exp12_config_command_02,config_command,canonical,0,DETAIL_END,3,84,-39,8966,route,route
confirmation,exp12_config_command_02,config_command,canonical,0,DETAIL_END,4,85,-38,7893,_request,_request
confirmation,exp12_config_command_02,config_command,canonical,0,DETAIL_END,5,86,-37,62338,`.ĊĊ,"`.

"
confirmation,exp12_config_command_02,config_command,canonical,0,ACTION0_END,0,94,-29,445,"(""","("""
confirmation,exp12_config_command_02,config_command,canonical,0,ACTION0_END,1,95,-28,1676,config,config
confirmation,exp12_config_command_02,config_command,canonical,0,ACTION0_END,2,96,-27,18546,/router,/router
confirmation,exp12_config_command_02,config_command,canonical,0,ACTION0_END,3,97,-26,73494,.tom,.tom
confirmation,exp12_config_command_02,config_command,canonical,0,ACTION0_END,4,98,-25,75,l,l
confirmation,exp12_config_command_02,config_command,canonical,0,ACTION0_END,5,99,-24,1138,""")Ċ",""")
"
confirmation,exp12_config_command_02,config_command,canonical,0,ACTION1_END,0,105,-18,481,Ġ-, -
confirmation,exp12_config_command_02,config_command,canonical,0,ACTION1_END,1,106,-17,76,m,m
confirmation,exp12_config_command_02,config_command,canonical,0,ACTION1_END,2,107,-16,906,Ġapp, app
confirmation,exp12_config_command_02,config_command,canonical,0,ACTION1_END,3,108,-15,19520,.validate,.validate
confirmation,exp12_config_command_02,config_command,canonical,0,ACTION1_END,4,109,-14,32813,_payload,_payload
confirmation,exp12_config_command_02,config_command,canonical,0,ACTION1_END,5,110,-13,5130,""")ĊĊ",""")

"
confirmation,exp12_config_command_02,config_command,canonical,0,FINAL_INSTRUCTION_END,0,112,-11,279,Ġthe, the
confirmation,exp12_config_command_02,config_command,canonical,0,FINAL_INSTRUCTION_END,1,113,-10,3175,Ġsingle, single
confirmation,exp12_config_command_02,config_command,canonical,0,FINAL_INSTRUCTION_END,2,114,-9,1790,Ġnext, next
confirmation,exp12_config_command_02,config_command,canonical,0,FINAL_INSTRUCTION_END,3,115,-8,1917,Ġaction, action
confirmation,exp12_config_command_02,config_command,canonical,0,FINAL_INSTRUCTION_END,4,116,-7,1431,Ġnow, now
confirmation,exp12_config_command_02,config_command,canonical,0,FINAL_INSTRUCTION_END,5,117,-6,13,.,.
confirmation,exp12_config_command_02,config_command,canonical,0,USER_END,0,113,-10,3175,Ġsingle, single
confirmation,exp12_config_command_02,config_command,canonical,0,USER_END,1,114,-9,1790,Ġnext, next
confirmation,exp12_config_command_02,config_command,canonical,0,USER_END,2,115,-8,1917,Ġaction, action
confirmation,exp12_config_command_02,config_command,canonical,0,USER_END,3,116,-7,1431,Ġnow, now
confirmation,exp12_config_command_02,config_command,canonical,0,USER_END,4,117,-6,13,.,.
confirmation,exp12_config_command_02,config_command,canonical,0,USER_END,5,118,-5,151645,<|im_end|>,<|im_end|>
confirmation,exp12_config_command_02,config_command,canonical,0,GENERATION_BOUNDARY,0,117,-6,13,.,.
confirmation,exp12_config_command_02,config_command,canonical,0,GENERATION_BOUNDARY,1,118,-5,151645,<|im_end|>,<|im_end|>
confirmation,exp12_config_command_02,config_command,canonical,0,GENERATION_BOUNDARY,2,119,-4,198,Ċ,"
"
confirmation,exp12_config_command_02,config_command,canonical,0,GENERATION_BOUNDARY,3,120,-3,151644,<|im_start|>,<|im_start|>
confirmation,exp12_config_command_02,config_command,canonical,0,GENERATION_BOUNDARY,4,121,-2,77091,assistant,assistant
confirmation,exp12_config_command_02,config_command,canonical,0,GENERATION_BOUNDARY,5,122,-1,198,Ċ,"
"
confirmation,exp12_config_command_02,config_command,paraphrase,0,SKILL_END,0,23,-95,1573,Ġbefore, before
confirmation,exp12_config_command_02,config_command,paraphrase,0,SKILL_END,1,24,-94,30220,Ġexecuting, executing
confirmation,exp12_config_command_02,config_command,paraphrase,0,SKILL_END,2,25,-93,279,Ġthe, the
confirmation,exp12_config_command_02,config_command,paraphrase,0,SKILL_END,3,26,-92,15089,Ġdiagnostic, diagnostic
confirmation,exp12_config_command_02,config_command,paraphrase,0,SKILL_END,4,27,-91,3210,Ġcommand, command
confirmation,exp12_config_command_02,config_command,paraphrase,0,SKILL_END,5,28,-90,382,.ĊĊ,".

"
confirmation,exp12_config_command_02,config_command,paraphrase,0,SYSTEM_END,0,35,-83,29130,Ġdeciding, deciding
confirmation,exp12_config_command_02,config_command,paraphrase,0,SYSTEM_END,1,36,-82,279,Ġthe, the
confirmation,exp12_config_command_02,config_command,paraphrase,0,SYSTEM_END,2,37,-81,1156,Ġfirst, first
confirmation,exp12_config_command_02,config_command,paraphrase,0,SYSTEM_END,3,38,-80,1917,Ġaction, action
confirmation,exp12_config_command_02,config_command,paraphrase,0,SYSTEM_END,4,39,-79,13,.,.
confirmation,exp12_config_command_02,config_command,paraphrase,0,SYSTEM_END,5,40,-78,151645,<|im_end|>,<|im_end|>
confirmation,exp12_config_command_02,config_command,paraphrase,0,ISSUE_END,0,65,-53,15089,Ġdiagnostic, diagnostic
confirmation,exp12_config_command_02,config_command,paraphrase,0,ISSUE_END,1,66,-52,3210,Ġcommand, command
confirmation,exp12_config_command_02,config_command,paraphrase,0,ISSUE_END,2,67,-51,525,Ġare, are
confirmation,exp12_config_command_02,config_command,paraphrase,0,ISSUE_END,3,68,-50,2176,Ġboth, both
confirmation,exp12_config_command_02,config_command,paraphrase,0,ISSUE_END,4,69,-49,2500,Ġavailable, available
confirmation,exp12_config_command_02,config_command,paraphrase,0,ISSUE_END,5,70,-48,382,.ĊĊ,".

"
confirmation,exp12_config_command_02,config_command,paraphrase,0,DETAIL_END,0,76,-42,23497,Ġfocuses, focuses
confirmation,exp12_config_command_02,config_command,paraphrase,0,DETAIL_END,1,77,-41,389,Ġon, on
confirmation,exp12_config_command_02,config_command,paraphrase,0,DETAIL_END,2,78,-40,1565,Ġ`, `
confirmation,exp12_config_command_02,config_command,paraphrase,0,DETAIL_END,3,79,-39,8966,route,route
confirmation,exp12_config_command_02,config_command,paraphrase,0,DETAIL_END,4,80,-38,7893,_request,_request
confirmation,exp12_config_command_02,config_command,paraphrase,0,DETAIL_END,5,81,-37,62338,`.ĊĊ,"`.

"
confirmation,exp12_config_command_02,config_command,paraphrase,0,ACTION0_END,0,89,-29,445,"(""","("""
confirmation,exp12_config_command_02,config_command,paraphrase,0,ACTION0_END,1,90,-28,1676,config,config
confirmation,exp12_config_command_02,config_command,paraphrase,0,ACTION0_END,2,91,-27,18546,/router,/router
confirmation,exp12_config_command_02,config_command,paraphrase,0,ACTION0_END,3,92,-26,73494,.tom,.tom
confirmation,exp12_config_command_02,config_command,paraphrase,0,ACTION0_END,4,93,-25,75,l,l
confirmation,exp12_config_command_02,config_command,paraphrase,0,ACTION0_END,5,94,-24,1138,""")Ċ",""")
"
confirmation,exp12_config_command_02,config_command,paraphrase,0,ACTION1_END,0,100,-18,481,Ġ-, -
confirmation,exp12_config_command_02,config_command,paraphrase,0,ACTION1_END,1,101,-17,76,m,m
confirmation,exp12_config_command_02,config_command,paraphrase,0,ACTION1_END,2,102,-16,906,Ġapp, app
confirmation,exp12_config_command_02,config_command,paraphrase,0,ACTION1_END,3,103,-15,19520,.validate,.validate
confirmation,exp12_config_command_02,config_command,paraphrase,0,ACTION1_END,4,104,-14,32813,_payload,_payload
confirmation,exp12_config_command_02,config_command,paraphrase,0,ACTION1_END,5,105,-13,5130,""")ĊĊ",""")

"
confirmation,exp12_config_command_02,config_command,paraphrase,0,FINAL_INSTRUCTION_END,0,107,-11,279,Ġthe, the
confirmation,exp12_config_command_02,config_command,paraphrase,0,FINAL_INSTRUCTION_END,1,108,-10,3175,Ġsingle, single
confirmation,exp12_config_command_02,config_command,paraphrase,0,FINAL_INSTRUCTION_END,2,109,-9,1790,Ġnext, next
confirmation,exp12_config_command_02,config_command,paraphrase,0,FINAL_INSTRUCTION_END,3,110,-8,1917,Ġaction, action
confirmation,exp12_config_command_02,config_command,paraphrase,0,FINAL_INSTRUCTION_END,4,111,-7,1431,Ġnow, now
confirmation,exp12_config_command_02,config_command,paraphrase,0,FINAL_INSTRUCTION_END,5,112,-6,13,.,.
confirmation,exp12_config_command_02,config_command,paraphrase,0,USER_END,0,108,-10,3175,Ġsingle, single
confirmation,exp12_config_command_02,config_command,paraphrase,0,USER_END,1,109,-9,1790,Ġnext, next
confirmation,exp12_config_command_02,config_command,paraphrase,0,USER_END,2,110,-8,1917,Ġaction, action
confirmation,exp12_config_command_02,config_command,paraphrase,0,USER_END,3,111,-7,1431,Ġnow, now
confirmation,exp12_config_command_02,config_command,paraphrase,0,USER_END,4,112,-6,13,.,.
confirmation,exp12_config_command_02,config_command,paraphrase,0,USER_END,5,113,-5,151645,<|im_end|>,<|im_end|>
confirmation,exp12_config_command_02,config_command,paraphrase,0,GENERATION_BOUNDARY,0,112,-6,13,.,.
confirmation,exp12_config_command_02,config_command,paraphrase,0,GENERATION_BOUNDARY,1,113,-5,151645,<|im_end|>,<|im_end|>
confirmation,exp12_config_command_02,config_command,paraphrase,0,GENERATION_BOUNDARY,2,114,-4,198,Ċ,"
"
confirmation,exp12_config_command_02,config_command,paraphrase,0,GENERATION_BOUNDARY,3,115,-3,151644,<|im_start|>,<|im_start|>
confirmation,exp12_config_command_02,config_command,paraphrase,0,GENERATION_BOUNDARY,4,116,-2,77091,assistant,assistant
confirmation,exp12_config_command_02,config_command,paraphrase,0,GENERATION_BOUNDARY,5,117,-1,198,Ċ,"
"
confirmation,exp12_config_command_02,config_command,canonical,1,SKILL_END,0,26,-95,1156,Ġfirst, first
confirmation,exp12_config_command_02,config_command,canonical,1,SKILL_END,1,27,-94,11,",",","
confirmation,exp12_config_command_02,config_command,canonical,1,SKILL_END,2,28,-93,1221,Ġthen, then
confirmation,exp12_config_command_02,config_command,canonical,1,SKILL_END,3,29,-92,24085,Ġinspect, inspect
confirmation,exp12_config_command_02,config_command,canonical,1,SKILL_END,4,30,-91,6546,Ġconfiguration, configuration
confirmation,exp12_config_command_02,config_command,canonical,1,SKILL_END,5,31,-90,382,.ĊĊ,".

"
confirmation,exp12_config_command_02,config_command,canonical,1,SYSTEM_END,0,38,-83,29130,Ġdeciding, deciding
confirmation,exp12_config_command_02,config_command,canonical,1,SYSTEM_END,1,39,-82,279,Ġthe, the
confirmation,exp12_config_command_02,config_command,canonical,1,SYSTEM_END,2,40,-81,1156,Ġfirst, first
confirmation,exp12_config_command_02,config_command,canonical,1,SYSTEM_END,3,41,-80,1917,Ġaction, action
confirmation,exp12_config_command_02,config_command,canonical,1,SYSTEM_END,4,42,-79,13,.,.
confirmation,exp12_config_command_02,config_command,canonical,1,SYSTEM_END,5,43,-78,151645,<|im_end|>,<|im_end|>
confirmation,exp12_config_command_02,config_command,canonical,1,ISSUE_END,0,68,-53,15089,Ġdiagnostic, diagnostic
confirmation,exp12_config_command_02,config_command,canonical,1,ISSUE_END,1,69,-52,3210,Ġcommand, command
confirmation,exp12_config_command_02,config_command,canonical,1,ISSUE_END,2,70,-51,525,Ġare, are
confirmation,exp12_config_command_02,config_command,canonical,1,ISSUE_END,3,71,-50,2176,Ġboth, both
confirmation,exp12_config_command_02,config_command,canonical,1,ISSUE_END,4,72,-49,2500,Ġavailable, available
confirmation,exp12_config_command_02,config_command,canonical,1,ISSUE_END,5,73,-48,382,.ĊĊ,".

"
confirmation,exp12_config_command_02,config_command,canonical,1,DETAIL_END,0,79,-42,23497,Ġfocuses, focuses
confirmation,exp12_config_command_02,config_command,canonical,1,DETAIL_END,1,80,-41,389,Ġon, on
confirmation,exp12_config_command_02,config_command,canonical,1,DETAIL_END,2,81,-40,1565,Ġ`, `
confirmation,exp12_config_command_02,config_command,canonical,1,DETAIL_END,3,82,-39,8966,route,route
confirmation,exp12_config_command_02,config_command,canonical,1,DETAIL_END,4,83,-38,7893,_request,_request
confirmation,exp12_config_command_02,config_command,canonical,1,DETAIL_END,5,84,-37,62338,`.ĊĊ,"`.

"
confirmation,exp12_config_command_02,config_command,canonical,1,ACTION0_END,0,92,-29,445,"(""","("""
confirmation,exp12_config_command_02,config_command,canonical,1,ACTION0_END,1,93,-28,1676,config,config
confirmation,exp12_config_command_02,config_command,canonical,1,ACTION0_END,2,94,-27,18546,/router,/router
confirmation,exp12_config_command_02,config_command,canonical,1,ACTION0_END,3,95,-26,73494,.tom,.tom
confirmation,exp12_config_command_02,config_command,canonical,1,ACTION0_END,4,96,-25,75,l,l
confirmation,exp12_config_command_02,config_command,canonical,1,ACTION0_END,5,97,-24,1138,""")Ċ",""")
"
confirmation,exp12_config_command_02,config_command,canonical,1,ACTION1_END,0,103,-18,481,Ġ-, -
confirmation,exp12_config_command_02,config_command,canonical,1,ACTION1_END,1,104,-17,76,m,m
confirmation,exp12_config_command_02,config_command,canonical,1,ACTION1_END,2,105,-16,906,Ġapp, app
confirmation,exp12_config_command_02,config_command,canonical,1,ACTION1_END,3,106,-15,19520,.validate,.validate
confirmation,exp12_config_command_02,config_command,canonical,1,ACTION1_END,4,107,-14,32813,_payload,_payload
confirmation,exp12_config_command_02,config_command,canonical,1,ACTION1_END,5,108,-13,5130,""")ĊĊ",""")

"
confirmation,exp12_config_command_02,config_command,canonical,1,FINAL_INSTRUCTION_END,0,110,-11,279,Ġthe, the
confirmation,exp12_config_command_02,config_command,canonical,1,FINAL_INSTRUCTION_END,1,111,-10,3175,Ġsingle, single
confirmation,exp12_config_command_02,config_command,canonical,1,FINAL_INSTRUCTION_END,2,112,-9,1790,Ġnext, next
confirmation,exp12_config_command_02,config_command,canonical,1,FINAL_INSTRUCTION_END,3,113,-8,1917,Ġaction, action
confirmation,exp12_config_command_02,config_command,canonical,1,FINAL_INSTRUCTION_END,4,114,-7,1431,Ġnow, now
confirmation,exp12_config_command_02,config_command,canonical,1,FINAL_INSTRUCTION_END,5,115,-6,13,.,.
confirmation,exp12_config_command_02,config_command,canonical,1,USER_END,0,111,-10,3175,Ġsingle, single
confirmation,exp12_config_command_02,config_command,canonical,1,USER_END,1,112,-9,1790,Ġnext, next
confirmation,exp12_config_command_02,config_command,canonical,1,USER_END,2,113,-8,1917,Ġaction, action
confirmation,exp12_config_command_02,config_command,canonical,1,USER_END,3,114,-7,1431,Ġnow, now
confirmation,exp12_config_command_02,config_command,canonical,1,USER_END,4,115,-6,13,.,.
confirmation,exp12_config_command_02,config_command,canonical,1,USER_END,5,116,-5,151645,<|im_end|>,<|im_end|>
confirmation,exp12_config_command_02,config_command,canonical,1,GENERATION_BOUNDARY,0,115,-6,13,.,.
confirmation,exp12_config_command_02,config_command,canonical,1,GENERATION_BOUNDARY,1,116,-5,151645,<|im_end|>,<|im_end|>
confirmation,exp12_config_command_02,config_command,canonical,1,GENERATION_BOUNDARY,2,117,-4,198,Ċ,"
"
confirmation,exp12_config_command_02,config_command,canonical,1,GENERATION_BOUNDARY,3,118,-3,151644,<|im_start|>,<|im_start|>
confirmation,exp12_config_command_02,config_command,canonical,1,GENERATION_BOUNDARY,4,119,-2,77091,assistant,assistant
confirmation,exp12_config_command_02,config_command,canonical,1,GENERATION_BOUNDARY,5,120,-1,198,Ċ,"
"
confirmation,exp12_config_command_02,config_command,paraphrase,1,SKILL_END,0,26,-95,3019,Ġstep, step
confirmation,exp12_config_command_02,config_command,paraphrase,1,SKILL_END,1,27,-94,323,Ġand, and
confirmation,exp12_config_command_02,config_command,paraphrase,1,SKILL_END,2,28,-93,3395,Ġreview, review
confirmation,exp12_config_command_02,config_command,paraphrase,1,SKILL_END,3,29,-92,6546,Ġconfiguration, configuration
confirmation,exp12_config_command_02,config_command,paraphrase,1,SKILL_END,4,30,-91,47943,Ġafterward, afterward
confirmation,exp12_config_command_02,config_command,paraphrase,1,SKILL_END,5,31,-90,382,.ĊĊ,".

"
confirmation,exp12_config_command_02,config_command,paraphrase,1,SYSTEM_END,0,38,-83,29130,Ġdeciding, deciding
confirmation,exp12_config_command_02,config_command,paraphrase,1,SYSTEM_END,1,39,-82,279,Ġthe, the
confirmation,exp12_config_command_02,config_command,paraphrase,1,SYSTEM_END,2,40,-81,1156,Ġfirst, first
confirmation,exp12_config_command_02,config_command,paraphrase,1,SYSTEM_END,3,41,-80,1917,Ġaction, action
confirmation,exp12_config_command_02,config_command,paraphrase,1,SYSTEM_END,4,42,-79,13,.,.
confirmation,exp12_config_command_02,config_command,paraphrase,1,SYSTEM_END,5,43,-78,151645,<|im_end|>,<|im_end|>
confirmation,exp12_config_command_02,config_command,paraphrase,1,ISSUE_END,0,68,-53,15089,Ġdiagnostic, diagnostic
confirmation,exp12_config_command_02,config_command,paraphrase,1,ISSUE_END,1,69,-52,3210,Ġcommand, command
confirmation,exp12_config_command_02,config_command,paraphrase,1,ISSUE_END,2,70,-51,525,Ġare, are
confirmation,exp12_config_command_02,config_command,paraphrase,1,ISSUE_END,3,71,-50,2176,Ġboth, both
confirmation,exp12_config_command_02,config_command,paraphrase,1,ISSUE_END,4,72,-49,2500,Ġavailable, available
confirmation,exp12_config_command_02,config_command,paraphrase,1,ISSUE_END,5,73,-48,382,.ĊĊ,".

"
confirmation,exp12_config_command_02,config_command,paraphrase,1,DETAIL_END,0,79,-42,23497,Ġfocuses, focuses
confirmation,exp12_config_command_02,config_command,paraphrase,1,DETAIL_END,1,80,-41,389,Ġon, on
confirmation,exp12_config_command_02,config_command,paraphrase,1,DETAIL_END,2,81,-40,1565,Ġ`, `
confirmation,exp12_config_command_02,config_command,paraphrase,1,DETAIL_END,3,82,-39,8966,route,route
confirmation,exp12_config_command_02,config_command,paraphrase,1,DETAIL_END,4,83,-38,7893,_request,_request
confirmation,exp12_config_command_02,config_command,paraphrase,1,DETAIL_END,5,84,-37,62338,`.ĊĊ,"`.

"
confirmation,exp12_config_command_02,config_command,paraphrase,1,ACTION0_END,0,92,-29,445,"(""","("""
confirmation,exp12_config_command_02,config_command,paraphrase,1,ACTION0_END,1,93,-28,1676,config,config
confirmation,exp12_config_command_02,config_command,paraphrase,1,ACTION0_END,2,94,-27,18546,/router,/router
confirmation,exp12_config_command_02,config_command,paraphrase,1,ACTION0_END,3,95,-26,73494,.tom,.tom
confirmation,exp12_config_command_02,config_command,paraphrase,1,ACTION0_END,4,96,-25,75,l,l
confirmation,exp12_config_command_02,config_command,paraphrase,1,ACTION0_END,5,97,-24,1138,""")Ċ",""")
"
confirmation,exp12_config_command_02,config_command,paraphrase,1,ACTION1_END,0,103,-18,481,Ġ-, -
confirmation,exp12_config_command_02,config_command,paraphrase,1,ACTION1_END,1,104,-17,76,m,m
confirmation,exp12_config_command_02,config_command,paraphrase,1,ACTION1_END,2,105,-16,906,Ġapp, app
confirmation,exp12_config_command_02,config_command,paraphrase,1,ACTION1_END,3,106,-15,19520,.validate,.validate
confirmation,exp12_config_command_02,config_command,paraphrase,1,ACTION1_END,4,107,-14,32813,_payload,_payload
confirmation,exp12_config_command_02,config_command,paraphrase,1,ACTION1_END,5,108,-13,5130,""")ĊĊ",""")

"
confirmation,exp12_config_command_02,config_command,paraphrase,1,FINAL_INSTRUCTION_END,0,110,-11,279,Ġthe, the
confirmation,exp12_config_command_02,config_command,paraphrase,1,FINAL_INSTRUCTION_END,1,111,-10,3175,Ġsingle, single
confirmation,exp12_config_command_02,config_command,paraphrase,1,FINAL_INSTRUCTION_END,2,112,-9,1790,Ġnext, next
confirmation,exp12_config_command_02,config_command,paraphrase,1,FINAL_INSTRUCTION_END,3,113,-8,1917,Ġaction, action
confirmation,exp12_config_command_02,config_command,paraphrase,1,FINAL_INSTRUCTION_END,4,114,-7,1431,Ġnow, now
confirmation,exp12_config_command_02,config_command,paraphrase,1,FINAL_INSTRUCTION_END,5,115,-6,13,.,.
confirmation,exp12_config_command_02,config_command,paraphrase,1,USER_END,0,111,-10,3175,Ġsingle, single
confirmation,exp12_config_command_02,config_command,paraphrase,1,USER_END,1,112,-9,1790,Ġnext, next
confirmation,exp12_config_command_02,config_command,paraphrase,1,USER_END,2,113,-8,1917,Ġaction, action
confirmation,exp12_config_command_02,config_command,paraphrase,1,USER_END,3,114,-7,1431,Ġnow, now
confirmation,exp12_config_command_02,config_command,paraphrase,1,USER_END,4,115,-6,13,.,.
confirmation,exp12_config_command_02,config_command,paraphrase,1,USER_END,5,116,-5,151645,<|im_end|>,<|im_end|>
confirmation,exp12_config_command_02,config_command,paraphrase,1,GENERATION_BOUNDARY,0,115,-6,13,.,.
confirmation,exp12_config_command_02,config_command,paraphrase,1,GENERATION_BOUNDARY,1,116,-5,151645,<|im_end|>,<|im_end|>
confirmation,exp12_config_command_02,config_command,paraphrase,1,GENERATION_BOUNDARY,2,117,-4,198,Ċ,"
"
confirmation,exp12_config_command_02,config_command,paraphrase,1,GENERATION_BOUNDARY,3,118,-3,151644,<|im_start|>,<|im_start|>
confirmation,exp12_config_command_02,config_command,paraphrase,1,GENERATION_BOUNDARY,4,119,-2,77091,assistant,assistant
confirmation,exp12_config_command_02,config_command,paraphrase,1,GENERATION_BOUNDARY,5,120,-1,198,Ċ,"
"
confirmation,exp12_config_command_04,config_command,canonical,0,SKILL_END,0,28,-96,1221,Ġthen, then
confirmation,exp12_config_command_04,config_command,canonical,0,SKILL_END,1,29,-95,1598,Ġrun, run
confirmation,exp12_config_command_04,config_command,canonical,0,SKILL_END,2,30,-94,894,Ġany, any
confirmation,exp12_config_command_04,config_command,canonical,0,SKILL_END,3,31,-93,15089,Ġdiagnostic, diagnostic
confirmation,exp12_config_command_04,config_command,canonical,0,SKILL_END,4,32,-92,3210,Ġcommand, command
confirmation,exp12_config_command_04,config_command,canonical,0,SKILL_END,5,33,-91,382,.ĊĊ,".

"
confirmation,exp12_config_command_04,config_command,canonical,0,SYSTEM_END,0,40,-84,29130,Ġdeciding, deciding
confirmation,exp12_config_command_04,config_command,canonical,0,SYSTEM_END,1,41,-83,279,Ġthe, the
confirmation,exp12_config_command_04,config_command,canonical,0,SYSTEM_END,2,42,-82,1156,Ġfirst, first
confirmation,exp12_config_command_04,config_command,canonical,0,SYSTEM_END,3,43,-81,1917,Ġaction, action
confirmation,exp12_config_command_04,config_command,canonical,0,SYSTEM_END,4,44,-80,13,.,.
confirmation,exp12_config_command_04,config_command,canonical,0,SYSTEM_END,5,45,-79,151645,<|im_end|>,<|im_end|>
confirmation,exp12_config_command_04,config_command,canonical,0,ISSUE_END,0,70,-54,15089,Ġdiagnostic, diagnostic
confirmation,exp12_config_command_04,config_command,canonical,0,ISSUE_END,1,71,-53,3210,Ġcommand, command
confirmation,exp12_config_command_04,config_command,canonical,0,ISSUE_END,2,72,-52,525,Ġare, are
confirmation,exp12_config_command_04,config_command,canonical,0,ISSUE_END,3,73,-51,2176,Ġboth, both
confirmation,exp12_config_command_04,config_command,canonical,0,ISSUE_END,4,74,-50,2500,Ġavailable, available
confirmation,exp12_config_command_04,config_command,canonical,0,ISSUE_END,5,75,-49,382,.ĊĊ,".

"
confirmation,exp12_config_command_04,config_command,canonical,0,DETAIL_END,0,81,-43,23497,Ġfocuses, focuses
confirmation,exp12_config_command_04,config_command,canonical,0,DETAIL_END,1,82,-42,389,Ġon, on
confirmation,exp12_config_command_04,config_command,canonical,0,DETAIL_END,2,83,-41,1565,Ġ`, `
confirmation,exp12_config_command_04,config_command,canonical,0,DETAIL_END,3,84,-40,28630,schedule,schedule
confirmation,exp12_config_command_04,config_command,canonical,0,DETAIL_END,4,85,-39,20298,_job,_job
confirmation,exp12_config_command_04,config_command,canonical,0,DETAIL_END,5,86,-38,62338,`.ĊĊ,"`.

"
confirmation,exp12_config_command_04,config_command,canonical,0,ACTION0_END,0,95,-29,1676,config,config
confirmation,exp12_config_command_04,config_command,canonical,0,ACTION0_END,1,96,-28,2687,/s,/s
confirmation,exp12_config_command_04,config_command,canonical,0,ACTION0_END,2,97,-27,15222,cheduler,cheduler
confirmation,exp12_config_command_04,config_command,canonical,0,ACTION0_END,3,98,-26,73494,.tom,.tom
confirmation,exp12_config_command_04,config_command,canonical,0,ACTION0_END,4,99,-25,75,l,l
confirmation,exp12_config_command_04,config_command,canonical,0,ACTION0_END,5,100,-24,1138,""")Ċ",""")
"
confirmation,exp12_config_command_04,config_command,canonical,0,ACTION1_END,0,106,-18,481,Ġ-, -
confirmation,exp12_config_command_04,config_command,canonical,0,ACTION1_END,1,107,-17,76,m,m
confirmation,exp12_config_command_04,config_command,canonical,0,ACTION1_END,2,108,-16,906,Ġapp, app
confirmation,exp12_config_command_04,config_command,canonical,0,ACTION1_END,3,109,-15,9093,.check,.check
confirmation,exp12_config_command_04,config_command,canonical,0,ACTION1_END,4,110,-14,50650,_registry,_registry
confirmation,exp12_config_command_04,config_command,canonical,0,ACTION1_END,5,111,-13,5130,""")ĊĊ",""")

"
confirmation,exp12_config_command_04,config_command,canonical,0,FINAL_INSTRUCTION_END,0,113,-11,279,Ġthe, the
confirmation,exp12_config_command_04,config_command,canonical,0,FINAL_INSTRUCTION_END,1,114,-10,3175,Ġsingle, single
confirmation,exp12_config_command_04,config_command,canonical,0,FINAL_INSTRUCTION_END,2,115,-9,1790,Ġnext, next
confirmation,exp12_config_command_04,config_command,canonical,0,FINAL_INSTRUCTION_END,3,116,-8,1917,Ġaction, action
confirmation,exp12_config_command_04,config_command,canonical,0,FINAL_INSTRUCTION_END,4,117,-7,1431,Ġnow, now
confirmation,exp12_config_command_04,config_command,canonical,0,FINAL_INSTRUCTION_END,5,118,-6,13,.,.
confirmation,exp12_config_command_04,config_command,canonical,0,USER_END,0,114,-10,3175,Ġsingle, single
confirmation,exp12_config_command_04,config_command,canonical,0,USER_END,1,115,-9,1790,Ġnext, next
confirmation,exp12_config_command_04,config_command,canonical,0,USER_END,2,116,-8,1917,Ġaction, action
confirmation,exp12_config_command_04,config_command,canonical,0,USER_END,3,117,-7,1431,Ġnow, now
confirmation,exp12_config_command_04,config_command,canonical,0,USER_END,4,118,-6,13,.,.
confirmation,exp12_config_command_04,config_command,canonical,0,USER_END,5,119,-5,151645,<|im_end|>,<|im_end|>
confirmation,exp12_config_command_04,config_command,canonical,0,GENERATION_BOUNDARY,0,118,-6,13,.,.
confirmation,exp12_config_command_04,config_command,canonical,0,GENERATION_BOUNDARY,1,119,-5,151645,<|im_end|>,<|im_end|>
confirmation,exp12_config_command_04,config_command,canonical,0,GENERATION_BOUNDARY,2,120,-4,198,Ċ,"
"
confirmation,exp12_config_command_04,config_command,canonical,0,GENERATION_BOUNDARY,3,121,-3,151644,<|im_start|>,<|im_start|>
confirmation,exp12_config_command_04,config_command,canonical,0,GENERATION_BOUNDARY,4,122,-2,77091,assistant,assistant
confirmation,exp12_config_command_04,config_command,canonical,0,GENERATION_BOUNDARY,5,123,-1,198,Ċ,"
"
confirmation,exp12_config_command_04,config_command,paraphrase,0,SKILL_END,0,23,-96,1573,Ġbefore, before
confirmation,exp12_config_command_04,config_command,paraphrase,0,SKILL_END,1,24,-95,30220,Ġexecuting, executing
confirmation,exp12_config_command_04,config_command,paraphrase,0,SKILL_END,2,25,-94,279,Ġthe, the
confirmation,exp12_config_command_04,config_command,paraphrase,0,SKILL_END,3,26,-93,15089,Ġdiagnostic, diagnostic
confirmation,exp12_config_command_04,config_command,paraphrase,0,SKILL_END,4,27,-92,3210,Ġcommand, command
confirmation,exp12_config_command_04,config_command,paraphrase,0,SKILL_END,5,28,-91,382,.ĊĊ,".

"
confirmation,exp12_config_command_04,config_command,paraphrase,0,SYSTEM_END,0,35,-84,29130,Ġdeciding, deciding
confirmation,exp12_config_command_04,config_command,paraphrase,0,SYSTEM_END,1,36,-83,279,Ġthe, the
confirmation,exp12_config_command_04,config_command,paraphrase,0,SYSTEM_END,2,37,-82,1156,Ġfirst, first
confirmation,exp12_config_command_04,config_command,paraphrase,0,SYSTEM_END,3,38,-81,1917,Ġaction, action
confirmation,exp12_config_command_04,config_command,paraphrase,0,SYSTEM_END,4,39,-80,13,.,.
confirmation,exp12_config_command_04,config_command,paraphrase,0,SYSTEM_END,5,40,-79,151645,<|im_end|>,<|im_end|>
confirmation,exp12_config_command_04,config_command,paraphrase,0,ISSUE_END,0,65,-54,15089,Ġdiagnostic, diagnostic
confirmation,exp12_config_command_04,config_command,paraphrase,0,ISSUE_END,1,66,-53,3210,Ġcommand, command
confirmation,exp12_config_command_04,config_command,paraphrase,0,ISSUE_END,2,67,-52,525,Ġare, are
confirmation,exp12_config_command_04,config_command,paraphrase,0,ISSUE_END,3,68,-51,2176,Ġboth, both
confirmation,exp12_config_command_04,config_command,paraphrase,0,ISSUE_END,4,69,-50,2500,Ġavailable, available
confirmation,exp12_config_command_04,config_command,paraphrase,0,ISSUE_END,5,70,-49,382,.ĊĊ,".

"
confirmation,exp12_config_command_04,config_command,paraphrase,0,DETAIL_END,0,76,-43,23497,Ġfocuses, focuses
confirmation,exp12_config_command_04,config_command,paraphrase,0,DETAIL_END,1,77,-42,389,Ġon, on
confirmation,exp12_config_command_04,config_command,paraphrase,0,DETAIL_END,2,78,-41,1565,Ġ`, `
confirmation,exp12_config_command_04,config_command,paraphrase,0,DETAIL_END,3,79,-40,28630,schedule,schedule
confirmation,exp12_config_command_04,config_command,paraphrase,0,DETAIL_END,4,80,-39,20298,_job,_job
confirmation,exp12_config_command_04,config_command,paraphrase,0,DETAIL_END,5,81,-38,62338,`.ĊĊ,"`.

"
confirmation,exp12_config_command_04,config_command,paraphrase,0,ACTION0_END,0,90,-29,1676,config,config
confirmation,exp12_config_command_04,config_command,paraphrase,0,ACTION0_END,1,91,-28,2687,/s,/s
confirmation,exp12_config_command_04,config_command,paraphrase,0,ACTION0_END,2,92,-27,15222,cheduler,cheduler
confirmation,exp12_config_command_04,config_command,paraphrase,0,ACTION0_END,3,93,-26,73494,.tom,.tom
confirmation,exp12_config_command_04,config_command,paraphrase,0,ACTION0_END,4,94,-25,75,l,l
confirmation,exp12_config_command_04,config_command,paraphrase,0,ACTION0_END,5,95,-24,1138,""")Ċ",""")
"
confirmation,exp12_config_command_04,config_command,paraphrase,0,ACTION1_END,0,101,-18,481,Ġ-, -
confirmation,exp12_config_command_04,config_command,paraphrase,0,ACTION1_END,1,102,-17,76,m,m
confirmation,exp12_config_command_04,config_command,paraphrase,0,ACTION1_END,2,103,-16,906,Ġapp, app
confirmation,exp12_config_command_04,config_command,paraphrase,0,ACTION1_END,3,104,-15,9093,.check,.check
confirmation,exp12_config_command_04,config_command,paraphrase,0,ACTION1_END,4,105,-14,50650,_registry,_registry
confirmation,exp12_config_command_04,config_command,paraphrase,0,ACTION1_END,5,106,-13,5130,""")ĊĊ",""")

"
confirmation,exp12_config_command_04,config_command,paraphrase,0,FINAL_INSTRUCTION_END,0,108,-11,279,Ġthe, the
confirmation,exp12_config_command_04,config_command,paraphrase,0,FINAL_INSTRUCTION_END,1,109,-10,3175,Ġsingle, single
confirmation,exp12_config_command_04,config_command,paraphrase,0,FINAL_INSTRUCTION_END,2,110,-9,1790,Ġnext, next
confirmation,exp12_config_command_04,config_command,paraphrase,0,FINAL_INSTRUCTION_END,3,111,-8,1917,Ġaction, action
confirmation,exp12_config_command_04,config_command,paraphrase,0,FINAL_INSTRUCTION_END,4,112,-7,1431,Ġnow, now
confirmation,exp12_config_command_04,config_command,paraphrase,0,FINAL_INSTRUCTION_END,5,113,-6,13,.,.
confirmation,exp12_config_command_04,config_command,paraphrase,0,USER_END,0,109,-10,3175,Ġsingle, single
confirmation,exp12_config_command_04,config_command,paraphrase,0,USER_END,1,110,-9,1790,Ġnext, next
confirmation,exp12_config_command_04,config_command,paraphrase,0,USER_END,2,111,-8,1917,Ġaction, action
confirmation,exp12_config_command_04,config_command,paraphrase,0,USER_END,3,112,-7,1431,Ġnow, now
confirmation,exp12_config_command_04,config_command,paraphrase,0,USER_END,4,113,-6,13,.,.
confirmation,exp12_config_command_04,config_command,paraphrase,0,USER_END,5,114,-5,151645,<|im_end|>,<|im_end|>
confirmation,exp12_config_command_04,config_command,paraphrase,0,GENERATION_BOUNDARY,0,113,-6,13,.,.
confirmation,exp12_config_command_04,config_command,paraphrase,0,GENERATION_BOUNDARY,1,114,-5,151645,<|im_end|>,<|im_end|>
confirmation,exp12_config_command_04,config_command,paraphrase,0,GENERATION_BOUNDARY,2,115,-4,198,Ċ,"
"
confirmation,exp12_config_command_04,config_command,paraphrase,0,GENERATION_BOUNDARY,3,116,-3,151644,<|im_start|>,<|im_start|>
confirmation,exp12_config_command_04,config_command,paraphrase,0,GENERATION_BOUNDARY,4,117,-2,77091,assistant,assistant
confirmation,exp12_config_command_04,config_command,paraphrase,0,GENERATION_BOUNDARY,5,118,-1,198,Ċ,"
"
confirmation,exp12_config_command_04,config_command,canonical,1,SKILL_END,0,26,-96,1156,Ġfirst, first
confirmation,exp12_config_command_04,config_command,canonical,1,SKILL_END,1,27,-95,11,",",","
confirmation,exp12_config_command_04,config_command,canonical,1,SKILL_END,2,28,-94,1221,Ġthen, then
confirmation,exp12_config_command_04,config_command,canonical,1,SKILL_END,3,29,-93,24085,Ġinspect, inspect
confirmation,exp12_config_command_04,config_command,canonical,1,SKILL_END,4,30,-92,6546,Ġconfiguration, configuration
confirmation,exp12_config_command_04,config_command,canonical,1,SKILL_END,5,31,-91,382,.ĊĊ,".

"
confirmation,exp12_config_command_04,config_command,canonical,1,SYSTEM_END,0,38,-84,29130,Ġdeciding, deciding
confirmation,exp12_config_command_04,config_command,canonical,1,SYSTEM_END,1,39,-83,279,Ġthe, the
confirmation,exp12_config_command_04,config_command,canonical,1,SYSTEM_END,2,40,-82,1156,Ġfirst, first
confirmation,exp12_config_command_04,config_command,canonical,1,SYSTEM_END,3,41,-81,1917,Ġaction, action
confirmation,exp12_config_command_04,config_command,canonical,1,SYSTEM_END,4,42,-80,13,.,.
confirmation,exp12_config_command_04,config_command,canonical,1,SYSTEM_END,5,43,-79,151645,<|im_end|>,<|im_end|>
confirmation,exp12_config_command_04,config_command,canonical,1,ISSUE_END,0,68,-54,15089,Ġdiagnostic, diagnostic
confirmation,exp12_config_command_04,config_command,canonical,1,ISSUE_END,1,69,-53,3210,Ġcommand, command
confirmation,exp12_config_command_04,config_command,canonical,1,ISSUE_END,2,70,-52,525,Ġare, are
confirmation,exp12_config_command_04,config_command,canonical,1,ISSUE_END,3,71,-51,2176,Ġboth, both
confirmation,exp12_config_command_04,config_command,canonical,1,ISSUE_END,4,72,-50,2500,Ġavailable, available
confirmation,exp12_config_command_04,config_command,canonical,1,ISSUE_END,5,73,-49,382,.ĊĊ,".

"
confirmation,exp12_config_command_04,config_command,canonical,1,DETAIL_END,0,79,-43,23497,Ġfocuses, focuses
confirmation,exp12_config_command_04,config_command,canonical,1,DETAIL_END,1,80,-42,389,Ġon, on
confirmation,exp12_config_command_04,config_command,canonical,1,DETAIL_END,2,81,-41,1565,Ġ`, `
confirmation,exp12_config_command_04,config_command,canonical,1,DETAIL_END,3,82,-40,28630,schedule,schedule
confirmation,exp12_config_command_04,config_command,canonical,1,DETAIL_END,4,83,-39,20298,_job,_job
confirmation,exp12_config_command_04,config_command,canonical,1,DETAIL_END,5,84,-38,62338,`.ĊĊ,"`.

"
confirmation,exp12_config_command_04,config_command,canonical,1,ACTION0_END,0,93,-29,1676,config,config
confirmation,exp12_config_command_04,config_command,canonical,1,ACTION0_END,1,94,-28,2687,/s,/s
confirmation,exp12_config_command_04,config_command,canonical,1,ACTION0_END,2,95,-27,15222,cheduler,cheduler
confirmation,exp12_config_command_04,config_command,canonical,1,ACTION0_END,3,96,-26,73494,.tom,.tom
confirmation,exp12_config_command_04,config_command,canonical,1,ACTION0_END,4,97,-25,75,l,l
confirmation,exp12_config_command_04,config_command,canonical,1,ACTION0_END,5,98,-24,1138,""")Ċ",""")
"
confirmation,exp12_config_command_04,config_command,canonical,1,ACTION1_END,0,104,-18,481,Ġ-, -
confirmation,exp12_config_command_04,config_command,canonical,1,ACTION1_END,1,105,-17,76,m,m
confirmation,exp12_config_command_04,config_command,canonical,1,ACTION1_END,2,106,-16,906,Ġapp, app
confirmation,exp12_config_command_04,config_command,canonical,1,ACTION1_END,3,107,-15,9093,.check,.check
confirmation,exp12_config_command_04,config_command,canonical,1,ACTION1_END,4,108,-14,50650,_registry,_registry
confirmation,exp12_config_command_04,config_command,canonical,1,ACTION1_END,5,109,-13,5130,""")ĊĊ",""")

"
confirmation,exp12_config_command_04,config_command,canonical,1,FINAL_INSTRUCTION_END,0,111,-11,279,Ġthe, the
confirmation,exp12_config_command_04,config_command,canonical,1,FINAL_INSTRUCTION_END,1,112,-10,3175,Ġsingle, single
confirmation,exp12_config_command_04,config_command,canonical,1,FINAL_INSTRUCTION_END,2,113,-9,1790,Ġnext, next
confirmation,exp12_config_command_04,config_command,canonical,1,FINAL_INSTRUCTION_END,3,114,-8,1917,Ġaction, action
confirmation,exp12_config_command_04,config_command,canonical,1,FINAL_INSTRUCTION_END,4,115,-7,1431,Ġnow, now
confirmation,exp12_config_command_04,config_command,canonical,1,FINAL_INSTRUCTION_END,5,116,-6,13,.,.
confirmation,exp12_config_command_04,config_command,canonical,1,USER_END,0,112,-10,3175,Ġsingle, single
confirmation,exp12_config_command_04,config_command,canonical,1,USER_END,1,113,-9,1790,Ġnext, next
confirmation,exp12_config_command_04,config_command,canonical,1,USER_END,2,114,-8,1917,Ġaction, action
confirmation,exp12_config_command_04,config_command,canonical,1,USER_END,3,115,-7,1431,Ġnow, now
confirmation,exp12_config_command_04,config_command,canonical,1,USER_END,4,116,-6,13,.,.
confirmation,exp12_config_command_04,config_command,canonical,1,USER_END,5,117,-5,151645,<|im_end|>,<|im_end|>
confirmation,exp12_config_command_04,config_command,canonical,1,GENERATION_BOUNDARY,0,116,-6,13,.,.
confirmation,exp12_config_command_04,config_command,canonical,1,GENERATION_BOUNDARY,1,117,-5,151645,<|im_end|>,<|im_end|>
confirmation,exp12_config_command_04,config_command,canonical,1,GENERATION_BOUNDARY,2,118,-4,198,Ċ,"
"
confirmation,exp12_config_command_04,config_command,canonical,1,GENERATION_BOUNDARY,3,119,-3,151644,<|im_start|>,<|im_start|>
confirmation,exp12_config_command_04,config_command,canonical,1,GENERATION_BOUNDARY,4,120,-2,77091,assistant,assistant
confirmation,exp12_config_command_04,config_command,canonical,1,GENERATION_BOUNDARY,5,121,-1,198,Ċ,"
"
confirmation,exp12_config_command_04,config_command,paraphrase,1,SKILL_END,0,26,-96,3019,Ġstep, step
confirmation,exp12_config_command_04,config_command,paraphrase,1,SKILL_END,1,27,-95,323,Ġand, and
confirmation,exp12_config_command_04,config_command,paraphrase,1,SKILL_END,2,28,-94,3395,Ġreview, review
confirmation,exp12_config_command_04,config_command,paraphrase,1,SKILL_END,3,29,-93,6546,Ġconfiguration, configuration
confirmation,exp12_config_command_04,config_command,paraphrase,1,SKILL_END,4,30,-92,47943,Ġafterward, afterward
confirmation,exp12_config_command_04,config_command,paraphrase,1,SKILL_END,5,31,-91,382,.ĊĊ,".

"
confirmation,exp12_config_command_04,config_command,paraphrase,1,SYSTEM_END,0,38,-84,29130,Ġdeciding, deciding
confirmation,exp12_config_command_04,config_command,paraphrase,1,SYSTEM_END,1,39,-83,279,Ġthe, the
confirmation,exp12_config_command_04,config_command,paraphrase,1,SYSTEM_END,2,40,-82,1156,Ġfirst, first
confirmation,exp12_config_command_04,config_command,paraphrase,1,SYSTEM_END,3,41,-81,1917,Ġaction, action
confirmation,exp12_config_command_04,config_command,paraphrase,1,SYSTEM_END,4,42,-80,13,.,.
confirmation,exp12_config_command_04,config_command,paraphrase,1,SYSTEM_END,5,43,-79,151645,<|im_end|>,<|im_end|>
confirmation,exp12_config_command_04,config_command,paraphrase,1,ISSUE_END,0,68,-54,15089,Ġdiagnostic, diagnostic
confirmation,exp12_config_command_04,config_command,paraphrase,1,ISSUE_END,1,69,-53,3210,Ġcommand, command
confirmation,exp12_config_command_04,config_command,paraphrase,1,ISSUE_END,2,70,-52,525,Ġare, are
confirmation,exp12_config_command_04,config_command,paraphrase,1,ISSUE_END,3,71,-51,2176,Ġboth, both
confirmation,exp12_config_command_04,config_command,paraphrase,1,ISSUE_END,4,72,-50,2500,Ġavailable, available
confirmation,exp12_config_command_04,config_command,paraphrase,1,ISSUE_END,5,73,-49,382,.ĊĊ,".

"
confirmation,exp12_config_command_04,config_command,paraphrase,1,DETAIL_END,0,79,-43,23497,Ġfocuses, focuses
confirmation,exp12_config_command_04,config_command,paraphrase,1,DETAIL_END,1,80,-42,389,Ġon, on
confirmation,exp12_config_command_04,config_command,paraphrase,1,DETAIL_END,2,81,-41,1565,Ġ`, `
confirmation,exp12_config_command_04,config_command,paraphrase,1,DETAIL_END,3,82,-40,28630,schedule,schedule
confirmation,exp12_config_command_04,config_command,paraphrase,1,DETAIL_END,4,83,-39,20298,_job,_job
confirmation,exp12_config_command_04,config_command,paraphrase,1,DETAIL_END,5,84,-38,62338,`.ĊĊ,"`.

"
confirmation,exp12_config_command_04,config_command,paraphrase,1,ACTION0_END,0,93,-29,1676,config,config
confirmation,exp12_config_command_04,config_command,paraphrase,1,ACTION0_END,1,94,-28,2687,/s,/s
confirmation,exp12_config_command_04,config_command,paraphrase,1,ACTION0_END,2,95,-27,15222,cheduler,cheduler
confirmation,exp12_config_command_04,config_command,paraphrase,1,ACTION0_END,3,96,-26,73494,.tom,.tom
confirmation,exp12_config_command_04,config_command,paraphrase,1,ACTION0_END,4,97,-25,75,l,l
confirmation,exp12_config_command_04,config_command,paraphrase,1,ACTION0_END,5,98,-24,1138,""")Ċ",""")
"
confirmation,exp12_config_command_04,config_command,paraphrase,1,ACTION1_END,0,104,-18,481,Ġ-, -
confirmation,exp12_config_command_04,config_command,paraphrase,1,ACTION1_END,1,105,-17,76,m,m
confirmation,exp12_config_command_04,config_command,paraphrase,1,ACTION1_END,2,106,-16,906,Ġapp, app
confirmation,exp12_config_command_04,config_command,paraphrase,1,ACTION1_END,3,107,-15,9093,.check,.check
confirmation,exp12_config_command_04,config_command,paraphrase,1,ACTION1_END,4,108,-14,50650,_registry,_registry
confirmation,exp12_config_command_04,config_command,paraphrase,1,ACTION1_END,5,109,-13,5130,""")ĊĊ",""")

"
confirmation,exp12_config_command_04,config_command,paraphrase,1,FINAL_INSTRUCTION_END,0,111,-11,279,Ġthe, the
confirmation,exp12_config_command_04,config_command,paraphrase,1,FINAL_INSTRUCTION_END,1,112,-10,3175,Ġsingle, single
confirmation,exp12_config_command_04,config_command,paraphrase,1,FINAL_INSTRUCTION_END,2,113,-9,1790,Ġnext, next
confirmation,exp12_config_command_04,config_command,paraphrase,1,FINAL_INSTRUCTION_END,3,114,-8,1917,Ġaction, action
confirmation,exp12_config_command_04,config_command,paraphrase,1,FINAL_INSTRUCTION_END,4,115,-7,1431,Ġnow, now
confirmation,exp12_config_command_04,config_command,paraphrase,1,FINAL_INSTRUCTION_END,5,116,-6,13,.,.
confirmation,exp12_config_command_04,config_command,paraphrase,1,USER_END,0,112,-10,3175,Ġsingle, single
confirmation,exp12_config_command_04,config_command,paraphrase,1,USER_END,1,113,-9,1790,Ġnext, next
confirmation,exp12_config_command_04,config_command,paraphrase,1,USER_END,2,114,-8,1917,Ġaction, action
confirmation,exp12_config_command_04,config_command,paraphrase,1,USER_END,3,115,-7,1431,Ġnow, now
confirmation,exp12_config_command_04,config_command,paraphrase,1,USER_END,4,116,-6,13,.,.
confirmation,exp12_config_command_04,config_command,paraphrase,1,USER_END,5,117,-5,151645,<|im_end|>,<|im_end|>
confirmation,exp12_config_command_04,config_command,paraphrase,1,GENERATION_BOUNDARY,0,116,-6,13,.,.
confirmation,exp12_config_command_04,config_command,paraphrase,1,GENERATION_BOUNDARY,1,117,-5,151645,<|im_end|>,<|im_end|>
confirmation,exp12_config_command_04,config_command,paraphrase,1,GENERATION_BOUNDARY,2,118,-4,198,Ċ,"
"
confirmation,exp12_config_command_04,config_command,paraphrase,1,GENERATION_BOUNDARY,3,119,-3,151644,<|im_start|>,<|im_start|>
confirmation,exp12_config_command_04,config_command,paraphrase,1,GENERATION_BOUNDARY,4,120,-2,77091,assistant,assistant
confirmation,exp12_config_command_04,config_command,paraphrase,1,GENERATION_BOUNDARY,5,121,-1,198,Ċ,"
"
confirmation,exp12_config_command_07,config_command,canonical,0,SKILL_END,0,28,-96,1221,Ġthen, then
confirmation,exp12_config_command_07,config_command,canonical,0,SKILL_END,1,29,-95,1598,Ġrun, run
confirmation,exp12_config_command_07,config_command,canonical,0,SKILL_END,2,30,-94,894,Ġany, any
confirmation,exp12_config_command_07,config_command,canonical,0,SKILL_END,3,31,-93,15089,Ġdiagnostic, diagnostic
confirmation,exp12_config_command_07,config_command,canonical,0,SKILL_END,4,32,-92,3210,Ġcommand, command
confirmation,exp12_config_command_07,config_command,canonical,0,SKILL_END,5,33,-91,382,.ĊĊ,".

"
confirmation,exp12_config_command_07,config_command,canonical,0,SYSTEM_END,0,40,-84,29130,Ġdeciding, deciding
confirmation,exp12_config_command_07,config_command,canonical,0,SYSTEM_END,1,41,-83,279,Ġthe, the
confirmation,exp12_config_command_07,config_command,canonical,0,SYSTEM_END,2,42,-82,1156,Ġfirst, first
confirmation,exp12_config_command_07,config_command,canonical,0,SYSTEM_END,3,43,-81,1917,Ġaction, action
confirmation,exp12_config_command_07,config_command,canonical,0,SYSTEM_END,4,44,-80,13,.,.
confirmation,exp12_config_command_07,config_command,canonical,0,SYSTEM_END,5,45,-79,151645,<|im_end|>,<|im_end|>
confirmation,exp12_config_command_07,config_command,canonical,0,ISSUE_END,0,70,-54,15089,Ġdiagnostic, diagnostic
confirmation,exp12_config_command_07,config_command,canonical,0,ISSUE_END,1,71,-53,3210,Ġcommand, command
confirmation,exp12_config_command_07,config_command,canonical,0,ISSUE_END,2,72,-52,525,Ġare, are
confirmation,exp12_config_command_07,config_command,canonical,0,ISSUE_END,3,73,-51,2176,Ġboth, both
confirmation,exp12_config_command_07,config_command,canonical,0,ISSUE_END,4,74,-50,2500,Ġavailable, available
confirmation,exp12_config_command_07,config_command,canonical,0,ISSUE_END,5,75,-49,382,.ĊĊ,".

"
confirmation,exp12_config_command_07,config_command,canonical,0,DETAIL_END,0,81,-43,23497,Ġfocuses, focuses
confirmation,exp12_config_command_07,config_command,canonical,0,DETAIL_END,1,82,-42,389,Ġon, on
confirmation,exp12_config_command_07,config_command,canonical,0,DETAIL_END,2,83,-41,1565,Ġ`, `
confirmation,exp12_config_command_07,config_command,canonical,0,DETAIL_END,3,84,-40,6681,send,send
confirmation,exp12_config_command_07,config_command,canonical,0,DETAIL_END,4,85,-39,21078,_packet,_packet
confirmation,exp12_config_command_07,config_command,canonical,0,DETAIL_END,5,86,-38,62338,`.ĊĊ,"`.

"
confirmation,exp12_config_command_07,config_command,canonical,0,ACTION0_END,0,95,-29,1676,config,config
confirmation,exp12_config_command_07,config_command,canonical,0,ACTION0_END,1,96,-28,14,/,/
confirmation,exp12_config_command_07,config_command,canonical,0,ACTION0_END,2,97,-27,26445,transport,transport
confirmation,exp12_config_command_07,config_command,canonical,0,ACTION0_END,3,98,-26,73494,.tom,.tom
confirmation,exp12_config_command_07,config_command,canonical,0,ACTION0_END,4,99,-25,75,l,l
confirmation,exp12_config_command_07,config_command,canonical,0,ACTION0_END,5,100,-24,1138,""")Ċ",""")
"
confirmation,exp12_config_command_07,config_command,canonical,0,ACTION1_END,0,106,-18,481,Ġ-, -
confirmation,exp12_config_command_07,config_command,canonical,0,ACTION1_END,1,107,-17,76,m,m
confirmation,exp12_config_command_07,config_command,canonical,0,ACTION1_END,2,108,-16,906,Ġapp, app
confirmation,exp12_config_command_07,config_command,canonical,0,ACTION1_END,3,109,-15,58254,.inspect,.inspect
confirmation,exp12_config_command_07,config_command,canonical,0,ACTION1_END,4,110,-14,73965,_formatter,_formatter
confirmation,exp12_config_command_07,config_command,canonical,0,ACTION1_END,5,111,-13,5130,""")ĊĊ",""")

"
confirmation,exp12_config_command_07,config_command,canonical,0,FINAL_INSTRUCTION_END,0,113,-11,279,Ġthe, the
confirmation,exp12_config_command_07,config_command,canonical,0,FINAL_INSTRUCTION_END,1,114,-10,3175,Ġsingle, single
confirmation,exp12_config_command_07,config_command,canonical,0,FINAL_INSTRUCTION_END,2,115,-9,1790,Ġnext, next
confirmation,exp12_config_command_07,config_command,canonical,0,FINAL_INSTRUCTION_END,3,116,-8,1917,Ġaction, action
confirmation,exp12_config_command_07,config_command,canonical,0,FINAL_INSTRUCTION_END,4,117,-7,1431,Ġnow, now
confirmation,exp12_config_command_07,config_command,canonical,0,FINAL_INSTRUCTION_END,5,118,-6,13,.,.
confirmation,exp12_config_command_07,config_command,canonical,0,USER_END,0,114,-10,3175,Ġsingle, single
confirmation,exp12_config_command_07,config_command,canonical,0,USER_END,1,115,-9,1790,Ġnext, next
confirmation,exp12_config_command_07,config_command,canonical,0,USER_END,2,116,-8,1917,Ġaction, action
confirmation,exp12_config_command_07,config_command,canonical,0,USER_END,3,117,-7,1431,Ġnow, now
confirmation,exp12_config_command_07,config_command,canonical,0,USER_END,4,118,-6,13,.,.
confirmation,exp12_config_command_07,config_command,canonical,0,USER_END,5,119,-5,151645,<|im_end|>,<|im_end|>
confirmation,exp12_config_command_07,config_command,canonical,0,GENERATION_BOUNDARY,0,118,-6,13,.,.
confirmation,exp12_config_command_07,config_command,canonical,0,GENERATION_BOUNDARY,1,119,-5,151645,<|im_end|>,<|im_end|>
confirmation,exp12_config_command_07,config_command,canonical,0,GENERATION_BOUNDARY,2,120,-4,198,Ċ,"
"
confirmation,exp12_config_command_07,config_command,canonical,0,GENERATION_BOUNDARY,3,121,-3,151644,<|im_start|>,<|im_start|>
confirmation,exp12_config_command_07,config_command,canonical,0,GENERATION_BOUNDARY,4,122,-2,77091,assistant,assistant
confirmation,exp12_config_command_07,config_command,canonical,0,GENERATION_BOUNDARY,5,123,-1,198,Ċ,"
"
confirmation,exp12_config_command_07,config_command,paraphrase,0,SKILL_END,0,23,-96,1573,Ġbefore, before
confirmation,exp12_config_command_07,config_command,paraphrase,0,SKILL_END,1,24,-95,30220,Ġexecuting, executing
confirmation,exp12_config_command_07,config_command,paraphrase,0,SKILL_END,2,25,-94,279,Ġthe, the
confirmation,exp12_config_command_07,config_command,paraphrase,0,SKILL_END,3,26,-93,15089,Ġdiagnostic, diagnostic
confirmation,exp12_config_command_07,config_command,paraphrase,0,SKILL_END,4,27,-92,3210,Ġcommand, command
confirmation,exp12_config_command_07,config_command,paraphrase,0,SKILL_END,5,28,-91,382,.ĊĊ,".

"
confirmation,exp12_config_command_07,config_command,paraphrase,0,SYSTEM_END,0,35,-84,29130,Ġdeciding, deciding
confirmation,exp12_config_command_07,config_command,paraphrase,0,SYSTEM_END,1,36,-83,279,Ġthe, the
confirmation,exp12_config_command_07,config_command,paraphrase,0,SYSTEM_END,2,37,-82,1156,Ġfirst, first
confirmation,exp12_config_command_07,config_command,paraphrase,0,SYSTEM_END,3,38,-81,1917,Ġaction, action
confirmation,exp12_config_command_07,config_command,paraphrase,0,SYSTEM_END,4,39,-80,13,.,.
confirmation,exp12_config_command_07,config_command,paraphrase,0,SYSTEM_END,5,40,-79,151645,<|im_end|>,<|im_end|>
confirmation,exp12_config_command_07,config_command,paraphrase,0,ISSUE_END,0,65,-54,15089,Ġdiagnostic, diagnostic
confirmation,exp12_config_command_07,config_command,paraphrase,0,ISSUE_END,1,66,-53,3210,Ġcommand, command
confirmation,exp12_config_command_07,config_command,paraphrase,0,ISSUE_END,2,67,-52,525,Ġare, are
confirmation,exp12_config_command_07,config_command,paraphrase,0,ISSUE_END,3,68,-51,2176,Ġboth, both
confirmation,exp12_config_command_07,config_command,paraphrase,0,ISSUE_END,4,69,-50,2500,Ġavailable, available
confirmation,exp12_config_command_07,config_command,paraphrase,0,ISSUE_END,5,70,-49,382,.ĊĊ,".

"
confirmation,exp12_config_command_07,config_command,paraphrase,0,DETAIL_END,0,76,-43,23497,Ġfocuses, focuses
confirmation,exp12_config_command_07,config_command,paraphrase,0,DETAIL_END,1,77,-42,389,Ġon, on
confirmation,exp12_config_command_07,config_command,paraphrase,0,DETAIL_END,2,78,-41,1565,Ġ`, `
confirmation,exp12_config_command_07,config_command,paraphrase,0,DETAIL_END,3,79,-40,6681,send,send
confirmation,exp12_config_command_07,config_command,paraphrase,0,DETAIL_END,4,80,-39,21078,_packet,_packet
confirmation,exp12_config_command_07,config_command,paraphrase,0,DETAIL_END,5,81,-38,62338,`.ĊĊ,"`.

"
confirmation,exp12_config_command_07,config_command,paraphrase,0,ACTION0_END,0,90,-29,1676,config,config
confirmation,exp12_config_command_07,config_command,paraphrase,0,ACTION0_END,1,91,-28,14,/,/
confirmation,exp12_config_command_07,config_command,paraphrase,0,ACTION0_END,2,92,-27,26445,transport,transport
confirmation,exp12_config_command_07,config_command,paraphrase,0,ACTION0_END,3,93,-26,73494,.tom,.tom
confirmation,exp12_config_command_07,config_command,paraphrase,0,ACTION0_END,4,94,-25,75,l,l
confirmation,exp12_config_command_07,config_command,paraphrase,0,ACTION0_END,5,95,-24,1138,""")Ċ",""")
"
confirmation,exp12_config_command_07,config_command,paraphrase,0,ACTION1_END,0,101,-18,481,Ġ-, -
confirmation,exp12_config_command_07,config_command,paraphrase,0,ACTION1_END,1,102,-17,76,m,m
confirmation,exp12_config_command_07,config_command,paraphrase,0,ACTION1_END,2,103,-16,906,Ġapp, app
confirmation,exp12_config_command_07,config_command,paraphrase,0,ACTION1_END,3,104,-15,58254,.inspect,.inspect
confirmation,exp12_config_command_07,config_command,paraphrase,0,ACTION1_END,4,105,-14,73965,_formatter,_formatter
confirmation,exp12_config_command_07,config_command,paraphrase,0,ACTION1_END,5,106,-13,5130,""")ĊĊ",""")

"
confirmation,exp12_config_command_07,config_command,paraphrase,0,FINAL_INSTRUCTION_END,0,108,-11,279,Ġthe, the
confirmation,exp12_config_command_07,config_command,paraphrase,0,FINAL_INSTRUCTION_END,1,109,-10,3175,Ġsingle, single
confirmation,exp12_config_command_07,config_command,paraphrase,0,FINAL_INSTRUCTION_END,2,110,-9,1790,Ġnext, next
confirmation,exp12_config_command_07,config_command,paraphrase,0,FINAL_INSTRUCTION_END,3,111,-8,1917,Ġaction, action
confirmation,exp12_config_command_07,config_command,paraphrase,0,FINAL_INSTRUCTION_END,4,112,-7,1431,Ġnow, now
confirmation,exp12_config_command_07,config_command,paraphrase,0,FINAL_INSTRUCTION_END,5,113,-6,13,.,.
confirmation,exp12_config_command_07,config_command,paraphrase,0,USER_END,0,109,-10,3175,Ġsingle, single
confirmation,exp12_config_command_07,config_command,paraphrase,0,USER_END,1,110,-9,1790,Ġnext, next
confirmation,exp12_config_command_07,config_command,paraphrase,0,USER_END,2,111,-8,1917,Ġaction, action
confirmation,exp12_config_command_07,config_command,paraphrase,0,USER_END,3,112,-7,1431,Ġnow, now
confirmation,exp12_config_command_07,config_command,paraphrase,0,USER_END,4,113,-6,13,.,.
confirmation,exp12_config_command_07,config_command,paraphrase,0,USER_END,5,114,-5,151645,<|im_end|>,<|im_end|>
confirmation,exp12_config_command_07,config_command,paraphrase,0,GENERATION_BOUNDARY,0,113,-6,13,.,.
confirmation,exp12_config_command_07,config_command,paraphrase,0,GENERATION_BOUNDARY,1,114,-5,151645,<|im_end|>,<|im_end|>
confirmation,exp12_config_command_07,config_command,paraphrase,0,GENERATION_BOUNDARY,2,115,-4,198,Ċ,"
"
confirmation,exp12_config_command_07,config_command,paraphrase,0,GENERATION_BOUNDARY,3,116,-3,151644,<|im_start|>,<|im_start|>
confirmation,exp12_config_command_07,config_command,paraphrase,0,GENERATION_BOUNDARY,4,117,-2,77091,assistant,assistant
confirmation,exp12_config_command_07,config_command,paraphrase,0,GENERATION_BOUNDARY,5,118,-1,198,Ċ,"
"
confirmation,exp12_config_command_07,config_command,canonical,1,SKILL_END,0,26,-96,1156,Ġfirst, first
confirmation,exp12_config_command_07,config_command,canonical,1,SKILL_END,1,27,-95,11,",",","
confirmation,exp12_config_command_07,config_command,canonical,1,SKILL_END,2,28,-94,1221,Ġthen, then
confirmation,exp12_config_command_07,config_command,canonical,1,SKILL_END,3,29,-93,24085,Ġinspect, inspect
confirmation,exp12_config_command_07,config_command,canonical,1,SKILL_END,4,30,-92,6546,Ġconfiguration, configuration
confirmation,exp12_config_command_07,config_command,canonical,1,SKILL_END,5,31,-91,382,.ĊĊ,".

"
confirmation,exp12_config_command_07,config_command,canonical,1,SYSTEM_END,0,38,-84,29130,Ġdeciding, deciding
confirmation,exp12_config_command_07,config_command,canonical,1,SYSTEM_END,1,39,-83,279,Ġthe, the
confirmation,exp12_config_command_07,config_command,canonical,1,SYSTEM_END,2,40,-82,1156,Ġfirst, first
confirmation,exp12_config_command_07,config_command,canonical,1,SYSTEM_END,3,41,-81,1917,Ġaction, action
confirmation,exp12_config_command_07,config_command,canonical,1,SYSTEM_END,4,42,-80,13,.,.
confirmation,exp12_config_command_07,config_command,canonical,1,SYSTEM_END,5,43,-79,151645,<|im_end|>,<|im_end|>
confirmation,exp12_config_command_07,config_command,canonical,1,ISSUE_END,0,68,-54,15089,Ġdiagnostic, diagnostic
confirmation,exp12_config_command_07,config_command,canonical,1,ISSUE_END,1,69,-53,3210,Ġcommand, command
confirmation,exp12_config_command_07,config_command,canonical,1,ISSUE_END,2,70,-52,525,Ġare, are
confirmation,exp12_config_command_07,config_command,canonical,1,ISSUE_END,3,71,-51,2176,Ġboth, both
confirmation,exp12_config_command_07,config_command,canonical,1,ISSUE_END,4,72,-50,2500,Ġavailable, available
confirmation,exp12_config_command_07,config_command,canonical,1,ISSUE_END,5,73,-49,382,.ĊĊ,".

"
confirmation,exp12_config_command_07,config_command,canonical,1,DETAIL_END,0,79,-43,23497,Ġfocuses, focuses
confirmation,exp12_config_command_07,config_command,canonical,1,DETAIL_END,1,80,-42,389,Ġon, on
confirmation,exp12_config_command_07,config_command,canonical,1,DETAIL_END,2,81,-41,1565,Ġ`, `
confirmation,exp12_config_command_07,config_command,canonical,1,DETAIL_END,3,82,-40,6681,send,send
confirmation,exp12_config_command_07,config_command,canonical,1,DETAIL_END,4,83,-39,21078,_packet,_packet
confirmation,exp12_config_command_07,config_command,canonical,1,DETAIL_END,5,84,-38,62338,`.ĊĊ,"`.

"
confirmation,exp12_config_command_07,config_command,canonical,1,ACTION0_END,0,93,-29,1676,config,config
confirmation,exp12_config_command_07,config_command,canonical,1,ACTION0_END,1,94,-28,14,/,/
confirmation,exp12_config_command_07,config_command,canonical,1,ACTION0_END,2,95,-27,26445,transport,transport
confirmation,exp12_config_command_07,config_command,canonical,1,ACTION0_END,3,96,-26,73494,.tom,.tom
confirmation,exp12_config_command_07,config_command,canonical,1,ACTION0_END,4,97,-25,75,l,l
confirmation,exp12_config_command_07,config_command,canonical,1,ACTION0_END,5,98,-24,1138,""")Ċ",""")
"
confirmation,exp12_config_command_07,config_command,canonical,1,ACTION1_END,0,104,-18,481,Ġ-, -
confirmation,exp12_config_command_07,config_command,canonical,1,ACTION1_END,1,105,-17,76,m,m
confirmation,exp12_config_command_07,config_command,canonical,1,ACTION1_END,2,106,-16,906,Ġapp, app
confirmation,exp12_config_command_07,config_command,canonical,1,ACTION1_END,3,107,-15,58254,.inspect,.inspect
confirmation,exp12_config_command_07,config_command,canonical,1,ACTION1_END,4,108,-14,73965,_formatter,_formatter
confirmation,exp12_config_command_07,config_command,canonical,1,ACTION1_END,5,109,-13,5130,""")ĊĊ",""")

"
confirmation,exp12_config_command_07,config_command,canonical,1,FINAL_INSTRUCTION_END,0,111,-11,279,Ġthe, the
confirmation,exp12_config_command_07,config_command,canonical,1,FINAL_INSTRUCTION_END,1,112,-10,3175,Ġsingle, single
confirmation,exp12_config_command_07,config_command,canonical,1,FINAL_INSTRUCTION_END,2,113,-9,1790,Ġnext, next
confirmation,exp12_config_command_07,config_command,canonical,1,FINAL_INSTRUCTION_END,3,114,-8,1917,Ġaction, action
confirmation,exp12_config_command_07,config_command,canonical,1,FINAL_INSTRUCTION_END,4,115,-7,1431,Ġnow, now
confirmation,exp12_config_command_07,config_command,canonical,1,FINAL_INSTRUCTION_END,5,116,-6,13,.,.
confirmation,exp12_config_command_07,config_command,canonical,1,USER_END,0,112,-10,3175,Ġsingle, single
confirmation,exp12_config_command_07,config_command,canonical,1,USER_END,1,113,-9,1790,Ġnext, next
confirmation,exp12_config_command_07,config_command,canonical,1,USER_END,2,114,-8,1917,Ġaction, action
confirmation,exp12_config_command_07,config_command,canonical,1,USER_END,3,115,-7,1431,Ġnow, now
confirmation,exp12_config_command_07,config_command,canonical,1,USER_END,4,116,-6,13,.,.
confirmation,exp12_config_command_07,config_command,canonical,1,USER_END,5,117,-5,151645,<|im_end|>,<|im_end|>
confirmation,exp12_config_command_07,config_command,canonical,1,GENERATION_BOUNDARY,0,116,-6,13,.,.
confirmation,exp12_config_command_07,config_command,canonical,1,GENERATION_BOUNDARY,1,117,-5,151645,<|im_end|>,<|im_end|>
confirmation,exp12_config_command_07,config_command,canonical,1,GENERATION_BOUNDARY,2,118,-4,198,Ċ,"
"
confirmation,exp12_config_command_07,config_command,canonical,1,GENERATION_BOUNDARY,3,119,-3,151644,<|im_start|>,<|im_start|>
confirmation,exp12_config_command_07,config_command,canonical,1,GENERATION_BOUNDARY,4,120,-2,77091,assistant,assistant
confirmation,exp12_config_command_07,config_command,canonical,1,GENERATION_BOUNDARY,5,121,-1,198,Ċ,"
"
confirmation,exp12_config_command_07,config_command,paraphrase,1,SKILL_END,0,26,-96,3019,Ġstep, step
confirmation,exp12_config_command_07,config_command,paraphrase,1,SKILL_END,1,27,-95,323,Ġand, and
confirmation,exp12_config_command_07,config_command,paraphrase,1,SKILL_END,2,28,-94,3395,Ġreview, review
confirmation,exp12_config_command_07,config_command,paraphrase,1,SKILL_END,3,29,-93,6546,Ġconfiguration, configuration
confirmation,exp12_config_command_07,config_command,paraphrase,1,SKILL_END,4,30,-92,47943,Ġafterward, afterward
confirmation,exp12_config_command_07,config_command,paraphrase,1,SKILL_END,5,31,-91,382,.ĊĊ,".

"
confirmation,exp12_config_command_07,config_command,paraphrase,1,SYSTEM_END,0,38,-84,29130,Ġdeciding, deciding
confirmation,exp12_config_command_07,config_command,paraphrase,1,SYSTEM_END,1,39,-83,279,Ġthe, the
confirmation,exp12_config_command_07,config_command,paraphrase,1,SYSTEM_END,2,40,-82,1156,Ġfirst, first
confirmation,exp12_config_command_07,config_command,paraphrase,1,SYSTEM_END,3,41,-81,1917,Ġaction, action
confirmation,exp12_config_command_07,config_command,paraphrase,1,SYSTEM_END,4,42,-80,13,.,.
confirmation,exp12_config_command_07,config_command,paraphrase,1,SYSTEM_END,5,43,-79,151645,<|im_end|>,<|im_end|>
confirmation,exp12_config_command_07,config_command,paraphrase,1,ISSUE_END,0,68,-54,15089,Ġdiagnostic, diagnostic
confirmation,exp12_config_command_07,config_command,paraphrase,1,ISSUE_END,1,69,-53,3210,Ġcommand, command
confirmation,exp12_config_command_07,config_command,paraphrase,1,ISSUE_END,2,70,-52,525,Ġare, are
confirmation,exp12_config_command_07,config_command,paraphrase,1,ISSUE_END,3,71,-51,2176,Ġboth, both
confirmation,exp12_config_command_07,config_command,paraphrase,1,ISSUE_END,4,72,-50,2500,Ġavailable, available
confirmation,exp12_config_command_07,config_command,paraphrase,1,ISSUE_END,5,73,-49,382,.ĊĊ,".

"
confirmation,exp12_config_command_07,config_command,paraphrase,1,DETAIL_END,0,79,-43,23497,Ġfocuses, focuses
confirmation,exp12_config_command_07,config_command,paraphrase,1,DETAIL_END,1,80,-42,389,Ġon, on
confirmation,exp12_config_command_07,config_command,paraphrase,1,DETAIL_END,2,81,-41,1565,Ġ`, `
confirmation,exp12_config_command_07,config_command,paraphrase,1,DETAIL_END,3,82,-40,6681,send,send
confirmation,exp12_config_command_07,config_command,paraphrase,1,DETAIL_END,4,83,-39,21078,_packet,_packet
confirmation,exp12_config_command_07,config_command,paraphrase,1,DETAIL_END,5,84,-38,62338,`.ĊĊ,"`.

"
confirmation,exp12_config_command_07,config_command,paraphrase,1,ACTION0_END,0,93,-29,1676,config,config
confirmation,exp12_config_command_07,config_command,paraphrase,1,ACTION0_END,1,94,-28,14,/,/
confirmation,exp12_config_command_07,config_command,paraphrase,1,ACTION0_END,2,95,-27,26445,transport,transport
confirmation,exp12_config_command_07,config_command,paraphrase,1,ACTION0_END,3,96,-26,73494,.tom,.tom
confirmation,exp12_config_command_07,config_command,paraphrase,1,ACTION0_END,4,97,-25,75,l,l
confirmation,exp12_config_command_07,config_command,paraphrase,1,ACTION0_END,5,98,-24,1138,""")Ċ",""")
"
confirmation,exp12_config_command_07,config_command,paraphrase,1,ACTION1_END,0,104,-18,481,Ġ-, -
confirmation,exp12_config_command_07,config_command,paraphrase,1,ACTION1_END,1,105,-17,76,m,m
confirmation,exp12_config_command_07,config_command,paraphrase,1,ACTION1_END,2,106,-16,906,Ġapp, app
confirmation,exp12_config_command_07,config_command,paraphrase,1,ACTION1_END,3,107,-15,58254,.inspect,.inspect
confirmation,exp12_config_command_07,config_command,paraphrase,1,ACTION1_END,4,108,-14,73965,_formatter,_formatter
confirmation,exp12_config_command_07,config_command,paraphrase,1,ACTION1_END,5,109,-13,5130,""")ĊĊ",""")

"
confirmation,exp12_config_command_07,config_command,paraphrase,1,FINAL_INSTRUCTION_END,0,111,-11,279,Ġthe, the
confirmation,exp12_config_command_07,config_command,paraphrase,1,FINAL_INSTRUCTION_END,1,112,-10,3175,Ġsingle, single
confirmation,exp12_config_command_07,config_command,paraphrase,1,FINAL_INSTRUCTION_END,2,113,-9,1790,Ġnext, next
confirmation,exp12_config_command_07,config_command,paraphrase,1,FINAL_INSTRUCTION_END,3,114,-8,1917,Ġaction, action
confirmation,exp12_config_command_07,config_command,paraphrase,1,FINAL_INSTRUCTION_END,4,115,-7,1431,Ġnow, now
confirmation,exp12_config_command_07,config_command,paraphrase,1,FINAL_INSTRUCTION_END,5,116,-6,13,.,.
confirmation,exp12_config_command_07,config_command,paraphrase,1,USER_END,0,112,-10,3175,Ġsingle, single
confirmation,exp12_config_command_07,config_command,paraphrase,1,USER_END,1,113,-9,1790,Ġnext, next
confirmation,exp12_config_command_07,config_command,paraphrase,1,USER_END,2,114,-8,1917,Ġaction, action
confirmation,exp12_config_command_07,config_command,paraphrase,1,USER_END,3,115,-7,1431,Ġnow, now
confirmation,exp12_config_command_07,config_command,paraphrase,1,USER_END,4,116,-6,13,.,.
confirmation,exp12_config_command_07,config_command,paraphrase,1,USER_END,5,117,-5,151645,<|im_end|>,<|im_end|>
confirmation,exp12_config_command_07,config_command,paraphrase,1,GENERATION_BOUNDARY,0,116,-6,13,.,.
confirmation,exp12_config_command_07,config_command,paraphrase,1,GENERATION_BOUNDARY,1,117,-5,151645,<|im_end|>,<|im_end|>
confirmation,exp12_config_command_07,config_command,paraphrase,1,GENERATION_BOUNDARY,2,118,-4,198,Ċ,"
"
confirmation,exp12_config_command_07,config_command,paraphrase,1,GENERATION_BOUNDARY,3,119,-3,151644,<|im_start|>,<|im_start|>
confirmation,exp12_config_command_07,config_command,paraphrase,1,GENERATION_BOUNDARY,4,120,-2,77091,assistant,assistant
confirmation,exp12_config_command_07,config_command,paraphrase,1,GENERATION_BOUNDARY,5,121,-1,198,Ċ,"
"
confirmation,exp12_config_command_13,config_command,canonical,0,SKILL_END,0,28,-96,1221,Ġthen, then
confirmation,exp12_config_command_13,config_command,canonical,0,SKILL_END,1,29,-95,1598,Ġrun, run
confirmation,exp12_config_command_13,config_command,canonical,0,SKILL_END,2,30,-94,894,Ġany, any
confirmation,exp12_config_command_13,config_command,canonical,0,SKILL_END,3,31,-93,15089,Ġdiagnostic, diagnostic
confirmation,exp12_config_command_13,config_command,canonical,0,SKILL_END,4,32,-92,3210,Ġcommand, command
confirmation,exp12_config_command_13,config_command,canonical,0,SKILL_END,5,33,-91,382,.ĊĊ,".

"
confirmation,exp12_config_command_13,config_command,canonical,0,SYSTEM_END,0,40,-84,29130,Ġdeciding, deciding
confirmation,exp12_config_command_13,config_command,canonical,0,SYSTEM_END,1,41,-83,279,Ġthe, the
confirmation,exp12_config_command_13,config_command,canonical,0,SYSTEM_END,2,42,-82,1156,Ġfirst, first
confirmation,exp12_config_command_13,config_command,canonical,0,SYSTEM_END,3,43,-81,1917,Ġaction, action
confirmation,exp12_config_command_13,config_command,canonical,0,SYSTEM_END,4,44,-80,13,.,.
confirmation,exp12_config_command_13,config_command,canonical,0,SYSTEM_END,5,45,-79,151645,<|im_end|>,<|im_end|>
confirmation,exp12_config_command_13,config_command,canonical,0,ISSUE_END,0,70,-54,15089,Ġdiagnostic, diagnostic
confirmation,exp12_config_command_13,config_command,canonical,0,ISSUE_END,1,71,-53,3210,Ġcommand, command
confirmation,exp12_config_command_13,config_command,canonical,0,ISSUE_END,2,72,-52,525,Ġare, are
confirmation,exp12_config_command_13,config_command,canonical,0,ISSUE_END,3,73,-51,2176,Ġboth, both
confirmation,exp12_config_command_13,config_command,canonical,0,ISSUE_END,4,74,-50,2500,Ġavailable, available
confirmation,exp12_config_command_13,config_command,canonical,0,ISSUE_END,5,75,-49,382,.ĊĊ,".

"
confirmation,exp12_config_command_13,config_command,canonical,0,DETAIL_END,0,81,-43,23497,Ġfocuses, focuses
confirmation,exp12_config_command_13,config_command,canonical,0,DETAIL_END,1,82,-42,389,Ġon, on
confirmation,exp12_config_command_13,config_command,canonical,0,DETAIL_END,2,83,-41,1565,Ġ`, `
confirmation,exp12_config_command_13,config_command,canonical,0,DETAIL_END,3,84,-40,2028,check,check
confirmation,exp12_config_command_13,config_command,canonical,0,DETAIL_END,4,85,-39,45727,_health,_health
confirmation,exp12_config_command_13,config_command,canonical,0,DETAIL_END,5,86,-38,62338,`.ĊĊ,"`.

"
confirmation,exp12_config_command_13,config_command,canonical,0,ACTION0_END,0,95,-29,1676,config,config
confirmation,exp12_config_command_13,config_command,canonical,0,ACTION0_END,1,96,-28,14,/,/
confirmation,exp12_config_command_13,config_command,canonical,0,ACTION0_END,2,97,-27,32225,monitor,monitor
confirmation,exp12_config_command_13,config_command,canonical,0,ACTION0_END,3,98,-26,73494,.tom,.tom
confirmation,exp12_config_command_13,config_command,canonical,0,ACTION0_END,4,99,-25,75,l,l
confirmation,exp12_config_command_13,config_command,canonical,0,ACTION0_END,5,100,-24,1138,""")Ċ",""")
"
confirmation,exp12_config_command_13,config_command,canonical,0,ACTION1_END,0,106,-18,481,Ġ-, -
confirmation,exp12_config_command_13,config_command,canonical,0,ACTION1_END,1,107,-17,76,m,m
confirmation,exp12_config_command_13,config_command,canonical,0,ACTION1_END,2,108,-16,906,Ġapp, app
confirmation,exp12_config_command_13,config_command,canonical,0,ACTION1_END,3,109,-15,9093,.check,.check
confirmation,exp12_config_command_13,config_command,canonical,0,ACTION1_END,4,110,-14,43682,_adapter,_adapter
confirmation,exp12_config_command_13,config_command,canonical,0,ACTION1_END,5,111,-13,5130,""")ĊĊ",""")

"
confirmation,exp12_config_command_13,config_command,canonical,0,FINAL_INSTRUCTION_END,0,113,-11,279,Ġthe, the
confirmation,exp12_config_command_13,config_command,canonical,0,FINAL_INSTRUCTION_END,1,114,-10,3175,Ġsingle, single
confirmation,exp12_config_command_13,config_command,canonical,0,FINAL_INSTRUCTION_END,2,115,-9,1790,Ġnext, next
confirmation,exp12_config_command_13,config_command,canonical,0,FINAL_INSTRUCTION_END,3,116,-8,1917,Ġaction, action
confirmation,exp12_config_command_13,config_command,canonical,0,FINAL_INSTRUCTION_END,4,117,-7,1431,Ġnow, now
confirmation,exp12_config_command_13,config_command,canonical,0,FINAL_INSTRUCTION_END,5,118,-6,13,.,.
confirmation,exp12_config_command_13,config_command,canonical,0,USER_END,0,114,-10,3175,Ġsingle, single
confirmation,exp12_config_command_13,config_command,canonical,0,USER_END,1,115,-9,1790,Ġnext, next
confirmation,exp12_config_command_13,config_command,canonical,0,USER_END,2,116,-8,1917,Ġaction, action
confirmation,exp12_config_command_13,config_command,canonical,0,USER_END,3,117,-7,1431,Ġnow, now
confirmation,exp12_config_command_13,config_command,canonical,0,USER_END,4,118,-6,13,.,.
confirmation,exp12_config_command_13,config_command,canonical,0,USER_END,5,119,-5,151645,<|im_end|>,<|im_end|>
confirmation,exp12_config_command_13,config_command,canonical,0,GENERATION_BOUNDARY,0,118,-6,13,.,.
confirmation,exp12_config_command_13,config_command,canonical,0,GENERATION_BOUNDARY,1,119,-5,151645,<|im_end|>,<|im_end|>
confirmation,exp12_config_command_13,config_command,canonical,0,GENERATION_BOUNDARY,2,120,-4,198,Ċ,"
"
confirmation,exp12_config_command_13,config_command,canonical,0,GENERATION_BOUNDARY,3,121,-3,151644,<|im_start|>,<|im_start|>
confirmation,exp12_config_command_13,config_command,canonical,0,GENERATION_BOUNDARY,4,122,-2,77091,assistant,assistant
confirmation,exp12_config_command_13,config_command,canonical,0,GENERATION_BOUNDARY,5,123,-1,198,Ċ,"
"
confirmation,exp12_config_command_13,config_command,paraphrase,0,SKILL_END,0,23,-96,1573,Ġbefore, before
confirmation,exp12_config_command_13,config_command,paraphrase,0,SKILL_END,1,24,-95,30220,Ġexecuting, executing
confirmation,exp12_config_command_13,config_command,paraphrase,0,SKILL_END,2,25,-94,279,Ġthe, the
confirmation,exp12_config_command_13,config_command,paraphrase,0,SKILL_END,3,26,-93,15089,Ġdiagnostic, diagnostic
confirmation,exp12_config_command_13,config_command,paraphrase,0,SKILL_END,4,27,-92,3210,Ġcommand, command
confirmation,exp12_config_command_13,config_command,paraphrase,0,SKILL_END,5,28,-91,382,.ĊĊ,".

"
confirmation,exp12_config_command_13,config_command,paraphrase,0,SYSTEM_END,0,35,-84,29130,Ġdeciding, deciding
confirmation,exp12_config_command_13,config_command,paraphrase,0,SYSTEM_END,1,36,-83,279,Ġthe, the
confirmation,exp12_config_command_13,config_command,paraphrase,0,SYSTEM_END,2,37,-82,1156,Ġfirst, first
confirmation,exp12_config_command_13,config_command,paraphrase,0,SYSTEM_END,3,38,-81,1917,Ġaction, action
confirmation,exp12_config_command_13,config_command,paraphrase,0,SYSTEM_END,4,39,-80,13,.,.
confirmation,exp12_config_command_13,config_command,paraphrase,0,SYSTEM_END,5,40,-79,151645,<|im_end|>,<|im_end|>
confirmation,exp12_config_command_13,config_command,paraphrase,0,ISSUE_END,0,65,-54,15089,Ġdiagnostic, diagnostic
confirmation,exp12_config_command_13,config_command,paraphrase,0,ISSUE_END,1,66,-53,3210,Ġcommand, command
confirmation,exp12_config_command_13,config_command,paraphrase,0,ISSUE_END,2,67,-52,525,Ġare, are
confirmation,exp12_config_command_13,config_command,paraphrase,0,ISSUE_END,3,68,-51,2176,Ġboth, both
confirmation,exp12_config_command_13,config_command,paraphrase,0,ISSUE_END,4,69,-50,2500,Ġavailable, available
confirmation,exp12_config_command_13,config_command,paraphrase,0,ISSUE_END,5,70,-49,382,.ĊĊ,".

"
confirmation,exp12_config_command_13,config_command,paraphrase,0,DETAIL_END,0,76,-43,23497,Ġfocuses, focuses
confirmation,exp12_config_command_13,config_command,paraphrase,0,DETAIL_END,1,77,-42,389,Ġon, on
confirmation,exp12_config_command_13,config_command,paraphrase,0,DETAIL_END,2,78,-41,1565,Ġ`, `
confirmation,exp12_config_command_13,config_command,paraphrase,0,DETAIL_END,3,79,-40,2028,check,check
confirmation,exp12_config_command_13,config_command,paraphrase,0,DETAIL_END,4,80,-39,45727,_health,_health
confirmation,exp12_config_command_13,config_command,paraphrase,0,DETAIL_END,5,81,-38,62338,`.ĊĊ,"`.

"
confirmation,exp12_config_command_13,config_command,paraphrase,0,ACTION0_END,0,90,-29,1676,config,config
confirmation,exp12_config_command_13,config_command,paraphrase,0,ACTION0_END,1,91,-28,14,/,/
confirmation,exp12_config_command_13,config_command,paraphrase,0,ACTION0_END,2,92,-27,32225,monitor,monitor
confirmation,exp12_config_command_13,config_command,paraphrase,0,ACTION0_END,3,93,-26,73494,.tom,.tom
confirmation,exp12_config_command_13,config_command,paraphrase,0,ACTION0_END,4,94,-25,75,l,l
confirmation,exp12_config_command_13,config_command,paraphrase,0,ACTION0_END,5,95,-24,1138,""")Ċ",""")
"
confirmation,exp12_config_command_13,config_command,paraphrase,0,ACTION1_END,0,101,-18,481,Ġ-, -
confirmation,exp12_config_command_13,config_command,paraphrase,0,ACTION1_END,1,102,-17,76,m,m
confirmation,exp12_config_command_13,config_command,paraphrase,0,ACTION1_END,2,103,-16,906,Ġapp, app
confirmation,exp12_config_command_13,config_command,paraphrase,0,ACTION1_END,3,104,-15,9093,.check,.check
confirmation,exp12_config_command_13,config_command,paraphrase,0,ACTION1_END,4,105,-14,43682,_adapter,_adapter
confirmation,exp12_config_command_13,config_command,paraphrase,0,ACTION1_END,5,106,-13,5130,""")ĊĊ",""")

"
confirmation,exp12_config_command_13,config_command,paraphrase,0,FINAL_INSTRUCTION_END,0,108,-11,279,Ġthe, the
confirmation,exp12_config_command_13,config_command,paraphrase,0,FINAL_INSTRUCTION_END,1,109,-10,3175,Ġsingle, single
confirmation,exp12_config_command_13,config_command,paraphrase,0,FINAL_INSTRUCTION_END,2,110,-9,1790,Ġnext, next
confirmation,exp12_config_command_13,config_command,paraphrase,0,FINAL_INSTRUCTION_END,3,111,-8,1917,Ġaction, action
confirmation,exp12_config_command_13,config_command,paraphrase,0,FINAL_INSTRUCTION_END,4,112,-7,1431,Ġnow, now
confirmation,exp12_config_command_13,config_command,paraphrase,0,FINAL_INSTRUCTION_END,5,113,-6,13,.,.
confirmation,exp12_config_command_13,config_command,paraphrase,0,USER_END,0,109,-10,3175,Ġsingle, single
confirmation,exp12_config_command_13,config_command,paraphrase,0,USER_END,1,110,-9,1790,Ġnext, next
confirmation,exp12_config_command_13,config_command,paraphrase,0,USER_END,2,111,-8,1917,Ġaction, action
confirmation,exp12_config_command_13,config_command,paraphrase,0,USER_END,3,112,-7,1431,Ġnow, now
confirmation,exp12_config_command_13,config_command,paraphrase,0,USER_END,4,113,-6,13,.,.
confirmation,exp12_config_command_13,config_command,paraphrase,0,USER_END,5,114,-5,151645,<|im_end|>,<|im_end|>
confirmation,exp12_config_command_13,config_command,paraphrase,0,GENERATION_BOUNDARY,0,113,-6,13,.,.
confirmation,exp12_config_command_13,config_command,paraphrase,0,GENERATION_BOUNDARY,1,114,-5,151645,<|im_end|>,<|im_end|>
confirmation,exp12_config_command_13,config_command,paraphrase,0,GENERATION_BOUNDARY,2,115,-4,198,Ċ,"
"
confirmation,exp12_config_command_13,config_command,paraphrase,0,GENERATION_BOUNDARY,3,116,-3,151644,<|im_start|>,<|im_start|>
confirmation,exp12_config_command_13,config_command,paraphrase,0,GENERATION_BOUNDARY,4,117,-2,77091,assistant,assistant
confirmation,exp12_config_command_13,config_command,paraphrase,0,GENERATION_BOUNDARY,5,118,-1,198,Ċ,"
"
confirmation,exp12_config_command_13,config_command,canonical,1,SKILL_END,0,26,-96,1156,Ġfirst, first
confirmation,exp12_config_command_13,config_command,canonical,1,SKILL_END,1,27,-95,11,",",","
confirmation,exp12_config_command_13,config_command,canonical,1,SKILL_END,2,28,-94,1221,Ġthen, then
confirmation,exp12_config_command_13,config_command,canonical,1,SKILL_END,3,29,-93,24085,Ġinspect, inspect
confirmation,exp12_config_command_13,config_command,canonical,1,SKILL_END,4,30,-92,6546,Ġconfiguration, configuration
confirmation,exp12_config_command_13,config_command,canonical,1,SKILL_END,5,31,-91,382,.ĊĊ,".

"
confirmation,exp12_config_command_13,config_command,canonical,1,SYSTEM_END,0,38,-84,29130,Ġdeciding, deciding
confirmation,exp12_config_command_13,config_command,canonical,1,SYSTEM_END,1,39,-83,279,Ġthe, the
confirmation,exp12_config_command_13,config_command,canonical,1,SYSTEM_END,2,40,-82,1156,Ġfirst, first
confirmation,exp12_config_command_13,config_command,canonical,1,SYSTEM_END,3,41,-81,1917,Ġaction, action
confirmation,exp12_config_command_13,config_command,canonical,1,SYSTEM_END,4,42,-80,13,.,.
confirmation,exp12_config_command_13,config_command,canonical,1,SYSTEM_END,5,43,-79,151645,<|im_end|>,<|im_end|>
confirmation,exp12_config_command_13,config_command,canonical,1,ISSUE_END,0,68,-54,15089,Ġdiagnostic, diagnostic
confirmation,exp12_config_command_13,config_command,canonical,1,ISSUE_END,1,69,-53,3210,Ġcommand, command
confirmation,exp12_config_command_13,config_command,canonical,1,ISSUE_END,2,70,-52,525,Ġare, are
confirmation,exp12_config_command_13,config_command,canonical,1,ISSUE_END,3,71,-51,2176,Ġboth, both
confirmation,exp12_config_command_13,config_command,canonical,1,ISSUE_END,4,72,-50,2500,Ġavailable, available
confirmation,exp12_config_command_13,config_command,canonical,1,ISSUE_END,5,73,-49,382,.ĊĊ,".

"
confirmation,exp12_config_command_13,config_command,canonical,1,DETAIL_END,0,79,-43,23497,Ġfocuses, focuses
confirmation,exp12_config_command_13,config_command,canonical,1,DETAIL_END,1,80,-42,389,Ġon, on
confirmation,exp12_config_command_13,config_command,canonical,1,DETAIL_END,2,81,-41,1565,Ġ`, `
confirmation,exp12_config_command_13,config_command,canonical,1,DETAIL_END,3,82,-40,2028,check,check
confirmation,exp12_config_command_13,config_command,canonical,1,DETAIL_END,4,83,-39,45727,_health,_health
confirmation,exp12_config_command_13,config_command,canonical,1,DETAIL_END,5,84,-38,62338,`.ĊĊ,"`.

"
confirmation,exp12_config_command_13,config_command,canonical,1,ACTION0_END,0,93,-29,1676,config,config
confirmation,exp12_config_command_13,config_command,canonical,1,ACTION0_END,1,94,-28,14,/,/
confirmation,exp12_config_command_13,config_command,canonical,1,ACTION0_END,2,95,-27,32225,monitor,monitor
confirmation,exp12_config_command_13,config_command,canonical,1,ACTION0_END,3,96,-26,73494,.tom,.tom
confirmation,exp12_config_command_13,config_command,canonical,1,ACTION0_END,4,97,-25,75,l,l
confirmation,exp12_config_command_13,config_command,canonical,1,ACTION0_END,5,98,-24,1138,""")Ċ",""")
"
confirmation,exp12_config_command_13,config_command,canonical,1,ACTION1_END,0,104,-18,481,Ġ-, -
confirmation,exp12_config_command_13,config_command,canonical,1,ACTION1_END,1,105,-17,76,m,m
confirmation,exp12_config_command_13,config_command,canonical,1,ACTION1_END,2,106,-16,906,Ġapp, app
confirmation,exp12_config_command_13,config_command,canonical,1,ACTION1_END,3,107,-15,9093,.check,.check
confirmation,exp12_config_command_13,config_command,canonical,1,ACTION1_END,4,108,-14,43682,_adapter,_adapter
confirmation,exp12_config_command_13,config_command,canonical,1,ACTION1_END,5,109,-13,5130,""")ĊĊ",""")

"
confirmation,exp12_config_command_13,config_command,canonical,1,FINAL_INSTRUCTION_END,0,111,-11,279,Ġthe, the
confirmation,exp12_config_command_13,config_command,canonical,1,FINAL_INSTRUCTION_END,1,112,-10,3175,Ġsingle, single
confirmation,exp12_config_command_13,config_command,canonical,1,FINAL_INSTRUCTION_END,2,113,-9,1790,Ġnext, next
confirmation,exp12_config_command_13,config_command,canonical,1,FINAL_INSTRUCTION_END,3,114,-8,1917,Ġaction, action
confirmation,exp12_config_command_13,config_command,canonical,1,FINAL_INSTRUCTION_END,4,115,-7,1431,Ġnow, now
confirmation,exp12_config_command_13,config_command,canonical,1,FINAL_INSTRUCTION_END,5,116,-6,13,.,.
confirmation,exp12_config_command_13,config_command,canonical,1,USER_END,0,112,-10,3175,Ġsingle, single
confirmation,exp12_config_command_13,config_command,canonical,1,USER_END,1,113,-9,1790,Ġnext, next
confirmation,exp12_config_command_13,config_command,canonical,1,USER_END,2,114,-8,1917,Ġaction, action
confirmation,exp12_config_command_13,config_command,canonical,1,USER_END,3,115,-7,1431,Ġnow, now
confirmation,exp12_config_command_13,config_command,canonical,1,USER_END,4,116,-6,13,.,.
confirmation,exp12_config_command_13,config_command,canonical,1,USER_END,5,117,-5,151645,<|im_end|>,<|im_end|>
confirmation,exp12_config_command_13,config_command,canonical,1,GENERATION_BOUNDARY,0,116,-6,13,.,.
confirmation,exp12_config_command_13,config_command,canonical,1,GENERATION_BOUNDARY,1,117,-5,151645,<|im_end|>,<|im_end|>
confirmation,exp12_config_command_13,config_command,canonical,1,GENERATION_BOUNDARY,2,118,-4,198,Ċ,"
"
confirmation,exp12_config_command_13,config_command,canonical,1,GENERATION_BOUNDARY,3,119,-3,151644,<|im_start|>,<|im_start|>
confirmation,exp12_config_command_13,config_command,canonical,1,GENERATION_BOUNDARY,4,120,-2,77091,assistant,assistant
confirmation,exp12_config_command_13,config_command,canonical,1,GENERATION_BOUNDARY,5,121,-1,198,Ċ,"
"
confirmation,exp12_config_command_13,config_command,paraphrase,1,SKILL_END,0,26,-96,3019,Ġstep, step
confirmation,exp12_config_command_13,config_command,paraphrase,1,SKILL_END,1,27,-95,323,Ġand, and
confirmation,exp12_config_command_13,config_command,paraphrase,1,SKILL_END,2,28,-94,3395,Ġreview, review
confirmation,exp12_config_command_13,config_command,paraphrase,1,SKILL_END,3,29,-93,6546,Ġconfiguration, configuration
confirmation,exp12_config_command_13,config_command,paraphrase,1,SKILL_END,4,30,-92,47943,Ġafterward, afterward
confirmation,exp12_config_command_13,config_command,paraphrase,1,SKILL_END,5,31,-91,382,.ĊĊ,".

"
confirmation,exp12_config_command_13,config_command,paraphrase,1,SYSTEM_END,0,38,-84,29130,Ġdeciding, deciding
confirmation,exp12_config_command_13,config_command,paraphrase,1,SYSTEM_END,1,39,-83,279,Ġthe, the
confirmation,exp12_config_command_13,config_command,paraphrase,1,SYSTEM_END,2,40,-82,1156,Ġfirst, first
confirmation,exp12_config_command_13,config_command,paraphrase,1,SYSTEM_END,3,41,-81,1917,Ġaction, action
confirmation,exp12_config_command_13,config_command,paraphrase,1,SYSTEM_END,4,42,-80,13,.,.
confirmation,exp12_config_command_13,config_command,paraphrase,1,SYSTEM_END,5,43,-79,151645,<|im_end|>,<|im_end|>
confirmation,exp12_config_command_13,config_command,paraphrase,1,ISSUE_END,0,68,-54,15089,Ġdiagnostic, diagnostic
confirmation,exp12_config_command_13,config_command,paraphrase,1,ISSUE_END,1,69,-53,3210,Ġcommand, command
confirmation,exp12_config_command_13,config_command,paraphrase,1,ISSUE_END,2,70,-52,525,Ġare, are
confirmation,exp12_config_command_13,config_command,paraphrase,1,ISSUE_END,3,71,-51,2176,Ġboth, both
confirmation,exp12_config_command_13,config_command,paraphrase,1,ISSUE_END,4,72,-50,2500,Ġavailable, available
confirmation,exp12_config_command_13,config_command,paraphrase,1,ISSUE_END,5,73,-49,382,.ĊĊ,".

"
confirmation,exp12_config_command_13,config_command,paraphrase,1,DETAIL_END,0,79,-43,23497,Ġfocuses, focuses
confirmation,exp12_config_command_13,config_command,paraphrase,1,DETAIL_END,1,80,-42,389,Ġon, on
confirmation,exp12_config_command_13,config_command,paraphrase,1,DETAIL_END,2,81,-41,1565,Ġ`, `
confirmation,exp12_config_command_13,config_command,paraphrase,1,DETAIL_END,3,82,-40,2028,check,check
confirmation,exp12_config_command_13,config_command,paraphrase,1,DETAIL_END,4,83,-39,45727,_health,_health
confirmation,exp12_config_command_13,config_command,paraphrase,1,DETAIL_END,5,84,-38,62338,`.ĊĊ,"`.

"
confirmation,exp12_config_command_13,config_command,paraphrase,1,ACTION0_END,0,93,-29,1676,config,config
confirmation,exp12_config_command_13,config_command,paraphrase,1,ACTION0_END,1,94,-28,14,/,/
confirmation,exp12_config_command_13,config_command,paraphrase,1,ACTION0_END,2,95,-27,32225,monitor,monitor
confirmation,exp12_config_command_13,config_command,paraphrase,1,ACTION0_END,3,96,-26,73494,.tom,.tom
confirmation,exp12_config_command_13,config_command,paraphrase,1,ACTION0_END,4,97,-25,75,l,l
confirmation,exp12_config_command_13,config_command,paraphrase,1,ACTION0_END,5,98,-24,1138,""")Ċ",""")
"
confirmation,exp12_config_command_13,config_command,paraphrase,1,ACTION1_END,0,104,-18,481,Ġ-, -
confirmation,exp12_config_command_13,config_command,paraphrase,1,ACTION1_END,1,105,-17,76,m,m
confirmation,exp12_config_command_13,config_command,paraphrase,1,ACTION1_END,2,106,-16,906,Ġapp, app
confirmation,exp12_config_command_13,config_command,paraphrase,1,ACTION1_END,3,107,-15,9093,.check,.check
confirmation,exp12_config_command_13,config_command,paraphrase,1,ACTION1_END,4,108,-14,43682,_adapter,_adapter
confirmation,exp12_config_command_13,config_command,paraphrase,1,ACTION1_END,5,109,-13,5130,""")ĊĊ",""")

"
confirmation,exp12_config_command_13,config_command,paraphrase,1,FINAL_INSTRUCTION_END,0,111,-11,279,Ġthe, the
confirmation,exp12_config_command_13,config_command,paraphrase,1,FINAL_INSTRUCTION_END,1,112,-10,3175,Ġsingle, single
confirmation,exp12_config_command_13,config_command,paraphrase,1,FINAL_INSTRUCTION_END,2,113,-9,1790,Ġnext, next
confirmation,exp12_config_command_13,config_command,paraphrase,1,FINAL_INSTRUCTION_END,3,114,-8,1917,Ġaction, action
confirmation,exp12_config_command_13,config_command,paraphrase,1,FINAL_INSTRUCTION_END,4,115,-7,1431,Ġnow, now
confirmation,exp12_config_command_13,config_command,paraphrase,1,FINAL_INSTRUCTION_END,5,116,-6,13,.,.
confirmation,exp12_config_command_13,config_command,paraphrase,1,USER_END,0,112,-10,3175,Ġsingle, single
confirmation,exp12_config_command_13,config_command,paraphrase,1,USER_END,1,113,-9,1790,Ġnext, next
confirmation,exp12_config_command_13,config_command,paraphrase,1,USER_END,2,114,-8,1917,Ġaction, action
confirmation,exp12_config_command_13,config_command,paraphrase,1,USER_END,3,115,-7,1431,Ġnow, now
confirmation,exp12_config_command_13,config_command,paraphrase,1,USER_END,4,116,-6,13,.,.
confirmation,exp12_config_command_13,config_command,paraphrase,1,USER_END,5,117,-5,151645,<|im_end|>,<|im_end|>
confirmation,exp12_config_command_13,config_command,paraphrase,1,GENERATION_BOUNDARY,0,116,-6,13,.,.
confirmation,exp12_config_command_13,config_command,paraphrase,1,GENERATION_BOUNDARY,1,117,-5,151645,<|im_end|>,<|im_end|>
confirmation,exp12_config_command_13,config_command,paraphrase,1,GENERATION_BOUNDARY,2,118,-4,198,Ċ,"
"
confirmation,exp12_config_command_13,config_command,paraphrase,1,GENERATION_BOUNDARY,3,119,-3,151644,<|im_start|>,<|im_start|>
confirmation,exp12_config_command_13,config_command,paraphrase,1,GENERATION_BOUNDARY,4,120,-2,77091,assistant,assistant
confirmation,exp12_config_command_13,config_command,paraphrase,1,GENERATION_BOUNDARY,5,121,-1,198,Ċ,"
"
confirmation,exp12_config_command_14,config_command,canonical,0,SKILL_END,0,28,-97,1221,Ġthen, then
confirmation,exp12_config_command_14,config_command,canonical,0,SKILL_END,1,29,-96,1598,Ġrun, run
confirmation,exp12_config_command_14,config_command,canonical,0,SKILL_END,2,30,-95,894,Ġany, any
confirmation,exp12_config_command_14,config_command,canonical,0,SKILL_END,3,31,-94,15089,Ġdiagnostic, diagnostic
confirmation,exp12_config_command_14,config_command,canonical,0,SKILL_END,4,32,-93,3210,Ġcommand, command
confirmation,exp12_config_command_14,config_command,canonical,0,SKILL_END,5,33,-92,382,.ĊĊ,".

"
confirmation,exp12_config_command_14,config_command,canonical,0,SYSTEM_END,0,40,-85,29130,Ġdeciding, deciding
confirmation,exp12_config_command_14,config_command,canonical,0,SYSTEM_END,1,41,-84,279,Ġthe, the
confirmation,exp12_config_command_14,config_command,canonical,0,SYSTEM_END,2,42,-83,1156,Ġfirst, first
confirmation,exp12_config_command_14,config_command,canonical,0,SYSTEM_END,3,43,-82,1917,Ġaction, action
confirmation,exp12_config_command_14,config_command,canonical,0,SYSTEM_END,4,44,-81,13,.,.
confirmation,exp12_config_command_14,config_command,canonical,0,SYSTEM_END,5,45,-80,151645,<|im_end|>,<|im_end|>
confirmation,exp12_config_command_14,config_command,canonical,0,ISSUE_END,0,70,-55,15089,Ġdiagnostic, diagnostic
confirmation,exp12_config_command_14,config_command,canonical,0,ISSUE_END,1,71,-54,3210,Ġcommand, command
confirmation,exp12_config_command_14,config_command,canonical,0,ISSUE_END,2,72,-53,525,Ġare, are
confirmation,exp12_config_command_14,config_command,canonical,0,ISSUE_END,3,73,-52,2176,Ġboth, both
confirmation,exp12_config_command_14,config_command,canonical,0,ISSUE_END,4,74,-51,2500,Ġavailable, available
confirmation,exp12_config_command_14,config_command,canonical,0,ISSUE_END,5,75,-50,382,.ĊĊ,".

"
confirmation,exp12_config_command_14,config_command,canonical,0,DETAIL_END,0,81,-44,23497,Ġfocuses, focuses
confirmation,exp12_config_command_14,config_command,canonical,0,DETAIL_END,1,82,-43,389,Ġon, on
confirmation,exp12_config_command_14,config_command,canonical,0,DETAIL_END,2,83,-42,1565,Ġ`, `
confirmation,exp12_config_command_14,config_command,canonical,0,DETAIL_END,3,84,-41,18274,dispatch,dispatch
confirmation,exp12_config_command_14,config_command,canonical,0,DETAIL_END,4,85,-40,6748,_event,_event
confirmation,exp12_config_command_14,config_command,canonical,0,DETAIL_END,5,86,-39,62338,`.ĊĊ,"`.

"
confirmation,exp12_config_command_14,config_command,canonical,0,ACTION0_END,0,96,-29,41510,/dis,/dis
confirmation,exp12_config_command_14,config_command,canonical,0,ACTION0_END,1,97,-28,3400,patch,patch
confirmation,exp12_config_command_14,config_command,canonical,0,ACTION0_END,2,98,-27,261,er,er
confirmation,exp12_config_command_14,config_command,canonical,0,ACTION0_END,3,99,-26,73494,.tom,.tom
confirmation,exp12_config_command_14,config_command,canonical,0,ACTION0_END,4,100,-25,75,l,l
confirmation,exp12_config_command_14,config_command,canonical,0,ACTION0_END,5,101,-24,1138,""")Ċ",""")
"
confirmation,exp12_config_command_14,config_command,canonical,0,ACTION1_END,0,107,-18,481,Ġ-, -
confirmation,exp12_config_command_14,config_command,canonical,0,ACTION1_END,1,108,-17,76,m,m
confirmation,exp12_config_command_14,config_command,canonical,0,ACTION1_END,2,109,-16,906,Ġapp, app
confirmation,exp12_config_command_14,config_command,canonical,0,ACTION1_END,3,110,-15,27520,.verify,.verify
confirmation,exp12_config_command_14,config_command,canonical,0,ACTION1_END,4,111,-14,18517,_parser,_parser
confirmation,exp12_config_command_14,config_command,canonical,0,ACTION1_END,5,112,-13,5130,""")ĊĊ",""")

"
confirmation,exp12_config_command_14,config_command,canonical,0,FINAL_INSTRUCTION_END,0,114,-11,279,Ġthe, the
confirmation,exp12_config_command_14,config_command,canonical,0,FINAL_INSTRUCTION_END,1,115,-10,3175,Ġsingle, single
confirmation,exp12_config_command_14,config_command,canonical,0,FINAL_INSTRUCTION_END,2,116,-9,1790,Ġnext, next
confirmation,exp12_config_command_14,config_command,canonical,0,FINAL_INSTRUCTION_END,3,117,-8,1917,Ġaction, action
confirmation,exp12_config_command_14,config_command,canonical,0,FINAL_INSTRUCTION_END,4,118,-7,1431,Ġnow, now
confirmation,exp12_config_command_14,config_command,canonical,0,FINAL_INSTRUCTION_END,5,119,-6,13,.,.
confirmation,exp12_config_command_14,config_command,canonical,0,USER_END,0,115,-10,3175,Ġsingle, single
confirmation,exp12_config_command_14,config_command,canonical,0,USER_END,1,116,-9,1790,Ġnext, next
confirmation,exp12_config_command_14,config_command,canonical,0,USER_END,2,117,-8,1917,Ġaction, action
confirmation,exp12_config_command_14,config_command,canonical,0,USER_END,3,118,-7,1431,Ġnow, now
confirmation,exp12_config_command_14,config_command,canonical,0,USER_END,4,119,-6,13,.,.
confirmation,exp12_config_command_14,config_command,canonical,0,USER_END,5,120,-5,151645,<|im_end|>,<|im_end|>
confirmation,exp12_config_command_14,config_command,canonical,0,GENERATION_BOUNDARY,0,119,-6,13,.,.
confirmation,exp12_config_command_14,config_command,canonical,0,GENERATION_BOUNDARY,1,120,-5,151645,<|im_end|>,<|im_end|>
confirmation,exp12_config_command_14,config_command,canonical,0,GENERATION_BOUNDARY,2,121,-4,198,Ċ,"
"
confirmation,exp12_config_command_14,config_command,canonical,0,GENERATION_BOUNDARY,3,122,-3,151644,<|im_start|>,<|im_start|>
confirmation,exp12_config_command_14,config_command,canonical,0,GENERATION_BOUNDARY,4,123,-2,77091,assistant,assistant
confirmation,exp12_config_command_14,config_command,canonical,0,GENERATION_BOUNDARY,5,124,-1,198,Ċ,"
"
confirmation,exp12_config_command_14,config_command,paraphrase,0,SKILL_END,0,23,-97,1573,Ġbefore, before
confirmation,exp12_config_command_14,config_command,paraphrase,0,SKILL_END,1,24,-96,30220,Ġexecuting, executing
confirmation,exp12_config_command_14,config_command,paraphrase,0,SKILL_END,2,25,-95,279,Ġthe, the
confirmation,exp12_config_command_14,config_command,paraphrase,0,SKILL_END,3,26,-94,15089,Ġdiagnostic, diagnostic
confirmation,exp12_config_command_14,config_command,paraphrase,0,SKILL_END,4,27,-93,3210,Ġcommand, command
confirmation,exp12_config_command_14,config_command,paraphrase,0,SKILL_END,5,28,-92,382,.ĊĊ,".

"
confirmation,exp12_config_command_14,config_command,paraphrase,0,SYSTEM_END,0,35,-85,29130,Ġdeciding, deciding
confirmation,exp12_config_command_14,config_command,paraphrase,0,SYSTEM_END,1,36,-84,279,Ġthe, the
confirmation,exp12_config_command_14,config_command,paraphrase,0,SYSTEM_END,2,37,-83,1156,Ġfirst, first
confirmation,exp12_config_command_14,config_command,paraphrase,0,SYSTEM_END,3,38,-82,1917,Ġaction, action
confirmation,exp12_config_command_14,config_command,paraphrase,0,SYSTEM_END,4,39,-81,13,.,.
confirmation,exp12_config_command_14,config_command,paraphrase,0,SYSTEM_END,5,40,-80,151645,<|im_end|>,<|im_end|>
confirmation,exp12_config_command_14,config_command,paraphrase,0,ISSUE_END,0,65,-55,15089,Ġdiagnostic, diagnostic
confirmation,exp12_config_command_14,config_command,paraphrase,0,ISSUE_END,1,66,-54,3210,Ġcommand, command
confirmation,exp12_config_command_14,config_command,paraphrase,0,ISSUE_END,2,67,-53,525,Ġare, are
confirmation,exp12_config_command_14,config_command,paraphrase,0,ISSUE_END,3,68,-52,2176,Ġboth, both
confirmation,exp12_config_command_14,config_command,paraphrase,0,ISSUE_END,4,69,-51,2500,Ġavailable, available
confirmation,exp12_config_command_14,config_command,paraphrase,0,ISSUE_END,5,70,-50,382,.ĊĊ,".

"
confirmation,exp12_config_command_14,config_command,paraphrase,0,DETAIL_END,0,76,-44,23497,Ġfocuses, focuses
confirmation,exp12_config_command_14,config_command,paraphrase,0,DETAIL_END,1,77,-43,389,Ġon, on
confirmation,exp12_config_command_14,config_command,paraphrase,0,DETAIL_END,2,78,-42,1565,Ġ`, `
confirmation,exp12_config_command_14,config_command,paraphrase,0,DETAIL_END,3,79,-41,18274,dispatch,dispatch
confirmation,exp12_config_command_14,config_command,paraphrase,0,DETAIL_END,4,80,-40,6748,_event,_event
confirmation,exp12_config_command_14,config_command,paraphrase,0,DETAIL_END,5,81,-39,62338,`.ĊĊ,"`.

"
confirmation,exp12_config_command_14,config_command,paraphrase,0,ACTION0_END,0,91,-29,41510,/dis,/dis
confirmation,exp12_config_command_14,config_command,paraphrase,0,ACTION0_END,1,92,-28,3400,patch,patch
confirmation,exp12_config_command_14,config_command,paraphrase,0,ACTION0_END,2,93,-27,261,er,er
confirmation,exp12_config_command_14,config_command,paraphrase,0,ACTION0_END,3,94,-26,73494,.tom,.tom
confirmation,exp12_config_command_14,config_command,paraphrase,0,ACTION0_END,4,95,-25,75,l,l
confirmation,exp12_config_command_14,config_command,paraphrase,0,ACTION0_END,5,96,-24,1138,""")Ċ",""")
"
confirmation,exp12_config_command_14,config_command,paraphrase,0,ACTION1_END,0,102,-18,481,Ġ-, -
confirmation,exp12_config_command_14,config_command,paraphrase,0,ACTION1_END,1,103,-17,76,m,m
confirmation,exp12_config_command_14,config_command,paraphrase,0,ACTION1_END,2,104,-16,906,Ġapp, app
confirmation,exp12_config_command_14,config_command,paraphrase,0,ACTION1_END,3,105,-15,27520,.verify,.verify
confirmation,exp12_config_command_14,config_command,paraphrase,0,ACTION1_END,4,106,-14,18517,_parser,_parser
confirmation,exp12_config_command_14,config_command,paraphrase,0,ACTION1_END,5,107,-13,5130,""")ĊĊ",""")

"
confirmation,exp12_config_command_14,config_command,paraphrase,0,FINAL_INSTRUCTION_END,0,109,-11,279,Ġthe, the
confirmation,exp12_config_command_14,config_command,paraphrase,0,FINAL_INSTRUCTION_END,1,110,-10,3175,Ġsingle, single
confirmation,exp12_config_command_14,config_command,paraphrase,0,FINAL_INSTRUCTION_END,2,111,-9,1790,Ġnext, next
confirmation,exp12_config_command_14,config_command,paraphrase,0,FINAL_INSTRUCTION_END,3,112,-8,1917,Ġaction, action
confirmation,exp12_config_command_14,config_command,paraphrase,0,FINAL_INSTRUCTION_END,4,113,-7,1431,Ġnow, now
confirmation,exp12_config_command_14,config_command,paraphrase,0,FINAL_INSTRUCTION_END,5,114,-6,13,.,.
confirmation,exp12_config_command_14,config_command,paraphrase,0,USER_END,0,110,-10,3175,Ġsingle, single
confirmation,exp12_config_command_14,config_command,paraphrase,0,USER_END,1,111,-9,1790,Ġnext, next
confirmation,exp12_config_command_14,config_command,paraphrase,0,USER_END,2,112,-8,1917,Ġaction, action
confirmation,exp12_config_command_14,config_command,paraphrase,0,USER_END,3,113,-7,1431,Ġnow, now
confirmation,exp12_config_command_14,config_command,paraphrase,0,USER_END,4,114,-6,13,.,.
confirmation,exp12_config_command_14,config_command,paraphrase,0,USER_END,5,115,-5,151645,<|im_end|>,<|im_end|>
confirmation,exp12_config_command_14,config_command,paraphrase,0,GENERATION_BOUNDARY,0,114,-6,13,.,.
confirmation,exp12_config_command_14,config_command,paraphrase,0,GENERATION_BOUNDARY,1,115,-5,151645,<|im_end|>,<|im_end|>
confirmation,exp12_config_command_14,config_command,paraphrase,0,GENERATION_BOUNDARY,2,116,-4,198,Ċ,"
"
confirmation,exp12_config_command_14,config_command,paraphrase,0,GENERATION_BOUNDARY,3,117,-3,151644,<|im_start|>,<|im_start|>
confirmation,exp12_config_command_14,config_command,paraphrase,0,GENERATION_BOUNDARY,4,118,-2,77091,assistant,assistant
confirmation,exp12_config_command_14,config_command,paraphrase,0,GENERATION_BOUNDARY,5,119,-1,198,Ċ,"
"
confirmation,exp12_config_command_14,config_command,canonical,1,SKILL_END,0,26,-97,1156,Ġfirst, first
confirmation,exp12_config_command_14,config_command,canonical,1,SKILL_END,1,27,-96,11,",",","
confirmation,exp12_config_command_14,config_command,canonical,1,SKILL_END,2,28,-95,1221,Ġthen, then
confirmation,exp12_config_command_14,config_command,canonical,1,SKILL_END,3,29,-94,24085,Ġinspect, inspect
confirmation,exp12_config_command_14,config_command,canonical,1,SKILL_END,4,30,-93,6546,Ġconfiguration, configuration
confirmation,exp12_config_command_14,config_command,canonical,1,SKILL_END,5,31,-92,382,.ĊĊ,".

"
confirmation,exp12_config_command_14,config_command,canonical,1,SYSTEM_END,0,38,-85,29130,Ġdeciding, deciding
confirmation,exp12_config_command_14,config_command,canonical,1,SYSTEM_END,1,39,-84,279,Ġthe, the
confirmation,exp12_config_command_14,config_command,canonical,1,SYSTEM_END,2,40,-83,1156,Ġfirst, first
confirmation,exp12_config_command_14,config_command,canonical,1,SYSTEM_END,3,41,-82,1917,Ġaction, action
confirmation,exp12_config_command_14,config_command,canonical,1,SYSTEM_END,4,42,-81,13,.,.
confirmation,exp12_config_command_14,config_command,canonical,1,SYSTEM_END,5,43,-80,151645,<|im_end|>,<|im_end|>
confirmation,exp12_config_command_14,config_command,canonical,1,ISSUE_END,0,68,-55,15089,Ġdiagnostic, diagnostic
confirmation,exp12_config_command_14,config_command,canonical,1,ISSUE_END,1,69,-54,3210,Ġcommand, command
confirmation,exp12_config_command_14,config_command,canonical,1,ISSUE_END,2,70,-53,525,Ġare, are
confirmation,exp12_config_command_14,config_command,canonical,1,ISSUE_END,3,71,-52,2176,Ġboth, both
confirmation,exp12_config_command_14,config_command,canonical,1,ISSUE_END,4,72,-51,2500,Ġavailable, available
confirmation,exp12_config_command_14,config_command,canonical,1,ISSUE_END,5,73,-50,382,.ĊĊ,".

"
confirmation,exp12_config_command_14,config_command,canonical,1,DETAIL_END,0,79,-44,23497,Ġfocuses, focuses
confirmation,exp12_config_command_14,config_command,canonical,1,DETAIL_END,1,80,-43,389,Ġon, on
confirmation,exp12_config_command_14,config_command,canonical,1,DETAIL_END,2,81,-42,1565,Ġ`, `
confirmation,exp12_config_command_14,config_command,canonical,1,DETAIL_END,3,82,-41,18274,dispatch,dispatch
confirmation,exp12_config_command_14,config_command,canonical,1,DETAIL_END,4,83,-40,6748,_event,_event
confirmation,exp12_config_command_14,config_command,canonical,1,DETAIL_END,5,84,-39,62338,`.ĊĊ,"`.

"
confirmation,exp12_config_command_14,config_command,canonical,1,ACTION0_END,0,94,-29,41510,/dis,/dis
confirmation,exp12_config_command_14,config_command,canonical,1,ACTION0_END,1,95,-28,3400,patch,patch
confirmation,exp12_config_command_14,config_command,canonical,1,ACTION0_END,2,96,-27,261,er,er
confirmation,exp12_config_command_14,config_command,canonical,1,ACTION0_END,3,97,-26,73494,.tom,.tom
confirmation,exp12_config_command_14,config_command,canonical,1,ACTION0_END,4,98,-25,75,l,l
confirmation,exp12_config_command_14,config_command,canonical,1,ACTION0_END,5,99,-24,1138,""")Ċ",""")
"
confirmation,exp12_config_command_14,config_command,canonical,1,ACTION1_END,0,105,-18,481,Ġ-, -
confirmation,exp12_config_command_14,config_command,canonical,1,ACTION1_END,1,106,-17,76,m,m
confirmation,exp12_config_command_14,config_command,canonical,1,ACTION1_END,2,107,-16,906,Ġapp, app
confirmation,exp12_config_command_14,config_command,canonical,1,ACTION1_END,3,108,-15,27520,.verify,.verify
confirmation,exp12_config_command_14,config_command,canonical,1,ACTION1_END,4,109,-14,18517,_parser,_parser
confirmation,exp12_config_command_14,config_command,canonical,1,ACTION1_END,5,110,-13,5130,""")ĊĊ",""")

"
confirmation,exp12_config_command_14,config_command,canonical,1,FINAL_INSTRUCTION_END,0,112,-11,279,Ġthe, the
confirmation,exp12_config_command_14,config_command,canonical,1,FINAL_INSTRUCTION_END,1,113,-10,3175,Ġsingle, single
confirmation,exp12_config_command_14,config_command,canonical,1,FINAL_INSTRUCTION_END,2,114,-9,1790,Ġnext, next
confirmation,exp12_config_command_14,config_command,canonical,1,FINAL_INSTRUCTION_END,3,115,-8,1917,Ġaction, action
confirmation,exp12_config_command_14,config_command,canonical,1,FINAL_INSTRUCTION_END,4,116,-7,1431,Ġnow, now
confirmation,exp12_config_command_14,config_command,canonical,1,FINAL_INSTRUCTION_END,5,117,-6,13,.,.
confirmation,exp12_config_command_14,config_command,canonical,1,USER_END,0,113,-10,3175,Ġsingle, single
confirmation,exp12_config_command_14,config_command,canonical,1,USER_END,1,114,-9,1790,Ġnext, next
confirmation,exp12_config_command_14,config_command,canonical,1,USER_END,2,115,-8,1917,Ġaction, action
confirmation,exp12_config_command_14,config_command,canonical,1,USER_END,3,116,-7,1431,Ġnow, now
confirmation,exp12_config_command_14,config_command,canonical,1,USER_END,4,117,-6,13,.,.
confirmation,exp12_config_command_14,config_command,canonical,1,USER_END,5,118,-5,151645,<|im_end|>,<|im_end|>
confirmation,exp12_config_command_14,config_command,canonical,1,GENERATION_BOUNDARY,0,117,-6,13,.,.
confirmation,exp12_config_command_14,config_command,canonical,1,GENERATION_BOUNDARY,1,118,-5,151645,<|im_end|>,<|im_end|>
confirmation,exp12_config_command_14,config_command,canonical,1,GENERATION_BOUNDARY,2,119,-4,198,Ċ,"
"
confirmation,exp12_config_command_14,config_command,canonical,1,GENERATION_BOUNDARY,3,120,-3,151644,<|im_start|>,<|im_start|>
confirmation,exp12_config_command_14,config_command,canonical,1,GENERATION_BOUNDARY,4,121,-2,77091,assistant,assistant
confirmation,exp12_config_command_14,config_command,canonical,1,GENERATION_BOUNDARY,5,122,-1,198,Ċ,"
"
confirmation,exp12_config_command_14,config_command,paraphrase,1,SKILL_END,0,26,-97,3019,Ġstep, step
confirmation,exp12_config_command_14,config_command,paraphrase,1,SKILL_END,1,27,-96,323,Ġand, and
confirmation,exp12_config_command_14,config_command,paraphrase,1,SKILL_END,2,28,-95,3395,Ġreview, review
confirmation,exp12_config_command_14,config_command,paraphrase,1,SKILL_END,3,29,-94,6546,Ġconfiguration, configuration
confirmation,exp12_config_command_14,config_command,paraphrase,1,SKILL_END,4,30,-93,47943,Ġafterward, afterward
confirmation,exp12_config_command_14,config_command,paraphrase,1,SKILL_END,5,31,-92,382,.ĊĊ,".

"
confirmation,exp12_config_command_14,config_command,paraphrase,1,SYSTEM_END,0,38,-85,29130,Ġdeciding, deciding
confirmation,exp12_config_command_14,config_command,paraphrase,1,SYSTEM_END,1,39,-84,279,Ġthe, the
confirmation,exp12_config_command_14,config_command,paraphrase,1,SYSTEM_END,2,40,-83,1156,Ġfirst, first
confirmation,exp12_config_command_14,config_command,paraphrase,1,SYSTEM_END,3,41,-82,1917,Ġaction, action
confirmation,exp12_config_command_14,config_command,paraphrase,1,SYSTEM_END,4,42,-81,13,.,.
confirmation,exp12_config_command_14,config_command,paraphrase,1,SYSTEM_END,5,43,-80,151645,<|im_end|>,<|im_end|>
confirmation,exp12_config_command_14,config_command,paraphrase,1,ISSUE_END,0,68,-55,15089,Ġdiagnostic, diagnostic
confirmation,exp12_config_command_14,config_command,paraphrase,1,ISSUE_END,1,69,-54,3210,Ġcommand, command
confirmation,exp12_config_command_14,config_command,paraphrase,1,ISSUE_END,2,70,-53,525,Ġare, are
confirmation,exp12_config_command_14,config_command,paraphrase,1,ISSUE_END,3,71,-52,2176,Ġboth, both
confirmation,exp12_config_command_14,config_command,paraphrase,1,ISSUE_END,4,72,-51,2500,Ġavailable, available
confirmation,exp12_config_command_14,config_command,paraphrase,1,ISSUE_END,5,73,-50,382,.ĊĊ,".

"
confirmation,exp12_config_command_14,config_command,paraphrase,1,DETAIL_END,0,79,-44,23497,Ġfocuses, focuses
confirmation,exp12_config_command_14,config_command,paraphrase,1,DETAIL_END,1,80,-43,389,Ġon, on
confirmation,exp12_config_command_14,config_command,paraphrase,1,DETAIL_END,2,81,-42,1565,Ġ`, `
confirmation,exp12_config_command_14,config_command,paraphrase,1,DETAIL_END,3,82,-41,18274,dispatch,dispatch
confirmation,exp12_config_command_14,config_command,paraphrase,1,DETAIL_END,4,83,-40,6748,_event,_event
confirmation,exp12_config_command_14,config_command,paraphrase,1,DETAIL_END,5,84,-39,62338,`.ĊĊ,"`.

"
confirmation,exp12_config_command_14,config_command,paraphrase,1,ACTION0_END,0,94,-29,41510,/dis,/dis
confirmation,exp12_config_command_14,config_command,paraphrase,1,ACTION0_END,1,95,-28,3400,patch,patch
confirmation,exp12_config_command_14,config_command,paraphrase,1,ACTION0_END,2,96,-27,261,er,er
confirmation,exp12_config_command_14,config_command,paraphrase,1,ACTION0_END,3,97,-26,73494,.tom,.tom
confirmation,exp12_config_command_14,config_command,paraphrase,1,ACTION0_END,4,98,-25,75,l,l
confirmation,exp12_config_command_14,config_command,paraphrase,1,ACTION0_END,5,99,-24,1138,""")Ċ",""")
"
confirmation,exp12_config_command_14,config_command,paraphrase,1,ACTION1_END,0,105,-18,481,Ġ-, -
confirmation,exp12_config_command_14,config_command,paraphrase,1,ACTION1_END,1,106,-17,76,m,m
confirmation,exp12_config_command_14,config_command,paraphrase,1,ACTION1_END,2,107,-16,906,Ġapp, app
confirmation,exp12_config_command_14,config_command,paraphrase,1,ACTION1_END,3,108,-15,27520,.verify,.verify
confirmation,exp12_config_command_14,config_command,paraphrase,1,ACTION1_END,4,109,-14,18517,_parser,_parser
confirmation,exp12_config_command_14,config_command,paraphrase,1,ACTION1_END,5,110,-13,5130,""")ĊĊ",""")

"
confirmation,exp12_config_command_14,config_command,paraphrase,1,FINAL_INSTRUCTION_END,0,112,-11,279,Ġthe, the
confirmation,exp12_config_command_14,config_command,paraphrase,1,FINAL_INSTRUCTION_END,1,113,-10,3175,Ġsingle, single
confirmation,exp12_config_command_14,config_command,paraphrase,1,FINAL_INSTRUCTION_END,2,114,-9,1790,Ġnext, next
confirmation,exp12_config_command_14,config_command,paraphrase,1,FINAL_INSTRUCTION_END,3,115,-8,1917,Ġaction, action
confirmation,exp12_config_command_14,config_command,paraphrase,1,FINAL_INSTRUCTION_END,4,116,-7,1431,Ġnow, now
confirmation,exp12_config_command_14,config_command,paraphrase,1,FINAL_INSTRUCTION_END,5,117,-6,13,.,.
confirmation,exp12_config_command_14,config_command,paraphrase,1,USER_END,0,113,-10,3175,Ġsingle, single
confirmation,exp12_config_command_14,config_command,paraphrase,1,USER_END,1,114,-9,1790,Ġnext, next
confirmation,exp12_config_command_14,config_command,paraphrase,1,USER_END,2,115,-8,1917,Ġaction, action
confirmation,exp12_config_command_14,config_command,paraphrase,1,USER_END,3,116,-7,1431,Ġnow, now
confirmation,exp12_config_command_14,config_command,paraphrase,1,USER_END,4,117,-6,13,.,.
confirmation,exp12_config_command_14,config_command,paraphrase,1,USER_END,5,118,-5,151645,<|im_end|>,<|im_end|>
confirmation,exp12_config_command_14,config_command,paraphrase,1,GENERATION_BOUNDARY,0,117,-6,13,.,.
confirmation,exp12_config_command_14,config_command,paraphrase,1,GENERATION_BOUNDARY,1,118,-5,151645,<|im_end|>,<|im_end|>
confirmation,exp12_config_command_14,config_command,paraphrase,1,GENERATION_BOUNDARY,2,119,-4,198,Ċ,"
"
confirmation,exp12_config_command_14,config_command,paraphrase,1,GENERATION_BOUNDARY,3,120,-3,151644,<|im_start|>,<|im_start|>
confirmation,exp12_config_command_14,config_command,paraphrase,1,GENERATION_BOUNDARY,4,121,-2,77091,assistant,assistant
confirmation,exp12_config_command_14,config_command,paraphrase,1,GENERATION_BOUNDARY,5,122,-1,198,Ċ,"
"
confirmation,exp12_config_command_15,config_command,canonical,0,SKILL_END,0,28,-96,1221,Ġthen, then
confirmation,exp12_config_command_15,config_command,canonical,0,SKILL_END,1,29,-95,1598,Ġrun, run
confirmation,exp12_config_command_15,config_command,canonical,0,SKILL_END,2,30,-94,894,Ġany, any
confirmation,exp12_config_command_15,config_command,canonical,0,SKILL_END,3,31,-93,15089,Ġdiagnostic, diagnostic
confirmation,exp12_config_command_15,config_command,canonical,0,SKILL_END,4,32,-92,3210,Ġcommand, command
confirmation,exp12_config_command_15,config_command,canonical,0,SKILL_END,5,33,-91,382,.ĊĊ,".

"
confirmation,exp12_config_command_15,config_command,canonical,0,SYSTEM_END,0,40,-84,29130,Ġdeciding, deciding
confirmation,exp12_config_command_15,config_command,canonical,0,SYSTEM_END,1,41,-83,279,Ġthe, the
confirmation,exp12_config_command_15,config_command,canonical,0,SYSTEM_END,2,42,-82,1156,Ġfirst, first
confirmation,exp12_config_command_15,config_command,canonical,0,SYSTEM_END,3,43,-81,1917,Ġaction, action
confirmation,exp12_config_command_15,config_command,canonical,0,SYSTEM_END,4,44,-80,13,.,.
confirmation,exp12_config_command_15,config_command,canonical,0,SYSTEM_END,5,45,-79,151645,<|im_end|>,<|im_end|>
confirmation,exp12_config_command_15,config_command,canonical,0,ISSUE_END,0,70,-54,15089,Ġdiagnostic, diagnostic
confirmation,exp12_config_command_15,config_command,canonical,0,ISSUE_END,1,71,-53,3210,Ġcommand, command
confirmation,exp12_config_command_15,config_command,canonical,0,ISSUE_END,2,72,-52,525,Ġare, are
confirmation,exp12_config_command_15,config_command,canonical,0,ISSUE_END,3,73,-51,2176,Ġboth, both
confirmation,exp12_config_command_15,config_command,canonical,0,ISSUE_END,4,74,-50,2500,Ġavailable, available
confirmation,exp12_config_command_15,config_command,canonical,0,ISSUE_END,5,75,-49,382,.ĊĊ,".

"
confirmation,exp12_config_command_15,config_command,canonical,0,DETAIL_END,0,81,-43,23497,Ġfocuses, focuses
confirmation,exp12_config_command_15,config_command,canonical,0,DETAIL_END,1,82,-42,389,Ġon, on
confirmation,exp12_config_command_15,config_command,canonical,0,DETAIL_END,2,83,-41,1565,Ġ`, `
confirmation,exp12_config_command_15,config_command,canonical,0,DETAIL_END,3,84,-40,88071,adapt,adapt
confirmation,exp12_config_command_15,config_command,canonical,0,DETAIL_END,4,85,-39,9655,_response,_response
confirmation,exp12_config_command_15,config_command,canonical,0,DETAIL_END,5,86,-38,62338,`.ĊĊ,"`.

"
confirmation,exp12_config_command_15,config_command,canonical,0,ACTION0_END,0,95,-29,1676,config,config
confirmation,exp12_config_command_15,config_command,canonical,0,ACTION0_END,1,96,-28,14,/,/
confirmation,exp12_config_command_15,config_command,canonical,0,ACTION0_END,2,97,-27,19731,adapter,adapter
confirmation,exp12_config_command_15,config_command,canonical,0,ACTION0_END,3,98,-26,73494,.tom,.tom
confirmation,exp12_config_command_15,config_command,canonical,0,ACTION0_END,4,99,-25,75,l,l
confirmation,exp12_config_command_15,config_command,canonical,0,ACTION0_END,5,100,-24,1138,""")Ċ",""")
"
confirmation,exp12_config_command_15,config_command,canonical,0,ACTION1_END,0,106,-18,481,Ġ-, -
confirmation,exp12_config_command_15,config_command,canonical,0,ACTION1_END,1,107,-17,76,m,m
confirmation,exp12_config_command_15,config_command,canonical,0,ACTION1_END,2,108,-16,906,Ġapp, app
confirmation,exp12_config_command_15,config_command,canonical,0,ACTION1_END,3,109,-15,58254,.inspect,.inspect
confirmation,exp12_config_command_15,config_command,canonical,0,ACTION1_END,4,110,-14,64959,_validator,_validator
confirmation,exp12_config_command_15,config_command,canonical,0,ACTION1_END,5,111,-13,5130,""")ĊĊ",""")

"
confirmation,exp12_config_command_15,config_command,canonical,0,FINAL_INSTRUCTION_END,0,113,-11,279,Ġthe, the
confirmation,exp12_config_command_15,config_command,canonical,0,FINAL_INSTRUCTION_END,1,114,-10,3175,Ġsingle, single
confirmation,exp12_config_command_15,config_command,canonical,0,FINAL_INSTRUCTION_END,2,115,-9,1790,Ġnext, next
confirmation,exp12_config_command_15,config_command,canonical,0,FINAL_INSTRUCTION_END,3,116,-8,1917,Ġaction, action
confirmation,exp12_config_command_15,config_command,canonical,0,FINAL_INSTRUCTION_END,4,117,-7,1431,Ġnow, now
confirmation,exp12_config_command_15,config_command,canonical,0,FINAL_INSTRUCTION_END,5,118,-6,13,.,.
confirmation,exp12_config_command_15,config_command,canonical,0,USER_END,0,114,-10,3175,Ġsingle, single
confirmation,exp12_config_command_15,config_command,canonical,0,USER_END,1,115,-9,1790,Ġnext, next
confirmation,exp12_config_command_15,config_command,canonical,0,USER_END,2,116,-8,1917,Ġaction, action
confirmation,exp12_config_command_15,config_command,canonical,0,USER_END,3,117,-7,1431,Ġnow, now
confirmation,exp12_config_command_15,config_command,canonical,0,USER_END,4,118,-6,13,.,.
confirmation,exp12_config_command_15,config_command,canonical,0,USER_END,5,119,-5,151645,<|im_end|>,<|im_end|>
confirmation,exp12_config_command_15,config_command,canonical,0,GENERATION_BOUNDARY,0,118,-6,13,.,.
confirmation,exp12_config_command_15,config_command,canonical,0,GENERATION_BOUNDARY,1,119,-5,151645,<|im_end|>,<|im_end|>
confirmation,exp12_config_command_15,config_command,canonical,0,GENERATION_BOUNDARY,2,120,-4,198,Ċ,"
"
confirmation,exp12_config_command_15,config_command,canonical,0,GENERATION_BOUNDARY,3,121,-3,151644,<|im_start|>,<|im_start|>
confirmation,exp12_config_command_15,config_command,canonical,0,GENERATION_BOUNDARY,4,122,-2,77091,assistant,assistant
confirmation,exp12_config_command_15,config_command,canonical,0,GENERATION_BOUNDARY,5,123,-1,198,Ċ,"
"
confirmation,exp12_config_command_15,config_command,paraphrase,0,SKILL_END,0,23,-96,1573,Ġbefore, before
confirmation,exp12_config_command_15,config_command,paraphrase,0,SKILL_END,1,24,-95,30220,Ġexecuting, executing
confirmation,exp12_config_command_15,config_command,paraphrase,0,SKILL_END,2,25,-94,279,Ġthe, the
confirmation,exp12_config_command_15,config_command,paraphrase,0,SKILL_END,3,26,-93,15089,Ġdiagnostic, diagnostic
confirmation,exp12_config_command_15,config_command,paraphrase,0,SKILL_END,4,27,-92,3210,Ġcommand, command
confirmation,exp12_config_command_15,config_command,paraphrase,0,SKILL_END,5,28,-91,382,.ĊĊ,".

"
confirmation,exp12_config_command_15,config_command,paraphrase,0,SYSTEM_END,0,35,-84,29130,Ġdeciding, deciding
confirmation,exp12_config_command_15,config_command,paraphrase,0,SYSTEM_END,1,36,-83,279,Ġthe, the
confirmation,exp12_config_command_15,config_command,paraphrase,0,SYSTEM_END,2,37,-82,1156,Ġfirst, first
confirmation,exp12_config_command_15,config_command,paraphrase,0,SYSTEM_END,3,38,-81,1917,Ġaction, action
confirmation,exp12_config_command_15,config_command,paraphrase,0,SYSTEM_END,4,39,-80,13,.,.
confirmation,exp12_config_command_15,config_command,paraphrase,0,SYSTEM_END,5,40,-79,151645,<|im_end|>,<|im_end|>
confirmation,exp12_config_command_15,config_command,paraphrase,0,ISSUE_END,0,65,-54,15089,Ġdiagnostic, diagnostic
confirmation,exp12_config_command_15,config_command,paraphrase,0,ISSUE_END,1,66,-53,3210,Ġcommand, command
confirmation,exp12_config_command_15,config_command,paraphrase,0,ISSUE_END,2,67,-52,525,Ġare, are
confirmation,exp12_config_command_15,config_command,paraphrase,0,ISSUE_END,3,68,-51,2176,Ġboth, both
confirmation,exp12_config_command_15,config_command,paraphrase,0,ISSUE_END,4,69,-50,2500,Ġavailable, available
confirmation,exp12_config_command_15,config_command,paraphrase,0,ISSUE_END,5,70,-49,382,.ĊĊ,".

"
confirmation,exp12_config_command_15,config_command,paraphrase,0,DETAIL_END,0,76,-43,23497,Ġfocuses, focuses
confirmation,exp12_config_command_15,config_command,paraphrase,0,DETAIL_END,1,77,-42,389,Ġon, on
confirmation,exp12_config_command_15,config_command,paraphrase,0,DETAIL_END,2,78,-41,1565,Ġ`, `
confirmation,exp12_config_command_15,config_command,paraphrase,0,DETAIL_END,3,79,-40,88071,adapt,adapt
confirmation,exp12_config_command_15,config_command,paraphrase,0,DETAIL_END,4,80,-39,9655,_response,_response
confirmation,exp12_config_command_15,config_command,paraphrase,0,DETAIL_END,5,81,-38,62338,`.ĊĊ,"`.

"
confirmation,exp12_config_command_15,config_command,paraphrase,0,ACTION0_END,0,90,-29,1676,config,config
confirmation,exp12_config_command_15,config_command,paraphrase,0,ACTION0_END,1,91,-28,14,/,/
confirmation,exp12_config_command_15,config_command,paraphrase,0,ACTION0_END,2,92,-27,19731,adapter,adapter
confirmation,exp12_config_command_15,config_command,paraphrase,0,ACTION0_END,3,93,-26,73494,.tom,.tom
confirmation,exp12_config_command_15,config_command,paraphrase,0,ACTION0_END,4,94,-25,75,l,l
confirmation,exp12_config_command_15,config_command,paraphrase,0,ACTION0_END,5,95,-24,1138,""")Ċ",""")
"
confirmation,exp12_config_command_15,config_command,paraphrase,0,ACTION1_END,0,101,-18,481,Ġ-, -
confirmation,exp12_config_command_15,config_command,paraphrase,0,ACTION1_END,1,102,-17,76,m,m
confirmation,exp12_config_command_15,config_command,paraphrase,0,ACTION1_END,2,103,-16,906,Ġapp, app
confirmation,exp12_config_command_15,config_command,paraphrase,0,ACTION1_END,3,104,-15,58254,.inspect,.inspect
confirmation,exp12_config_command_15,config_command,paraphrase,0,ACTION1_END,4,105,-14,64959,_validator,_validator
confirmation,exp12_config_command_15,config_command,paraphrase,0,ACTION1_END,5,106,-13,5130,""")ĊĊ",""")

"
confirmation,exp12_config_command_15,config_command,paraphrase,0,FINAL_INSTRUCTION_END,0,108,-11,279,Ġthe, the
confirmation,exp12_config_command_15,config_command,paraphrase,0,FINAL_INSTRUCTION_END,1,109,-10,3175,Ġsingle, single
confirmation,exp12_config_command_15,config_command,paraphrase,0,FINAL_INSTRUCTION_END,2,110,-9,1790,Ġnext, next
confirmation,exp12_config_command_15,config_command,paraphrase,0,FINAL_INSTRUCTION_END,3,111,-8,1917,Ġaction, action
confirmation,exp12_config_command_15,config_command,paraphrase,0,FINAL_INSTRUCTION_END,4,112,-7,1431,Ġnow, now
confirmation,exp12_config_command_15,config_command,paraphrase,0,FINAL_INSTRUCTION_END,5,113,-6,13,.,.
confirmation,exp12_config_command_15,config_command,paraphrase,0,USER_END,0,109,-10,3175,Ġsingle, single
confirmation,exp12_config_command_15,config_command,paraphrase,0,USER_END,1,110,-9,1790,Ġnext, next
confirmation,exp12_config_command_15,config_command,paraphrase,0,USER_END,2,111,-8,1917,Ġaction, action
confirmation,exp12_config_command_15,config_command,paraphrase,0,USER_END,3,112,-7,1431,Ġnow, now
confirmation,exp12_config_command_15,config_command,paraphrase,0,USER_END,4,113,-6,13,.,.
confirmation,exp12_config_command_15,config_command,paraphrase,0,USER_END,5,114,-5,151645,<|im_end|>,<|im_end|>
confirmation,exp12_config_command_15,config_command,paraphrase,0,GENERATION_BOUNDARY,0,113,-6,13,.,.
confirmation,exp12_config_command_15,config_command,paraphrase,0,GENERATION_BOUNDARY,1,114,-5,151645,<|im_end|>,<|im_end|>
confirmation,exp12_config_command_15,config_command,paraphrase,0,GENERATION_BOUNDARY,2,115,-4,198,Ċ,"
"
confirmation,exp12_config_command_15,config_command,paraphrase,0,GENERATION_BOUNDARY,3,116,-3,151644,<|im_start|>,<|im_start|>
confirmation,exp12_config_command_15,config_command,paraphrase,0,GENERATION_BOUNDARY,4,117,-2,77091,assistant,assistant
confirmation,exp12_config_command_15,config_command,paraphrase,0,GENERATION_BOUNDARY,5,118,-1,198,Ċ,"
"
confirmation,exp12_config_command_15,config_command,canonical,1,SKILL_END,0,26,-96,1156,Ġfirst, first
confirmation,exp12_config_command_15,config_command,canonical,1,SKILL_END,1,27,-95,11,",",","
confirmation,exp12_config_command_15,config_command,canonical,1,SKILL_END,2,28,-94,1221,Ġthen, then
confirmation,exp12_config_command_15,config_command,canonical,1,SKILL_END,3,29,-93,24085,Ġinspect, inspect
confirmation,exp12_config_command_15,config_command,canonical,1,SKILL_END,4,30,-92,6546,Ġconfiguration, configuration
confirmation,exp12_config_command_15,config_command,canonical,1,SKILL_END,5,31,-91,382,.ĊĊ,".

"
confirmation,exp12_config_command_15,config_command,canonical,1,SYSTEM_END,0,38,-84,29130,Ġdeciding, deciding
confirmation,exp12_config_command_15,config_command,canonical,1,SYSTEM_END,1,39,-83,279,Ġthe, the
confirmation,exp12_config_command_15,config_command,canonical,1,SYSTEM_END,2,40,-82,1156,Ġfirst, first
confirmation,exp12_config_command_15,config_command,canonical,1,SYSTEM_END,3,41,-81,1917,Ġaction, action
confirmation,exp12_config_command_15,config_command,canonical,1,SYSTEM_END,4,42,-80,13,.,.
confirmation,exp12_config_command_15,config_command,canonical,1,SYSTEM_END,5,43,-79,151645,<|im_end|>,<|im_end|>
confirmation,exp12_config_command_15,config_command,canonical,1,ISSUE_END,0,68,-54,15089,Ġdiagnostic, diagnostic
confirmation,exp12_config_command_15,config_command,canonical,1,ISSUE_END,1,69,-53,3210,Ġcommand, command
confirmation,exp12_config_command_15,config_command,canonical,1,ISSUE_END,2,70,-52,525,Ġare, are
confirmation,exp12_config_command_15,config_command,canonical,1,ISSUE_END,3,71,-51,2176,Ġboth, both
confirmation,exp12_config_command_15,config_command,canonical,1,ISSUE_END,4,72,-50,2500,Ġavailable, available
confirmation,exp12_config_command_15,config_command,canonical,1,ISSUE_END,5,73,-49,382,.ĊĊ,".

"
confirmation,exp12_config_command_15,config_command,canonical,1,DETAIL_END,0,79,-43,23497,Ġfocuses, focuses
confirmation,exp12_config_command_15,config_command,canonical,1,DETAIL_END,1,80,-42,389,Ġon, on
confirmation,exp12_config_command_15,config_command,canonical,1,DETAIL_END,2,81,-41,1565,Ġ`, `
confirmation,exp12_config_command_15,config_command,canonical,1,DETAIL_END,3,82,-40,88071,adapt,adapt
confirmation,exp12_config_command_15,config_command,canonical,1,DETAIL_END,4,83,-39,9655,_response,_response
confirmation,exp12_config_command_15,config_command,canonical,1,DETAIL_END,5,84,-38,62338,`.ĊĊ,"`.

"
confirmation,exp12_config_command_15,config_command,canonical,1,ACTION0_END,0,93,-29,1676,config,config
confirmation,exp12_config_command_15,config_command,canonical,1,ACTION0_END,1,94,-28,14,/,/
confirmation,exp12_config_command_15,config_command,canonical,1,ACTION0_END,2,95,-27,19731,adapter,adapter
confirmation,exp12_config_command_15,config_command,canonical,1,ACTION0_END,3,96,-26,73494,.tom,.tom
confirmation,exp12_config_command_15,config_command,canonical,1,ACTION0_END,4,97,-25,75,l,l
confirmation,exp12_config_command_15,config_command,canonical,1,ACTION0_END,5,98,-24,1138,""")Ċ",""")
"
confirmation,exp12_config_command_15,config_command,canonical,1,ACTION1_END,0,104,-18,481,Ġ-, -
confirmation,exp12_config_command_15,config_command,canonical,1,ACTION1_END,1,105,-17,76,m,m
confirmation,exp12_config_command_15,config_command,canonical,1,ACTION1_END,2,106,-16,906,Ġapp, app
confirmation,exp12_config_command_15,config_command,canonical,1,ACTION1_END,3,107,-15,58254,.inspect,.inspect
confirmation,exp12_config_command_15,config_command,canonical,1,ACTION1_END,4,108,-14,64959,_validator,_validator
confirmation,exp12_config_command_15,config_command,canonical,1,ACTION1_END,5,109,-13,5130,""")ĊĊ",""")

"
confirmation,exp12_config_command_15,config_command,canonical,1,FINAL_INSTRUCTION_END,0,111,-11,279,Ġthe, the
confirmation,exp12_config_command_15,config_command,canonical,1,FINAL_INSTRUCTION_END,1,112,-10,3175,Ġsingle, single
confirmation,exp12_config_command_15,config_command,canonical,1,FINAL_INSTRUCTION_END,2,113,-9,1790,Ġnext, next
confirmation,exp12_config_command_15,config_command,canonical,1,FINAL_INSTRUCTION_END,3,114,-8,1917,Ġaction, action
confirmation,exp12_config_command_15,config_command,canonical,1,FINAL_INSTRUCTION_END,4,115,-7,1431,Ġnow, now
confirmation,exp12_config_command_15,config_command,canonical,1,FINAL_INSTRUCTION_END,5,116,-6,13,.,.
confirmation,exp12_config_command_15,config_command,canonical,1,USER_END,0,112,-10,3175,Ġsingle, single
confirmation,exp12_config_command_15,config_command,canonical,1,USER_END,1,113,-9,1790,Ġnext, next
confirmation,exp12_config_command_15,config_command,canonical,1,USER_END,2,114,-8,1917,Ġaction, action
confirmation,exp12_config_command_15,config_command,canonical,1,USER_END,3,115,-7,1431,Ġnow, now
confirmation,exp12_config_command_15,config_command,canonical,1,USER_END,4,116,-6,13,.,.
confirmation,exp12_config_command_15,config_command,canonical,1,USER_END,5,117,-5,151645,<|im_end|>,<|im_end|>
confirmation,exp12_config_command_15,config_command,canonical,1,GENERATION_BOUNDARY,0,116,-6,13,.,.
confirmation,exp12_config_command_15,config_command,canonical,1,GENERATION_BOUNDARY,1,117,-5,151645,<|im_end|>,<|im_end|>
confirmation,exp12_config_command_15,config_command,canonical,1,GENERATION_BOUNDARY,2,118,-4,198,Ċ,"
"
confirmation,exp12_config_command_15,config_command,canonical,1,GENERATION_BOUNDARY,3,119,-3,151644,<|im_start|>,<|im_start|>
confirmation,exp12_config_command_15,config_command,canonical,1,GENERATION_BOUNDARY,4,120,-2,77091,assistant,assistant
confirmation,exp12_config_command_15,config_command,canonical,1,GENERATION_BOUNDARY,5,121,-1,198,Ċ,"
"
confirmation,exp12_config_command_15,config_command,paraphrase,1,SKILL_END,0,26,-96,3019,Ġstep, step
confirmation,exp12_config_command_15,config_command,paraphrase,1,SKILL_END,1,27,-95,323,Ġand, and
confirmation,exp12_config_command_15,config_command,paraphrase,1,SKILL_END,2,28,-94,3395,Ġreview, review
confirmation,exp12_config_command_15,config_command,paraphrase,1,SKILL_END,3,29,-93,6546,Ġconfiguration, configuration
confirmation,exp12_config_command_15,config_command,paraphrase,1,SKILL_END,4,30,-92,47943,Ġafterward, afterward
confirmation,exp12_config_command_15,config_command,paraphrase,1,SKILL_END,5,31,-91,382,.ĊĊ,".

"
confirmation,exp12_config_command_15,config_command,paraphrase,1,SYSTEM_END,0,38,-84,29130,Ġdeciding, deciding
confirmation,exp12_config_command_15,config_command,paraphrase,1,SYSTEM_END,1,39,-83,279,Ġthe, the
confirmation,exp12_config_command_15,config_command,paraphrase,1,SYSTEM_END,2,40,-82,1156,Ġfirst, first
confirmation,exp12_config_command_15,config_command,paraphrase,1,SYSTEM_END,3,41,-81,1917,Ġaction, action
confirmation,exp12_config_command_15,config_command,paraphrase,1,SYSTEM_END,4,42,-80,13,.,.
confirmation,exp12_config_command_15,config_command,paraphrase,1,SYSTEM_END,5,43,-79,151645,<|im_end|>,<|im_end|>
confirmation,exp12_config_command_15,config_command,paraphrase,1,ISSUE_END,0,68,-54,15089,Ġdiagnostic, diagnostic
confirmation,exp12_config_command_15,config_command,paraphrase,1,ISSUE_END,1,69,-53,3210,Ġcommand, command
confirmation,exp12_config_command_15,config_command,paraphrase,1,ISSUE_END,2,70,-52,525,Ġare, are
confirmation,exp12_config_command_15,config_command,paraphrase,1,ISSUE_END,3,71,-51,2176,Ġboth, both
confirmation,exp12_config_command_15,config_command,paraphrase,1,ISSUE_END,4,72,-50,2500,Ġavailable, available
confirmation,exp12_config_command_15,config_command,paraphrase,1,ISSUE_END,5,73,-49,382,.ĊĊ,".

"
confirmation,exp12_config_command_15,config_command,paraphrase,1,DETAIL_END,0,79,-43,23497,Ġfocuses, focuses
confirmation,exp12_config_command_15,config_command,paraphrase,1,DETAIL_END,1,80,-42,389,Ġon, on
confirmation,exp12_config_command_15,config_command,paraphrase,1,DETAIL_END,2,81,-41,1565,Ġ`, `
confirmation,exp12_config_command_15,config_command,paraphrase,1,DETAIL_END,3,82,-40,88071,adapt,adapt
confirmation,exp12_config_command_15,config_command,paraphrase,1,DETAIL_END,4,83,-39,9655,_response,_response
confirmation,exp12_config_command_15,config_command,paraphrase,1,DETAIL_END,5,84,-38,62338,`.ĊĊ,"`.

"
confirmation,exp12_config_command_15,config_command,paraphrase,1,ACTION0_END,0,93,-29,1676,config,config
confirmation,exp12_config_command_15,config_command,paraphrase,1,ACTION0_END,1,94,-28,14,/,/
confirmation,exp12_config_command_15,config_command,paraphrase,1,ACTION0_END,2,95,-27,19731,adapter,adapter
confirmation,exp12_config_command_15,config_command,paraphrase,1,ACTION0_END,3,96,-26,73494,.tom,.tom
confirmation,exp12_config_command_15,config_command,paraphrase,1,ACTION0_END,4,97,-25,75,l,l
confirmation,exp12_config_command_15,config_command,paraphrase,1,ACTION0_END,5,98,-24,1138,""")Ċ",""")
"
confirmation,exp12_config_command_15,config_command,paraphrase,1,ACTION1_END,0,104,-18,481,Ġ-, -
confirmation,exp12_config_command_15,config_command,paraphrase,1,ACTION1_END,1,105,-17,76,m,m
confirmation,exp12_config_command_15,config_command,paraphrase,1,ACTION1_END,2,106,-16,906,Ġapp, app
confirmation,exp12_config_command_15,config_command,paraphrase,1,ACTION1_END,3,107,-15,58254,.inspect,.inspect
confirmation,exp12_config_command_15,config_command,paraphrase,1,ACTION1_END,4,108,-14,64959,_validator,_validator
confirmation,exp12_config_command_15,config_command,paraphrase,1,ACTION1_END,5,109,-13,5130,""")ĊĊ",""")

"
confirmation,exp12_config_command_15,config_command,paraphrase,1,FINAL_INSTRUCTION_END,0,111,-11,279,Ġthe, the
confirmation,exp12_config_command_15,config_command,paraphrase,1,FINAL_INSTRUCTION_END,1,112,-10,3175,Ġsingle, single
confirmation,exp12_config_command_15,config_command,paraphrase,1,FINAL_INSTRUCTION_END,2,113,-9,1790,Ġnext, next
confirmation,exp12_config_command_15,config_command,paraphrase,1,FINAL_INSTRUCTION_END,3,114,-8,1917,Ġaction, action
confirmation,exp12_config_command_15,config_command,paraphrase,1,FINAL_INSTRUCTION_END,4,115,-7,1431,Ġnow, now
confirmation,exp12_config_command_15,config_command,paraphrase,1,FINAL_INSTRUCTION_END,5,116,-6,13,.,.
confirmation,exp12_config_command_15,config_command,paraphrase,1,USER_END,0,112,-10,3175,Ġsingle, single
confirmation,exp12_config_command_15,config_command,paraphrase,1,USER_END,1,113,-9,1790,Ġnext, next
confirmation,exp12_config_command_15,config_command,paraphrase,1,USER_END,2,114,-8,1917,Ġaction, action
confirmation,exp12_config_command_15,config_command,paraphrase,1,USER_END,3,115,-7,1431,Ġnow, now
confirmation,exp12_config_command_15,config_command,paraphrase,1,USER_END,4,116,-6,13,.,.
confirmation,exp12_config_command_15,config_command,paraphrase,1,USER_END,5,117,-5,151645,<|im_end|>,<|im_end|>
confirmation,exp12_config_command_15,config_command,paraphrase,1,GENERATION_BOUNDARY,0,116,-6,13,.,.
confirmation,exp12_config_command_15,config_command,paraphrase,1,GENERATION_BOUNDARY,1,117,-5,151645,<|im_end|>,<|im_end|>
confirmation,exp12_config_command_15,config_command,paraphrase,1,GENERATION_BOUNDARY,2,118,-4,198,Ċ,"
"
confirmation,exp12_config_command_15,config_command,paraphrase,1,GENERATION_BOUNDARY,3,119,-3,151644,<|im_start|>,<|im_start|>
confirmation,exp12_config_command_15,config_command,paraphrase,1,GENERATION_BOUNDARY,4,120,-2,77091,assistant,assistant
confirmation,exp12_config_command_15,config_command,paraphrase,1,GENERATION_BOUNDARY,5,121,-1,198,Ċ,"
"
confirmation,exp12_docs_code_02,docs_code,canonical,0,SKILL_END,0,29,-96,11,",",","
confirmation,exp12_docs_code_02,docs_code,canonical,0,SKILL_END,1,30,-95,1221,Ġthen, then
confirmation,exp12_docs_code_02,docs_code,canonical,0,SKILL_END,2,31,-94,24085,Ġinspect, inspect
confirmation,exp12_docs_code_02,docs_code,canonical,0,SKILL_END,3,32,-93,2205,Ġlocal, local
confirmation,exp12_docs_code_02,docs_code,canonical,0,SKILL_END,4,33,-92,8129,Ġimplementation, implementation
confirmation,exp12_docs_code_02,docs_code,canonical,0,SKILL_END,5,34,-91,382,.ĊĊ,".

"
confirmation,exp12_docs_code_02,docs_code,canonical,0,SYSTEM_END,0,41,-84,29130,Ġdeciding, deciding
confirmation,exp12_docs_code_02,docs_code,canonical,0,SYSTEM_END,1,42,-83,279,Ġthe, the
confirmation,exp12_docs_code_02,docs_code,canonical,0,SYSTEM_END,2,43,-82,1156,Ġfirst, first
confirmation,exp12_docs_code_02,docs_code,canonical,0,SYSTEM_END,3,44,-81,1917,Ġaction, action
confirmation,exp12_docs_code_02,docs_code,canonical,0,SYSTEM_END,4,45,-80,13,.,.
confirmation,exp12_docs_code_02,docs_code,canonical,0,SYSTEM_END,5,46,-79,151645,<|im_end|>,<|im_end|>
confirmation,exp12_docs_code_02,docs_code,canonical,0,ISSUE_END,0,75,-50,323,Ġand, and
confirmation,exp12_docs_code_02,docs_code,canonical,0,ISSUE_END,1,76,-49,2205,Ġlocal, local
confirmation,exp12_docs_code_02,docs_code,canonical,0,ISSUE_END,2,77,-48,8129,Ġimplementation, implementation
confirmation,exp12_docs_code_02,docs_code,canonical,0,ISSUE_END,3,78,-47,525,Ġare, are
confirmation,exp12_docs_code_02,docs_code,canonical,0,ISSUE_END,4,79,-46,2500,Ġavailable, available
confirmation,exp12_docs_code_02,docs_code,canonical,0,ISSUE_END,5,80,-45,382,.ĊĊ,".

"
confirmation,exp12_docs_code_02,docs_code,canonical,0,DETAIL_END,0,87,-38,1459,Ġpoint, point
confirmation,exp12_docs_code_02,docs_code,canonical,0,DETAIL_END,1,88,-37,374,Ġis, is
confirmation,exp12_docs_code_02,docs_code,canonical,0,DETAIL_END,2,89,-36,1565,Ġ`, `
confirmation,exp12_docs_code_02,docs_code,canonical,0,DETAIL_END,3,90,-35,8966,route,route
confirmation,exp12_docs_code_02,docs_code,canonical,0,DETAIL_END,4,91,-34,7893,_request,_request
confirmation,exp12_docs_code_02,docs_code,canonical,0,DETAIL_END,5,92,-33,62338,`.ĊĊ,"`.

"
confirmation,exp12_docs_code_02,docs_code,canonical,0,ACTION0_END,0,99,-26,49692,_docs,_docs
confirmation,exp12_docs_code_02,docs_code,canonical,0,ACTION0_END,1,100,-25,445,"(""","("""
confirmation,exp12_docs_code_02,docs_code,canonical,0,ACTION0_END,2,101,-24,3678,click,click
confirmation,exp12_docs_code_02,docs_code,canonical,0,ACTION0_END,3,102,-23,12714,.Command,.Command
confirmation,exp12_docs_code_02,docs_code,canonical,0,ACTION0_END,4,103,-22,27110,.invoke,.invoke
confirmation,exp12_docs_code_02,docs_code,canonical,0,ACTION0_END,5,104,-21,1138,""")Ċ",""")
"
confirmation,exp12_docs_code_02,docs_code,canonical,0,ACTION1_END,0,107,-18,2458,_file,_file
confirmation,exp12_docs_code_02,docs_code,canonical,0,ACTION1_END,1,108,-17,445,"(""","("""
confirmation,exp12_docs_code_02,docs_code,canonical,0,ACTION1_END,2,109,-16,3548,src,src
confirmation,exp12_docs_code_02,docs_code,canonical,0,ACTION1_END,3,110,-15,18546,/router,/router
confirmation,exp12_docs_code_02,docs_code,canonical,0,ACTION1_END,4,111,-14,7197,.py,.py
confirmation,exp12_docs_code_02,docs_code,canonical,0,ACTION1_END,5,112,-13,5130,""")ĊĊ",""")

"
confirmation,exp12_docs_code_02,docs_code,canonical,0,FINAL_INSTRUCTION_END,0,114,-11,279,Ġthe, the
confirmation,exp12_docs_code_02,docs_code,canonical,0,FINAL_INSTRUCTION_END,1,115,-10,3175,Ġsingle, single
confirmation,exp12_docs_code_02,docs_code,canonical,0,FINAL_INSTRUCTION_END,2,116,-9,1790,Ġnext, next
confirmation,exp12_docs_code_02,docs_code,canonical,0,FINAL_INSTRUCTION_END,3,117,-8,1917,Ġaction, action
confirmation,exp12_docs_code_02,docs_code,canonical,0,FINAL_INSTRUCTION_END,4,118,-7,1431,Ġnow, now
confirmation,exp12_docs_code_02,docs_code,canonical,0,FINAL_INSTRUCTION_END,5,119,-6,13,.,.
confirmation,exp12_docs_code_02,docs_code,canonical,0,USER_END,0,115,-10,3175,Ġsingle, single
confirmation,exp12_docs_code_02,docs_code,canonical,0,USER_END,1,116,-9,1790,Ġnext, next
confirmation,exp12_docs_code_02,docs_code,canonical,0,USER_END,2,117,-8,1917,Ġaction, action
confirmation,exp12_docs_code_02,docs_code,canonical,0,USER_END,3,118,-7,1431,Ġnow, now
confirmation,exp12_docs_code_02,docs_code,canonical,0,USER_END,4,119,-6,13,.,.
confirmation,exp12_docs_code_02,docs_code,canonical,0,USER_END,5,120,-5,151645,<|im_end|>,<|im_end|>
confirmation,exp12_docs_code_02,docs_code,canonical,0,GENERATION_BOUNDARY,0,119,-6,13,.,.
confirmation,exp12_docs_code_02,docs_code,canonical,0,GENERATION_BOUNDARY,1,120,-5,151645,<|im_end|>,<|im_end|>
confirmation,exp12_docs_code_02,docs_code,canonical,0,GENERATION_BOUNDARY,2,121,-4,198,Ċ,"
"
confirmation,exp12_docs_code_02,docs_code,canonical,0,GENERATION_BOUNDARY,3,122,-3,151644,<|im_start|>,<|im_start|>
confirmation,exp12_docs_code_02,docs_code,canonical,0,GENERATION_BOUNDARY,4,123,-2,77091,assistant,assistant
confirmation,exp12_docs_code_02,docs_code,canonical,0,GENERATION_BOUNDARY,5,124,-1,198,Ċ,"
"
confirmation,exp12_docs_code_02,docs_code,paraphrase,0,SKILL_END,0,23,-96,1573,Ġbefore, before
confirmation,exp12_docs_code_02,docs_code,paraphrase,0,SKILL_END,1,24,-95,8568,Ġopening, opening
confirmation,exp12_docs_code_02,docs_code,paraphrase,0,SKILL_END,2,25,-94,279,Ġthe, the
confirmation,exp12_docs_code_02,docs_code,paraphrase,0,SKILL_END,3,26,-93,2390,Ġproject, project
confirmation,exp12_docs_code_02,docs_code,paraphrase,0,SKILL_END,4,27,-92,2530,Ġsource, source
confirmation,exp12_docs_code_02,docs_code,paraphrase,0,SKILL_END,5,28,-91,382,.ĊĊ,".

"
confirmation,exp12_docs_code_02,docs_code,paraphrase,0,SYSTEM_END,0,35,-84,29130,Ġdeciding, deciding
confirmation,exp12_docs_code_02,docs_code,paraphrase,0,SYSTEM_END,1,36,-83,279,Ġthe, the
confirmation,exp12_docs_code_02,docs_code,paraphrase,0,SYSTEM_END,2,37,-82,1156,Ġfirst, first
confirmation,exp12_docs_code_02,docs_code,paraphrase,0,SYSTEM_END,3,38,-81,1917,Ġaction, action
confirmation,exp12_docs_code_02,docs_code,paraphrase,0,SYSTEM_END,4,39,-80,13,.,.
confirmation,exp12_docs_code_02,docs_code,paraphrase,0,SYSTEM_END,5,40,-79,151645,<|im_end|>,<|im_end|>
confirmation,exp12_docs_code_02,docs_code,paraphrase,0,ISSUE_END,0,69,-50,323,Ġand, and
confirmation,exp12_docs_code_02,docs_code,paraphrase,0,ISSUE_END,1,70,-49,2205,Ġlocal, local
confirmation,exp12_docs_code_02,docs_code,paraphrase,0,ISSUE_END,2,71,-48,8129,Ġimplementation, implementation
confirmation,exp12_docs_code_02,docs_code,paraphrase,0,ISSUE_END,3,72,-47,525,Ġare, are
confirmation,exp12_docs_code_02,docs_code,paraphrase,0,ISSUE_END,4,73,-46,2500,Ġavailable, available
confirmation,exp12_docs_code_02,docs_code,paraphrase,0,ISSUE_END,5,74,-45,382,.ĊĊ,".

"
confirmation,exp12_docs_code_02,docs_code,paraphrase,0,DETAIL_END,0,81,-38,1459,Ġpoint, point
confirmation,exp12_docs_code_02,docs_code,paraphrase,0,DETAIL_END,1,82,-37,374,Ġis, is
confirmation,exp12_docs_code_02,docs_code,paraphrase,0,DETAIL_END,2,83,-36,1565,Ġ`, `
confirmation,exp12_docs_code_02,docs_code,paraphrase,0,DETAIL_END,3,84,-35,8966,route,route
confirmation,exp12_docs_code_02,docs_code,paraphrase,0,DETAIL_END,4,85,-34,7893,_request,_request
confirmation,exp12_docs_code_02,docs_code,paraphrase,0,DETAIL_END,5,86,-33,62338,`.ĊĊ,"`.

"
confirmation,exp12_docs_code_02,docs_code,paraphrase,0,ACTION0_END,0,93,-26,49692,_docs,_docs
confirmation,exp12_docs_code_02,docs_code,paraphrase,0,ACTION0_END,1,94,-25,445,"(""","("""
confirmation,exp12_docs_code_02,docs_code,paraphrase,0,ACTION0_END,2,95,-24,3678,click,click
confirmation,exp12_docs_code_02,docs_code,paraphrase,0,ACTION0_END,3,96,-23,12714,.Command,.Command
confirmation,exp12_docs_code_02,docs_code,paraphrase,0,ACTION0_END,4,97,-22,27110,.invoke,.invoke
confirmation,exp12_docs_code_02,docs_code,paraphrase,0,ACTION0_END,5,98,-21,1138,""")Ċ",""")
"
confirmation,exp12_docs_code_02,docs_code,paraphrase,0,ACTION1_END,0,101,-18,2458,_file,_file
confirmation,exp12_docs_code_02,docs_code,paraphrase,0,ACTION1_END,1,102,-17,445,"(""","("""
confirmation,exp12_docs_code_02,docs_code,paraphrase,0,ACTION1_END,2,103,-16,3548,src,src
confirmation,exp12_docs_code_02,docs_code,paraphrase,0,ACTION1_END,3,104,-15,18546,/router,/router
confirmation,exp12_docs_code_02,docs_code,paraphrase,0,ACTION1_END,4,105,-14,7197,.py,.py
confirmation,exp12_docs_code_02,docs_code,paraphrase,0,ACTION1_END,5,106,-13,5130,""")ĊĊ",""")

"
confirmation,exp12_docs_code_02,docs_code,paraphrase,0,FINAL_INSTRUCTION_END,0,108,-11,279,Ġthe, the
confirmation,exp12_docs_code_02,docs_code,paraphrase,0,FINAL_INSTRUCTION_END,1,109,-10,3175,Ġsingle, single
confirmation,exp12_docs_code_02,docs_code,paraphrase,0,FINAL_INSTRUCTION_END,2,110,-9,1790,Ġnext, next
confirmation,exp12_docs_code_02,docs_code,paraphrase,0,FINAL_INSTRUCTION_END,3,111,-8,1917,Ġaction, action
confirmation,exp12_docs_code_02,docs_code,paraphrase,0,FINAL_INSTRUCTION_END,4,112,-7,1431,Ġnow, now
confirmation,exp12_docs_code_02,docs_code,paraphrase,0,FINAL_INSTRUCTION_END,5,113,-6,13,.,.
confirmation,exp12_docs_code_02,docs_code,paraphrase,0,USER_END,0,109,-10,3175,Ġsingle, single
confirmation,exp12_docs_code_02,docs_code,paraphrase,0,USER_END,1,110,-9,1790,Ġnext, next
confirmation,exp12_docs_code_02,docs_code,paraphrase,0,USER_END,2,111,-8,1917,Ġaction, action
confirmation,exp12_docs_code_02,docs_code,paraphrase,0,USER_END,3,112,-7,1431,Ġnow, now
confirmation,exp12_docs_code_02,docs_code,paraphrase,0,USER_END,4,113,-6,13,.,.
confirmation,exp12_docs_code_02,docs_code,paraphrase,0,USER_END,5,114,-5,151645,<|im_end|>,<|im_end|>
confirmation,exp12_docs_code_02,docs_code,paraphrase,0,GENERATION_BOUNDARY,0,113,-6,13,.,.
confirmation,exp12_docs_code_02,docs_code,paraphrase,0,GENERATION_BOUNDARY,1,114,-5,151645,<|im_end|>,<|im_end|>
confirmation,exp12_docs_code_02,docs_code,paraphrase,0,GENERATION_BOUNDARY,2,115,-4,198,Ċ,"
"
confirmation,exp12_docs_code_02,docs_code,paraphrase,0,GENERATION_BOUNDARY,3,116,-3,151644,<|im_start|>,<|im_start|>
confirmation,exp12_docs_code_02,docs_code,paraphrase,0,GENERATION_BOUNDARY,4,117,-2,77091,assistant,assistant
confirmation,exp12_docs_code_02,docs_code,paraphrase,0,GENERATION_BOUNDARY,5,118,-1,198,Ċ,"
"
confirmation,exp12_docs_code_02,docs_code,canonical,1,SKILL_END,0,28,-96,1779,Ġcheck, check
confirmation,exp12_docs_code_02,docs_code,canonical,1,SKILL_END,1,29,-95,279,Ġthe, the
confirmation,exp12_docs_code_02,docs_code,canonical,1,SKILL_END,2,30,-94,5333,ĠAPI, API
confirmation,exp12_docs_code_02,docs_code,canonical,1,SKILL_END,3,31,-93,5785,Ġreference, reference
confirmation,exp12_docs_code_02,docs_code,canonical,1,SKILL_END,4,32,-92,47943,Ġafterward, afterward
confirmation,exp12_docs_code_02,docs_code,canonical,1,SKILL_END,5,33,-91,382,.ĊĊ,".

"
confirmation,exp12_docs_code_02,docs_code,canonical,1,SYSTEM_END,0,40,-84,29130,Ġdeciding, deciding
confirmation,exp12_docs_code_02,docs_code,canonical,1,SYSTEM_END,1,41,-83,279,Ġthe, the
confirmation,exp12_docs_code_02,docs_code,canonical,1,SYSTEM_END,2,42,-82,1156,Ġfirst, first
confirmation,exp12_docs_code_02,docs_code,canonical,1,SYSTEM_END,3,43,-81,1917,Ġaction, action
confirmation,exp12_docs_code_02,docs_code,canonical,1,SYSTEM_END,4,44,-80,13,.,.
confirmation,exp12_docs_code_02,docs_code,canonical,1,SYSTEM_END,5,45,-79,151645,<|im_end|>,<|im_end|>
confirmation,exp12_docs_code_02,docs_code,canonical,1,ISSUE_END,0,74,-50,323,Ġand, and
confirmation,exp12_docs_code_02,docs_code,canonical,1,ISSUE_END,1,75,-49,2205,Ġlocal, local
confirmation,exp12_docs_code_02,docs_code,canonical,1,ISSUE_END,2,76,-48,8129,Ġimplementation, implementation
confirmation,exp12_docs_code_02,docs_code,canonical,1,ISSUE_END,3,77,-47,525,Ġare, are
confirmation,exp12_docs_code_02,docs_code,canonical,1,ISSUE_END,4,78,-46,2500,Ġavailable, available
confirmation,exp12_docs_code_02,docs_code,canonical,1,ISSUE_END,5,79,-45,382,.ĊĊ,".

"
confirmation,exp12_docs_code_02,docs_code,canonical,1,DETAIL_END,0,86,-38,1459,Ġpoint, point
confirmation,exp12_docs_code_02,docs_code,canonical,1,DETAIL_END,1,87,-37,374,Ġis, is
confirmation,exp12_docs_code_02,docs_code,canonical,1,DETAIL_END,2,88,-36,1565,Ġ`, `
confirmation,exp12_docs_code_02,docs_code,canonical,1,DETAIL_END,3,89,-35,8966,route,route
confirmation,exp12_docs_code_02,docs_code,canonical,1,DETAIL_END,4,90,-34,7893,_request,_request
confirmation,exp12_docs_code_02,docs_code,canonical,1,DETAIL_END,5,91,-33,62338,`.ĊĊ,"`.

"
confirmation,exp12_docs_code_02,docs_code,canonical,1,ACTION0_END,0,98,-26,49692,_docs,_docs
confirmation,exp12_docs_code_02,docs_code,canonical,1,ACTION0_END,1,99,-25,445,"(""","("""
confirmation,exp12_docs_code_02,docs_code,canonical,1,ACTION0_END,2,100,-24,3678,click,click
confirmation,exp12_docs_code_02,docs_code,canonical,1,ACTION0_END,3,101,-23,12714,.Command,.Command
confirmation,exp12_docs_code_02,docs_code,canonical,1,ACTION0_END,4,102,-22,27110,.invoke,.invoke
confirmation,exp12_docs_code_02,docs_code,canonical,1,ACTION0_END,5,103,-21,1138,""")Ċ",""")
"
confirmation,exp12_docs_code_02,docs_code,canonical,1,ACTION1_END,0,106,-18,2458,_file,_file
confirmation,exp12_docs_code_02,docs_code,canonical,1,ACTION1_END,1,107,-17,445,"(""","("""
confirmation,exp12_docs_code_02,docs_code,canonical,1,ACTION1_END,2,108,-16,3548,src,src
confirmation,exp12_docs_code_02,docs_code,canonical,1,ACTION1_END,3,109,-15,18546,/router,/router
confirmation,exp12_docs_code_02,docs_code,canonical,1,ACTION1_END,4,110,-14,7197,.py,.py
confirmation,exp12_docs_code_02,docs_code,canonical,1,ACTION1_END,5,111,-13,5130,""")ĊĊ",""")

"
confirmation,exp12_docs_code_02,docs_code,canonical,1,FINAL_INSTRUCTION_END,0,113,-11,279,Ġthe, the
confirmation,exp12_docs_code_02,docs_code,canonical,1,FINAL_INSTRUCTION_END,1,114,-10,3175,Ġsingle, single
confirmation,exp12_docs_code_02,docs_code,canonical,1,FINAL_INSTRUCTION_END,2,115,-9,1790,Ġnext, next
confirmation,exp12_docs_code_02,docs_code,canonical,1,FINAL_INSTRUCTION_END,3,116,-8,1917,Ġaction, action
confirmation,exp12_docs_code_02,docs_code,canonical,1,FINAL_INSTRUCTION_END,4,117,-7,1431,Ġnow, now
confirmation,exp12_docs_code_02,docs_code,canonical,1,FINAL_INSTRUCTION_END,5,118,-6,13,.,.
confirmation,exp12_docs_code_02,docs_code,canonical,1,USER_END,0,114,-10,3175,Ġsingle, single
confirmation,exp12_docs_code_02,docs_code,canonical,1,USER_END,1,115,-9,1790,Ġnext, next
confirmation,exp12_docs_code_02,docs_code,canonical,1,USER_END,2,116,-8,1917,Ġaction, action
confirmation,exp12_docs_code_02,docs_code,canonical,1,USER_END,3,117,-7,1431,Ġnow, now
confirmation,exp12_docs_code_02,docs_code,canonical,1,USER_END,4,118,-6,13,.,.
confirmation,exp12_docs_code_02,docs_code,canonical,1,USER_END,5,119,-5,151645,<|im_end|>,<|im_end|>
confirmation,exp12_docs_code_02,docs_code,canonical,1,GENERATION_BOUNDARY,0,118,-6,13,.,.
confirmation,exp12_docs_code_02,docs_code,canonical,1,GENERATION_BOUNDARY,1,119,-5,151645,<|im_end|>,<|im_end|>
confirmation,exp12_docs_code_02,docs_code,canonical,1,GENERATION_BOUNDARY,2,120,-4,198,Ċ,"
"
confirmation,exp12_docs_code_02,docs_code,canonical,1,GENERATION_BOUNDARY,3,121,-3,151644,<|im_start|>,<|im_start|>
confirmation,exp12_docs_code_02,docs_code,canonical,1,GENERATION_BOUNDARY,4,122,-2,77091,assistant,assistant
confirmation,exp12_docs_code_02,docs_code,canonical,1,GENERATION_BOUNDARY,5,123,-1,198,Ċ,"
"
confirmation,exp12_docs_code_02,docs_code,paraphrase,1,SKILL_END,0,29,-96,26,;,;
confirmation,exp12_docs_code_02,docs_code,paraphrase,1,SKILL_END,1,30,-95,9705,Ġdocumentation, documentation
confirmation,exp12_docs_code_02,docs_code,paraphrase,1,SKILL_END,2,31,-94,18615,Ġlookup, lookup
confirmation,exp12_docs_code_02,docs_code,paraphrase,1,SKILL_END,3,32,-93,374,Ġis, is
confirmation,exp12_docs_code_02,docs_code,paraphrase,1,SKILL_END,4,33,-92,26239,Ġdeferred, deferred
confirmation,exp12_docs_code_02,docs_code,paraphrase,1,SKILL_END,5,34,-91,382,.ĊĊ,".

"
confirmation,exp12_docs_code_02,docs_code,paraphrase,1,SYSTEM_END,0,41,-84,29130,Ġdeciding, deciding
confirmation,exp12_docs_code_02,docs_code,paraphrase,1,SYSTEM_END,1,42,-83,279,Ġthe, the
confirmation,exp12_docs_code_02,docs_code,paraphrase,1,SYSTEM_END,2,43,-82,1156,Ġfirst, first
confirmation,exp12_docs_code_02,docs_code,paraphrase,1,SYSTEM_END,3,44,-81,1917,Ġaction, action
confirmation,exp12_docs_code_02,docs_code,paraphrase,1,SYSTEM_END,4,45,-80,13,.,.
confirmation,exp12_docs_code_02,docs_code,paraphrase,1,SYSTEM_END,5,46,-79,151645,<|im_end|>,<|im_end|>
confirmation,exp12_docs_code_02,docs_code,paraphrase,1,ISSUE_END,0,75,-50,323,Ġand, and
confirmation,exp12_docs_code_02,docs_code,paraphrase,1,ISSUE_END,1,76,-49,2205,Ġlocal, local
confirmation,exp12_docs_code_02,docs_code,paraphrase,1,ISSUE_END,2,77,-48,8129,Ġimplementation, implementation
confirmation,exp12_docs_code_02,docs_code,paraphrase,1,ISSUE_END,3,78,-47,525,Ġare, are
confirmation,exp12_docs_code_02,docs_code,paraphrase,1,ISSUE_END,4,79,-46,2500,Ġavailable, available
confirmation,exp12_docs_code_02,docs_code,paraphrase,1,ISSUE_END,5,80,-45,382,.ĊĊ,".

"
confirmation,exp12_docs_code_02,docs_code,paraphrase,1,DETAIL_END,0,87,-38,1459,Ġpoint, point
confirmation,exp12_docs_code_02,docs_code,paraphrase,1,DETAIL_END,1,88,-37,374,Ġis, is
confirmation,exp12_docs_code_02,docs_code,paraphrase,1,DETAIL_END,2,89,-36,1565,Ġ`, `
confirmation,exp12_docs_code_02,docs_code,paraphrase,1,DETAIL_END,3,90,-35,8966,route,route
confirmation,exp12_docs_code_02,docs_code,paraphrase,1,DETAIL_END,4,91,-34,7893,_request,_request
confirmation,exp12_docs_code_02,docs_code,paraphrase,1,DETAIL_END,5,92,-33,62338,`.ĊĊ,"`.

"
confirmation,exp12_docs_code_02,docs_code,paraphrase,1,ACTION0_END,0,99,-26,49692,_docs,_docs
confirmation,exp12_docs_code_02,docs_code,paraphrase,1,ACTION0_END,1,100,-25,445,"(""","("""
confirmation,exp12_docs_code_02,docs_code,paraphrase,1,ACTION0_END,2,101,-24,3678,click,click
confirmation,exp12_docs_code_02,docs_code,paraphrase,1,ACTION0_END,3,102,-23,12714,.Command,.Command
confirmation,exp12_docs_code_02,docs_code,paraphrase,1,ACTION0_END,4,103,-22,27110,.invoke,.invoke
confirmation,exp12_docs_code_02,docs_code,paraphrase,1,ACTION0_END,5,104,-21,1138,""")Ċ",""")
"
confirmation,exp12_docs_code_02,docs_code,paraphrase,1,ACTION1_END,0,107,-18,2458,_file,_file
confirmation,exp12_docs_code_02,docs_code,paraphrase,1,ACTION1_END,1,108,-17,445,"(""","("""
confirmation,exp12_docs_code_02,docs_code,paraphrase,1,ACTION1_END,2,109,-16,3548,src,src
confirmation,exp12_docs_code_02,docs_code,paraphrase,1,ACTION1_END,3,110,-15,18546,/router,/router
confirmation,exp12_docs_code_02,docs_code,paraphrase,1,ACTION1_END,4,111,-14,7197,.py,.py
confirmation,exp12_docs_code_02,docs_code,paraphrase,1,ACTION1_END,5,112,-13,5130,""")ĊĊ",""")

"
confirmation,exp12_docs_code_02,docs_code,paraphrase,1,FINAL_INSTRUCTION_END,0,114,-11,279,Ġthe, the
confirmation,exp12_docs_code_02,docs_code,paraphrase,1,FINAL_INSTRUCTION_END,1,115,-10,3175,Ġsingle, single
confirmation,exp12_docs_code_02,docs_code,paraphrase,1,FINAL_INSTRUCTION_END,2,116,-9,1790,Ġnext, next
confirmation,exp12_docs_code_02,docs_code,paraphrase,1,FINAL_INSTRUCTION_END,3,117,-8,1917,Ġaction, action
confirmation,exp12_docs_code_02,docs_code,paraphrase,1,FINAL_INSTRUCTION_END,4,118,-7,1431,Ġnow, now
confirmation,exp12_docs_code_02,docs_code,paraphrase,1,FINAL_INSTRUCTION_END,5,119,-6,13,.,.
confirmation,exp12_docs_code_02,docs_code,paraphrase,1,USER_END,0,115,-10,3175,Ġsingle, single
confirmation,exp12_docs_code_02,docs_code,paraphrase,1,USER_END,1,116,-9,1790,Ġnext, next
confirmation,exp12_docs_code_02,docs_code,paraphrase,1,USER_END,2,117,-8,1917,Ġaction, action
confirmation,exp12_docs_code_02,docs_code,paraphrase,1,USER_END,3,118,-7,1431,Ġnow, now
confirmation,exp12_docs_code_02,docs_code,paraphrase,1,USER_END,4,119,-6,13,.,.
confirmation,exp12_docs_code_02,docs_code,paraphrase,1,USER_END,5,120,-5,151645,<|im_end|>,<|im_end|>
confirmation,exp12_docs_code_02,docs_code,paraphrase,1,GENERATION_BOUNDARY,0,119,-6,13,.,.
confirmation,exp12_docs_code_02,docs_code,paraphrase,1,GENERATION_BOUNDARY,1,120,-5,151645,<|im_end|>,<|im_end|>
confirmation,exp12_docs_code_02,docs_code,paraphrase,1,GENERATION_BOUNDARY,2,121,-4,198,Ċ,"
"
confirmation,exp12_docs_code_02,docs_code,paraphrase,1,GENERATION_BOUNDARY,3,122,-3,151644,<|im_start|>,<|im_start|>
confirmation,exp12_docs_code_02,docs_code,paraphrase,1,GENERATION_BOUNDARY,4,123,-2,77091,assistant,assistant
confirmation,exp12_docs_code_02,docs_code,paraphrase,1,GENERATION_BOUNDARY,5,124,-1,198,Ċ,"
"
confirmation,exp12_docs_code_04,docs_code,canonical,0,SKILL_END,0,29,-99,11,",",","
confirmation,exp12_docs_code_04,docs_code,canonical,0,SKILL_END,1,30,-98,1221,Ġthen, then
confirmation,exp12_docs_code_04,docs_code,canonical,0,SKILL_END,2,31,-97,24085,Ġinspect, inspect
confirmation,exp12_docs_code_04,docs_code,canonical,0,SKILL_END,3,32,-96,2205,Ġlocal, local
confirmation,exp12_docs_code_04,docs_code,canonical,0,SKILL_END,4,33,-95,8129,Ġimplementation, implementation
confirmation,exp12_docs_code_04,docs_code,canonical,0,SKILL_END,5,34,-94,382,.ĊĊ,".

"
confirmation,exp12_docs_code_04,docs_code,canonical,0,SYSTEM_END,0,41,-87,29130,Ġdeciding, deciding
confirmation,exp12_docs_code_04,docs_code,canonical,0,SYSTEM_END,1,42,-86,279,Ġthe, the
confirmation,exp12_docs_code_04,docs_code,canonical,0,SYSTEM_END,2,43,-85,1156,Ġfirst, first
confirmation,exp12_docs_code_04,docs_code,canonical,0,SYSTEM_END,3,44,-84,1917,Ġaction, action
confirmation,exp12_docs_code_04,docs_code,canonical,0,SYSTEM_END,4,45,-83,13,.,.
confirmation,exp12_docs_code_04,docs_code,canonical,0,SYSTEM_END,5,46,-82,151645,<|im_end|>,<|im_end|>
confirmation,exp12_docs_code_04,docs_code,canonical,0,ISSUE_END,0,76,-52,323,Ġand, and
confirmation,exp12_docs_code_04,docs_code,canonical,0,ISSUE_END,1,77,-51,2205,Ġlocal, local
confirmation,exp12_docs_code_04,docs_code,canonical,0,ISSUE_END,2,78,-50,8129,Ġimplementation, implementation
confirmation,exp12_docs_code_04,docs_code,canonical,0,ISSUE_END,3,79,-49,525,Ġare, are
confirmation,exp12_docs_code_04,docs_code,canonical,0,ISSUE_END,4,80,-48,2500,Ġavailable, available
confirmation,exp12_docs_code_04,docs_code,canonical,0,ISSUE_END,5,81,-47,382,.ĊĊ,".

"
confirmation,exp12_docs_code_04,docs_code,canonical,0,DETAIL_END,0,88,-40,1459,Ġpoint, point
confirmation,exp12_docs_code_04,docs_code,canonical,0,DETAIL_END,1,89,-39,374,Ġis, is
confirmation,exp12_docs_code_04,docs_code,canonical,0,DETAIL_END,2,90,-38,1565,Ġ`, `
confirmation,exp12_docs_code_04,docs_code,canonical,0,DETAIL_END,3,91,-37,28630,schedule,schedule
confirmation,exp12_docs_code_04,docs_code,canonical,0,DETAIL_END,4,92,-36,20298,_job,_job
confirmation,exp12_docs_code_04,docs_code,canonical,0,DETAIL_END,5,93,-35,62338,`.ĊĊ,"`.

"
confirmation,exp12_docs_code_04,docs_code,canonical,0,ACTION0_END,0,101,-27,445,"(""","("""
confirmation,exp12_docs_code_04,docs_code,canonical,0,ACTION0_END,1,102,-26,3544,sql,sql
confirmation,exp12_docs_code_04,docs_code,canonical,0,ACTION0_END,2,103,-25,34905,alchemy,alchemy
confirmation,exp12_docs_code_04,docs_code,canonical,0,ACTION0_END,3,104,-24,20674,.Session,.Session
confirmation,exp12_docs_code_04,docs_code,canonical,0,ACTION0_END,4,105,-23,7769,.execute,.execute
confirmation,exp12_docs_code_04,docs_code,canonical,0,ACTION0_END,5,106,-22,1138,""")Ċ",""")
"
confirmation,exp12_docs_code_04,docs_code,canonical,0,ACTION1_END,0,110,-18,445,"(""","("""
confirmation,exp12_docs_code_04,docs_code,canonical,0,ACTION1_END,1,111,-17,3548,src,src
confirmation,exp12_docs_code_04,docs_code,canonical,0,ACTION1_END,2,112,-16,2687,/s,/s
confirmation,exp12_docs_code_04,docs_code,canonical,0,ACTION1_END,3,113,-15,15222,cheduler,cheduler
confirmation,exp12_docs_code_04,docs_code,canonical,0,ACTION1_END,4,114,-14,7197,.py,.py
confirmation,exp12_docs_code_04,docs_code,canonical,0,ACTION1_END,5,115,-13,5130,""")ĊĊ",""")

"
confirmation,exp12_docs_code_04,docs_code,canonical,0,FINAL_INSTRUCTION_END,0,117,-11,279,Ġthe, the
confirmation,exp12_docs_code_04,docs_code,canonical,0,FINAL_INSTRUCTION_END,1,118,-10,3175,Ġsingle, single
confirmation,exp12_docs_code_04,docs_code,canonical,0,FINAL_INSTRUCTION_END,2,119,-9,1790,Ġnext, next
confirmation,exp12_docs_code_04,docs_code,canonical,0,FINAL_INSTRUCTION_END,3,120,-8,1917,Ġaction, action
confirmation,exp12_docs_code_04,docs_code,canonical,0,FINAL_INSTRUCTION_END,4,121,-7,1431,Ġnow, now
confirmation,exp12_docs_code_04,docs_code,canonical,0,FINAL_INSTRUCTION_END,5,122,-6,13,.,.
confirmation,exp12_docs_code_04,docs_code,canonical,0,USER_END,0,118,-10,3175,Ġsingle, single
confirmation,exp12_docs_code_04,docs_code,canonical,0,USER_END,1,119,-9,1790,Ġnext, next
confirmation,exp12_docs_code_04,docs_code,canonical,0,USER_END,2,120,-8,1917,Ġaction, action
confirmation,exp12_docs_code_04,docs_code,canonical,0,USER_END,3,121,-7,1431,Ġnow, now
confirmation,exp12_docs_code_04,docs_code,canonical,0,USER_END,4,122,-6,13,.,.
confirmation,exp12_docs_code_04,docs_code,canonical,0,USER_END,5,123,-5,151645,<|im_end|>,<|im_end|>
confirmation,exp12_docs_code_04,docs_code,canonical,0,GENERATION_BOUNDARY,0,122,-6,13,.,.
confirmation,exp12_docs_code_04,docs_code,canonical,0,GENERATION_BOUNDARY,1,123,-5,151645,<|im_end|>,<|im_end|>
confirmation,exp12_docs_code_04,docs_code,canonical,0,GENERATION_BOUNDARY,2,124,-4,198,Ċ,"
"
confirmation,exp12_docs_code_04,docs_code,canonical,0,GENERATION_BOUNDARY,3,125,-3,151644,<|im_start|>,<|im_start|>
confirmation,exp12_docs_code_04,docs_code,canonical,0,GENERATION_BOUNDARY,4,126,-2,77091,assistant,assistant
confirmation,exp12_docs_code_04,docs_code,canonical,0,GENERATION_BOUNDARY,5,127,-1,198,Ċ,"
"
confirmation,exp12_docs_code_04,docs_code,paraphrase,0,SKILL_END,0,23,-99,1573,Ġbefore, before
confirmation,exp12_docs_code_04,docs_code,paraphrase,0,SKILL_END,1,24,-98,8568,Ġopening, opening
confirmation,exp12_docs_code_04,docs_code,paraphrase,0,SKILL_END,2,25,-97,279,Ġthe, the
confirmation,exp12_docs_code_04,docs_code,paraphrase,0,SKILL_END,3,26,-96,2390,Ġproject, project
confirmation,exp12_docs_code_04,docs_code,paraphrase,0,SKILL_END,4,27,-95,2530,Ġsource, source
confirmation,exp12_docs_code_04,docs_code,paraphrase,0,SKILL_END,5,28,-94,382,.ĊĊ,".

"
confirmation,exp12_docs_code_04,docs_code,paraphrase,0,SYSTEM_END,0,35,-87,29130,Ġdeciding, deciding
confirmation,exp12_docs_code_04,docs_code,paraphrase,0,SYSTEM_END,1,36,-86,279,Ġthe, the
confirmation,exp12_docs_code_04,docs_code,paraphrase,0,SYSTEM_END,2,37,-85,1156,Ġfirst, first
confirmation,exp12_docs_code_04,docs_code,paraphrase,0,SYSTEM_END,3,38,-84,1917,Ġaction, action
confirmation,exp12_docs_code_04,docs_code,paraphrase,0,SYSTEM_END,4,39,-83,13,.,.
confirmation,exp12_docs_code_04,docs_code,paraphrase,0,SYSTEM_END,5,40,-82,151645,<|im_end|>,<|im_end|>
confirmation,exp12_docs_code_04,docs_code,paraphrase,0,ISSUE_END,0,70,-52,323,Ġand, and
confirmation,exp12_docs_code_04,docs_code,paraphrase,0,ISSUE_END,1,71,-51,2205,Ġlocal, local
confirmation,exp12_docs_code_04,docs_code,paraphrase,0,ISSUE_END,2,72,-50,8129,Ġimplementation, implementation
confirmation,exp12_docs_code_04,docs_code,paraphrase,0,ISSUE_END,3,73,-49,525,Ġare, are
confirmation,exp12_docs_code_04,docs_code,paraphrase,0,ISSUE_END,4,74,-48,2500,Ġavailable, available
confirmation,exp12_docs_code_04,docs_code,paraphrase,0,ISSUE_END,5,75,-47,382,.ĊĊ,".

"
confirmation,exp12_docs_code_04,docs_code,paraphrase,0,DETAIL_END,0,82,-40,1459,Ġpoint, point
confirmation,exp12_docs_code_04,docs_code,paraphrase,0,DETAIL_END,1,83,-39,374,Ġis, is
confirmation,exp12_docs_code_04,docs_code,paraphrase,0,DETAIL_END,2,84,-38,1565,Ġ`, `
confirmation,exp12_docs_code_04,docs_code,paraphrase,0,DETAIL_END,3,85,-37,28630,schedule,schedule
confirmation,exp12_docs_code_04,docs_code,paraphrase,0,DETAIL_END,4,86,-36,20298,_job,_job
confirmation,exp12_docs_code_04,docs_code,paraphrase,0,DETAIL_END,5,87,-35,62338,`.ĊĊ,"`.

"
confirmation,exp12_docs_code_04,docs_code,paraphrase,0,ACTION0_END,0,95,-27,445,"(""","("""
confirmation,exp12_docs_code_04,docs_code,paraphrase,0,ACTION0_END,1,96,-26,3544,sql,sql
confirmation,exp12_docs_code_04,docs_code,paraphrase,0,ACTION0_END,2,97,-25,34905,alchemy,alchemy
confirmation,exp12_docs_code_04,docs_code,paraphrase,0,ACTION0_END,3,98,-24,20674,.Session,.Session
confirmation,exp12_docs_code_04,docs_code,paraphrase,0,ACTION0_END,4,99,-23,7769,.execute,.execute
confirmation,exp12_docs_code_04,docs_code,paraphrase,0,ACTION0_END,5,100,-22,1138,""")Ċ",""")
"
confirmation,exp12_docs_code_04,docs_code,paraphrase,0,ACTION1_END,0,104,-18,445,"(""","("""
confirmation,exp12_docs_code_04,docs_code,paraphrase,0,ACTION1_END,1,105,-17,3548,src,src
confirmation,exp12_docs_code_04,docs_code,paraphrase,0,ACTION1_END,2,106,-16,2687,/s,/s
confirmation,exp12_docs_code_04,docs_code,paraphrase,0,ACTION1_END,3,107,-15,15222,cheduler,cheduler
confirmation,exp12_docs_code_04,docs_code,paraphrase,0,ACTION1_END,4,108,-14,7197,.py,.py
confirmation,exp12_docs_code_04,docs_code,paraphrase,0,ACTION1_END,5,109,-13,5130,""")ĊĊ",""")

"
confirmation,exp12_docs_code_04,docs_code,paraphrase,0,FINAL_INSTRUCTION_END,0,111,-11,279,Ġthe, the
confirmation,exp12_docs_code_04,docs_code,paraphrase,0,FINAL_INSTRUCTION_END,1,112,-10,3175,Ġsingle, single
confirmation,exp12_docs_code_04,docs_code,paraphrase,0,FINAL_INSTRUCTION_END,2,113,-9,1790,Ġnext, next
confirmation,exp12_docs_code_04,docs_code,paraphrase,0,FINAL_INSTRUCTION_END,3,114,-8,1917,Ġaction, action
confirmation,exp12_docs_code_04,docs_code,paraphrase,0,FINAL_INSTRUCTION_END,4,115,-7,1431,Ġnow, now
confirmation,exp12_docs_code_04,docs_code,paraphrase,0,FINAL_INSTRUCTION_END,5,116,-6,13,.,.
confirmation,exp12_docs_code_04,docs_code,paraphrase,0,USER_END,0,112,-10,3175,Ġsingle, single
confirmation,exp12_docs_code_04,docs_code,paraphrase,0,USER_END,1,113,-9,1790,Ġnext, next
confirmation,exp12_docs_code_04,docs_code,paraphrase,0,USER_END,2,114,-8,1917,Ġaction, action
confirmation,exp12_docs_code_04,docs_code,paraphrase,0,USER_END,3,115,-7,1431,Ġnow, now
confirmation,exp12_docs_code_04,docs_code,paraphrase,0,USER_END,4,116,-6,13,.,.
confirmation,exp12_docs_code_04,docs_code,paraphrase,0,USER_END,5,117,-5,151645,<|im_end|>,<|im_end|>
confirmation,exp12_docs_code_04,docs_code,paraphrase,0,GENERATION_BOUNDARY,0,116,-6,13,.,.
confirmation,exp12_docs_code_04,docs_code,paraphrase,0,GENERATION_BOUNDARY,1,117,-5,151645,<|im_end|>,<|im_end|>
confirmation,exp12_docs_code_04,docs_code,paraphrase,0,GENERATION_BOUNDARY,2,118,-4,198,Ċ,"
"
confirmation,exp12_docs_code_04,docs_code,paraphrase,0,GENERATION_BOUNDARY,3,119,-3,151644,<|im_start|>,<|im_start|>
confirmation,exp12_docs_code_04,docs_code,paraphrase,0,GENERATION_BOUNDARY,4,120,-2,77091,assistant,assistant
confirmation,exp12_docs_code_04,docs_code,paraphrase,0,GENERATION_BOUNDARY,5,121,-1,198,Ċ,"
"
confirmation,exp12_docs_code_04,docs_code,canonical,1,SKILL_END,0,28,-99,1779,Ġcheck, check
confirmation,exp12_docs_code_04,docs_code,canonical,1,SKILL_END,1,29,-98,279,Ġthe, the
confirmation,exp12_docs_code_04,docs_code,canonical,1,SKILL_END,2,30,-97,5333,ĠAPI, API
confirmation,exp12_docs_code_04,docs_code,canonical,1,SKILL_END,3,31,-96,5785,Ġreference, reference
confirmation,exp12_docs_code_04,docs_code,canonical,1,SKILL_END,4,32,-95,47943,Ġafterward, afterward
confirmation,exp12_docs_code_04,docs_code,canonical,1,SKILL_END,5,33,-94,382,.ĊĊ,".

"
confirmation,exp12_docs_code_04,docs_code,canonical,1,SYSTEM_END,0,40,-87,29130,Ġdeciding, deciding
confirmation,exp12_docs_code_04,docs_code,canonical,1,SYSTEM_END,1,41,-86,279,Ġthe, the
confirmation,exp12_docs_code_04,docs_code,canonical,1,SYSTEM_END,2,42,-85,1156,Ġfirst, first
confirmation,exp12_docs_code_04,docs_code,canonical,1,SYSTEM_END,3,43,-84,1917,Ġaction, action
confirmation,exp12_docs_code_04,docs_code,canonical,1,SYSTEM_END,4,44,-83,13,.,.
confirmation,exp12_docs_code_04,docs_code,canonical,1,SYSTEM_END,5,45,-82,151645,<|im_end|>,<|im_end|>
confirmation,exp12_docs_code_04,docs_code,canonical,1,ISSUE_END,0,75,-52,323,Ġand, and
confirmation,exp12_docs_code_04,docs_code,canonical,1,ISSUE_END,1,76,-51,2205,Ġlocal, local
confirmation,exp12_docs_code_04,docs_code,canonical,1,ISSUE_END,2,77,-50,8129,Ġimplementation, implementation
confirmation,exp12_docs_code_04,docs_code,canonical,1,ISSUE_END,3,78,-49,525,Ġare, are
confirmation,exp12_docs_code_04,docs_code,canonical,1,ISSUE_END,4,79,-48,2500,Ġavailable, available
confirmation,exp12_docs_code_04,docs_code,canonical,1,ISSUE_END,5,80,-47,382,.ĊĊ,".

"
confirmation,exp12_docs_code_04,docs_code,canonical,1,DETAIL_END,0,87,-40,1459,Ġpoint, point
confirmation,exp12_docs_code_04,docs_code,canonical,1,DETAIL_END,1,88,-39,374,Ġis, is
confirmation,exp12_docs_code_04,docs_code,canonical,1,DETAIL_END,2,89,-38,1565,Ġ`, `
confirmation,exp12_docs_code_04,docs_code,canonical,1,DETAIL_END,3,90,-37,28630,schedule,schedule
confirmation,exp12_docs_code_04,docs_code,canonical,1,DETAIL_END,4,91,-36,20298,_job,_job
confirmation,exp12_docs_code_04,docs_code,canonical,1,DETAIL_END,5,92,-35,62338,`.ĊĊ,"`.

"
confirmation,exp12_docs_code_04,docs_code,canonical,1,ACTION0_END,0,100,-27,445,"(""","("""
confirmation,exp12_docs_code_04,docs_code,canonical,1,ACTION0_END,1,101,-26,3544,sql,sql
confirmation,exp12_docs_code_04,docs_code,canonical,1,ACTION0_END,2,102,-25,34905,alchemy,alchemy
confirmation,exp12_docs_code_04,docs_code,canonical,1,ACTION0_END,3,103,-24,20674,.Session,.Session
confirmation,exp12_docs_code_04,docs_code,canonical,1,ACTION0_END,4,104,-23,7769,.execute,.execute
confirmation,exp12_docs_code_04,docs_code,canonical,1,ACTION0_END,5,105,-22,1138,""")Ċ",""")
"
confirmation,exp12_docs_code_04,docs_code,canonical,1,ACTION1_END,0,109,-18,445,"(""","("""
confirmation,exp12_docs_code_04,docs_code,canonical,1,ACTION1_END,1,110,-17,3548,src,src
confirmation,exp12_docs_code_04,docs_code,canonical,1,ACTION1_END,2,111,-16,2687,/s,/s
confirmation,exp12_docs_code_04,docs_code,canonical,1,ACTION1_END,3,112,-15,15222,cheduler,cheduler
confirmation,exp12_docs_code_04,docs_code,canonical,1,ACTION1_END,4,113,-14,7197,.py,.py
confirmation,exp12_docs_code_04,docs_code,canonical,1,ACTION1_END,5,114,-13,5130,""")ĊĊ",""")

"
confirmation,exp12_docs_code_04,docs_code,canonical,1,FINAL_INSTRUCTION_END,0,116,-11,279,Ġthe, the
confirmation,exp12_docs_code_04,docs_code,canonical,1,FINAL_INSTRUCTION_END,1,117,-10,3175,Ġsingle, single
confirmation,exp12_docs_code_04,docs_code,canonical,1,FINAL_INSTRUCTION_END,2,118,-9,1790,Ġnext, next
confirmation,exp12_docs_code_04,docs_code,canonical,1,FINAL_INSTRUCTION_END,3,119,-8,1917,Ġaction, action
confirmation,exp12_docs_code_04,docs_code,canonical,1,FINAL_INSTRUCTION_END,4,120,-7,1431,Ġnow, now
confirmation,exp12_docs_code_04,docs_code,canonical,1,FINAL_INSTRUCTION_END,5,121,-6,13,.,.
confirmation,exp12_docs_code_04,docs_code,canonical,1,USER_END,0,117,-10,3175,Ġsingle, single
confirmation,exp12_docs_code_04,docs_code,canonical,1,USER_END,1,118,-9,1790,Ġnext, next
confirmation,exp12_docs_code_04,docs_code,canonical,1,USER_END,2,119,-8,1917,Ġaction, action
confirmation,exp12_docs_code_04,docs_code,canonical,1,USER_END,3,120,-7,1431,Ġnow, now
confirmation,exp12_docs_code_04,docs_code,canonical,1,USER_END,4,121,-6,13,.,.
confirmation,exp12_docs_code_04,docs_code,canonical,1,USER_END,5,122,-5,151645,<|im_end|>,<|im_end|>
confirmation,exp12_docs_code_04,docs_code,canonical,1,GENERATION_BOUNDARY,0,121,-6,13,.,.
confirmation,exp12_docs_code_04,docs_code,canonical,1,GENERATION_BOUNDARY,1,122,-5,151645,<|im_end|>,<|im_end|>
confirmation,exp12_docs_code_04,docs_code,canonical,1,GENERATION_BOUNDARY,2,123,-4,198,Ċ,"
"
confirmation,exp12_docs_code_04,docs_code,canonical,1,GENERATION_BOUNDARY,3,124,-3,151644,<|im_start|>,<|im_start|>
confirmation,exp12_docs_code_04,docs_code,canonical,1,GENERATION_BOUNDARY,4,125,-2,77091,assistant,assistant
confirmation,exp12_docs_code_04,docs_code,canonical,1,GENERATION_BOUNDARY,5,126,-1,198,Ċ,"
"
confirmation,exp12_docs_code_04,docs_code,paraphrase,1,SKILL_END,0,29,-99,26,;,;
confirmation,exp12_docs_code_04,docs_code,paraphrase,1,SKILL_END,1,30,-98,9705,Ġdocumentation, documentation
confirmation,exp12_docs_code_04,docs_code,paraphrase,1,SKILL_END,2,31,-97,18615,Ġlookup, lookup
confirmation,exp12_docs_code_04,docs_code,paraphrase,1,SKILL_END,3,32,-96,374,Ġis, is
confirmation,exp12_docs_code_04,docs_code,paraphrase,1,SKILL_END,4,33,-95,26239,Ġdeferred, deferred
confirmation,exp12_docs_code_04,docs_code,paraphrase,1,SKILL_END,5,34,-94,382,.ĊĊ,".

"
confirmation,exp12_docs_code_04,docs_code,paraphrase,1,SYSTEM_END,0,41,-87,29130,Ġdeciding, deciding
confirmation,exp12_docs_code_04,docs_code,paraphrase,1,SYSTEM_END,1,42,-86,279,Ġthe, the
confirmation,exp12_docs_code_04,docs_code,paraphrase,1,SYSTEM_END,2,43,-85,1156,Ġfirst, first
confirmation,exp12_docs_code_04,docs_code,paraphrase,1,SYSTEM_END,3,44,-84,1917,Ġaction, action
confirmation,exp12_docs_code_04,docs_code,paraphrase,1,SYSTEM_END,4,45,-83,13,.,.
confirmation,exp12_docs_code_04,docs_code,paraphrase,1,SYSTEM_END,5,46,-82,151645,<|im_end|>,<|im_end|>
confirmation,exp12_docs_code_04,docs_code,paraphrase,1,ISSUE_END,0,76,-52,323,Ġand, and
confirmation,exp12_docs_code_04,docs_code,paraphrase,1,ISSUE_END,1,77,-51,2205,Ġlocal, local
confirmation,exp12_docs_code_04,docs_code,paraphrase,1,ISSUE_END,2,78,-50,8129,Ġimplementation, implementation
confirmation,exp12_docs_code_04,docs_code,paraphrase,1,ISSUE_END,3,79,-49,525,Ġare, are
confirmation,exp12_docs_code_04,docs_code,paraphrase,1,ISSUE_END,4,80,-48,2500,Ġavailable, available
confirmation,exp12_docs_code_04,docs_code,paraphrase,1,ISSUE_END,5,81,-47,382,.ĊĊ,".

"
confirmation,exp12_docs_code_04,docs_code,paraphrase,1,DETAIL_END,0,88,-40,1459,Ġpoint, point
confirmation,exp12_docs_code_04,docs_code,paraphrase,1,DETAIL_END,1,89,-39,374,Ġis, is
confirmation,exp12_docs_code_04,docs_code,paraphrase,1,DETAIL_END,2,90,-38,1565,Ġ`, `
confirmation,exp12_docs_code_04,docs_code,paraphrase,1,DETAIL_END,3,91,-37,28630,schedule,schedule
confirmation,exp12_docs_code_04,docs_code,paraphrase,1,DETAIL_END,4,92,-36,20298,_job,_job
confirmation,exp12_docs_code_04,docs_code,paraphrase,1,DETAIL_END,5,93,-35,62338,`.ĊĊ,"`.

"
confirmation,exp12_docs_code_04,docs_code,paraphrase,1,ACTION0_END,0,101,-27,445,"(""","("""
confirmation,exp12_docs_code_04,docs_code,paraphrase,1,ACTION0_END,1,102,-26,3544,sql,sql
confirmation,exp12_docs_code_04,docs_code,paraphrase,1,ACTION0_END,2,103,-25,34905,alchemy,alchemy
confirmation,exp12_docs_code_04,docs_code,paraphrase,1,ACTION0_END,3,104,-24,20674,.Session,.Session
confirmation,exp12_docs_code_04,docs_code,paraphrase,1,ACTION0_END,4,105,-23,7769,.execute,.execute
confirmation,exp12_docs_code_04,docs_code,paraphrase,1,ACTION0_END,5,106,-22,1138,""")Ċ",""")
"
confirmation,exp12_docs_code_04,docs_code,paraphrase,1,ACTION1_END,0,110,-18,445,"(""","("""
confirmation,exp12_docs_code_04,docs_code,paraphrase,1,ACTION1_END,1,111,-17,3548,src,src
confirmation,exp12_docs_code_04,docs_code,paraphrase,1,ACTION1_END,2,112,-16,2687,/s,/s
confirmation,exp12_docs_code_04,docs_code,paraphrase,1,ACTION1_END,3,113,-15,15222,cheduler,cheduler
confirmation,exp12_docs_code_04,docs_code,paraphrase,1,ACTION1_END,4,114,-14,7197,.py,.py
confirmation,exp12_docs_code_04,docs_code,paraphrase,1,ACTION1_END,5,115,-13,5130,""")ĊĊ",""")

"
confirmation,exp12_docs_code_04,docs_code,paraphrase,1,FINAL_INSTRUCTION_END,0,117,-11,279,Ġthe, the
confirmation,exp12_docs_code_04,docs_code,paraphrase,1,FINAL_INSTRUCTION_END,1,118,-10,3175,Ġsingle, single
confirmation,exp12_docs_code_04,docs_code,paraphrase,1,FINAL_INSTRUCTION_END,2,119,-9,1790,Ġnext, next
confirmation,exp12_docs_code_04,docs_code,paraphrase,1,FINAL_INSTRUCTION_END,3,120,-8,1917,Ġaction, action
confirmation,exp12_docs_code_04,docs_code,paraphrase,1,FINAL_INSTRUCTION_END,4,121,-7,1431,Ġnow, now
confirmation,exp12_docs_code_04,docs_code,paraphrase,1,FINAL_INSTRUCTION_END,5,122,-6,13,.,.
confirmation,exp12_docs_code_04,docs_code,paraphrase,1,USER_END,0,118,-10,3175,Ġsingle, single
confirmation,exp12_docs_code_04,docs_code,paraphrase,1,USER_END,1,119,-9,1790,Ġnext, next
confirmation,exp12_docs_code_04,docs_code,paraphrase,1,USER_END,2,120,-8,1917,Ġaction, action
confirmation,exp12_docs_code_04,docs_code,paraphrase,1,USER_END,3,121,-7,1431,Ġnow, now
confirmation,exp12_docs_code_04,docs_code,paraphrase,1,USER_END,4,122,-6,13,.,.
confirmation,exp12_docs_code_04,docs_code,paraphrase,1,USER_END,5,123,-5,151645,<|im_end|>,<|im_end|>
confirmation,exp12_docs_code_04,docs_code,paraphrase,1,GENERATION_BOUNDARY,0,122,-6,13,.,.
confirmation,exp12_docs_code_04,docs_code,paraphrase,1,GENERATION_BOUNDARY,1,123,-5,151645,<|im_end|>,<|im_end|>
confirmation,exp12_docs_code_04,docs_code,paraphrase,1,GENERATION_BOUNDARY,2,124,-4,198,Ċ,"
"
confirmation,exp12_docs_code_04,docs_code,paraphrase,1,GENERATION_BOUNDARY,3,125,-3,151644,<|im_start|>,<|im_start|>
confirmation,exp12_docs_code_04,docs_code,paraphrase,1,GENERATION_BOUNDARY,4,126,-2,77091,assistant,assistant
confirmation,exp12_docs_code_04,docs_code,paraphrase,1,GENERATION_BOUNDARY,5,127,-1,198,Ċ,"
"
confirmation,exp12_docs_code_05,docs_code,canonical,0,SKILL_END,0,29,-102,11,",",","
confirmation,exp12_docs_code_05,docs_code,canonical,0,SKILL_END,1,30,-101,1221,Ġthen, then
confirmation,exp12_docs_code_05,docs_code,canonical,0,SKILL_END,2,31,-100,24085,Ġinspect, inspect
confirmation,exp12_docs_code_05,docs_code,canonical,0,SKILL_END,3,32,-99,2205,Ġlocal, local
confirmation,exp12_docs_code_05,docs_code,canonical,0,SKILL_END,4,33,-98,8129,Ġimplementation, implementation
confirmation,exp12_docs_code_05,docs_code,canonical,0,SKILL_END,5,34,-97,382,.ĊĊ,".

"
confirmation,exp12_docs_code_05,docs_code,canonical,0,SYSTEM_END,0,41,-90,29130,Ġdeciding, deciding
confirmation,exp12_docs_code_05,docs_code,canonical,0,SYSTEM_END,1,42,-89,279,Ġthe, the
confirmation,exp12_docs_code_05,docs_code,canonical,0,SYSTEM_END,2,43,-88,1156,Ġfirst, first
confirmation,exp12_docs_code_05,docs_code,canonical,0,SYSTEM_END,3,44,-87,1917,Ġaction, action
confirmation,exp12_docs_code_05,docs_code,canonical,0,SYSTEM_END,4,45,-86,13,.,.
confirmation,exp12_docs_code_05,docs_code,canonical,0,SYSTEM_END,5,46,-85,151645,<|im_end|>,<|im_end|>
confirmation,exp12_docs_code_05,docs_code,canonical,0,ISSUE_END,0,76,-55,323,Ġand, and
confirmation,exp12_docs_code_05,docs_code,canonical,0,ISSUE_END,1,77,-54,2205,Ġlocal, local
confirmation,exp12_docs_code_05,docs_code,canonical,0,ISSUE_END,2,78,-53,8129,Ġimplementation, implementation
confirmation,exp12_docs_code_05,docs_code,canonical,0,ISSUE_END,3,79,-52,525,Ġare, are
confirmation,exp12_docs_code_05,docs_code,canonical,0,ISSUE_END,4,80,-51,2500,Ġavailable, available
confirmation,exp12_docs_code_05,docs_code,canonical,0,ISSUE_END,5,81,-50,382,.ĊĊ,".

"
confirmation,exp12_docs_code_05,docs_code,canonical,0,DETAIL_END,0,88,-43,1459,Ġpoint, point
confirmation,exp12_docs_code_05,docs_code,canonical,0,DETAIL_END,1,89,-42,374,Ġis, is
confirmation,exp12_docs_code_05,docs_code,canonical,0,DETAIL_END,2,90,-41,1565,Ġ`, `
confirmation,exp12_docs_code_05,docs_code,canonical,0,DETAIL_END,3,91,-40,6343,register,register
confirmation,exp12_docs_code_05,docs_code,canonical,0,DETAIL_END,4,92,-39,23110,_plugin,_plugin
confirmation,exp12_docs_code_05,docs_code,canonical,0,DETAIL_END,5,93,-38,62338,`.ĊĊ,"`.

"
confirmation,exp12_docs_code_05,docs_code,canonical,0,ACTION0_END,0,104,-27,24922,.API,.API
confirmation,exp12_docs_code_05,docs_code,canonical,0,ACTION0_END,1,105,-26,9523,Router,Router
confirmation,exp12_docs_code_05,docs_code,canonical,0,ACTION0_END,2,106,-25,1364,.add,.add
confirmation,exp12_docs_code_05,docs_code,canonical,0,ACTION0_END,3,107,-24,11697,_api,_api
confirmation,exp12_docs_code_05,docs_code,canonical,0,ACTION0_END,4,108,-23,28109,_route,_route
confirmation,exp12_docs_code_05,docs_code,canonical,0,ACTION0_END,5,109,-22,1138,""")Ċ",""")
"
confirmation,exp12_docs_code_05,docs_code,canonical,0,ACTION1_END,0,113,-18,445,"(""","("""
confirmation,exp12_docs_code_05,docs_code,canonical,0,ACTION1_END,1,114,-17,3548,src,src
confirmation,exp12_docs_code_05,docs_code,canonical,0,ACTION1_END,2,115,-16,14,/,/
confirmation,exp12_docs_code_05,docs_code,canonical,0,ACTION1_END,3,116,-15,29172,registry,registry
confirmation,exp12_docs_code_05,docs_code,canonical,0,ACTION1_END,4,117,-14,7197,.py,.py
confirmation,exp12_docs_code_05,docs_code,canonical,0,ACTION1_END,5,118,-13,5130,""")ĊĊ",""")

"
confirmation,exp12_docs_code_05,docs_code,canonical,0,FINAL_INSTRUCTION_END,0,120,-11,279,Ġthe, the
confirmation,exp12_docs_code_05,docs_code,canonical,0,FINAL_INSTRUCTION_END,1,121,-10,3175,Ġsingle, single
confirmation,exp12_docs_code_05,docs_code,canonical,0,FINAL_INSTRUCTION_END,2,122,-9,1790,Ġnext, next
confirmation,exp12_docs_code_05,docs_code,canonical,0,FINAL_INSTRUCTION_END,3,123,-8,1917,Ġaction, action
confirmation,exp12_docs_code_05,docs_code,canonical,0,FINAL_INSTRUCTION_END,4,124,-7,1431,Ġnow, now
confirmation,exp12_docs_code_05,docs_code,canonical,0,FINAL_INSTRUCTION_END,5,125,-6,13,.,.
confirmation,exp12_docs_code_05,docs_code,canonical,0,USER_END,0,121,-10,3175,Ġsingle, single
confirmation,exp12_docs_code_05,docs_code,canonical,0,USER_END,1,122,-9,1790,Ġnext, next
confirmation,exp12_docs_code_05,docs_code,canonical,0,USER_END,2,123,-8,1917,Ġaction, action
confirmation,exp12_docs_code_05,docs_code,canonical,0,USER_END,3,124,-7,1431,Ġnow, now
confirmation,exp12_docs_code_05,docs_code,canonical,0,USER_END,4,125,-6,13,.,.
confirmation,exp12_docs_code_05,docs_code,canonical,0,USER_END,5,126,-5,151645,<|im_end|>,<|im_end|>
confirmation,exp12_docs_code_05,docs_code,canonical,0,GENERATION_BOUNDARY,0,125,-6,13,.,.
confirmation,exp12_docs_code_05,docs_code,canonical,0,GENERATION_BOUNDARY,1,126,-5,151645,<|im_end|>,<|im_end|>
confirmation,exp12_docs_code_05,docs_code,canonical,0,GENERATION_BOUNDARY,2,127,-4,198,Ċ,"
"
confirmation,exp12_docs_code_05,docs_code,canonical,0,GENERATION_BOUNDARY,3,128,-3,151644,<|im_start|>,<|im_start|>
confirmation,exp12_docs_code_05,docs_code,canonical,0,GENERATION_BOUNDARY,4,129,-2,77091,assistant,assistant
confirmation,exp12_docs_code_05,docs_code,canonical,0,GENERATION_BOUNDARY,5,130,-1,198,Ċ,"
"
confirmation,exp12_docs_code_05,docs_code,paraphrase,0,SKILL_END,0,23,-102,1573,Ġbefore, before
confirmation,exp12_docs_code_05,docs_code,paraphrase,0,SKILL_END,1,24,-101,8568,Ġopening, opening
confirmation,exp12_docs_code_05,docs_code,paraphrase,0,SKILL_END,2,25,-100,279,Ġthe, the
confirmation,exp12_docs_code_05,docs_code,paraphrase,0,SKILL_END,3,26,-99,2390,Ġproject, project
confirmation,exp12_docs_code_05,docs_code,paraphrase,0,SKILL_END,4,27,-98,2530,Ġsource, source
confirmation,exp12_docs_code_05,docs_code,paraphrase,0,SKILL_END,5,28,-97,382,.ĊĊ,".

"
confirmation,exp12_docs_code_05,docs_code,paraphrase,0,SYSTEM_END,0,35,-90,29130,Ġdeciding, deciding
confirmation,exp12_docs_code_05,docs_code,paraphrase,0,SYSTEM_END,1,36,-89,279,Ġthe, the
confirmation,exp12_docs_code_05,docs_code,paraphrase,0,SYSTEM_END,2,37,-88,1156,Ġfirst, first
confirmation,exp12_docs_code_05,docs_code,paraphrase,0,SYSTEM_END,3,38,-87,1917,Ġaction, action
confirmation,exp12_docs_code_05,docs_code,paraphrase,0,SYSTEM_END,4,39,-86,13,.,.
confirmation,exp12_docs_code_05,docs_code,paraphrase,0,SYSTEM_END,5,40,-85,151645,<|im_end|>,<|im_end|>
confirmation,exp12_docs_code_05,docs_code,paraphrase,0,ISSUE_END,0,70,-55,323,Ġand, and
confirmation,exp12_docs_code_05,docs_code,paraphrase,0,ISSUE_END,1,71,-54,2205,Ġlocal, local
confirmation,exp12_docs_code_05,docs_code,paraphrase,0,ISSUE_END,2,72,-53,8129,Ġimplementation, implementation
confirmation,exp12_docs_code_05,docs_code,paraphrase,0,ISSUE_END,3,73,-52,525,Ġare, are
confirmation,exp12_docs_code_05,docs_code,paraphrase,0,ISSUE_END,4,74,-51,2500,Ġavailable, available
confirmation,exp12_docs_code_05,docs_code,paraphrase,0,ISSUE_END,5,75,-50,382,.ĊĊ,".

"
confirmation,exp12_docs_code_05,docs_code,paraphrase,0,DETAIL_END,0,82,-43,1459,Ġpoint, point
confirmation,exp12_docs_code_05,docs_code,paraphrase,0,DETAIL_END,1,83,-42,374,Ġis, is
confirmation,exp12_docs_code_05,docs_code,paraphrase,0,DETAIL_END,2,84,-41,1565,Ġ`, `
confirmation,exp12_docs_code_05,docs_code,paraphrase,0,DETAIL_END,3,85,-40,6343,register,register
confirmation,exp12_docs_code_05,docs_code,paraphrase,0,DETAIL_END,4,86,-39,23110,_plugin,_plugin
confirmation,exp12_docs_code_05,docs_code,paraphrase,0,DETAIL_END,5,87,-38,62338,`.ĊĊ,"`.

"
confirmation,exp12_docs_code_05,docs_code,paraphrase,0,ACTION0_END,0,98,-27,24922,.API,.API
confirmation,exp12_docs_code_05,docs_code,paraphrase,0,ACTION0_END,1,99,-26,9523,Router,Router
confirmation,exp12_docs_code_05,docs_code,paraphrase,0,ACTION0_END,2,100,-25,1364,.add,.add
confirmation,exp12_docs_code_05,docs_code,paraphrase,0,ACTION0_END,3,101,-24,11697,_api,_api
confirmation,exp12_docs_code_05,docs_code,paraphrase,0,ACTION0_END,4,102,-23,28109,_route,_route
confirmation,exp12_docs_code_05,docs_code,paraphrase,0,ACTION0_END,5,103,-22,1138,""")Ċ",""")
"
confirmation,exp12_docs_code_05,docs_code,paraphrase,0,ACTION1_END,0,107,-18,445,"(""","("""
confirmation,exp12_docs_code_05,docs_code,paraphrase,0,ACTION1_END,1,108,-17,3548,src,src
confirmation,exp12_docs_code_05,docs_code,paraphrase,0,ACTION1_END,2,109,-16,14,/,/
confirmation,exp12_docs_code_05,docs_code,paraphrase,0,ACTION1_END,3,110,-15,29172,registry,registry
confirmation,exp12_docs_code_05,docs_code,paraphrase,0,ACTION1_END,4,111,-14,7197,.py,.py
confirmation,exp12_docs_code_05,docs_code,paraphrase,0,ACTION1_END,5,112,-13,5130,""")ĊĊ",""")

"
confirmation,exp12_docs_code_05,docs_code,paraphrase,0,FINAL_INSTRUCTION_END,0,114,-11,279,Ġthe, the
confirmation,exp12_docs_code_05,docs_code,paraphrase,0,FINAL_INSTRUCTION_END,1,115,-10,3175,Ġsingle, single
confirmation,exp12_docs_code_05,docs_code,paraphrase,0,FINAL_INSTRUCTION_END,2,116,-9,1790,Ġnext, next
confirmation,exp12_docs_code_05,docs_code,paraphrase,0,FINAL_INSTRUCTION_END,3,117,-8,1917,Ġaction, action
confirmation,exp12_docs_code_05,docs_code,paraphrase,0,FINAL_INSTRUCTION_END,4,118,-7,1431,Ġnow, now
confirmation,exp12_docs_code_05,docs_code,paraphrase,0,FINAL_INSTRUCTION_END,5,119,-6,13,.,.
confirmation,exp12_docs_code_05,docs_code,paraphrase,0,USER_END,0,115,-10,3175,Ġsingle, single
confirmation,exp12_docs_code_05,docs_code,paraphrase,0,USER_END,1,116,-9,1790,Ġnext, next
confirmation,exp12_docs_code_05,docs_code,paraphrase,0,USER_END,2,117,-8,1917,Ġaction, action
confirmation,exp12_docs_code_05,docs_code,paraphrase,0,USER_END,3,118,-7,1431,Ġnow, now
confirmation,exp12_docs_code_05,docs_code,paraphrase,0,USER_END,4,119,-6,13,.,.
confirmation,exp12_docs_code_05,docs_code,paraphrase,0,USER_END,5,120,-5,151645,<|im_end|>,<|im_end|>
confirmation,exp12_docs_code_05,docs_code,paraphrase,0,GENERATION_BOUNDARY,0,119,-6,13,.,.
confirmation,exp12_docs_code_05,docs_code,paraphrase,0,GENERATION_BOUNDARY,1,120,-5,151645,<|im_end|>,<|im_end|>
confirmation,exp12_docs_code_05,docs_code,paraphrase,0,GENERATION_BOUNDARY,2,121,-4,198,Ċ,"
"
confirmation,exp12_docs_code_05,docs_code,paraphrase,0,GENERATION_BOUNDARY,3,122,-3,151644,<|im_start|>,<|im_start|>
confirmation,exp12_docs_code_05,docs_code,paraphrase,0,GENERATION_BOUNDARY,4,123,-2,77091,assistant,assistant
confirmation,exp12_docs_code_05,docs_code,paraphrase,0,GENERATION_BOUNDARY,5,124,-1,198,Ċ,"
"
confirmation,exp12_docs_code_05,docs_code,canonical,1,SKILL_END,0,28,-102,1779,Ġcheck, check
confirmation,exp12_docs_code_05,docs_code,canonical,1,SKILL_END,1,29,-101,279,Ġthe, the
confirmation,exp12_docs_code_05,docs_code,canonical,1,SKILL_END,2,30,-100,5333,ĠAPI, API
confirmation,exp12_docs_code_05,docs_code,canonical,1,SKILL_END,3,31,-99,5785,Ġreference, reference
confirmation,exp12_docs_code_05,docs_code,canonical,1,SKILL_END,4,32,-98,47943,Ġafterward, afterward
confirmation,exp12_docs_code_05,docs_code,canonical,1,SKILL_END,5,33,-97,382,.ĊĊ,".

"
confirmation,exp12_docs_code_05,docs_code,canonical,1,SYSTEM_END,0,40,-90,29130,Ġdeciding, deciding
confirmation,exp12_docs_code_05,docs_code,canonical,1,SYSTEM_END,1,41,-89,279,Ġthe, the
confirmation,exp12_docs_code_05,docs_code,canonical,1,SYSTEM_END,2,42,-88,1156,Ġfirst, first
confirmation,exp12_docs_code_05,docs_code,canonical,1,SYSTEM_END,3,43,-87,1917,Ġaction, action
confirmation,exp12_docs_code_05,docs_code,canonical,1,SYSTEM_END,4,44,-86,13,.,.
confirmation,exp12_docs_code_05,docs_code,canonical,1,SYSTEM_END,5,45,-85,151645,<|im_end|>,<|im_end|>
confirmation,exp12_docs_code_05,docs_code,canonical,1,ISSUE_END,0,75,-55,323,Ġand, and
confirmation,exp12_docs_code_05,docs_code,canonical,1,ISSUE_END,1,76,-54,2205,Ġlocal, local
confirmation,exp12_docs_code_05,docs_code,canonical,1,ISSUE_END,2,77,-53,8129,Ġimplementation, implementation
confirmation,exp12_docs_code_05,docs_code,canonical,1,ISSUE_END,3,78,-52,525,Ġare, are
confirmation,exp12_docs_code_05,docs_code,canonical,1,ISSUE_END,4,79,-51,2500,Ġavailable, available
confirmation,exp12_docs_code_05,docs_code,canonical,1,ISSUE_END,5,80,-50,382,.ĊĊ,".

"
confirmation,exp12_docs_code_05,docs_code,canonical,1,DETAIL_END,0,87,-43,1459,Ġpoint, point
confirmation,exp12_docs_code_05,docs_code,canonical,1,DETAIL_END,1,88,-42,374,Ġis, is
confirmation,exp12_docs_code_05,docs_code,canonical,1,DETAIL_END,2,89,-41,1565,Ġ`, `
confirmation,exp12_docs_code_05,docs_code,canonical,1,DETAIL_END,3,90,-40,6343,register,register
confirmation,exp12_docs_code_05,docs_code,canonical,1,DETAIL_END,4,91,-39,23110,_plugin,_plugin
confirmation,exp12_docs_code_05,docs_code,canonical,1,DETAIL_END,5,92,-38,62338,`.ĊĊ,"`.

"
confirmation,exp12_docs_code_05,docs_code,canonical,1,ACTION0_END,0,103,-27,24922,.API,.API
confirmation,exp12_docs_code_05,docs_code,canonical,1,ACTION0_END,1,104,-26,9523,Router,Router
confirmation,exp12_docs_code_05,docs_code,canonical,1,ACTION0_END,2,105,-25,1364,.add,.add
confirmation,exp12_docs_code_05,docs_code,canonical,1,ACTION0_END,3,106,-24,11697,_api,_api
confirmation,exp12_docs_code_05,docs_code,canonical,1,ACTION0_END,4,107,-23,28109,_route,_route
confirmation,exp12_docs_code_05,docs_code,canonical,1,ACTION0_END,5,108,-22,1138,""")Ċ",""")
"
confirmation,exp12_docs_code_05,docs_code,canonical,1,ACTION1_END,0,112,-18,445,"(""","("""
confirmation,exp12_docs_code_05,docs_code,canonical,1,ACTION1_END,1,113,-17,3548,src,src
confirmation,exp12_docs_code_05,docs_code,canonical,1,ACTION1_END,2,114,-16,14,/,/
confirmation,exp12_docs_code_05,docs_code,canonical,1,ACTION1_END,3,115,-15,29172,registry,registry
confirmation,exp12_docs_code_05,docs_code,canonical,1,ACTION1_END,4,116,-14,7197,.py,.py
confirmation,exp12_docs_code_05,docs_code,canonical,1,ACTION1_END,5,117,-13,5130,""")ĊĊ",""")

"
confirmation,exp12_docs_code_05,docs_code,canonical,1,FINAL_INSTRUCTION_END,0,119,-11,279,Ġthe, the
confirmation,exp12_docs_code_05,docs_code,canonical,1,FINAL_INSTRUCTION_END,1,120,-10,3175,Ġsingle, single
confirmation,exp12_docs_code_05,docs_code,canonical,1,FINAL_INSTRUCTION_END,2,121,-9,1790,Ġnext, next
confirmation,exp12_docs_code_05,docs_code,canonical,1,FINAL_INSTRUCTION_END,3,122,-8,1917,Ġaction, action
confirmation,exp12_docs_code_05,docs_code,canonical,1,FINAL_INSTRUCTION_END,4,123,-7,1431,Ġnow, now
confirmation,exp12_docs_code_05,docs_code,canonical,1,FINAL_INSTRUCTION_END,5,124,-6,13,.,.
confirmation,exp12_docs_code_05,docs_code,canonical,1,USER_END,0,120,-10,3175,Ġsingle, single
confirmation,exp12_docs_code_05,docs_code,canonical,1,USER_END,1,121,-9,1790,Ġnext, next
confirmation,exp12_docs_code_05,docs_code,canonical,1,USER_END,2,122,-8,1917,Ġaction, action
confirmation,exp12_docs_code_05,docs_code,canonical,1,USER_END,3,123,-7,1431,Ġnow, now
confirmation,exp12_docs_code_05,docs_code,canonical,1,USER_END,4,124,-6,13,.,.
confirmation,exp12_docs_code_05,docs_code,canonical,1,USER_END,5,125,-5,151645,<|im_end|>,<|im_end|>
confirmation,exp12_docs_code_05,docs_code,canonical,1,GENERATION_BOUNDARY,0,124,-6,13,.,.
confirmation,exp12_docs_code_05,docs_code,canonical,1,GENERATION_BOUNDARY,1,125,-5,151645,<|im_end|>,<|im_end|>
confirmation,exp12_docs_code_05,docs_code,canonical,1,GENERATION_BOUNDARY,2,126,-4,198,Ċ,"
"
confirmation,exp12_docs_code_05,docs_code,canonical,1,GENERATION_BOUNDARY,3,127,-3,151644,<|im_start|>,<|im_start|>
confirmation,exp12_docs_code_05,docs_code,canonical,1,GENERATION_BOUNDARY,4,128,-2,77091,assistant,assistant
confirmation,exp12_docs_code_05,docs_code,canonical,1,GENERATION_BOUNDARY,5,129,-1,198,Ċ,"
"
confirmation,exp12_docs_code_05,docs_code,paraphrase,1,SKILL_END,0,29,-102,26,;,;
confirmation,exp12_docs_code_05,docs_code,paraphrase,1,SKILL_END,1,30,-101,9705,Ġdocumentation, documentation
confirmation,exp12_docs_code_05,docs_code,paraphrase,1,SKILL_END,2,31,-100,18615,Ġlookup, lookup
confirmation,exp12_docs_code_05,docs_code,paraphrase,1,SKILL_END,3,32,-99,374,Ġis, is
confirmation,exp12_docs_code_05,docs_code,paraphrase,1,SKILL_END,4,33,-98,26239,Ġdeferred, deferred
confirmation,exp12_docs_code_05,docs_code,paraphrase,1,SKILL_END,5,34,-97,382,.ĊĊ,".

"
confirmation,exp12_docs_code_05,docs_code,paraphrase,1,SYSTEM_END,0,41,-90,29130,Ġdeciding, deciding
confirmation,exp12_docs_code_05,docs_code,paraphrase,1,SYSTEM_END,1,42,-89,279,Ġthe, the
confirmation,exp12_docs_code_05,docs_code,paraphrase,1,SYSTEM_END,2,43,-88,1156,Ġfirst, first
confirmation,exp12_docs_code_05,docs_code,paraphrase,1,SYSTEM_END,3,44,-87,1917,Ġaction, action
confirmation,exp12_docs_code_05,docs_code,paraphrase,1,SYSTEM_END,4,45,-86,13,.,.
confirmation,exp12_docs_code_05,docs_code,paraphrase,1,SYSTEM_END,5,46,-85,151645,<|im_end|>,<|im_end|>
confirmation,exp12_docs_code_05,docs_code,paraphrase,1,ISSUE_END,0,76,-55,323,Ġand, and
confirmation,exp12_docs_code_05,docs_code,paraphrase,1,ISSUE_END,1,77,-54,2205,Ġlocal, local
confirmation,exp12_docs_code_05,docs_code,paraphrase,1,ISSUE_END,2,78,-53,8129,Ġimplementation, implementation
confirmation,exp12_docs_code_05,docs_code,paraphrase,1,ISSUE_END,3,79,-52,525,Ġare, are
confirmation,exp12_docs_code_05,docs_code,paraphrase,1,ISSUE_END,4,80,-51,2500,Ġavailable, available
confirmation,exp12_docs_code_05,docs_code,paraphrase,1,ISSUE_END,5,81,-50,382,.ĊĊ,".

"
confirmation,exp12_docs_code_05,docs_code,paraphrase,1,DETAIL_END,0,88,-43,1459,Ġpoint, point
confirmation,exp12_docs_code_05,docs_code,paraphrase,1,DETAIL_END,1,89,-42,374,Ġis, is
confirmation,exp12_docs_code_05,docs_code,paraphrase,1,DETAIL_END,2,90,-41,1565,Ġ`, `
confirmation,exp12_docs_code_05,docs_code,paraphrase,1,DETAIL_END,3,91,-40,6343,register,register
confirmation,exp12_docs_code_05,docs_code,paraphrase,1,DETAIL_END,4,92,-39,23110,_plugin,_plugin
confirmation,exp12_docs_code_05,docs_code,paraphrase,1,DETAIL_END,5,93,-38,62338,`.ĊĊ,"`.

"
confirmation,exp12_docs_code_05,docs_code,paraphrase,1,ACTION0_END,0,104,-27,24922,.API,.API
confirmation,exp12_docs_code_05,docs_code,paraphrase,1,ACTION0_END,1,105,-26,9523,Router,Router
confirmation,exp12_docs_code_05,docs_code,paraphrase,1,ACTION0_END,2,106,-25,1364,.add,.add
confirmation,exp12_docs_code_05,docs_code,paraphrase,1,ACTION0_END,3,107,-24,11697,_api,_api
confirmation,exp12_docs_code_05,docs_code,paraphrase,1,ACTION0_END,4,108,-23,28109,_route,_route
confirmation,exp12_docs_code_05,docs_code,paraphrase,1,ACTION0_END,5,109,-22,1138,""")Ċ",""")
"
confirmation,exp12_docs_code_05,docs_code,paraphrase,1,ACTION1_END,0,113,-18,445,"(""","("""
confirmation,exp12_docs_code_05,docs_code,paraphrase,1,ACTION1_END,1,114,-17,3548,src,src
confirmation,exp12_docs_code_05,docs_code,paraphrase,1,ACTION1_END,2,115,-16,14,/,/
confirmation,exp12_docs_code_05,docs_code,paraphrase,1,ACTION1_END,3,116,-15,29172,registry,registry
confirmation,exp12_docs_code_05,docs_code,paraphrase,1,ACTION1_END,4,117,-14,7197,.py,.py
confirmation,exp12_docs_code_05,docs_code,paraphrase,1,ACTION1_END,5,118,-13,5130,""")ĊĊ",""")

"
confirmation,exp12_docs_code_05,docs_code,paraphrase,1,FINAL_INSTRUCTION_END,0,120,-11,279,Ġthe, the
confirmation,exp12_docs_code_05,docs_code,paraphrase,1,FINAL_INSTRUCTION_END,1,121,-10,3175,Ġsingle, single
confirmation,exp12_docs_code_05,docs_code,paraphrase,1,FINAL_INSTRUCTION_END,2,122,-9,1790,Ġnext, next
confirmation,exp12_docs_code_05,docs_code,paraphrase,1,FINAL_INSTRUCTION_END,3,123,-8,1917,Ġaction, action
confirmation,exp12_docs_code_05,docs_code,paraphrase,1,FINAL_INSTRUCTION_END,4,124,-7,1431,Ġnow, now
confirmation,exp12_docs_code_05,docs_code,paraphrase,1,FINAL_INSTRUCTION_END,5,125,-6,13,.,.
confirmation,exp12_docs_code_05,docs_code,paraphrase,1,USER_END,0,121,-10,3175,Ġsingle, single
confirmation,exp12_docs_code_05,docs_code,paraphrase,1,USER_END,1,122,-9,1790,Ġnext, next
confirmation,exp12_docs_code_05,docs_code,paraphrase,1,USER_END,2,123,-8,1917,Ġaction, action
confirmation,exp12_docs_code_05,docs_code,paraphrase,1,USER_END,3,124,-7,1431,Ġnow, now
confirmation,exp12_docs_code_05,docs_code,paraphrase,1,USER_END,4,125,-6,13,.,.
confirmation,exp12_docs_code_05,docs_code,paraphrase,1,USER_END,5,126,-5,151645,<|im_end|>,<|im_end|>
confirmation,exp12_docs_code_05,docs_code,paraphrase,1,GENERATION_BOUNDARY,0,125,-6,13,.,.
confirmation,exp12_docs_code_05,docs_code,paraphrase,1,GENERATION_BOUNDARY,1,126,-5,151645,<|im_end|>,<|im_end|>
confirmation,exp12_docs_code_05,docs_code,paraphrase,1,GENERATION_BOUNDARY,2,127,-4,198,Ċ,"
"
confirmation,exp12_docs_code_05,docs_code,paraphrase,1,GENERATION_BOUNDARY,3,128,-3,151644,<|im_start|>,<|im_start|>
confirmation,exp12_docs_code_05,docs_code,paraphrase,1,GENERATION_BOUNDARY,4,129,-2,77091,assistant,assistant
confirmation,exp12_docs_code_05,docs_code,paraphrase,1,GENERATION_BOUNDARY,5,130,-1,198,Ċ,"
"
confirmation,exp12_docs_code_06,docs_code,canonical,0,SKILL_END,0,29,-96,11,",",","
confirmation,exp12_docs_code_06,docs_code,canonical,0,SKILL_END,1,30,-95,1221,Ġthen, then
confirmation,exp12_docs_code_06,docs_code,canonical,0,SKILL_END,2,31,-94,24085,Ġinspect, inspect
confirmation,exp12_docs_code_06,docs_code,canonical,0,SKILL_END,3,32,-93,2205,Ġlocal, local
confirmation,exp12_docs_code_06,docs_code,canonical,0,SKILL_END,4,33,-92,8129,Ġimplementation, implementation
confirmation,exp12_docs_code_06,docs_code,canonical,0,SKILL_END,5,34,-91,382,.ĊĊ,".

"
confirmation,exp12_docs_code_06,docs_code,canonical,0,SYSTEM_END,0,41,-84,29130,Ġdeciding, deciding
confirmation,exp12_docs_code_06,docs_code,canonical,0,SYSTEM_END,1,42,-83,279,Ġthe, the
confirmation,exp12_docs_code_06,docs_code,canonical,0,SYSTEM_END,2,43,-82,1156,Ġfirst, first
confirmation,exp12_docs_code_06,docs_code,canonical,0,SYSTEM_END,3,44,-81,1917,Ġaction, action
confirmation,exp12_docs_code_06,docs_code,canonical,0,SYSTEM_END,4,45,-80,13,.,.
confirmation,exp12_docs_code_06,docs_code,canonical,0,SYSTEM_END,5,46,-79,151645,<|im_end|>,<|im_end|>
confirmation,exp12_docs_code_06,docs_code,canonical,0,ISSUE_END,0,75,-50,323,Ġand, and
confirmation,exp12_docs_code_06,docs_code,canonical,0,ISSUE_END,1,76,-49,2205,Ġlocal, local
confirmation,exp12_docs_code_06,docs_code,canonical,0,ISSUE_END,2,77,-48,8129,Ġimplementation, implementation
confirmation,exp12_docs_code_06,docs_code,canonical,0,ISSUE_END,3,78,-47,525,Ġare, are
confirmation,exp12_docs_code_06,docs_code,canonical,0,ISSUE_END,4,79,-46,2500,Ġavailable, available
confirmation,exp12_docs_code_06,docs_code,canonical,0,ISSUE_END,5,80,-45,382,.ĊĊ,".

"
confirmation,exp12_docs_code_06,docs_code,canonical,0,DETAIL_END,0,87,-38,1459,Ġpoint, point
confirmation,exp12_docs_code_06,docs_code,canonical,0,DETAIL_END,1,88,-37,374,Ġis, is
confirmation,exp12_docs_code_06,docs_code,canonical,0,DETAIL_END,2,89,-36,1565,Ġ`, `
confirmation,exp12_docs_code_06,docs_code,canonical,0,DETAIL_END,3,90,-35,7067,validate,validate
confirmation,exp12_docs_code_06,docs_code,canonical,0,DETAIL_END,4,91,-34,25371,_schema,_schema
confirmation,exp12_docs_code_06,docs_code,canonical,0,DETAIL_END,5,92,-33,62338,`.ĊĊ,"`.

"
confirmation,exp12_docs_code_06,docs_code,canonical,0,ACTION0_END,0,98,-27,2711,Ġsearch, search
confirmation,exp12_docs_code_06,docs_code,canonical,0,ACTION0_END,1,99,-26,49692,_docs,_docs
confirmation,exp12_docs_code_06,docs_code,canonical,0,ACTION0_END,2,100,-25,445,"(""","("""
confirmation,exp12_docs_code_06,docs_code,canonical,0,ACTION0_END,3,101,-24,35083,numpy,numpy
confirmation,exp12_docs_code_06,docs_code,canonical,0,ACTION0_END,4,102,-23,7234,.array,.array
confirmation,exp12_docs_code_06,docs_code,canonical,0,ACTION0_END,5,103,-22,1138,""")Ċ",""")
"
confirmation,exp12_docs_code_06,docs_code,canonical,0,ACTION1_END,0,107,-18,445,"(""","("""
confirmation,exp12_docs_code_06,docs_code,canonical,0,ACTION1_END,1,108,-17,3548,src,src
confirmation,exp12_docs_code_06,docs_code,canonical,0,ACTION1_END,2,109,-16,14,/,/
confirmation,exp12_docs_code_06,docs_code,canonical,0,ACTION1_END,3,110,-15,16112,validator,validator
confirmation,exp12_docs_code_06,docs_code,canonical,0,ACTION1_END,4,111,-14,7197,.py,.py
confirmation,exp12_docs_code_06,docs_code,canonical,0,ACTION1_END,5,112,-13,5130,""")ĊĊ",""")

"
confirmation,exp12_docs_code_06,docs_code,canonical,0,FINAL_INSTRUCTION_END,0,114,-11,279,Ġthe, the
confirmation,exp12_docs_code_06,docs_code,canonical,0,FINAL_INSTRUCTION_END,1,115,-10,3175,Ġsingle, single
confirmation,exp12_docs_code_06,docs_code,canonical,0,FINAL_INSTRUCTION_END,2,116,-9,1790,Ġnext, next
confirmation,exp12_docs_code_06,docs_code,canonical,0,FINAL_INSTRUCTION_END,3,117,-8,1917,Ġaction, action
confirmation,exp12_docs_code_06,docs_code,canonical,0,FINAL_INSTRUCTION_END,4,118,-7,1431,Ġnow, now
confirmation,exp12_docs_code_06,docs_code,canonical,0,FINAL_INSTRUCTION_END,5,119,-6,13,.,.
confirmation,exp12_docs_code_06,docs_code,canonical,0,USER_END,0,115,-10,3175,Ġsingle, single
confirmation,exp12_docs_code_06,docs_code,canonical,0,USER_END,1,116,-9,1790,Ġnext, next
confirmation,exp12_docs_code_06,docs_code,canonical,0,USER_END,2,117,-8,1917,Ġaction, action
confirmation,exp12_docs_code_06,docs_code,canonical,0,USER_END,3,118,-7,1431,Ġnow, now
confirmation,exp12_docs_code_06,docs_code,canonical,0,USER_END,4,119,-6,13,.,.
confirmation,exp12_docs_code_06,docs_code,canonical,0,USER_END,5,120,-5,151645,<|im_end|>,<|im_end|>
confirmation,exp12_docs_code_06,docs_code,canonical,0,GENERATION_BOUNDARY,0,119,-6,13,.,.
confirmation,exp12_docs_code_06,docs_code,canonical,0,GENERATION_BOUNDARY,1,120,-5,151645,<|im_end|>,<|im_end|>
confirmation,exp12_docs_code_06,docs_code,canonical,0,GENERATION_BOUNDARY,2,121,-4,198,Ċ,"
"
confirmation,exp12_docs_code_06,docs_code,canonical,0,GENERATION_BOUNDARY,3,122,-3,151644,<|im_start|>,<|im_start|>
confirmation,exp12_docs_code_06,docs_code,canonical,0,GENERATION_BOUNDARY,4,123,-2,77091,assistant,assistant
confirmation,exp12_docs_code_06,docs_code,canonical,0,GENERATION_BOUNDARY,5,124,-1,198,Ċ,"
"
confirmation,exp12_docs_code_06,docs_code,paraphrase,0,SKILL_END,0,23,-96,1573,Ġbefore, before
confirmation,exp12_docs_code_06,docs_code,paraphrase,0,SKILL_END,1,24,-95,8568,Ġopening, opening
confirmation,exp12_docs_code_06,docs_code,paraphrase,0,SKILL_END,2,25,-94,279,Ġthe, the
confirmation,exp12_docs_code_06,docs_code,paraphrase,0,SKILL_END,3,26,-93,2390,Ġproject, project
confirmation,exp12_docs_code_06,docs_code,paraphrase,0,SKILL_END,4,27,-92,2530,Ġsource, source
confirmation,exp12_docs_code_06,docs_code,paraphrase,0,SKILL_END,5,28,-91,382,.ĊĊ,".

"
confirmation,exp12_docs_code_06,docs_code,paraphrase,0,SYSTEM_END,0,35,-84,29130,Ġdeciding, deciding
confirmation,exp12_docs_code_06,docs_code,paraphrase,0,SYSTEM_END,1,36,-83,279,Ġthe, the
confirmation,exp12_docs_code_06,docs_code,paraphrase,0,SYSTEM_END,2,37,-82,1156,Ġfirst, first
confirmation,exp12_docs_code_06,docs_code,paraphrase,0,SYSTEM_END,3,38,-81,1917,Ġaction, action
confirmation,exp12_docs_code_06,docs_code,paraphrase,0,SYSTEM_END,4,39,-80,13,.,.
confirmation,exp12_docs_code_06,docs_code,paraphrase,0,SYSTEM_END,5,40,-79,151645,<|im_end|>,<|im_end|>
confirmation,exp12_docs_code_06,docs_code,paraphrase,0,ISSUE_END,0,69,-50,323,Ġand, and
confirmation,exp12_docs_code_06,docs_code,paraphrase,0,ISSUE_END,1,70,-49,2205,Ġlocal, local
confirmation,exp12_docs_code_06,docs_code,paraphrase,0,ISSUE_END,2,71,-48,8129,Ġimplementation, implementation
confirmation,exp12_docs_code_06,docs_code,paraphrase,0,ISSUE_END,3,72,-47,525,Ġare, are
confirmation,exp12_docs_code_06,docs_code,paraphrase,0,ISSUE_END,4,73,-46,2500,Ġavailable, available
confirmation,exp12_docs_code_06,docs_code,paraphrase,0,ISSUE_END,5,74,-45,382,.ĊĊ,".

"
confirmation,exp12_docs_code_06,docs_code,paraphrase,0,DETAIL_END,0,81,-38,1459,Ġpoint, point
confirmation,exp12_docs_code_06,docs_code,paraphrase,0,DETAIL_END,1,82,-37,374,Ġis, is
confirmation,exp12_docs_code_06,docs_code,paraphrase,0,DETAIL_END,2,83,-36,1565,Ġ`, `
confirmation,exp12_docs_code_06,docs_code,paraphrase,0,DETAIL_END,3,84,-35,7067,validate,validate
confirmation,exp12_docs_code_06,docs_code,paraphrase,0,DETAIL_END,4,85,-34,25371,_schema,_schema
confirmation,exp12_docs_code_06,docs_code,paraphrase,0,DETAIL_END,5,86,-33,62338,`.ĊĊ,"`.

"
confirmation,exp12_docs_code_06,docs_code,paraphrase,0,ACTION0_END,0,92,-27,2711,Ġsearch, search
confirmation,exp12_docs_code_06,docs_code,paraphrase,0,ACTION0_END,1,93,-26,49692,_docs,_docs
confirmation,exp12_docs_code_06,docs_code,paraphrase,0,ACTION0_END,2,94,-25,445,"(""","("""
confirmation,exp12_docs_code_06,docs_code,paraphrase,0,ACTION0_END,3,95,-24,35083,numpy,numpy
confirmation,exp12_docs_code_06,docs_code,paraphrase,0,ACTION0_END,4,96,-23,7234,.array,.array
confirmation,exp12_docs_code_06,docs_code,paraphrase,0,ACTION0_END,5,97,-22,1138,""")Ċ",""")
"
confirmation,exp12_docs_code_06,docs_code,paraphrase,0,ACTION1_END,0,101,-18,445,"(""","("""
confirmation,exp12_docs_code_06,docs_code,paraphrase,0,ACTION1_END,1,102,-17,3548,src,src
confirmation,exp12_docs_code_06,docs_code,paraphrase,0,ACTION1_END,2,103,-16,14,/,/
confirmation,exp12_docs_code_06,docs_code,paraphrase,0,ACTION1_END,3,104,-15,16112,validator,validator
confirmation,exp12_docs_code_06,docs_code,paraphrase,0,ACTION1_END,4,105,-14,7197,.py,.py
confirmation,exp12_docs_code_06,docs_code,paraphrase,0,ACTION1_END,5,106,-13,5130,""")ĊĊ",""")

"
confirmation,exp12_docs_code_06,docs_code,paraphrase,0,FINAL_INSTRUCTION_END,0,108,-11,279,Ġthe, the
confirmation,exp12_docs_code_06,docs_code,paraphrase,0,FINAL_INSTRUCTION_END,1,109,-10,3175,Ġsingle, single
confirmation,exp12_docs_code_06,docs_code,paraphrase,0,FINAL_INSTRUCTION_END,2,110,-9,1790,Ġnext, next
confirmation,exp12_docs_code_06,docs_code,paraphrase,0,FINAL_INSTRUCTION_END,3,111,-8,1917,Ġaction, action
confirmation,exp12_docs_code_06,docs_code,paraphrase,0,FINAL_INSTRUCTION_END,4,112,-7,1431,Ġnow, now
confirmation,exp12_docs_code_06,docs_code,paraphrase,0,FINAL_INSTRUCTION_END,5,113,-6,13,.,.
confirmation,exp12_docs_code_06,docs_code,paraphrase,0,USER_END,0,109,-10,3175,Ġsingle, single
confirmation,exp12_docs_code_06,docs_code,paraphrase,0,USER_END,1,110,-9,1790,Ġnext, next
confirmation,exp12_docs_code_06,docs_code,paraphrase,0,USER_END,2,111,-8,1917,Ġaction, action
confirmation,exp12_docs_code_06,docs_code,paraphrase,0,USER_END,3,112,-7,1431,Ġnow, now
confirmation,exp12_docs_code_06,docs_code,paraphrase,0,USER_END,4,113,-6,13,.,.
confirmation,exp12_docs_code_06,docs_code,paraphrase,0,USER_END,5,114,-5,151645,<|im_end|>,<|im_end|>
confirmation,exp12_docs_code_06,docs_code,paraphrase,0,GENERATION_BOUNDARY,0,113,-6,13,.,.
confirmation,exp12_docs_code_06,docs_code,paraphrase,0,GENERATION_BOUNDARY,1,114,-5,151645,<|im_end|>,<|im_end|>
confirmation,exp12_docs_code_06,docs_code,paraphrase,0,GENERATION_BOUNDARY,2,115,-4,198,Ċ,"
"
confirmation,exp12_docs_code_06,docs_code,paraphrase,0,GENERATION_BOUNDARY,3,116,-3,151644,<|im_start|>,<|im_start|>
confirmation,exp12_docs_code_06,docs_code,paraphrase,0,GENERATION_BOUNDARY,4,117,-2,77091,assistant,assistant
confirmation,exp12_docs_code_06,docs_code,paraphrase,0,GENERATION_BOUNDARY,5,118,-1,198,Ċ,"
"
confirmation,exp12_docs_code_06,docs_code,canonical,1,SKILL_END,0,28,-96,1779,Ġcheck, check
confirmation,exp12_docs_code_06,docs_code,canonical,1,SKILL_END,1,29,-95,279,Ġthe, the
confirmation,exp12_docs_code_06,docs_code,canonical,1,SKILL_END,2,30,-94,5333,ĠAPI, API
confirmation,exp12_docs_code_06,docs_code,canonical,1,SKILL_END,3,31,-93,5785,Ġreference, reference
confirmation,exp12_docs_code_06,docs_code,canonical,1,SKILL_END,4,32,-92,47943,Ġafterward, afterward
confirmation,exp12_docs_code_06,docs_code,canonical,1,SKILL_END,5,33,-91,382,.ĊĊ,".

"
confirmation,exp12_docs_code_06,docs_code,canonical,1,SYSTEM_END,0,40,-84,29130,Ġdeciding, deciding
confirmation,exp12_docs_code_06,docs_code,canonical,1,SYSTEM_END,1,41,-83,279,Ġthe, the
confirmation,exp12_docs_code_06,docs_code,canonical,1,SYSTEM_END,2,42,-82,1156,Ġfirst, first
confirmation,exp12_docs_code_06,docs_code,canonical,1,SYSTEM_END,3,43,-81,1917,Ġaction, action
confirmation,exp12_docs_code_06,docs_code,canonical,1,SYSTEM_END,4,44,-80,13,.,.
confirmation,exp12_docs_code_06,docs_code,canonical,1,SYSTEM_END,5,45,-79,151645,<|im_end|>,<|im_end|>
confirmation,exp12_docs_code_06,docs_code,canonical,1,ISSUE_END,0,74,-50,323,Ġand, and
confirmation,exp12_docs_code_06,docs_code,canonical,1,ISSUE_END,1,75,-49,2205,Ġlocal, local
confirmation,exp12_docs_code_06,docs_code,canonical,1,ISSUE_END,2,76,-48,8129,Ġimplementation, implementation
confirmation,exp12_docs_code_06,docs_code,canonical,1,ISSUE_END,3,77,-47,525,Ġare, are
confirmation,exp12_docs_code_06,docs_code,canonical,1,ISSUE_END,4,78,-46,2500,Ġavailable, available
confirmation,exp12_docs_code_06,docs_code,canonical,1,ISSUE_END,5,79,-45,382,.ĊĊ,".

"
confirmation,exp12_docs_code_06,docs_code,canonical,1,DETAIL_END,0,86,-38,1459,Ġpoint, point
confirmation,exp12_docs_code_06,docs_code,canonical,1,DETAIL_END,1,87,-37,374,Ġis, is
confirmation,exp12_docs_code_06,docs_code,canonical,1,DETAIL_END,2,88,-36,1565,Ġ`, `
confirmation,exp12_docs_code_06,docs_code,canonical,1,DETAIL_END,3,89,-35,7067,validate,validate
confirmation,exp12_docs_code_06,docs_code,canonical,1,DETAIL_END,4,90,-34,25371,_schema,_schema
confirmation,exp12_docs_code_06,docs_code,canonical,1,DETAIL_END,5,91,-33,62338,`.ĊĊ,"`.

"
confirmation,exp12_docs_code_06,docs_code,canonical,1,ACTION0_END,0,97,-27,2711,Ġsearch, search
confirmation,exp12_docs_code_06,docs_code,canonical,1,ACTION0_END,1,98,-26,49692,_docs,_docs
confirmation,exp12_docs_code_06,docs_code,canonical,1,ACTION0_END,2,99,-25,445,"(""","("""
confirmation,exp12_docs_code_06,docs_code,canonical,1,ACTION0_END,3,100,-24,35083,numpy,numpy
confirmation,exp12_docs_code_06,docs_code,canonical,1,ACTION0_END,4,101,-23,7234,.array,.array
confirmation,exp12_docs_code_06,docs_code,canonical,1,ACTION0_END,5,102,-22,1138,""")Ċ",""")
"
confirmation,exp12_docs_code_06,docs_code,canonical,1,ACTION1_END,0,106,-18,445,"(""","("""
confirmation,exp12_docs_code_06,docs_code,canonical,1,ACTION1_END,1,107,-17,3548,src,src
confirmation,exp12_docs_code_06,docs_code,canonical,1,ACTION1_END,2,108,-16,14,/,/
confirmation,exp12_docs_code_06,docs_code,canonical,1,ACTION1_END,3,109,-15,16112,validator,validator
confirmation,exp12_docs_code_06,docs_code,canonical,1,ACTION1_END,4,110,-14,7197,.py,.py
confirmation,exp12_docs_code_06,docs_code,canonical,1,ACTION1_END,5,111,-13,5130,""")ĊĊ",""")

"
confirmation,exp12_docs_code_06,docs_code,canonical,1,FINAL_INSTRUCTION_END,0,113,-11,279,Ġthe, the
confirmation,exp12_docs_code_06,docs_code,canonical,1,FINAL_INSTRUCTION_END,1,114,-10,3175,Ġsingle, single
confirmation,exp12_docs_code_06,docs_code,canonical,1,FINAL_INSTRUCTION_END,2,115,-9,1790,Ġnext, next
confirmation,exp12_docs_code_06,docs_code,canonical,1,FINAL_INSTRUCTION_END,3,116,-8,1917,Ġaction, action
confirmation,exp12_docs_code_06,docs_code,canonical,1,FINAL_INSTRUCTION_END,4,117,-7,1431,Ġnow, now
confirmation,exp12_docs_code_06,docs_code,canonical,1,FINAL_INSTRUCTION_END,5,118,-6,13,.,.
confirmation,exp12_docs_code_06,docs_code,canonical,1,USER_END,0,114,-10,3175,Ġsingle, single
confirmation,exp12_docs_code_06,docs_code,canonical,1,USER_END,1,115,-9,1790,Ġnext, next
confirmation,exp12_docs_code_06,docs_code,canonical,1,USER_END,2,116,-8,1917,Ġaction, action
confirmation,exp12_docs_code_06,docs_code,canonical,1,USER_END,3,117,-7,1431,Ġnow, now
confirmation,exp12_docs_code_06,docs_code,canonical,1,USER_END,4,118,-6,13,.,.
confirmation,exp12_docs_code_06,docs_code,canonical,1,USER_END,5,119,-5,151645,<|im_end|>,<|im_end|>
confirmation,exp12_docs_code_06,docs_code,canonical,1,GENERATION_BOUNDARY,0,118,-6,13,.,.
confirmation,exp12_docs_code_06,docs_code,canonical,1,GENERATION_BOUNDARY,1,119,-5,151645,<|im_end|>,<|im_end|>
confirmation,exp12_docs_code_06,docs_code,canonical,1,GENERATION_BOUNDARY,2,120,-4,198,Ċ,"
"
confirmation,exp12_docs_code_06,docs_code,canonical,1,GENERATION_BOUNDARY,3,121,-3,151644,<|im_start|>,<|im_start|>
confirmation,exp12_docs_code_06,docs_code,canonical,1,GENERATION_BOUNDARY,4,122,-2,77091,assistant,assistant
confirmation,exp12_docs_code_06,docs_code,canonical,1,GENERATION_BOUNDARY,5,123,-1,198,Ċ,"
"
confirmation,exp12_docs_code_06,docs_code,paraphrase,1,SKILL_END,0,29,-96,26,;,;
confirmation,exp12_docs_code_06,docs_code,paraphrase,1,SKILL_END,1,30,-95,9705,Ġdocumentation, documentation
confirmation,exp12_docs_code_06,docs_code,paraphrase,1,SKILL_END,2,31,-94,18615,Ġlookup, lookup
confirmation,exp12_docs_code_06,docs_code,paraphrase,1,SKILL_END,3,32,-93,374,Ġis, is
confirmation,exp12_docs_code_06,docs_code,paraphrase,1,SKILL_END,4,33,-92,26239,Ġdeferred, deferred
confirmation,exp12_docs_code_06,docs_code,paraphrase,1,SKILL_END,5,34,-91,382,.ĊĊ,".

"
confirmation,exp12_docs_code_06,docs_code,paraphrase,1,SYSTEM_END,0,41,-84,29130,Ġdeciding, deciding
confirmation,exp12_docs_code_06,docs_code,paraphrase,1,SYSTEM_END,1,42,-83,279,Ġthe, the
confirmation,exp12_docs_code_06,docs_code,paraphrase,1,SYSTEM_END,2,43,-82,1156,Ġfirst, first
confirmation,exp12_docs_code_06,docs_code,paraphrase,1,SYSTEM_END,3,44,-81,1917,Ġaction, action
confirmation,exp12_docs_code_06,docs_code,paraphrase,1,SYSTEM_END,4,45,-80,13,.,.
confirmation,exp12_docs_code_06,docs_code,paraphrase,1,SYSTEM_END,5,46,-79,151645,<|im_end|>,<|im_end|>
confirmation,exp12_docs_code_06,docs_code,paraphrase,1,ISSUE_END,0,75,-50,323,Ġand, and
confirmation,exp12_docs_code_06,docs_code,paraphrase,1,ISSUE_END,1,76,-49,2205,Ġlocal, local
confirmation,exp12_docs_code_06,docs_code,paraphrase,1,ISSUE_END,2,77,-48,8129,Ġimplementation, implementation
confirmation,exp12_docs_code_06,docs_code,paraphrase,1,ISSUE_END,3,78,-47,525,Ġare, are
confirmation,exp12_docs_code_06,docs_code,paraphrase,1,ISSUE_END,4,79,-46,2500,Ġavailable, available
confirmation,exp12_docs_code_06,docs_code,paraphrase,1,ISSUE_END,5,80,-45,382,.ĊĊ,".

"
confirmation,exp12_docs_code_06,docs_code,paraphrase,1,DETAIL_END,0,87,-38,1459,Ġpoint, point
confirmation,exp12_docs_code_06,docs_code,paraphrase,1,DETAIL_END,1,88,-37,374,Ġis, is
confirmation,exp12_docs_code_06,docs_code,paraphrase,1,DETAIL_END,2,89,-36,1565,Ġ`, `
confirmation,exp12_docs_code_06,docs_code,paraphrase,1,DETAIL_END,3,90,-35,7067,validate,validate
confirmation,exp12_docs_code_06,docs_code,paraphrase,1,DETAIL_END,4,91,-34,25371,_schema,_schema
confirmation,exp12_docs_code_06,docs_code,paraphrase,1,DETAIL_END,5,92,-33,62338,`.ĊĊ,"`.

"
confirmation,exp12_docs_code_06,docs_code,paraphrase,1,ACTION0_END,0,98,-27,2711,Ġsearch, search
confirmation,exp12_docs_code_06,docs_code,paraphrase,1,ACTION0_END,1,99,-26,49692,_docs,_docs
confirmation,exp12_docs_code_06,docs_code,paraphrase,1,ACTION0_END,2,100,-25,445,"(""","("""
confirmation,exp12_docs_code_06,docs_code,paraphrase,1,ACTION0_END,3,101,-24,35083,numpy,numpy
confirmation,exp12_docs_code_06,docs_code,paraphrase,1,ACTION0_END,4,102,-23,7234,.array,.array
confirmation,exp12_docs_code_06,docs_code,paraphrase,1,ACTION0_END,5,103,-22,1138,""")Ċ",""")
"
confirmation,exp12_docs_code_06,docs_code,paraphrase,1,ACTION1_END,0,107,-18,445,"(""","("""
confirmation,exp12_docs_code_06,docs_code,paraphrase,1,ACTION1_END,1,108,-17,3548,src,src
confirmation,exp12_docs_code_06,docs_code,paraphrase,1,ACTION1_END,2,109,-16,14,/,/
confirmation,exp12_docs_code_06,docs_code,paraphrase,1,ACTION1_END,3,110,-15,16112,validator,validator
confirmation,exp12_docs_code_06,docs_code,paraphrase,1,ACTION1_END,4,111,-14,7197,.py,.py
confirmation,exp12_docs_code_06,docs_code,paraphrase,1,ACTION1_END,5,112,-13,5130,""")ĊĊ",""")

"
confirmation,exp12_docs_code_06,docs_code,paraphrase,1,FINAL_INSTRUCTION_END,0,114,-11,279,Ġthe, the
confirmation,exp12_docs_code_06,docs_code,paraphrase,1,FINAL_INSTRUCTION_END,1,115,-10,3175,Ġsingle, single
confirmation,exp12_docs_code_06,docs_code,paraphrase,1,FINAL_INSTRUCTION_END,2,116,-9,1790,Ġnext, next
confirmation,exp12_docs_code_06,docs_code,paraphrase,1,FINAL_INSTRUCTION_END,3,117,-8,1917,Ġaction, action
confirmation,exp12_docs_code_06,docs_code,paraphrase,1,FINAL_INSTRUCTION_END,4,118,-7,1431,Ġnow, now
confirmation,exp12_docs_code_06,docs_code,paraphrase,1,FINAL_INSTRUCTION_END,5,119,-6,13,.,.
confirmation,exp12_docs_code_06,docs_code,paraphrase,1,USER_END,0,115,-10,3175,Ġsingle, single
confirmation,exp12_docs_code_06,docs_code,paraphrase,1,USER_END,1,116,-9,1790,Ġnext, next
confirmation,exp12_docs_code_06,docs_code,paraphrase,1,USER_END,2,117,-8,1917,Ġaction, action
confirmation,exp12_docs_code_06,docs_code,paraphrase,1,USER_END,3,118,-7,1431,Ġnow, now
confirmation,exp12_docs_code_06,docs_code,paraphrase,1,USER_END,4,119,-6,13,.,.
confirmation,exp12_docs_code_06,docs_code,paraphrase,1,USER_END,5,120,-5,151645,<|im_end|>,<|im_end|>
confirmation,exp12_docs_code_06,docs_code,paraphrase,1,GENERATION_BOUNDARY,0,119,-6,13,.,.
confirmation,exp12_docs_code_06,docs_code,paraphrase,1,GENERATION_BOUNDARY,1,120,-5,151645,<|im_end|>,<|im_end|>
confirmation,exp12_docs_code_06,docs_code,paraphrase,1,GENERATION_BOUNDARY,2,121,-4,198,Ċ,"
"
confirmation,exp12_docs_code_06,docs_code,paraphrase,1,GENERATION_BOUNDARY,3,122,-3,151644,<|im_start|>,<|im_start|>
confirmation,exp12_docs_code_06,docs_code,paraphrase,1,GENERATION_BOUNDARY,4,123,-2,77091,assistant,assistant
confirmation,exp12_docs_code_06,docs_code,paraphrase,1,GENERATION_BOUNDARY,5,124,-1,198,Ċ,"
"
confirmation,exp12_docs_code_07,docs_code,canonical,0,SKILL_END,0,29,-99,11,",",","
confirmation,exp12_docs_code_07,docs_code,canonical,0,SKILL_END,1,30,-98,1221,Ġthen, then
confirmation,exp12_docs_code_07,docs_code,canonical,0,SKILL_END,2,31,-97,24085,Ġinspect, inspect
confirmation,exp12_docs_code_07,docs_code,canonical,0,SKILL_END,3,32,-96,2205,Ġlocal, local
confirmation,exp12_docs_code_07,docs_code,canonical,0,SKILL_END,4,33,-95,8129,Ġimplementation, implementation
confirmation,exp12_docs_code_07,docs_code,canonical,0,SKILL_END,5,34,-94,382,.ĊĊ,".

"
confirmation,exp12_docs_code_07,docs_code,canonical,0,SYSTEM_END,0,41,-87,29130,Ġdeciding, deciding
confirmation,exp12_docs_code_07,docs_code,canonical,0,SYSTEM_END,1,42,-86,279,Ġthe, the
confirmation,exp12_docs_code_07,docs_code,canonical,0,SYSTEM_END,2,43,-85,1156,Ġfirst, first
confirmation,exp12_docs_code_07,docs_code,canonical,0,SYSTEM_END,3,44,-84,1917,Ġaction, action
confirmation,exp12_docs_code_07,docs_code,canonical,0,SYSTEM_END,4,45,-83,13,.,.
confirmation,exp12_docs_code_07,docs_code,canonical,0,SYSTEM_END,5,46,-82,151645,<|im_end|>,<|im_end|>
confirmation,exp12_docs_code_07,docs_code,canonical,0,ISSUE_END,0,76,-52,323,Ġand, and
confirmation,exp12_docs_code_07,docs_code,canonical,0,ISSUE_END,1,77,-51,2205,Ġlocal, local
confirmation,exp12_docs_code_07,docs_code,canonical,0,ISSUE_END,2,78,-50,8129,Ġimplementation, implementation
confirmation,exp12_docs_code_07,docs_code,canonical,0,ISSUE_END,3,79,-49,525,Ġare, are
confirmation,exp12_docs_code_07,docs_code,canonical,0,ISSUE_END,4,80,-48,2500,Ġavailable, available
confirmation,exp12_docs_code_07,docs_code,canonical,0,ISSUE_END,5,81,-47,382,.ĊĊ,".

"
confirmation,exp12_docs_code_07,docs_code,canonical,0,DETAIL_END,0,88,-40,1459,Ġpoint, point
confirmation,exp12_docs_code_07,docs_code,canonical,0,DETAIL_END,1,89,-39,374,Ġis, is
confirmation,exp12_docs_code_07,docs_code,canonical,0,DETAIL_END,2,90,-38,1565,Ġ`, `
confirmation,exp12_docs_code_07,docs_code,canonical,0,DETAIL_END,3,91,-37,6681,send,send
confirmation,exp12_docs_code_07,docs_code,canonical,0,DETAIL_END,4,92,-36,21078,_packet,_packet
confirmation,exp12_docs_code_07,docs_code,canonical,0,DETAIL_END,5,93,-35,62338,`.ĊĊ,"`.

"
confirmation,exp12_docs_code_07,docs_code,canonical,0,ACTION0_END,0,101,-27,445,"(""","("""
confirmation,exp12_docs_code_07,docs_code,canonical,0,ACTION0_END,1,102,-26,79,p,p
confirmation,exp12_docs_code_07,docs_code,canonical,0,ACTION0_END,2,103,-25,55433,andas,andas
confirmation,exp12_docs_code_07,docs_code,canonical,0,ACTION0_END,3,104,-24,21077,.DataFrame,.DataFrame
confirmation,exp12_docs_code_07,docs_code,canonical,0,ACTION0_END,4,105,-23,25002,.merge,.merge
confirmation,exp12_docs_code_07,docs_code,canonical,0,ACTION0_END,5,106,-22,1138,""")Ċ",""")
"
confirmation,exp12_docs_code_07,docs_code,canonical,0,ACTION1_END,0,110,-18,445,"(""","("""
confirmation,exp12_docs_code_07,docs_code,canonical,0,ACTION1_END,1,111,-17,3548,src,src
confirmation,exp12_docs_code_07,docs_code,canonical,0,ACTION1_END,2,112,-16,14,/,/
confirmation,exp12_docs_code_07,docs_code,canonical,0,ACTION1_END,3,113,-15,26445,transport,transport
confirmation,exp12_docs_code_07,docs_code,canonical,0,ACTION1_END,4,114,-14,7197,.py,.py
confirmation,exp12_docs_code_07,docs_code,canonical,0,ACTION1_END,5,115,-13,5130,""")ĊĊ",""")

"
confirmation,exp12_docs_code_07,docs_code,canonical,0,FINAL_INSTRUCTION_END,0,117,-11,279,Ġthe, the
confirmation,exp12_docs_code_07,docs_code,canonical,0,FINAL_INSTRUCTION_END,1,118,-10,3175,Ġsingle, single
confirmation,exp12_docs_code_07,docs_code,canonical,0,FINAL_INSTRUCTION_END,2,119,-9,1790,Ġnext, next
confirmation,exp12_docs_code_07,docs_code,canonical,0,FINAL_INSTRUCTION_END,3,120,-8,1917,Ġaction, action
confirmation,exp12_docs_code_07,docs_code,canonical,0,FINAL_INSTRUCTION_END,4,121,-7,1431,Ġnow, now
confirmation,exp12_docs_code_07,docs_code,canonical,0,FINAL_INSTRUCTION_END,5,122,-6,13,.,.
confirmation,exp12_docs_code_07,docs_code,canonical,0,USER_END,0,118,-10,3175,Ġsingle, single
confirmation,exp12_docs_code_07,docs_code,canonical,0,USER_END,1,119,-9,1790,Ġnext, next
confirmation,exp12_docs_code_07,docs_code,canonical,0,USER_END,2,120,-8,1917,Ġaction, action
confirmation,exp12_docs_code_07,docs_code,canonical,0,USER_END,3,121,-7,1431,Ġnow, now
confirmation,exp12_docs_code_07,docs_code,canonical,0,USER_END,4,122,-6,13,.,.
confirmation,exp12_docs_code_07,docs_code,canonical,0,USER_END,5,123,-5,151645,<|im_end|>,<|im_end|>
confirmation,exp12_docs_code_07,docs_code,canonical,0,GENERATION_BOUNDARY,0,122,-6,13,.,.
confirmation,exp12_docs_code_07,docs_code,canonical,0,GENERATION_BOUNDARY,1,123,-5,151645,<|im_end|>,<|im_end|>
confirmation,exp12_docs_code_07,docs_code,canonical,0,GENERATION_BOUNDARY,2,124,-4,198,Ċ,"
"
confirmation,exp12_docs_code_07,docs_code,canonical,0,GENERATION_BOUNDARY,3,125,-3,151644,<|im_start|>,<|im_start|>
confirmation,exp12_docs_code_07,docs_code,canonical,0,GENERATION_BOUNDARY,4,126,-2,77091,assistant,assistant
confirmation,exp12_docs_code_07,docs_code,canonical,0,GENERATION_BOUNDARY,5,127,-1,198,Ċ,"
"
confirmation,exp12_docs_code_07,docs_code,paraphrase,0,SKILL_END,0,23,-99,1573,Ġbefore, before
confirmation,exp12_docs_code_07,docs_code,paraphrase,0,SKILL_END,1,24,-98,8568,Ġopening, opening
confirmation,exp12_docs_code_07,docs_code,paraphrase,0,SKILL_END,2,25,-97,279,Ġthe, the
confirmation,exp12_docs_code_07,docs_code,paraphrase,0,SKILL_END,3,26,-96,2390,Ġproject, project
confirmation,exp12_docs_code_07,docs_code,paraphrase,0,SKILL_END,4,27,-95,2530,Ġsource, source
confirmation,exp12_docs_code_07,docs_code,paraphrase,0,SKILL_END,5,28,-94,382,.ĊĊ,".

"
confirmation,exp12_docs_code_07,docs_code,paraphrase,0,SYSTEM_END,0,35,-87,29130,Ġdeciding, deciding
confirmation,exp12_docs_code_07,docs_code,paraphrase,0,SYSTEM_END,1,36,-86,279,Ġthe, the
confirmation,exp12_docs_code_07,docs_code,paraphrase,0,SYSTEM_END,2,37,-85,1156,Ġfirst, first
confirmation,exp12_docs_code_07,docs_code,paraphrase,0,SYSTEM_END,3,38,-84,1917,Ġaction, action
confirmation,exp12_docs_code_07,docs_code,paraphrase,0,SYSTEM_END,4,39,-83,13,.,.
confirmation,exp12_docs_code_07,docs_code,paraphrase,0,SYSTEM_END,5,40,-82,151645,<|im_end|>,<|im_end|>
confirmation,exp12_docs_code_07,docs_code,paraphrase,0,ISSUE_END,0,70,-52,323,Ġand, and
confirmation,exp12_docs_code_07,docs_code,paraphrase,0,ISSUE_END,1,71,-51,2205,Ġlocal, local
confirmation,exp12_docs_code_07,docs_code,paraphrase,0,ISSUE_END,2,72,-50,8129,Ġimplementation, implementation
confirmation,exp12_docs_code_07,docs_code,paraphrase,0,ISSUE_END,3,73,-49,525,Ġare, are
confirmation,exp12_docs_code_07,docs_code,paraphrase,0,ISSUE_END,4,74,-48,2500,Ġavailable, available
confirmation,exp12_docs_code_07,docs_code,paraphrase,0,ISSUE_END,5,75,-47,382,.ĊĊ,".

"
confirmation,exp12_docs_code_07,docs_code,paraphrase,0,DETAIL_END,0,82,-40,1459,Ġpoint, point
confirmation,exp12_docs_code_07,docs_code,paraphrase,0,DETAIL_END,1,83,-39,374,Ġis, is
confirmation,exp12_docs_code_07,docs_code,paraphrase,0,DETAIL_END,2,84,-38,1565,Ġ`, `
confirmation,exp12_docs_code_07,docs_code,paraphrase,0,DETAIL_END,3,85,-37,6681,send,send
confirmation,exp12_docs_code_07,docs_code,paraphrase,0,DETAIL_END,4,86,-36,21078,_packet,_packet
confirmation,exp12_docs_code_07,docs_code,paraphrase,0,DETAIL_END,5,87,-35,62338,`.ĊĊ,"`.

"
confirmation,exp12_docs_code_07,docs_code,paraphrase,0,ACTION0_END,0,95,-27,445,"(""","("""
confirmation,exp12_docs_code_07,docs_code,paraphrase,0,ACTION0_END,1,96,-26,79,p,p
confirmation,exp12_docs_code_07,docs_code,paraphrase,0,ACTION0_END,2,97,-25,55433,andas,andas
confirmation,exp12_docs_code_07,docs_code,paraphrase,0,ACTION0_END,3,98,-24,21077,.DataFrame,.DataFrame
confirmation,exp12_docs_code_07,docs_code,paraphrase,0,ACTION0_END,4,99,-23,25002,.merge,.merge
confirmation,exp12_docs_code_07,docs_code,paraphrase,0,ACTION0_END,5,100,-22,1138,""")Ċ",""")
"
confirmation,exp12_docs_code_07,docs_code,paraphrase,0,ACTION1_END,0,104,-18,445,"(""","("""
confirmation,exp12_docs_code_07,docs_code,paraphrase,0,ACTION1_END,1,105,-17,3548,src,src
confirmation,exp12_docs_code_07,docs_code,paraphrase,0,ACTION1_END,2,106,-16,14,/,/
confirmation,exp12_docs_code_07,docs_code,paraphrase,0,ACTION1_END,3,107,-15,26445,transport,transport
confirmation,exp12_docs_code_07,docs_code,paraphrase,0,ACTION1_END,4,108,-14,7197,.py,.py
confirmation,exp12_docs_code_07,docs_code,paraphrase,0,ACTION1_END,5,109,-13,5130,""")ĊĊ",""")

"
confirmation,exp12_docs_code_07,docs_code,paraphrase,0,FINAL_INSTRUCTION_END,0,111,-11,279,Ġthe, the
confirmation,exp12_docs_code_07,docs_code,paraphrase,0,FINAL_INSTRUCTION_END,1,112,-10,3175,Ġsingle, single
confirmation,exp12_docs_code_07,docs_code,paraphrase,0,FINAL_INSTRUCTION_END,2,113,-9,1790,Ġnext, next
confirmation,exp12_docs_code_07,docs_code,paraphrase,0,FINAL_INSTRUCTION_END,3,114,-8,1917,Ġaction, action
confirmation,exp12_docs_code_07,docs_code,paraphrase,0,FINAL_INSTRUCTION_END,4,115,-7,1431,Ġnow, now
confirmation,exp12_docs_code_07,docs_code,paraphrase,0,FINAL_INSTRUCTION_END,5,116,-6,13,.,.
confirmation,exp12_docs_code_07,docs_code,paraphrase,0,USER_END,0,112,-10,3175,Ġsingle, single
confirmation,exp12_docs_code_07,docs_code,paraphrase,0,USER_END,1,113,-9,1790,Ġnext, next
confirmation,exp12_docs_code_07,docs_code,paraphrase,0,USER_END,2,114,-8,1917,Ġaction, action
confirmation,exp12_docs_code_07,docs_code,paraphrase,0,USER_END,3,115,-7,1431,Ġnow, now
confirmation,exp12_docs_code_07,docs_code,paraphrase,0,USER_END,4,116,-6,13,.,.
confirmation,exp12_docs_code_07,docs_code,paraphrase,0,USER_END,5,117,-5,151645,<|im_end|>,<|im_end|>
confirmation,exp12_docs_code_07,docs_code,paraphrase,0,GENERATION_BOUNDARY,0,116,-6,13,.,.
confirmation,exp12_docs_code_07,docs_code,paraphrase,0,GENERATION_BOUNDARY,1,117,-5,151645,<|im_end|>,<|im_end|>
confirmation,exp12_docs_code_07,docs_code,paraphrase,0,GENERATION_BOUNDARY,2,118,-4,198,Ċ,"
"
confirmation,exp12_docs_code_07,docs_code,paraphrase,0,GENERATION_BOUNDARY,3,119,-3,151644,<|im_start|>,<|im_start|>
confirmation,exp12_docs_code_07,docs_code,paraphrase,0,GENERATION_BOUNDARY,4,120,-2,77091,assistant,assistant
confirmation,exp12_docs_code_07,docs_code,paraphrase,0,GENERATION_BOUNDARY,5,121,-1,198,Ċ,"
"
confirmation,exp12_docs_code_07,docs_code,canonical,1,SKILL_END,0,28,-99,1779,Ġcheck, check
confirmation,exp12_docs_code_07,docs_code,canonical,1,SKILL_END,1,29,-98,279,Ġthe, the
confirmation,exp12_docs_code_07,docs_code,canonical,1,SKILL_END,2,30,-97,5333,ĠAPI, API
confirmation,exp12_docs_code_07,docs_code,canonical,1,SKILL_END,3,31,-96,5785,Ġreference, reference
confirmation,exp12_docs_code_07,docs_code,canonical,1,SKILL_END,4,32,-95,47943,Ġafterward, afterward
confirmation,exp12_docs_code_07,docs_code,canonical,1,SKILL_END,5,33,-94,382,.ĊĊ,".

"
confirmation,exp12_docs_code_07,docs_code,canonical,1,SYSTEM_END,0,40,-87,29130,Ġdeciding, deciding
confirmation,exp12_docs_code_07,docs_code,canonical,1,SYSTEM_END,1,41,-86,279,Ġthe, the
confirmation,exp12_docs_code_07,docs_code,canonical,1,SYSTEM_END,2,42,-85,1156,Ġfirst, first
confirmation,exp12_docs_code_07,docs_code,canonical,1,SYSTEM_END,3,43,-84,1917,Ġaction, action
confirmation,exp12_docs_code_07,docs_code,canonical,1,SYSTEM_END,4,44,-83,13,.,.
confirmation,exp12_docs_code_07,docs_code,canonical,1,SYSTEM_END,5,45,-82,151645,<|im_end|>,<|im_end|>
confirmation,exp12_docs_code_07,docs_code,canonical,1,ISSUE_END,0,75,-52,323,Ġand, and
confirmation,exp12_docs_code_07,docs_code,canonical,1,ISSUE_END,1,76,-51,2205,Ġlocal, local
confirmation,exp12_docs_code_07,docs_code,canonical,1,ISSUE_END,2,77,-50,8129,Ġimplementation, implementation
confirmation,exp12_docs_code_07,docs_code,canonical,1,ISSUE_END,3,78,-49,525,Ġare, are
confirmation,exp12_docs_code_07,docs_code,canonical,1,ISSUE_END,4,79,-48,2500,Ġavailable, available
confirmation,exp12_docs_code_07,docs_code,canonical,1,ISSUE_END,5,80,-47,382,.ĊĊ,".

"
confirmation,exp12_docs_code_07,docs_code,canonical,1,DETAIL_END,0,87,-40,1459,Ġpoint, point
confirmation,exp12_docs_code_07,docs_code,canonical,1,DETAIL_END,1,88,-39,374,Ġis, is
confirmation,exp12_docs_code_07,docs_code,canonical,1,DETAIL_END,2,89,-38,1565,Ġ`, `
confirmation,exp12_docs_code_07,docs_code,canonical,1,DETAIL_END,3,90,-37,6681,send,send
confirmation,exp12_docs_code_07,docs_code,canonical,1,DETAIL_END,4,91,-36,21078,_packet,_packet
confirmation,exp12_docs_code_07,docs_code,canonical,1,DETAIL_END,5,92,-35,62338,`.ĊĊ,"`.

"
confirmation,exp12_docs_code_07,docs_code,canonical,1,ACTION0_END,0,100,-27,445,"(""","("""
confirmation,exp12_docs_code_07,docs_code,canonical,1,ACTION0_END,1,101,-26,79,p,p
confirmation,exp12_docs_code_07,docs_code,canonical,1,ACTION0_END,2,102,-25,55433,andas,andas
confirmation,exp12_docs_code_07,docs_code,canonical,1,ACTION0_END,3,103,-24,21077,.DataFrame,.DataFrame
confirmation,exp12_docs_code_07,docs_code,canonical,1,ACTION0_END,4,104,-23,25002,.merge,.merge
confirmation,exp12_docs_code_07,docs_code,canonical,1,ACTION0_END,5,105,-22,1138,""")Ċ",""")
"
confirmation,exp12_docs_code_07,docs_code,canonical,1,ACTION1_END,0,109,-18,445,"(""","("""
confirmation,exp12_docs_code_07,docs_code,canonical,1,ACTION1_END,1,110,-17,3548,src,src
confirmation,exp12_docs_code_07,docs_code,canonical,1,ACTION1_END,2,111,-16,14,/,/
confirmation,exp12_docs_code_07,docs_code,canonical,1,ACTION1_END,3,112,-15,26445,transport,transport
confirmation,exp12_docs_code_07,docs_code,canonical,1,ACTION1_END,4,113,-14,7197,.py,.py
confirmation,exp12_docs_code_07,docs_code,canonical,1,ACTION1_END,5,114,-13,5130,""")ĊĊ",""")

"
confirmation,exp12_docs_code_07,docs_code,canonical,1,FINAL_INSTRUCTION_END,0,116,-11,279,Ġthe, the
confirmation,exp12_docs_code_07,docs_code,canonical,1,FINAL_INSTRUCTION_END,1,117,-10,3175,Ġsingle, single
confirmation,exp12_docs_code_07,docs_code,canonical,1,FINAL_INSTRUCTION_END,2,118,-9,1790,Ġnext, next
confirmation,exp12_docs_code_07,docs_code,canonical,1,FINAL_INSTRUCTION_END,3,119,-8,1917,Ġaction, action
confirmation,exp12_docs_code_07,docs_code,canonical,1,FINAL_INSTRUCTION_END,4,120,-7,1431,Ġnow, now
confirmation,exp12_docs_code_07,docs_code,canonical,1,FINAL_INSTRUCTION_END,5,121,-6,13,.,.
confirmation,exp12_docs_code_07,docs_code,canonical,1,USER_END,0,117,-10,3175,Ġsingle, single
confirmation,exp12_docs_code_07,docs_code,canonical,1,USER_END,1,118,-9,1790,Ġnext, next
confirmation,exp12_docs_code_07,docs_code,canonical,1,USER_END,2,119,-8,1917,Ġaction, action
confirmation,exp12_docs_code_07,docs_code,canonical,1,USER_END,3,120,-7,1431,Ġnow, now
confirmation,exp12_docs_code_07,docs_code,canonical,1,USER_END,4,121,-6,13,.,.
confirmation,exp12_docs_code_07,docs_code,canonical,1,USER_END,5,122,-5,151645,<|im_end|>,<|im_end|>
confirmation,exp12_docs_code_07,docs_code,canonical,1,GENERATION_BOUNDARY,0,121,-6,13,.,.
confirmation,exp12_docs_code_07,docs_code,canonical,1,GENERATION_BOUNDARY,1,122,-5,151645,<|im_end|>,<|im_end|>
confirmation,exp12_docs_code_07,docs_code,canonical,1,GENERATION_BOUNDARY,2,123,-4,198,Ċ,"
"
confirmation,exp12_docs_code_07,docs_code,canonical,1,GENERATION_BOUNDARY,3,124,-3,151644,<|im_start|>,<|im_start|>
confirmation,exp12_docs_code_07,docs_code,canonical,1,GENERATION_BOUNDARY,4,125,-2,77091,assistant,assistant
confirmation,exp12_docs_code_07,docs_code,canonical,1,GENERATION_BOUNDARY,5,126,-1,198,Ċ,"
"
confirmation,exp12_docs_code_07,docs_code,paraphrase,1,SKILL_END,0,29,-99,26,;,;
confirmation,exp12_docs_code_07,docs_code,paraphrase,1,SKILL_END,1,30,-98,9705,Ġdocumentation, documentation
confirmation,exp12_docs_code_07,docs_code,paraphrase,1,SKILL_END,2,31,-97,18615,Ġlookup, lookup
confirmation,exp12_docs_code_07,docs_code,paraphrase,1,SKILL_END,3,32,-96,374,Ġis, is
confirmation,exp12_docs_code_07,docs_code,paraphrase,1,SKILL_END,4,33,-95,26239,Ġdeferred, deferred
confirmation,exp12_docs_code_07,docs_code,paraphrase,1,SKILL_END,5,34,-94,382,.ĊĊ,".

"
confirmation,exp12_docs_code_07,docs_code,paraphrase,1,SYSTEM_END,0,41,-87,29130,Ġdeciding, deciding
confirmation,exp12_docs_code_07,docs_code,paraphrase,1,SYSTEM_END,1,42,-86,279,Ġthe, the
confirmation,exp12_docs_code_07,docs_code,paraphrase,1,SYSTEM_END,2,43,-85,1156,Ġfirst, first
confirmation,exp12_docs_code_07,docs_code,paraphrase,1,SYSTEM_END,3,44,-84,1917,Ġaction, action
confirmation,exp12_docs_code_07,docs_code,paraphrase,1,SYSTEM_END,4,45,-83,13,.,.
confirmation,exp12_docs_code_07,docs_code,paraphrase,1,SYSTEM_END,5,46,-82,151645,<|im_end|>,<|im_end|>
confirmation,exp12_docs_code_07,docs_code,paraphrase,1,ISSUE_END,0,76,-52,323,Ġand, and
confirmation,exp12_docs_code_07,docs_code,paraphrase,1,ISSUE_END,1,77,-51,2205,Ġlocal, local
confirmation,exp12_docs_code_07,docs_code,paraphrase,1,ISSUE_END,2,78,-50,8129,Ġimplementation, implementation
confirmation,exp12_docs_code_07,docs_code,paraphrase,1,ISSUE_END,3,79,-49,525,Ġare, are
confirmation,exp12_docs_code_07,docs_code,paraphrase,1,ISSUE_END,4,80,-48,2500,Ġavailable, available
confirmation,exp12_docs_code_07,docs_code,paraphrase,1,ISSUE_END,5,81,-47,382,.ĊĊ,".

"
confirmation,exp12_docs_code_07,docs_code,paraphrase,1,DETAIL_END,0,88,-40,1459,Ġpoint, point
confirmation,exp12_docs_code_07,docs_code,paraphrase,1,DETAIL_END,1,89,-39,374,Ġis, is
confirmation,exp12_docs_code_07,docs_code,paraphrase,1,DETAIL_END,2,90,-38,1565,Ġ`, `
confirmation,exp12_docs_code_07,docs_code,paraphrase,1,DETAIL_END,3,91,-37,6681,send,send
confirmation,exp12_docs_code_07,docs_code,paraphrase,1,DETAIL_END,4,92,-36,21078,_packet,_packet
confirmation,exp12_docs_code_07,docs_code,paraphrase,1,DETAIL_END,5,93,-35,62338,`.ĊĊ,"`.

"
confirmation,exp12_docs_code_07,docs_code,paraphrase,1,ACTION0_END,0,101,-27,445,"(""","("""
confirmation,exp12_docs_code_07,docs_code,paraphrase,1,ACTION0_END,1,102,-26,79,p,p
confirmation,exp12_docs_code_07,docs_code,paraphrase,1,ACTION0_END,2,103,-25,55433,andas,andas
confirmation,exp12_docs_code_07,docs_code,paraphrase,1,ACTION0_END,3,104,-24,21077,.DataFrame,.DataFrame
confirmation,exp12_docs_code_07,docs_code,paraphrase,1,ACTION0_END,4,105,-23,25002,.merge,.merge
confirmation,exp12_docs_code_07,docs_code,paraphrase,1,ACTION0_END,5,106,-22,1138,""")Ċ",""")
"
confirmation,exp12_docs_code_07,docs_code,paraphrase,1,ACTION1_END,0,110,-18,445,"(""","("""
confirmation,exp12_docs_code_07,docs_code,paraphrase,1,ACTION1_END,1,111,-17,3548,src,src
confirmation,exp12_docs_code_07,docs_code,paraphrase,1,ACTION1_END,2,112,-16,14,/,/
confirmation,exp12_docs_code_07,docs_code,paraphrase,1,ACTION1_END,3,113,-15,26445,transport,transport
confirmation,exp12_docs_code_07,docs_code,paraphrase,1,ACTION1_END,4,114,-14,7197,.py,.py
confirmation,exp12_docs_code_07,docs_code,paraphrase,1,ACTION1_END,5,115,-13,5130,""")ĊĊ",""")

"
confirmation,exp12_docs_code_07,docs_code,paraphrase,1,FINAL_INSTRUCTION_END,0,117,-11,279,Ġthe, the
confirmation,exp12_docs_code_07,docs_code,paraphrase,1,FINAL_INSTRUCTION_END,1,118,-10,3175,Ġsingle, single
confirmation,exp12_docs_code_07,docs_code,paraphrase,1,FINAL_INSTRUCTION_END,2,119,-9,1790,Ġnext, next
confirmation,exp12_docs_code_07,docs_code,paraphrase,1,FINAL_INSTRUCTION_END,3,120,-8,1917,Ġaction, action
confirmation,exp12_docs_code_07,docs_code,paraphrase,1,FINAL_INSTRUCTION_END,4,121,-7,1431,Ġnow, now
confirmation,exp12_docs_code_07,docs_code,paraphrase,1,FINAL_INSTRUCTION_END,5,122,-6,13,.,.
confirmation,exp12_docs_code_07,docs_code,paraphrase,1,USER_END,0,118,-10,3175,Ġsingle, single
confirmation,exp12_docs_code_07,docs_code,paraphrase,1,USER_END,1,119,-9,1790,Ġnext, next
confirmation,exp12_docs_code_07,docs_code,paraphrase,1,USER_END,2,120,-8,1917,Ġaction, action
confirmation,exp12_docs_code_07,docs_code,paraphrase,1,USER_END,3,121,-7,1431,Ġnow, now
confirmation,exp12_docs_code_07,docs_code,paraphrase,1,USER_END,4,122,-6,13,.,.
confirmation,exp12_docs_code_07,docs_code,paraphrase,1,USER_END,5,123,-5,151645,<|im_end|>,<|im_end|>
confirmation,exp12_docs_code_07,docs_code,paraphrase,1,GENERATION_BOUNDARY,0,122,-6,13,.,.
confirmation,exp12_docs_code_07,docs_code,paraphrase,1,GENERATION_BOUNDARY,1,123,-5,151645,<|im_end|>,<|im_end|>
confirmation,exp12_docs_code_07,docs_code,paraphrase,1,GENERATION_BOUNDARY,2,124,-4,198,Ċ,"
"
confirmation,exp12_docs_code_07,docs_code,paraphrase,1,GENERATION_BOUNDARY,3,125,-3,151644,<|im_start|>,<|im_start|>
confirmation,exp12_docs_code_07,docs_code,paraphrase,1,GENERATION_BOUNDARY,4,126,-2,77091,assistant,assistant
confirmation,exp12_docs_code_07,docs_code,paraphrase,1,GENERATION_BOUNDARY,5,127,-1,198,Ċ,"
"
confirmation,exp12_docs_code_10,docs_code,canonical,0,SKILL_END,0,29,-96,11,",",","
confirmation,exp12_docs_code_10,docs_code,canonical,0,SKILL_END,1,30,-95,1221,Ġthen, then
confirmation,exp12_docs_code_10,docs_code,canonical,0,SKILL_END,2,31,-94,24085,Ġinspect, inspect
confirmation,exp12_docs_code_10,docs_code,canonical,0,SKILL_END,3,32,-93,2205,Ġlocal, local
confirmation,exp12_docs_code_10,docs_code,canonical,0,SKILL_END,4,33,-92,8129,Ġimplementation, implementation
confirmation,exp12_docs_code_10,docs_code,canonical,0,SKILL_END,5,34,-91,382,.ĊĊ,".

"
confirmation,exp12_docs_code_10,docs_code,canonical,0,SYSTEM_END,0,41,-84,29130,Ġdeciding, deciding
confirmation,exp12_docs_code_10,docs_code,canonical,0,SYSTEM_END,1,42,-83,279,Ġthe, the
confirmation,exp12_docs_code_10,docs_code,canonical,0,SYSTEM_END,2,43,-82,1156,Ġfirst, first
confirmation,exp12_docs_code_10,docs_code,canonical,0,SYSTEM_END,3,44,-81,1917,Ġaction, action
confirmation,exp12_docs_code_10,docs_code,canonical,0,SYSTEM_END,4,45,-80,13,.,.
confirmation,exp12_docs_code_10,docs_code,canonical,0,SYSTEM_END,5,46,-79,151645,<|im_end|>,<|im_end|>
confirmation,exp12_docs_code_10,docs_code,canonical,0,ISSUE_END,0,75,-50,323,Ġand, and
confirmation,exp12_docs_code_10,docs_code,canonical,0,ISSUE_END,1,76,-49,2205,Ġlocal, local
confirmation,exp12_docs_code_10,docs_code,canonical,0,ISSUE_END,2,77,-48,8129,Ġimplementation, implementation
confirmation,exp12_docs_code_10,docs_code,canonical,0,ISSUE_END,3,78,-47,525,Ġare, are
confirmation,exp12_docs_code_10,docs_code,canonical,0,ISSUE_END,4,79,-46,2500,Ġavailable, available
confirmation,exp12_docs_code_10,docs_code,canonical,0,ISSUE_END,5,80,-45,382,.ĊĊ,".

"
confirmation,exp12_docs_code_10,docs_code,canonical,0,DETAIL_END,0,87,-38,1459,Ġpoint, point
confirmation,exp12_docs_code_10,docs_code,canonical,0,DETAIL_END,1,88,-37,374,Ġis, is
confirmation,exp12_docs_code_10,docs_code,canonical,0,DETAIL_END,2,89,-36,1565,Ġ`, `
confirmation,exp12_docs_code_10,docs_code,canonical,0,DETAIL_END,3,90,-35,17325,resolve,resolve
confirmation,exp12_docs_code_10,docs_code,canonical,0,DETAIL_END,4,91,-34,35947,_alias,_alias
confirmation,exp12_docs_code_10,docs_code,canonical,0,DETAIL_END,5,92,-33,62338,`.ĊĊ,"`.

"
confirmation,exp12_docs_code_10,docs_code,canonical,0,ACTION0_END,0,98,-27,2711,Ġsearch, search
confirmation,exp12_docs_code_10,docs_code,canonical,0,ACTION0_END,1,99,-26,49692,_docs,_docs
confirmation,exp12_docs_code_10,docs_code,canonical,0,ACTION0_END,2,100,-25,445,"(""","("""
confirmation,exp12_docs_code_10,docs_code,canonical,0,ACTION0_END,3,101,-24,20468,attrs,attrs
confirmation,exp12_docs_code_10,docs_code,canonical,0,ACTION0_END,4,102,-23,16756,.define,.define
confirmation,exp12_docs_code_10,docs_code,canonical,0,ACTION0_END,5,103,-22,1138,""")Ċ",""")
"
confirmation,exp12_docs_code_10,docs_code,canonical,0,ACTION1_END,0,107,-18,445,"(""","("""
confirmation,exp12_docs_code_10,docs_code,canonical,0,ACTION1_END,1,108,-17,3548,src,src
confirmation,exp12_docs_code_10,docs_code,canonical,0,ACTION1_END,2,109,-16,32426,/res,/res
confirmation,exp12_docs_code_10,docs_code,canonical,0,ACTION1_END,3,110,-15,7921,olver,olver
confirmation,exp12_docs_code_10,docs_code,canonical,0,ACTION1_END,4,111,-14,7197,.py,.py
confirmation,exp12_docs_code_10,docs_code,canonical,0,ACTION1_END,5,112,-13,5130,""")ĊĊ",""")

"
confirmation,exp12_docs_code_10,docs_code,canonical,0,FINAL_INSTRUCTION_END,0,114,-11,279,Ġthe, the
confirmation,exp12_docs_code_10,docs_code,canonical,0,FINAL_INSTRUCTION_END,1,115,-10,3175,Ġsingle, single
confirmation,exp12_docs_code_10,docs_code,canonical,0,FINAL_INSTRUCTION_END,2,116,-9,1790,Ġnext, next
confirmation,exp12_docs_code_10,docs_code,canonical,0,FINAL_INSTRUCTION_END,3,117,-8,1917,Ġaction, action
confirmation,exp12_docs_code_10,docs_code,canonical,0,FINAL_INSTRUCTION_END,4,118,-7,1431,Ġnow, now
confirmation,exp12_docs_code_10,docs_code,canonical,0,FINAL_INSTRUCTION_END,5,119,-6,13,.,.
confirmation,exp12_docs_code_10,docs_code,canonical,0,USER_END,0,115,-10,3175,Ġsingle, single
confirmation,exp12_docs_code_10,docs_code,canonical,0,USER_END,1,116,-9,1790,Ġnext, next
confirmation,exp12_docs_code_10,docs_code,canonical,0,USER_END,2,117,-8,1917,Ġaction, action
confirmation,exp12_docs_code_10,docs_code,canonical,0,USER_END,3,118,-7,1431,Ġnow, now
confirmation,exp12_docs_code_10,docs_code,canonical,0,USER_END,4,119,-6,13,.,.
confirmation,exp12_docs_code_10,docs_code,canonical,0,USER_END,5,120,-5,151645,<|im_end|>,<|im_end|>
confirmation,exp12_docs_code_10,docs_code,canonical,0,GENERATION_BOUNDARY,0,119,-6,13,.,.
confirmation,exp12_docs_code_10,docs_code,canonical,0,GENERATION_BOUNDARY,1,120,-5,151645,<|im_end|>,<|im_end|>
confirmation,exp12_docs_code_10,docs_code,canonical,0,GENERATION_BOUNDARY,2,121,-4,198,Ċ,"
"
confirmation,exp12_docs_code_10,docs_code,canonical,0,GENERATION_BOUNDARY,3,122,-3,151644,<|im_start|>,<|im_start|>
confirmation,exp12_docs_code_10,docs_code,canonical,0,GENERATION_BOUNDARY,4,123,-2,77091,assistant,assistant
confirmation,exp12_docs_code_10,docs_code,canonical,0,GENERATION_BOUNDARY,5,124,-1,198,Ċ,"
"
confirmation,exp12_docs_code_10,docs_code,paraphrase,0,SKILL_END,0,23,-96,1573,Ġbefore, before
confirmation,exp12_docs_code_10,docs_code,paraphrase,0,SKILL_END,1,24,-95,8568,Ġopening, opening
confirmation,exp12_docs_code_10,docs_code,paraphrase,0,SKILL_END,2,25,-94,279,Ġthe, the
confirmation,exp12_docs_code_10,docs_code,paraphrase,0,SKILL_END,3,26,-93,2390,Ġproject, project
confirmation,exp12_docs_code_10,docs_code,paraphrase,0,SKILL_END,4,27,-92,2530,Ġsource, source
confirmation,exp12_docs_code_10,docs_code,paraphrase,0,SKILL_END,5,28,-91,382,.ĊĊ,".

"
confirmation,exp12_docs_code_10,docs_code,paraphrase,0,SYSTEM_END,0,35,-84,29130,Ġdeciding, deciding
confirmation,exp12_docs_code_10,docs_code,paraphrase,0,SYSTEM_END,1,36,-83,279,Ġthe, the
confirmation,exp12_docs_code_10,docs_code,paraphrase,0,SYSTEM_END,2,37,-82,1156,Ġfirst, first
confirmation,exp12_docs_code_10,docs_code,paraphrase,0,SYSTEM_END,3,38,-81,1917,Ġaction, action
confirmation,exp12_docs_code_10,docs_code,paraphrase,0,SYSTEM_END,4,39,-80,13,.,.
confirmation,exp12_docs_code_10,docs_code,paraphrase,0,SYSTEM_END,5,40,-79,151645,<|im_end|>,<|im_end|>
confirmation,exp12_docs_code_10,docs_code,paraphrase,0,ISSUE_END,0,69,-50,323,Ġand, and
confirmation,exp12_docs_code_10,docs_code,paraphrase,0,ISSUE_END,1,70,-49,2205,Ġlocal, local
confirmation,exp12_docs_code_10,docs_code,paraphrase,0,ISSUE_END,2,71,-48,8129,Ġimplementation, implementation
confirmation,exp12_docs_code_10,docs_code,paraphrase,0,ISSUE_END,3,72,-47,525,Ġare, are
confirmation,exp12_docs_code_10,docs_code,paraphrase,0,ISSUE_END,4,73,-46,2500,Ġavailable, available
confirmation,exp12_docs_code_10,docs_code,paraphrase,0,ISSUE_END,5,74,-45,382,.ĊĊ,".

"
confirmation,exp12_docs_code_10,docs_code,paraphrase,0,DETAIL_END,0,81,-38,1459,Ġpoint, point
confirmation,exp12_docs_code_10,docs_code,paraphrase,0,DETAIL_END,1,82,-37,374,Ġis, is
confirmation,exp12_docs_code_10,docs_code,paraphrase,0,DETAIL_END,2,83,-36,1565,Ġ`, `
confirmation,exp12_docs_code_10,docs_code,paraphrase,0,DETAIL_END,3,84,-35,17325,resolve,resolve
confirmation,exp12_docs_code_10,docs_code,paraphrase,0,DETAIL_END,4,85,-34,35947,_alias,_alias
confirmation,exp12_docs_code_10,docs_code,paraphrase,0,DETAIL_END,5,86,-33,62338,`.ĊĊ,"`.

"
confirmation,exp12_docs_code_10,docs_code,paraphrase,0,ACTION0_END,0,92,-27,2711,Ġsearch, search
confirmation,exp12_docs_code_10,docs_code,paraphrase,0,ACTION0_END,1,93,-26,49692,_docs,_docs
confirmation,exp12_docs_code_10,docs_code,paraphrase,0,ACTION0_END,2,94,-25,445,"(""","("""
confirmation,exp12_docs_code_10,docs_code,paraphrase,0,ACTION0_END,3,95,-24,20468,attrs,attrs
confirmation,exp12_docs_code_10,docs_code,paraphrase,0,ACTION0_END,4,96,-23,16756,.define,.define
confirmation,exp12_docs_code_10,docs_code,paraphrase,0,ACTION0_END,5,97,-22,1138,""")Ċ",""")
"
confirmation,exp12_docs_code_10,docs_code,paraphrase,0,ACTION1_END,0,101,-18,445,"(""","("""
confirmation,exp12_docs_code_10,docs_code,paraphrase,0,ACTION1_END,1,102,-17,3548,src,src
confirmation,exp12_docs_code_10,docs_code,paraphrase,0,ACTION1_END,2,103,-16,32426,/res,/res
confirmation,exp12_docs_code_10,docs_code,paraphrase,0,ACTION1_END,3,104,-15,7921,olver,olver
confirmation,exp12_docs_code_10,docs_code,paraphrase,0,ACTION1_END,4,105,-14,7197,.py,.py
confirmation,exp12_docs_code_10,docs_code,paraphrase,0,ACTION1_END,5,106,-13,5130,""")ĊĊ",""")

"
confirmation,exp12_docs_code_10,docs_code,paraphrase,0,FINAL_INSTRUCTION_END,0,108,-11,279,Ġthe, the
confirmation,exp12_docs_code_10,docs_code,paraphrase,0,FINAL_INSTRUCTION_END,1,109,-10,3175,Ġsingle, single
confirmation,exp12_docs_code_10,docs_code,paraphrase,0,FINAL_INSTRUCTION_END,2,110,-9,1790,Ġnext, next
confirmation,exp12_docs_code_10,docs_code,paraphrase,0,FINAL_INSTRUCTION_END,3,111,-8,1917,Ġaction, action
confirmation,exp12_docs_code_10,docs_code,paraphrase,0,FINAL_INSTRUCTION_END,4,112,-7,1431,Ġnow, now
confirmation,exp12_docs_code_10,docs_code,paraphrase,0,FINAL_INSTRUCTION_END,5,113,-6,13,.,.
confirmation,exp12_docs_code_10,docs_code,paraphrase,0,USER_END,0,109,-10,3175,Ġsingle, single
confirmation,exp12_docs_code_10,docs_code,paraphrase,0,USER_END,1,110,-9,1790,Ġnext, next
confirmation,exp12_docs_code_10,docs_code,paraphrase,0,USER_END,2,111,-8,1917,Ġaction, action
confirmation,exp12_docs_code_10,docs_code,paraphrase,0,USER_END,3,112,-7,1431,Ġnow, now
confirmation,exp12_docs_code_10,docs_code,paraphrase,0,USER_END,4,113,-6,13,.,.
confirmation,exp12_docs_code_10,docs_code,paraphrase,0,USER_END,5,114,-5,151645,<|im_end|>,<|im_end|>
confirmation,exp12_docs_code_10,docs_code,paraphrase,0,GENERATION_BOUNDARY,0,113,-6,13,.,.
confirmation,exp12_docs_code_10,docs_code,paraphrase,0,GENERATION_BOUNDARY,1,114,-5,151645,<|im_end|>,<|im_end|>
confirmation,exp12_docs_code_10,docs_code,paraphrase,0,GENERATION_BOUNDARY,2,115,-4,198,Ċ,"
"
confirmation,exp12_docs_code_10,docs_code,paraphrase,0,GENERATION_BOUNDARY,3,116,-3,151644,<|im_start|>,<|im_start|>
confirmation,exp12_docs_code_10,docs_code,paraphrase,0,GENERATION_BOUNDARY,4,117,-2,77091,assistant,assistant
confirmation,exp12_docs_code_10,docs_code,paraphrase,0,GENERATION_BOUNDARY,5,118,-1,198,Ċ,"
"
confirmation,exp12_docs_code_10,docs_code,canonical,1,SKILL_END,0,28,-96,1779,Ġcheck, check
confirmation,exp12_docs_code_10,docs_code,canonical,1,SKILL_END,1,29,-95,279,Ġthe, the
confirmation,exp12_docs_code_10,docs_code,canonical,1,SKILL_END,2,30,-94,5333,ĠAPI, API
confirmation,exp12_docs_code_10,docs_code,canonical,1,SKILL_END,3,31,-93,5785,Ġreference, reference
confirmation,exp12_docs_code_10,docs_code,canonical,1,SKILL_END,4,32,-92,47943,Ġafterward, afterward
confirmation,exp12_docs_code_10,docs_code,canonical,1,SKILL_END,5,33,-91,382,.ĊĊ,".

"
confirmation,exp12_docs_code_10,docs_code,canonical,1,SYSTEM_END,0,40,-84,29130,Ġdeciding, deciding
confirmation,exp12_docs_code_10,docs_code,canonical,1,SYSTEM_END,1,41,-83,279,Ġthe, the
confirmation,exp12_docs_code_10,docs_code,canonical,1,SYSTEM_END,2,42,-82,1156,Ġfirst, first
confirmation,exp12_docs_code_10,docs_code,canonical,1,SYSTEM_END,3,43,-81,1917,Ġaction, action
confirmation,exp12_docs_code_10,docs_code,canonical,1,SYSTEM_END,4,44,-80,13,.,.
confirmation,exp12_docs_code_10,docs_code,canonical,1,SYSTEM_END,5,45,-79,151645,<|im_end|>,<|im_end|>
confirmation,exp12_docs_code_10,docs_code,canonical,1,ISSUE_END,0,74,-50,323,Ġand, and
confirmation,exp12_docs_code_10,docs_code,canonical,1,ISSUE_END,1,75,-49,2205,Ġlocal, local
confirmation,exp12_docs_code_10,docs_code,canonical,1,ISSUE_END,2,76,-48,8129,Ġimplementation, implementation
confirmation,exp12_docs_code_10,docs_code,canonical,1,ISSUE_END,3,77,-47,525,Ġare, are
confirmation,exp12_docs_code_10,docs_code,canonical,1,ISSUE_END,4,78,-46,2500,Ġavailable, available
confirmation,exp12_docs_code_10,docs_code,canonical,1,ISSUE_END,5,79,-45,382,.ĊĊ,".

"
confirmation,exp12_docs_code_10,docs_code,canonical,1,DETAIL_END,0,86,-38,1459,Ġpoint, point
confirmation,exp12_docs_code_10,docs_code,canonical,1,DETAIL_END,1,87,-37,374,Ġis, is
confirmation,exp12_docs_code_10,docs_code,canonical,1,DETAIL_END,2,88,-36,1565,Ġ`, `
confirmation,exp12_docs_code_10,docs_code,canonical,1,DETAIL_END,3,89,-35,17325,resolve,resolve
confirmation,exp12_docs_code_10,docs_code,canonical,1,DETAIL_END,4,90,-34,35947,_alias,_alias
confirmation,exp12_docs_code_10,docs_code,canonical,1,DETAIL_END,5,91,-33,62338,`.ĊĊ,"`.

"
confirmation,exp12_docs_code_10,docs_code,canonical,1,ACTION0_END,0,97,-27,2711,Ġsearch, search
confirmation,exp12_docs_code_10,docs_code,canonical,1,ACTION0_END,1,98,-26,49692,_docs,_docs
confirmation,exp12_docs_code_10,docs_code,canonical,1,ACTION0_END,2,99,-25,445,"(""","("""
confirmation,exp12_docs_code_10,docs_code,canonical,1,ACTION0_END,3,100,-24,20468,attrs,attrs
confirmation,exp12_docs_code_10,docs_code,canonical,1,ACTION0_END,4,101,-23,16756,.define,.define
confirmation,exp12_docs_code_10,docs_code,canonical,1,ACTION0_END,5,102,-22,1138,""")Ċ",""")
"
confirmation,exp12_docs_code_10,docs_code,canonical,1,ACTION1_END,0,106,-18,445,"(""","("""
confirmation,exp12_docs_code_10,docs_code,canonical,1,ACTION1_END,1,107,-17,3548,src,src
confirmation,exp12_docs_code_10,docs_code,canonical,1,ACTION1_END,2,108,-16,32426,/res,/res
confirmation,exp12_docs_code_10,docs_code,canonical,1,ACTION1_END,3,109,-15,7921,olver,olver
confirmation,exp12_docs_code_10,docs_code,canonical,1,ACTION1_END,4,110,-14,7197,.py,.py
confirmation,exp12_docs_code_10,docs_code,canonical,1,ACTION1_END,5,111,-13,5130,""")ĊĊ",""")

"
confirmation,exp12_docs_code_10,docs_code,canonical,1,FINAL_INSTRUCTION_END,0,113,-11,279,Ġthe, the
confirmation,exp12_docs_code_10,docs_code,canonical,1,FINAL_INSTRUCTION_END,1,114,-10,3175,Ġsingle, single
confirmation,exp12_docs_code_10,docs_code,canonical,1,FINAL_INSTRUCTION_END,2,115,-9,1790,Ġnext, next
confirmation,exp12_docs_code_10,docs_code,canonical,1,FINAL_INSTRUCTION_END,3,116,-8,1917,Ġaction, action
confirmation,exp12_docs_code_10,docs_code,canonical,1,FINAL_INSTRUCTION_END,4,117,-7,1431,Ġnow, now
confirmation,exp12_docs_code_10,docs_code,canonical,1,FINAL_INSTRUCTION_END,5,118,-6,13,.,.
confirmation,exp12_docs_code_10,docs_code,canonical,1,USER_END,0,114,-10,3175,Ġsingle, single
confirmation,exp12_docs_code_10,docs_code,canonical,1,USER_END,1,115,-9,1790,Ġnext, next
confirmation,exp12_docs_code_10,docs_code,canonical,1,USER_END,2,116,-8,1917,Ġaction, action
confirmation,exp12_docs_code_10,docs_code,canonical,1,USER_END,3,117,-7,1431,Ġnow, now
confirmation,exp12_docs_code_10,docs_code,canonical,1,USER_END,4,118,-6,13,.,.
confirmation,exp12_docs_code_10,docs_code,canonical,1,USER_END,5,119,-5,151645,<|im_end|>,<|im_end|>
confirmation,exp12_docs_code_10,docs_code,canonical,1,GENERATION_BOUNDARY,0,118,-6,13,.,.
confirmation,exp12_docs_code_10,docs_code,canonical,1,GENERATION_BOUNDARY,1,119,-5,151645,<|im_end|>,<|im_end|>
confirmation,exp12_docs_code_10,docs_code,canonical,1,GENERATION_BOUNDARY,2,120,-4,198,Ċ,"
"
confirmation,exp12_docs_code_10,docs_code,canonical,1,GENERATION_BOUNDARY,3,121,-3,151644,<|im_start|>,<|im_start|>
confirmation,exp12_docs_code_10,docs_code,canonical,1,GENERATION_BOUNDARY,4,122,-2,77091,assistant,assistant
confirmation,exp12_docs_code_10,docs_code,canonical,1,GENERATION_BOUNDARY,5,123,-1,198,Ċ,"
"
confirmation,exp12_docs_code_10,docs_code,paraphrase,1,SKILL_END,0,29,-96,26,;,;
confirmation,exp12_docs_code_10,docs_code,paraphrase,1,SKILL_END,1,30,-95,9705,Ġdocumentation, documentation
confirmation,exp12_docs_code_10,docs_code,paraphrase,1,SKILL_END,2,31,-94,18615,Ġlookup, lookup
confirmation,exp12_docs_code_10,docs_code,paraphrase,1,SKILL_END,3,32,-93,374,Ġis, is
confirmation,exp12_docs_code_10,docs_code,paraphrase,1,SKILL_END,4,33,-92,26239,Ġdeferred, deferred
confirmation,exp12_docs_code_10,docs_code,paraphrase,1,SKILL_END,5,34,-91,382,.ĊĊ,".

"
confirmation,exp12_docs_code_10,docs_code,paraphrase,1,SYSTEM_END,0,41,-84,29130,Ġdeciding, deciding
confirmation,exp12_docs_code_10,docs_code,paraphrase,1,SYSTEM_END,1,42,-83,279,Ġthe, the
confirmation,exp12_docs_code_10,docs_code,paraphrase,1,SYSTEM_END,2,43,-82,1156,Ġfirst, first
confirmation,exp12_docs_code_10,docs_code,paraphrase,1,SYSTEM_END,3,44,-81,1917,Ġaction, action
confirmation,exp12_docs_code_10,docs_code,paraphrase,1,SYSTEM_END,4,45,-80,13,.,.
confirmation,exp12_docs_code_10,docs_code,paraphrase,1,SYSTEM_END,5,46,-79,151645,<|im_end|>,<|im_end|>
confirmation,exp12_docs_code_10,docs_code,paraphrase,1,ISSUE_END,0,75,-50,323,Ġand, and
confirmation,exp12_docs_code_10,docs_code,paraphrase,1,ISSUE_END,1,76,-49,2205,Ġlocal, local
confirmation,exp12_docs_code_10,docs_code,paraphrase,1,ISSUE_END,2,77,-48,8129,Ġimplementation, implementation
confirmation,exp12_docs_code_10,docs_code,paraphrase,1,ISSUE_END,3,78,-47,525,Ġare, are
confirmation,exp12_docs_code_10,docs_code,paraphrase,1,ISSUE_END,4,79,-46,2500,Ġavailable, available
confirmation,exp12_docs_code_10,docs_code,paraphrase,1,ISSUE_END,5,80,-45,382,.ĊĊ,".

"
confirmation,exp12_docs_code_10,docs_code,paraphrase,1,DETAIL_END,0,87,-38,1459,Ġpoint, point
confirmation,exp12_docs_code_10,docs_code,paraphrase,1,DETAIL_END,1,88,-37,374,Ġis, is
confirmation,exp12_docs_code_10,docs_code,paraphrase,1,DETAIL_END,2,89,-36,1565,Ġ`, `
confirmation,exp12_docs_code_10,docs_code,paraphrase,1,DETAIL_END,3,90,-35,17325,resolve,resolve
confirmation,exp12_docs_code_10,docs_code,paraphrase,1,DETAIL_END,4,91,-34,35947,_alias,_alias
confirmation,exp12_docs_code_10,docs_code,paraphrase,1,DETAIL_END,5,92,-33,62338,`.ĊĊ,"`.

"
confirmation,exp12_docs_code_10,docs_code,paraphrase,1,ACTION0_END,0,98,-27,2711,Ġsearch, search
confirmation,exp12_docs_code_10,docs_code,paraphrase,1,ACTION0_END,1,99,-26,49692,_docs,_docs
confirmation,exp12_docs_code_10,docs_code,paraphrase,1,ACTION0_END,2,100,-25,445,"(""","("""
confirmation,exp12_docs_code_10,docs_code,paraphrase,1,ACTION0_END,3,101,-24,20468,attrs,attrs
confirmation,exp12_docs_code_10,docs_code,paraphrase,1,ACTION0_END,4,102,-23,16756,.define,.define
confirmation,exp12_docs_code_10,docs_code,paraphrase,1,ACTION0_END,5,103,-22,1138,""")Ċ",""")
"
confirmation,exp12_docs_code_10,docs_code,paraphrase,1,ACTION1_END,0,107,-18,445,"(""","("""
confirmation,exp12_docs_code_10,docs_code,paraphrase,1,ACTION1_END,1,108,-17,3548,src,src
confirmation,exp12_docs_code_10,docs_code,paraphrase,1,ACTION1_END,2,109,-16,32426,/res,/res
confirmation,exp12_docs_code_10,docs_code,paraphrase,1,ACTION1_END,3,110,-15,7921,olver,olver
confirmation,exp12_docs_code_10,docs_code,paraphrase,1,ACTION1_END,4,111,-14,7197,.py,.py
confirmation,exp12_docs_code_10,docs_code,paraphrase,1,ACTION1_END,5,112,-13,5130,""")ĊĊ",""")

"
confirmation,exp12_docs_code_10,docs_code,paraphrase,1,FINAL_INSTRUCTION_END,0,114,-11,279,Ġthe, the
confirmation,exp12_docs_code_10,docs_code,paraphrase,1,FINAL_INSTRUCTION_END,1,115,-10,3175,Ġsingle, single
confirmation,exp12_docs_code_10,docs_code,paraphrase,1,FINAL_INSTRUCTION_END,2,116,-9,1790,Ġnext, next
confirmation,exp12_docs_code_10,docs_code,paraphrase,1,FINAL_INSTRUCTION_END,3,117,-8,1917,Ġaction, action
confirmation,exp12_docs_code_10,docs_code,paraphrase,1,FINAL_INSTRUCTION_END,4,118,-7,1431,Ġnow, now
confirmation,exp12_docs_code_10,docs_code,paraphrase,1,FINAL_INSTRUCTION_END,5,119,-6,13,.,.
confirmation,exp12_docs_code_10,docs_code,paraphrase,1,USER_END,0,115,-10,3175,Ġsingle, single
confirmation,exp12_docs_code_10,docs_code,paraphrase,1,USER_END,1,116,-9,1790,Ġnext, next
confirmation,exp12_docs_code_10,docs_code,paraphrase,1,USER_END,2,117,-8,1917,Ġaction, action
confirmation,exp12_docs_code_10,docs_code,paraphrase,1,USER_END,3,118,-7,1431,Ġnow, now
confirmation,exp12_docs_code_10,docs_code,paraphrase,1,USER_END,4,119,-6,13,.,.
confirmation,exp12_docs_code_10,docs_code,paraphrase,1,USER_END,5,120,-5,151645,<|im_end|>,<|im_end|>
confirmation,exp12_docs_code_10,docs_code,paraphrase,1,GENERATION_BOUNDARY,0,119,-6,13,.,.
confirmation,exp12_docs_code_10,docs_code,paraphrase,1,GENERATION_BOUNDARY,1,120,-5,151645,<|im_end|>,<|im_end|>
confirmation,exp12_docs_code_10,docs_code,paraphrase,1,GENERATION_BOUNDARY,2,121,-4,198,Ċ,"
"
confirmation,exp12_docs_code_10,docs_code,paraphrase,1,GENERATION_BOUNDARY,3,122,-3,151644,<|im_start|>,<|im_start|>
confirmation,exp12_docs_code_10,docs_code,paraphrase,1,GENERATION_BOUNDARY,4,123,-2,77091,assistant,assistant
confirmation,exp12_docs_code_10,docs_code,paraphrase,1,GENERATION_BOUNDARY,5,124,-1,198,Ċ,"
"
confirmation,exp12_docs_code_13,docs_code,canonical,0,SKILL_END,0,29,-97,11,",",","
confirmation,exp12_docs_code_13,docs_code,canonical,0,SKILL_END,1,30,-96,1221,Ġthen, then
confirmation,exp12_docs_code_13,docs_code,canonical,0,SKILL_END,2,31,-95,24085,Ġinspect, inspect
confirmation,exp12_docs_code_13,docs_code,canonical,0,SKILL_END,3,32,-94,2205,Ġlocal, local
confirmation,exp12_docs_code_13,docs_code,canonical,0,SKILL_END,4,33,-93,8129,Ġimplementation, implementation
confirmation,exp12_docs_code_13,docs_code,canonical,0,SKILL_END,5,34,-92,382,.ĊĊ,".

"
confirmation,exp12_docs_code_13,docs_code,canonical,0,SYSTEM_END,0,41,-85,29130,Ġdeciding, deciding
confirmation,exp12_docs_code_13,docs_code,canonical,0,SYSTEM_END,1,42,-84,279,Ġthe, the
confirmation,exp12_docs_code_13,docs_code,canonical,0,SYSTEM_END,2,43,-83,1156,Ġfirst, first
confirmation,exp12_docs_code_13,docs_code,canonical,0,SYSTEM_END,3,44,-82,1917,Ġaction, action
confirmation,exp12_docs_code_13,docs_code,canonical,0,SYSTEM_END,4,45,-81,13,.,.
confirmation,exp12_docs_code_13,docs_code,canonical,0,SYSTEM_END,5,46,-80,151645,<|im_end|>,<|im_end|>
confirmation,exp12_docs_code_13,docs_code,canonical,0,ISSUE_END,0,75,-51,323,Ġand, and
confirmation,exp12_docs_code_13,docs_code,canonical,0,ISSUE_END,1,76,-50,2205,Ġlocal, local
confirmation,exp12_docs_code_13,docs_code,canonical,0,ISSUE_END,2,77,-49,8129,Ġimplementation, implementation
confirmation,exp12_docs_code_13,docs_code,canonical,0,ISSUE_END,3,78,-48,525,Ġare, are
confirmation,exp12_docs_code_13,docs_code,canonical,0,ISSUE_END,4,79,-47,2500,Ġavailable, available
confirmation,exp12_docs_code_13,docs_code,canonical,0,ISSUE_END,5,80,-46,382,.ĊĊ,".

"
confirmation,exp12_docs_code_13,docs_code,canonical,0,DETAIL_END,0,87,-39,1459,Ġpoint, point
confirmation,exp12_docs_code_13,docs_code,canonical,0,DETAIL_END,1,88,-38,374,Ġis, is
confirmation,exp12_docs_code_13,docs_code,canonical,0,DETAIL_END,2,89,-37,1565,Ġ`, `
confirmation,exp12_docs_code_13,docs_code,canonical,0,DETAIL_END,3,90,-36,2028,check,check
confirmation,exp12_docs_code_13,docs_code,canonical,0,DETAIL_END,4,91,-35,45727,_health,_health
confirmation,exp12_docs_code_13,docs_code,canonical,0,DETAIL_END,5,92,-34,62338,`.ĊĊ,"`.

"
confirmation,exp12_docs_code_13,docs_code,canonical,0,ACTION0_END,0,99,-27,49692,_docs,_docs
confirmation,exp12_docs_code_13,docs_code,canonical,0,ACTION0_END,1,100,-26,445,"(""","("""
confirmation,exp12_docs_code_13,docs_code,canonical,0,ACTION0_END,2,101,-25,36242,requests,requests
confirmation,exp12_docs_code_13,docs_code,canonical,0,ACTION0_END,3,102,-24,20674,.Session,.Session
confirmation,exp12_docs_code_13,docs_code,canonical,0,ACTION0_END,4,103,-23,8223,.request,.request
confirmation,exp12_docs_code_13,docs_code,canonical,0,ACTION0_END,5,104,-22,1138,""")Ċ",""")
"
confirmation,exp12_docs_code_13,docs_code,canonical,0,ACTION1_END,0,108,-18,445,"(""","("""
confirmation,exp12_docs_code_13,docs_code,canonical,0,ACTION1_END,1,109,-17,3548,src,src
confirmation,exp12_docs_code_13,docs_code,canonical,0,ACTION1_END,2,110,-16,14,/,/
confirmation,exp12_docs_code_13,docs_code,canonical,0,ACTION1_END,3,111,-15,32225,monitor,monitor
confirmation,exp12_docs_code_13,docs_code,canonical,0,ACTION1_END,4,112,-14,7197,.py,.py
confirmation,exp12_docs_code_13,docs_code,canonical,0,ACTION1_END,5,113,-13,5130,""")ĊĊ",""")

"
confirmation,exp12_docs_code_13,docs_code,canonical,0,FINAL_INSTRUCTION_END,0,115,-11,279,Ġthe, the
confirmation,exp12_docs_code_13,docs_code,canonical,0,FINAL_INSTRUCTION_END,1,116,-10,3175,Ġsingle, single
confirmation,exp12_docs_code_13,docs_code,canonical,0,FINAL_INSTRUCTION_END,2,117,-9,1790,Ġnext, next
confirmation,exp12_docs_code_13,docs_code,canonical,0,FINAL_INSTRUCTION_END,3,118,-8,1917,Ġaction, action
confirmation,exp12_docs_code_13,docs_code,canonical,0,FINAL_INSTRUCTION_END,4,119,-7,1431,Ġnow, now
confirmation,exp12_docs_code_13,docs_code,canonical,0,FINAL_INSTRUCTION_END,5,120,-6,13,.,.
confirmation,exp12_docs_code_13,docs_code,canonical,0,USER_END,0,116,-10,3175,Ġsingle, single
confirmation,exp12_docs_code_13,docs_code,canonical,0,USER_END,1,117,-9,1790,Ġnext, next
confirmation,exp12_docs_code_13,docs_code,canonical,0,USER_END,2,118,-8,1917,Ġaction, action
confirmation,exp12_docs_code_13,docs_code,canonical,0,USER_END,3,119,-7,1431,Ġnow, now
confirmation,exp12_docs_code_13,docs_code,canonical,0,USER_END,4,120,-6,13,.,.
confirmation,exp12_docs_code_13,docs_code,canonical,0,USER_END,5,121,-5,151645,<|im_end|>,<|im_end|>
confirmation,exp12_docs_code_13,docs_code,canonical,0,GENERATION_BOUNDARY,0,120,-6,13,.,.
confirmation,exp12_docs_code_13,docs_code,canonical,0,GENERATION_BOUNDARY,1,121,-5,151645,<|im_end|>,<|im_end|>
confirmation,exp12_docs_code_13,docs_code,canonical,0,GENERATION_BOUNDARY,2,122,-4,198,Ċ,"
"
confirmation,exp12_docs_code_13,docs_code,canonical,0,GENERATION_BOUNDARY,3,123,-3,151644,<|im_start|>,<|im_start|>
confirmation,exp12_docs_code_13,docs_code,canonical,0,GENERATION_BOUNDARY,4,124,-2,77091,assistant,assistant
confirmation,exp12_docs_code_13,docs_code,canonical,0,GENERATION_BOUNDARY,5,125,-1,198,Ċ,"
"
confirmation,exp12_docs_code_13,docs_code,paraphrase,0,SKILL_END,0,23,-97,1573,Ġbefore, before
confirmation,exp12_docs_code_13,docs_code,paraphrase,0,SKILL_END,1,24,-96,8568,Ġopening, opening
confirmation,exp12_docs_code_13,docs_code,paraphrase,0,SKILL_END,2,25,-95,279,Ġthe, the
confirmation,exp12_docs_code_13,docs_code,paraphrase,0,SKILL_END,3,26,-94,2390,Ġproject, project
confirmation,exp12_docs_code_13,docs_code,paraphrase,0,SKILL_END,4,27,-93,2530,Ġsource, source
confirmation,exp12_docs_code_13,docs_code,paraphrase,0,SKILL_END,5,28,-92,382,.ĊĊ,".

"
confirmation,exp12_docs_code_13,docs_code,paraphrase,0,SYSTEM_END,0,35,-85,29130,Ġdeciding, deciding
confirmation,exp12_docs_code_13,docs_code,paraphrase,0,SYSTEM_END,1,36,-84,279,Ġthe, the
confirmation,exp12_docs_code_13,docs_code,paraphrase,0,SYSTEM_END,2,37,-83,1156,Ġfirst, first
confirmation,exp12_docs_code_13,docs_code,paraphrase,0,SYSTEM_END,3,38,-82,1917,Ġaction, action
confirmation,exp12_docs_code_13,docs_code,paraphrase,0,SYSTEM_END,4,39,-81,13,.,.
confirmation,exp12_docs_code_13,docs_code,paraphrase,0,SYSTEM_END,5,40,-80,151645,<|im_end|>,<|im_end|>
confirmation,exp12_docs_code_13,docs_code,paraphrase,0,ISSUE_END,0,69,-51,323,Ġand, and
confirmation,exp12_docs_code_13,docs_code,paraphrase,0,ISSUE_END,1,70,-50,2205,Ġlocal, local
confirmation,exp12_docs_code_13,docs_code,paraphrase,0,ISSUE_END,2,71,-49,8129,Ġimplementation, implementation
confirmation,exp12_docs_code_13,docs_code,paraphrase,0,ISSUE_END,3,72,-48,525,Ġare, are
confirmation,exp12_docs_code_13,docs_code,paraphrase,0,ISSUE_END,4,73,-47,2500,Ġavailable, available
confirmation,exp12_docs_code_13,docs_code,paraphrase,0,ISSUE_END,5,74,-46,382,.ĊĊ,".

"
confirmation,exp12_docs_code_13,docs_code,paraphrase,0,DETAIL_END,0,81,-39,1459,Ġpoint, point
confirmation,exp12_docs_code_13,docs_code,paraphrase,0,DETAIL_END,1,82,-38,374,Ġis, is
confirmation,exp12_docs_code_13,docs_code,paraphrase,0,DETAIL_END,2,83,-37,1565,Ġ`, `
confirmation,exp12_docs_code_13,docs_code,paraphrase,0,DETAIL_END,3,84,-36,2028,check,check
confirmation,exp12_docs_code_13,docs_code,paraphrase,0,DETAIL_END,4,85,-35,45727,_health,_health
confirmation,exp12_docs_code_13,docs_code,paraphrase,0,DETAIL_END,5,86,-34,62338,`.ĊĊ,"`.

"
confirmation,exp12_docs_code_13,docs_code,paraphrase,0,ACTION0_END,0,93,-27,49692,_docs,_docs
confirmation,exp12_docs_code_13,docs_code,paraphrase,0,ACTION0_END,1,94,-26,445,"(""","("""
confirmation,exp12_docs_code_13,docs_code,paraphrase,0,ACTION0_END,2,95,-25,36242,requests,requests
confirmation,exp12_docs_code_13,docs_code,paraphrase,0,ACTION0_END,3,96,-24,20674,.Session,.Session
confirmation,exp12_docs_code_13,docs_code,paraphrase,0,ACTION0_END,4,97,-23,8223,.request,.request
confirmation,exp12_docs_code_13,docs_code,paraphrase,0,ACTION0_END,5,98,-22,1138,""")Ċ",""")
"
confirmation,exp12_docs_code_13,docs_code,paraphrase,0,ACTION1_END,0,102,-18,445,"(""","("""
confirmation,exp12_docs_code_13,docs_code,paraphrase,0,ACTION1_END,1,103,-17,3548,src,src
confirmation,exp12_docs_code_13,docs_code,paraphrase,0,ACTION1_END,2,104,-16,14,/,/
confirmation,exp12_docs_code_13,docs_code,paraphrase,0,ACTION1_END,3,105,-15,32225,monitor,monitor
confirmation,exp12_docs_code_13,docs_code,paraphrase,0,ACTION1_END,4,106,-14,7197,.py,.py
confirmation,exp12_docs_code_13,docs_code,paraphrase,0,ACTION1_END,5,107,-13,5130,""")ĊĊ",""")

"
confirmation,exp12_docs_code_13,docs_code,paraphrase,0,FINAL_INSTRUCTION_END,0,109,-11,279,Ġthe, the
confirmation,exp12_docs_code_13,docs_code,paraphrase,0,FINAL_INSTRUCTION_END,1,110,-10,3175,Ġsingle, single
confirmation,exp12_docs_code_13,docs_code,paraphrase,0,FINAL_INSTRUCTION_END,2,111,-9,1790,Ġnext, next
confirmation,exp12_docs_code_13,docs_code,paraphrase,0,FINAL_INSTRUCTION_END,3,112,-8,1917,Ġaction, action
confirmation,exp12_docs_code_13,docs_code,paraphrase,0,FINAL_INSTRUCTION_END,4,113,-7,1431,Ġnow, now
confirmation,exp12_docs_code_13,docs_code,paraphrase,0,FINAL_INSTRUCTION_END,5,114,-6,13,.,.
confirmation,exp12_docs_code_13,docs_code,paraphrase,0,USER_END,0,110,-10,3175,Ġsingle, single
confirmation,exp12_docs_code_13,docs_code,paraphrase,0,USER_END,1,111,-9,1790,Ġnext, next
confirmation,exp12_docs_code_13,docs_code,paraphrase,0,USER_END,2,112,-8,1917,Ġaction, action
confirmation,exp12_docs_code_13,docs_code,paraphrase,0,USER_END,3,113,-7,1431,Ġnow, now
confirmation,exp12_docs_code_13,docs_code,paraphrase,0,USER_END,4,114,-6,13,.,.
confirmation,exp12_docs_code_13,docs_code,paraphrase,0,USER_END,5,115,-5,151645,<|im_end|>,<|im_end|>
confirmation,exp12_docs_code_13,docs_code,paraphrase,0,GENERATION_BOUNDARY,0,114,-6,13,.,.
confirmation,exp12_docs_code_13,docs_code,paraphrase,0,GENERATION_BOUNDARY,1,115,-5,151645,<|im_end|>,<|im_end|>
confirmation,exp12_docs_code_13,docs_code,paraphrase,0,GENERATION_BOUNDARY,2,116,-4,198,Ċ,"
"
confirmation,exp12_docs_code_13,docs_code,paraphrase,0,GENERATION_BOUNDARY,3,117,-3,151644,<|im_start|>,<|im_start|>
confirmation,exp12_docs_code_13,docs_code,paraphrase,0,GENERATION_BOUNDARY,4,118,-2,77091,assistant,assistant
confirmation,exp12_docs_code_13,docs_code,paraphrase,0,GENERATION_BOUNDARY,5,119,-1,198,Ċ,"
"
confirmation,exp12_docs_code_13,docs_code,canonical,1,SKILL_END,0,28,-97,1779,Ġcheck, check
confirmation,exp12_docs_code_13,docs_code,canonical,1,SKILL_END,1,29,-96,279,Ġthe, the
confirmation,exp12_docs_code_13,docs_code,canonical,1,SKILL_END,2,30,-95,5333,ĠAPI, API
confirmation,exp12_docs_code_13,docs_code,canonical,1,SKILL_END,3,31,-94,5785,Ġreference, reference
confirmation,exp12_docs_code_13,docs_code,canonical,1,SKILL_END,4,32,-93,47943,Ġafterward, afterward
confirmation,exp12_docs_code_13,docs_code,canonical,1,SKILL_END,5,33,-92,382,.ĊĊ,".

"
confirmation,exp12_docs_code_13,docs_code,canonical,1,SYSTEM_END,0,40,-85,29130,Ġdeciding, deciding
confirmation,exp12_docs_code_13,docs_code,canonical,1,SYSTEM_END,1,41,-84,279,Ġthe, the
confirmation,exp12_docs_code_13,docs_code,canonical,1,SYSTEM_END,2,42,-83,1156,Ġfirst, first
confirmation,exp12_docs_code_13,docs_code,canonical,1,SYSTEM_END,3,43,-82,1917,Ġaction, action
confirmation,exp12_docs_code_13,docs_code,canonical,1,SYSTEM_END,4,44,-81,13,.,.
confirmation,exp12_docs_code_13,docs_code,canonical,1,SYSTEM_END,5,45,-80,151645,<|im_end|>,<|im_end|>
confirmation,exp12_docs_code_13,docs_code,canonical,1,ISSUE_END,0,74,-51,323,Ġand, and
confirmation,exp12_docs_code_13,docs_code,canonical,1,ISSUE_END,1,75,-50,2205,Ġlocal, local
confirmation,exp12_docs_code_13,docs_code,canonical,1,ISSUE_END,2,76,-49,8129,Ġimplementation, implementation
confirmation,exp12_docs_code_13,docs_code,canonical,1,ISSUE_END,3,77,-48,525,Ġare, are
confirmation,exp12_docs_code_13,docs_code,canonical,1,ISSUE_END,4,78,-47,2500,Ġavailable, available
confirmation,exp12_docs_code_13,docs_code,canonical,1,ISSUE_END,5,79,-46,382,.ĊĊ,".

"
confirmation,exp12_docs_code_13,docs_code,canonical,1,DETAIL_END,0,86,-39,1459,Ġpoint, point
confirmation,exp12_docs_code_13,docs_code,canonical,1,DETAIL_END,1,87,-38,374,Ġis, is
confirmation,exp12_docs_code_13,docs_code,canonical,1,DETAIL_END,2,88,-37,1565,Ġ`, `
confirmation,exp12_docs_code_13,docs_code,canonical,1,DETAIL_END,3,89,-36,2028,check,check
confirmation,exp12_docs_code_13,docs_code,canonical,1,DETAIL_END,4,90,-35,45727,_health,_health
confirmation,exp12_docs_code_13,docs_code,canonical,1,DETAIL_END,5,91,-34,62338,`.ĊĊ,"`.

"
confirmation,exp12_docs_code_13,docs_code,canonical,1,ACTION0_END,0,98,-27,49692,_docs,_docs
confirmation,exp12_docs_code_13,docs_code,canonical,1,ACTION0_END,1,99,-26,445,"(""","("""
confirmation,exp12_docs_code_13,docs_code,canonical,1,ACTION0_END,2,100,-25,36242,requests,requests
confirmation,exp12_docs_code_13,docs_code,canonical,1,ACTION0_END,3,101,-24,20674,.Session,.Session
confirmation,exp12_docs_code_13,docs_code,canonical,1,ACTION0_END,4,102,-23,8223,.request,.request
confirmation,exp12_docs_code_13,docs_code,canonical,1,ACTION0_END,5,103,-22,1138,""")Ċ",""")
"
confirmation,exp12_docs_code_13,docs_code,canonical,1,ACTION1_END,0,107,-18,445,"(""","("""
confirmation,exp12_docs_code_13,docs_code,canonical,1,ACTION1_END,1,108,-17,3548,src,src
confirmation,exp12_docs_code_13,docs_code,canonical,1,ACTION1_END,2,109,-16,14,/,/
confirmation,exp12_docs_code_13,docs_code,canonical,1,ACTION1_END,3,110,-15,32225,monitor,monitor
confirmation,exp12_docs_code_13,docs_code,canonical,1,ACTION1_END,4,111,-14,7197,.py,.py
confirmation,exp12_docs_code_13,docs_code,canonical,1,ACTION1_END,5,112,-13,5130,""")ĊĊ",""")

"
confirmation,exp12_docs_code_13,docs_code,canonical,1,FINAL_INSTRUCTION_END,0,114,-11,279,Ġthe, the
confirmation,exp12_docs_code_13,docs_code,canonical,1,FINAL_INSTRUCTION_END,1,115,-10,3175,Ġsingle, single
confirmation,exp12_docs_code_13,docs_code,canonical,1,FINAL_INSTRUCTION_END,2,116,-9,1790,Ġnext, next
confirmation,exp12_docs_code_13,docs_code,canonical,1,FINAL_INSTRUCTION_END,3,117,-8,1917,Ġaction, action
confirmation,exp12_docs_code_13,docs_code,canonical,1,FINAL_INSTRUCTION_END,4,118,-7,1431,Ġnow, now
confirmation,exp12_docs_code_13,docs_code,canonical,1,FINAL_INSTRUCTION_END,5,119,-6,13,.,.
confirmation,exp12_docs_code_13,docs_code,canonical,1,USER_END,0,115,-10,3175,Ġsingle, single
confirmation,exp12_docs_code_13,docs_code,canonical,1,USER_END,1,116,-9,1790,Ġnext, next
confirmation,exp12_docs_code_13,docs_code,canonical,1,USER_END,2,117,-8,1917,Ġaction, action
confirmation,exp12_docs_code_13,docs_code,canonical,1,USER_END,3,118,-7,1431,Ġnow, now
confirmation,exp12_docs_code_13,docs_code,canonical,1,USER_END,4,119,-6,13,.,.
confirmation,exp12_docs_code_13,docs_code,canonical,1,USER_END,5,120,-5,151645,<|im_end|>,<|im_end|>
confirmation,exp12_docs_code_13,docs_code,canonical,1,GENERATION_BOUNDARY,0,119,-6,13,.,.
confirmation,exp12_docs_code_13,docs_code,canonical,1,GENERATION_BOUNDARY,1,120,-5,151645,<|im_end|>,<|im_end|>
confirmation,exp12_docs_code_13,docs_code,canonical,1,GENERATION_BOUNDARY,2,121,-4,198,Ċ,"
"
confirmation,exp12_docs_code_13,docs_code,canonical,1,GENERATION_BOUNDARY,3,122,-3,151644,<|im_start|>,<|im_start|>
confirmation,exp12_docs_code_13,docs_code,canonical,1,GENERATION_BOUNDARY,4,123,-2,77091,assistant,assistant
confirmation,exp12_docs_code_13,docs_code,canonical,1,GENERATION_BOUNDARY,5,124,-1,198,Ċ,"
"
confirmation,exp12_docs_code_13,docs_code,paraphrase,1,SKILL_END,0,29,-97,26,;,;
confirmation,exp12_docs_code_13,docs_code,paraphrase,1,SKILL_END,1,30,-96,9705,Ġdocumentation, documentation
confirmation,exp12_docs_code_13,docs_code,paraphrase,1,SKILL_END,2,31,-95,18615,Ġlookup, lookup
confirmation,exp12_docs_code_13,docs_code,paraphrase,1,SKILL_END,3,32,-94,374,Ġis, is
confirmation,exp12_docs_code_13,docs_code,paraphrase,1,SKILL_END,4,33,-93,26239,Ġdeferred, deferred
confirmation,exp12_docs_code_13,docs_code,paraphrase,1,SKILL_END,5,34,-92,382,.ĊĊ,".

"
confirmation,exp12_docs_code_13,docs_code,paraphrase,1,SYSTEM_END,0,41,-85,29130,Ġdeciding, deciding
confirmation,exp12_docs_code_13,docs_code,paraphrase,1,SYSTEM_END,1,42,-84,279,Ġthe, the
confirmation,exp12_docs_code_13,docs_code,paraphrase,1,SYSTEM_END,2,43,-83,1156,Ġfirst, first
confirmation,exp12_docs_code_13,docs_code,paraphrase,1,SYSTEM_END,3,44,-82,1917,Ġaction, action
confirmation,exp12_docs_code_13,docs_code,paraphrase,1,SYSTEM_END,4,45,-81,13,.,.
confirmation,exp12_docs_code_13,docs_code,paraphrase,1,SYSTEM_END,5,46,-80,151645,<|im_end|>,<|im_end|>
confirmation,exp12_docs_code_13,docs_code,paraphrase,1,ISSUE_END,0,75,-51,323,Ġand, and
confirmation,exp12_docs_code_13,docs_code,paraphrase,1,ISSUE_END,1,76,-50,2205,Ġlocal, local
confirmation,exp12_docs_code_13,docs_code,paraphrase,1,ISSUE_END,2,77,-49,8129,Ġimplementation, implementation
confirmation,exp12_docs_code_13,docs_code,paraphrase,1,ISSUE_END,3,78,-48,525,Ġare, are
confirmation,exp12_docs_code_13,docs_code,paraphrase,1,ISSUE_END,4,79,-47,2500,Ġavailable, available
confirmation,exp12_docs_code_13,docs_code,paraphrase,1,ISSUE_END,5,80,-46,382,.ĊĊ,".

"
confirmation,exp12_docs_code_13,docs_code,paraphrase,1,DETAIL_END,0,87,-39,1459,Ġpoint, point
confirmation,exp12_docs_code_13,docs_code,paraphrase,1,DETAIL_END,1,88,-38,374,Ġis, is
confirmation,exp12_docs_code_13,docs_code,paraphrase,1,DETAIL_END,2,89,-37,1565,Ġ`, `
confirmation,exp12_docs_code_13,docs_code,paraphrase,1,DETAIL_END,3,90,-36,2028,check,check
confirmation,exp12_docs_code_13,docs_code,paraphrase,1,DETAIL_END,4,91,-35,45727,_health,_health
confirmation,exp12_docs_code_13,docs_code,paraphrase,1,DETAIL_END,5,92,-34,62338,`.ĊĊ,"`.

"
confirmation,exp12_docs_code_13,docs_code,paraphrase,1,ACTION0_END,0,99,-27,49692,_docs,_docs
confirmation,exp12_docs_code_13,docs_code,paraphrase,1,ACTION0_END,1,100,-26,445,"(""","("""
confirmation,exp12_docs_code_13,docs_code,paraphrase,1,ACTION0_END,2,101,-25,36242,requests,requests
confirmation,exp12_docs_code_13,docs_code,paraphrase,1,ACTION0_END,3,102,-24,20674,.Session,.Session
confirmation,exp12_docs_code_13,docs_code,paraphrase,1,ACTION0_END,4,103,-23,8223,.request,.request
confirmation,exp12_docs_code_13,docs_code,paraphrase,1,ACTION0_END,5,104,-22,1138,""")Ċ",""")
"
confirmation,exp12_docs_code_13,docs_code,paraphrase,1,ACTION1_END,0,108,-18,445,"(""","("""
confirmation,exp12_docs_code_13,docs_code,paraphrase,1,ACTION1_END,1,109,-17,3548,src,src
confirmation,exp12_docs_code_13,docs_code,paraphrase,1,ACTION1_END,2,110,-16,14,/,/
confirmation,exp12_docs_code_13,docs_code,paraphrase,1,ACTION1_END,3,111,-15,32225,monitor,monitor
confirmation,exp12_docs_code_13,docs_code,paraphrase,1,ACTION1_END,4,112,-14,7197,.py,.py
confirmation,exp12_docs_code_13,docs_code,paraphrase,1,ACTION1_END,5,113,-13,5130,""")ĊĊ",""")

"
confirmation,exp12_docs_code_13,docs_code,paraphrase,1,FINAL_INSTRUCTION_END,0,115,-11,279,Ġthe, the
confirmation,exp12_docs_code_13,docs_code,paraphrase,1,FINAL_INSTRUCTION_END,1,116,-10,3175,Ġsingle, single
confirmation,exp12_docs_code_13,docs_code,paraphrase,1,FINAL_INSTRUCTION_END,2,117,-9,1790,Ġnext, next
confirmation,exp12_docs_code_13,docs_code,paraphrase,1,FINAL_INSTRUCTION_END,3,118,-8,1917,Ġaction, action
confirmation,exp12_docs_code_13,docs_code,paraphrase,1,FINAL_INSTRUCTION_END,4,119,-7,1431,Ġnow, now
confirmation,exp12_docs_code_13,docs_code,paraphrase,1,FINAL_INSTRUCTION_END,5,120,-6,13,.,.
confirmation,exp12_docs_code_13,docs_code,paraphrase,1,USER_END,0,116,-10,3175,Ġsingle, single
confirmation,exp12_docs_code_13,docs_code,paraphrase,1,USER_END,1,117,-9,1790,Ġnext, next
confirmation,exp12_docs_code_13,docs_code,paraphrase,1,USER_END,2,118,-8,1917,Ġaction, action
confirmation,exp12_docs_code_13,docs_code,paraphrase,1,USER_END,3,119,-7,1431,Ġnow, now
confirmation,exp12_docs_code_13,docs_code,paraphrase,1,USER_END,4,120,-6,13,.,.
confirmation,exp12_docs_code_13,docs_code,paraphrase,1,USER_END,5,121,-5,151645,<|im_end|>,<|im_end|>
confirmation,exp12_docs_code_13,docs_code,paraphrase,1,GENERATION_BOUNDARY,0,120,-6,13,.,.
confirmation,exp12_docs_code_13,docs_code,paraphrase,1,GENERATION_BOUNDARY,1,121,-5,151645,<|im_end|>,<|im_end|>
confirmation,exp12_docs_code_13,docs_code,paraphrase,1,GENERATION_BOUNDARY,2,122,-4,198,Ċ,"
"
confirmation,exp12_docs_code_13,docs_code,paraphrase,1,GENERATION_BOUNDARY,3,123,-3,151644,<|im_start|>,<|im_start|>
confirmation,exp12_docs_code_13,docs_code,paraphrase,1,GENERATION_BOUNDARY,4,124,-2,77091,assistant,assistant
confirmation,exp12_docs_code_13,docs_code,paraphrase,1,GENERATION_BOUNDARY,5,125,-1,198,Ċ,"
"
confirmation,exp12_docs_code_15,docs_code,canonical,0,SKILL_END,0,29,-98,11,",",","
confirmation,exp12_docs_code_15,docs_code,canonical,0,SKILL_END,1,30,-97,1221,Ġthen, then
confirmation,exp12_docs_code_15,docs_code,canonical,0,SKILL_END,2,31,-96,24085,Ġinspect, inspect
confirmation,exp12_docs_code_15,docs_code,canonical,0,SKILL_END,3,32,-95,2205,Ġlocal, local
confirmation,exp12_docs_code_15,docs_code,canonical,0,SKILL_END,4,33,-94,8129,Ġimplementation, implementation
confirmation,exp12_docs_code_15,docs_code,canonical,0,SKILL_END,5,34,-93,382,.ĊĊ,".

"
confirmation,exp12_docs_code_15,docs_code,canonical,0,SYSTEM_END,0,41,-86,29130,Ġdeciding, deciding
confirmation,exp12_docs_code_15,docs_code,canonical,0,SYSTEM_END,1,42,-85,279,Ġthe, the
confirmation,exp12_docs_code_15,docs_code,canonical,0,SYSTEM_END,2,43,-84,1156,Ġfirst, first
confirmation,exp12_docs_code_15,docs_code,canonical,0,SYSTEM_END,3,44,-83,1917,Ġaction, action
confirmation,exp12_docs_code_15,docs_code,canonical,0,SYSTEM_END,4,45,-82,13,.,.
confirmation,exp12_docs_code_15,docs_code,canonical,0,SYSTEM_END,5,46,-81,151645,<|im_end|>,<|im_end|>
confirmation,exp12_docs_code_15,docs_code,canonical,0,ISSUE_END,0,76,-51,323,Ġand, and
confirmation,exp12_docs_code_15,docs_code,canonical,0,ISSUE_END,1,77,-50,2205,Ġlocal, local
confirmation,exp12_docs_code_15,docs_code,canonical,0,ISSUE_END,2,78,-49,8129,Ġimplementation, implementation
confirmation,exp12_docs_code_15,docs_code,canonical,0,ISSUE_END,3,79,-48,525,Ġare, are
confirmation,exp12_docs_code_15,docs_code,canonical,0,ISSUE_END,4,80,-47,2500,Ġavailable, available
confirmation,exp12_docs_code_15,docs_code,canonical,0,ISSUE_END,5,81,-46,382,.ĊĊ,".

"
confirmation,exp12_docs_code_15,docs_code,canonical,0,DETAIL_END,0,88,-39,1459,Ġpoint, point
confirmation,exp12_docs_code_15,docs_code,canonical,0,DETAIL_END,1,89,-38,374,Ġis, is
confirmation,exp12_docs_code_15,docs_code,canonical,0,DETAIL_END,2,90,-37,1565,Ġ`, `
confirmation,exp12_docs_code_15,docs_code,canonical,0,DETAIL_END,3,91,-36,88071,adapt,adapt
confirmation,exp12_docs_code_15,docs_code,canonical,0,DETAIL_END,4,92,-35,9655,_response,_response
confirmation,exp12_docs_code_15,docs_code,canonical,0,DETAIL_END,5,93,-34,62338,`.ĊĊ,"`.

"
confirmation,exp12_docs_code_15,docs_code,canonical,0,ACTION0_END,0,100,-27,49692,_docs,_docs
confirmation,exp12_docs_code_15,docs_code,canonical,0,ACTION0_END,1,101,-26,445,"(""","("""
confirmation,exp12_docs_code_15,docs_code,canonical,0,ACTION0_END,2,102,-25,37401,tom,tom
confirmation,exp12_docs_code_15,docs_code,canonical,0,ACTION0_END,3,103,-24,20745,llib,llib
confirmation,exp12_docs_code_15,docs_code,canonical,0,ACTION0_END,4,104,-23,22961,.loads,.loads
confirmation,exp12_docs_code_15,docs_code,canonical,0,ACTION0_END,5,105,-22,1138,""")Ċ",""")
"
confirmation,exp12_docs_code_15,docs_code,canonical,0,ACTION1_END,0,109,-18,445,"(""","("""
confirmation,exp12_docs_code_15,docs_code,canonical,0,ACTION1_END,1,110,-17,3548,src,src
confirmation,exp12_docs_code_15,docs_code,canonical,0,ACTION1_END,2,111,-16,14,/,/
confirmation,exp12_docs_code_15,docs_code,canonical,0,ACTION1_END,3,112,-15,19731,adapter,adapter
confirmation,exp12_docs_code_15,docs_code,canonical,0,ACTION1_END,4,113,-14,7197,.py,.py
confirmation,exp12_docs_code_15,docs_code,canonical,0,ACTION1_END,5,114,-13,5130,""")ĊĊ",""")

"
confirmation,exp12_docs_code_15,docs_code,canonical,0,FINAL_INSTRUCTION_END,0,116,-11,279,Ġthe, the
confirmation,exp12_docs_code_15,docs_code,canonical,0,FINAL_INSTRUCTION_END,1,117,-10,3175,Ġsingle, single
confirmation,exp12_docs_code_15,docs_code,canonical,0,FINAL_INSTRUCTION_END,2,118,-9,1790,Ġnext, next
confirmation,exp12_docs_code_15,docs_code,canonical,0,FINAL_INSTRUCTION_END,3,119,-8,1917,Ġaction, action
confirmation,exp12_docs_code_15,docs_code,canonical,0,FINAL_INSTRUCTION_END,4,120,-7,1431,Ġnow, now
confirmation,exp12_docs_code_15,docs_code,canonical,0,FINAL_INSTRUCTION_END,5,121,-6,13,.,.
confirmation,exp12_docs_code_15,docs_code,canonical,0,USER_END,0,117,-10,3175,Ġsingle, single
confirmation,exp12_docs_code_15,docs_code,canonical,0,USER_END,1,118,-9,1790,Ġnext, next
confirmation,exp12_docs_code_15,docs_code,canonical,0,USER_END,2,119,-8,1917,Ġaction, action
confirmation,exp12_docs_code_15,docs_code,canonical,0,USER_END,3,120,-7,1431,Ġnow, now
confirmation,exp12_docs_code_15,docs_code,canonical,0,USER_END,4,121,-6,13,.,.
confirmation,exp12_docs_code_15,docs_code,canonical,0,USER_END,5,122,-5,151645,<|im_end|>,<|im_end|>
confirmation,exp12_docs_code_15,docs_code,canonical,0,GENERATION_BOUNDARY,0,121,-6,13,.,.
confirmation,exp12_docs_code_15,docs_code,canonical,0,GENERATION_BOUNDARY,1,122,-5,151645,<|im_end|>,<|im_end|>
confirmation,exp12_docs_code_15,docs_code,canonical,0,GENERATION_BOUNDARY,2,123,-4,198,Ċ,"
"
confirmation,exp12_docs_code_15,docs_code,canonical,0,GENERATION_BOUNDARY,3,124,-3,151644,<|im_start|>,<|im_start|>
confirmation,exp12_docs_code_15,docs_code,canonical,0,GENERATION_BOUNDARY,4,125,-2,77091,assistant,assistant
confirmation,exp12_docs_code_15,docs_code,canonical,0,GENERATION_BOUNDARY,5,126,-1,198,Ċ,"
"
confirmation,exp12_docs_code_15,docs_code,paraphrase,0,SKILL_END,0,23,-98,1573,Ġbefore, before
confirmation,exp12_docs_code_15,docs_code,paraphrase,0,SKILL_END,1,24,-97,8568,Ġopening, opening
confirmation,exp12_docs_code_15,docs_code,paraphrase,0,SKILL_END,2,25,-96,279,Ġthe, the
confirmation,exp12_docs_code_15,docs_code,paraphrase,0,SKILL_END,3,26,-95,2390,Ġproject, project
confirmation,exp12_docs_code_15,docs_code,paraphrase,0,SKILL_END,4,27,-94,2530,Ġsource, source
confirmation,exp12_docs_code_15,docs_code,paraphrase,0,SKILL_END,5,28,-93,382,.ĊĊ,".

"
confirmation,exp12_docs_code_15,docs_code,paraphrase,0,SYSTEM_END,0,35,-86,29130,Ġdeciding, deciding
confirmation,exp12_docs_code_15,docs_code,paraphrase,0,SYSTEM_END,1,36,-85,279,Ġthe, the
confirmation,exp12_docs_code_15,docs_code,paraphrase,0,SYSTEM_END,2,37,-84,1156,Ġfirst, first
confirmation,exp12_docs_code_15,docs_code,paraphrase,0,SYSTEM_END,3,38,-83,1917,Ġaction, action
confirmation,exp12_docs_code_15,docs_code,paraphrase,0,SYSTEM_END,4,39,-82,13,.,.
confirmation,exp12_docs_code_15,docs_code,paraphrase,0,SYSTEM_END,5,40,-81,151645,<|im_end|>,<|im_end|>
confirmation,exp12_docs_code_15,docs_code,paraphrase,0,ISSUE_END,0,70,-51,323,Ġand, and
confirmation,exp12_docs_code_15,docs_code,paraphrase,0,ISSUE_END,1,71,-50,2205,Ġlocal, local
confirmation,exp12_docs_code_15,docs_code,paraphrase,0,ISSUE_END,2,72,-49,8129,Ġimplementation, implementation
confirmation,exp12_docs_code_15,docs_code,paraphrase,0,ISSUE_END,3,73,-48,525,Ġare, are
confirmation,exp12_docs_code_15,docs_code,paraphrase,0,ISSUE_END,4,74,-47,2500,Ġavailable, available
confirmation,exp12_docs_code_15,docs_code,paraphrase,0,ISSUE_END,5,75,-46,382,.ĊĊ,".

"
confirmation,exp12_docs_code_15,docs_code,paraphrase,0,DETAIL_END,0,82,-39,1459,Ġpoint, point
confirmation,exp12_docs_code_15,docs_code,paraphrase,0,DETAIL_END,1,83,-38,374,Ġis, is
confirmation,exp12_docs_code_15,docs_code,paraphrase,0,DETAIL_END,2,84,-37,1565,Ġ`, `
confirmation,exp12_docs_code_15,docs_code,paraphrase,0,DETAIL_END,3,85,-36,88071,adapt,adapt
confirmation,exp12_docs_code_15,docs_code,paraphrase,0,DETAIL_END,4,86,-35,9655,_response,_response
confirmation,exp12_docs_code_15,docs_code,paraphrase,0,DETAIL_END,5,87,-34,62338,`.ĊĊ,"`.

"
confirmation,exp12_docs_code_15,docs_code,paraphrase,0,ACTION0_END,0,94,-27,49692,_docs,_docs
confirmation,exp12_docs_code_15,docs_code,paraphrase,0,ACTION0_END,1,95,-26,445,"(""","("""
confirmation,exp12_docs_code_15,docs_code,paraphrase,0,ACTION0_END,2,96,-25,37401,tom,tom
confirmation,exp12_docs_code_15,docs_code,paraphrase,0,ACTION0_END,3,97,-24,20745,llib,llib
confirmation,exp12_docs_code_15,docs_code,paraphrase,0,ACTION0_END,4,98,-23,22961,.loads,.loads
confirmation,exp12_docs_code_15,docs_code,paraphrase,0,ACTION0_END,5,99,-22,1138,""")Ċ",""")
"
confirmation,exp12_docs_code_15,docs_code,paraphrase,0,ACTION1_END,0,103,-18,445,"(""","("""
confirmation,exp12_docs_code_15,docs_code,paraphrase,0,ACTION1_END,1,104,-17,3548,src,src
confirmation,exp12_docs_code_15,docs_code,paraphrase,0,ACTION1_END,2,105,-16,14,/,/
confirmation,exp12_docs_code_15,docs_code,paraphrase,0,ACTION1_END,3,106,-15,19731,adapter,adapter
confirmation,exp12_docs_code_15,docs_code,paraphrase,0,ACTION1_END,4,107,-14,7197,.py,.py
confirmation,exp12_docs_code_15,docs_code,paraphrase,0,ACTION1_END,5,108,-13,5130,""")ĊĊ",""")

"
confirmation,exp12_docs_code_15,docs_code,paraphrase,0,FINAL_INSTRUCTION_END,0,110,-11,279,Ġthe, the
confirmation,exp12_docs_code_15,docs_code,paraphrase,0,FINAL_INSTRUCTION_END,1,111,-10,3175,Ġsingle, single
confirmation,exp12_docs_code_15,docs_code,paraphrase,0,FINAL_INSTRUCTION_END,2,112,-9,1790,Ġnext, next
confirmation,exp12_docs_code_15,docs_code,paraphrase,0,FINAL_INSTRUCTION_END,3,113,-8,1917,Ġaction, action
confirmation,exp12_docs_code_15,docs_code,paraphrase,0,FINAL_INSTRUCTION_END,4,114,-7,1431,Ġnow, now
confirmation,exp12_docs_code_15,docs_code,paraphrase,0,FINAL_INSTRUCTION_END,5,115,-6,13,.,.
confirmation,exp12_docs_code_15,docs_code,paraphrase,0,USER_END,0,111,-10,3175,Ġsingle, single
confirmation,exp12_docs_code_15,docs_code,paraphrase,0,USER_END,1,112,-9,1790,Ġnext, next
confirmation,exp12_docs_code_15,docs_code,paraphrase,0,USER_END,2,113,-8,1917,Ġaction, action
confirmation,exp12_docs_code_15,docs_code,paraphrase,0,USER_END,3,114,-7,1431,Ġnow, now
confirmation,exp12_docs_code_15,docs_code,paraphrase,0,USER_END,4,115,-6,13,.,.
confirmation,exp12_docs_code_15,docs_code,paraphrase,0,USER_END,5,116,-5,151645,<|im_end|>,<|im_end|>
confirmation,exp12_docs_code_15,docs_code,paraphrase,0,GENERATION_BOUNDARY,0,115,-6,13,.,.
confirmation,exp12_docs_code_15,docs_code,paraphrase,0,GENERATION_BOUNDARY,1,116,-5,151645,<|im_end|>,<|im_end|>
confirmation,exp12_docs_code_15,docs_code,paraphrase,0,GENERATION_BOUNDARY,2,117,-4,198,Ċ,"
"
confirmation,exp12_docs_code_15,docs_code,paraphrase,0,GENERATION_BOUNDARY,3,118,-3,151644,<|im_start|>,<|im_start|>
confirmation,exp12_docs_code_15,docs_code,paraphrase,0,GENERATION_BOUNDARY,4,119,-2,77091,assistant,assistant
confirmation,exp12_docs_code_15,docs_code,paraphrase,0,GENERATION_BOUNDARY,5,120,-1,198,Ċ,"
"
confirmation,exp12_docs_code_15,docs_code,canonical,1,SKILL_END,0,28,-98,1779,Ġcheck, check
confirmation,exp12_docs_code_15,docs_code,canonical,1,SKILL_END,1,29,-97,279,Ġthe, the
confirmation,exp12_docs_code_15,docs_code,canonical,1,SKILL_END,2,30,-96,5333,ĠAPI, API
confirmation,exp12_docs_code_15,docs_code,canonical,1,SKILL_END,3,31,-95,5785,Ġreference, reference
confirmation,exp12_docs_code_15,docs_code,canonical,1,SKILL_END,4,32,-94,47943,Ġafterward, afterward
confirmation,exp12_docs_code_15,docs_code,canonical,1,SKILL_END,5,33,-93,382,.ĊĊ,".

"
confirmation,exp12_docs_code_15,docs_code,canonical,1,SYSTEM_END,0,40,-86,29130,Ġdeciding, deciding
confirmation,exp12_docs_code_15,docs_code,canonical,1,SYSTEM_END,1,41,-85,279,Ġthe, the
confirmation,exp12_docs_code_15,docs_code,canonical,1,SYSTEM_END,2,42,-84,1156,Ġfirst, first
confirmation,exp12_docs_code_15,docs_code,canonical,1,SYSTEM_END,3,43,-83,1917,Ġaction, action
confirmation,exp12_docs_code_15,docs_code,canonical,1,SYSTEM_END,4,44,-82,13,.,.
confirmation,exp12_docs_code_15,docs_code,canonical,1,SYSTEM_END,5,45,-81,151645,<|im_end|>,<|im_end|>
confirmation,exp12_docs_code_15,docs_code,canonical,1,ISSUE_END,0,75,-51,323,Ġand, and
confirmation,exp12_docs_code_15,docs_code,canonical,1,ISSUE_END,1,76,-50,2205,Ġlocal, local
confirmation,exp12_docs_code_15,docs_code,canonical,1,ISSUE_END,2,77,-49,8129,Ġimplementation, implementation
confirmation,exp12_docs_code_15,docs_code,canonical,1,ISSUE_END,3,78,-48,525,Ġare, are
confirmation,exp12_docs_code_15,docs_code,canonical,1,ISSUE_END,4,79,-47,2500,Ġavailable, available
confirmation,exp12_docs_code_15,docs_code,canonical,1,ISSUE_END,5,80,-46,382,.ĊĊ,".

"
confirmation,exp12_docs_code_15,docs_code,canonical,1,DETAIL_END,0,87,-39,1459,Ġpoint, point
confirmation,exp12_docs_code_15,docs_code,canonical,1,DETAIL_END,1,88,-38,374,Ġis, is
confirmation,exp12_docs_code_15,docs_code,canonical,1,DETAIL_END,2,89,-37,1565,Ġ`, `
confirmation,exp12_docs_code_15,docs_code,canonical,1,DETAIL_END,3,90,-36,88071,adapt,adapt
confirmation,exp12_docs_code_15,docs_code,canonical,1,DETAIL_END,4,91,-35,9655,_response,_response
confirmation,exp12_docs_code_15,docs_code,canonical,1,DETAIL_END,5,92,-34,62338,`.ĊĊ,"`.

"
confirmation,exp12_docs_code_15,docs_code,canonical,1,ACTION0_END,0,99,-27,49692,_docs,_docs
confirmation,exp12_docs_code_15,docs_code,canonical,1,ACTION0_END,1,100,-26,445,"(""","("""
confirmation,exp12_docs_code_15,docs_code,canonical,1,ACTION0_END,2,101,-25,37401,tom,tom
confirmation,exp12_docs_code_15,docs_code,canonical,1,ACTION0_END,3,102,-24,20745,llib,llib
confirmation,exp12_docs_code_15,docs_code,canonical,1,ACTION0_END,4,103,-23,22961,.loads,.loads
confirmation,exp12_docs_code_15,docs_code,canonical,1,ACTION0_END,5,104,-22,1138,""")Ċ",""")
"
confirmation,exp12_docs_code_15,docs_code,canonical,1,ACTION1_END,0,108,-18,445,"(""","("""
confirmation,exp12_docs_code_15,docs_code,canonical,1,ACTION1_END,1,109,-17,3548,src,src
confirmation,exp12_docs_code_15,docs_code,canonical,1,ACTION1_END,2,110,-16,14,/,/
confirmation,exp12_docs_code_15,docs_code,canonical,1,ACTION1_END,3,111,-15,19731,adapter,adapter
confirmation,exp12_docs_code_15,docs_code,canonical,1,ACTION1_END,4,112,-14,7197,.py,.py
confirmation,exp12_docs_code_15,docs_code,canonical,1,ACTION1_END,5,113,-13,5130,""")ĊĊ",""")

"
confirmation,exp12_docs_code_15,docs_code,canonical,1,FINAL_INSTRUCTION_END,0,115,-11,279,Ġthe, the
confirmation,exp12_docs_code_15,docs_code,canonical,1,FINAL_INSTRUCTION_END,1,116,-10,3175,Ġsingle, single
confirmation,exp12_docs_code_15,docs_code,canonical,1,FINAL_INSTRUCTION_END,2,117,-9,1790,Ġnext, next
confirmation,exp12_docs_code_15,docs_code,canonical,1,FINAL_INSTRUCTION_END,3,118,-8,1917,Ġaction, action
confirmation,exp12_docs_code_15,docs_code,canonical,1,FINAL_INSTRUCTION_END,4,119,-7,1431,Ġnow, now
confirmation,exp12_docs_code_15,docs_code,canonical,1,FINAL_INSTRUCTION_END,5,120,-6,13,.,.
confirmation,exp12_docs_code_15,docs_code,canonical,1,USER_END,0,116,-10,3175,Ġsingle, single
confirmation,exp12_docs_code_15,docs_code,canonical,1,USER_END,1,117,-9,1790,Ġnext, next
confirmation,exp12_docs_code_15,docs_code,canonical,1,USER_END,2,118,-8,1917,Ġaction, action
confirmation,exp12_docs_code_15,docs_code,canonical,1,USER_END,3,119,-7,1431,Ġnow, now
confirmation,exp12_docs_code_15,docs_code,canonical,1,USER_END,4,120,-6,13,.,.
confirmation,exp12_docs_code_15,docs_code,canonical,1,USER_END,5,121,-5,151645,<|im_end|>,<|im_end|>
confirmation,exp12_docs_code_15,docs_code,canonical,1,GENERATION_BOUNDARY,0,120,-6,13,.,.
confirmation,exp12_docs_code_15,docs_code,canonical,1,GENERATION_BOUNDARY,1,121,-5,151645,<|im_end|>,<|im_end|>
confirmation,exp12_docs_code_15,docs_code,canonical,1,GENERATION_BOUNDARY,2,122,-4,198,Ċ,"
"
confirmation,exp12_docs_code_15,docs_code,canonical,1,GENERATION_BOUNDARY,3,123,-3,151644,<|im_start|>,<|im_start|>
confirmation,exp12_docs_code_15,docs_code,canonical,1,GENERATION_BOUNDARY,4,124,-2,77091,assistant,assistant
confirmation,exp12_docs_code_15,docs_code,canonical,1,GENERATION_BOUNDARY,5,125,-1,198,Ċ,"
"
confirmation,exp12_docs_code_15,docs_code,paraphrase,1,SKILL_END,0,29,-98,26,;,;
confirmation,exp12_docs_code_15,docs_code,paraphrase,1,SKILL_END,1,30,-97,9705,Ġdocumentation, documentation
confirmation,exp12_docs_code_15,docs_code,paraphrase,1,SKILL_END,2,31,-96,18615,Ġlookup, lookup
confirmation,exp12_docs_code_15,docs_code,paraphrase,1,SKILL_END,3,32,-95,374,Ġis, is
confirmation,exp12_docs_code_15,docs_code,paraphrase,1,SKILL_END,4,33,-94,26239,Ġdeferred, deferred
confirmation,exp12_docs_code_15,docs_code,paraphrase,1,SKILL_END,5,34,-93,382,.ĊĊ,".

"
confirmation,exp12_docs_code_15,docs_code,paraphrase,1,SYSTEM_END,0,41,-86,29130,Ġdeciding, deciding
confirmation,exp12_docs_code_15,docs_code,paraphrase,1,SYSTEM_END,1,42,-85,279,Ġthe, the
confirmation,exp12_docs_code_15,docs_code,paraphrase,1,SYSTEM_END,2,43,-84,1156,Ġfirst, first
confirmation,exp12_docs_code_15,docs_code,paraphrase,1,SYSTEM_END,3,44,-83,1917,Ġaction, action
confirmation,exp12_docs_code_15,docs_code,paraphrase,1,SYSTEM_END,4,45,-82,13,.,.
confirmation,exp12_docs_code_15,docs_code,paraphrase,1,SYSTEM_END,5,46,-81,151645,<|im_end|>,<|im_end|>
confirmation,exp12_docs_code_15,docs_code,paraphrase,1,ISSUE_END,0,76,-51,323,Ġand, and
confirmation,exp12_docs_code_15,docs_code,paraphrase,1,ISSUE_END,1,77,-50,2205,Ġlocal, local
confirmation,exp12_docs_code_15,docs_code,paraphrase,1,ISSUE_END,2,78,-49,8129,Ġimplementation, implementation
confirmation,exp12_docs_code_15,docs_code,paraphrase,1,ISSUE_END,3,79,-48,525,Ġare, are
confirmation,exp12_docs_code_15,docs_code,paraphrase,1,ISSUE_END,4,80,-47,2500,Ġavailable, available
confirmation,exp12_docs_code_15,docs_code,paraphrase,1,ISSUE_END,5,81,-46,382,.ĊĊ,".

"
confirmation,exp12_docs_code_15,docs_code,paraphrase,1,DETAIL_END,0,88,-39,1459,Ġpoint, point
confirmation,exp12_docs_code_15,docs_code,paraphrase,1,DETAIL_END,1,89,-38,374,Ġis, is
confirmation,exp12_docs_code_15,docs_code,paraphrase,1,DETAIL_END,2,90,-37,1565,Ġ`, `
confirmation,exp12_docs_code_15,docs_code,paraphrase,1,DETAIL_END,3,91,-36,88071,adapt,adapt
confirmation,exp12_docs_code_15,docs_code,paraphrase,1,DETAIL_END,4,92,-35,9655,_response,_response
confirmation,exp12_docs_code_15,docs_code,paraphrase,1,DETAIL_END,5,93,-34,62338,`.ĊĊ,"`.

"
confirmation,exp12_docs_code_15,docs_code,paraphrase,1,ACTION0_END,0,100,-27,49692,_docs,_docs
confirmation,exp12_docs_code_15,docs_code,paraphrase,1,ACTION0_END,1,101,-26,445,"(""","("""
confirmation,exp12_docs_code_15,docs_code,paraphrase,1,ACTION0_END,2,102,-25,37401,tom,tom
confirmation,exp12_docs_code_15,docs_code,paraphrase,1,ACTION0_END,3,103,-24,20745,llib,llib
confirmation,exp12_docs_code_15,docs_code,paraphrase,1,ACTION0_END,4,104,-23,22961,.loads,.loads
confirmation,exp12_docs_code_15,docs_code,paraphrase,1,ACTION0_END,5,105,-22,1138,""")Ċ",""")
"
confirmation,exp12_docs_code_15,docs_code,paraphrase,1,ACTION1_END,0,109,-18,445,"(""","("""
confirmation,exp12_docs_code_15,docs_code,paraphrase,1,ACTION1_END,1,110,-17,3548,src,src
confirmation,exp12_docs_code_15,docs_code,paraphrase,1,ACTION1_END,2,111,-16,14,/,/
confirmation,exp12_docs_code_15,docs_code,paraphrase,1,ACTION1_END,3,112,-15,19731,adapter,adapter
confirmation,exp12_docs_code_15,docs_code,paraphrase,1,ACTION1_END,4,113,-14,7197,.py,.py
confirmation,exp12_docs_code_15,docs_code,paraphrase,1,ACTION1_END,5,114,-13,5130,""")ĊĊ",""")

"
confirmation,exp12_docs_code_15,docs_code,paraphrase,1,FINAL_INSTRUCTION_END,0,116,-11,279,Ġthe, the
confirmation,exp12_docs_code_15,docs_code,paraphrase,1,FINAL_INSTRUCTION_END,1,117,-10,3175,Ġsingle, single
confirmation,exp12_docs_code_15,docs_code,paraphrase,1,FINAL_INSTRUCTION_END,2,118,-9,1790,Ġnext, next
confirmation,exp12_docs_code_15,docs_code,paraphrase,1,FINAL_INSTRUCTION_END,3,119,-8,1917,Ġaction, action
confirmation,exp12_docs_code_15,docs_code,paraphrase,1,FINAL_INSTRUCTION_END,4,120,-7,1431,Ġnow, now
confirmation,exp12_docs_code_15,docs_code,paraphrase,1,FINAL_INSTRUCTION_END,5,121,-6,13,.,.
confirmation,exp12_docs_code_15,docs_code,paraphrase,1,USER_END,0,117,-10,3175,Ġsingle, single
confirmation,exp12_docs_code_15,docs_code,paraphrase,1,USER_END,1,118,-9,1790,Ġnext, next
confirmation,exp12_docs_code_15,docs_code,paraphrase,1,USER_END,2,119,-8,1917,Ġaction, action
confirmation,exp12_docs_code_15,docs_code,paraphrase,1,USER_END,3,120,-7,1431,Ġnow, now
confirmation,exp12_docs_code_15,docs_code,paraphrase,1,USER_END,4,121,-6,13,.,.
confirmation,exp12_docs_code_15,docs_code,paraphrase,1,USER_END,5,122,-5,151645,<|im_end|>,<|im_end|>
confirmation,exp12_docs_code_15,docs_code,paraphrase,1,GENERATION_BOUNDARY,0,121,-6,13,.,.
confirmation,exp12_docs_code_15,docs_code,paraphrase,1,GENERATION_BOUNDARY,1,122,-5,151645,<|im_end|>,<|im_end|>
confirmation,exp12_docs_code_15,docs_code,paraphrase,1,GENERATION_BOUNDARY,2,123,-4,198,Ċ,"
"
confirmation,exp12_docs_code_15,docs_code,paraphrase,1,GENERATION_BOUNDARY,3,124,-3,151644,<|im_start|>,<|im_start|>
confirmation,exp12_docs_code_15,docs_code,paraphrase,1,GENERATION_BOUNDARY,4,125,-2,77091,assistant,assistant
confirmation,exp12_docs_code_15,docs_code,paraphrase,1,GENERATION_BOUNDARY,5,126,-1,198,Ċ,"
"
