cohort,task_id,family,recipient_label,recipient_wording,donor_label,donor_wording,relation,metric,value,reader_leakage_ratio,reader_baseline_margin_diff,reader_v_effect_diff
direct,exp12_test_edit_00,test_edit,0,direct,-1,,baseline,behavior_correct,1.0,,,
direct,exp12_test_edit_00,test_edit,0,direct,-1,,baseline,baseline_signed_preference,1.0413257549516857,,,
direct,exp12_test_edit_00,test_edit,1,direct,-1,,baseline,behavior_correct,1.0,,,
direct,exp12_test_edit_00,test_edit,1,direct,-1,,baseline,baseline_signed_preference,0.4236816819757223,,,
direct,exp12_test_edit_00,test_edit,0,direct,1,direct,opposite,H20_residual_reference,1.2268813303671777,,,
direct,exp12_test_edit_00,test_edit,0,direct,1,direct,opposite,frozen_V_sufficiency,-0.01776945823803544,,,
direct,exp12_test_edit_00,test_edit,0,direct,1,direct,opposite,frozen_V_necessity_loss,-0.007790949195623398,,,
direct,exp12_test_edit_00,test_edit,0,direct,1,direct,opposite,verified_v_effect,-0.01776945823803544,0.0,0.0,0.0
direct,exp12_test_edit_00,test_edit,0,direct,1,direct,opposite,target_reader_sufficiency,0.0535489353351295,0.0,0.0,0.0
direct,exp12_test_edit_00,test_edit,0,direct,1,direct,opposite,target_reader_necessity,0.027475984767079353,0.0,0.0,0.0
direct,exp12_test_edit_00,test_edit,0,direct,1,direct,opposite,all7_reader_sufficiency,-0.01776945823803544,0.0,0.0,0.0
direct,exp12_test_edit_00,test_edit,0,direct,1,direct,opposite,all7_reader_necessity,-0.01776945823803544,0.0,0.0,0.0
direct,exp12_test_edit_00,test_edit,0,direct,1,direct,opposite,non_kv0_reader_sufficiency,0.0,0.0,0.0,0.0
direct,exp12_test_edit_00,test_edit,0,direct,1,direct,opposite,non_kv0_reader_necessity,0.0,0.0,0.0,0.0
direct,exp12_test_edit_00,test_edit,1,direct,0,direct,opposite,H20_residual_reference,0.9509403789415956,,,
direct,exp12_test_edit_00,test_edit,1,direct,0,direct,opposite,frozen_V_sufficiency,-0.02104327455163002,,,
direct,exp12_test_edit_00,test_edit,1,direct,0,direct,opposite,frozen_V_necessity_loss,-0.0001390557736158371,,,
direct,exp12_test_edit_00,test_edit,1,direct,0,direct,opposite,verified_v_effect,-0.02104327455163002,0.0,0.0,0.0
direct,exp12_test_edit_00,test_edit,1,direct,0,direct,opposite,target_reader_sufficiency,0.05935715511441231,0.0,0.0,0.0
direct,exp12_test_edit_00,test_edit,1,direct,0,direct,opposite,target_reader_necessity,0.04668414779007435,0.0,0.0,0.0
direct,exp12_test_edit_00,test_edit,1,direct,0,direct,opposite,all7_reader_sufficiency,-0.02104327455163002,0.0,0.0,0.0
direct,exp12_test_edit_00,test_edit,1,direct,0,direct,opposite,all7_reader_necessity,-0.02104327455163002,0.0,0.0,0.0
direct,exp12_test_edit_00,test_edit,1,direct,0,direct,opposite,non_kv0_reader_sufficiency,-0.0,0.0,0.0,0.0
direct,exp12_test_edit_00,test_edit,1,direct,0,direct,opposite,non_kv0_reader_necessity,0.0,0.0,0.0,0.0
direct,exp12_test_edit_01,test_edit,0,direct,-1,,baseline,behavior_correct,1.0,,,
direct,exp12_test_edit_01,test_edit,0,direct,-1,,baseline,baseline_signed_preference,0.9966051038354635,,,
direct,exp12_test_edit_01,test_edit,1,direct,-1,,baseline,behavior_correct,1.0,,,
direct,exp12_test_edit_01,test_edit,1,direct,-1,,baseline,baseline_signed_preference,0.42786020413041115,,,
direct,exp12_test_edit_01,test_edit,0,direct,1,direct,opposite,H20_residual_reference,1.180943412706256,,,
direct,exp12_test_edit_01,test_edit,0,direct,1,direct,opposite,frozen_V_sufficiency,-0.02673310413956642,,,
direct,exp12_test_edit_01,test_edit,0,direct,1,direct,opposite,frozen_V_necessity_loss,-0.008696485310792923,,,
direct,exp12_test_edit_01,test_edit,0,direct,1,direct,opposite,verified_v_effect,-0.02673310413956642,0.0,0.0,0.0
direct,exp12_test_edit_01,test_edit,0,direct,1,direct,opposite,target_reader_sufficiency,0.06247146334499121,0.0,0.0,0.0
direct,exp12_test_edit_01,test_edit,0,direct,1,direct,opposite,target_reader_necessity,0.04461516905575991,0.0,0.0,0.0
direct,exp12_test_edit_01,test_edit,0,direct,1,direct,opposite,all7_reader_sufficiency,-0.02673310413956642,0.0,0.0,0.0
direct,exp12_test_edit_01,test_edit,0,direct,1,direct,opposite,all7_reader_necessity,-0.02673310413956642,0.0,0.0,0.0
direct,exp12_test_edit_01,test_edit,0,direct,1,direct,opposite,non_kv0_reader_sufficiency,0.0,0.0,0.0,0.0
direct,exp12_test_edit_01,test_edit,0,direct,1,direct,opposite,non_kv0_reader_necessity,0.0,0.0,0.0,0.0
direct,exp12_test_edit_01,test_edit,1,direct,0,direct,opposite,H20_residual_reference,0.937236949801445,,,
direct,exp12_test_edit_01,test_edit,1,direct,0,direct,opposite,frozen_V_sufficiency,-0.012356920167803764,,,
direct,exp12_test_edit_01,test_edit,1,direct,0,direct,opposite,frozen_V_necessity_loss,-0.01691027358174324,,,
direct,exp12_test_edit_01,test_edit,1,direct,0,direct,opposite,verified_v_effect,-0.012356920167803764,0.0,0.0,0.0
direct,exp12_test_edit_01,test_edit,1,direct,0,direct,opposite,target_reader_sufficiency,0.05537007562816143,0.0,0.0,0.0
direct,exp12_test_edit_01,test_edit,1,direct,0,direct,opposite,target_reader_necessity,0.051181770861148834,0.0,0.0,0.0
direct,exp12_test_edit_01,test_edit,1,direct,0,direct,opposite,all7_reader_sufficiency,-0.012356920167803764,0.0,0.0,0.0
direct,exp12_test_edit_01,test_edit,1,direct,0,direct,opposite,all7_reader_necessity,-0.012356920167803764,0.0,0.0,0.0
direct,exp12_test_edit_01,test_edit,1,direct,0,direct,opposite,non_kv0_reader_sufficiency,-0.0,0.0,0.0,0.0
direct,exp12_test_edit_01,test_edit,1,direct,0,direct,opposite,non_kv0_reader_necessity,0.0,0.0,0.0,0.0
direct,exp12_test_edit_02,test_edit,0,direct,-1,,baseline,behavior_correct,1.0,,,
direct,exp12_test_edit_02,test_edit,0,direct,-1,,baseline,baseline_signed_preference,0.9882059823721647,,,
direct,exp12_test_edit_02,test_edit,1,direct,-1,,baseline,behavior_correct,1.0,,,
direct,exp12_test_edit_02,test_edit,1,direct,-1,,baseline,baseline_signed_preference,0.42266929149627686,,,
direct,exp12_test_edit_02,test_edit,0,direct,1,direct,opposite,H20_residual_reference,1.1814417261630297,,,
direct,exp12_test_edit_02,test_edit,0,direct,1,direct,opposite,frozen_V_sufficiency,1.766858622431755e-05,,,
direct,exp12_test_edit_02,test_edit,0,direct,1,direct,opposite,frozen_V_necessity_loss,-0.008442070335149765,,,
direct,exp12_test_edit_02,test_edit,0,direct,1,direct,opposite,verified_v_effect,1.766858622431755e-05,0.0,0.0,0.0
direct,exp12_test_edit_02,test_edit,0,direct,1,direct,opposite,target_reader_sufficiency,0.05411565816029906,0.0,0.0,0.0
direct,exp12_test_edit_02,test_edit,0,direct,1,direct,opposite,target_reader_necessity,0.035727410577237606,0.0,0.0,0.0
direct,exp12_test_edit_02,test_edit,0,direct,1,direct,opposite,all7_reader_sufficiency,1.766858622431755e-05,0.0,0.0,0.0
direct,exp12_test_edit_02,test_edit,0,direct,1,direct,opposite,all7_reader_necessity,1.766858622431755e-05,0.0,0.0,0.0
direct,exp12_test_edit_02,test_edit,0,direct,1,direct,opposite,non_kv0_reader_sufficiency,0.0,0.0,0.0,0.0
direct,exp12_test_edit_02,test_edit,0,direct,1,direct,opposite,non_kv0_reader_necessity,0.0,0.0,0.0,0.0
direct,exp12_test_edit_02,test_edit,1,direct,0,direct,opposite,H20_residual_reference,0.9147361433133483,,,
direct,exp12_test_edit_02,test_edit,1,direct,0,direct,opposite,frozen_V_sufficiency,-0.01671772263944149,,,
direct,exp12_test_edit_02,test_edit,1,direct,0,direct,opposite,frozen_V_necessity_loss,-0.01747141219675541,,,
direct,exp12_test_edit_02,test_edit,1,direct,0,direct,opposite,verified_v_effect,-0.01671772263944149,0.0,0.0,0.0
direct,exp12_test_edit_02,test_edit,1,direct,0,direct,opposite,target_reader_sufficiency,0.05965195782482624,0.0,0.0,0.0
direct,exp12_test_edit_02,test_edit,1,direct,0,direct,opposite,target_reader_necessity,0.04157442785799503,0.0,0.0,0.0
direct,exp12_test_edit_02,test_edit,1,direct,0,direct,opposite,all7_reader_sufficiency,-0.01671772263944149,0.0,0.0,0.0
direct,exp12_test_edit_02,test_edit,1,direct,0,direct,opposite,all7_reader_necessity,-0.01671772263944149,0.0,0.0,0.0
direct,exp12_test_edit_02,test_edit,1,direct,0,direct,opposite,non_kv0_reader_sufficiency,-0.0,0.0,0.0,0.0
direct,exp12_test_edit_02,test_edit,1,direct,0,direct,opposite,non_kv0_reader_necessity,0.0,0.0,0.0,0.0
direct,exp12_test_edit_03,test_edit,0,direct,-1,,baseline,behavior_correct,1.0,,,
direct,exp12_test_edit_03,test_edit,0,direct,-1,,baseline,baseline_signed_preference,0.8184434222057462,,,
direct,exp12_test_edit_03,test_edit,1,direct,-1,,baseline,behavior_correct,1.0,,,
direct,exp12_test_edit_03,test_edit,1,direct,-1,,baseline,baseline_signed_preference,0.4168651346117258,,,
direct,exp12_test_edit_03,test_edit,0,direct,1,direct,opposite,H20_residual_reference,0.995467253960669,,,
direct,exp12_test_edit_03,test_edit,0,direct,1,direct,opposite,frozen_V_sufficiency,-0.015712414402514696,,,
direct,exp12_test_edit_03,test_edit,0,direct,1,direct,opposite,frozen_V_necessity_loss,-0.018337372690439224,,,
direct,exp12_test_edit_03,test_edit,0,direct,1,direct,opposite,verified_v_effect,-0.015712414402514696,0.0,0.0,0.0
direct,exp12_test_edit_03,test_edit,0,direct,1,direct,opposite,target_reader_sufficiency,0.04735230654478073,0.0,0.0,0.0
direct,exp12_test_edit_03,test_edit,0,direct,1,direct,opposite,target_reader_necessity,0.0390825686044991,0.0,0.0,0.0
direct,exp12_test_edit_03,test_edit,0,direct,1,direct,opposite,all7_reader_sufficiency,-0.015712414402514696,0.0,0.0,0.0
direct,exp12_test_edit_03,test_edit,0,direct,1,direct,opposite,all7_reader_necessity,-0.015712414402514696,0.0,0.0,0.0
direct,exp12_test_edit_03,test_edit,0,direct,1,direct,opposite,non_kv0_reader_sufficiency,0.0,0.0,0.0,0.0
direct,exp12_test_edit_03,test_edit,0,direct,1,direct,opposite,non_kv0_reader_necessity,0.0,0.0,0.0,0.0
direct,exp12_test_edit_03,test_edit,1,direct,0,direct,opposite,H20_residual_reference,0.8469542004168034,,,
direct,exp12_test_edit_03,test_edit,1,direct,0,direct,opposite,frozen_V_sufficiency,-0.020855633541941643,,,
direct,exp12_test_edit_03,test_edit,1,direct,0,direct,opposite,frozen_V_necessity_loss,0.015289603732526302,,,
direct,exp12_test_edit_03,test_edit,1,direct,0,direct,opposite,verified_v_effect,-0.020855633541941643,0.0,0.0,0.0
direct,exp12_test_edit_03,test_edit,1,direct,0,direct,opposite,target_reader_sufficiency,0.04098546877503395,0.0,0.0,0.0
direct,exp12_test_edit_03,test_edit,1,direct,0,direct,opposite,target_reader_necessity,0.046679724007844925,0.0,0.0,0.0
direct,exp12_test_edit_03,test_edit,1,direct,0,direct,opposite,all7_reader_sufficiency,-0.020855633541941643,0.0,0.0,0.0
direct,exp12_test_edit_03,test_edit,1,direct,0,direct,opposite,all7_reader_necessity,-0.020855633541941643,0.0,0.0,0.0
direct,exp12_test_edit_03,test_edit,1,direct,0,direct,opposite,non_kv0_reader_sufficiency,-0.0,0.0,0.0,0.0
direct,exp12_test_edit_03,test_edit,1,direct,0,direct,opposite,non_kv0_reader_necessity,0.0,0.0,0.0,0.0
direct,exp12_test_edit_04,test_edit,0,direct,-1,,baseline,behavior_correct,1.0,,,
direct,exp12_test_edit_04,test_edit,0,direct,-1,,baseline,baseline_signed_preference,0.8636455931700766,,,
direct,exp12_test_edit_04,test_edit,1,direct,-1,,baseline,behavior_correct,1.0,,,
direct,exp12_test_edit_04,test_edit,1,direct,-1,,baseline,baseline_signed_preference,0.4385133497416973,,,
direct,exp12_test_edit_04,test_edit,0,direct,1,direct,opposite,H20_residual_reference,1.0697011859156191,,,
direct,exp12_test_edit_04,test_edit,0,direct,1,direct,opposite,frozen_V_sufficiency,-0.023883593268692493,,,
direct,exp12_test_edit_04,test_edit,0,direct,1,direct,opposite,frozen_V_necessity_loss,-0.008553877472877502,,,
direct,exp12_test_edit_04,test_edit,0,direct,1,direct,opposite,verified_v_effect,-0.023883593268692493,0.0,0.0,0.0
direct,exp12_test_edit_04,test_edit,0,direct,1,direct,opposite,target_reader_sufficiency,0.04686111165210605,0.0,0.0,0.0
direct,exp12_test_edit_04,test_edit,0,direct,1,direct,opposite,target_reader_necessity,0.023371077608317137,0.0,0.0,0.0
direct,exp12_test_edit_04,test_edit,0,direct,1,direct,opposite,all7_reader_sufficiency,-0.023883593268692493,0.0,0.0,0.0
direct,exp12_test_edit_04,test_edit,0,direct,1,direct,opposite,all7_reader_necessity,-0.023883593268692493,0.0,0.0,0.0
direct,exp12_test_edit_04,test_edit,0,direct,1,direct,opposite,non_kv0_reader_sufficiency,0.0,0.0,0.0,0.0
direct,exp12_test_edit_04,test_edit,0,direct,1,direct,opposite,non_kv0_reader_necessity,0.0,0.0,0.0,0.0
direct,exp12_test_edit_04,test_edit,1,direct,0,direct,opposite,H20_residual_reference,0.8832196556031704,,,
direct,exp12_test_edit_04,test_edit,1,direct,0,direct,opposite,frozen_V_sufficiency,-0.012503528967499733,,,
direct,exp12_test_edit_04,test_edit,1,direct,0,direct,opposite,frozen_V_necessity_loss,5.207955837249756e-05,,,
direct,exp12_test_edit_04,test_edit,1,direct,0,direct,opposite,verified_v_effect,-0.012503528967499733,0.0,0.0,0.0
direct,exp12_test_edit_04,test_edit,1,direct,0,direct,opposite,target_reader_sufficiency,0.04581335559487343,0.0,0.0,0.0
direct,exp12_test_edit_04,test_edit,1,direct,0,direct,opposite,target_reader_necessity,0.04195994324982166,0.0,0.0,0.0
direct,exp12_test_edit_04,test_edit,1,direct,0,direct,opposite,all7_reader_sufficiency,-0.012503528967499733,0.0,0.0,0.0
direct,exp12_test_edit_04,test_edit,1,direct,0,direct,opposite,all7_reader_necessity,-0.012503528967499733,0.0,0.0,0.0
direct,exp12_test_edit_04,test_edit,1,direct,0,direct,opposite,non_kv0_reader_sufficiency,-0.0,0.0,0.0,0.0
direct,exp12_test_edit_04,test_edit,1,direct,0,direct,opposite,non_kv0_reader_necessity,0.0,0.0,0.0,0.0
direct,exp12_test_edit_05,test_edit,0,direct,-1,,baseline,behavior_correct,1.0,,,
direct,exp12_test_edit_05,test_edit,0,direct,-1,,baseline,baseline_signed_preference,0.8328086007386446,,,
direct,exp12_test_edit_05,test_edit,1,direct,-1,,baseline,behavior_correct,1.0,,,
direct,exp12_test_edit_05,test_edit,1,direct,-1,,baseline,baseline_signed_preference,0.42651746422052383,,,
direct,exp12_test_edit_05,test_edit,0,direct,1,direct,opposite,H20_residual_reference,1.0215741004794836,,,
direct,exp12_test_edit_05,test_edit,0,direct,1,direct,opposite,frozen_V_sufficiency,-0.030879139434546232,,,
direct,exp12_test_edit_05,test_edit,0,direct,1,direct,opposite,frozen_V_necessity_loss,-0.008596371859312057,,,
direct,exp12_test_edit_05,test_edit,0,direct,1,direct,opposite,verified_v_effect,-0.030879139434546232,0.0,0.0,0.0
direct,exp12_test_edit_05,test_edit,0,direct,1,direct,opposite,target_reader_sufficiency,0.03168595349416137,0.0,0.0,0.0
direct,exp12_test_edit_05,test_edit,0,direct,1,direct,opposite,target_reader_necessity,0.031130291055887938,0.0,0.0,0.0
direct,exp12_test_edit_05,test_edit,0,direct,1,direct,opposite,all7_reader_sufficiency,-0.030879139434546232,0.0,0.0,0.0
direct,exp12_test_edit_05,test_edit,0,direct,1,direct,opposite,all7_reader_necessity,-0.030879139434546232,0.0,0.0,0.0
direct,exp12_test_edit_05,test_edit,0,direct,1,direct,opposite,non_kv0_reader_sufficiency,0.0,0.0,0.0,0.0
direct,exp12_test_edit_05,test_edit,0,direct,1,direct,opposite,non_kv0_reader_necessity,0.0,0.0,0.0,0.0
direct,exp12_test_edit_05,test_edit,1,direct,0,direct,opposite,H20_residual_reference,0.855874759145081,,,
direct,exp12_test_edit_05,test_edit,1,direct,0,direct,opposite,frozen_V_sufficiency,-0.008202394470572472,,,
direct,exp12_test_edit_05,test_edit,1,direct,0,direct,opposite,frozen_V_necessity_loss,-0.015396682545542717,,,
direct,exp12_test_edit_05,test_edit,1,direct,0,direct,opposite,verified_v_effect,-0.008202394470572472,0.0,0.0,0.0
direct,exp12_test_edit_05,test_edit,1,direct,0,direct,opposite,target_reader_sufficiency,0.05914534442126751,0.0,0.0,0.0
direct,exp12_test_edit_05,test_edit,1,direct,0,direct,opposite,target_reader_necessity,0.04605461284518242,0.0,0.0,0.0
direct,exp12_test_edit_05,test_edit,1,direct,0,direct,opposite,all7_reader_sufficiency,-0.008202394470572472,0.0,0.0,0.0
direct,exp12_test_edit_05,test_edit,1,direct,0,direct,opposite,all7_reader_necessity,-0.008202394470572472,0.0,0.0,0.0
direct,exp12_test_edit_05,test_edit,1,direct,0,direct,opposite,non_kv0_reader_sufficiency,-0.0,0.0,0.0,0.0
direct,exp12_test_edit_05,test_edit,1,direct,0,direct,opposite,non_kv0_reader_necessity,0.0,0.0,0.0,0.0
direct,exp12_test_edit_06,test_edit,0,direct,-1,,baseline,behavior_correct,1.0,,,
direct,exp12_test_edit_06,test_edit,0,direct,-1,,baseline,baseline_signed_preference,0.9264680631458759,,,
direct,exp12_test_edit_06,test_edit,1,direct,-1,,baseline,behavior_correct,1.0,,,
direct,exp12_test_edit_06,test_edit,1,direct,-1,,baseline,baseline_signed_preference,0.41674042865633965,,,
direct,exp12_test_edit_06,test_edit,0,direct,1,direct,opposite,H20_residual_reference,1.1041185446083546,,,
direct,exp12_test_edit_06,test_edit,0,direct,1,direct,opposite,frozen_V_sufficiency,-0.0003960668109357357,,,
direct,exp12_test_edit_06,test_edit,0,direct,1,direct,opposite,frozen_V_necessity_loss,-0.008637359365820885,,,
direct,exp12_test_edit_06,test_edit,0,direct,1,direct,opposite,verified_v_effect,-0.0003960668109357357,0.0,0.0,0.0
direct,exp12_test_edit_06,test_edit,0,direct,1,direct,opposite,target_reader_sufficiency,0.05472906772047281,0.0,0.0,0.0
direct,exp12_test_edit_06,test_edit,0,direct,1,direct,opposite,target_reader_necessity,0.054329049307852983,0.0,0.0,0.0
direct,exp12_test_edit_06,test_edit,0,direct,1,direct,opposite,all7_reader_sufficiency,-0.0003960668109357357,0.0,0.0,0.0
direct,exp12_test_edit_06,test_edit,0,direct,1,direct,opposite,all7_reader_necessity,-0.0003960668109357357,0.0,0.0,0.0
direct,exp12_test_edit_06,test_edit,0,direct,1,direct,opposite,non_kv0_reader_sufficiency,0.0,0.0,0.0,0.0
direct,exp12_test_edit_06,test_edit,0,direct,1,direct,opposite,non_kv0_reader_necessity,0.0,0.0,0.0,0.0
direct,exp12_test_edit_06,test_edit,1,direct,0,direct,opposite,H20_residual_reference,0.8617213265970349,,,
direct,exp12_test_edit_06,test_edit,1,direct,0,direct,opposite,frozen_V_sufficiency,-0.01746596023440361,,,
direct,exp12_test_edit_06,test_edit,1,direct,0,direct,opposite,frozen_V_necessity_loss,-0.015398271381855011,,,
direct,exp12_test_edit_06,test_edit,1,direct,0,direct,opposite,verified_v_effect,-0.01746596023440361,0.0,0.0,0.0
direct,exp12_test_edit_06,test_edit,1,direct,0,direct,opposite,target_reader_sufficiency,0.05026320554316044,0.0,0.0,0.0
direct,exp12_test_edit_06,test_edit,1,direct,0,direct,opposite,target_reader_necessity,0.041592830792069435,0.0,0.0,0.0
direct,exp12_test_edit_06,test_edit,1,direct,0,direct,opposite,all7_reader_sufficiency,-0.01746596023440361,0.0,0.0,0.0
direct,exp12_test_edit_06,test_edit,1,direct,0,direct,opposite,all7_reader_necessity,-0.01746596023440361,0.0,0.0,0.0
direct,exp12_test_edit_06,test_edit,1,direct,0,direct,opposite,non_kv0_reader_sufficiency,-0.0,0.0,0.0,0.0
direct,exp12_test_edit_06,test_edit,1,direct,0,direct,opposite,non_kv0_reader_necessity,0.0,0.0,0.0,0.0
direct,exp12_test_edit_07,test_edit,0,direct,-1,,baseline,behavior_correct,1.0,,,
direct,exp12_test_edit_07,test_edit,0,direct,-1,,baseline,baseline_signed_preference,0.8639561804011464,,,
direct,exp12_test_edit_07,test_edit,1,direct,-1,,baseline,behavior_correct,1.0,,,
direct,exp12_test_edit_07,test_edit,1,direct,-1,,baseline,baseline_signed_preference,0.45939694344997406,,,
direct,exp12_test_edit_07,test_edit,0,direct,1,direct,opposite,H20_residual_reference,1.0702917287126184,,,
direct,exp12_test_edit_07,test_edit,0,direct,1,direct,opposite,frozen_V_sufficiency,-0.007771789561957121,,,
direct,exp12_test_edit_07,test_edit,0,direct,1,direct,opposite,frozen_V_necessity_loss,0.0001535564661026001,,,
direct,exp12_test_edit_07,test_edit,0,direct,1,direct,opposite,verified_v_effect,-0.007771789561957121,0.0,0.0,0.0
direct,exp12_test_edit_07,test_edit,0,direct,1,direct,opposite,target_reader_sufficiency,0.04723296081647277,0.0,0.0,0.0
direct,exp12_test_edit_07,test_edit,0,direct,1,direct,opposite,target_reader_necessity,0.039050477091223,0.0,0.0,0.0
direct,exp12_test_edit_07,test_edit,0,direct,1,direct,opposite,all7_reader_sufficiency,-0.007771789561957121,0.0,0.0,0.0
direct,exp12_test_edit_07,test_edit,0,direct,1,direct,opposite,all7_reader_necessity,-0.007771789561957121,0.0,0.0,0.0
direct,exp12_test_edit_07,test_edit,0,direct,1,direct,opposite,non_kv0_reader_sufficiency,0.0,0.0,0.0,0.0
direct,exp12_test_edit_07,test_edit,0,direct,1,direct,opposite,non_kv0_reader_necessity,0.0,0.0,0.0,0.0
direct,exp12_test_edit_07,test_edit,1,direct,0,direct,opposite,H20_residual_reference,0.8887741025537252,,,
direct,exp12_test_edit_07,test_edit,1,direct,0,direct,opposite,frozen_V_sufficiency,-0.017376067116856575,,,
direct,exp12_test_edit_07,test_edit,1,direct,0,direct,opposite,frozen_V_necessity_loss,-9.117182344198227e-05,,,
direct,exp12_test_edit_07,test_edit,1,direct,0,direct,opposite,verified_v_effect,-0.017376067116856575,0.0,0.0,0.0
direct,exp12_test_edit_07,test_edit,1,direct,0,direct,opposite,target_reader_sufficiency,0.05008930340409279,0.0,0.0,0.0
direct,exp12_test_edit_07,test_edit,1,direct,0,direct,opposite,target_reader_necessity,0.04171887692064047,0.0,0.0,0.0
direct,exp12_test_edit_07,test_edit,1,direct,0,direct,opposite,all7_reader_sufficiency,-0.017376067116856575,0.0,0.0,0.0
direct,exp12_test_edit_07,test_edit,1,direct,0,direct,opposite,all7_reader_necessity,-0.017376067116856575,0.0,0.0,0.0
direct,exp12_test_edit_07,test_edit,1,direct,0,direct,opposite,non_kv0_reader_sufficiency,-0.0,0.0,0.0,0.0
direct,exp12_test_edit_07,test_edit,1,direct,0,direct,opposite,non_kv0_reader_necessity,0.0,0.0,0.0,0.0
direct,exp12_test_edit_08,test_edit,0,direct,-1,,baseline,behavior_correct,1.0,,,
direct,exp12_test_edit_08,test_edit,0,direct,-1,,baseline,baseline_signed_preference,1.041884140111506,,,
direct,exp12_test_edit_08,test_edit,1,direct,-1,,baseline,behavior_correct,1.0,,,
direct,exp12_test_edit_08,test_edit,1,direct,-1,,baseline,baseline_signed_preference,0.4069956783205271,,,
direct,exp12_test_edit_08,test_edit,0,direct,1,direct,opposite,H20_residual_reference,1.2182763619348407,,,
direct,exp12_test_edit_08,test_edit,0,direct,1,direct,opposite,frozen_V_sufficiency,-0.008848222903907299,,,
direct,exp12_test_edit_08,test_edit,0,direct,1,direct,opposite,frozen_V_necessity_loss,-0.017428237944841385,,,
direct,exp12_test_edit_08,test_edit,0,direct,1,direct,opposite,verified_v_effect,-0.008848222903907299,0.0,0.0,0.0
direct,exp12_test_edit_08,test_edit,0,direct,1,direct,opposite,target_reader_sufficiency,0.07144234841689467,0.0,0.0,0.0
direct,exp12_test_edit_08,test_edit,0,direct,1,direct,opposite,target_reader_necessity,0.044675078708678484,0.0,0.0,0.0
direct,exp12_test_edit_08,test_edit,0,direct,1,direct,opposite,all7_reader_sufficiency,-0.008848222903907299,0.0,0.0,0.0
direct,exp12_test_edit_08,test_edit,0,direct,1,direct,opposite,all7_reader_necessity,-0.008848222903907299,0.0,0.0,0.0
direct,exp12_test_edit_08,test_edit,0,direct,1,direct,opposite,non_kv0_reader_sufficiency,0.0,0.0,0.0,0.0
direct,exp12_test_edit_08,test_edit,0,direct,1,direct,opposite,non_kv0_reader_necessity,0.0,0.0,0.0,0.0
direct,exp12_test_edit_08,test_edit,1,direct,0,direct,opposite,H20_residual_reference,0.9516743719577789,,,
direct,exp12_test_edit_08,test_edit,1,direct,0,direct,opposite,frozen_V_sufficiency,-0.007207786664366722,,,
direct,exp12_test_edit_08,test_edit,1,direct,0,direct,opposite,frozen_V_necessity_loss,-0.00011877994984388351,,,
direct,exp12_test_edit_08,test_edit,1,direct,0,direct,opposite,verified_v_effect,-0.007207786664366722,0.0,0.0,0.0
direct,exp12_test_edit_08,test_edit,1,direct,0,direct,opposite,target_reader_sufficiency,0.051142724230885506,0.0,0.0,0.0
direct,exp12_test_edit_08,test_edit,1,direct,0,direct,opposite,target_reader_necessity,0.05107320845127106,0.0,0.0,0.0
direct,exp12_test_edit_08,test_edit,1,direct,0,direct,opposite,all7_reader_sufficiency,-0.007207786664366722,0.0,0.0,0.0
direct,exp12_test_edit_08,test_edit,1,direct,0,direct,opposite,all7_reader_necessity,-0.007207786664366722,0.0,0.0,0.0
direct,exp12_test_edit_08,test_edit,1,direct,0,direct,opposite,non_kv0_reader_sufficiency,-0.0,0.0,0.0,0.0
direct,exp12_test_edit_08,test_edit,1,direct,0,direct,opposite,non_kv0_reader_necessity,0.0,0.0,0.0,0.0
direct,exp12_test_edit_09,test_edit,0,direct,-1,,baseline,behavior_correct,1.0,,,
direct,exp12_test_edit_09,test_edit,0,direct,-1,,baseline,baseline_signed_preference,0.8635656349360943,,,
direct,exp12_test_edit_09,test_edit,1,direct,-1,,baseline,behavior_correct,1.0,,,
direct,exp12_test_edit_09,test_edit,1,direct,-1,,baseline,baseline_signed_preference,0.42602434009313583,,,
direct,exp12_test_edit_09,test_edit,0,direct,1,direct,opposite,H20_residual_reference,1.0513851176947355,,,
direct,exp12_test_edit_09,test_edit,0,direct,1,direct,opposite,frozen_V_sufficiency,-0.008195857051759958,,,
direct,exp12_test_edit_09,test_edit,0,direct,1,direct,opposite,frozen_V_necessity_loss,-0.00011818856000900269,,,
direct,exp12_test_edit_09,test_edit,0,direct,1,direct,opposite,verified_v_effect,-0.008195857051759958,0.0,0.0,0.0
direct,exp12_test_edit_09,test_edit,0,direct,1,direct,opposite,target_reader_sufficiency,0.062446672935038805,0.0,0.0,0.0
direct,exp12_test_edit_09,test_edit,0,direct,1,direct,opposite,target_reader_necessity,0.03911094320937991,0.0,0.0,0.0
direct,exp12_test_edit_09,test_edit,0,direct,1,direct,opposite,all7_reader_sufficiency,-0.008195857051759958,0.0,0.0,0.0
direct,exp12_test_edit_09,test_edit,0,direct,1,direct,opposite,all7_reader_necessity,-0.008195857051759958,0.0,0.0,0.0
direct,exp12_test_edit_09,test_edit,0,direct,1,direct,opposite,non_kv0_reader_sufficiency,0.0,0.0,0.0,0.0
direct,exp12_test_edit_09,test_edit,0,direct,1,direct,opposite,non_kv0_reader_necessity,0.0,0.0,0.0,0.0
direct,exp12_test_edit_09,test_edit,1,direct,0,direct,opposite,H20_residual_reference,0.8708439264446497,,,
direct,exp12_test_edit_09,test_edit,1,direct,0,direct,opposite,frozen_V_sufficiency,-0.00834413431584835,,,
direct,exp12_test_edit_09,test_edit,1,direct,0,direct,opposite,frozen_V_necessity_loss,-0.00010939221829175949,,,
direct,exp12_test_edit_09,test_edit,1,direct,0,direct,opposite,verified_v_effect,-0.00834413431584835,0.0,0.0,0.0
direct,exp12_test_edit_09,test_edit,1,direct,0,direct,opposite,target_reader_sufficiency,0.05846567451953888,0.0,0.0,0.0
direct,exp12_test_edit_09,test_edit,1,direct,0,direct,opposite,target_reader_necessity,0.045114269480109215,0.0,0.0,0.0
direct,exp12_test_edit_09,test_edit,1,direct,0,direct,opposite,all7_reader_sufficiency,-0.00834413431584835,0.0,0.0,0.0
direct,exp12_test_edit_09,test_edit,1,direct,0,direct,opposite,all7_reader_necessity,-0.00834413431584835,0.0,0.0,0.0
direct,exp12_test_edit_09,test_edit,1,direct,0,direct,opposite,non_kv0_reader_sufficiency,-0.0,0.0,0.0,0.0
direct,exp12_test_edit_09,test_edit,1,direct,0,direct,opposite,non_kv0_reader_necessity,0.0,0.0,0.0,0.0
direct,exp12_test_edit_10,test_edit,0,direct,-1,,baseline,behavior_correct,1.0,,,
direct,exp12_test_edit_10,test_edit,0,direct,-1,,baseline,baseline_signed_preference,0.9025114444084466,,,
direct,exp12_test_edit_10,test_edit,1,direct,-1,,baseline,behavior_correct,1.0,,,
direct,exp12_test_edit_10,test_edit,1,direct,-1,,baseline,baseline_signed_preference,0.4085688889026642,,,
direct,exp12_test_edit_10,test_edit,0,direct,1,direct,opposite,H20_residual_reference,1.090664452407509,,,
direct,exp12_test_edit_10,test_edit,0,direct,1,direct,opposite,frozen_V_sufficiency,-0.015701083466410637,,,
direct,exp12_test_edit_10,test_edit,0,direct,1,direct,opposite,frozen_V_necessity_loss,-0.008638324216008186,,,
direct,exp12_test_edit_10,test_edit,0,direct,1,direct,opposite,verified_v_effect,-0.015701083466410637,0.0,0.0,0.0
direct,exp12_test_edit_10,test_edit,0,direct,1,direct,opposite,target_reader_sufficiency,0.05419163405895233,0.0,0.0,0.0
direct,exp12_test_edit_10,test_edit,0,direct,1,direct,opposite,target_reader_necessity,0.03943765116855502,0.0,0.0,0.0
direct,exp12_test_edit_10,test_edit,0,direct,1,direct,opposite,all7_reader_sufficiency,-0.015701083466410637,0.0,0.0,0.0
direct,exp12_test_edit_10,test_edit,0,direct,1,direct,opposite,all7_reader_necessity,-0.015701083466410637,0.0,0.0,0.0
direct,exp12_test_edit_10,test_edit,0,direct,1,direct,opposite,non_kv0_reader_sufficiency,0.0,0.0,0.0,0.0
direct,exp12_test_edit_10,test_edit,0,direct,1,direct,opposite,non_kv0_reader_necessity,0.0,0.0,0.0,0.0
direct,exp12_test_edit_10,test_edit,1,direct,0,direct,opposite,H20_residual_reference,0.8533655162900686,,,
direct,exp12_test_edit_10,test_edit,1,direct,0,direct,opposite,frozen_V_sufficiency,-0.017587197944521904,,,
direct,exp12_test_edit_10,test_edit,1,direct,0,direct,opposite,frozen_V_necessity_loss,-0.015362515114247799,,,
direct,exp12_test_edit_10,test_edit,1,direct,0,direct,opposite,verified_v_effect,-0.017587197944521904,0.0,0.0,0.0
direct,exp12_test_edit_10,test_edit,1,direct,0,direct,opposite,target_reader_sufficiency,0.050005119293928146,0.0,0.0,0.0
direct,exp12_test_edit_10,test_edit,1,direct,0,direct,opposite,target_reader_necessity,0.04525906965136528,0.0,0.0,0.0
direct,exp12_test_edit_10,test_edit,1,direct,0,direct,opposite,all7_reader_sufficiency,-0.017587197944521904,0.0,0.0,0.0
direct,exp12_test_edit_10,test_edit,1,direct,0,direct,opposite,all7_reader_necessity,-0.017587197944521904,0.0,0.0,0.0
direct,exp12_test_edit_10,test_edit,1,direct,0,direct,opposite,non_kv0_reader_sufficiency,-0.0,0.0,0.0,0.0
direct,exp12_test_edit_10,test_edit,1,direct,0,direct,opposite,non_kv0_reader_necessity,0.0,0.0,0.0,0.0
direct,exp12_test_edit_11,test_edit,0,direct,-1,,baseline,behavior_correct,1.0,,,
direct,exp12_test_edit_11,test_edit,0,direct,-1,,baseline,baseline_signed_preference,0.8872026046738029,,,
direct,exp12_test_edit_11,test_edit,1,direct,-1,,baseline,behavior_correct,1.0,,,
direct,exp12_test_edit_11,test_edit,1,direct,-1,,baseline,baseline_signed_preference,0.35247406642884016,,,
direct,exp12_test_edit_11,test_edit,0,direct,1,direct,opposite,H20_residual_reference,1.034744600765407,,,
direct,exp12_test_edit_11,test_edit,0,direct,1,direct,opposite,frozen_V_sufficiency,-0.016082826536148787,,,
direct,exp12_test_edit_11,test_edit,0,direct,1,direct,opposite,frozen_V_necessity_loss,-0.008844850584864616,,,
direct,exp12_test_edit_11,test_edit,0,direct,1,direct,opposite,verified_v_effect,-0.016082826536148787,0.0,0.0,0.0
direct,exp12_test_edit_11,test_edit,0,direct,1,direct,opposite,target_reader_sufficiency,0.05465560965240002,0.0,0.0,0.0
direct,exp12_test_edit_11,test_edit,0,direct,1,direct,opposite,target_reader_necessity,0.03128067823126912,0.0,0.0,0.0
direct,exp12_test_edit_11,test_edit,0,direct,1,direct,opposite,all7_reader_sufficiency,-0.016082826536148787,0.0,0.0,0.0
direct,exp12_test_edit_11,test_edit,0,direct,1,direct,opposite,all7_reader_necessity,-0.016082826536148787,0.0,0.0,0.0
direct,exp12_test_edit_11,test_edit,0,direct,1,direct,opposite,non_kv0_reader_sufficiency,0.0,0.0,0.0,0.0
direct,exp12_test_edit_11,test_edit,0,direct,1,direct,opposite,non_kv0_reader_necessity,0.0,0.0,0.0,0.0
direct,exp12_test_edit_11,test_edit,1,direct,0,direct,opposite,H20_residual_reference,0.7831538645550609,,,
direct,exp12_test_edit_11,test_edit,1,direct,0,direct,opposite,frozen_V_sufficiency,-0.007341016083955765,,,
direct,exp12_test_edit_11,test_edit,1,direct,0,direct,opposite,frozen_V_necessity_loss,8.278386667370796e-05,,,
direct,exp12_test_edit_11,test_edit,1,direct,0,direct,opposite,verified_v_effect,-0.007341016083955765,0.0,0.0,0.0
direct,exp12_test_edit_11,test_edit,1,direct,0,direct,opposite,target_reader_sufficiency,0.05235008988529444,0.0,0.0,0.0
direct,exp12_test_edit_11,test_edit,1,direct,0,direct,opposite,target_reader_necessity,0.040677838027477264,0.0,0.0,0.0
direct,exp12_test_edit_11,test_edit,1,direct,0,direct,opposite,all7_reader_sufficiency,-0.007341016083955765,0.0,0.0,0.0
direct,exp12_test_edit_11,test_edit,1,direct,0,direct,opposite,all7_reader_necessity,-0.007341016083955765,0.0,0.0,0.0
direct,exp12_test_edit_11,test_edit,1,direct,0,direct,opposite,non_kv0_reader_sufficiency,-0.0,0.0,0.0,0.0
direct,exp12_test_edit_11,test_edit,1,direct,0,direct,opposite,non_kv0_reader_necessity,0.0,0.0,0.0,0.0
direct,exp12_test_edit_12,test_edit,0,direct,-1,,baseline,behavior_correct,1.0,,,
direct,exp12_test_edit_12,test_edit,0,direct,-1,,baseline,baseline_signed_preference,0.9190372140146792,,,
direct,exp12_test_edit_12,test_edit,1,direct,-1,,baseline,behavior_correct,1.0,,,
direct,exp12_test_edit_12,test_edit,1,direct,-1,,baseline,baseline_signed_preference,0.3525704797357321,,,
direct,exp12_test_edit_12,test_edit,0,direct,1,direct,opposite,H20_residual_reference,1.0829099849797785,,,
direct,exp12_test_edit_12,test_edit,0,direct,1,direct,opposite,frozen_V_sufficiency,0.0073160738684237,,,
direct,exp12_test_edit_12,test_edit,0,direct,1,direct,opposite,frozen_V_necessity_loss,1.274794340133667e-05,,,
direct,exp12_test_edit_12,test_edit,0,direct,1,direct,opposite,verified_v_effect,0.0073160738684237,0.0,0.0,0.0
direct,exp12_test_edit_12,test_edit,0,direct,1,direct,opposite,target_reader_sufficiency,0.0703318864107132,0.0,0.0,0.0
direct,exp12_test_edit_12,test_edit,0,direct,1,direct,opposite,target_reader_necessity,0.04689539177343249,0.0,0.0,0.0
direct,exp12_test_edit_12,test_edit,0,direct,1,direct,opposite,all7_reader_sufficiency,0.0073160738684237,0.0,0.0,0.0
direct,exp12_test_edit_12,test_edit,0,direct,1,direct,opposite,all7_reader_necessity,0.0073160738684237,0.0,0.0,0.0
direct,exp12_test_edit_12,test_edit,0,direct,1,direct,opposite,non_kv0_reader_sufficiency,0.0,0.0,0.0,0.0
direct,exp12_test_edit_12,test_edit,0,direct,1,direct,opposite,non_kv0_reader_necessity,0.0,0.0,0.0,0.0
direct,exp12_test_edit_12,test_edit,1,direct,0,direct,opposite,H20_residual_reference,0.7830854640342295,,,
direct,exp12_test_edit_12,test_edit,1,direct,0,direct,opposite,frozen_V_sufficiency,-0.014733687974512577,,,
direct,exp12_test_edit_12,test_edit,1,direct,0,direct,opposite,frozen_V_necessity_loss,-0.0006606862880289555,,,
direct,exp12_test_edit_12,test_edit,1,direct,0,direct,opposite,verified_v_effect,-0.014733687974512577,0.0,0.0,0.0
direct,exp12_test_edit_12,test_edit,1,direct,0,direct,opposite,target_reader_sufficiency,0.04493486508727074,0.0,0.0,0.0
direct,exp12_test_edit_12,test_edit,1,direct,0,direct,opposite,target_reader_necessity,0.033149318769574165,0.0,0.0,0.0
direct,exp12_test_edit_12,test_edit,1,direct,0,direct,opposite,all7_reader_sufficiency,-0.014733687974512577,0.0,0.0,0.0
direct,exp12_test_edit_12,test_edit,1,direct,0,direct,opposite,all7_reader_necessity,-0.014733687974512577,0.0,0.0,0.0
direct,exp12_test_edit_12,test_edit,1,direct,0,direct,opposite,non_kv0_reader_sufficiency,-0.0,0.0,0.0,0.0
direct,exp12_test_edit_12,test_edit,1,direct,0,direct,opposite,non_kv0_reader_necessity,0.0,0.0,0.0,0.0
direct,exp12_test_edit_13,test_edit,0,direct,-1,,baseline,behavior_correct,1.0,,,
direct,exp12_test_edit_13,test_edit,0,direct,-1,,baseline,baseline_signed_preference,0.9265072601847351,,,
direct,exp12_test_edit_13,test_edit,1,direct,-1,,baseline,behavior_correct,1.0,,,
direct,exp12_test_edit_13,test_edit,1,direct,-1,,baseline,baseline_signed_preference,0.42581280693411827,,,
direct,exp12_test_edit_13,test_edit,0,direct,1,direct,opposite,H20_residual_reference,1.115316381212324,,,
direct,exp12_test_edit_13,test_edit,0,direct,1,direct,opposite,frozen_V_sufficiency,-0.007868796586990356,,,
direct,exp12_test_edit_13,test_edit,0,direct,1,direct,opposite,frozen_V_necessity_loss,-0.008289104327559471,,,
direct,exp12_test_edit_13,test_edit,0,direct,1,direct,opposite,verified_v_effect,-0.007868796586990356,0.0,0.0,0.0
direct,exp12_test_edit_13,test_edit,0,direct,1,direct,opposite,target_reader_sufficiency,0.05462005874142051,0.0,0.0,0.0
direct,exp12_test_edit_13,test_edit,0,direct,1,direct,opposite,target_reader_necessity,0.04680411610752344,0.0,0.0,0.0
direct,exp12_test_edit_13,test_edit,0,direct,1,direct,opposite,all7_reader_sufficiency,-0.007868796586990356,0.0,0.0,0.0
direct,exp12_test_edit_13,test_edit,0,direct,1,direct,opposite,all7_reader_necessity,-0.007868796586990356,0.0,0.0,0.0
direct,exp12_test_edit_13,test_edit,0,direct,1,direct,opposite,non_kv0_reader_sufficiency,0.0,0.0,0.0,0.0
direct,exp12_test_edit_13,test_edit,0,direct,1,direct,opposite,non_kv0_reader_necessity,0.0,0.0,0.0,0.0
direct,exp12_test_edit_13,test_edit,1,direct,0,direct,opposite,H20_residual_reference,0.8860485684126616,,,
direct,exp12_test_edit_13,test_edit,1,direct,0,direct,opposite,frozen_V_sufficiency,-0.01310547161847353,,,
direct,exp12_test_edit_13,test_edit,1,direct,0,direct,opposite,frozen_V_necessity_loss,-0.015363792888820171,,,
direct,exp12_test_edit_13,test_edit,1,direct,0,direct,opposite,verified_v_effect,-0.01310547161847353,0.0,0.0,0.0
direct,exp12_test_edit_13,test_edit,1,direct,0,direct,opposite,target_reader_sufficiency,0.05845705606043339,0.0,0.0,0.0
direct,exp12_test_edit_13,test_edit,1,direct,0,direct,opposite,target_reader_necessity,0.04174158815294504,0.0,0.0,0.0
direct,exp12_test_edit_13,test_edit,1,direct,0,direct,opposite,all7_reader_sufficiency,-0.01310547161847353,0.0,0.0,0.0
direct,exp12_test_edit_13,test_edit,1,direct,0,direct,opposite,all7_reader_necessity,-0.01310547161847353,0.0,0.0,0.0
direct,exp12_test_edit_13,test_edit,1,direct,0,direct,opposite,non_kv0_reader_sufficiency,-0.0,0.0,0.0,0.0
direct,exp12_test_edit_13,test_edit,1,direct,0,direct,opposite,non_kv0_reader_necessity,0.0,0.0,0.0,0.0
direct,exp12_test_edit_14,test_edit,0,direct,-1,,baseline,behavior_correct,1.0,,,
direct,exp12_test_edit_14,test_edit,0,direct,-1,,baseline,baseline_signed_preference,0.7884271703660488,,,
direct,exp12_test_edit_14,test_edit,1,direct,-1,,baseline,behavior_correct,1.0,,,
direct,exp12_test_edit_14,test_edit,1,direct,-1,,baseline,baseline_signed_preference,0.42778467666357756,,,
direct,exp12_test_edit_14,test_edit,0,direct,1,direct,opposite,H20_residual_reference,0.9878056216984987,,,
direct,exp12_test_edit_14,test_edit,0,direct,1,direct,opposite,frozen_V_sufficiency,-0.013492291327565908,,,
direct,exp12_test_edit_14,test_edit,0,direct,1,direct,opposite,frozen_V_necessity_loss,-0.008505333214998245,,,
direct,exp12_test_edit_14,test_edit,0,direct,1,direct,opposite,verified_v_effect,-0.013492291327565908,0.0,0.0,0.0
direct,exp12_test_edit_14,test_edit,0,direct,1,direct,opposite,target_reader_sufficiency,0.04895071778446436,0.0,0.0,0.0
direct,exp12_test_edit_14,test_edit,0,direct,1,direct,opposite,target_reader_necessity,0.02818020014092326,0.0,0.0,0.0
direct,exp12_test_edit_14,test_edit,0,direct,1,direct,opposite,all7_reader_sufficiency,-0.013492291327565908,0.0,0.0,0.0
direct,exp12_test_edit_14,test_edit,0,direct,1,direct,opposite,all7_reader_necessity,-0.013492291327565908,0.0,0.0,0.0
direct,exp12_test_edit_14,test_edit,0,direct,1,direct,opposite,non_kv0_reader_sufficiency,0.0,0.0,0.0,0.0
direct,exp12_test_edit_14,test_edit,0,direct,1,direct,opposite,non_kv0_reader_necessity,0.0,0.0,0.0,0.0
direct,exp12_test_edit_14,test_edit,1,direct,0,direct,opposite,H20_residual_reference,0.8223132491111755,,,
direct,exp12_test_edit_14,test_edit,1,direct,0,direct,opposite,frozen_V_sufficiency,-0.008317798376083374,,,
direct,exp12_test_edit_14,test_edit,1,direct,0,direct,opposite,frozen_V_necessity_loss,-3.8178637623786926e-05,,,
direct,exp12_test_edit_14,test_edit,1,direct,0,direct,opposite,verified_v_effect,-0.008317798376083374,0.0,0.0,0.0
direct,exp12_test_edit_14,test_edit,1,direct,0,direct,opposite,target_reader_sufficiency,0.05011793039739132,0.0,0.0,0.0
direct,exp12_test_edit_14,test_edit,1,direct,0,direct,opposite,target_reader_necessity,0.0375495133921504,0.0,0.0,0.0
direct,exp12_test_edit_14,test_edit,1,direct,0,direct,opposite,all7_reader_sufficiency,-0.008317798376083374,0.0,0.0,0.0
direct,exp12_test_edit_14,test_edit,1,direct,0,direct,opposite,all7_reader_necessity,-0.008317798376083374,0.0,0.0,0.0
direct,exp12_test_edit_14,test_edit,1,direct,0,direct,opposite,non_kv0_reader_sufficiency,-0.0,0.0,0.0,0.0
direct,exp12_test_edit_14,test_edit,1,direct,0,direct,opposite,non_kv0_reader_necessity,0.0,0.0,0.0,0.0
direct,exp12_test_edit_15,test_edit,0,direct,-1,,baseline,behavior_correct,1.0,,,
direct,exp12_test_edit_15,test_edit,0,direct,-1,,baseline,baseline_signed_preference,0.8715158235281706,,,
direct,exp12_test_edit_15,test_edit,1,direct,-1,,baseline,behavior_correct,1.0,,,
direct,exp12_test_edit_15,test_edit,1,direct,-1,,baseline,baseline_signed_preference,0.4260968994349241,,,
direct,exp12_test_edit_15,test_edit,0,direct,1,direct,opposite,H20_residual_reference,1.0595945958048105,,,
direct,exp12_test_edit_15,test_edit,0,direct,1,direct,opposite,frozen_V_sufficiency,-0.015971172600984573,,,
direct,exp12_test_edit_15,test_edit,0,direct,1,direct,opposite,frozen_V_necessity_loss,-0.0006574802100658417,,,
direct,exp12_test_edit_15,test_edit,0,direct,1,direct,opposite,verified_v_effect,-0.015971172600984573,0.0,0.0,0.0
direct,exp12_test_edit_15,test_edit,0,direct,1,direct,opposite,target_reader_sufficiency,0.05467458488419652,0.0,0.0,0.0
direct,exp12_test_edit_15,test_edit,0,direct,1,direct,opposite,target_reader_necessity,0.03908141003921628,0.0,0.0,0.0
direct,exp12_test_edit_15,test_edit,0,direct,1,direct,opposite,all7_reader_sufficiency,-0.015971172600984573,0.0,0.0,0.0
direct,exp12_test_edit_15,test_edit,0,direct,1,direct,opposite,all7_reader_necessity,-0.015971172600984573,0.0,0.0,0.0
direct,exp12_test_edit_15,test_edit,0,direct,1,direct,opposite,non_kv0_reader_sufficiency,0.0,0.0,0.0,0.0
direct,exp12_test_edit_15,test_edit,0,direct,1,direct,opposite,non_kv0_reader_necessity,0.0,0.0,0.0,0.0
direct,exp12_test_edit_15,test_edit,1,direct,0,direct,opposite,H20_residual_reference,0.8709968440234661,,,
direct,exp12_test_edit_15,test_edit,1,direct,0,direct,opposite,frozen_V_sufficiency,0.0001347418874502182,,,
direct,exp12_test_edit_15,test_edit,1,direct,0,direct,opposite,frozen_V_necessity_loss,4.317611455917358e-06,,,
direct,exp12_test_edit_15,test_edit,1,direct,0,direct,opposite,verified_v_effect,0.0001347418874502182,0.0,0.0,0.0
direct,exp12_test_edit_15,test_edit,1,direct,0,direct,opposite,target_reader_sufficiency,0.06683599762618542,0.0,0.0,0.0
direct,exp12_test_edit_15,test_edit,1,direct,0,direct,opposite,target_reader_necessity,0.045903198421001434,0.0,0.0,0.0
direct,exp12_test_edit_15,test_edit,1,direct,0,direct,opposite,all7_reader_sufficiency,0.0001347418874502182,0.0,0.0,0.0
direct,exp12_test_edit_15,test_edit,1,direct,0,direct,opposite,all7_reader_necessity,0.0001347418874502182,0.0,0.0,0.0
direct,exp12_test_edit_15,test_edit,1,direct,0,direct,opposite,non_kv0_reader_sufficiency,-0.0,0.0,0.0,0.0
direct,exp12_test_edit_15,test_edit,1,direct,0,direct,opposite,non_kv0_reader_necessity,0.0,0.0,0.0,0.0
direct,exp12_search_edit_00,search_edit,0,direct,-1,,baseline,behavior_correct,1.0,,,
direct,exp12_search_edit_00,search_edit,0,direct,-1,,baseline,baseline_signed_preference,0.9991088369861245,,,
direct,exp12_search_edit_00,search_edit,1,direct,-1,,baseline,behavior_correct,1.0,,,
direct,exp12_search_edit_00,search_edit,1,direct,-1,,baseline,baseline_signed_preference,0.8150566956028342,,,
direct,exp12_search_edit_00,search_edit,0,direct,1,direct,opposite,H20_residual_reference,1.544021519832313,,,
direct,exp12_search_edit_00,search_edit,0,direct,1,direct,opposite,frozen_V_sufficiency,-0.07145737065002322,,,
direct,exp12_search_edit_00,search_edit,0,direct,1,direct,opposite,frozen_V_necessity_loss,-0.08280724100768566,,,
direct,exp12_search_edit_00,search_edit,0,direct,1,direct,opposite,verified_v_effect,-0.07145737065002322,0.0,0.0,0.0
direct,exp12_search_edit_00,search_edit,0,direct,1,direct,opposite,target_reader_sufficiency,2.0170584321022034e-05,0.0,0.0,0.0
direct,exp12_search_edit_00,search_edit,0,direct,1,direct,opposite,target_reader_necessity,0.017858740407973528,0.0,0.0,0.0
direct,exp12_search_edit_00,search_edit,0,direct,1,direct,opposite,all7_reader_sufficiency,-0.07145737065002322,0.0,0.0,0.0
direct,exp12_search_edit_00,search_edit,0,direct,1,direct,opposite,all7_reader_necessity,-0.07145737065002322,0.0,0.0,0.0
direct,exp12_search_edit_00,search_edit,0,direct,1,direct,opposite,non_kv0_reader_sufficiency,0.0,0.0,0.0,0.0
direct,exp12_search_edit_00,search_edit,0,direct,1,direct,opposite,non_kv0_reader_necessity,0.0,0.0,0.0,0.0
direct,exp12_search_edit_00,search_edit,1,direct,0,direct,opposite,H20_residual_reference,1.384469878859818,,,
direct,exp12_search_edit_00,search_edit,1,direct,0,direct,opposite,frozen_V_sufficiency,-0.1455004932358861,,,
direct,exp12_search_edit_00,search_edit,1,direct,0,direct,opposite,frozen_V_necessity_loss,-0.035822401754558086,,,
direct,exp12_search_edit_00,search_edit,1,direct,0,direct,opposite,verified_v_effect,-0.1455004932358861,0.0,0.0,0.0
direct,exp12_search_edit_00,search_edit,1,direct,0,direct,opposite,target_reader_sufficiency,0.02083275094628334,0.0,0.0,0.0
direct,exp12_search_edit_00,search_edit,1,direct,0,direct,opposite,target_reader_necessity,0.00023605767637491226,0.0,0.0,0.0
direct,exp12_search_edit_00,search_edit,1,direct,0,direct,opposite,all7_reader_sufficiency,-0.1455004932358861,0.0,0.0,0.0
direct,exp12_search_edit_00,search_edit,1,direct,0,direct,opposite,all7_reader_necessity,-0.1455004932358861,0.0,0.0,0.0
direct,exp12_search_edit_00,search_edit,1,direct,0,direct,opposite,non_kv0_reader_sufficiency,-0.0,0.0,0.0,0.0
direct,exp12_search_edit_00,search_edit,1,direct,0,direct,opposite,non_kv0_reader_necessity,0.0,0.0,0.0,0.0
direct,exp12_search_edit_01,search_edit,0,direct,-1,,baseline,behavior_correct,1.0,,,
direct,exp12_search_edit_01,search_edit,0,direct,-1,,baseline,baseline_signed_preference,1.0347697446122766,,,
direct,exp12_search_edit_01,search_edit,1,direct,-1,,baseline,behavior_correct,1.0,,,
direct,exp12_search_edit_01,search_edit,1,direct,-1,,baseline,baseline_signed_preference,0.9191791703924537,,,
direct,exp12_search_edit_01,search_edit,0,direct,1,direct,opposite,H20_residual_reference,1.6421021139249206,,,
direct,exp12_search_edit_01,search_edit,0,direct,1,direct,opposite,frozen_V_sufficiency,-0.06249845866113901,,,
direct,exp12_search_edit_01,search_edit,0,direct,1,direct,opposite,frozen_V_necessity_loss,-0.08310553058981895,,,
direct,exp12_search_edit_01,search_edit,0,direct,1,direct,opposite,verified_v_effect,-0.06249845866113901,0.0,0.0,0.0
direct,exp12_search_edit_01,search_edit,0,direct,1,direct,opposite,target_reader_sufficiency,0.017881356179714203,0.0,0.0,0.0
direct,exp12_search_edit_01,search_edit,0,direct,1,direct,opposite,target_reader_necessity,0.01789229642599821,0.0,0.0,0.0
direct,exp12_search_edit_01,search_edit,0,direct,1,direct,opposite,all7_reader_sufficiency,-0.06249845866113901,0.0,0.0,0.0
direct,exp12_search_edit_01,search_edit,0,direct,1,direct,opposite,all7_reader_necessity,-0.06249845866113901,0.0,0.0,0.0
direct,exp12_search_edit_01,search_edit,0,direct,1,direct,opposite,non_kv0_reader_sufficiency,0.0,0.0,0.0,0.0
direct,exp12_search_edit_01,search_edit,0,direct,1,direct,opposite,non_kv0_reader_necessity,0.0,0.0,0.0,0.0
direct,exp12_search_edit_01,search_edit,1,direct,0,direct,opposite,H20_residual_reference,1.488696408458054,,,
direct,exp12_search_edit_01,search_edit,1,direct,0,direct,opposite,frozen_V_sufficiency,-0.14574750140309334,,,
direct,exp12_search_edit_01,search_edit,1,direct,0,direct,opposite,frozen_V_necessity_loss,-0.03584023751318455,,,
direct,exp12_search_edit_01,search_edit,1,direct,0,direct,opposite,verified_v_effect,-0.14574750140309334,0.0,0.0,0.0
direct,exp12_search_edit_01,search_edit,1,direct,0,direct,opposite,target_reader_sufficiency,4.5522116124629974e-05,0.0,0.0,0.0
direct,exp12_search_edit_01,search_edit,1,direct,0,direct,opposite,target_reader_necessity,0.020864897407591343,0.0,0.0,0.0
direct,exp12_search_edit_01,search_edit,1,direct,0,direct,opposite,all7_reader_sufficiency,-0.14574750140309334,0.0,0.0,0.0
direct,exp12_search_edit_01,search_edit,1,direct,0,direct,opposite,all7_reader_necessity,-0.14574750140309334,0.0,0.0,0.0
direct,exp12_search_edit_01,search_edit,1,direct,0,direct,opposite,non_kv0_reader_sufficiency,-0.0,0.0,0.0,0.0
direct,exp12_search_edit_01,search_edit,1,direct,0,direct,opposite,non_kv0_reader_necessity,0.0,0.0,0.0,0.0
direct,exp12_search_edit_02,search_edit,0,direct,-1,,baseline,behavior_correct,1.0,,,
direct,exp12_search_edit_02,search_edit,0,direct,-1,,baseline,baseline_signed_preference,1.0527122900821269,,,
direct,exp12_search_edit_02,search_edit,1,direct,-1,,baseline,behavior_correct,1.0,,,
direct,exp12_search_edit_02,search_edit,1,direct,-1,,baseline,baseline_signed_preference,0.8150601908564568,,,
direct,exp12_search_edit_02,search_edit,0,direct,1,direct,opposite,H20_residual_reference,1.5976045564748347,,,
direct,exp12_search_edit_02,search_edit,0,direct,1,direct,opposite,frozen_V_sufficiency,-0.0982198566198349,,,
direct,exp12_search_edit_02,search_edit,0,direct,1,direct,opposite,frozen_V_necessity_loss,-0.08302600868046284,,,
direct,exp12_search_edit_02,search_edit,0,direct,1,direct,opposite,verified_v_effect,-0.0982198566198349,0.0,0.0,0.0
direct,exp12_search_edit_02,search_edit,0,direct,1,direct,opposite,target_reader_sufficiency,-1.4666467905044556e-05,0.0,0.0,0.0
direct,exp12_search_edit_02,search_edit,0,direct,1,direct,opposite,target_reader_necessity,0.008975618053227663,0.0,0.0,0.0
direct,exp12_search_edit_02,search_edit,0,direct,1,direct,opposite,all7_reader_sufficiency,-0.0982198566198349,0.0,0.0,0.0
direct,exp12_search_edit_02,search_edit,0,direct,1,direct,opposite,all7_reader_necessity,-0.0982198566198349,0.0,0.0,0.0
direct,exp12_search_edit_02,search_edit,0,direct,1,direct,opposite,non_kv0_reader_sufficiency,0.0,0.0,0.0,0.0
direct,exp12_search_edit_02,search_edit,0,direct,1,direct,opposite,non_kv0_reader_necessity,0.0,0.0,0.0,0.0
direct,exp12_search_edit_02,search_edit,1,direct,0,direct,opposite,H20_residual_reference,1.3846232909709215,,,
direct,exp12_search_edit_02,search_edit,1,direct,0,direct,opposite,frozen_V_sufficiency,-0.14570946898311377,,,
direct,exp12_search_edit_02,search_edit,1,direct,0,direct,opposite,frozen_V_necessity_loss,-0.05368349142372608,,,
direct,exp12_search_edit_02,search_edit,1,direct,0,direct,opposite,verified_v_effect,-0.14570946898311377,0.0,0.0,0.0
direct,exp12_search_edit_02,search_edit,1,direct,0,direct,opposite,target_reader_sufficiency,3.073643893003464e-05,0.0,0.0,0.0
direct,exp12_search_edit_02,search_edit,1,direct,0,direct,opposite,target_reader_necessity,2.305116504430771e-05,0.0,0.0,0.0
direct,exp12_search_edit_02,search_edit,1,direct,0,direct,opposite,all7_reader_sufficiency,-0.14570946898311377,0.0,0.0,0.0
direct,exp12_search_edit_02,search_edit,1,direct,0,direct,opposite,all7_reader_necessity,-0.14570946898311377,0.0,0.0,0.0
direct,exp12_search_edit_02,search_edit,1,direct,0,direct,opposite,non_kv0_reader_sufficiency,-0.0,0.0,0.0,0.0
direct,exp12_search_edit_02,search_edit,1,direct,0,direct,opposite,non_kv0_reader_necessity,0.0,0.0,0.0,0.0
direct,exp12_search_edit_03,search_edit,0,direct,-1,,baseline,behavior_correct,1.0,,,
direct,exp12_search_edit_03,search_edit,0,direct,-1,,baseline,baseline_signed_preference,0.8887477926909924,,,
direct,exp12_search_edit_03,search_edit,1,direct,-1,,baseline,behavior_correct,1.0,,,
direct,exp12_search_edit_03,search_edit,1,direct,-1,,baseline,baseline_signed_preference,0.7541376715525985,,,
direct,exp12_search_edit_03,search_edit,0,direct,1,direct,opposite,H20_residual_reference,1.3738602921366692,,,
direct,exp12_search_edit_03,search_edit,0,direct,1,direct,opposite,frozen_V_sufficiency,-0.06269886437803507,,,
direct,exp12_search_edit_03,search_edit,0,direct,1,direct,opposite,frozen_V_necessity_loss,-0.061947690322995186,,,
direct,exp12_search_edit_03,search_edit,0,direct,1,direct,opposite,verified_v_effect,-0.06269886437803507,0.0,0.0,0.0
direct,exp12_search_edit_03,search_edit,0,direct,1,direct,opposite,target_reader_sufficiency,0.031102129258215427,0.0,0.0,0.0
direct,exp12_search_edit_03,search_edit,0,direct,1,direct,opposite,target_reader_necessity,0.01547927688807249,0.0,0.0,0.0
direct,exp12_search_edit_03,search_edit,0,direct,1,direct,opposite,all7_reader_sufficiency,-0.06269886437803507,0.0,0.0,0.0
direct,exp12_search_edit_03,search_edit,0,direct,1,direct,opposite,all7_reader_necessity,-0.06269886437803507,0.0,0.0,0.0
direct,exp12_search_edit_03,search_edit,0,direct,1,direct,opposite,non_kv0_reader_sufficiency,0.0,0.0,0.0,0.0
direct,exp12_search_edit_03,search_edit,0,direct,1,direct,opposite,non_kv0_reader_necessity,0.0,0.0,0.0,0.0
direct,exp12_search_edit_03,search_edit,1,direct,0,direct,opposite,H20_residual_reference,1.266566339880228,,,
direct,exp12_search_edit_03,search_edit,1,direct,0,direct,opposite,frozen_V_sufficiency,-0.08283455111086369,,,
direct,exp12_search_edit_03,search_edit,1,direct,0,direct,opposite,frozen_V_necessity_loss,-0.03139698877930641,,,
direct,exp12_search_edit_03,search_edit,1,direct,0,direct,opposite,verified_v_effect,-0.08283455111086369,0.0,0.0,0.0
direct,exp12_search_edit_03,search_edit,1,direct,0,direct,opposite,target_reader_sufficiency,0.062210883013904095,0.0,0.0,0.0
direct,exp12_search_edit_03,search_edit,1,direct,0,direct,opposite,target_reader_necessity,0.021211768500506878,0.0,0.0,0.0
direct,exp12_search_edit_03,search_edit,1,direct,0,direct,opposite,all7_reader_sufficiency,-0.08283455111086369,0.0,0.0,0.0
direct,exp12_search_edit_03,search_edit,1,direct,0,direct,opposite,all7_reader_necessity,-0.08283455111086369,0.0,0.0,0.0
direct,exp12_search_edit_03,search_edit,1,direct,0,direct,opposite,non_kv0_reader_sufficiency,-0.0,0.0,0.0,0.0
direct,exp12_search_edit_03,search_edit,1,direct,0,direct,opposite,non_kv0_reader_necessity,0.0,0.0,0.0,0.0
direct,exp12_search_edit_04,search_edit,0,direct,-1,,baseline,behavior_correct,1.0,,,
direct,exp12_search_edit_04,search_edit,0,direct,-1,,baseline,baseline_signed_preference,0.9671578938141465,,,
direct,exp12_search_edit_04,search_edit,1,direct,-1,,baseline,behavior_correct,1.0,,,
direct,exp12_search_edit_04,search_edit,1,direct,-1,,baseline,baseline_signed_preference,0.7748438687995076,,,
direct,exp12_search_edit_04,search_edit,0,direct,1,direct,opposite,H20_residual_reference,1.4933495903387666,,,
direct,exp12_search_edit_04,search_edit,0,direct,1,direct,opposite,frozen_V_sufficiency,-0.07048748154193163,,,
direct,exp12_search_edit_04,search_edit,0,direct,1,direct,opposite,frozen_V_necessity_loss,-0.04136121179908514,,,
direct,exp12_search_edit_04,search_edit,0,direct,1,direct,opposite,verified_v_effect,-0.07048748154193163,0.0,0.0,0.0
direct,exp12_search_edit_04,search_edit,0,direct,1,direct,opposite,target_reader_sufficiency,0.031267408747226,0.0,0.0,0.0
direct,exp12_search_edit_04,search_edit,0,direct,1,direct,opposite,target_reader_necessity,0.023297660052776337,0.0,0.0,0.0
direct,exp12_search_edit_04,search_edit,0,direct,1,direct,opposite,all7_reader_sufficiency,-0.07048748154193163,0.0,0.0,0.0
direct,exp12_search_edit_04,search_edit,0,direct,1,direct,opposite,all7_reader_necessity,-0.07048748154193163,0.0,0.0,0.0
direct,exp12_search_edit_04,search_edit,0,direct,1,direct,opposite,non_kv0_reader_sufficiency,0.0,0.0,0.0,0.0
direct,exp12_search_edit_04,search_edit,0,direct,1,direct,opposite,non_kv0_reader_necessity,0.0,0.0,0.0,0.0
direct,exp12_search_edit_04,search_edit,1,direct,0,direct,opposite,H20_residual_reference,1.3032205728814006,,,
direct,exp12_search_edit_04,search_edit,1,direct,0,direct,opposite,frozen_V_sufficiency,-0.0628292877227068,,,
direct,exp12_search_edit_04,search_edit,1,direct,0,direct,opposite,frozen_V_necessity_loss,-0.03139648213982582,,,
direct,exp12_search_edit_04,search_edit,1,direct,0,direct,opposite,verified_v_effect,-0.0628292877227068,0.0,0.0,0.0
direct,exp12_search_edit_04,search_edit,1,direct,0,direct,opposite,target_reader_sufficiency,0.041588070802390575,0.0,0.0,0.0
direct,exp12_search_edit_04,search_edit,1,direct,0,direct,opposite,target_reader_necessity,0.06200647074729204,0.0,0.0,0.0
direct,exp12_search_edit_04,search_edit,1,direct,0,direct,opposite,all7_reader_sufficiency,-0.0628292877227068,0.0,0.0,0.0
direct,exp12_search_edit_04,search_edit,1,direct,0,direct,opposite,all7_reader_necessity,-0.0628292877227068,0.0,0.0,0.0
direct,exp12_search_edit_04,search_edit,1,direct,0,direct,opposite,non_kv0_reader_sufficiency,-0.0,0.0,0.0,0.0
direct,exp12_search_edit_04,search_edit,1,direct,0,direct,opposite,non_kv0_reader_necessity,0.0,0.0,0.0,0.0
direct,exp12_search_edit_05,search_edit,0,direct,-1,,baseline,behavior_correct,1.0,,,
direct,exp12_search_edit_05,search_edit,0,direct,-1,,baseline,baseline_signed_preference,0.8732946570962667,,,
direct,exp12_search_edit_05,search_edit,1,direct,-1,,baseline,behavior_correct,1.0,,,
direct,exp12_search_edit_05,search_edit,1,direct,-1,,baseline,baseline_signed_preference,1.0455842716619372,,,
direct,exp12_search_edit_05,search_edit,0,direct,1,direct,opposite,H20_residual_reference,1.5239569814875722,,,
direct,exp12_search_edit_05,search_edit,0,direct,1,direct,opposite,frozen_V_sufficiency,-0.04688765341416001,,,
direct,exp12_search_edit_05,search_edit,0,direct,1,direct,opposite,frozen_V_necessity_loss,-0.061875442042946815,,,
direct,exp12_search_edit_05,search_edit,0,direct,1,direct,opposite,verified_v_effect,-0.04688765341416001,0.0,0.0,0.0
direct,exp12_search_edit_05,search_edit,0,direct,1,direct,opposite,target_reader_sufficiency,0.04692998994141817,0.0,0.0,0.0
direct,exp12_search_edit_05,search_edit,0,direct,1,direct,opposite,target_reader_necessity,0.031273255590349436,0.0,0.0,0.0
direct,exp12_search_edit_05,search_edit,0,direct,1,direct,opposite,all7_reader_sufficiency,-0.04688765341416001,0.0,0.0,0.0
direct,exp12_search_edit_05,search_edit,0,direct,1,direct,opposite,all7_reader_necessity,-0.04688765341416001,0.0,0.0,0.0
direct,exp12_search_edit_05,search_edit,0,direct,1,direct,opposite,non_kv0_reader_sufficiency,0.0,0.0,0.0,0.0
direct,exp12_search_edit_05,search_edit,0,direct,1,direct,opposite,non_kv0_reader_necessity,0.0,0.0,0.0,0.0
direct,exp12_search_edit_05,search_edit,1,direct,0,direct,opposite,H20_residual_reference,1.5739252949133515,,,
direct,exp12_search_edit_05,search_edit,1,direct,0,direct,opposite,frozen_V_sufficiency,-0.10415531229227781,,,
direct,exp12_search_edit_05,search_edit,1,direct,0,direct,opposite,frozen_V_necessity_loss,-0.01568912621587515,,,
direct,exp12_search_edit_05,search_edit,1,direct,0,direct,opposite,verified_v_effect,-0.10415531229227781,0.0,0.0,0.0
direct,exp12_search_edit_05,search_edit,1,direct,0,direct,opposite,target_reader_sufficiency,0.10408609639853239,0.0,0.0,0.0
direct,exp12_search_edit_05,search_edit,1,direct,0,direct,opposite,target_reader_necessity,0.08297174982726574,0.0,0.0,0.0
direct,exp12_search_edit_05,search_edit,1,direct,0,direct,opposite,all7_reader_sufficiency,-0.10415531229227781,0.0,0.0,0.0
direct,exp12_search_edit_05,search_edit,1,direct,0,direct,opposite,all7_reader_necessity,-0.10415531229227781,0.0,0.0,0.0
direct,exp12_search_edit_05,search_edit,1,direct,0,direct,opposite,non_kv0_reader_sufficiency,-0.0,0.0,0.0,0.0
direct,exp12_search_edit_05,search_edit,1,direct,0,direct,opposite,non_kv0_reader_necessity,0.0,0.0,0.0,0.0
direct,exp12_search_edit_06,search_edit,0,direct,-1,,baseline,behavior_correct,1.0,,,
direct,exp12_search_edit_06,search_edit,0,direct,-1,,baseline,baseline_signed_preference,0.935871007386595,,,
direct,exp12_search_edit_06,search_edit,1,direct,-1,,baseline,behavior_correct,1.0,,,
direct,exp12_search_edit_06,search_edit,1,direct,-1,,baseline,baseline_signed_preference,0.8373744338750839,,,
direct,exp12_search_edit_06,search_edit,0,direct,1,direct,opposite,H20_residual_reference,1.483253336045891,,,
direct,exp12_search_edit_06,search_edit,0,direct,1,direct,opposite,frozen_V_sufficiency,-0.05464966269209981,,,
direct,exp12_search_edit_06,search_edit,0,direct,1,direct,opposite,frozen_V_necessity_loss,-0.06164042465388775,,,
direct,exp12_search_edit_06,search_edit,0,direct,1,direct,opposite,verified_v_effect,-0.05464966269209981,0.0,0.0,0.0
direct,exp12_search_edit_06,search_edit,0,direct,1,direct,opposite,target_reader_sufficiency,0.03130691172555089,0.0,0.0,0.0
direct,exp12_search_edit_06,search_edit,0,direct,1,direct,opposite,target_reader_necessity,0.03914277395233512,0.0,0.0,0.0
direct,exp12_search_edit_06,search_edit,0,direct,1,direct,opposite,all7_reader_sufficiency,-0.05464966269209981,0.0,0.0,0.0
direct,exp12_search_edit_06,search_edit,0,direct,1,direct,opposite,all7_reader_necessity,-0.05464966269209981,0.0,0.0,0.0
direct,exp12_search_edit_06,search_edit,0,direct,1,direct,opposite,non_kv0_reader_sufficiency,0.0,0.0,0.0,0.0
direct,exp12_search_edit_06,search_edit,0,direct,1,direct,opposite,non_kv0_reader_necessity,0.0,0.0,0.0,0.0
direct,exp12_search_edit_06,search_edit,1,direct,0,direct,opposite,H20_residual_reference,1.349752901121974,,,
direct,exp12_search_edit_06,search_edit,1,direct,0,direct,opposite,frozen_V_sufficiency,-0.08323635812848806,,,
direct,exp12_search_edit_06,search_edit,1,direct,0,direct,opposite,frozen_V_necessity_loss,-0.03143288102000952,,,
direct,exp12_search_edit_06,search_edit,1,direct,0,direct,opposite,verified_v_effect,-0.08323635812848806,0.0,0.0,0.0
direct,exp12_search_edit_06,search_edit,1,direct,0,direct,opposite,target_reader_sufficiency,0.06237287539988756,0.0,0.0,0.0
direct,exp12_search_edit_06,search_edit,1,direct,0,direct,opposite,target_reader_necessity,0.042005082592368126,0.0,0.0,0.0
direct,exp12_search_edit_06,search_edit,1,direct,0,direct,opposite,all7_reader_sufficiency,-0.08323635812848806,0.0,0.0,0.0
direct,exp12_search_edit_06,search_edit,1,direct,0,direct,opposite,all7_reader_necessity,-0.08323635812848806,0.0,0.0,0.0
direct,exp12_search_edit_06,search_edit,1,direct,0,direct,opposite,non_kv0_reader_sufficiency,-0.0,0.0,0.0,0.0
direct,exp12_search_edit_06,search_edit,1,direct,0,direct,opposite,non_kv0_reader_necessity,0.0,0.0,0.0,0.0
direct,exp12_search_edit_07,search_edit,0,direct,-1,,baseline,behavior_correct,1.0,,,
direct,exp12_search_edit_07,search_edit,0,direct,-1,,baseline,baseline_signed_preference,0.9044999554753304,,,
direct,exp12_search_edit_07,search_edit,1,direct,-1,,baseline,behavior_correct,1.0,,,
direct,exp12_search_edit_07,search_edit,1,direct,-1,,baseline,baseline_signed_preference,0.8164561241865158,,,
direct,exp12_search_edit_07,search_edit,0,direct,1,direct,opposite,H20_residual_reference,1.451348215341568,,,
direct,exp12_search_edit_07,search_edit,0,direct,1,direct,opposite,frozen_V_sufficiency,-0.04689404182136059,,,
direct,exp12_search_edit_07,search_edit,0,direct,1,direct,opposite,frozen_V_necessity_loss,-0.02075173147022724,,,
direct,exp12_search_edit_07,search_edit,0,direct,1,direct,opposite,verified_v_effect,-0.04689404182136059,0.0,0.0,0.0
direct,exp12_search_edit_07,search_edit,0,direct,1,direct,opposite,target_reader_sufficiency,0.03128120768815279,0.0,0.0,0.0
direct,exp12_search_edit_07,search_edit,0,direct,1,direct,opposite,target_reader_necessity,0.03127594385296106,0.0,0.0,0.0
direct,exp12_search_edit_07,search_edit,0,direct,1,direct,opposite,all7_reader_sufficiency,-0.04689404182136059,0.0,0.0,0.0
direct,exp12_search_edit_07,search_edit,0,direct,1,direct,opposite,all7_reader_necessity,-0.04689404182136059,0.0,0.0,0.0
direct,exp12_search_edit_07,search_edit,0,direct,1,direct,opposite,non_kv0_reader_sufficiency,0.0,0.0,0.0,0.0
direct,exp12_search_edit_07,search_edit,0,direct,1,direct,opposite,non_kv0_reader_necessity,0.0,0.0,0.0,0.0
direct,exp12_search_edit_07,search_edit,1,direct,0,direct,opposite,H20_residual_reference,1.3289456516504288,,,
direct,exp12_search_edit_07,search_edit,1,direct,0,direct,opposite,frozen_V_sufficiency,-0.08324750978499651,,,
direct,exp12_search_edit_07,search_edit,1,direct,0,direct,opposite,frozen_V_necessity_loss,-0.015683261677622795,,,
direct,exp12_search_edit_07,search_edit,1,direct,0,direct,opposite,verified_v_effect,-0.08324750978499651,0.0,0.0,0.0
direct,exp12_search_edit_07,search_edit,1,direct,0,direct,opposite,target_reader_sufficiency,0.062373245134949684,0.0,0.0,0.0
direct,exp12_search_edit_07,search_edit,1,direct,0,direct,opposite,target_reader_necessity,0.021188457496464252,0.0,0.0,0.0
direct,exp12_search_edit_07,search_edit,1,direct,0,direct,opposite,all7_reader_sufficiency,-0.08324750978499651,0.0,0.0,0.0
direct,exp12_search_edit_07,search_edit,1,direct,0,direct,opposite,all7_reader_necessity,-0.08324750978499651,0.0,0.0,0.0
direct,exp12_search_edit_07,search_edit,1,direct,0,direct,opposite,non_kv0_reader_sufficiency,-0.0,0.0,0.0,0.0
direct,exp12_search_edit_07,search_edit,1,direct,0,direct,opposite,non_kv0_reader_necessity,0.0,0.0,0.0,0.0
direct,exp12_search_edit_08,search_edit,0,direct,-1,,baseline,behavior_correct,1.0,,,
direct,exp12_search_edit_08,search_edit,0,direct,-1,,baseline,baseline_signed_preference,1.0348525699228048,,,
direct,exp12_search_edit_08,search_edit,1,direct,-1,,baseline,behavior_correct,1.0,,,
direct,exp12_search_edit_08,search_edit,1,direct,-1,,baseline,baseline_signed_preference,0.8770680567249656,,,
direct,exp12_search_edit_08,search_edit,0,direct,1,direct,opposite,H20_residual_reference,1.6001033801585436,,,
direct,exp12_search_edit_08,search_edit,0,direct,1,direct,opposite,frozen_V_sufficiency,-0.0892836176790297,,,
direct,exp12_search_edit_08,search_edit,0,direct,1,direct,opposite,frozen_V_necessity_loss,-0.062273990362882614,,,
direct,exp12_search_edit_08,search_edit,0,direct,1,direct,opposite,verified_v_effect,-0.0892836176790297,0.0,0.0,0.0
direct,exp12_search_edit_08,search_edit,0,direct,1,direct,opposite,target_reader_sufficiency,0.017884000670164824,0.0,0.0,0.0
direct,exp12_search_edit_08,search_edit,0,direct,1,direct,opposite,target_reader_necessity,9.676441550254822e-06,0.0,0.0,0.0
direct,exp12_search_edit_08,search_edit,0,direct,1,direct,opposite,all7_reader_sufficiency,-0.0892836176790297,0.0,0.0,0.0
direct,exp12_search_edit_08,search_edit,0,direct,1,direct,opposite,all7_reader_necessity,-0.0892836176790297,0.0,0.0,0.0
direct,exp12_search_edit_08,search_edit,0,direct,1,direct,opposite,non_kv0_reader_sufficiency,0.0,0.0,0.0,0.0
direct,exp12_search_edit_08,search_edit,0,direct,1,direct,opposite,non_kv0_reader_necessity,0.0,0.0,0.0,0.0
direct,exp12_search_edit_08,search_edit,1,direct,0,direct,opposite,H20_residual_reference,1.4287090813741088,,,
direct,exp12_search_edit_08,search_edit,1,direct,0,direct,opposite,frozen_V_sufficiency,-0.12493651639670134,,,
direct,exp12_search_edit_08,search_edit,1,direct,0,direct,opposite,frozen_V_necessity_loss,-0.03583488427102566,,,
direct,exp12_search_edit_08,search_edit,1,direct,0,direct,opposite,verified_v_effect,-0.12493651639670134,0.0,0.0,0.0
direct,exp12_search_edit_08,search_edit,1,direct,0,direct,opposite,target_reader_sufficiency,0.04144083894789219,0.0,0.0,0.0
direct,exp12_search_edit_08,search_edit,1,direct,0,direct,opposite,target_reader_necessity,0.02088325098156929,0.0,0.0,0.0
direct,exp12_search_edit_08,search_edit,1,direct,0,direct,opposite,all7_reader_sufficiency,-0.12493651639670134,0.0,0.0,0.0
direct,exp12_search_edit_08,search_edit,1,direct,0,direct,opposite,all7_reader_necessity,-0.12493651639670134,0.0,0.0,0.0
direct,exp12_search_edit_08,search_edit,1,direct,0,direct,opposite,non_kv0_reader_sufficiency,-0.0,0.0,0.0,0.0
direct,exp12_search_edit_08,search_edit,1,direct,0,direct,opposite,non_kv0_reader_necessity,0.0,0.0,0.0,0.0
direct,exp12_search_edit_09,search_edit,0,direct,-1,,baseline,behavior_correct,1.0,,,
direct,exp12_search_edit_09,search_edit,0,direct,-1,,baseline,baseline_signed_preference,0.9513752106577158,,,
direct,exp12_search_edit_09,search_edit,1,direct,-1,,baseline,behavior_correct,1.0,,,
direct,exp12_search_edit_09,search_edit,1,direct,-1,,baseline,baseline_signed_preference,0.8165919212624431,,,
direct,exp12_search_edit_09,search_edit,0,direct,1,direct,opposite,H20_residual_reference,1.4984722845256329,,,
direct,exp12_search_edit_09,search_edit,0,direct,1,direct,opposite,frozen_V_sufficiency,-0.06268106820061803,,,
direct,exp12_search_edit_09,search_edit,0,direct,1,direct,opposite,frozen_V_necessity_loss,-0.061997270211577415,,,
direct,exp12_search_edit_09,search_edit,0,direct,1,direct,opposite,verified_v_effect,-0.06268106820061803,0.0,0.0,0.0
direct,exp12_search_edit_09,search_edit,0,direct,1,direct,opposite,target_reader_sufficiency,0.031276344787329435,0.0,0.0,0.0
direct,exp12_search_edit_09,search_edit,0,direct,1,direct,opposite,target_reader_necessity,0.03914685593917966,0.0,0.0,0.0
direct,exp12_search_edit_09,search_edit,0,direct,1,direct,opposite,all7_reader_sufficiency,-0.06268106820061803,0.0,0.0,0.0
direct,exp12_search_edit_09,search_edit,0,direct,1,direct,opposite,all7_reader_necessity,-0.06268106820061803,0.0,0.0,0.0
direct,exp12_search_edit_09,search_edit,0,direct,1,direct,opposite,non_kv0_reader_sufficiency,0.0,0.0,0.0,0.0
direct,exp12_search_edit_09,search_edit,0,direct,1,direct,opposite,non_kv0_reader_necessity,0.0,0.0,0.0,0.0
direct,exp12_search_edit_09,search_edit,1,direct,0,direct,opposite,H20_residual_reference,1.344855205155909,,,
direct,exp12_search_edit_09,search_edit,1,direct,0,direct,opposite,frozen_V_sufficiency,-0.10402313340455294,,,
direct,exp12_search_edit_09,search_edit,1,direct,0,direct,opposite,frozen_V_necessity_loss,-0.031494637951254845,,,
direct,exp12_search_edit_09,search_edit,1,direct,0,direct,opposite,verified_v_effect,-0.10402313340455294,0.0,0.0,0.0
direct,exp12_search_edit_09,search_edit,1,direct,0,direct,opposite,target_reader_sufficiency,0.04158731084316969,0.0,0.0,0.0
direct,exp12_search_edit_09,search_edit,1,direct,0,direct,opposite,target_reader_necessity,0.020821901969611645,0.0,0.0,0.0
direct,exp12_search_edit_09,search_edit,1,direct,0,direct,opposite,all7_reader_sufficiency,-0.10402313340455294,0.0,0.0,0.0
direct,exp12_search_edit_09,search_edit,1,direct,0,direct,opposite,all7_reader_necessity,-0.10402313340455294,0.0,0.0,0.0
direct,exp12_search_edit_09,search_edit,1,direct,0,direct,opposite,non_kv0_reader_sufficiency,-0.0,0.0,0.0,0.0
direct,exp12_search_edit_09,search_edit,1,direct,0,direct,opposite,non_kv0_reader_necessity,0.0,0.0,0.0,0.0
direct,exp12_search_edit_10,search_edit,0,direct,-1,,baseline,behavior_correct,1.0,,,
direct,exp12_search_edit_10,search_edit,0,direct,-1,,baseline,baseline_signed_preference,0.8734592106193304,,,
direct,exp12_search_edit_10,search_edit,1,direct,-1,,baseline,behavior_correct,1.0,,,
direct,exp12_search_edit_10,search_edit,1,direct,-1,,baseline,baseline_signed_preference,0.9414073247462511,,,
direct,exp12_search_edit_10,search_edit,0,direct,1,direct,opposite,H20_residual_reference,1.5029175989329815,,,
direct,exp12_search_edit_10,search_edit,0,direct,1,direct,opposite,frozen_V_sufficiency,-0.0625686408020556,,,
direct,exp12_search_edit_10,search_edit,0,direct,1,direct,opposite,frozen_V_necessity_loss,-0.062178485095500946,,,
direct,exp12_search_edit_10,search_edit,0,direct,1,direct,opposite,verified_v_effect,-0.0625686408020556,0.0,0.0,0.0
direct,exp12_search_edit_10,search_edit,0,direct,1,direct,opposite,target_reader_sufficiency,0.04707046365365386,0.0,0.0,0.0
direct,exp12_search_edit_10,search_edit,0,direct,1,direct,opposite,target_reader_necessity,0.015606677625328302,0.0,0.0,0.0
direct,exp12_search_edit_10,search_edit,0,direct,1,direct,opposite,all7_reader_sufficiency,-0.0625686408020556,0.0,0.0,0.0
direct,exp12_search_edit_10,search_edit,0,direct,1,direct,opposite,all7_reader_necessity,-0.0625686408020556,0.0,0.0,0.0
direct,exp12_search_edit_10,search_edit,0,direct,1,direct,opposite,non_kv0_reader_sufficiency,0.0,0.0,0.0,0.0
direct,exp12_search_edit_10,search_edit,0,direct,1,direct,opposite,non_kv0_reader_necessity,0.0,0.0,0.0,0.0
direct,exp12_search_edit_10,search_edit,1,direct,0,direct,opposite,H20_residual_reference,1.4223662270233035,,,
direct,exp12_search_edit_10,search_edit,1,direct,0,direct,opposite,frozen_V_sufficiency,-0.10415034182369709,,,
direct,exp12_search_edit_10,search_edit,1,direct,0,direct,opposite,frozen_V_necessity_loss,-0.03170954808592796,,,
direct,exp12_search_edit_10,search_edit,1,direct,0,direct,opposite,verified_v_effect,-0.10415034182369709,0.0,0.0,0.0
direct,exp12_search_edit_10,search_edit,1,direct,0,direct,opposite,target_reader_sufficiency,0.04167958628386259,0.0,0.0,0.0
direct,exp12_search_edit_10,search_edit,1,direct,0,direct,opposite,target_reader_necessity,0.0624143211171031,0.0,0.0,0.0
direct,exp12_search_edit_10,search_edit,1,direct,0,direct,opposite,all7_reader_sufficiency,-0.10415034182369709,0.0,0.0,0.0
direct,exp12_search_edit_10,search_edit,1,direct,0,direct,opposite,all7_reader_necessity,-0.10415034182369709,0.0,0.0,0.0
direct,exp12_search_edit_10,search_edit,1,direct,0,direct,opposite,non_kv0_reader_sufficiency,-0.0,0.0,0.0,0.0
direct,exp12_search_edit_10,search_edit,1,direct,0,direct,opposite,non_kv0_reader_necessity,0.0,0.0,0.0,0.0
direct,exp12_search_edit_11,search_edit,0,direct,-1,,baseline,behavior_correct,1.0,,,
direct,exp12_search_edit_11,search_edit,0,direct,-1,,baseline,baseline_signed_preference,0.9055351261049509,,,
direct,exp12_search_edit_11,search_edit,1,direct,-1,,baseline,behavior_correct,1.0,,,
direct,exp12_search_edit_11,search_edit,1,direct,-1,,baseline,baseline_signed_preference,0.7340398356318474,,,
direct,exp12_search_edit_11,search_edit,0,direct,1,direct,opposite,H20_residual_reference,1.3899175357073545,,,
direct,exp12_search_edit_11,search_edit,0,direct,1,direct,opposite,frozen_V_sufficiency,-0.09384424472227693,,,
direct,exp12_search_edit_11,search_edit,0,direct,1,direct,opposite,frozen_V_necessity_loss,-0.03559787664562464,,,
direct,exp12_search_edit_11,search_edit,0,direct,1,direct,opposite,verified_v_effect,-0.09384424472227693,0.0,0.0,0.0
direct,exp12_search_edit_11,search_edit,0,direct,1,direct,opposite,target_reader_sufficiency,0.015624785330146551,0.0,0.0,0.0
direct,exp12_search_edit_11,search_edit,0,direct,1,direct,opposite,target_reader_necessity,0.007740820292383432,0.0,0.0,0.0
direct,exp12_search_edit_11,search_edit,0,direct,1,direct,opposite,all7_reader_sufficiency,-0.09384424472227693,0.0,0.0,0.0
direct,exp12_search_edit_11,search_edit,0,direct,1,direct,opposite,all7_reader_necessity,-0.09384424472227693,0.0,0.0,0.0
direct,exp12_search_edit_11,search_edit,0,direct,1,direct,opposite,non_kv0_reader_sufficiency,0.0,0.0,0.0,0.0
direct,exp12_search_edit_11,search_edit,0,direct,1,direct,opposite,non_kv0_reader_necessity,0.0,0.0,0.0,0.0
direct,exp12_search_edit_11,search_edit,1,direct,0,direct,opposite,H20_residual_reference,1.2169117731973529,,,
direct,exp12_search_edit_11,search_edit,1,direct,0,direct,opposite,frozen_V_sufficiency,-0.08924661669880152,,,
direct,exp12_search_edit_11,search_edit,1,direct,0,direct,opposite,frozen_V_necessity_loss,-0.03142666723579168,,,
direct,exp12_search_edit_11,search_edit,1,direct,0,direct,opposite,verified_v_effect,-0.08924661669880152,0.0,0.0,0.0
direct,exp12_search_edit_11,search_edit,1,direct,0,direct,opposite,target_reader_sufficiency,0.018036714754998684,0.0,0.0,0.0
direct,exp12_search_edit_11,search_edit,1,direct,0,direct,opposite,target_reader_necessity,0.01784820668399334,0.0,0.0,0.0
direct,exp12_search_edit_11,search_edit,1,direct,0,direct,opposite,all7_reader_sufficiency,-0.08924661669880152,0.0,0.0,0.0
direct,exp12_search_edit_11,search_edit,1,direct,0,direct,opposite,all7_reader_necessity,-0.08924661669880152,0.0,0.0,0.0
direct,exp12_search_edit_11,search_edit,1,direct,0,direct,opposite,non_kv0_reader_sufficiency,-0.0,0.0,0.0,0.0
direct,exp12_search_edit_11,search_edit,1,direct,0,direct,opposite,non_kv0_reader_necessity,0.0,0.0,0.0,0.0
direct,exp12_search_edit_12,search_edit,0,direct,-1,,baseline,behavior_correct,1.0,,,
direct,exp12_search_edit_12,search_edit,0,direct,-1,,baseline,baseline_signed_preference,0.9983252035453916,,,
direct,exp12_search_edit_12,search_edit,1,direct,-1,,baseline,behavior_correct,1.0,,,
direct,exp12_search_edit_12,search_edit,1,direct,-1,,baseline,baseline_signed_preference,0.7333798287436366,,,
direct,exp12_search_edit_12,search_edit,0,direct,1,direct,opposite,H20_residual_reference,1.5040019312873483,,,
direct,exp12_search_edit_12,search_edit,0,direct,1,direct,opposite,frozen_V_sufficiency,-0.0703324181959033,,,
direct,exp12_search_edit_12,search_edit,0,direct,1,direct,opposite,frozen_V_necessity_loss,-0.08265820797532797,,,
direct,exp12_search_edit_12,search_edit,0,direct,1,direct,opposite,verified_v_effect,-0.0703324181959033,0.0,0.0,0.0
direct,exp12_search_edit_12,search_edit,0,direct,1,direct,opposite,target_reader_sufficiency,0.031292855739593506,0.0,0.0,0.0
direct,exp12_search_edit_12,search_edit,0,direct,1,direct,opposite,target_reader_necessity,0.03125718794763088,0.0,0.0,0.0
direct,exp12_search_edit_12,search_edit,0,direct,1,direct,opposite,all7_reader_sufficiency,-0.0703324181959033,0.0,0.0,0.0
direct,exp12_search_edit_12,search_edit,0,direct,1,direct,opposite,all7_reader_necessity,-0.0703324181959033,0.0,0.0,0.0
direct,exp12_search_edit_12,search_edit,0,direct,1,direct,opposite,non_kv0_reader_sufficiency,0.0,0.0,0.0,0.0
direct,exp12_search_edit_12,search_edit,0,direct,1,direct,opposite,non_kv0_reader_necessity,0.0,0.0,0.0,0.0
direct,exp12_search_edit_12,search_edit,1,direct,0,direct,opposite,H20_residual_reference,1.277371235191822,,,
direct,exp12_search_edit_12,search_edit,1,direct,0,direct,opposite,frozen_V_sufficiency,-0.10393457021564245,,,
direct,exp12_search_edit_12,search_edit,1,direct,0,direct,opposite,frozen_V_necessity_loss,-0.031430311501026154,,,
direct,exp12_search_edit_12,search_edit,1,direct,0,direct,opposite,verified_v_effect,-0.10393457021564245,0.0,0.0,0.0
direct,exp12_search_edit_12,search_edit,1,direct,0,direct,opposite,target_reader_sufficiency,0.020856250077486038,0.0,0.0,0.0
direct,exp12_search_edit_12,search_edit,1,direct,0,direct,opposite,target_reader_necessity,0.020808754488825798,0.0,0.0,0.0
direct,exp12_search_edit_12,search_edit,1,direct,0,direct,opposite,all7_reader_sufficiency,-0.10393457021564245,0.0,0.0,0.0
direct,exp12_search_edit_12,search_edit,1,direct,0,direct,opposite,all7_reader_necessity,-0.10393457021564245,0.0,0.0,0.0
direct,exp12_search_edit_12,search_edit,1,direct,0,direct,opposite,non_kv0_reader_sufficiency,-0.0,0.0,0.0,0.0
direct,exp12_search_edit_12,search_edit,1,direct,0,direct,opposite,non_kv0_reader_necessity,0.0,0.0,0.0,0.0
direct,exp12_search_edit_13,search_edit,0,direct,-1,,baseline,behavior_correct,1.0,,,
direct,exp12_search_edit_13,search_edit,0,direct,-1,,baseline,baseline_signed_preference,0.9516044780611992,,,
direct,exp12_search_edit_13,search_edit,1,direct,-1,,baseline,behavior_correct,1.0,,,
direct,exp12_search_edit_13,search_edit,1,direct,-1,,baseline,baseline_signed_preference,0.7125405911356211,,,
direct,exp12_search_edit_13,search_edit,0,direct,1,direct,opposite,H20_residual_reference,1.4363527949899435,,,
direct,exp12_search_edit_13,search_edit,0,direct,1,direct,opposite,frozen_V_sufficiency,-0.07032664166763425,,,
direct,exp12_search_edit_13,search_edit,0,direct,1,direct,opposite,frozen_V_necessity_loss,-0.06183950323611498,,,
direct,exp12_search_edit_13,search_edit,0,direct,1,direct,opposite,verified_v_effect,-0.07032664166763425,0.0,0.0,0.0
direct,exp12_search_edit_13,search_edit,0,direct,1,direct,opposite,target_reader_sufficiency,0.03126934822648764,0.0,0.0,0.0
direct,exp12_search_edit_13,search_edit,0,direct,1,direct,opposite,target_reader_necessity,0.023475196212530136,0.0,0.0,0.0
direct,exp12_search_edit_13,search_edit,0,direct,1,direct,opposite,all7_reader_sufficiency,-0.07032664166763425,0.0,0.0,0.0
direct,exp12_search_edit_13,search_edit,0,direct,1,direct,opposite,all7_reader_necessity,-0.07032664166763425,0.0,0.0,0.0
direct,exp12_search_edit_13,search_edit,0,direct,1,direct,opposite,non_kv0_reader_sufficiency,0.0,0.0,0.0,0.0
direct,exp12_search_edit_13,search_edit,0,direct,1,direct,opposite,non_kv0_reader_necessity,0.0,0.0,0.0,0.0
direct,exp12_search_edit_13,search_edit,1,direct,0,direct,opposite,H20_residual_reference,1.24087371584028,,,
direct,exp12_search_edit_13,search_edit,1,direct,0,direct,opposite,frozen_V_sufficiency,-0.10357240121811628,,,
direct,exp12_search_edit_13,search_edit,1,direct,0,direct,opposite,frozen_V_necessity_loss,-0.03139680530875921,,,
direct,exp12_search_edit_13,search_edit,1,direct,0,direct,opposite,verified_v_effect,-0.10357240121811628,0.0,0.0,0.0
direct,exp12_search_edit_13,search_edit,1,direct,0,direct,opposite,target_reader_sufficiency,0.0622425964102149,0.0,0.0,0.0
direct,exp12_search_edit_13,search_edit,1,direct,0,direct,opposite,target_reader_necessity,0.04160900507122278,0.0,0.0,0.0
direct,exp12_search_edit_13,search_edit,1,direct,0,direct,opposite,all7_reader_sufficiency,-0.10357240121811628,0.0,0.0,0.0
direct,exp12_search_edit_13,search_edit,1,direct,0,direct,opposite,all7_reader_necessity,-0.10357240121811628,0.0,0.0,0.0
direct,exp12_search_edit_13,search_edit,1,direct,0,direct,opposite,non_kv0_reader_sufficiency,-0.0,0.0,0.0,0.0
direct,exp12_search_edit_13,search_edit,1,direct,0,direct,opposite,non_kv0_reader_necessity,0.0,0.0,0.0,0.0
direct,exp12_search_edit_14,search_edit,0,direct,-1,,baseline,behavior_correct,1.0,,,
direct,exp12_search_edit_14,search_edit,0,direct,-1,,baseline,baseline_signed_preference,0.8310971576720476,,,
direct,exp12_search_edit_14,search_edit,1,direct,-1,,baseline,behavior_correct,1.0,,,
direct,exp12_search_edit_14,search_edit,1,direct,-1,,baseline,baseline_signed_preference,0.8385532358661294,,,
direct,exp12_search_edit_14,search_edit,0,direct,1,direct,opposite,H20_residual_reference,1.3802901543676853,,,
direct,exp12_search_edit_14,search_edit,0,direct,1,direct,opposite,frozen_V_sufficiency,-0.034673137590289116,,,
direct,exp12_search_edit_14,search_edit,0,direct,1,direct,opposite,frozen_V_necessity_loss,-0.08206657879054546,,,
direct,exp12_search_edit_14,search_edit,0,direct,1,direct,opposite,verified_v_effect,-0.034673137590289116,0.0,0.0,0.0
direct,exp12_search_edit_14,search_edit,0,direct,1,direct,opposite,target_reader_sufficiency,0.04177092341706157,0.0,0.0,0.0
direct,exp12_search_edit_14,search_edit,0,direct,1,direct,opposite,target_reader_necessity,0.04197272937744856,0.0,0.0,0.0
direct,exp12_search_edit_14,search_edit,0,direct,1,direct,opposite,all7_reader_sufficiency,-0.034673137590289116,0.0,0.0,0.0
direct,exp12_search_edit_14,search_edit,0,direct,1,direct,opposite,all7_reader_necessity,-0.034673137590289116,0.0,0.0,0.0
direct,exp12_search_edit_14,search_edit,0,direct,1,direct,opposite,non_kv0_reader_sufficiency,0.0,0.0,0.0,0.0
direct,exp12_search_edit_14,search_edit,0,direct,1,direct,opposite,non_kv0_reader_necessity,0.0,0.0,0.0,0.0
direct,exp12_search_edit_14,search_edit,1,direct,0,direct,opposite,H20_residual_reference,1.3066203640773892,,,
direct,exp12_search_edit_14,search_edit,1,direct,0,direct,opposite,frozen_V_sufficiency,-0.08326438348740339,,,
direct,exp12_search_edit_14,search_edit,1,direct,0,direct,opposite,frozen_V_necessity_loss,-0.01396708283573389,,,
direct,exp12_search_edit_14,search_edit,1,direct,0,direct,opposite,verified_v_effect,-0.08326438348740339,0.0,0.0,0.0
direct,exp12_search_edit_14,search_edit,1,direct,0,direct,opposite,target_reader_sufficiency,0.08310678601264954,0.0,0.0,0.0
direct,exp12_search_edit_14,search_edit,1,direct,0,direct,opposite,target_reader_necessity,0.042159298434853554,0.0,0.0,0.0
direct,exp12_search_edit_14,search_edit,1,direct,0,direct,opposite,all7_reader_sufficiency,-0.08326438348740339,0.0,0.0,0.0
direct,exp12_search_edit_14,search_edit,1,direct,0,direct,opposite,all7_reader_necessity,-0.08326438348740339,0.0,0.0,0.0
direct,exp12_search_edit_14,search_edit,1,direct,0,direct,opposite,non_kv0_reader_sufficiency,-0.0,0.0,0.0,0.0
direct,exp12_search_edit_14,search_edit,1,direct,0,direct,opposite,non_kv0_reader_necessity,0.0,0.0,0.0,0.0
direct,exp12_search_edit_15,search_edit,0,direct,-1,,baseline,behavior_correct,1.0,,,
direct,exp12_search_edit_15,search_edit,0,direct,-1,,baseline,baseline_signed_preference,0.9592156708240509,,,
direct,exp12_search_edit_15,search_edit,1,direct,-1,,baseline,behavior_correct,1.0,,,
direct,exp12_search_edit_15,search_edit,1,direct,-1,,baseline,baseline_signed_preference,0.8164454884827137,,,
direct,exp12_search_edit_15,search_edit,0,direct,1,direct,opposite,H20_residual_reference,1.485597224906087,,,
direct,exp12_search_edit_15,search_edit,0,direct,1,direct,opposite,frozen_V_sufficiency,-0.07034617383033037,,,
direct,exp12_search_edit_15,search_edit,0,direct,1,direct,opposite,frozen_V_necessity_loss,-0.061930399388074875,,,
direct,exp12_search_edit_15,search_edit,0,direct,1,direct,opposite,verified_v_effect,-0.07034617383033037,0.0,0.0,0.0
direct,exp12_search_edit_15,search_edit,0,direct,1,direct,opposite,target_reader_sufficiency,0.023457075469195843,0.0,0.0,0.0
direct,exp12_search_edit_15,search_edit,0,direct,1,direct,opposite,target_reader_necessity,0.03930519288405776,0.0,0.0,0.0
direct,exp12_search_edit_15,search_edit,0,direct,1,direct,opposite,all7_reader_sufficiency,-0.07034617383033037,0.0,0.0,0.0
direct,exp12_search_edit_15,search_edit,0,direct,1,direct,opposite,all7_reader_necessity,-0.07034617383033037,0.0,0.0,0.0
direct,exp12_search_edit_15,search_edit,0,direct,1,direct,opposite,non_kv0_reader_sufficiency,0.0,0.0,0.0,0.0
direct,exp12_search_edit_15,search_edit,0,direct,1,direct,opposite,non_kv0_reader_necessity,0.0,0.0,0.0,0.0
direct,exp12_search_edit_15,search_edit,1,direct,0,direct,opposite,H20_residual_reference,1.3447236269712448,,,
direct,exp12_search_edit_15,search_edit,1,direct,0,direct,opposite,frozen_V_sufficiency,-0.10405681747943163,,,
direct,exp12_search_edit_15,search_edit,1,direct,0,direct,opposite,frozen_V_necessity_loss,-0.01545618660748005,,,
direct,exp12_search_edit_15,search_edit,1,direct,0,direct,opposite,verified_v_effect,-0.10405681747943163,0.0,0.0,0.0
direct,exp12_search_edit_15,search_edit,1,direct,0,direct,opposite,target_reader_sufficiency,0.062372650019824505,0.0,0.0,0.0
direct,exp12_search_edit_15,search_edit,1,direct,0,direct,opposite,target_reader_necessity,0.000426669605076313,0.0,0.0,0.0
direct,exp12_search_edit_15,search_edit,1,direct,0,direct,opposite,all7_reader_sufficiency,-0.10405681747943163,0.0,0.0,0.0
direct,exp12_search_edit_15,search_edit,1,direct,0,direct,opposite,all7_reader_necessity,-0.10405681747943163,0.0,0.0,0.0
direct,exp12_search_edit_15,search_edit,1,direct,0,direct,opposite,non_kv0_reader_sufficiency,-0.0,0.0,0.0,0.0
direct,exp12_search_edit_15,search_edit,1,direct,0,direct,opposite,non_kv0_reader_necessity,0.0,0.0,0.0,0.0
direct,exp12_config_command_00,config_command,0,direct,-1,,baseline,behavior_correct,1.0,,,
direct,exp12_config_command_00,config_command,0,direct,-1,,baseline,baseline_signed_preference,0.7873551361262798,,,
direct,exp12_config_command_00,config_command,1,direct,-1,,baseline,behavior_correct,1.0,,,
direct,exp12_config_command_00,config_command,1,direct,-1,,baseline,baseline_signed_preference,0.37828479055315256,,,
direct,exp12_config_command_00,config_command,0,direct,1,direct,opposite,H20_residual_reference,1.0732131954282522,,,
direct,exp12_config_command_00,config_command,0,direct,1,direct,opposite,frozen_V_sufficiency,-0.10582705959677696,,,
direct,exp12_config_command_00,config_command,0,direct,1,direct,opposite,frozen_V_necessity_loss,-0.015383884310722351,,,
direct,exp12_config_command_00,config_command,0,direct,1,direct,opposite,verified_v_effect,-0.10582705959677696,0.0,0.0,0.0
direct,exp12_config_command_00,config_command,0,direct,1,direct,opposite,target_reader_sufficiency,0.012139368802309036,0.0,0.0,0.0
direct,exp12_config_command_00,config_command,0,direct,1,direct,opposite,target_reader_necessity,0.01880427449941635,0.0,0.0,0.0
direct,exp12_config_command_00,config_command,0,direct,1,direct,opposite,all7_reader_sufficiency,-0.10582705959677696,0.0,0.0,0.0
direct,exp12_config_command_00,config_command,0,direct,1,direct,opposite,all7_reader_necessity,-0.10582705959677696,0.0,0.0,0.0
direct,exp12_config_command_00,config_command,0,direct,1,direct,opposite,non_kv0_reader_sufficiency,0.0,0.0,0.0,0.0
direct,exp12_config_command_00,config_command,0,direct,1,direct,opposite,non_kv0_reader_necessity,0.0,0.0,0.0,0.0
direct,exp12_config_command_00,config_command,1,direct,0,direct,opposite,H20_residual_reference,0.580540326423943,,,
direct,exp12_config_command_00,config_command,1,direct,0,direct,opposite,frozen_V_sufficiency,-0.015692615881562233,,,
direct,exp12_config_command_00,config_command,1,direct,0,direct,opposite,frozen_V_necessity_loss,-0.02546078711748123,,,
direct,exp12_config_command_00,config_command,1,direct,0,direct,opposite,verified_v_effect,-0.015692615881562233,0.0,0.0,0.0
direct,exp12_config_command_00,config_command,1,direct,0,direct,opposite,target_reader_sufficiency,0.00021212734282016754,0.0,0.0,0.0
direct,exp12_config_command_00,config_command,1,direct,0,direct,opposite,target_reader_necessity,0.015313033014535904,0.0,0.0,0.0
direct,exp12_config_command_00,config_command,1,direct,0,direct,opposite,all7_reader_sufficiency,-0.015692615881562233,0.0,0.0,0.0
direct,exp12_config_command_00,config_command,1,direct,0,direct,opposite,all7_reader_necessity,-0.015692615881562233,0.0,0.0,0.0
direct,exp12_config_command_00,config_command,1,direct,0,direct,opposite,non_kv0_reader_sufficiency,-0.0,0.0,0.0,0.0
direct,exp12_config_command_00,config_command,1,direct,0,direct,opposite,non_kv0_reader_necessity,0.0,0.0,0.0,0.0
direct,exp12_config_command_01,config_command,0,direct,-1,,baseline,behavior_correct,1.0,,,
direct,exp12_config_command_01,config_command,0,direct,-1,,baseline,baseline_signed_preference,0.8177943080663681,,,
direct,exp12_config_command_01,config_command,1,direct,-1,,baseline,behavior_correct,1.0,,,
direct,exp12_config_command_01,config_command,1,direct,-1,,baseline,baseline_signed_preference,0.34748036693781614,,,
direct,exp12_config_command_01,config_command,0,direct,1,direct,opposite,H20_residual_reference,1.0887073799967766,,,
direct,exp12_config_command_01,config_command,0,direct,1,direct,opposite,frozen_V_sufficiency,-0.09995905682444572,,,
direct,exp12_config_command_01,config_command,0,direct,1,direct,opposite,frozen_V_necessity_loss,-0.03045564331114292,,,
direct,exp12_config_command_01,config_command,0,direct,1,direct,opposite,verified_v_effect,-0.09995905682444572,0.0,0.0,0.0
direct,exp12_config_command_01,config_command,0,direct,1,direct,opposite,target_reader_sufficiency,0.01843196153640747,0.0,0.0,0.0
direct,exp12_config_command_01,config_command,0,direct,1,direct,opposite,target_reader_necessity,-0.0003490336239337921,0.0,0.0,0.0
direct,exp12_config_command_01,config_command,0,direct,1,direct,opposite,all7_reader_sufficiency,-0.09995905682444572,0.0,0.0,0.0
direct,exp12_config_command_01,config_command,0,direct,1,direct,opposite,all7_reader_necessity,-0.09995905682444572,0.0,0.0,0.0
direct,exp12_config_command_01,config_command,0,direct,1,direct,opposite,non_kv0_reader_sufficiency,0.0,0.0,0.0,0.0
direct,exp12_config_command_01,config_command,0,direct,1,direct,opposite,non_kv0_reader_necessity,0.0,0.0,0.0,0.0
direct,exp12_config_command_01,config_command,1,direct,0,direct,opposite,H20_residual_reference,0.5353836184367537,,,
direct,exp12_config_command_01,config_command,1,direct,0,direct,opposite,frozen_V_sufficiency,-0.030924963764846325,,,
direct,exp12_config_command_01,config_command,1,direct,0,direct,opposite,frozen_V_necessity_loss,-0.038680341094732285,,,
direct,exp12_config_command_01,config_command,1,direct,0,direct,opposite,verified_v_effect,-0.030924963764846325,0.0,0.0,0.0
direct,exp12_config_command_01,config_command,1,direct,0,direct,opposite,target_reader_sufficiency,0.015434503555297852,0.0,0.0,0.0
direct,exp12_config_command_01,config_command,1,direct,0,direct,opposite,target_reader_necessity,-0.015377025119960308,0.0,0.0,0.0
direct,exp12_config_command_01,config_command,1,direct,0,direct,opposite,all7_reader_sufficiency,-0.030924963764846325,0.0,0.0,0.0
direct,exp12_config_command_01,config_command,1,direct,0,direct,opposite,all7_reader_necessity,-0.030924963764846325,0.0,0.0,0.0
direct,exp12_config_command_01,config_command,1,direct,0,direct,opposite,non_kv0_reader_sufficiency,-0.0,0.0,0.0,0.0
direct,exp12_config_command_01,config_command,1,direct,0,direct,opposite,non_kv0_reader_necessity,0.0,0.0,0.0,0.0
direct,exp12_config_command_02,config_command,0,direct,-1,,baseline,behavior_correct,1.0,,,
direct,exp12_config_command_02,config_command,0,direct,-1,,baseline,baseline_signed_preference,0.7872804738581181,,,
direct,exp12_config_command_02,config_command,1,direct,-1,,baseline,behavior_correct,1.0,,,
direct,exp12_config_command_02,config_command,1,direct,-1,,baseline,baseline_signed_preference,0.4246253175660968,,,
direct,exp12_config_command_02,config_command,0,direct,1,direct,opposite,H20_residual_reference,1.1039545834064484,,,
direct,exp12_config_command_02,config_command,0,direct,1,direct,opposite,frozen_V_sufficiency,-0.10591478645801544,,,
direct,exp12_config_command_02,config_command,0,direct,1,direct,opposite,frozen_V_necessity_loss,-0.01565001904964447,,,
direct,exp12_config_command_02,config_command,0,direct,1,direct,opposite,verified_v_effect,-0.10591478645801544,0.0,0.0,0.0
direct,exp12_config_command_02,config_command,0,direct,1,direct,opposite,target_reader_sufficiency,0.031413666903972626,0.0,0.0,0.0
direct,exp12_config_command_02,config_command,0,direct,1,direct,opposite,target_reader_necessity,0.012537609785795212,0.0,0.0,0.0
direct,exp12_config_command_02,config_command,0,direct,1,direct,opposite,all7_reader_sufficiency,-0.10591478645801544,0.0,0.0,0.0
direct,exp12_config_command_02,config_command,0,direct,1,direct,opposite,all7_reader_necessity,-0.10591478645801544,0.0,0.0,0.0
direct,exp12_config_command_02,config_command,0,direct,1,direct,opposite,non_kv0_reader_sufficiency,0.0,0.0,0.0,0.0
direct,exp12_config_command_02,config_command,0,direct,1,direct,opposite,non_kv0_reader_necessity,0.0,0.0,0.0,0.0
direct,exp12_config_command_02,config_command,1,direct,0,direct,opposite,H20_residual_reference,0.6133531993255019,,,
direct,exp12_config_command_02,config_command,1,direct,0,direct,opposite,frozen_V_sufficiency,-0.01576472632586956,,,
direct,exp12_config_command_02,config_command,1,direct,0,direct,opposite,frozen_V_necessity_loss,-0.02593003585934639,,,
direct,exp12_config_command_02,config_command,1,direct,0,direct,opposite,verified_v_effect,-0.01576472632586956,0.0,0.0,0.0
direct,exp12_config_command_02,config_command,1,direct,0,direct,opposite,target_reader_sufficiency,0.015540091320872307,0.0,0.0,0.0
direct,exp12_config_command_02,config_command,1,direct,0,direct,opposite,target_reader_necessity,-9.587034583091736e-06,0.0,0.0,0.0
direct,exp12_config_command_02,config_command,1,direct,0,direct,opposite,all7_reader_sufficiency,-0.01576472632586956,0.0,0.0,0.0
direct,exp12_config_command_02,config_command,1,direct,0,direct,opposite,all7_reader_necessity,-0.01576472632586956,0.0,0.0,0.0
direct,exp12_config_command_02,config_command,1,direct,0,direct,opposite,non_kv0_reader_sufficiency,-0.0,0.0,0.0,0.0
direct,exp12_config_command_02,config_command,1,direct,0,direct,opposite,non_kv0_reader_necessity,0.0,0.0,0.0,0.0
direct,exp12_config_command_03,config_command,0,direct,-1,,baseline,behavior_correct,1.0,,,
direct,exp12_config_command_03,config_command,0,direct,-1,,baseline,baseline_signed_preference,0.8484490215778351,,,
direct,exp12_config_command_03,config_command,1,direct,-1,,baseline,behavior_correct,1.0,,,
direct,exp12_config_command_03,config_command,1,direct,-1,,baseline,baseline_signed_preference,0.22490202635526657,,,
direct,exp12_config_command_03,config_command,0,direct,1,direct,opposite,H20_residual_reference,1.0113052502274513,,,
direct,exp12_config_command_03,config_command,0,direct,1,direct,opposite,frozen_V_sufficiency,-0.07314954325556755,,,
direct,exp12_config_command_03,config_command,0,direct,1,direct,opposite,frozen_V_necessity_loss,-0.027268797159194946,,,
direct,exp12_config_command_03,config_command,0,direct,1,direct,opposite,verified_v_effect,-0.07314954325556755,0.0,0.0,0.0
direct,exp12_config_command_03,config_command,0,direct,1,direct,opposite,target_reader_sufficiency,0.0330052450299263,0.0,0.0,0.0
direct,exp12_config_command_03,config_command,0,direct,1,direct,opposite,target_reader_necessity,0.0069023072719573975,0.0,0.0,0.0
direct,exp12_config_command_03,config_command,0,direct,1,direct,opposite,all7_reader_sufficiency,-0.07314954325556755,0.0,0.0,0.0
direct,exp12_config_command_03,config_command,0,direct,1,direct,opposite,all7_reader_necessity,-0.07314954325556755,0.0,0.0,0.0
direct,exp12_config_command_03,config_command,0,direct,1,direct,opposite,non_kv0_reader_sufficiency,0.0,0.0,0.0,0.0
direct,exp12_config_command_03,config_command,0,direct,1,direct,opposite,non_kv0_reader_necessity,0.0,0.0,0.0,0.0
direct,exp12_config_command_03,config_command,1,direct,0,direct,opposite,H20_residual_reference,0.4326514042913914,,,
direct,exp12_config_command_03,config_command,1,direct,0,direct,opposite,frozen_V_sufficiency,-0.013760356232523918,,,
direct,exp12_config_command_03,config_command,1,direct,0,direct,opposite,frozen_V_necessity_loss,-0.012469634413719177,,,
direct,exp12_config_command_03,config_command,1,direct,0,direct,opposite,verified_v_effect,-0.013760356232523918,0.0,0.0,0.0
direct,exp12_config_command_03,config_command,1,direct,0,direct,opposite,target_reader_sufficiency,0.00012062489986419678,0.0,0.0,0.0
direct,exp12_config_command_03,config_command,1,direct,0,direct,opposite,target_reader_necessity,0.013656971976161003,0.0,0.0,0.0
direct,exp12_config_command_03,config_command,1,direct,0,direct,opposite,all7_reader_sufficiency,-0.013760356232523918,0.0,0.0,0.0
direct,exp12_config_command_03,config_command,1,direct,0,direct,opposite,all7_reader_necessity,-0.013760356232523918,0.0,0.0,0.0
direct,exp12_config_command_03,config_command,1,direct,0,direct,opposite,non_kv0_reader_sufficiency,-0.0,0.0,0.0,0.0
direct,exp12_config_command_03,config_command,1,direct,0,direct,opposite,non_kv0_reader_necessity,0.0,0.0,0.0,0.0
direct,exp12_config_command_04,config_command,0,direct,-1,,baseline,behavior_correct,1.0,,,
direct,exp12_config_command_04,config_command,0,direct,-1,,baseline,baseline_signed_preference,0.7914500497281551,,,
direct,exp12_config_command_04,config_command,1,direct,-1,,baseline,behavior_correct,1.0,,,
direct,exp12_config_command_04,config_command,1,direct,-1,,baseline,baseline_signed_preference,0.32100709807127714,,,
direct,exp12_config_command_04,config_command,0,direct,1,direct,opposite,H20_residual_reference,1.0432254876941442,,,
direct,exp12_config_command_04,config_command,0,direct,1,direct,opposite,frozen_V_sufficiency,-0.10614673793315887,,,
direct,exp12_config_command_04,config_command,0,direct,1,direct,opposite,frozen_V_necessity_loss,-0.013772200793027878,,,
direct,exp12_config_command_04,config_command,0,direct,1,direct,opposite,verified_v_effect,-0.10614673793315887,0.0,0.0,0.0
direct,exp12_config_command_04,config_command,0,direct,1,direct,opposite,target_reader_sufficiency,0.025099199265241623,0.0,0.0,0.0
direct,exp12_config_command_04,config_command,0,direct,1,direct,opposite,target_reader_necessity,0.006230197846889496,0.0,0.0,0.0
direct,exp12_config_command_04,config_command,0,direct,1,direct,opposite,all7_reader_sufficiency,-0.10614673793315887,0.0,0.0,0.0
direct,exp12_config_command_04,config_command,0,direct,1,direct,opposite,all7_reader_necessity,-0.10614673793315887,0.0,0.0,0.0
direct,exp12_config_command_04,config_command,0,direct,1,direct,opposite,non_kv0_reader_sufficiency,0.0,0.0,0.0,0.0
direct,exp12_config_command_04,config_command,0,direct,1,direct,opposite,non_kv0_reader_necessity,0.0,0.0,0.0,0.0
direct,exp12_config_command_04,config_command,1,direct,0,direct,opposite,H20_residual_reference,0.5033320402726531,,,
direct,exp12_config_command_04,config_command,1,direct,0,direct,opposite,frozen_V_sufficiency,-0.013841266743838787,,,
direct,exp12_config_command_04,config_command,1,direct,0,direct,opposite,frozen_V_necessity_loss,-0.025407399982213974,,,
direct,exp12_config_command_04,config_command,1,direct,0,direct,opposite,verified_v_effect,-0.013841266743838787,0.0,0.0,0.0
direct,exp12_config_command_04,config_command,1,direct,0,direct,opposite,target_reader_sufficiency,2.3871660232543945e-05,0.0,0.0,0.0
direct,exp12_config_command_04,config_command,1,direct,0,direct,opposite,target_reader_necessity,0.01381631102412939,0.0,0.0,0.0
direct,exp12_config_command_04,config_command,1,direct,0,direct,opposite,all7_reader_sufficiency,-0.013841266743838787,0.0,0.0,0.0
direct,exp12_config_command_04,config_command,1,direct,0,direct,opposite,all7_reader_necessity,-0.013841266743838787,0.0,0.0,0.0
direct,exp12_config_command_04,config_command,1,direct,0,direct,opposite,non_kv0_reader_sufficiency,-0.0,0.0,0.0,0.0
direct,exp12_config_command_04,config_command,1,direct,0,direct,opposite,non_kv0_reader_necessity,0.0,0.0,0.0,0.0
direct,exp12_config_command_05,config_command,0,direct,-1,,baseline,behavior_correct,1.0,,,
direct,exp12_config_command_05,config_command,0,direct,-1,,baseline,baseline_signed_preference,0.7218122705817223,,,
direct,exp12_config_command_05,config_command,1,direct,-1,,baseline,behavior_correct,1.0,,,
direct,exp12_config_command_05,config_command,1,direct,-1,,baseline,baseline_signed_preference,0.39107457268983126,,,
direct,exp12_config_command_05,config_command,0,direct,1,direct,opposite,H20_residual_reference,1.0302102137356997,,,
direct,exp12_config_command_05,config_command,0,direct,1,direct,opposite,frozen_V_sufficiency,-0.09636536613106728,,,
direct,exp12_config_command_05,config_command,0,direct,1,direct,opposite,frozen_V_necessity_loss,-0.02746590506285429,,,
direct,exp12_config_command_05,config_command,0,direct,1,direct,opposite,verified_v_effect,-0.09636536613106728,0.0,0.0,0.0
direct,exp12_config_command_05,config_command,0,direct,1,direct,opposite,target_reader_sufficiency,0.005337029695510864,0.0,0.0,0.0
direct,exp12_config_command_05,config_command,0,direct,1,direct,opposite,target_reader_necessity,0.011459238827228546,0.0,0.0,0.0
direct,exp12_config_command_05,config_command,0,direct,1,direct,opposite,all7_reader_sufficiency,-0.09636536613106728,0.0,0.0,0.0
direct,exp12_config_command_05,config_command,0,direct,1,direct,opposite,all7_reader_necessity,-0.09636536613106728,0.0,0.0,0.0
direct,exp12_config_command_05,config_command,0,direct,1,direct,opposite,non_kv0_reader_sufficiency,0.0,0.0,0.0,0.0
direct,exp12_config_command_05,config_command,0,direct,1,direct,opposite,non_kv0_reader_necessity,0.0,0.0,0.0,0.0
direct,exp12_config_command_05,config_command,1,direct,0,direct,opposite,H20_residual_reference,0.563349106349051,,,
direct,exp12_config_command_05,config_command,1,direct,0,direct,opposite,frozen_V_sufficiency,-0.027689840644598007,,,
direct,exp12_config_command_05,config_command,1,direct,0,direct,opposite,frozen_V_necessity_loss,-0.023460321128368378,,,
direct,exp12_config_command_05,config_command,1,direct,0,direct,opposite,verified_v_effect,-0.027689840644598007,0.0,0.0,0.0
direct,exp12_config_command_05,config_command,1,direct,0,direct,opposite,target_reader_sufficiency,0.013828987255692482,0.0,0.0,0.0
direct,exp12_config_command_05,config_command,1,direct,0,direct,opposite,target_reader_necessity,0.013714626431465149,0.0,0.0,0.0
direct,exp12_config_command_05,config_command,1,direct,0,direct,opposite,all7_reader_sufficiency,-0.027689840644598007,0.0,0.0,0.0
direct,exp12_config_command_05,config_command,1,direct,0,direct,opposite,all7_reader_necessity,-0.027689840644598007,0.0,0.0,0.0
direct,exp12_config_command_05,config_command,1,direct,0,direct,opposite,non_kv0_reader_sufficiency,-0.0,0.0,0.0,0.0
direct,exp12_config_command_05,config_command,1,direct,0,direct,opposite,non_kv0_reader_necessity,0.0,0.0,0.0,0.0
direct,exp12_config_command_06,config_command,0,direct,-1,,baseline,behavior_correct,1.0,,,
direct,exp12_config_command_06,config_command,0,direct,-1,,baseline,baseline_signed_preference,0.8037345111370087,,,
direct,exp12_config_command_06,config_command,1,direct,-1,,baseline,behavior_correct,1.0,,,
direct,exp12_config_command_06,config_command,1,direct,-1,,baseline,baseline_signed_preference,0.4453767528757453,,,
direct,exp12_config_command_06,config_command,0,direct,1,direct,opposite,H20_residual_reference,1.1382896807044744,,,
direct,exp12_config_command_06,config_command,0,direct,1,direct,opposite,frozen_V_sufficiency,-0.09364216029644012,,,
direct,exp12_config_command_06,config_command,0,direct,1,direct,opposite,frozen_V_necessity_loss,-0.02760188188403845,,,
direct,exp12_config_command_06,config_command,0,direct,1,direct,opposite,verified_v_effect,-0.09364216029644012,0.0,0.0,0.0
direct,exp12_config_command_06,config_command,0,direct,1,direct,opposite,target_reader_sufficiency,0.031351808458566666,0.0,0.0,0.0
direct,exp12_config_command_06,config_command,0,direct,1,direct,opposite,target_reader_necessity,0.025066819041967392,0.0,0.0,0.0
direct,exp12_config_command_06,config_command,0,direct,1,direct,opposite,all7_reader_sufficiency,-0.09364216029644012,0.0,0.0,0.0
direct,exp12_config_command_06,config_command,0,direct,1,direct,opposite,all7_reader_necessity,-0.09364216029644012,0.0,0.0,0.0
direct,exp12_config_command_06,config_command,0,direct,1,direct,opposite,non_kv0_reader_sufficiency,0.0,0.0,0.0,0.0
direct,exp12_config_command_06,config_command,0,direct,1,direct,opposite,non_kv0_reader_necessity,0.0,0.0,0.0,0.0
direct,exp12_config_command_06,config_command,1,direct,0,direct,opposite,H20_residual_reference,0.6406072964891791,,,
direct,exp12_config_command_06,config_command,1,direct,0,direct,opposite,frozen_V_sufficiency,-0.013992604799568653,,,
direct,exp12_config_command_06,config_command,1,direct,0,direct,opposite,frozen_V_necessity_loss,-0.03786670044064522,,,
direct,exp12_config_command_06,config_command,1,direct,0,direct,opposite,verified_v_effect,-0.013992604799568653,0.0,0.0,0.0
direct,exp12_config_command_06,config_command,1,direct,0,direct,opposite,target_reader_sufficiency,0.027670339681208134,0.0,0.0,0.0
direct,exp12_config_command_06,config_command,1,direct,0,direct,opposite,target_reader_necessity,0.013836284168064594,0.0,0.0,0.0
direct,exp12_config_command_06,config_command,1,direct,0,direct,opposite,all7_reader_sufficiency,-0.013992604799568653,0.0,0.0,0.0
direct,exp12_config_command_06,config_command,1,direct,0,direct,opposite,all7_reader_necessity,-0.013992604799568653,0.0,0.0,0.0
direct,exp12_config_command_06,config_command,1,direct,0,direct,opposite,non_kv0_reader_sufficiency,-0.0,0.0,0.0,0.0
direct,exp12_config_command_06,config_command,1,direct,0,direct,opposite,non_kv0_reader_necessity,0.0,0.0,0.0,0.0
direct,exp12_config_command_07,config_command,0,direct,-1,,baseline,behavior_correct,1.0,,,
direct,exp12_config_command_07,config_command,0,direct,-1,,baseline,baseline_signed_preference,0.8415653556585312,,,
direct,exp12_config_command_07,config_command,1,direct,-1,,baseline,behavior_correct,1.0,,,
direct,exp12_config_command_07,config_command,1,direct,-1,,baseline,baseline_signed_preference,0.2521387040615082,,,
direct,exp12_config_command_07,config_command,0,direct,1,direct,opposite,H20_residual_reference,1.0252600573003292,,,
direct,exp12_config_command_07,config_command,0,direct,1,direct,opposite,frozen_V_sufficiency,-0.08085209876298904,,,
direct,exp12_config_command_07,config_command,0,direct,1,direct,opposite,frozen_V_necessity_loss,-0.01380455493927002,,,
direct,exp12_config_command_07,config_command,0,direct,1,direct,opposite,verified_v_effect,-0.08085209876298904,0.0,0.0,0.0
direct,exp12_config_command_07,config_command,0,direct,1,direct,opposite,target_reader_sufficiency,0.03171893209218979,0.0,0.0,0.0
direct,exp12_config_command_07,config_command,0,direct,1,direct,opposite,target_reader_necessity,0.02524382621049881,0.0,0.0,0.0
direct,exp12_config_command_07,config_command,0,direct,1,direct,opposite,all7_reader_sufficiency,-0.08085209876298904,0.0,0.0,0.0
direct,exp12_config_command_07,config_command,0,direct,1,direct,opposite,all7_reader_necessity,-0.08085209876298904,0.0,0.0,0.0
direct,exp12_config_command_07,config_command,0,direct,1,direct,opposite,non_kv0_reader_sufficiency,0.0,0.0,0.0,0.0
direct,exp12_config_command_07,config_command,0,direct,1,direct,opposite,non_kv0_reader_necessity,0.0,0.0,0.0,0.0
direct,exp12_config_command_07,config_command,1,direct,0,direct,opposite,H20_residual_reference,0.43472519889473915,,,
direct,exp12_config_command_07,config_command,1,direct,0,direct,opposite,frozen_V_sufficiency,-0.0002195257693529129,,,
direct,exp12_config_command_07,config_command,1,direct,0,direct,opposite,frozen_V_necessity_loss,-0.02524729073047638,,,
direct,exp12_config_command_07,config_command,1,direct,0,direct,opposite,verified_v_effect,-0.0002195257693529129,0.0,0.0,0.0
direct,exp12_config_command_07,config_command,1,direct,0,direct,opposite,target_reader_sufficiency,0.013752149417996407,0.0,0.0,0.0
direct,exp12_config_command_07,config_command,1,direct,0,direct,opposite,target_reader_necessity,0.013687314465641975,0.0,0.0,0.0
direct,exp12_config_command_07,config_command,1,direct,0,direct,opposite,all7_reader_sufficiency,-0.0002195257693529129,0.0,0.0,0.0
direct,exp12_config_command_07,config_command,1,direct,0,direct,opposite,all7_reader_necessity,-0.0002195257693529129,0.0,0.0,0.0
direct,exp12_config_command_07,config_command,1,direct,0,direct,opposite,non_kv0_reader_sufficiency,-0.0,0.0,0.0,0.0
direct,exp12_config_command_07,config_command,1,direct,0,direct,opposite,non_kv0_reader_necessity,0.0,0.0,0.0,0.0
direct,exp12_config_command_08,config_command,0,direct,-1,,baseline,behavior_correct,1.0,,,
direct,exp12_config_command_08,config_command,0,direct,-1,,baseline,baseline_signed_preference,0.7678067907691002,,,
direct,exp12_config_command_08,config_command,1,direct,-1,,baseline,behavior_correct,1.0,,,
direct,exp12_config_command_08,config_command,1,direct,-1,,baseline,baseline_signed_preference,0.3318332666531205,,,
direct,exp12_config_command_08,config_command,0,direct,1,direct,opposite,H20_residual_reference,1.0383728463202715,,,
direct,exp12_config_command_08,config_command,0,direct,1,direct,opposite,frozen_V_sufficiency,-0.11267929524183273,,,
direct,exp12_config_command_08,config_command,0,direct,1,direct,opposite,frozen_V_necessity_loss,-0.015530135482549667,,,
direct,exp12_config_command_08,config_command,0,direct,1,direct,opposite,verified_v_effect,-0.11267929524183273,0.0,0.0,0.0
direct,exp12_config_command_08,config_command,0,direct,1,direct,opposite,target_reader_sufficiency,0.005490262061357498,0.0,0.0,0.0
direct,exp12_config_command_08,config_command,0,direct,1,direct,opposite,target_reader_necessity,0.012553278356790543,0.0,0.0,0.0
direct,exp12_config_command_08,config_command,0,direct,1,direct,opposite,all7_reader_sufficiency,-0.11267929524183273,0.0,0.0,0.0
direct,exp12_config_command_08,config_command,0,direct,1,direct,opposite,all7_reader_necessity,-0.11267929524183273,0.0,0.0,0.0
direct,exp12_config_command_08,config_command,0,direct,1,direct,opposite,non_kv0_reader_sufficiency,0.0,0.0,0.0,0.0
direct,exp12_config_command_08,config_command,0,direct,1,direct,opposite,non_kv0_reader_necessity,0.0,0.0,0.0,0.0
direct,exp12_config_command_08,config_command,1,direct,0,direct,opposite,H20_residual_reference,0.5205401265993714,,,
direct,exp12_config_command_08,config_command,1,direct,0,direct,opposite,frozen_V_sufficiency,-0.031092140823602676,,,
direct,exp12_config_command_08,config_command,1,direct,0,direct,opposite,frozen_V_necessity_loss,-0.025202222168445587,,,
direct,exp12_config_command_08,config_command,1,direct,0,direct,opposite,verified_v_effect,-0.031092140823602676,0.0,0.0,0.0
direct,exp12_config_command_08,config_command,1,direct,0,direct,opposite,target_reader_sufficiency,2.5891698896884918e-05,0.0,0.0,0.0
direct,exp12_config_command_08,config_command,1,direct,0,direct,opposite,target_reader_necessity,3.5890378057956696e-05,0.0,0.0,0.0
direct,exp12_config_command_08,config_command,1,direct,0,direct,opposite,all7_reader_sufficiency,-0.031092140823602676,0.0,0.0,0.0
direct,exp12_config_command_08,config_command,1,direct,0,direct,opposite,all7_reader_necessity,-0.031092140823602676,0.0,0.0,0.0
direct,exp12_config_command_08,config_command,1,direct,0,direct,opposite,non_kv0_reader_sufficiency,-0.0,0.0,0.0,0.0
direct,exp12_config_command_08,config_command,1,direct,0,direct,opposite,non_kv0_reader_necessity,0.0,0.0,0.0,0.0
direct,exp12_config_command_09,config_command,0,direct,-1,,baseline,behavior_correct,1.0,,,
direct,exp12_config_command_09,config_command,0,direct,-1,,baseline,baseline_signed_preference,0.7447774820029736,,,
direct,exp12_config_command_09,config_command,1,direct,-1,,baseline,behavior_correct,1.0,,,
direct,exp12_config_command_09,config_command,1,direct,-1,,baseline,baseline_signed_preference,0.3085040468722582,,,
direct,exp12_config_command_09,config_command,0,direct,1,direct,opposite,H20_residual_reference,0.971568526700139,,,
direct,exp12_config_command_09,config_command,0,direct,1,direct,opposite,frozen_V_sufficiency,-0.0671730674803257,,,
direct,exp12_config_command_09,config_command,0,direct,1,direct,opposite,frozen_V_necessity_loss,-0.027087273076176643,,,
direct,exp12_config_command_09,config_command,0,direct,1,direct,opposite,verified_v_effect,-0.0671730674803257,0.0,0.0,0.0
direct,exp12_config_command_09,config_command,0,direct,1,direct,opposite,target_reader_sufficiency,0.0230308435857296,0.0,0.0,0.0
direct,exp12_config_command_09,config_command,0,direct,1,direct,opposite,target_reader_necessity,0.017126496881246567,0.0,0.0,0.0
direct,exp12_config_command_09,config_command,0,direct,1,direct,opposite,all7_reader_sufficiency,-0.0671730674803257,0.0,0.0,0.0
direct,exp12_config_command_09,config_command,0,direct,1,direct,opposite,all7_reader_necessity,-0.0671730674803257,0.0,0.0,0.0
direct,exp12_config_command_09,config_command,0,direct,1,direct,opposite,non_kv0_reader_sufficiency,0.0,0.0,0.0,0.0
direct,exp12_config_command_09,config_command,0,direct,1,direct,opposite,non_kv0_reader_necessity,0.0,0.0,0.0,0.0
direct,exp12_config_command_09,config_command,1,direct,0,direct,opposite,H20_residual_reference,0.4690892230719328,,,
direct,exp12_config_command_09,config_command,1,direct,0,direct,opposite,frozen_V_sufficiency,-0.01381599809974432,,,
direct,exp12_config_command_09,config_command,1,direct,0,direct,opposite,frozen_V_necessity_loss,-0.02319762483239174,,,
direct,exp12_config_command_09,config_command,1,direct,0,direct,opposite,verified_v_effect,-0.01381599809974432,0.0,0.0,0.0
direct,exp12_config_command_09,config_command,1,direct,0,direct,opposite,target_reader_sufficiency,0.013674099929630756,0.0,0.0,0.0
direct,exp12_config_command_09,config_command,1,direct,0,direct,opposite,target_reader_necessity,0.00018246565014123917,0.0,0.0,0.0
direct,exp12_config_command_09,config_command,1,direct,0,direct,opposite,all7_reader_sufficiency,-0.01381599809974432,0.0,0.0,0.0
direct,exp12_config_command_09,config_command,1,direct,0,direct,opposite,all7_reader_necessity,-0.01381599809974432,0.0,0.0,0.0
direct,exp12_config_command_09,config_command,1,direct,0,direct,opposite,non_kv0_reader_sufficiency,-0.0,0.0,0.0,0.0
direct,exp12_config_command_09,config_command,1,direct,0,direct,opposite,non_kv0_reader_necessity,0.0,0.0,0.0,0.0
direct,exp12_config_command_10,config_command,0,direct,-1,,baseline,behavior_correct,1.0,,,
direct,exp12_config_command_10,config_command,0,direct,-1,,baseline,baseline_signed_preference,0.7504304125905037,,,
direct,exp12_config_command_10,config_command,1,direct,-1,,baseline,behavior_correct,1.0,,,
direct,exp12_config_command_10,config_command,1,direct,-1,,baseline,baseline_signed_preference,0.2948448183014989,,,
direct,exp12_config_command_10,config_command,0,direct,1,direct,opposite,H20_residual_reference,0.9901297315955162,,,
direct,exp12_config_command_10,config_command,0,direct,1,direct,opposite,frozen_V_sufficiency,-0.09123306348919868,,,
direct,exp12_config_command_10,config_command,0,direct,1,direct,opposite,frozen_V_necessity_loss,-0.013781985267996788,,,
direct,exp12_config_command_10,config_command,0,direct,1,direct,opposite,verified_v_effect,-0.09123306348919868,0.0,0.0,0.0
direct,exp12_config_command_10,config_command,0,direct,1,direct,opposite,target_reader_sufficiency,0.022774267941713333,0.0,0.0,0.0
direct,exp12_config_command_10,config_command,0,direct,1,direct,opposite,target_reader_necessity,0.005013015121221542,0.0,0.0,0.0
direct,exp12_config_command_10,config_command,0,direct,1,direct,opposite,all7_reader_sufficiency,-0.09123306348919868,0.0,0.0,0.0
direct,exp12_config_command_10,config_command,0,direct,1,direct,opposite,all7_reader_necessity,-0.09123306348919868,0.0,0.0,0.0
direct,exp12_config_command_10,config_command,0,direct,1,direct,opposite,non_kv0_reader_sufficiency,0.0,0.0,0.0,0.0
direct,exp12_config_command_10,config_command,0,direct,1,direct,opposite,non_kv0_reader_necessity,0.0,0.0,0.0,0.0
direct,exp12_config_command_10,config_command,1,direct,0,direct,opposite,H20_residual_reference,0.4674304621294141,,,
direct,exp12_config_command_10,config_command,1,direct,0,direct,opposite,frozen_V_sufficiency,-0.02752749901264906,,,
direct,exp12_config_command_10,config_command,1,direct,0,direct,opposite,frozen_V_necessity_loss,-0.022904865443706512,,,
direct,exp12_config_command_10,config_command,1,direct,0,direct,opposite,verified_v_effect,-0.02752749901264906,0.0,0.0,0.0
direct,exp12_config_command_10,config_command,1,direct,0,direct,opposite,target_reader_sufficiency,0.00018694065511226654,0.0,0.0,0.0
direct,exp12_config_command_10,config_command,1,direct,0,direct,opposite,target_reader_necessity,-1.576356589794159e-05,0.0,0.0,0.0
direct,exp12_config_command_10,config_command,1,direct,0,direct,opposite,all7_reader_sufficiency,-0.02752749901264906,0.0,0.0,0.0
direct,exp12_config_command_10,config_command,1,direct,0,direct,opposite,all7_reader_necessity,-0.02752749901264906,0.0,0.0,0.0
direct,exp12_config_command_10,config_command,1,direct,0,direct,opposite,non_kv0_reader_sufficiency,-0.0,0.0,0.0,0.0
direct,exp12_config_command_10,config_command,1,direct,0,direct,opposite,non_kv0_reader_necessity,0.0,0.0,0.0,0.0
direct,exp12_config_command_11,config_command,0,direct,-1,,baseline,behavior_correct,1.0,,,
direct,exp12_config_command_11,config_command,0,direct,-1,,baseline,baseline_signed_preference,0.828464575111866,,,
direct,exp12_config_command_11,config_command,1,direct,-1,,baseline,behavior_correct,1.0,,,
direct,exp12_config_command_11,config_command,1,direct,-1,,baseline,baseline_signed_preference,0.3072555707767606,,,
direct,exp12_config_command_11,config_command,0,direct,1,direct,opposite,H20_residual_reference,1.066614206880331,,,
direct,exp12_config_command_11,config_command,0,direct,1,direct,opposite,frozen_V_sufficiency,-0.10019209608435631,,,
direct,exp12_config_command_11,config_command,0,direct,1,direct,opposite,frozen_V_necessity_loss,-0.027679020538926125,,,
direct,exp12_config_command_11,config_command,0,direct,1,direct,opposite,verified_v_effect,-0.10019209608435631,0.0,0.0,0.0
direct,exp12_config_command_11,config_command,0,direct,1,direct,opposite,target_reader_sufficiency,0.012525320053100586,0.0,0.0,0.0
direct,exp12_config_command_11,config_command,0,direct,1,direct,opposite,target_reader_necessity,0.005946628749370575,0.0,0.0,0.0
direct,exp12_config_command_11,config_command,0,direct,1,direct,opposite,all7_reader_sufficiency,-0.10019209608435631,0.0,0.0,0.0
direct,exp12_config_command_11,config_command,0,direct,1,direct,opposite,all7_reader_necessity,-0.10019209608435631,0.0,0.0,0.0
direct,exp12_config_command_11,config_command,0,direct,1,direct,opposite,non_kv0_reader_sufficiency,0.0,0.0,0.0,0.0
direct,exp12_config_command_11,config_command,0,direct,1,direct,opposite,non_kv0_reader_necessity,0.0,0.0,0.0,0.0
direct,exp12_config_command_11,config_command,1,direct,0,direct,opposite,H20_residual_reference,0.5151565046980977,,,
direct,exp12_config_command_11,config_command,1,direct,0,direct,opposite,frozen_V_sufficiency,-0.027650403790175915,,,
direct,exp12_config_command_11,config_command,1,direct,0,direct,opposite,frozen_V_necessity_loss,-0.037673141807317734,,,
direct,exp12_config_command_11,config_command,1,direct,0,direct,opposite,verified_v_effect,-0.027650403790175915,0.0,0.0,0.0
direct,exp12_config_command_11,config_command,1,direct,0,direct,opposite,target_reader_sufficiency,0.013815649785101414,0.0,0.0,0.0
direct,exp12_config_command_11,config_command,1,direct,0,direct,opposite,target_reader_necessity,2.150796353816986e-05,0.0,0.0,0.0
direct,exp12_config_command_11,config_command,1,direct,0,direct,opposite,all7_reader_sufficiency,-0.027650403790175915,0.0,0.0,0.0
direct,exp12_config_command_11,config_command,1,direct,0,direct,opposite,all7_reader_necessity,-0.027650403790175915,0.0,0.0,0.0
direct,exp12_config_command_11,config_command,1,direct,0,direct,opposite,non_kv0_reader_sufficiency,-0.0,0.0,0.0,0.0
direct,exp12_config_command_11,config_command,1,direct,0,direct,opposite,non_kv0_reader_necessity,0.0,0.0,0.0,0.0
direct,exp12_config_command_12,config_command,0,direct,-1,,baseline,behavior_correct,1.0,,,
direct,exp12_config_command_12,config_command,0,direct,-1,,baseline,baseline_signed_preference,0.7973508201539516,,,
direct,exp12_config_command_12,config_command,1,direct,-1,,baseline,behavior_correct,1.0,,,
direct,exp12_config_command_12,config_command,1,direct,-1,,baseline,baseline_signed_preference,0.3347887108102441,,,
direct,exp12_config_command_12,config_command,0,direct,1,direct,opposite,H20_residual_reference,1.0631367433816195,,,
direct,exp12_config_command_12,config_command,0,direct,1,direct,opposite,frozen_V_sufficiency,-0.1060810275375843,,,
direct,exp12_config_command_12,config_command,0,direct,1,direct,opposite,frozen_V_necessity_loss,-0.013857144862413406,,,
direct,exp12_config_command_12,config_command,0,direct,1,direct,opposite,verified_v_effect,-0.1060810275375843,0.0,0.0,0.0
direct,exp12_config_command_12,config_command,0,direct,1,direct,opposite,target_reader_sufficiency,0.01883864775300026,0.0,0.0,0.0
direct,exp12_config_command_12,config_command,0,direct,1,direct,opposite,target_reader_necessity,0.012600243091583252,0.0,0.0,0.0
direct,exp12_config_command_12,config_command,0,direct,1,direct,opposite,all7_reader_sufficiency,-0.1060810275375843,0.0,0.0,0.0
direct,exp12_config_command_12,config_command,0,direct,1,direct,opposite,all7_reader_necessity,-0.1060810275375843,0.0,0.0,0.0
direct,exp12_config_command_12,config_command,0,direct,1,direct,opposite,non_kv0_reader_sufficiency,0.0,0.0,0.0,0.0
direct,exp12_config_command_12,config_command,0,direct,1,direct,opposite,non_kv0_reader_necessity,0.0,0.0,0.0,0.0
direct,exp12_config_command_12,config_command,1,direct,0,direct,opposite,H20_residual_reference,0.5170415947213769,,,
direct,exp12_config_command_12,config_command,1,direct,0,direct,opposite,frozen_V_sufficiency,-0.027755746617913246,,,
direct,exp12_config_command_12,config_command,1,direct,0,direct,opposite,frozen_V_necessity_loss,-0.012292139232158661,,,
direct,exp12_config_command_12,config_command,1,direct,0,direct,opposite,verified_v_effect,-0.027755746617913246,0.0,0.0,0.0
direct,exp12_config_command_12,config_command,1,direct,0,direct,opposite,target_reader_sufficiency,0.01382775604724884,0.0,0.0,0.0
direct,exp12_config_command_12,config_command,1,direct,0,direct,opposite,target_reader_necessity,-9.273737668991089e-05,0.0,0.0,0.0
direct,exp12_config_command_12,config_command,1,direct,0,direct,opposite,all7_reader_sufficiency,-0.027755746617913246,0.0,0.0,0.0
direct,exp12_config_command_12,config_command,1,direct,0,direct,opposite,all7_reader_necessity,-0.027755746617913246,0.0,0.0,0.0
direct,exp12_config_command_12,config_command,1,direct,0,direct,opposite,non_kv0_reader_sufficiency,-0.0,0.0,0.0,0.0
direct,exp12_config_command_12,config_command,1,direct,0,direct,opposite,non_kv0_reader_necessity,0.0,0.0,0.0,0.0
direct,exp12_config_command_13,config_command,0,direct,-1,,baseline,behavior_correct,1.0,,,
direct,exp12_config_command_13,config_command,0,direct,-1,,baseline,baseline_signed_preference,0.7795302271842957,,,
direct,exp12_config_command_13,config_command,1,direct,-1,,baseline,behavior_correct,1.0,,,
direct,exp12_config_command_13,config_command,1,direct,-1,,baseline,baseline_signed_preference,0.4176941458135843,,,
direct,exp12_config_command_13,config_command,0,direct,1,direct,opposite,H20_residual_reference,1.1103575006127357,,,
direct,exp12_config_command_13,config_command,0,direct,1,direct,opposite,frozen_V_sufficiency,-0.09351877495646477,,,
direct,exp12_config_command_13,config_command,0,direct,1,direct,opposite,frozen_V_necessity_loss,-0.027246244251728058,,,
direct,exp12_config_command_13,config_command,0,direct,1,direct,opposite,verified_v_effect,-0.09351877495646477,0.0,0.0,0.0
direct,exp12_config_command_13,config_command,0,direct,1,direct,opposite,target_reader_sufficiency,0.03143063932657242,0.0,0.0,0.0
direct,exp12_config_command_13,config_command,0,direct,1,direct,opposite,target_reader_necessity,0.02529529109597206,0.0,0.0,0.0
direct,exp12_config_command_13,config_command,0,direct,1,direct,opposite,all7_reader_sufficiency,-0.09351877495646477,0.0,0.0,0.0
direct,exp12_config_command_13,config_command,0,direct,1,direct,opposite,all7_reader_necessity,-0.09351877495646477,0.0,0.0,0.0
direct,exp12_config_command_13,config_command,0,direct,1,direct,opposite,non_kv0_reader_sufficiency,0.0,0.0,0.0,0.0
direct,exp12_config_command_13,config_command,0,direct,1,direct,opposite,non_kv0_reader_necessity,0.0,0.0,0.0,0.0
direct,exp12_config_command_13,config_command,1,direct,0,direct,opposite,H20_residual_reference,0.5999873410910368,,,
direct,exp12_config_command_13,config_command,1,direct,0,direct,opposite,frozen_V_sufficiency,-0.027716542594134808,,,
direct,exp12_config_command_13,config_command,1,direct,0,direct,opposite,frozen_V_necessity_loss,-0.02530369535088539,,,
direct,exp12_config_command_13,config_command,1,direct,0,direct,opposite,verified_v_effect,-0.027716542594134808,0.0,0.0,0.0
direct,exp12_config_command_13,config_command,1,direct,0,direct,opposite,target_reader_sufficiency,0.013853308744728565,0.0,0.0,0.0
direct,exp12_config_command_13,config_command,1,direct,0,direct,opposite,target_reader_necessity,0.013983429409563541,0.0,0.0,0.0
direct,exp12_config_command_13,config_command,1,direct,0,direct,opposite,all7_reader_sufficiency,-0.027716542594134808,0.0,0.0,0.0
direct,exp12_config_command_13,config_command,1,direct,0,direct,opposite,all7_reader_necessity,-0.027716542594134808,0.0,0.0,0.0
direct,exp12_config_command_13,config_command,1,direct,0,direct,opposite,non_kv0_reader_sufficiency,-0.0,0.0,0.0,0.0
direct,exp12_config_command_13,config_command,1,direct,0,direct,opposite,non_kv0_reader_necessity,0.0,0.0,0.0,0.0
direct,exp12_config_command_14,config_command,0,direct,-1,,baseline,behavior_correct,1.0,,,
direct,exp12_config_command_14,config_command,0,direct,-1,,baseline,baseline_signed_preference,0.8133759908378124,,,
direct,exp12_config_command_14,config_command,1,direct,-1,,baseline,behavior_correct,1.0,,,
direct,exp12_config_command_14,config_command,1,direct,-1,,baseline,baseline_signed_preference,0.28753148298710585,,,
direct,exp12_config_command_14,config_command,0,direct,1,direct,opposite,H20_residual_reference,1.050771838054061,,,
direct,exp12_config_command_14,config_command,0,direct,1,direct,opposite,frozen_V_sufficiency,-0.10621139407157898,,,
direct,exp12_config_command_14,config_command,0,direct,1,direct,opposite,frozen_V_necessity_loss,-0.024988913908600807,,,
direct,exp12_config_command_14,config_command,0,direct,1,direct,opposite,verified_v_effect,-0.10621139407157898,0.0,0.0,0.0
direct,exp12_config_command_14,config_command,0,direct,1,direct,opposite,target_reader_sufficiency,0.018836021423339844,0.0,0.0,0.0
direct,exp12_config_command_14,config_command,0,direct,1,direct,opposite,target_reader_necessity,0.006288297474384308,0.0,0.0,0.0
direct,exp12_config_command_14,config_command,0,direct,1,direct,opposite,all7_reader_sufficiency,-0.10621139407157898,0.0,0.0,0.0
direct,exp12_config_command_14,config_command,0,direct,1,direct,opposite,all7_reader_necessity,-0.10621139407157898,0.0,0.0,0.0
direct,exp12_config_command_14,config_command,0,direct,1,direct,opposite,non_kv0_reader_sufficiency,0.0,0.0,0.0,0.0
direct,exp12_config_command_14,config_command,0,direct,1,direct,opposite,non_kv0_reader_necessity,0.0,0.0,0.0,0.0
direct,exp12_config_command_14,config_command,1,direct,0,direct,opposite,H20_residual_reference,0.48752257879823446,,,
direct,exp12_config_command_14,config_command,1,direct,0,direct,opposite,frozen_V_sufficiency,-0.03749883361160755,,,
direct,exp12_config_command_14,config_command,1,direct,0,direct,opposite,frozen_V_necessity_loss,-0.01249907910823822,,,
direct,exp12_config_command_14,config_command,1,direct,0,direct,opposite,verified_v_effect,-0.03749883361160755,0.0,0.0,0.0
direct,exp12_config_command_14,config_command,1,direct,0,direct,opposite,target_reader_sufficiency,-0.01249673031270504,0.0,0.0,0.0
direct,exp12_config_command_14,config_command,1,direct,0,direct,opposite,target_reader_necessity,-4.637986421585083e-07,0.0,0.0,0.0
direct,exp12_config_command_14,config_command,1,direct,0,direct,opposite,all7_reader_sufficiency,-0.03749883361160755,0.0,0.0,0.0
direct,exp12_config_command_14,config_command,1,direct,0,direct,opposite,all7_reader_necessity,-0.03749883361160755,0.0,0.0,0.0
direct,exp12_config_command_14,config_command,1,direct,0,direct,opposite,non_kv0_reader_sufficiency,-0.0,0.0,0.0,0.0
direct,exp12_config_command_14,config_command,1,direct,0,direct,opposite,non_kv0_reader_necessity,0.0,0.0,0.0,0.0
direct,exp12_config_command_15,config_command,0,direct,-1,,baseline,behavior_correct,1.0,,,
direct,exp12_config_command_15,config_command,0,direct,-1,,baseline,baseline_signed_preference,0.810088038444519,,,
direct,exp12_config_command_15,config_command,1,direct,-1,,baseline,behavior_correct,1.0,,,
direct,exp12_config_command_15,config_command,1,direct,-1,,baseline,baseline_signed_preference,0.33481550216674805,,,
direct,exp12_config_command_15,config_command,0,direct,1,direct,opposite,H20_residual_reference,1.0758583266288042,,,
direct,exp12_config_command_15,config_command,0,direct,1,direct,opposite,frozen_V_sufficiency,-0.1063116304576397,,,
direct,exp12_config_command_15,config_command,0,direct,1,direct,opposite,frozen_V_necessity_loss,-0.013802506029605865,,,
direct,exp12_config_command_15,config_command,0,direct,1,direct,opposite,verified_v_effect,-0.1063116304576397,0.0,0.0,0.0
direct,exp12_config_command_15,config_command,0,direct,1,direct,opposite,target_reader_sufficiency,0.018903840333223343,0.0,0.0,0.0
direct,exp12_config_command_15,config_command,0,direct,1,direct,opposite,target_reader_necessity,0.01253361627459526,0.0,0.0,0.0
direct,exp12_config_command_15,config_command,0,direct,1,direct,opposite,all7_reader_sufficiency,-0.1063116304576397,0.0,0.0,0.0
direct,exp12_config_command_15,config_command,0,direct,1,direct,opposite,all7_reader_necessity,-0.1063116304576397,0.0,0.0,0.0
direct,exp12_config_command_15,config_command,0,direct,1,direct,opposite,non_kv0_reader_sufficiency,0.0,0.0,0.0,0.0
direct,exp12_config_command_15,config_command,0,direct,1,direct,opposite,non_kv0_reader_necessity,0.0,0.0,0.0,0.0
direct,exp12_config_command_15,config_command,1,direct,0,direct,opposite,H20_residual_reference,0.5045242421329021,,,
direct,exp12_config_command_15,config_command,1,direct,0,direct,opposite,frozen_V_sufficiency,-0.027686769142746925,,,
direct,exp12_config_command_15,config_command,1,direct,0,direct,opposite,frozen_V_necessity_loss,-0.025278590619564056,,,
direct,exp12_config_command_15,config_command,1,direct,0,direct,opposite,verified_v_effect,-0.027686769142746925,0.0,0.0,0.0
direct,exp12_config_command_15,config_command,1,direct,0,direct,opposite,target_reader_sufficiency,0.013760295696556568,0.0,0.0,0.0
direct,exp12_config_command_15,config_command,1,direct,0,direct,opposite,target_reader_necessity,9.42302867770195e-05,0.0,0.0,0.0
direct,exp12_config_command_15,config_command,1,direct,0,direct,opposite,all7_reader_sufficiency,-0.027686769142746925,0.0,0.0,0.0
direct,exp12_config_command_15,config_command,1,direct,0,direct,opposite,all7_reader_necessity,-0.027686769142746925,0.0,0.0,0.0
direct,exp12_config_command_15,config_command,1,direct,0,direct,opposite,non_kv0_reader_sufficiency,-0.0,0.0,0.0,0.0
direct,exp12_config_command_15,config_command,1,direct,0,direct,opposite,non_kv0_reader_necessity,0.0,0.0,0.0,0.0
direct,exp12_docs_code_00,docs_code,0,direct,-1,,baseline,behavior_correct,1.0,,,
direct,exp12_docs_code_00,docs_code,0,direct,-1,,baseline,baseline_signed_preference,0.9845644384622574,,,
direct,exp12_docs_code_00,docs_code,1,direct,-1,,baseline,behavior_correct,1.0,,,
direct,exp12_docs_code_00,docs_code,1,direct,-1,,baseline,baseline_signed_preference,0.6313949776813388,,,
direct,exp12_docs_code_00,docs_code,0,direct,1,direct,opposite,H20_residual_reference,1.3420753255486488,,,
direct,exp12_docs_code_00,docs_code,0,direct,1,direct,opposite,frozen_V_sufficiency,-0.0889969882555306,,,
direct,exp12_docs_code_00,docs_code,0,direct,1,direct,opposite,frozen_V_necessity_loss,-0.03460618667304516,,,
direct,exp12_docs_code_00,docs_code,0,direct,1,direct,opposite,verified_v_effect,-0.0889969882555306,0.0,0.0,0.0
direct,exp12_docs_code_00,docs_code,0,direct,1,direct,opposite,target_reader_sufficiency,0.017847395967692137,0.0,0.0,0.0
direct,exp12_docs_code_00,docs_code,0,direct,1,direct,opposite,target_reader_necessity,-0.017167470883578062,0.0,0.0,0.0
direct,exp12_docs_code_00,docs_code,0,direct,1,direct,opposite,all7_reader_sufficiency,-0.0889969882555306,0.0,0.0,0.0
direct,exp12_docs_code_00,docs_code,0,direct,1,direct,opposite,all7_reader_necessity,-0.0889969882555306,0.0,0.0,0.0
direct,exp12_docs_code_00,docs_code,0,direct,1,direct,opposite,non_kv0_reader_sufficiency,0.0,0.0,0.0,0.0
direct,exp12_docs_code_00,docs_code,0,direct,1,direct,opposite,non_kv0_reader_necessity,0.0,0.0,0.0,0.0
direct,exp12_docs_code_00,docs_code,1,direct,0,direct,opposite,H20_residual_reference,1.1012488389387727,,,
direct,exp12_docs_code_00,docs_code,1,direct,0,direct,opposite,frozen_V_sufficiency,-0.0911111906170845,,,
direct,exp12_docs_code_00,docs_code,1,direct,0,direct,opposite,frozen_V_necessity_loss,-0.07035533897578716,,,
direct,exp12_docs_code_00,docs_code,1,direct,0,direct,opposite,verified_v_effect,-0.0911111906170845,0.0,0.0,0.0
direct,exp12_docs_code_00,docs_code,1,direct,0,direct,opposite,target_reader_sufficiency,0.011293284595012665,0.0,0.0,0.0
direct,exp12_docs_code_00,docs_code,1,direct,0,direct,opposite,target_reader_necessity,-9.014084935188293e-05,0.0,0.0,0.0
direct,exp12_docs_code_00,docs_code,1,direct,0,direct,opposite,all7_reader_sufficiency,-0.0911111906170845,0.0,0.0,0.0
direct,exp12_docs_code_00,docs_code,1,direct,0,direct,opposite,all7_reader_necessity,-0.0911111906170845,0.0,0.0,0.0
direct,exp12_docs_code_00,docs_code,1,direct,0,direct,opposite,non_kv0_reader_sufficiency,-0.0,0.0,0.0,0.0
direct,exp12_docs_code_00,docs_code,1,direct,0,direct,opposite,non_kv0_reader_necessity,0.0,0.0,0.0,0.0
direct,exp12_docs_code_01,docs_code,0,direct,-1,,baseline,behavior_correct,1.0,,,
direct,exp12_docs_code_01,docs_code,0,direct,-1,,baseline,baseline_signed_preference,1.0543373441323638,,,
direct,exp12_docs_code_01,docs_code,1,direct,-1,,baseline,behavior_correct,1.0,,,
direct,exp12_docs_code_01,docs_code,1,direct,-1,,baseline,baseline_signed_preference,0.983135144226253,,,
direct,exp12_docs_code_01,docs_code,0,direct,1,direct,opposite,H20_residual_reference,1.6154431216418743,,,
direct,exp12_docs_code_01,docs_code,0,direct,1,direct,opposite,frozen_V_sufficiency,-0.08031387394294143,,,
direct,exp12_docs_code_01,docs_code,0,direct,1,direct,opposite,frozen_V_necessity_loss,-0.06259920727461576,,,
direct,exp12_docs_code_01,docs_code,0,direct,1,direct,opposite,verified_v_effect,-0.08031387394294143,0.0,0.0,0.0
direct,exp12_docs_code_01,docs_code,0,direct,1,direct,opposite,target_reader_sufficiency,5.648331716656685e-05,0.0,0.0,0.0
direct,exp12_docs_code_01,docs_code,0,direct,1,direct,opposite,target_reader_necessity,5.6902412325143814e-05,0.0,0.0,0.0
direct,exp12_docs_code_01,docs_code,0,direct,1,direct,opposite,all7_reader_sufficiency,-0.08031387394294143,0.0,0.0,0.0
direct,exp12_docs_code_01,docs_code,0,direct,1,direct,opposite,all7_reader_necessity,-0.08031387394294143,0.0,0.0,0.0
direct,exp12_docs_code_01,docs_code,0,direct,1,direct,opposite,non_kv0_reader_sufficiency,0.0,0.0,0.0,0.0
direct,exp12_docs_code_01,docs_code,0,direct,1,direct,opposite,non_kv0_reader_necessity,0.0,0.0,0.0,0.0
direct,exp12_docs_code_01,docs_code,1,direct,0,direct,opposite,H20_residual_reference,1.520281151868403,,,
direct,exp12_docs_code_01,docs_code,1,direct,0,direct,opposite,frozen_V_sufficiency,-0.13295411504805088,,,
direct,exp12_docs_code_01,docs_code,1,direct,0,direct,opposite,frozen_V_necessity_loss,-0.05333511717617512,,,
direct,exp12_docs_code_01,docs_code,1,direct,0,direct,opposite,verified_v_effect,-0.13295411504805088,0.0,0.0,0.0
direct,exp12_docs_code_01,docs_code,1,direct,0,direct,opposite,target_reader_sufficiency,0.015537367202341557,0.0,0.0,0.0
direct,exp12_docs_code_01,docs_code,1,direct,0,direct,opposite,target_reader_necessity,-3.637373447418213e-05,0.0,0.0,0.0
direct,exp12_docs_code_01,docs_code,1,direct,0,direct,opposite,all7_reader_sufficiency,-0.13295411504805088,0.0,0.0,0.0
direct,exp12_docs_code_01,docs_code,1,direct,0,direct,opposite,all7_reader_necessity,-0.13295411504805088,0.0,0.0,0.0
direct,exp12_docs_code_01,docs_code,1,direct,0,direct,opposite,non_kv0_reader_sufficiency,-0.0,0.0,0.0,0.0
direct,exp12_docs_code_01,docs_code,1,direct,0,direct,opposite,non_kv0_reader_necessity,0.0,0.0,0.0,0.0
direct,exp12_docs_code_02,docs_code,0,direct,-1,,baseline,behavior_correct,1.0,,,
direct,exp12_docs_code_02,docs_code,0,direct,-1,,baseline,baseline_signed_preference,1.0536330505274236,,,
direct,exp12_docs_code_02,docs_code,1,direct,-1,,baseline,behavior_correct,1.0,,,
direct,exp12_docs_code_02,docs_code,1,direct,-1,,baseline,baseline_signed_preference,0.9286172622814775,,,
direct,exp12_docs_code_02,docs_code,0,direct,1,direct,opposite,H20_residual_reference,1.5893425564281642,,,
direct,exp12_docs_code_02,docs_code,0,direct,1,direct,opposite,frozen_V_sufficiency,-0.1428649048320949,,,
direct,exp12_docs_code_02,docs_code,0,direct,1,direct,opposite,frozen_V_necessity_loss,-0.0714309448376298,,,
direct,exp12_docs_code_02,docs_code,0,direct,1,direct,opposite,verified_v_effect,-0.1428649048320949,0.0,0.0,0.0
direct,exp12_docs_code_02,docs_code,0,direct,1,direct,opposite,target_reader_sufficiency,-0.017858410719782114,0.0,0.0,0.0
direct,exp12_docs_code_02,docs_code,0,direct,1,direct,opposite,target_reader_necessity,0.008920549415051937,0.0,0.0,0.0
direct,exp12_docs_code_02,docs_code,0,direct,1,direct,opposite,all7_reader_sufficiency,-0.1428649048320949,0.0,0.0,0.0
direct,exp12_docs_code_02,docs_code,0,direct,1,direct,opposite,all7_reader_necessity,-0.1428649048320949,0.0,0.0,0.0
direct,exp12_docs_code_02,docs_code,0,direct,1,direct,opposite,non_kv0_reader_sufficiency,0.0,0.0,0.0,0.0
direct,exp12_docs_code_02,docs_code,0,direct,1,direct,opposite,non_kv0_reader_necessity,0.0,0.0,0.0,0.0
direct,exp12_docs_code_02,docs_code,1,direct,0,direct,opposite,H20_residual_reference,1.428610940463841,,,
direct,exp12_docs_code_02,docs_code,1,direct,0,direct,opposite,frozen_V_sufficiency,-0.12500385660678148,,,
direct,exp12_docs_code_02,docs_code,1,direct,0,direct,opposite,frozen_V_necessity_loss,-0.07142959721386433,,,
direct,exp12_docs_code_02,docs_code,1,direct,0,direct,opposite,verified_v_effect,-0.12500385660678148,0.0,0.0,0.0
direct,exp12_docs_code_02,docs_code,1,direct,0,direct,opposite,target_reader_sufficiency,0.03571469523012638,0.0,0.0,0.0
direct,exp12_docs_code_02,docs_code,1,direct,0,direct,opposite,target_reader_necessity,0.00893356278538704,0.0,0.0,0.0
direct,exp12_docs_code_02,docs_code,1,direct,0,direct,opposite,all7_reader_sufficiency,-0.12500385660678148,0.0,0.0,0.0
direct,exp12_docs_code_02,docs_code,1,direct,0,direct,opposite,all7_reader_necessity,-0.12500385660678148,0.0,0.0,0.0
direct,exp12_docs_code_02,docs_code,1,direct,0,direct,opposite,non_kv0_reader_sufficiency,-0.0,0.0,0.0,0.0
direct,exp12_docs_code_02,docs_code,1,direct,0,direct,opposite,non_kv0_reader_necessity,0.0,0.0,0.0,0.0
direct,exp12_docs_code_03,docs_code,0,direct,-1,,baseline,behavior_correct,1.0,,,
direct,exp12_docs_code_03,docs_code,0,direct,-1,,baseline,baseline_signed_preference,0.9749092403799295,,,
direct,exp12_docs_code_03,docs_code,1,direct,-1,,baseline,behavior_correct,1.0,,,
direct,exp12_docs_code_03,docs_code,1,direct,-1,,baseline,baseline_signed_preference,1.3892279220744967,,,
direct,exp12_docs_code_03,docs_code,0,direct,1,direct,opposite,H20_residual_reference,1.7498000478371978,,,
direct,exp12_docs_code_03,docs_code,0,direct,1,direct,opposite,frozen_V_sufficiency,-0.08616743423044682,,,
direct,exp12_docs_code_03,docs_code,0,direct,1,direct,opposite,frozen_V_necessity_loss,-0.04205308388918638,,,
direct,exp12_docs_code_03,docs_code,0,direct,1,direct,opposite,verified_v_effect,-0.08616743423044682,0.0,0.0,0.0
direct,exp12_docs_code_03,docs_code,0,direct,1,direct,opposite,target_reader_sufficiency,0.007818396668881178,0.0,0.0,0.0
direct,exp12_docs_code_03,docs_code,0,direct,1,direct,opposite,target_reader_necessity,0.007811771705746651,0.0,0.0,0.0
direct,exp12_docs_code_03,docs_code,0,direct,1,direct,opposite,all7_reader_sufficiency,-0.08616743423044682,0.0,0.0,0.0
direct,exp12_docs_code_03,docs_code,0,direct,1,direct,opposite,all7_reader_necessity,-0.08616743423044682,0.0,0.0,0.0
direct,exp12_docs_code_03,docs_code,0,direct,1,direct,opposite,non_kv0_reader_sufficiency,0.0,0.0,0.0,0.0
direct,exp12_docs_code_03,docs_code,0,direct,1,direct,opposite,non_kv0_reader_necessity,0.0,0.0,0.0,0.0
direct,exp12_docs_code_03,docs_code,1,direct,0,direct,opposite,H20_residual_reference,1.8859901493415236,,,
direct,exp12_docs_code_03,docs_code,1,direct,0,direct,opposite,frozen_V_sufficiency,-0.14587925281375647,,,
direct,exp12_docs_code_03,docs_code,1,direct,0,direct,opposite,frozen_V_necessity_loss,-0.031446230597794056,,,
direct,exp12_docs_code_03,docs_code,1,direct,0,direct,opposite,verified_v_effect,-0.14587925281375647,0.0,0.0,0.0
direct,exp12_docs_code_03,docs_code,1,direct,0,direct,opposite,target_reader_sufficiency,0.08299640007317066,0.0,0.0,0.0
direct,exp12_docs_code_03,docs_code,1,direct,0,direct,opposite,target_reader_necessity,0.04164024256169796,0.0,0.0,0.0
direct,exp12_docs_code_03,docs_code,1,direct,0,direct,opposite,all7_reader_sufficiency,-0.14587925281375647,0.0,0.0,0.0
direct,exp12_docs_code_03,docs_code,1,direct,0,direct,opposite,all7_reader_necessity,-0.14587925281375647,0.0,0.0,0.0
direct,exp12_docs_code_03,docs_code,1,direct,0,direct,opposite,non_kv0_reader_sufficiency,-0.0,0.0,0.0,0.0
direct,exp12_docs_code_03,docs_code,1,direct,0,direct,opposite,non_kv0_reader_necessity,0.0,0.0,0.0,0.0
direct,exp12_docs_code_04,docs_code,0,direct,-1,,baseline,behavior_correct,1.0,,,
direct,exp12_docs_code_04,docs_code,0,direct,-1,,baseline,baseline_signed_preference,0.8594574853777885,,,
direct,exp12_docs_code_04,docs_code,1,direct,-1,,baseline,behavior_correct,1.0,,,
direct,exp12_docs_code_04,docs_code,1,direct,-1,,baseline,baseline_signed_preference,0.8828515000641346,,,
direct,exp12_docs_code_04,docs_code,0,direct,1,direct,opposite,H20_residual_reference,1.3750712601467967,,,
direct,exp12_docs_code_04,docs_code,0,direct,1,direct,opposite,frozen_V_sufficiency,-0.09374397061765194,,,
direct,exp12_docs_code_04,docs_code,0,direct,1,direct,opposite,frozen_V_necessity_loss,-0.04687484260648489,,,
direct,exp12_docs_code_04,docs_code,0,direct,1,direct,opposite,verified_v_effect,-0.09374397061765194,0.0,0.0,0.0
direct,exp12_docs_code_04,docs_code,0,direct,1,direct,opposite,target_reader_sufficiency,0.01563364965841174,0.0,0.0,0.0
direct,exp12_docs_code_04,docs_code,0,direct,1,direct,opposite,target_reader_necessity,5.065929144620895e-06,0.0,0.0,0.0
direct,exp12_docs_code_04,docs_code,0,direct,1,direct,opposite,all7_reader_sufficiency,-0.09374397061765194,0.0,0.0,0.0
direct,exp12_docs_code_04,docs_code,0,direct,1,direct,opposite,all7_reader_necessity,-0.09374397061765194,0.0,0.0,0.0
direct,exp12_docs_code_04,docs_code,0,direct,1,direct,opposite,non_kv0_reader_sufficiency,0.0,0.0,0.0,0.0
direct,exp12_docs_code_04,docs_code,0,direct,1,direct,opposite,non_kv0_reader_necessity,0.0,0.0,0.0,0.0
direct,exp12_docs_code_04,docs_code,1,direct,0,direct,opposite,H20_residual_reference,1.3203469067811966,,,
direct,exp12_docs_code_04,docs_code,1,direct,0,direct,opposite,frozen_V_sufficiency,-0.1015715105459094,,,
direct,exp12_docs_code_04,docs_code,1,direct,0,direct,opposite,frozen_V_necessity_loss,-0.0468744495883584,,,
direct,exp12_docs_code_04,docs_code,1,direct,0,direct,opposite,verified_v_effect,-0.1015715105459094,0.0,0.0,0.0
direct,exp12_docs_code_04,docs_code,1,direct,0,direct,opposite,target_reader_sufficiency,0.023438175208866596,0.0,0.0,0.0
direct,exp12_docs_code_04,docs_code,1,direct,0,direct,opposite,target_reader_necessity,0.01562505029141903,0.0,0.0,0.0
direct,exp12_docs_code_04,docs_code,1,direct,0,direct,opposite,all7_reader_sufficiency,-0.1015715105459094,0.0,0.0,0.0
direct,exp12_docs_code_04,docs_code,1,direct,0,direct,opposite,all7_reader_necessity,-0.1015715105459094,0.0,0.0,0.0
direct,exp12_docs_code_04,docs_code,1,direct,0,direct,opposite,non_kv0_reader_sufficiency,-0.0,0.0,0.0,0.0
direct,exp12_docs_code_04,docs_code,1,direct,0,direct,opposite,non_kv0_reader_necessity,0.0,0.0,0.0,0.0
direct,exp12_docs_code_05,docs_code,0,direct,-1,,baseline,behavior_correct,1.0,,,
direct,exp12_docs_code_05,docs_code,0,direct,-1,,baseline,baseline_signed_preference,0.8454079302027822,,,
direct,exp12_docs_code_05,docs_code,1,direct,-1,,baseline,behavior_correct,1.0,,,
direct,exp12_docs_code_05,docs_code,1,direct,-1,,baseline,baseline_signed_preference,0.6904500396922231,,,
direct,exp12_docs_code_05,docs_code,0,direct,1,direct,opposite,H20_residual_reference,1.2163879554718733,,,
direct,exp12_docs_code_05,docs_code,0,direct,1,direct,opposite,frozen_V_sufficiency,-0.07802323997020721,,,
direct,exp12_docs_code_05,docs_code,0,direct,1,direct,opposite,frozen_V_necessity_loss,-0.03491088654845953,,,
direct,exp12_docs_code_05,docs_code,0,direct,1,direct,opposite,verified_v_effect,-0.07802323997020721,0.0,0.0,0.0
direct,exp12_docs_code_05,docs_code,0,direct,1,direct,opposite,target_reader_sufficiency,0.00030649174004793167,0.0,0.0,0.0
direct,exp12_docs_code_05,docs_code,0,direct,1,direct,opposite,target_reader_necessity,0.015363832004368305,0.0,0.0,0.0
direct,exp12_docs_code_05,docs_code,0,direct,1,direct,opposite,all7_reader_sufficiency,-0.07802323997020721,0.0,0.0,0.0
direct,exp12_docs_code_05,docs_code,0,direct,1,direct,opposite,all7_reader_necessity,-0.07802323997020721,0.0,0.0,0.0
direct,exp12_docs_code_05,docs_code,0,direct,1,direct,opposite,non_kv0_reader_sufficiency,0.0,0.0,0.0,0.0
direct,exp12_docs_code_05,docs_code,0,direct,1,direct,opposite,non_kv0_reader_necessity,0.0,0.0,0.0,0.0
direct,exp12_docs_code_05,docs_code,1,direct,0,direct,opposite,H20_residual_reference,1.1003823773935437,,,
direct,exp12_docs_code_05,docs_code,1,direct,0,direct,opposite,frozen_V_sufficiency,-0.06818702537566423,,,
direct,exp12_docs_code_05,docs_code,1,direct,0,direct,opposite,frozen_V_necessity_loss,-0.046296967193484306,,,
direct,exp12_docs_code_05,docs_code,1,direct,0,direct,opposite,verified_v_effect,-0.06818702537566423,0.0,0.0,0.0
direct,exp12_docs_code_05,docs_code,1,direct,0,direct,opposite,target_reader_sufficiency,0.04543632362037897,0.0,0.0,0.0
direct,exp12_docs_code_05,docs_code,1,direct,0,direct,opposite,target_reader_necessity,0.03988066874444485,0.0,0.0,0.0
direct,exp12_docs_code_05,docs_code,1,direct,0,direct,opposite,all7_reader_sufficiency,-0.06818702537566423,0.0,0.0,0.0
direct,exp12_docs_code_05,docs_code,1,direct,0,direct,opposite,all7_reader_necessity,-0.06818702537566423,0.0,0.0,0.0
direct,exp12_docs_code_05,docs_code,1,direct,0,direct,opposite,non_kv0_reader_sufficiency,-0.0,0.0,0.0,0.0
direct,exp12_docs_code_05,docs_code,1,direct,0,direct,opposite,non_kv0_reader_necessity,0.0,0.0,0.0,0.0
direct,exp12_docs_code_06,docs_code,0,direct,-1,,baseline,behavior_correct,1.0,,,
direct,exp12_docs_code_06,docs_code,0,direct,-1,,baseline,baseline_signed_preference,0.9355398276820779,,,
direct,exp12_docs_code_06,docs_code,1,direct,-1,,baseline,behavior_correct,1.0,,,
direct,exp12_docs_code_06,docs_code,1,direct,-1,,baseline,baseline_signed_preference,1.170232298783958,,,
direct,exp12_docs_code_06,docs_code,0,direct,1,direct,opposite,H20_residual_reference,1.6479741260409355,,,
direct,exp12_docs_code_06,docs_code,0,direct,1,direct,opposite,frozen_V_sufficiency,-0.08612297056242824,,,
direct,exp12_docs_code_06,docs_code,0,direct,1,direct,opposite,frozen_V_necessity_loss,-0.06221127789467573,,,
direct,exp12_docs_code_06,docs_code,0,direct,1,direct,opposite,verified_v_effect,-0.08612297056242824,0.0,0.0,0.0
direct,exp12_docs_code_06,docs_code,0,direct,1,direct,opposite,target_reader_sufficiency,0.015516255982220173,0.0,0.0,0.0
direct,exp12_docs_code_06,docs_code,0,direct,1,direct,opposite,target_reader_necessity,0.03138604247942567,0.0,0.0,0.0
direct,exp12_docs_code_06,docs_code,0,direct,1,direct,opposite,all7_reader_sufficiency,-0.08612297056242824,0.0,0.0,0.0
direct,exp12_docs_code_06,docs_code,0,direct,1,direct,opposite,all7_reader_necessity,-0.08612297056242824,0.0,0.0,0.0
direct,exp12_docs_code_06,docs_code,0,direct,1,direct,opposite,non_kv0_reader_sufficiency,0.0,0.0,0.0,0.0
direct,exp12_docs_code_06,docs_code,0,direct,1,direct,opposite,non_kv0_reader_necessity,0.0,0.0,0.0,0.0
direct,exp12_docs_code_06,docs_code,1,direct,0,direct,opposite,H20_residual_reference,1.6035760892555118,,,
direct,exp12_docs_code_06,docs_code,1,direct,0,direct,opposite,frozen_V_sufficiency,-0.12490737717598677,,,
direct,exp12_docs_code_06,docs_code,1,direct,0,direct,opposite,frozen_V_necessity_loss,-0.047509465366601944,,,
direct,exp12_docs_code_06,docs_code,1,direct,0,direct,opposite,verified_v_effect,-0.12490737717598677,0.0,0.0,0.0
direct,exp12_docs_code_06,docs_code,1,direct,0,direct,opposite,target_reader_sufficiency,0.08336693979799747,0.0,0.0,0.0
direct,exp12_docs_code_06,docs_code,1,direct,0,direct,opposite,target_reader_necessity,0.042069412767887115,0.0,0.0,0.0
direct,exp12_docs_code_06,docs_code,1,direct,0,direct,opposite,all7_reader_sufficiency,-0.12490737717598677,0.0,0.0,0.0
direct,exp12_docs_code_06,docs_code,1,direct,0,direct,opposite,all7_reader_necessity,-0.12490737717598677,0.0,0.0,0.0
direct,exp12_docs_code_06,docs_code,1,direct,0,direct,opposite,non_kv0_reader_sufficiency,-0.0,0.0,0.0,0.0
direct,exp12_docs_code_06,docs_code,1,direct,0,direct,opposite,non_kv0_reader_necessity,0.0,0.0,0.0,0.0
direct,exp12_docs_code_07,docs_code,0,direct,-1,,baseline,behavior_correct,1.0,,,
direct,exp12_docs_code_07,docs_code,0,direct,-1,,baseline,baseline_signed_preference,0.8906864710152149,,,
direct,exp12_docs_code_07,docs_code,1,direct,-1,,baseline,behavior_correct,1.0,,,
direct,exp12_docs_code_07,docs_code,1,direct,-1,,baseline,baseline_signed_preference,0.9455574909225106,,,
direct,exp12_docs_code_07,docs_code,0,direct,1,direct,opposite,H20_residual_reference,1.4219370735809207,,,
direct,exp12_docs_code_07,docs_code,0,direct,1,direct,opposite,frozen_V_sufficiency,-0.06250802334398031,,,
direct,exp12_docs_code_07,docs_code,0,direct,1,direct,opposite,frozen_V_necessity_loss,-0.04687518998980522,,,
direct,exp12_docs_code_07,docs_code,0,direct,1,direct,opposite,verified_v_effect,-0.06250802334398031,0.0,0.0,0.0
direct,exp12_docs_code_07,docs_code,0,direct,1,direct,opposite,target_reader_sufficiency,0.015626372769474983,0.0,0.0,0.0
direct,exp12_docs_code_07,docs_code,0,direct,1,direct,opposite,target_reader_necessity,0.03124541137367487,0.0,0.0,0.0
direct,exp12_docs_code_07,docs_code,0,direct,1,direct,opposite,all7_reader_sufficiency,-0.06250802334398031,0.0,0.0,0.0
direct,exp12_docs_code_07,docs_code,0,direct,1,direct,opposite,all7_reader_necessity,-0.06250802334398031,0.0,0.0,0.0
direct,exp12_docs_code_07,docs_code,0,direct,1,direct,opposite,non_kv0_reader_sufficiency,0.0,0.0,0.0,0.0
direct,exp12_docs_code_07,docs_code,0,direct,1,direct,opposite,non_kv0_reader_necessity,0.0,0.0,0.0,0.0
direct,exp12_docs_code_07,docs_code,1,direct,0,direct,opposite,H20_residual_reference,1.3986412435770035,,,
direct,exp12_docs_code_07,docs_code,1,direct,0,direct,opposite,frozen_V_sufficiency,-0.10159734450280666,,,
direct,exp12_docs_code_07,docs_code,1,direct,0,direct,opposite,frozen_V_necessity_loss,-0.0625016363337636,,,
direct,exp12_docs_code_07,docs_code,1,direct,0,direct,opposite,verified_v_effect,-0.10159734450280666,0.0,0.0,0.0
direct,exp12_docs_code_07,docs_code,1,direct,0,direct,opposite,target_reader_sufficiency,0.046890391036868095,0.0,0.0,0.0
direct,exp12_docs_code_07,docs_code,1,direct,0,direct,opposite,target_reader_necessity,0.039067442528903484,0.0,0.0,0.0
direct,exp12_docs_code_07,docs_code,1,direct,0,direct,opposite,all7_reader_sufficiency,-0.10159734450280666,0.0,0.0,0.0
direct,exp12_docs_code_07,docs_code,1,direct,0,direct,opposite,all7_reader_necessity,-0.10159734450280666,0.0,0.0,0.0
direct,exp12_docs_code_07,docs_code,1,direct,0,direct,opposite,non_kv0_reader_sufficiency,-0.0,0.0,0.0,0.0
direct,exp12_docs_code_07,docs_code,1,direct,0,direct,opposite,non_kv0_reader_necessity,0.0,0.0,0.0,0.0
direct,exp12_docs_code_08,docs_code,0,direct,-1,,baseline,behavior_correct,1.0,,,
direct,exp12_docs_code_08,docs_code,0,direct,-1,,baseline,baseline_signed_preference,1.055772967170924,,,
direct,exp12_docs_code_08,docs_code,1,direct,-1,,baseline,behavior_correct,1.0,,,
direct,exp12_docs_code_08,docs_code,1,direct,-1,,baseline,baseline_signed_preference,0.5966069810092449,,,
direct,exp12_docs_code_08,docs_code,0,direct,1,direct,opposite,H20_residual_reference,1.4139879546128213,,,
direct,exp12_docs_code_08,docs_code,0,direct,1,direct,opposite,frozen_V_sufficiency,-0.11586009804159403,,,
direct,exp12_docs_code_08,docs_code,0,direct,1,direct,opposite,frozen_V_necessity_loss,-0.037857141345739365,,,
direct,exp12_docs_code_08,docs_code,0,direct,1,direct,opposite,verified_v_effect,-0.11586009804159403,0.0,0.0,0.0
direct,exp12_docs_code_08,docs_code,0,direct,1,direct,opposite,target_reader_sufficiency,1.1865049600601196e-06,0.0,0.0,0.0
direct,exp12_docs_code_08,docs_code,0,direct,1,direct,opposite,target_reader_necessity,0.008907962124794722,0.0,0.0,0.0
direct,exp12_docs_code_08,docs_code,0,direct,1,direct,opposite,all7_reader_sufficiency,-0.11586009804159403,0.0,0.0,0.0
direct,exp12_docs_code_08,docs_code,0,direct,1,direct,opposite,all7_reader_necessity,-0.11586009804159403,0.0,0.0,0.0
direct,exp12_docs_code_08,docs_code,0,direct,1,direct,opposite,non_kv0_reader_sufficiency,0.0,0.0,0.0,0.0
direct,exp12_docs_code_08,docs_code,0,direct,1,direct,opposite,non_kv0_reader_necessity,0.0,0.0,0.0,0.0
direct,exp12_docs_code_08,docs_code,1,direct,0,direct,opposite,H20_residual_reference,1.1008722679689527,,,
direct,exp12_docs_code_08,docs_code,1,direct,0,direct,opposite,frozen_V_sufficiency,-0.08761786762624979,,,
direct,exp12_docs_code_08,docs_code,1,direct,0,direct,opposite,frozen_V_necessity_loss,-0.07040072651579976,,,
direct,exp12_docs_code_08,docs_code,1,direct,0,direct,opposite,verified_v_effect,-0.08761786762624979,0.0,0.0,0.0
direct,exp12_docs_code_08,docs_code,1,direct,0,direct,opposite,target_reader_sufficiency,0.012564743869006634,0.0,0.0,0.0
direct,exp12_docs_code_08,docs_code,1,direct,0,direct,opposite,target_reader_necessity,-1.0672956705093384e-05,0.0,0.0,0.0
direct,exp12_docs_code_08,docs_code,1,direct,0,direct,opposite,all7_reader_sufficiency,-0.08761786762624979,0.0,0.0,0.0
direct,exp12_docs_code_08,docs_code,1,direct,0,direct,opposite,all7_reader_necessity,-0.08761786762624979,0.0,0.0,0.0
direct,exp12_docs_code_08,docs_code,1,direct,0,direct,opposite,non_kv0_reader_sufficiency,-0.0,0.0,0.0,0.0
direct,exp12_docs_code_08,docs_code,1,direct,0,direct,opposite,non_kv0_reader_necessity,0.0,0.0,0.0,0.0
direct,exp12_docs_code_09,docs_code,0,direct,-1,,baseline,behavior_correct,1.0,,,
direct,exp12_docs_code_09,docs_code,0,direct,-1,,baseline,baseline_signed_preference,0.9230222054757178,,,
direct,exp12_docs_code_09,docs_code,1,direct,-1,,baseline,behavior_correct,1.0,,,
direct,exp12_docs_code_09,docs_code,1,direct,-1,,baseline,baseline_signed_preference,0.6355126304551959,,,
direct,exp12_docs_code_09,docs_code,0,direct,1,direct,opposite,H20_residual_reference,1.3205037130974233,,,
direct,exp12_docs_code_09,docs_code,0,direct,1,direct,opposite,frozen_V_sufficiency,-0.10143594234250486,,,
direct,exp12_docs_code_09,docs_code,0,direct,1,direct,opposite,frozen_V_necessity_loss,-0.03782530501484871,,,
direct,exp12_docs_code_09,docs_code,0,direct,1,direct,opposite,verified_v_effect,-0.10143594234250486,0.0,0.0,0.0
direct,exp12_docs_code_09,docs_code,0,direct,1,direct,opposite,target_reader_sufficiency,0.015623173210769892,0.0,0.0,0.0
direct,exp12_docs_code_09,docs_code,0,direct,1,direct,opposite,target_reader_necessity,0.0001238121185451746,0.0,0.0,0.0
direct,exp12_docs_code_09,docs_code,0,direct,1,direct,opposite,all7_reader_sufficiency,-0.10143594234250486,0.0,0.0,0.0
direct,exp12_docs_code_09,docs_code,0,direct,1,direct,opposite,all7_reader_necessity,-0.10143594234250486,0.0,0.0,0.0
direct,exp12_docs_code_09,docs_code,0,direct,1,direct,opposite,non_kv0_reader_sufficiency,0.0,0.0,0.0,0.0
direct,exp12_docs_code_09,docs_code,0,direct,1,direct,opposite,non_kv0_reader_necessity,0.0,0.0,0.0,0.0
direct,exp12_docs_code_09,docs_code,1,direct,0,direct,opposite,H20_residual_reference,1.106287294998765,,,
direct,exp12_docs_code_09,docs_code,1,direct,0,direct,opposite,frozen_V_sufficiency,-0.0875765522941947,,,
direct,exp12_docs_code_09,docs_code,1,direct,0,direct,opposite,frozen_V_necessity_loss,-0.03106241300702095,,,
direct,exp12_docs_code_09,docs_code,1,direct,0,direct,opposite,verified_v_effect,-0.0875765522941947,0.0,0.0,0.0
direct,exp12_docs_code_09,docs_code,1,direct,0,direct,opposite,target_reader_sufficiency,0.012467259541153908,0.0,0.0,0.0
direct,exp12_docs_code_09,docs_code,1,direct,0,direct,opposite,target_reader_necessity,0.012497399933636189,0.0,0.0,0.0
direct,exp12_docs_code_09,docs_code,1,direct,0,direct,opposite,all7_reader_sufficiency,-0.0875765522941947,0.0,0.0,0.0
direct,exp12_docs_code_09,docs_code,1,direct,0,direct,opposite,all7_reader_necessity,-0.0875765522941947,0.0,0.0,0.0
direct,exp12_docs_code_09,docs_code,1,direct,0,direct,opposite,non_kv0_reader_sufficiency,-0.0,0.0,0.0,0.0
direct,exp12_docs_code_09,docs_code,1,direct,0,direct,opposite,non_kv0_reader_necessity,0.0,0.0,0.0,0.0
direct,exp12_docs_code_10,docs_code,0,direct,-1,,baseline,behavior_correct,1.0,,,
direct,exp12_docs_code_10,docs_code,0,direct,-1,,baseline,baseline_signed_preference,0.9983176128007472,,,
direct,exp12_docs_code_10,docs_code,1,direct,-1,,baseline,behavior_correct,1.0,,,
direct,exp12_docs_code_10,docs_code,1,direct,-1,,baseline,baseline_signed_preference,1.0661913584917784,,,
direct,exp12_docs_code_10,docs_code,0,direct,1,direct,opposite,H20_residual_reference,1.6687573571689427,,,
direct,exp12_docs_code_10,docs_code,0,direct,1,direct,opposite,frozen_V_sufficiency,-0.11731315916404128,,,
direct,exp12_docs_code_10,docs_code,0,direct,1,direct,opposite,frozen_V_necessity_loss,-0.06222130451351404,,,
direct,exp12_docs_code_10,docs_code,0,direct,1,direct,opposite,verified_v_effect,-0.11731315916404128,0.0,0.0,0.0
direct,exp12_docs_code_10,docs_code,0,direct,1,direct,opposite,target_reader_sufficiency,-0.0001668478362262249,0.0,0.0,0.0
direct,exp12_docs_code_10,docs_code,0,direct,1,direct,opposite,target_reader_necessity,-1.9166618585586548e-06,0.0,0.0,0.0
direct,exp12_docs_code_10,docs_code,0,direct,1,direct,opposite,all7_reader_sufficiency,-0.11731315916404128,0.0,0.0,0.0
direct,exp12_docs_code_10,docs_code,0,direct,1,direct,opposite,all7_reader_necessity,-0.11731315916404128,0.0,0.0,0.0
direct,exp12_docs_code_10,docs_code,0,direct,1,direct,opposite,non_kv0_reader_sufficiency,0.0,0.0,0.0,0.0
direct,exp12_docs_code_10,docs_code,0,direct,1,direct,opposite,non_kv0_reader_necessity,0.0,0.0,0.0,0.0
direct,exp12_docs_code_10,docs_code,1,direct,0,direct,opposite,H20_residual_reference,1.547274793498218,,,
direct,exp12_docs_code_10,docs_code,1,direct,0,direct,opposite,frozen_V_sufficiency,-0.14543991163372993,,,
direct,exp12_docs_code_10,docs_code,1,direct,0,direct,opposite,frozen_V_necessity_loss,-0.047229296527802944,,,
direct,exp12_docs_code_10,docs_code,1,direct,0,direct,opposite,verified_v_effect,-0.14543991163372993,0.0,0.0,0.0
direct,exp12_docs_code_10,docs_code,1,direct,0,direct,opposite,target_reader_sufficiency,0.0207814434543252,0.0,0.0,0.0
direct,exp12_docs_code_10,docs_code,1,direct,0,direct,opposite,target_reader_necessity,0.01047585904598236,0.0,0.0,0.0
direct,exp12_docs_code_10,docs_code,1,direct,0,direct,opposite,all7_reader_sufficiency,-0.14543991163372993,0.0,0.0,0.0
direct,exp12_docs_code_10,docs_code,1,direct,0,direct,opposite,all7_reader_necessity,-0.14543991163372993,0.0,0.0,0.0
direct,exp12_docs_code_10,docs_code,1,direct,0,direct,opposite,non_kv0_reader_sufficiency,-0.0,0.0,0.0,0.0
direct,exp12_docs_code_10,docs_code,1,direct,0,direct,opposite,non_kv0_reader_necessity,0.0,0.0,0.0,0.0
direct,exp12_docs_code_11,docs_code,0,direct,-1,,baseline,behavior_correct,1.0,,,
direct,exp12_docs_code_11,docs_code,0,direct,-1,,baseline,baseline_signed_preference,0.9758653393946588,,,
direct,exp12_docs_code_11,docs_code,1,direct,-1,,baseline,behavior_correct,1.0,,,
direct,exp12_docs_code_11,docs_code,1,direct,-1,,baseline,baseline_signed_preference,1.0640975227579474,,,
direct,exp12_docs_code_11,docs_code,0,direct,1,direct,opposite,H20_residual_reference,1.5846533323638141,,,
direct,exp12_docs_code_11,docs_code,0,direct,1,direct,opposite,frozen_V_sufficiency,-0.0937353759072721,,,
direct,exp12_docs_code_11,docs_code,0,direct,1,direct,opposite,frozen_V_necessity_loss,-0.053339007310569286,,,
direct,exp12_docs_code_11,docs_code,0,direct,1,direct,opposite,verified_v_effect,-0.0937353759072721,0.0,0.0,0.0
direct,exp12_docs_code_11,docs_code,0,direct,1,direct,opposite,target_reader_sufficiency,0.007809702306985855,0.0,0.0,0.0
direct,exp12_docs_code_11,docs_code,0,direct,1,direct,opposite,target_reader_necessity,0.007812331430613995,0.0,0.0,0.0
direct,exp12_docs_code_11,docs_code,0,direct,1,direct,opposite,all7_reader_sufficiency,-0.0937353759072721,0.0,0.0,0.0
direct,exp12_docs_code_11,docs_code,0,direct,1,direct,opposite,all7_reader_necessity,-0.0937353759072721,0.0,0.0,0.0
direct,exp12_docs_code_11,docs_code,0,direct,1,direct,opposite,non_kv0_reader_sufficiency,0.0,0.0,0.0,0.0
direct,exp12_docs_code_11,docs_code,0,direct,1,direct,opposite,non_kv0_reader_necessity,0.0,0.0,0.0,0.0
direct,exp12_docs_code_11,docs_code,1,direct,0,direct,opposite,H20_residual_reference,1.5154533330351114,,,
direct,exp12_docs_code_11,docs_code,1,direct,0,direct,opposite,frozen_V_sufficiency,-0.12483720201998949,,,
direct,exp12_docs_code_11,docs_code,1,direct,0,direct,opposite,frozen_V_necessity_loss,-0.03142406605184078,,,
direct,exp12_docs_code_11,docs_code,1,direct,0,direct,opposite,verified_v_effect,-0.12483720201998949,0.0,0.0,0.0
direct,exp12_docs_code_11,docs_code,1,direct,0,direct,opposite,target_reader_sufficiency,0.017842776142060757,0.0,0.0,0.0
direct,exp12_docs_code_11,docs_code,1,direct,0,direct,opposite,target_reader_necessity,0.00015550293028354645,0.0,0.0,0.0
direct,exp12_docs_code_11,docs_code,1,direct,0,direct,opposite,all7_reader_sufficiency,-0.12483720201998949,0.0,0.0,0.0
direct,exp12_docs_code_11,docs_code,1,direct,0,direct,opposite,all7_reader_necessity,-0.12483720201998949,0.0,0.0,0.0
direct,exp12_docs_code_11,docs_code,1,direct,0,direct,opposite,non_kv0_reader_sufficiency,-0.0,0.0,0.0,0.0
direct,exp12_docs_code_11,docs_code,1,direct,0,direct,opposite,non_kv0_reader_necessity,0.0,0.0,0.0,0.0
direct,exp12_docs_code_12,docs_code,0,direct,-1,,baseline,behavior_correct,1.0,,,
direct,exp12_docs_code_12,docs_code,0,direct,-1,,baseline,baseline_signed_preference,0.8288591634482145,,,
direct,exp12_docs_code_12,docs_code,1,direct,-1,,baseline,behavior_correct,1.0,,,
direct,exp12_docs_code_12,docs_code,1,direct,-1,,baseline,baseline_signed_preference,0.7558857640251517,,,
direct,exp12_docs_code_12,docs_code,0,direct,1,direct,opposite,H20_residual_reference,1.2718884041532874,,,
direct,exp12_docs_code_12,docs_code,0,direct,1,direct,opposite,frozen_V_sufficiency,-0.07805911358445883,,,
direct,exp12_docs_code_12,docs_code,0,direct,1,direct,opposite,frozen_V_necessity_loss,-0.04187008459120989,,,
direct,exp12_docs_code_12,docs_code,0,direct,1,direct,opposite,verified_v_effect,-0.07805911358445883,0.0,0.0,0.0
direct,exp12_docs_code_12,docs_code,0,direct,1,direct,opposite,target_reader_sufficiency,0.01562164956703782,0.0,0.0,0.0
direct,exp12_docs_code_12,docs_code,0,direct,1,direct,opposite,target_reader_necessity,0.015624798368662596,0.0,0.0,0.0
direct,exp12_docs_code_12,docs_code,0,direct,1,direct,opposite,all7_reader_sufficiency,-0.07805911358445883,0.0,0.0,0.0
direct,exp12_docs_code_12,docs_code,0,direct,1,direct,opposite,all7_reader_necessity,-0.07805911358445883,0.0,0.0,0.0
direct,exp12_docs_code_12,docs_code,0,direct,1,direct,opposite,non_kv0_reader_sufficiency,0.0,0.0,0.0,0.0
direct,exp12_docs_code_12,docs_code,0,direct,1,direct,opposite,non_kv0_reader_necessity,0.0,0.0,0.0,0.0
direct,exp12_docs_code_12,docs_code,1,direct,0,direct,opposite,H20_residual_reference,1.1791712809354067,,,
direct,exp12_docs_code_12,docs_code,1,direct,0,direct,opposite,frozen_V_sufficiency,-0.08325835317373276,,,
direct,exp12_docs_code_12,docs_code,1,direct,0,direct,opposite,frozen_V_necessity_loss,-0.04666449874639511,,,
direct,exp12_docs_code_12,docs_code,1,direct,0,direct,opposite,verified_v_effect,-0.08325835317373276,0.0,0.0,0.0
direct,exp12_docs_code_12,docs_code,1,direct,0,direct,opposite,target_reader_sufficiency,0.03469881974160671,0.0,0.0,0.0
direct,exp12_docs_code_12,docs_code,1,direct,0,direct,opposite,target_reader_necessity,0.04179838951677084,0.0,0.0,0.0
direct,exp12_docs_code_12,docs_code,1,direct,0,direct,opposite,all7_reader_sufficiency,-0.08325835317373276,0.0,0.0,0.0
direct,exp12_docs_code_12,docs_code,1,direct,0,direct,opposite,all7_reader_necessity,-0.08325835317373276,0.0,0.0,0.0
direct,exp12_docs_code_12,docs_code,1,direct,0,direct,opposite,non_kv0_reader_sufficiency,-0.0,0.0,0.0,0.0
direct,exp12_docs_code_12,docs_code,1,direct,0,direct,opposite,non_kv0_reader_necessity,0.0,0.0,0.0,0.0
direct,exp12_docs_code_13,docs_code,0,direct,-1,,baseline,behavior_correct,1.0,,,
direct,exp12_docs_code_13,docs_code,0,direct,-1,,baseline,baseline_signed_preference,0.9367990712635219,,,
direct,exp12_docs_code_13,docs_code,1,direct,-1,,baseline,behavior_correct,1.0,,,
direct,exp12_docs_code_13,docs_code,1,direct,-1,,baseline,baseline_signed_preference,0.9477905817329884,,,
direct,exp12_docs_code_13,docs_code,0,direct,1,direct,opposite,H20_residual_reference,1.5098242559470236,,,
direct,exp12_docs_code_13,docs_code,0,direct,1,direct,opposite,frozen_V_sufficiency,-0.1094538657926023,,,
direct,exp12_docs_code_13,docs_code,0,direct,1,direct,opposite,frozen_V_necessity_loss,-0.035635109059512615,,,
direct,exp12_docs_code_13,docs_code,0,direct,1,direct,opposite,verified_v_effect,-0.1094538657926023,0.0,0.0,0.0
direct,exp12_docs_code_13,docs_code,0,direct,1,direct,opposite,target_reader_sufficiency,-8.118804544210434e-06,0.0,0.0,0.0
direct,exp12_docs_code_13,docs_code,0,direct,1,direct,opposite,target_reader_necessity,-7.922761142253876e-05,0.0,0.0,0.0
direct,exp12_docs_code_13,docs_code,0,direct,1,direct,opposite,all7_reader_sufficiency,-0.1094538657926023,0.0,0.0,0.0
direct,exp12_docs_code_13,docs_code,0,direct,1,direct,opposite,all7_reader_necessity,-0.1094538657926023,0.0,0.0,0.0
direct,exp12_docs_code_13,docs_code,0,direct,1,direct,opposite,non_kv0_reader_sufficiency,0.0,0.0,0.0,0.0
direct,exp12_docs_code_13,docs_code,0,direct,1,direct,opposite,non_kv0_reader_necessity,0.0,0.0,0.0,0.0
direct,exp12_docs_code_13,docs_code,1,direct,0,direct,opposite,H20_residual_reference,1.3992899805307388,,,
direct,exp12_docs_code_13,docs_code,1,direct,0,direct,opposite,frozen_V_sufficiency,-0.08035766240209341,,,
direct,exp12_docs_code_13,docs_code,1,direct,0,direct,opposite,frozen_V_necessity_loss,-0.047055475413799286,,,
direct,exp12_docs_code_13,docs_code,1,direct,0,direct,opposite,verified_v_effect,-0.08035766240209341,0.0,0.0,0.0
direct,exp12_docs_code_13,docs_code,1,direct,0,direct,opposite,target_reader_sufficiency,0.05356976669281721,0.0,0.0,0.0
direct,exp12_docs_code_13,docs_code,1,direct,0,direct,opposite,target_reader_necessity,0.05367803946137428,0.0,0.0,0.0
direct,exp12_docs_code_13,docs_code,1,direct,0,direct,opposite,all7_reader_sufficiency,-0.08035766240209341,0.0,0.0,0.0
direct,exp12_docs_code_13,docs_code,1,direct,0,direct,opposite,all7_reader_necessity,-0.08035766240209341,0.0,0.0,0.0
direct,exp12_docs_code_13,docs_code,1,direct,0,direct,opposite,non_kv0_reader_sufficiency,-0.0,0.0,0.0,0.0
direct,exp12_docs_code_13,docs_code,1,direct,0,direct,opposite,non_kv0_reader_necessity,0.0,0.0,0.0,0.0
direct,exp12_docs_code_14,docs_code,0,direct,-1,,baseline,behavior_correct,1.0,,,
direct,exp12_docs_code_14,docs_code,0,direct,-1,,baseline,baseline_signed_preference,1.0056928908452392,,,
direct,exp12_docs_code_14,docs_code,1,direct,-1,,baseline,behavior_correct,1.0,,,
direct,exp12_docs_code_14,docs_code,1,direct,-1,,baseline,baseline_signed_preference,0.9135566605255008,,,
direct,exp12_docs_code_14,docs_code,0,direct,1,direct,opposite,H20_residual_reference,1.580115401186049,,,
direct,exp12_docs_code_14,docs_code,0,direct,1,direct,opposite,frozen_V_sufficiency,-0.07646604254841805,,,
direct,exp12_docs_code_14,docs_code,0,direct,1,direct,opposite,frozen_V_necessity_loss,-0.03580885659903288,,,
direct,exp12_docs_code_14,docs_code,0,direct,1,direct,opposite,verified_v_effect,-0.07646604254841805,0.0,0.0,0.0
direct,exp12_docs_code_14,docs_code,0,direct,1,direct,opposite,target_reader_sufficiency,0.027764698956161737,0.0,0.0,0.0
direct,exp12_docs_code_14,docs_code,0,direct,1,direct,opposite,target_reader_necessity,0.027852485422044992,0.0,0.0,0.0
direct,exp12_docs_code_14,docs_code,0,direct,1,direct,opposite,all7_reader_sufficiency,-0.07646604254841805,0.0,0.0,0.0
direct,exp12_docs_code_14,docs_code,0,direct,1,direct,opposite,all7_reader_necessity,-0.07646604254841805,0.0,0.0,0.0
direct,exp12_docs_code_14,docs_code,0,direct,1,direct,opposite,non_kv0_reader_sufficiency,0.0,0.0,0.0,0.0
direct,exp12_docs_code_14,docs_code,0,direct,1,direct,opposite,non_kv0_reader_necessity,0.0,0.0,0.0,0.0
direct,exp12_docs_code_14,docs_code,1,direct,0,direct,opposite,H20_residual_reference,1.3692069286480546,,,
direct,exp12_docs_code_14,docs_code,1,direct,0,direct,opposite,frozen_V_sufficiency,-0.10698956809937954,,,
direct,exp12_docs_code_14,docs_code,1,direct,0,direct,opposite,frozen_V_necessity_loss,-0.027954778634011745,,,
direct,exp12_docs_code_14,docs_code,1,direct,0,direct,opposite,verified_v_effect,-0.10698956809937954,0.0,0.0,0.0
direct,exp12_docs_code_14,docs_code,1,direct,0,direct,opposite,target_reader_sufficiency,0.035961853340268135,0.0,0.0,0.0
direct,exp12_docs_code_14,docs_code,1,direct,0,direct,opposite,target_reader_necessity,0.03602857328951359,0.0,0.0,0.0
direct,exp12_docs_code_14,docs_code,1,direct,0,direct,opposite,all7_reader_sufficiency,-0.10698956809937954,0.0,0.0,0.0
direct,exp12_docs_code_14,docs_code,1,direct,0,direct,opposite,all7_reader_necessity,-0.10698956809937954,0.0,0.0,0.0
direct,exp12_docs_code_14,docs_code,1,direct,0,direct,opposite,non_kv0_reader_sufficiency,-0.0,0.0,0.0,0.0
direct,exp12_docs_code_14,docs_code,1,direct,0,direct,opposite,non_kv0_reader_necessity,0.0,0.0,0.0,0.0
direct,exp12_docs_code_15,docs_code,0,direct,-1,,baseline,behavior_correct,1.0,,,
direct,exp12_docs_code_15,docs_code,0,direct,-1,,baseline,baseline_signed_preference,0.9680190826766193,,,
direct,exp12_docs_code_15,docs_code,1,direct,-1,,baseline,behavior_correct,1.0,,,
direct,exp12_docs_code_15,docs_code,1,direct,-1,,baseline,baseline_signed_preference,0.9657215476036072,,,
direct,exp12_docs_code_15,docs_code,0,direct,1,direct,opposite,H20_residual_reference,1.5589648862369359,,,
direct,exp12_docs_code_15,docs_code,0,direct,1,direct,opposite,frozen_V_sufficiency,-0.09381156926974654,,,
direct,exp12_docs_code_15,docs_code,0,direct,1,direct,opposite,frozen_V_necessity_loss,-0.03564952965825796,,,
direct,exp12_docs_code_15,docs_code,0,direct,1,direct,opposite,verified_v_effect,-0.09381156926974654,0.0,0.0,0.0
direct,exp12_docs_code_15,docs_code,0,direct,1,direct,opposite,target_reader_sufficiency,0.015541993547230959,0.0,0.0,0.0
direct,exp12_docs_code_15,docs_code,0,direct,1,direct,opposite,target_reader_necessity,0.03135034581646323,0.0,0.0,0.0
direct,exp12_docs_code_15,docs_code,0,direct,1,direct,opposite,all7_reader_sufficiency,-0.09381156926974654,0.0,0.0,0.0
direct,exp12_docs_code_15,docs_code,0,direct,1,direct,opposite,all7_reader_necessity,-0.09381156926974654,0.0,0.0,0.0
direct,exp12_docs_code_15,docs_code,0,direct,1,direct,opposite,non_kv0_reader_sufficiency,0.0,0.0,0.0,0.0
direct,exp12_docs_code_15,docs_code,0,direct,1,direct,opposite,non_kv0_reader_necessity,0.0,0.0,0.0,0.0
direct,exp12_docs_code_15,docs_code,1,direct,0,direct,opposite,H20_residual_reference,1.4486691979691386,,,
direct,exp12_docs_code_15,docs_code,1,direct,0,direct,opposite,frozen_V_sufficiency,-0.08924188278615475,,,
direct,exp12_docs_code_15,docs_code,1,direct,0,direct,opposite,frozen_V_necessity_loss,-0.06278815679252148,,,
direct,exp12_docs_code_15,docs_code,1,direct,0,direct,opposite,verified_v_effect,-0.08924188278615475,0.0,0.0,0.0
direct,exp12_docs_code_15,docs_code,1,direct,0,direct,opposite,target_reader_sufficiency,0.07143666222691536,0.0,0.0,0.0
direct,exp12_docs_code_15,docs_code,1,direct,0,direct,opposite,target_reader_necessity,0.05369917768985033,0.0,0.0,0.0
direct,exp12_docs_code_15,docs_code,1,direct,0,direct,opposite,all7_reader_sufficiency,-0.08924188278615475,0.0,0.0,0.0
direct,exp12_docs_code_15,docs_code,1,direct,0,direct,opposite,all7_reader_necessity,-0.08924188278615475,0.0,0.0,0.0
direct,exp12_docs_code_15,docs_code,1,direct,0,direct,opposite,non_kv0_reader_sufficiency,-0.0,0.0,0.0,0.0
direct,exp12_docs_code_15,docs_code,1,direct,0,direct,opposite,non_kv0_reader_necessity,0.0,0.0,0.0,0.0
