task_idx,task_id,recipient_condition,recipient_wording,recipient_label,common_suffix_length,suffix_index,offset,token_id,decoded_token
0,task_000,canonical_test,canonical,0,103,86,-17,29995,icts
0,task_000,canonical_test,canonical,0,103,87,-16,279, the
0,task_000,canonical_test,canonical,0,103,88,-15,3601, expected
0,task_000,canonical_test,canonical,0,103,89,-14,7709, behavior
0,task_000,canonical_test,canonical,0,103,90,-13,382,".

"
0,task_000,canonical_test,canonical,0,103,91,-12,24051,Choose
0,task_000,canonical_test,canonical,0,103,92,-11,279, the
0,task_000,canonical_test,canonical,0,103,93,-10,3175, single
0,task_000,canonical_test,canonical,0,103,94,-9,1790, next
0,task_000,canonical_test,canonical,0,103,95,-8,1917, action
0,task_000,canonical_test,canonical,0,103,96,-7,1431, now
0,task_000,canonical_test,canonical,0,103,97,-6,624,".
"
0,task_000,canonical_test,canonical,0,103,98,-5,151645,<|im_end|>
0,task_000,canonical_test,canonical,0,103,99,-4,198,"
"
0,task_000,canonical_test,canonical,0,103,100,-3,151644,<|im_start|>
0,task_000,canonical_test,canonical,0,103,101,-2,77091,assistant
0,task_000,canonical_test,canonical,0,103,102,-1,198,"
"
0,task_000,canonical_impl,canonical,1,103,86,-17,29995,icts
0,task_000,canonical_impl,canonical,1,103,87,-16,279, the
0,task_000,canonical_impl,canonical,1,103,88,-15,3601, expected
0,task_000,canonical_impl,canonical,1,103,89,-14,7709, behavior
0,task_000,canonical_impl,canonical,1,103,90,-13,382,".

"
0,task_000,canonical_impl,canonical,1,103,91,-12,24051,Choose
0,task_000,canonical_impl,canonical,1,103,92,-11,279, the
0,task_000,canonical_impl,canonical,1,103,93,-10,3175, single
0,task_000,canonical_impl,canonical,1,103,94,-9,1790, next
0,task_000,canonical_impl,canonical,1,103,95,-8,1917, action
0,task_000,canonical_impl,canonical,1,103,96,-7,1431, now
0,task_000,canonical_impl,canonical,1,103,97,-6,624,".
"
0,task_000,canonical_impl,canonical,1,103,98,-5,151645,<|im_end|>
0,task_000,canonical_impl,canonical,1,103,99,-4,198,"
"
0,task_000,canonical_impl,canonical,1,103,100,-3,151644,<|im_start|>
0,task_000,canonical_impl,canonical,1,103,101,-2,77091,assistant
0,task_000,canonical_impl,canonical,1,103,102,-1,198,"
"
0,task_000,paraphrase_test,paraphrase,0,96,80,-16,279, the
0,task_000,paraphrase_test,paraphrase,0,96,81,-15,3601, expected
0,task_000,paraphrase_test,paraphrase,0,96,82,-14,7709, behavior
0,task_000,paraphrase_test,paraphrase,0,96,83,-13,382,".

"
0,task_000,paraphrase_test,paraphrase,0,96,84,-12,24051,Choose
0,task_000,paraphrase_test,paraphrase,0,96,85,-11,279, the
0,task_000,paraphrase_test,paraphrase,0,96,86,-10,3175, single
0,task_000,paraphrase_test,paraphrase,0,96,87,-9,1790, next
0,task_000,paraphrase_test,paraphrase,0,96,88,-8,1917, action
0,task_000,paraphrase_test,paraphrase,0,96,89,-7,1431, now
0,task_000,paraphrase_test,paraphrase,0,96,90,-6,624,".
"
0,task_000,paraphrase_test,paraphrase,0,96,91,-5,151645,<|im_end|>
0,task_000,paraphrase_test,paraphrase,0,96,92,-4,198,"
"
0,task_000,paraphrase_test,paraphrase,0,96,93,-3,151644,<|im_start|>
0,task_000,paraphrase_test,paraphrase,0,96,94,-2,77091,assistant
0,task_000,paraphrase_test,paraphrase,0,96,95,-1,198,"
"
0,task_000,paraphrase_impl,paraphrase,1,96,80,-16,279, the
0,task_000,paraphrase_impl,paraphrase,1,96,81,-15,3601, expected
0,task_000,paraphrase_impl,paraphrase,1,96,82,-14,7709, behavior
0,task_000,paraphrase_impl,paraphrase,1,96,83,-13,382,".

"
0,task_000,paraphrase_impl,paraphrase,1,96,84,-12,24051,Choose
0,task_000,paraphrase_impl,paraphrase,1,96,85,-11,279, the
0,task_000,paraphrase_impl,paraphrase,1,96,86,-10,3175, single
0,task_000,paraphrase_impl,paraphrase,1,96,87,-9,1790, next
0,task_000,paraphrase_impl,paraphrase,1,96,88,-8,1917, action
0,task_000,paraphrase_impl,paraphrase,1,96,89,-7,1431, now
0,task_000,paraphrase_impl,paraphrase,1,96,90,-6,624,".
"
0,task_000,paraphrase_impl,paraphrase,1,96,91,-5,151645,<|im_end|>
0,task_000,paraphrase_impl,paraphrase,1,96,92,-4,198,"
"
0,task_000,paraphrase_impl,paraphrase,1,96,93,-3,151644,<|im_start|>
0,task_000,paraphrase_impl,paraphrase,1,96,94,-2,77091,assistant
0,task_000,paraphrase_impl,paraphrase,1,96,95,-1,198,"
"
1,task_001,canonical_test,canonical,0,121,101,-20,13166, observed
1,task_001,canonical_test,canonical,0,121,102,-19,7709, behavior
1,task_001,canonical_test,canonical,0,121,103,-18,22296, contrad
1,task_001,canonical_test,canonical,0,121,104,-17,29995,icts
1,task_001,canonical_test,canonical,0,121,105,-16,279, the
1,task_001,canonical_test,canonical,0,121,106,-15,3601, expected
1,task_001,canonical_test,canonical,0,121,107,-14,7709, behavior
1,task_001,canonical_test,canonical,0,121,108,-13,382,".

"
1,task_001,canonical_test,canonical,0,121,109,-12,24051,Choose
1,task_001,canonical_test,canonical,0,121,110,-11,279, the
1,task_001,canonical_test,canonical,0,121,111,-10,3175, single
1,task_001,canonical_test,canonical,0,121,112,-9,1790, next
1,task_001,canonical_test,canonical,0,121,113,-8,1917, action
1,task_001,canonical_test,canonical,0,121,114,-7,1431, now
1,task_001,canonical_test,canonical,0,121,115,-6,624,".
"
1,task_001,canonical_test,canonical,0,121,116,-5,151645,<|im_end|>
1,task_001,canonical_test,canonical,0,121,117,-4,198,"
"
1,task_001,canonical_test,canonical,0,121,118,-3,151644,<|im_start|>
1,task_001,canonical_test,canonical,0,121,119,-2,77091,assistant
1,task_001,canonical_test,canonical,0,121,120,-1,198,"
"
1,task_001,canonical_impl,canonical,1,121,101,-20,13166, observed
1,task_001,canonical_impl,canonical,1,121,102,-19,7709, behavior
1,task_001,canonical_impl,canonical,1,121,103,-18,22296, contrad
1,task_001,canonical_impl,canonical,1,121,104,-17,29995,icts
1,task_001,canonical_impl,canonical,1,121,105,-16,279, the
1,task_001,canonical_impl,canonical,1,121,106,-15,3601, expected
1,task_001,canonical_impl,canonical,1,121,107,-14,7709, behavior
1,task_001,canonical_impl,canonical,1,121,108,-13,382,".

"
1,task_001,canonical_impl,canonical,1,121,109,-12,24051,Choose
1,task_001,canonical_impl,canonical,1,121,110,-11,279, the
1,task_001,canonical_impl,canonical,1,121,111,-10,3175, single
1,task_001,canonical_impl,canonical,1,121,112,-9,1790, next
1,task_001,canonical_impl,canonical,1,121,113,-8,1917, action
1,task_001,canonical_impl,canonical,1,121,114,-7,1431, now
1,task_001,canonical_impl,canonical,1,121,115,-6,624,".
"
1,task_001,canonical_impl,canonical,1,121,116,-5,151645,<|im_end|>
1,task_001,canonical_impl,canonical,1,121,117,-4,198,"
"
1,task_001,canonical_impl,canonical,1,121,118,-3,151644,<|im_start|>
1,task_001,canonical_impl,canonical,1,121,119,-2,77091,assistant
1,task_001,canonical_impl,canonical,1,121,120,-1,198,"
"
1,task_001,paraphrase_test,paraphrase,0,114,95,-19,7709, behavior
1,task_001,paraphrase_test,paraphrase,0,114,96,-18,22296, contrad
1,task_001,paraphrase_test,paraphrase,0,114,97,-17,29995,icts
1,task_001,paraphrase_test,paraphrase,0,114,98,-16,279, the
1,task_001,paraphrase_test,paraphrase,0,114,99,-15,3601, expected
1,task_001,paraphrase_test,paraphrase,0,114,100,-14,7709, behavior
1,task_001,paraphrase_test,paraphrase,0,114,101,-13,382,".

"
1,task_001,paraphrase_test,paraphrase,0,114,102,-12,24051,Choose
1,task_001,paraphrase_test,paraphrase,0,114,103,-11,279, the
1,task_001,paraphrase_test,paraphrase,0,114,104,-10,3175, single
1,task_001,paraphrase_test,paraphrase,0,114,105,-9,1790, next
1,task_001,paraphrase_test,paraphrase,0,114,106,-8,1917, action
1,task_001,paraphrase_test,paraphrase,0,114,107,-7,1431, now
1,task_001,paraphrase_test,paraphrase,0,114,108,-6,624,".
"
1,task_001,paraphrase_test,paraphrase,0,114,109,-5,151645,<|im_end|>
1,task_001,paraphrase_test,paraphrase,0,114,110,-4,198,"
"
1,task_001,paraphrase_test,paraphrase,0,114,111,-3,151644,<|im_start|>
1,task_001,paraphrase_test,paraphrase,0,114,112,-2,77091,assistant
1,task_001,paraphrase_test,paraphrase,0,114,113,-1,198,"
"
1,task_001,paraphrase_impl,paraphrase,1,114,95,-19,7709, behavior
1,task_001,paraphrase_impl,paraphrase,1,114,96,-18,22296, contrad
1,task_001,paraphrase_impl,paraphrase,1,114,97,-17,29995,icts
1,task_001,paraphrase_impl,paraphrase,1,114,98,-16,279, the
1,task_001,paraphrase_impl,paraphrase,1,114,99,-15,3601, expected
1,task_001,paraphrase_impl,paraphrase,1,114,100,-14,7709, behavior
1,task_001,paraphrase_impl,paraphrase,1,114,101,-13,382,".

"
1,task_001,paraphrase_impl,paraphrase,1,114,102,-12,24051,Choose
1,task_001,paraphrase_impl,paraphrase,1,114,103,-11,279, the
1,task_001,paraphrase_impl,paraphrase,1,114,104,-10,3175, single
1,task_001,paraphrase_impl,paraphrase,1,114,105,-9,1790, next
1,task_001,paraphrase_impl,paraphrase,1,114,106,-8,1917, action
1,task_001,paraphrase_impl,paraphrase,1,114,107,-7,1431, now
1,task_001,paraphrase_impl,paraphrase,1,114,108,-6,624,".
"
1,task_001,paraphrase_impl,paraphrase,1,114,109,-5,151645,<|im_end|>
1,task_001,paraphrase_impl,paraphrase,1,114,110,-4,198,"
"
1,task_001,paraphrase_impl,paraphrase,1,114,111,-3,151644,<|im_start|>
1,task_001,paraphrase_impl,paraphrase,1,114,112,-2,77091,assistant
1,task_001,paraphrase_impl,paraphrase,1,114,113,-1,198,"
"
2,task_002,canonical_test,canonical,0,120,100,-20,13166, observed
2,task_002,canonical_test,canonical,0,120,101,-19,7709, behavior
2,task_002,canonical_test,canonical,0,120,102,-18,22296, contrad
2,task_002,canonical_test,canonical,0,120,103,-17,29995,icts
2,task_002,canonical_test,canonical,0,120,104,-16,279, the
2,task_002,canonical_test,canonical,0,120,105,-15,3601, expected
2,task_002,canonical_test,canonical,0,120,106,-14,7709, behavior
2,task_002,canonical_test,canonical,0,120,107,-13,382,".

"
2,task_002,canonical_test,canonical,0,120,108,-12,24051,Choose
2,task_002,canonical_test,canonical,0,120,109,-11,279, the
2,task_002,canonical_test,canonical,0,120,110,-10,3175, single
2,task_002,canonical_test,canonical,0,120,111,-9,1790, next
2,task_002,canonical_test,canonical,0,120,112,-8,1917, action
2,task_002,canonical_test,canonical,0,120,113,-7,1431, now
2,task_002,canonical_test,canonical,0,120,114,-6,624,".
"
2,task_002,canonical_test,canonical,0,120,115,-5,151645,<|im_end|>
2,task_002,canonical_test,canonical,0,120,116,-4,198,"
"
2,task_002,canonical_test,canonical,0,120,117,-3,151644,<|im_start|>
2,task_002,canonical_test,canonical,0,120,118,-2,77091,assistant
2,task_002,canonical_test,canonical,0,120,119,-1,198,"
"
2,task_002,canonical_impl,canonical,1,120,100,-20,13166, observed
2,task_002,canonical_impl,canonical,1,120,101,-19,7709, behavior
2,task_002,canonical_impl,canonical,1,120,102,-18,22296, contrad
2,task_002,canonical_impl,canonical,1,120,103,-17,29995,icts
2,task_002,canonical_impl,canonical,1,120,104,-16,279, the
2,task_002,canonical_impl,canonical,1,120,105,-15,3601, expected
2,task_002,canonical_impl,canonical,1,120,106,-14,7709, behavior
2,task_002,canonical_impl,canonical,1,120,107,-13,382,".

"
2,task_002,canonical_impl,canonical,1,120,108,-12,24051,Choose
2,task_002,canonical_impl,canonical,1,120,109,-11,279, the
2,task_002,canonical_impl,canonical,1,120,110,-10,3175, single
2,task_002,canonical_impl,canonical,1,120,111,-9,1790, next
2,task_002,canonical_impl,canonical,1,120,112,-8,1917, action
2,task_002,canonical_impl,canonical,1,120,113,-7,1431, now
2,task_002,canonical_impl,canonical,1,120,114,-6,624,".
"
2,task_002,canonical_impl,canonical,1,120,115,-5,151645,<|im_end|>
2,task_002,canonical_impl,canonical,1,120,116,-4,198,"
"
2,task_002,canonical_impl,canonical,1,120,117,-3,151644,<|im_start|>
2,task_002,canonical_impl,canonical,1,120,118,-2,77091,assistant
2,task_002,canonical_impl,canonical,1,120,119,-1,198,"
"
2,task_002,paraphrase_test,paraphrase,0,113,95,-18,22296, contrad
2,task_002,paraphrase_test,paraphrase,0,113,96,-17,29995,icts
2,task_002,paraphrase_test,paraphrase,0,113,97,-16,279, the
2,task_002,paraphrase_test,paraphrase,0,113,98,-15,3601, expected
2,task_002,paraphrase_test,paraphrase,0,113,99,-14,7709, behavior
2,task_002,paraphrase_test,paraphrase,0,113,100,-13,382,".

"
2,task_002,paraphrase_test,paraphrase,0,113,101,-12,24051,Choose
2,task_002,paraphrase_test,paraphrase,0,113,102,-11,279, the
2,task_002,paraphrase_test,paraphrase,0,113,103,-10,3175, single
2,task_002,paraphrase_test,paraphrase,0,113,104,-9,1790, next
2,task_002,paraphrase_test,paraphrase,0,113,105,-8,1917, action
2,task_002,paraphrase_test,paraphrase,0,113,106,-7,1431, now
2,task_002,paraphrase_test,paraphrase,0,113,107,-6,624,".
"
2,task_002,paraphrase_test,paraphrase,0,113,108,-5,151645,<|im_end|>
2,task_002,paraphrase_test,paraphrase,0,113,109,-4,198,"
"
2,task_002,paraphrase_test,paraphrase,0,113,110,-3,151644,<|im_start|>
2,task_002,paraphrase_test,paraphrase,0,113,111,-2,77091,assistant
2,task_002,paraphrase_test,paraphrase,0,113,112,-1,198,"
"
2,task_002,paraphrase_impl,paraphrase,1,113,95,-18,22296, contrad
2,task_002,paraphrase_impl,paraphrase,1,113,96,-17,29995,icts
2,task_002,paraphrase_impl,paraphrase,1,113,97,-16,279, the
2,task_002,paraphrase_impl,paraphrase,1,113,98,-15,3601, expected
2,task_002,paraphrase_impl,paraphrase,1,113,99,-14,7709, behavior
2,task_002,paraphrase_impl,paraphrase,1,113,100,-13,382,".

"
2,task_002,paraphrase_impl,paraphrase,1,113,101,-12,24051,Choose
2,task_002,paraphrase_impl,paraphrase,1,113,102,-11,279, the
2,task_002,paraphrase_impl,paraphrase,1,113,103,-10,3175, single
2,task_002,paraphrase_impl,paraphrase,1,113,104,-9,1790, next
2,task_002,paraphrase_impl,paraphrase,1,113,105,-8,1917, action
2,task_002,paraphrase_impl,paraphrase,1,113,106,-7,1431, now
2,task_002,paraphrase_impl,paraphrase,1,113,107,-6,624,".
"
2,task_002,paraphrase_impl,paraphrase,1,113,108,-5,151645,<|im_end|>
2,task_002,paraphrase_impl,paraphrase,1,113,109,-4,198,"
"
2,task_002,paraphrase_impl,paraphrase,1,113,110,-3,151644,<|im_start|>
2,task_002,paraphrase_impl,paraphrase,1,113,111,-2,77091,assistant
2,task_002,paraphrase_impl,paraphrase,1,113,112,-1,198,"
"
3,task_003,canonical_test,canonical,0,103,86,-17,29995,icts
3,task_003,canonical_test,canonical,0,103,87,-16,279, the
3,task_003,canonical_test,canonical,0,103,88,-15,3601, expected
3,task_003,canonical_test,canonical,0,103,89,-14,7709, behavior
3,task_003,canonical_test,canonical,0,103,90,-13,382,".

"
3,task_003,canonical_test,canonical,0,103,91,-12,24051,Choose
3,task_003,canonical_test,canonical,0,103,92,-11,279, the
3,task_003,canonical_test,canonical,0,103,93,-10,3175, single
3,task_003,canonical_test,canonical,0,103,94,-9,1790, next
3,task_003,canonical_test,canonical,0,103,95,-8,1917, action
3,task_003,canonical_test,canonical,0,103,96,-7,1431, now
3,task_003,canonical_test,canonical,0,103,97,-6,624,".
"
3,task_003,canonical_test,canonical,0,103,98,-5,151645,<|im_end|>
3,task_003,canonical_test,canonical,0,103,99,-4,198,"
"
3,task_003,canonical_test,canonical,0,103,100,-3,151644,<|im_start|>
3,task_003,canonical_test,canonical,0,103,101,-2,77091,assistant
3,task_003,canonical_test,canonical,0,103,102,-1,198,"
"
3,task_003,canonical_impl,canonical,1,103,86,-17,29995,icts
3,task_003,canonical_impl,canonical,1,103,87,-16,279, the
3,task_003,canonical_impl,canonical,1,103,88,-15,3601, expected
3,task_003,canonical_impl,canonical,1,103,89,-14,7709, behavior
3,task_003,canonical_impl,canonical,1,103,90,-13,382,".

"
3,task_003,canonical_impl,canonical,1,103,91,-12,24051,Choose
3,task_003,canonical_impl,canonical,1,103,92,-11,279, the
3,task_003,canonical_impl,canonical,1,103,93,-10,3175, single
3,task_003,canonical_impl,canonical,1,103,94,-9,1790, next
3,task_003,canonical_impl,canonical,1,103,95,-8,1917, action
3,task_003,canonical_impl,canonical,1,103,96,-7,1431, now
3,task_003,canonical_impl,canonical,1,103,97,-6,624,".
"
3,task_003,canonical_impl,canonical,1,103,98,-5,151645,<|im_end|>
3,task_003,canonical_impl,canonical,1,103,99,-4,198,"
"
3,task_003,canonical_impl,canonical,1,103,100,-3,151644,<|im_start|>
3,task_003,canonical_impl,canonical,1,103,101,-2,77091,assistant
3,task_003,canonical_impl,canonical,1,103,102,-1,198,"
"
3,task_003,paraphrase_test,paraphrase,0,96,80,-16,279, the
3,task_003,paraphrase_test,paraphrase,0,96,81,-15,3601, expected
3,task_003,paraphrase_test,paraphrase,0,96,82,-14,7709, behavior
3,task_003,paraphrase_test,paraphrase,0,96,83,-13,382,".

"
3,task_003,paraphrase_test,paraphrase,0,96,84,-12,24051,Choose
3,task_003,paraphrase_test,paraphrase,0,96,85,-11,279, the
3,task_003,paraphrase_test,paraphrase,0,96,86,-10,3175, single
3,task_003,paraphrase_test,paraphrase,0,96,87,-9,1790, next
3,task_003,paraphrase_test,paraphrase,0,96,88,-8,1917, action
3,task_003,paraphrase_test,paraphrase,0,96,89,-7,1431, now
3,task_003,paraphrase_test,paraphrase,0,96,90,-6,624,".
"
3,task_003,paraphrase_test,paraphrase,0,96,91,-5,151645,<|im_end|>
3,task_003,paraphrase_test,paraphrase,0,96,92,-4,198,"
"
3,task_003,paraphrase_test,paraphrase,0,96,93,-3,151644,<|im_start|>
3,task_003,paraphrase_test,paraphrase,0,96,94,-2,77091,assistant
3,task_003,paraphrase_test,paraphrase,0,96,95,-1,198,"
"
3,task_003,paraphrase_impl,paraphrase,1,96,80,-16,279, the
3,task_003,paraphrase_impl,paraphrase,1,96,81,-15,3601, expected
3,task_003,paraphrase_impl,paraphrase,1,96,82,-14,7709, behavior
3,task_003,paraphrase_impl,paraphrase,1,96,83,-13,382,".

"
3,task_003,paraphrase_impl,paraphrase,1,96,84,-12,24051,Choose
3,task_003,paraphrase_impl,paraphrase,1,96,85,-11,279, the
3,task_003,paraphrase_impl,paraphrase,1,96,86,-10,3175, single
3,task_003,paraphrase_impl,paraphrase,1,96,87,-9,1790, next
3,task_003,paraphrase_impl,paraphrase,1,96,88,-8,1917, action
3,task_003,paraphrase_impl,paraphrase,1,96,89,-7,1431, now
3,task_003,paraphrase_impl,paraphrase,1,96,90,-6,624,".
"
3,task_003,paraphrase_impl,paraphrase,1,96,91,-5,151645,<|im_end|>
3,task_003,paraphrase_impl,paraphrase,1,96,92,-4,198,"
"
3,task_003,paraphrase_impl,paraphrase,1,96,93,-3,151644,<|im_start|>
3,task_003,paraphrase_impl,paraphrase,1,96,94,-2,77091,assistant
3,task_003,paraphrase_impl,paraphrase,1,96,95,-1,198,"
"
4,task_004,canonical_test,canonical,0,121,101,-20,13166, observed
4,task_004,canonical_test,canonical,0,121,102,-19,7709, behavior
4,task_004,canonical_test,canonical,0,121,103,-18,22296, contrad
4,task_004,canonical_test,canonical,0,121,104,-17,29995,icts
4,task_004,canonical_test,canonical,0,121,105,-16,279, the
4,task_004,canonical_test,canonical,0,121,106,-15,3601, expected
4,task_004,canonical_test,canonical,0,121,107,-14,7709, behavior
4,task_004,canonical_test,canonical,0,121,108,-13,382,".

"
4,task_004,canonical_test,canonical,0,121,109,-12,24051,Choose
4,task_004,canonical_test,canonical,0,121,110,-11,279, the
4,task_004,canonical_test,canonical,0,121,111,-10,3175, single
4,task_004,canonical_test,canonical,0,121,112,-9,1790, next
4,task_004,canonical_test,canonical,0,121,113,-8,1917, action
4,task_004,canonical_test,canonical,0,121,114,-7,1431, now
4,task_004,canonical_test,canonical,0,121,115,-6,624,".
"
4,task_004,canonical_test,canonical,0,121,116,-5,151645,<|im_end|>
4,task_004,canonical_test,canonical,0,121,117,-4,198,"
"
4,task_004,canonical_test,canonical,0,121,118,-3,151644,<|im_start|>
4,task_004,canonical_test,canonical,0,121,119,-2,77091,assistant
4,task_004,canonical_test,canonical,0,121,120,-1,198,"
"
4,task_004,canonical_impl,canonical,1,121,101,-20,13166, observed
4,task_004,canonical_impl,canonical,1,121,102,-19,7709, behavior
4,task_004,canonical_impl,canonical,1,121,103,-18,22296, contrad
4,task_004,canonical_impl,canonical,1,121,104,-17,29995,icts
4,task_004,canonical_impl,canonical,1,121,105,-16,279, the
4,task_004,canonical_impl,canonical,1,121,106,-15,3601, expected
4,task_004,canonical_impl,canonical,1,121,107,-14,7709, behavior
4,task_004,canonical_impl,canonical,1,121,108,-13,382,".

"
4,task_004,canonical_impl,canonical,1,121,109,-12,24051,Choose
4,task_004,canonical_impl,canonical,1,121,110,-11,279, the
4,task_004,canonical_impl,canonical,1,121,111,-10,3175, single
4,task_004,canonical_impl,canonical,1,121,112,-9,1790, next
4,task_004,canonical_impl,canonical,1,121,113,-8,1917, action
4,task_004,canonical_impl,canonical,1,121,114,-7,1431, now
4,task_004,canonical_impl,canonical,1,121,115,-6,624,".
"
4,task_004,canonical_impl,canonical,1,121,116,-5,151645,<|im_end|>
4,task_004,canonical_impl,canonical,1,121,117,-4,198,"
"
4,task_004,canonical_impl,canonical,1,121,118,-3,151644,<|im_start|>
4,task_004,canonical_impl,canonical,1,121,119,-2,77091,assistant
4,task_004,canonical_impl,canonical,1,121,120,-1,198,"
"
4,task_004,paraphrase_test,paraphrase,0,114,95,-19,7709, behavior
4,task_004,paraphrase_test,paraphrase,0,114,96,-18,22296, contrad
4,task_004,paraphrase_test,paraphrase,0,114,97,-17,29995,icts
4,task_004,paraphrase_test,paraphrase,0,114,98,-16,279, the
4,task_004,paraphrase_test,paraphrase,0,114,99,-15,3601, expected
4,task_004,paraphrase_test,paraphrase,0,114,100,-14,7709, behavior
4,task_004,paraphrase_test,paraphrase,0,114,101,-13,382,".

"
4,task_004,paraphrase_test,paraphrase,0,114,102,-12,24051,Choose
4,task_004,paraphrase_test,paraphrase,0,114,103,-11,279, the
4,task_004,paraphrase_test,paraphrase,0,114,104,-10,3175, single
4,task_004,paraphrase_test,paraphrase,0,114,105,-9,1790, next
4,task_004,paraphrase_test,paraphrase,0,114,106,-8,1917, action
4,task_004,paraphrase_test,paraphrase,0,114,107,-7,1431, now
4,task_004,paraphrase_test,paraphrase,0,114,108,-6,624,".
"
4,task_004,paraphrase_test,paraphrase,0,114,109,-5,151645,<|im_end|>
4,task_004,paraphrase_test,paraphrase,0,114,110,-4,198,"
"
4,task_004,paraphrase_test,paraphrase,0,114,111,-3,151644,<|im_start|>
4,task_004,paraphrase_test,paraphrase,0,114,112,-2,77091,assistant
4,task_004,paraphrase_test,paraphrase,0,114,113,-1,198,"
"
4,task_004,paraphrase_impl,paraphrase,1,114,95,-19,7709, behavior
4,task_004,paraphrase_impl,paraphrase,1,114,96,-18,22296, contrad
4,task_004,paraphrase_impl,paraphrase,1,114,97,-17,29995,icts
4,task_004,paraphrase_impl,paraphrase,1,114,98,-16,279, the
4,task_004,paraphrase_impl,paraphrase,1,114,99,-15,3601, expected
4,task_004,paraphrase_impl,paraphrase,1,114,100,-14,7709, behavior
4,task_004,paraphrase_impl,paraphrase,1,114,101,-13,382,".

"
4,task_004,paraphrase_impl,paraphrase,1,114,102,-12,24051,Choose
4,task_004,paraphrase_impl,paraphrase,1,114,103,-11,279, the
4,task_004,paraphrase_impl,paraphrase,1,114,104,-10,3175, single
4,task_004,paraphrase_impl,paraphrase,1,114,105,-9,1790, next
4,task_004,paraphrase_impl,paraphrase,1,114,106,-8,1917, action
4,task_004,paraphrase_impl,paraphrase,1,114,107,-7,1431, now
4,task_004,paraphrase_impl,paraphrase,1,114,108,-6,624,".
"
4,task_004,paraphrase_impl,paraphrase,1,114,109,-5,151645,<|im_end|>
4,task_004,paraphrase_impl,paraphrase,1,114,110,-4,198,"
"
4,task_004,paraphrase_impl,paraphrase,1,114,111,-3,151644,<|im_start|>
4,task_004,paraphrase_impl,paraphrase,1,114,112,-2,77091,assistant
4,task_004,paraphrase_impl,paraphrase,1,114,113,-1,198,"
"
5,task_005,canonical_test,canonical,0,120,100,-20,13166, observed
5,task_005,canonical_test,canonical,0,120,101,-19,7709, behavior
5,task_005,canonical_test,canonical,0,120,102,-18,22296, contrad
5,task_005,canonical_test,canonical,0,120,103,-17,29995,icts
5,task_005,canonical_test,canonical,0,120,104,-16,279, the
5,task_005,canonical_test,canonical,0,120,105,-15,3601, expected
5,task_005,canonical_test,canonical,0,120,106,-14,7709, behavior
5,task_005,canonical_test,canonical,0,120,107,-13,382,".

"
5,task_005,canonical_test,canonical,0,120,108,-12,24051,Choose
5,task_005,canonical_test,canonical,0,120,109,-11,279, the
5,task_005,canonical_test,canonical,0,120,110,-10,3175, single
5,task_005,canonical_test,canonical,0,120,111,-9,1790, next
5,task_005,canonical_test,canonical,0,120,112,-8,1917, action
5,task_005,canonical_test,canonical,0,120,113,-7,1431, now
5,task_005,canonical_test,canonical,0,120,114,-6,624,".
"
5,task_005,canonical_test,canonical,0,120,115,-5,151645,<|im_end|>
5,task_005,canonical_test,canonical,0,120,116,-4,198,"
"
5,task_005,canonical_test,canonical,0,120,117,-3,151644,<|im_start|>
5,task_005,canonical_test,canonical,0,120,118,-2,77091,assistant
5,task_005,canonical_test,canonical,0,120,119,-1,198,"
"
5,task_005,canonical_impl,canonical,1,120,100,-20,13166, observed
5,task_005,canonical_impl,canonical,1,120,101,-19,7709, behavior
5,task_005,canonical_impl,canonical,1,120,102,-18,22296, contrad
5,task_005,canonical_impl,canonical,1,120,103,-17,29995,icts
5,task_005,canonical_impl,canonical,1,120,104,-16,279, the
5,task_005,canonical_impl,canonical,1,120,105,-15,3601, expected
5,task_005,canonical_impl,canonical,1,120,106,-14,7709, behavior
5,task_005,canonical_impl,canonical,1,120,107,-13,382,".

"
5,task_005,canonical_impl,canonical,1,120,108,-12,24051,Choose
5,task_005,canonical_impl,canonical,1,120,109,-11,279, the
5,task_005,canonical_impl,canonical,1,120,110,-10,3175, single
5,task_005,canonical_impl,canonical,1,120,111,-9,1790, next
5,task_005,canonical_impl,canonical,1,120,112,-8,1917, action
5,task_005,canonical_impl,canonical,1,120,113,-7,1431, now
5,task_005,canonical_impl,canonical,1,120,114,-6,624,".
"
5,task_005,canonical_impl,canonical,1,120,115,-5,151645,<|im_end|>
5,task_005,canonical_impl,canonical,1,120,116,-4,198,"
"
5,task_005,canonical_impl,canonical,1,120,117,-3,151644,<|im_start|>
5,task_005,canonical_impl,canonical,1,120,118,-2,77091,assistant
5,task_005,canonical_impl,canonical,1,120,119,-1,198,"
"
5,task_005,paraphrase_test,paraphrase,0,113,95,-18,22296, contrad
5,task_005,paraphrase_test,paraphrase,0,113,96,-17,29995,icts
5,task_005,paraphrase_test,paraphrase,0,113,97,-16,279, the
5,task_005,paraphrase_test,paraphrase,0,113,98,-15,3601, expected
5,task_005,paraphrase_test,paraphrase,0,113,99,-14,7709, behavior
5,task_005,paraphrase_test,paraphrase,0,113,100,-13,382,".

"
5,task_005,paraphrase_test,paraphrase,0,113,101,-12,24051,Choose
5,task_005,paraphrase_test,paraphrase,0,113,102,-11,279, the
5,task_005,paraphrase_test,paraphrase,0,113,103,-10,3175, single
5,task_005,paraphrase_test,paraphrase,0,113,104,-9,1790, next
5,task_005,paraphrase_test,paraphrase,0,113,105,-8,1917, action
5,task_005,paraphrase_test,paraphrase,0,113,106,-7,1431, now
5,task_005,paraphrase_test,paraphrase,0,113,107,-6,624,".
"
5,task_005,paraphrase_test,paraphrase,0,113,108,-5,151645,<|im_end|>
5,task_005,paraphrase_test,paraphrase,0,113,109,-4,198,"
"
5,task_005,paraphrase_test,paraphrase,0,113,110,-3,151644,<|im_start|>
5,task_005,paraphrase_test,paraphrase,0,113,111,-2,77091,assistant
5,task_005,paraphrase_test,paraphrase,0,113,112,-1,198,"
"
5,task_005,paraphrase_impl,paraphrase,1,113,95,-18,22296, contrad
5,task_005,paraphrase_impl,paraphrase,1,113,96,-17,29995,icts
5,task_005,paraphrase_impl,paraphrase,1,113,97,-16,279, the
5,task_005,paraphrase_impl,paraphrase,1,113,98,-15,3601, expected
5,task_005,paraphrase_impl,paraphrase,1,113,99,-14,7709, behavior
5,task_005,paraphrase_impl,paraphrase,1,113,100,-13,382,".

"
5,task_005,paraphrase_impl,paraphrase,1,113,101,-12,24051,Choose
5,task_005,paraphrase_impl,paraphrase,1,113,102,-11,279, the
5,task_005,paraphrase_impl,paraphrase,1,113,103,-10,3175, single
5,task_005,paraphrase_impl,paraphrase,1,113,104,-9,1790, next
5,task_005,paraphrase_impl,paraphrase,1,113,105,-8,1917, action
5,task_005,paraphrase_impl,paraphrase,1,113,106,-7,1431, now
5,task_005,paraphrase_impl,paraphrase,1,113,107,-6,624,".
"
5,task_005,paraphrase_impl,paraphrase,1,113,108,-5,151645,<|im_end|>
5,task_005,paraphrase_impl,paraphrase,1,113,109,-4,198,"
"
5,task_005,paraphrase_impl,paraphrase,1,113,110,-3,151644,<|im_start|>
5,task_005,paraphrase_impl,paraphrase,1,113,111,-2,77091,assistant
5,task_005,paraphrase_impl,paraphrase,1,113,112,-1,198,"
"
6,task_006,canonical_test,canonical,0,103,86,-17,29995,icts
6,task_006,canonical_test,canonical,0,103,87,-16,279, the
6,task_006,canonical_test,canonical,0,103,88,-15,3601, expected
6,task_006,canonical_test,canonical,0,103,89,-14,7709, behavior
6,task_006,canonical_test,canonical,0,103,90,-13,382,".

"
6,task_006,canonical_test,canonical,0,103,91,-12,24051,Choose
6,task_006,canonical_test,canonical,0,103,92,-11,279, the
6,task_006,canonical_test,canonical,0,103,93,-10,3175, single
6,task_006,canonical_test,canonical,0,103,94,-9,1790, next
6,task_006,canonical_test,canonical,0,103,95,-8,1917, action
6,task_006,canonical_test,canonical,0,103,96,-7,1431, now
6,task_006,canonical_test,canonical,0,103,97,-6,624,".
"
6,task_006,canonical_test,canonical,0,103,98,-5,151645,<|im_end|>
6,task_006,canonical_test,canonical,0,103,99,-4,198,"
"
6,task_006,canonical_test,canonical,0,103,100,-3,151644,<|im_start|>
6,task_006,canonical_test,canonical,0,103,101,-2,77091,assistant
6,task_006,canonical_test,canonical,0,103,102,-1,198,"
"
6,task_006,canonical_impl,canonical,1,103,86,-17,29995,icts
6,task_006,canonical_impl,canonical,1,103,87,-16,279, the
6,task_006,canonical_impl,canonical,1,103,88,-15,3601, expected
6,task_006,canonical_impl,canonical,1,103,89,-14,7709, behavior
6,task_006,canonical_impl,canonical,1,103,90,-13,382,".

"
6,task_006,canonical_impl,canonical,1,103,91,-12,24051,Choose
6,task_006,canonical_impl,canonical,1,103,92,-11,279, the
6,task_006,canonical_impl,canonical,1,103,93,-10,3175, single
6,task_006,canonical_impl,canonical,1,103,94,-9,1790, next
6,task_006,canonical_impl,canonical,1,103,95,-8,1917, action
6,task_006,canonical_impl,canonical,1,103,96,-7,1431, now
6,task_006,canonical_impl,canonical,1,103,97,-6,624,".
"
6,task_006,canonical_impl,canonical,1,103,98,-5,151645,<|im_end|>
6,task_006,canonical_impl,canonical,1,103,99,-4,198,"
"
6,task_006,canonical_impl,canonical,1,103,100,-3,151644,<|im_start|>
6,task_006,canonical_impl,canonical,1,103,101,-2,77091,assistant
6,task_006,canonical_impl,canonical,1,103,102,-1,198,"
"
6,task_006,paraphrase_test,paraphrase,0,96,80,-16,279, the
6,task_006,paraphrase_test,paraphrase,0,96,81,-15,3601, expected
6,task_006,paraphrase_test,paraphrase,0,96,82,-14,7709, behavior
6,task_006,paraphrase_test,paraphrase,0,96,83,-13,382,".

"
6,task_006,paraphrase_test,paraphrase,0,96,84,-12,24051,Choose
6,task_006,paraphrase_test,paraphrase,0,96,85,-11,279, the
6,task_006,paraphrase_test,paraphrase,0,96,86,-10,3175, single
6,task_006,paraphrase_test,paraphrase,0,96,87,-9,1790, next
6,task_006,paraphrase_test,paraphrase,0,96,88,-8,1917, action
6,task_006,paraphrase_test,paraphrase,0,96,89,-7,1431, now
6,task_006,paraphrase_test,paraphrase,0,96,90,-6,624,".
"
6,task_006,paraphrase_test,paraphrase,0,96,91,-5,151645,<|im_end|>
6,task_006,paraphrase_test,paraphrase,0,96,92,-4,198,"
"
6,task_006,paraphrase_test,paraphrase,0,96,93,-3,151644,<|im_start|>
6,task_006,paraphrase_test,paraphrase,0,96,94,-2,77091,assistant
6,task_006,paraphrase_test,paraphrase,0,96,95,-1,198,"
"
6,task_006,paraphrase_impl,paraphrase,1,96,80,-16,279, the
6,task_006,paraphrase_impl,paraphrase,1,96,81,-15,3601, expected
6,task_006,paraphrase_impl,paraphrase,1,96,82,-14,7709, behavior
6,task_006,paraphrase_impl,paraphrase,1,96,83,-13,382,".

"
6,task_006,paraphrase_impl,paraphrase,1,96,84,-12,24051,Choose
6,task_006,paraphrase_impl,paraphrase,1,96,85,-11,279, the
6,task_006,paraphrase_impl,paraphrase,1,96,86,-10,3175, single
6,task_006,paraphrase_impl,paraphrase,1,96,87,-9,1790, next
6,task_006,paraphrase_impl,paraphrase,1,96,88,-8,1917, action
6,task_006,paraphrase_impl,paraphrase,1,96,89,-7,1431, now
6,task_006,paraphrase_impl,paraphrase,1,96,90,-6,624,".
"
6,task_006,paraphrase_impl,paraphrase,1,96,91,-5,151645,<|im_end|>
6,task_006,paraphrase_impl,paraphrase,1,96,92,-4,198,"
"
6,task_006,paraphrase_impl,paraphrase,1,96,93,-3,151644,<|im_start|>
6,task_006,paraphrase_impl,paraphrase,1,96,94,-2,77091,assistant
6,task_006,paraphrase_impl,paraphrase,1,96,95,-1,198,"
"
7,task_007,canonical_test,canonical,0,121,101,-20,13166, observed
7,task_007,canonical_test,canonical,0,121,102,-19,7709, behavior
7,task_007,canonical_test,canonical,0,121,103,-18,22296, contrad
7,task_007,canonical_test,canonical,0,121,104,-17,29995,icts
7,task_007,canonical_test,canonical,0,121,105,-16,279, the
7,task_007,canonical_test,canonical,0,121,106,-15,3601, expected
7,task_007,canonical_test,canonical,0,121,107,-14,7709, behavior
7,task_007,canonical_test,canonical,0,121,108,-13,382,".

"
7,task_007,canonical_test,canonical,0,121,109,-12,24051,Choose
7,task_007,canonical_test,canonical,0,121,110,-11,279, the
7,task_007,canonical_test,canonical,0,121,111,-10,3175, single
7,task_007,canonical_test,canonical,0,121,112,-9,1790, next
7,task_007,canonical_test,canonical,0,121,113,-8,1917, action
7,task_007,canonical_test,canonical,0,121,114,-7,1431, now
7,task_007,canonical_test,canonical,0,121,115,-6,624,".
"
7,task_007,canonical_test,canonical,0,121,116,-5,151645,<|im_end|>
7,task_007,canonical_test,canonical,0,121,117,-4,198,"
"
7,task_007,canonical_test,canonical,0,121,118,-3,151644,<|im_start|>
7,task_007,canonical_test,canonical,0,121,119,-2,77091,assistant
7,task_007,canonical_test,canonical,0,121,120,-1,198,"
"
7,task_007,canonical_impl,canonical,1,121,101,-20,13166, observed
7,task_007,canonical_impl,canonical,1,121,102,-19,7709, behavior
7,task_007,canonical_impl,canonical,1,121,103,-18,22296, contrad
7,task_007,canonical_impl,canonical,1,121,104,-17,29995,icts
7,task_007,canonical_impl,canonical,1,121,105,-16,279, the
7,task_007,canonical_impl,canonical,1,121,106,-15,3601, expected
7,task_007,canonical_impl,canonical,1,121,107,-14,7709, behavior
7,task_007,canonical_impl,canonical,1,121,108,-13,382,".

"
7,task_007,canonical_impl,canonical,1,121,109,-12,24051,Choose
7,task_007,canonical_impl,canonical,1,121,110,-11,279, the
7,task_007,canonical_impl,canonical,1,121,111,-10,3175, single
7,task_007,canonical_impl,canonical,1,121,112,-9,1790, next
7,task_007,canonical_impl,canonical,1,121,113,-8,1917, action
7,task_007,canonical_impl,canonical,1,121,114,-7,1431, now
7,task_007,canonical_impl,canonical,1,121,115,-6,624,".
"
7,task_007,canonical_impl,canonical,1,121,116,-5,151645,<|im_end|>
7,task_007,canonical_impl,canonical,1,121,117,-4,198,"
"
7,task_007,canonical_impl,canonical,1,121,118,-3,151644,<|im_start|>
7,task_007,canonical_impl,canonical,1,121,119,-2,77091,assistant
7,task_007,canonical_impl,canonical,1,121,120,-1,198,"
"
7,task_007,paraphrase_test,paraphrase,0,114,95,-19,7709, behavior
7,task_007,paraphrase_test,paraphrase,0,114,96,-18,22296, contrad
7,task_007,paraphrase_test,paraphrase,0,114,97,-17,29995,icts
7,task_007,paraphrase_test,paraphrase,0,114,98,-16,279, the
7,task_007,paraphrase_test,paraphrase,0,114,99,-15,3601, expected
7,task_007,paraphrase_test,paraphrase,0,114,100,-14,7709, behavior
7,task_007,paraphrase_test,paraphrase,0,114,101,-13,382,".

"
7,task_007,paraphrase_test,paraphrase,0,114,102,-12,24051,Choose
7,task_007,paraphrase_test,paraphrase,0,114,103,-11,279, the
7,task_007,paraphrase_test,paraphrase,0,114,104,-10,3175, single
7,task_007,paraphrase_test,paraphrase,0,114,105,-9,1790, next
7,task_007,paraphrase_test,paraphrase,0,114,106,-8,1917, action
7,task_007,paraphrase_test,paraphrase,0,114,107,-7,1431, now
7,task_007,paraphrase_test,paraphrase,0,114,108,-6,624,".
"
7,task_007,paraphrase_test,paraphrase,0,114,109,-5,151645,<|im_end|>
7,task_007,paraphrase_test,paraphrase,0,114,110,-4,198,"
"
7,task_007,paraphrase_test,paraphrase,0,114,111,-3,151644,<|im_start|>
7,task_007,paraphrase_test,paraphrase,0,114,112,-2,77091,assistant
7,task_007,paraphrase_test,paraphrase,0,114,113,-1,198,"
"
7,task_007,paraphrase_impl,paraphrase,1,114,95,-19,7709, behavior
7,task_007,paraphrase_impl,paraphrase,1,114,96,-18,22296, contrad
7,task_007,paraphrase_impl,paraphrase,1,114,97,-17,29995,icts
7,task_007,paraphrase_impl,paraphrase,1,114,98,-16,279, the
7,task_007,paraphrase_impl,paraphrase,1,114,99,-15,3601, expected
7,task_007,paraphrase_impl,paraphrase,1,114,100,-14,7709, behavior
7,task_007,paraphrase_impl,paraphrase,1,114,101,-13,382,".

"
7,task_007,paraphrase_impl,paraphrase,1,114,102,-12,24051,Choose
7,task_007,paraphrase_impl,paraphrase,1,114,103,-11,279, the
7,task_007,paraphrase_impl,paraphrase,1,114,104,-10,3175, single
7,task_007,paraphrase_impl,paraphrase,1,114,105,-9,1790, next
7,task_007,paraphrase_impl,paraphrase,1,114,106,-8,1917, action
7,task_007,paraphrase_impl,paraphrase,1,114,107,-7,1431, now
7,task_007,paraphrase_impl,paraphrase,1,114,108,-6,624,".
"
7,task_007,paraphrase_impl,paraphrase,1,114,109,-5,151645,<|im_end|>
7,task_007,paraphrase_impl,paraphrase,1,114,110,-4,198,"
"
7,task_007,paraphrase_impl,paraphrase,1,114,111,-3,151644,<|im_start|>
7,task_007,paraphrase_impl,paraphrase,1,114,112,-2,77091,assistant
7,task_007,paraphrase_impl,paraphrase,1,114,113,-1,198,"
"
8,task_008,canonical_test,canonical,0,120,100,-20,13166, observed
8,task_008,canonical_test,canonical,0,120,101,-19,7709, behavior
8,task_008,canonical_test,canonical,0,120,102,-18,22296, contrad
8,task_008,canonical_test,canonical,0,120,103,-17,29995,icts
8,task_008,canonical_test,canonical,0,120,104,-16,279, the
8,task_008,canonical_test,canonical,0,120,105,-15,3601, expected
8,task_008,canonical_test,canonical,0,120,106,-14,7709, behavior
8,task_008,canonical_test,canonical,0,120,107,-13,382,".

"
8,task_008,canonical_test,canonical,0,120,108,-12,24051,Choose
8,task_008,canonical_test,canonical,0,120,109,-11,279, the
8,task_008,canonical_test,canonical,0,120,110,-10,3175, single
8,task_008,canonical_test,canonical,0,120,111,-9,1790, next
8,task_008,canonical_test,canonical,0,120,112,-8,1917, action
8,task_008,canonical_test,canonical,0,120,113,-7,1431, now
8,task_008,canonical_test,canonical,0,120,114,-6,624,".
"
8,task_008,canonical_test,canonical,0,120,115,-5,151645,<|im_end|>
8,task_008,canonical_test,canonical,0,120,116,-4,198,"
"
8,task_008,canonical_test,canonical,0,120,117,-3,151644,<|im_start|>
8,task_008,canonical_test,canonical,0,120,118,-2,77091,assistant
8,task_008,canonical_test,canonical,0,120,119,-1,198,"
"
8,task_008,canonical_impl,canonical,1,120,100,-20,13166, observed
8,task_008,canonical_impl,canonical,1,120,101,-19,7709, behavior
8,task_008,canonical_impl,canonical,1,120,102,-18,22296, contrad
8,task_008,canonical_impl,canonical,1,120,103,-17,29995,icts
8,task_008,canonical_impl,canonical,1,120,104,-16,279, the
8,task_008,canonical_impl,canonical,1,120,105,-15,3601, expected
8,task_008,canonical_impl,canonical,1,120,106,-14,7709, behavior
8,task_008,canonical_impl,canonical,1,120,107,-13,382,".

"
8,task_008,canonical_impl,canonical,1,120,108,-12,24051,Choose
8,task_008,canonical_impl,canonical,1,120,109,-11,279, the
8,task_008,canonical_impl,canonical,1,120,110,-10,3175, single
8,task_008,canonical_impl,canonical,1,120,111,-9,1790, next
8,task_008,canonical_impl,canonical,1,120,112,-8,1917, action
8,task_008,canonical_impl,canonical,1,120,113,-7,1431, now
8,task_008,canonical_impl,canonical,1,120,114,-6,624,".
"
8,task_008,canonical_impl,canonical,1,120,115,-5,151645,<|im_end|>
8,task_008,canonical_impl,canonical,1,120,116,-4,198,"
"
8,task_008,canonical_impl,canonical,1,120,117,-3,151644,<|im_start|>
8,task_008,canonical_impl,canonical,1,120,118,-2,77091,assistant
8,task_008,canonical_impl,canonical,1,120,119,-1,198,"
"
8,task_008,paraphrase_test,paraphrase,0,113,95,-18,22296, contrad
8,task_008,paraphrase_test,paraphrase,0,113,96,-17,29995,icts
8,task_008,paraphrase_test,paraphrase,0,113,97,-16,279, the
8,task_008,paraphrase_test,paraphrase,0,113,98,-15,3601, expected
8,task_008,paraphrase_test,paraphrase,0,113,99,-14,7709, behavior
8,task_008,paraphrase_test,paraphrase,0,113,100,-13,382,".

"
8,task_008,paraphrase_test,paraphrase,0,113,101,-12,24051,Choose
8,task_008,paraphrase_test,paraphrase,0,113,102,-11,279, the
8,task_008,paraphrase_test,paraphrase,0,113,103,-10,3175, single
8,task_008,paraphrase_test,paraphrase,0,113,104,-9,1790, next
8,task_008,paraphrase_test,paraphrase,0,113,105,-8,1917, action
8,task_008,paraphrase_test,paraphrase,0,113,106,-7,1431, now
8,task_008,paraphrase_test,paraphrase,0,113,107,-6,624,".
"
8,task_008,paraphrase_test,paraphrase,0,113,108,-5,151645,<|im_end|>
8,task_008,paraphrase_test,paraphrase,0,113,109,-4,198,"
"
8,task_008,paraphrase_test,paraphrase,0,113,110,-3,151644,<|im_start|>
8,task_008,paraphrase_test,paraphrase,0,113,111,-2,77091,assistant
8,task_008,paraphrase_test,paraphrase,0,113,112,-1,198,"
"
8,task_008,paraphrase_impl,paraphrase,1,113,95,-18,22296, contrad
8,task_008,paraphrase_impl,paraphrase,1,113,96,-17,29995,icts
8,task_008,paraphrase_impl,paraphrase,1,113,97,-16,279, the
8,task_008,paraphrase_impl,paraphrase,1,113,98,-15,3601, expected
8,task_008,paraphrase_impl,paraphrase,1,113,99,-14,7709, behavior
8,task_008,paraphrase_impl,paraphrase,1,113,100,-13,382,".

"
8,task_008,paraphrase_impl,paraphrase,1,113,101,-12,24051,Choose
8,task_008,paraphrase_impl,paraphrase,1,113,102,-11,279, the
8,task_008,paraphrase_impl,paraphrase,1,113,103,-10,3175, single
8,task_008,paraphrase_impl,paraphrase,1,113,104,-9,1790, next
8,task_008,paraphrase_impl,paraphrase,1,113,105,-8,1917, action
8,task_008,paraphrase_impl,paraphrase,1,113,106,-7,1431, now
8,task_008,paraphrase_impl,paraphrase,1,113,107,-6,624,".
"
8,task_008,paraphrase_impl,paraphrase,1,113,108,-5,151645,<|im_end|>
8,task_008,paraphrase_impl,paraphrase,1,113,109,-4,198,"
"
8,task_008,paraphrase_impl,paraphrase,1,113,110,-3,151644,<|im_start|>
8,task_008,paraphrase_impl,paraphrase,1,113,111,-2,77091,assistant
8,task_008,paraphrase_impl,paraphrase,1,113,112,-1,198,"
"
9,task_009,canonical_test,canonical,0,103,86,-17,29995,icts
9,task_009,canonical_test,canonical,0,103,87,-16,279, the
9,task_009,canonical_test,canonical,0,103,88,-15,3601, expected
9,task_009,canonical_test,canonical,0,103,89,-14,7709, behavior
9,task_009,canonical_test,canonical,0,103,90,-13,382,".

"
9,task_009,canonical_test,canonical,0,103,91,-12,24051,Choose
9,task_009,canonical_test,canonical,0,103,92,-11,279, the
9,task_009,canonical_test,canonical,0,103,93,-10,3175, single
9,task_009,canonical_test,canonical,0,103,94,-9,1790, next
9,task_009,canonical_test,canonical,0,103,95,-8,1917, action
9,task_009,canonical_test,canonical,0,103,96,-7,1431, now
9,task_009,canonical_test,canonical,0,103,97,-6,624,".
"
9,task_009,canonical_test,canonical,0,103,98,-5,151645,<|im_end|>
9,task_009,canonical_test,canonical,0,103,99,-4,198,"
"
9,task_009,canonical_test,canonical,0,103,100,-3,151644,<|im_start|>
9,task_009,canonical_test,canonical,0,103,101,-2,77091,assistant
9,task_009,canonical_test,canonical,0,103,102,-1,198,"
"
9,task_009,canonical_impl,canonical,1,103,86,-17,29995,icts
9,task_009,canonical_impl,canonical,1,103,87,-16,279, the
9,task_009,canonical_impl,canonical,1,103,88,-15,3601, expected
9,task_009,canonical_impl,canonical,1,103,89,-14,7709, behavior
9,task_009,canonical_impl,canonical,1,103,90,-13,382,".

"
9,task_009,canonical_impl,canonical,1,103,91,-12,24051,Choose
9,task_009,canonical_impl,canonical,1,103,92,-11,279, the
9,task_009,canonical_impl,canonical,1,103,93,-10,3175, single
9,task_009,canonical_impl,canonical,1,103,94,-9,1790, next
9,task_009,canonical_impl,canonical,1,103,95,-8,1917, action
9,task_009,canonical_impl,canonical,1,103,96,-7,1431, now
9,task_009,canonical_impl,canonical,1,103,97,-6,624,".
"
9,task_009,canonical_impl,canonical,1,103,98,-5,151645,<|im_end|>
9,task_009,canonical_impl,canonical,1,103,99,-4,198,"
"
9,task_009,canonical_impl,canonical,1,103,100,-3,151644,<|im_start|>
9,task_009,canonical_impl,canonical,1,103,101,-2,77091,assistant
9,task_009,canonical_impl,canonical,1,103,102,-1,198,"
"
9,task_009,paraphrase_test,paraphrase,0,96,80,-16,279, the
9,task_009,paraphrase_test,paraphrase,0,96,81,-15,3601, expected
9,task_009,paraphrase_test,paraphrase,0,96,82,-14,7709, behavior
9,task_009,paraphrase_test,paraphrase,0,96,83,-13,382,".

"
9,task_009,paraphrase_test,paraphrase,0,96,84,-12,24051,Choose
9,task_009,paraphrase_test,paraphrase,0,96,85,-11,279, the
9,task_009,paraphrase_test,paraphrase,0,96,86,-10,3175, single
9,task_009,paraphrase_test,paraphrase,0,96,87,-9,1790, next
9,task_009,paraphrase_test,paraphrase,0,96,88,-8,1917, action
9,task_009,paraphrase_test,paraphrase,0,96,89,-7,1431, now
9,task_009,paraphrase_test,paraphrase,0,96,90,-6,624,".
"
9,task_009,paraphrase_test,paraphrase,0,96,91,-5,151645,<|im_end|>
9,task_009,paraphrase_test,paraphrase,0,96,92,-4,198,"
"
9,task_009,paraphrase_test,paraphrase,0,96,93,-3,151644,<|im_start|>
9,task_009,paraphrase_test,paraphrase,0,96,94,-2,77091,assistant
9,task_009,paraphrase_test,paraphrase,0,96,95,-1,198,"
"
9,task_009,paraphrase_impl,paraphrase,1,96,80,-16,279, the
9,task_009,paraphrase_impl,paraphrase,1,96,81,-15,3601, expected
9,task_009,paraphrase_impl,paraphrase,1,96,82,-14,7709, behavior
9,task_009,paraphrase_impl,paraphrase,1,96,83,-13,382,".

"
9,task_009,paraphrase_impl,paraphrase,1,96,84,-12,24051,Choose
9,task_009,paraphrase_impl,paraphrase,1,96,85,-11,279, the
9,task_009,paraphrase_impl,paraphrase,1,96,86,-10,3175, single
9,task_009,paraphrase_impl,paraphrase,1,96,87,-9,1790, next
9,task_009,paraphrase_impl,paraphrase,1,96,88,-8,1917, action
9,task_009,paraphrase_impl,paraphrase,1,96,89,-7,1431, now
9,task_009,paraphrase_impl,paraphrase,1,96,90,-6,624,".
"
9,task_009,paraphrase_impl,paraphrase,1,96,91,-5,151645,<|im_end|>
9,task_009,paraphrase_impl,paraphrase,1,96,92,-4,198,"
"
9,task_009,paraphrase_impl,paraphrase,1,96,93,-3,151644,<|im_start|>
9,task_009,paraphrase_impl,paraphrase,1,96,94,-2,77091,assistant
9,task_009,paraphrase_impl,paraphrase,1,96,95,-1,198,"
"
10,task_010,canonical_test,canonical,0,121,101,-20,13166, observed
10,task_010,canonical_test,canonical,0,121,102,-19,7709, behavior
10,task_010,canonical_test,canonical,0,121,103,-18,22296, contrad
10,task_010,canonical_test,canonical,0,121,104,-17,29995,icts
10,task_010,canonical_test,canonical,0,121,105,-16,279, the
10,task_010,canonical_test,canonical,0,121,106,-15,3601, expected
10,task_010,canonical_test,canonical,0,121,107,-14,7709, behavior
10,task_010,canonical_test,canonical,0,121,108,-13,382,".

"
10,task_010,canonical_test,canonical,0,121,109,-12,24051,Choose
10,task_010,canonical_test,canonical,0,121,110,-11,279, the
10,task_010,canonical_test,canonical,0,121,111,-10,3175, single
10,task_010,canonical_test,canonical,0,121,112,-9,1790, next
10,task_010,canonical_test,canonical,0,121,113,-8,1917, action
10,task_010,canonical_test,canonical,0,121,114,-7,1431, now
10,task_010,canonical_test,canonical,0,121,115,-6,624,".
"
10,task_010,canonical_test,canonical,0,121,116,-5,151645,<|im_end|>
10,task_010,canonical_test,canonical,0,121,117,-4,198,"
"
10,task_010,canonical_test,canonical,0,121,118,-3,151644,<|im_start|>
10,task_010,canonical_test,canonical,0,121,119,-2,77091,assistant
10,task_010,canonical_test,canonical,0,121,120,-1,198,"
"
10,task_010,canonical_impl,canonical,1,121,101,-20,13166, observed
10,task_010,canonical_impl,canonical,1,121,102,-19,7709, behavior
10,task_010,canonical_impl,canonical,1,121,103,-18,22296, contrad
10,task_010,canonical_impl,canonical,1,121,104,-17,29995,icts
10,task_010,canonical_impl,canonical,1,121,105,-16,279, the
10,task_010,canonical_impl,canonical,1,121,106,-15,3601, expected
10,task_010,canonical_impl,canonical,1,121,107,-14,7709, behavior
10,task_010,canonical_impl,canonical,1,121,108,-13,382,".

"
10,task_010,canonical_impl,canonical,1,121,109,-12,24051,Choose
10,task_010,canonical_impl,canonical,1,121,110,-11,279, the
10,task_010,canonical_impl,canonical,1,121,111,-10,3175, single
10,task_010,canonical_impl,canonical,1,121,112,-9,1790, next
10,task_010,canonical_impl,canonical,1,121,113,-8,1917, action
10,task_010,canonical_impl,canonical,1,121,114,-7,1431, now
10,task_010,canonical_impl,canonical,1,121,115,-6,624,".
"
10,task_010,canonical_impl,canonical,1,121,116,-5,151645,<|im_end|>
10,task_010,canonical_impl,canonical,1,121,117,-4,198,"
"
10,task_010,canonical_impl,canonical,1,121,118,-3,151644,<|im_start|>
10,task_010,canonical_impl,canonical,1,121,119,-2,77091,assistant
10,task_010,canonical_impl,canonical,1,121,120,-1,198,"
"
10,task_010,paraphrase_test,paraphrase,0,114,95,-19,7709, behavior
10,task_010,paraphrase_test,paraphrase,0,114,96,-18,22296, contrad
10,task_010,paraphrase_test,paraphrase,0,114,97,-17,29995,icts
10,task_010,paraphrase_test,paraphrase,0,114,98,-16,279, the
10,task_010,paraphrase_test,paraphrase,0,114,99,-15,3601, expected
10,task_010,paraphrase_test,paraphrase,0,114,100,-14,7709, behavior
10,task_010,paraphrase_test,paraphrase,0,114,101,-13,382,".

"
10,task_010,paraphrase_test,paraphrase,0,114,102,-12,24051,Choose
10,task_010,paraphrase_test,paraphrase,0,114,103,-11,279, the
10,task_010,paraphrase_test,paraphrase,0,114,104,-10,3175, single
10,task_010,paraphrase_test,paraphrase,0,114,105,-9,1790, next
10,task_010,paraphrase_test,paraphrase,0,114,106,-8,1917, action
10,task_010,paraphrase_test,paraphrase,0,114,107,-7,1431, now
10,task_010,paraphrase_test,paraphrase,0,114,108,-6,624,".
"
10,task_010,paraphrase_test,paraphrase,0,114,109,-5,151645,<|im_end|>
10,task_010,paraphrase_test,paraphrase,0,114,110,-4,198,"
"
10,task_010,paraphrase_test,paraphrase,0,114,111,-3,151644,<|im_start|>
10,task_010,paraphrase_test,paraphrase,0,114,112,-2,77091,assistant
10,task_010,paraphrase_test,paraphrase,0,114,113,-1,198,"
"
10,task_010,paraphrase_impl,paraphrase,1,114,95,-19,7709, behavior
10,task_010,paraphrase_impl,paraphrase,1,114,96,-18,22296, contrad
10,task_010,paraphrase_impl,paraphrase,1,114,97,-17,29995,icts
10,task_010,paraphrase_impl,paraphrase,1,114,98,-16,279, the
10,task_010,paraphrase_impl,paraphrase,1,114,99,-15,3601, expected
10,task_010,paraphrase_impl,paraphrase,1,114,100,-14,7709, behavior
10,task_010,paraphrase_impl,paraphrase,1,114,101,-13,382,".

"
10,task_010,paraphrase_impl,paraphrase,1,114,102,-12,24051,Choose
10,task_010,paraphrase_impl,paraphrase,1,114,103,-11,279, the
10,task_010,paraphrase_impl,paraphrase,1,114,104,-10,3175, single
10,task_010,paraphrase_impl,paraphrase,1,114,105,-9,1790, next
10,task_010,paraphrase_impl,paraphrase,1,114,106,-8,1917, action
10,task_010,paraphrase_impl,paraphrase,1,114,107,-7,1431, now
10,task_010,paraphrase_impl,paraphrase,1,114,108,-6,624,".
"
10,task_010,paraphrase_impl,paraphrase,1,114,109,-5,151645,<|im_end|>
10,task_010,paraphrase_impl,paraphrase,1,114,110,-4,198,"
"
10,task_010,paraphrase_impl,paraphrase,1,114,111,-3,151644,<|im_start|>
10,task_010,paraphrase_impl,paraphrase,1,114,112,-2,77091,assistant
10,task_010,paraphrase_impl,paraphrase,1,114,113,-1,198,"
"
11,task_011,canonical_test,canonical,0,120,100,-20,13166, observed
11,task_011,canonical_test,canonical,0,120,101,-19,7709, behavior
11,task_011,canonical_test,canonical,0,120,102,-18,22296, contrad
11,task_011,canonical_test,canonical,0,120,103,-17,29995,icts
11,task_011,canonical_test,canonical,0,120,104,-16,279, the
11,task_011,canonical_test,canonical,0,120,105,-15,3601, expected
11,task_011,canonical_test,canonical,0,120,106,-14,7709, behavior
11,task_011,canonical_test,canonical,0,120,107,-13,382,".

"
11,task_011,canonical_test,canonical,0,120,108,-12,24051,Choose
11,task_011,canonical_test,canonical,0,120,109,-11,279, the
11,task_011,canonical_test,canonical,0,120,110,-10,3175, single
11,task_011,canonical_test,canonical,0,120,111,-9,1790, next
11,task_011,canonical_test,canonical,0,120,112,-8,1917, action
11,task_011,canonical_test,canonical,0,120,113,-7,1431, now
11,task_011,canonical_test,canonical,0,120,114,-6,624,".
"
11,task_011,canonical_test,canonical,0,120,115,-5,151645,<|im_end|>
11,task_011,canonical_test,canonical,0,120,116,-4,198,"
"
11,task_011,canonical_test,canonical,0,120,117,-3,151644,<|im_start|>
11,task_011,canonical_test,canonical,0,120,118,-2,77091,assistant
11,task_011,canonical_test,canonical,0,120,119,-1,198,"
"
11,task_011,canonical_impl,canonical,1,120,100,-20,13166, observed
11,task_011,canonical_impl,canonical,1,120,101,-19,7709, behavior
11,task_011,canonical_impl,canonical,1,120,102,-18,22296, contrad
11,task_011,canonical_impl,canonical,1,120,103,-17,29995,icts
11,task_011,canonical_impl,canonical,1,120,104,-16,279, the
11,task_011,canonical_impl,canonical,1,120,105,-15,3601, expected
11,task_011,canonical_impl,canonical,1,120,106,-14,7709, behavior
11,task_011,canonical_impl,canonical,1,120,107,-13,382,".

"
11,task_011,canonical_impl,canonical,1,120,108,-12,24051,Choose
11,task_011,canonical_impl,canonical,1,120,109,-11,279, the
11,task_011,canonical_impl,canonical,1,120,110,-10,3175, single
11,task_011,canonical_impl,canonical,1,120,111,-9,1790, next
11,task_011,canonical_impl,canonical,1,120,112,-8,1917, action
11,task_011,canonical_impl,canonical,1,120,113,-7,1431, now
11,task_011,canonical_impl,canonical,1,120,114,-6,624,".
"
11,task_011,canonical_impl,canonical,1,120,115,-5,151645,<|im_end|>
11,task_011,canonical_impl,canonical,1,120,116,-4,198,"
"
11,task_011,canonical_impl,canonical,1,120,117,-3,151644,<|im_start|>
11,task_011,canonical_impl,canonical,1,120,118,-2,77091,assistant
11,task_011,canonical_impl,canonical,1,120,119,-1,198,"
"
11,task_011,paraphrase_test,paraphrase,0,113,95,-18,22296, contrad
11,task_011,paraphrase_test,paraphrase,0,113,96,-17,29995,icts
11,task_011,paraphrase_test,paraphrase,0,113,97,-16,279, the
11,task_011,paraphrase_test,paraphrase,0,113,98,-15,3601, expected
11,task_011,paraphrase_test,paraphrase,0,113,99,-14,7709, behavior
11,task_011,paraphrase_test,paraphrase,0,113,100,-13,382,".

"
11,task_011,paraphrase_test,paraphrase,0,113,101,-12,24051,Choose
11,task_011,paraphrase_test,paraphrase,0,113,102,-11,279, the
11,task_011,paraphrase_test,paraphrase,0,113,103,-10,3175, single
11,task_011,paraphrase_test,paraphrase,0,113,104,-9,1790, next
11,task_011,paraphrase_test,paraphrase,0,113,105,-8,1917, action
11,task_011,paraphrase_test,paraphrase,0,113,106,-7,1431, now
11,task_011,paraphrase_test,paraphrase,0,113,107,-6,624,".
"
11,task_011,paraphrase_test,paraphrase,0,113,108,-5,151645,<|im_end|>
11,task_011,paraphrase_test,paraphrase,0,113,109,-4,198,"
"
11,task_011,paraphrase_test,paraphrase,0,113,110,-3,151644,<|im_start|>
11,task_011,paraphrase_test,paraphrase,0,113,111,-2,77091,assistant
11,task_011,paraphrase_test,paraphrase,0,113,112,-1,198,"
"
11,task_011,paraphrase_impl,paraphrase,1,113,95,-18,22296, contrad
11,task_011,paraphrase_impl,paraphrase,1,113,96,-17,29995,icts
11,task_011,paraphrase_impl,paraphrase,1,113,97,-16,279, the
11,task_011,paraphrase_impl,paraphrase,1,113,98,-15,3601, expected
11,task_011,paraphrase_impl,paraphrase,1,113,99,-14,7709, behavior
11,task_011,paraphrase_impl,paraphrase,1,113,100,-13,382,".

"
11,task_011,paraphrase_impl,paraphrase,1,113,101,-12,24051,Choose
11,task_011,paraphrase_impl,paraphrase,1,113,102,-11,279, the
11,task_011,paraphrase_impl,paraphrase,1,113,103,-10,3175, single
11,task_011,paraphrase_impl,paraphrase,1,113,104,-9,1790, next
11,task_011,paraphrase_impl,paraphrase,1,113,105,-8,1917, action
11,task_011,paraphrase_impl,paraphrase,1,113,106,-7,1431, now
11,task_011,paraphrase_impl,paraphrase,1,113,107,-6,624,".
"
11,task_011,paraphrase_impl,paraphrase,1,113,108,-5,151645,<|im_end|>
11,task_011,paraphrase_impl,paraphrase,1,113,109,-4,198,"
"
11,task_011,paraphrase_impl,paraphrase,1,113,110,-3,151644,<|im_start|>
11,task_011,paraphrase_impl,paraphrase,1,113,111,-2,77091,assistant
11,task_011,paraphrase_impl,paraphrase,1,113,112,-1,198,"
"
12,task_012,canonical_test,canonical,0,103,86,-17,29995,icts
12,task_012,canonical_test,canonical,0,103,87,-16,279, the
12,task_012,canonical_test,canonical,0,103,88,-15,3601, expected
12,task_012,canonical_test,canonical,0,103,89,-14,7709, behavior
12,task_012,canonical_test,canonical,0,103,90,-13,382,".

"
12,task_012,canonical_test,canonical,0,103,91,-12,24051,Choose
12,task_012,canonical_test,canonical,0,103,92,-11,279, the
12,task_012,canonical_test,canonical,0,103,93,-10,3175, single
12,task_012,canonical_test,canonical,0,103,94,-9,1790, next
12,task_012,canonical_test,canonical,0,103,95,-8,1917, action
12,task_012,canonical_test,canonical,0,103,96,-7,1431, now
12,task_012,canonical_test,canonical,0,103,97,-6,624,".
"
12,task_012,canonical_test,canonical,0,103,98,-5,151645,<|im_end|>
12,task_012,canonical_test,canonical,0,103,99,-4,198,"
"
12,task_012,canonical_test,canonical,0,103,100,-3,151644,<|im_start|>
12,task_012,canonical_test,canonical,0,103,101,-2,77091,assistant
12,task_012,canonical_test,canonical,0,103,102,-1,198,"
"
12,task_012,canonical_impl,canonical,1,103,86,-17,29995,icts
12,task_012,canonical_impl,canonical,1,103,87,-16,279, the
12,task_012,canonical_impl,canonical,1,103,88,-15,3601, expected
12,task_012,canonical_impl,canonical,1,103,89,-14,7709, behavior
12,task_012,canonical_impl,canonical,1,103,90,-13,382,".

"
12,task_012,canonical_impl,canonical,1,103,91,-12,24051,Choose
12,task_012,canonical_impl,canonical,1,103,92,-11,279, the
12,task_012,canonical_impl,canonical,1,103,93,-10,3175, single
12,task_012,canonical_impl,canonical,1,103,94,-9,1790, next
12,task_012,canonical_impl,canonical,1,103,95,-8,1917, action
12,task_012,canonical_impl,canonical,1,103,96,-7,1431, now
12,task_012,canonical_impl,canonical,1,103,97,-6,624,".
"
12,task_012,canonical_impl,canonical,1,103,98,-5,151645,<|im_end|>
12,task_012,canonical_impl,canonical,1,103,99,-4,198,"
"
12,task_012,canonical_impl,canonical,1,103,100,-3,151644,<|im_start|>
12,task_012,canonical_impl,canonical,1,103,101,-2,77091,assistant
12,task_012,canonical_impl,canonical,1,103,102,-1,198,"
"
12,task_012,paraphrase_test,paraphrase,0,96,80,-16,279, the
12,task_012,paraphrase_test,paraphrase,0,96,81,-15,3601, expected
12,task_012,paraphrase_test,paraphrase,0,96,82,-14,7709, behavior
12,task_012,paraphrase_test,paraphrase,0,96,83,-13,382,".

"
12,task_012,paraphrase_test,paraphrase,0,96,84,-12,24051,Choose
12,task_012,paraphrase_test,paraphrase,0,96,85,-11,279, the
12,task_012,paraphrase_test,paraphrase,0,96,86,-10,3175, single
12,task_012,paraphrase_test,paraphrase,0,96,87,-9,1790, next
12,task_012,paraphrase_test,paraphrase,0,96,88,-8,1917, action
12,task_012,paraphrase_test,paraphrase,0,96,89,-7,1431, now
12,task_012,paraphrase_test,paraphrase,0,96,90,-6,624,".
"
12,task_012,paraphrase_test,paraphrase,0,96,91,-5,151645,<|im_end|>
12,task_012,paraphrase_test,paraphrase,0,96,92,-4,198,"
"
12,task_012,paraphrase_test,paraphrase,0,96,93,-3,151644,<|im_start|>
12,task_012,paraphrase_test,paraphrase,0,96,94,-2,77091,assistant
12,task_012,paraphrase_test,paraphrase,0,96,95,-1,198,"
"
12,task_012,paraphrase_impl,paraphrase,1,96,80,-16,279, the
12,task_012,paraphrase_impl,paraphrase,1,96,81,-15,3601, expected
12,task_012,paraphrase_impl,paraphrase,1,96,82,-14,7709, behavior
12,task_012,paraphrase_impl,paraphrase,1,96,83,-13,382,".

"
12,task_012,paraphrase_impl,paraphrase,1,96,84,-12,24051,Choose
12,task_012,paraphrase_impl,paraphrase,1,96,85,-11,279, the
12,task_012,paraphrase_impl,paraphrase,1,96,86,-10,3175, single
12,task_012,paraphrase_impl,paraphrase,1,96,87,-9,1790, next
12,task_012,paraphrase_impl,paraphrase,1,96,88,-8,1917, action
12,task_012,paraphrase_impl,paraphrase,1,96,89,-7,1431, now
12,task_012,paraphrase_impl,paraphrase,1,96,90,-6,624,".
"
12,task_012,paraphrase_impl,paraphrase,1,96,91,-5,151645,<|im_end|>
12,task_012,paraphrase_impl,paraphrase,1,96,92,-4,198,"
"
12,task_012,paraphrase_impl,paraphrase,1,96,93,-3,151644,<|im_start|>
12,task_012,paraphrase_impl,paraphrase,1,96,94,-2,77091,assistant
12,task_012,paraphrase_impl,paraphrase,1,96,95,-1,198,"
"
13,task_013,canonical_test,canonical,0,121,101,-20,13166, observed
13,task_013,canonical_test,canonical,0,121,102,-19,7709, behavior
13,task_013,canonical_test,canonical,0,121,103,-18,22296, contrad
13,task_013,canonical_test,canonical,0,121,104,-17,29995,icts
13,task_013,canonical_test,canonical,0,121,105,-16,279, the
13,task_013,canonical_test,canonical,0,121,106,-15,3601, expected
13,task_013,canonical_test,canonical,0,121,107,-14,7709, behavior
13,task_013,canonical_test,canonical,0,121,108,-13,382,".

"
13,task_013,canonical_test,canonical,0,121,109,-12,24051,Choose
13,task_013,canonical_test,canonical,0,121,110,-11,279, the
13,task_013,canonical_test,canonical,0,121,111,-10,3175, single
13,task_013,canonical_test,canonical,0,121,112,-9,1790, next
13,task_013,canonical_test,canonical,0,121,113,-8,1917, action
13,task_013,canonical_test,canonical,0,121,114,-7,1431, now
13,task_013,canonical_test,canonical,0,121,115,-6,624,".
"
13,task_013,canonical_test,canonical,0,121,116,-5,151645,<|im_end|>
13,task_013,canonical_test,canonical,0,121,117,-4,198,"
"
13,task_013,canonical_test,canonical,0,121,118,-3,151644,<|im_start|>
13,task_013,canonical_test,canonical,0,121,119,-2,77091,assistant
13,task_013,canonical_test,canonical,0,121,120,-1,198,"
"
13,task_013,canonical_impl,canonical,1,121,101,-20,13166, observed
13,task_013,canonical_impl,canonical,1,121,102,-19,7709, behavior
13,task_013,canonical_impl,canonical,1,121,103,-18,22296, contrad
13,task_013,canonical_impl,canonical,1,121,104,-17,29995,icts
13,task_013,canonical_impl,canonical,1,121,105,-16,279, the
13,task_013,canonical_impl,canonical,1,121,106,-15,3601, expected
13,task_013,canonical_impl,canonical,1,121,107,-14,7709, behavior
13,task_013,canonical_impl,canonical,1,121,108,-13,382,".

"
13,task_013,canonical_impl,canonical,1,121,109,-12,24051,Choose
13,task_013,canonical_impl,canonical,1,121,110,-11,279, the
13,task_013,canonical_impl,canonical,1,121,111,-10,3175, single
13,task_013,canonical_impl,canonical,1,121,112,-9,1790, next
13,task_013,canonical_impl,canonical,1,121,113,-8,1917, action
13,task_013,canonical_impl,canonical,1,121,114,-7,1431, now
13,task_013,canonical_impl,canonical,1,121,115,-6,624,".
"
13,task_013,canonical_impl,canonical,1,121,116,-5,151645,<|im_end|>
13,task_013,canonical_impl,canonical,1,121,117,-4,198,"
"
13,task_013,canonical_impl,canonical,1,121,118,-3,151644,<|im_start|>
13,task_013,canonical_impl,canonical,1,121,119,-2,77091,assistant
13,task_013,canonical_impl,canonical,1,121,120,-1,198,"
"
13,task_013,paraphrase_test,paraphrase,0,114,95,-19,7709, behavior
13,task_013,paraphrase_test,paraphrase,0,114,96,-18,22296, contrad
13,task_013,paraphrase_test,paraphrase,0,114,97,-17,29995,icts
13,task_013,paraphrase_test,paraphrase,0,114,98,-16,279, the
13,task_013,paraphrase_test,paraphrase,0,114,99,-15,3601, expected
13,task_013,paraphrase_test,paraphrase,0,114,100,-14,7709, behavior
13,task_013,paraphrase_test,paraphrase,0,114,101,-13,382,".

"
13,task_013,paraphrase_test,paraphrase,0,114,102,-12,24051,Choose
13,task_013,paraphrase_test,paraphrase,0,114,103,-11,279, the
13,task_013,paraphrase_test,paraphrase,0,114,104,-10,3175, single
13,task_013,paraphrase_test,paraphrase,0,114,105,-9,1790, next
13,task_013,paraphrase_test,paraphrase,0,114,106,-8,1917, action
13,task_013,paraphrase_test,paraphrase,0,114,107,-7,1431, now
13,task_013,paraphrase_test,paraphrase,0,114,108,-6,624,".
"
13,task_013,paraphrase_test,paraphrase,0,114,109,-5,151645,<|im_end|>
13,task_013,paraphrase_test,paraphrase,0,114,110,-4,198,"
"
13,task_013,paraphrase_test,paraphrase,0,114,111,-3,151644,<|im_start|>
13,task_013,paraphrase_test,paraphrase,0,114,112,-2,77091,assistant
13,task_013,paraphrase_test,paraphrase,0,114,113,-1,198,"
"
13,task_013,paraphrase_impl,paraphrase,1,114,95,-19,7709, behavior
13,task_013,paraphrase_impl,paraphrase,1,114,96,-18,22296, contrad
13,task_013,paraphrase_impl,paraphrase,1,114,97,-17,29995,icts
13,task_013,paraphrase_impl,paraphrase,1,114,98,-16,279, the
13,task_013,paraphrase_impl,paraphrase,1,114,99,-15,3601, expected
13,task_013,paraphrase_impl,paraphrase,1,114,100,-14,7709, behavior
13,task_013,paraphrase_impl,paraphrase,1,114,101,-13,382,".

"
13,task_013,paraphrase_impl,paraphrase,1,114,102,-12,24051,Choose
13,task_013,paraphrase_impl,paraphrase,1,114,103,-11,279, the
13,task_013,paraphrase_impl,paraphrase,1,114,104,-10,3175, single
13,task_013,paraphrase_impl,paraphrase,1,114,105,-9,1790, next
13,task_013,paraphrase_impl,paraphrase,1,114,106,-8,1917, action
13,task_013,paraphrase_impl,paraphrase,1,114,107,-7,1431, now
13,task_013,paraphrase_impl,paraphrase,1,114,108,-6,624,".
"
13,task_013,paraphrase_impl,paraphrase,1,114,109,-5,151645,<|im_end|>
13,task_013,paraphrase_impl,paraphrase,1,114,110,-4,198,"
"
13,task_013,paraphrase_impl,paraphrase,1,114,111,-3,151644,<|im_start|>
13,task_013,paraphrase_impl,paraphrase,1,114,112,-2,77091,assistant
13,task_013,paraphrase_impl,paraphrase,1,114,113,-1,198,"
"
14,task_014,canonical_test,canonical,0,120,100,-20,13166, observed
14,task_014,canonical_test,canonical,0,120,101,-19,7709, behavior
14,task_014,canonical_test,canonical,0,120,102,-18,22296, contrad
14,task_014,canonical_test,canonical,0,120,103,-17,29995,icts
14,task_014,canonical_test,canonical,0,120,104,-16,279, the
14,task_014,canonical_test,canonical,0,120,105,-15,3601, expected
14,task_014,canonical_test,canonical,0,120,106,-14,7709, behavior
14,task_014,canonical_test,canonical,0,120,107,-13,382,".

"
14,task_014,canonical_test,canonical,0,120,108,-12,24051,Choose
14,task_014,canonical_test,canonical,0,120,109,-11,279, the
14,task_014,canonical_test,canonical,0,120,110,-10,3175, single
14,task_014,canonical_test,canonical,0,120,111,-9,1790, next
14,task_014,canonical_test,canonical,0,120,112,-8,1917, action
14,task_014,canonical_test,canonical,0,120,113,-7,1431, now
14,task_014,canonical_test,canonical,0,120,114,-6,624,".
"
14,task_014,canonical_test,canonical,0,120,115,-5,151645,<|im_end|>
14,task_014,canonical_test,canonical,0,120,116,-4,198,"
"
14,task_014,canonical_test,canonical,0,120,117,-3,151644,<|im_start|>
14,task_014,canonical_test,canonical,0,120,118,-2,77091,assistant
14,task_014,canonical_test,canonical,0,120,119,-1,198,"
"
14,task_014,canonical_impl,canonical,1,120,100,-20,13166, observed
14,task_014,canonical_impl,canonical,1,120,101,-19,7709, behavior
14,task_014,canonical_impl,canonical,1,120,102,-18,22296, contrad
14,task_014,canonical_impl,canonical,1,120,103,-17,29995,icts
14,task_014,canonical_impl,canonical,1,120,104,-16,279, the
14,task_014,canonical_impl,canonical,1,120,105,-15,3601, expected
14,task_014,canonical_impl,canonical,1,120,106,-14,7709, behavior
14,task_014,canonical_impl,canonical,1,120,107,-13,382,".

"
14,task_014,canonical_impl,canonical,1,120,108,-12,24051,Choose
14,task_014,canonical_impl,canonical,1,120,109,-11,279, the
14,task_014,canonical_impl,canonical,1,120,110,-10,3175, single
14,task_014,canonical_impl,canonical,1,120,111,-9,1790, next
14,task_014,canonical_impl,canonical,1,120,112,-8,1917, action
14,task_014,canonical_impl,canonical,1,120,113,-7,1431, now
14,task_014,canonical_impl,canonical,1,120,114,-6,624,".
"
14,task_014,canonical_impl,canonical,1,120,115,-5,151645,<|im_end|>
14,task_014,canonical_impl,canonical,1,120,116,-4,198,"
"
14,task_014,canonical_impl,canonical,1,120,117,-3,151644,<|im_start|>
14,task_014,canonical_impl,canonical,1,120,118,-2,77091,assistant
14,task_014,canonical_impl,canonical,1,120,119,-1,198,"
"
14,task_014,paraphrase_test,paraphrase,0,113,95,-18,22296, contrad
14,task_014,paraphrase_test,paraphrase,0,113,96,-17,29995,icts
14,task_014,paraphrase_test,paraphrase,0,113,97,-16,279, the
14,task_014,paraphrase_test,paraphrase,0,113,98,-15,3601, expected
14,task_014,paraphrase_test,paraphrase,0,113,99,-14,7709, behavior
14,task_014,paraphrase_test,paraphrase,0,113,100,-13,382,".

"
14,task_014,paraphrase_test,paraphrase,0,113,101,-12,24051,Choose
14,task_014,paraphrase_test,paraphrase,0,113,102,-11,279, the
14,task_014,paraphrase_test,paraphrase,0,113,103,-10,3175, single
14,task_014,paraphrase_test,paraphrase,0,113,104,-9,1790, next
14,task_014,paraphrase_test,paraphrase,0,113,105,-8,1917, action
14,task_014,paraphrase_test,paraphrase,0,113,106,-7,1431, now
14,task_014,paraphrase_test,paraphrase,0,113,107,-6,624,".
"
14,task_014,paraphrase_test,paraphrase,0,113,108,-5,151645,<|im_end|>
14,task_014,paraphrase_test,paraphrase,0,113,109,-4,198,"
"
14,task_014,paraphrase_test,paraphrase,0,113,110,-3,151644,<|im_start|>
14,task_014,paraphrase_test,paraphrase,0,113,111,-2,77091,assistant
14,task_014,paraphrase_test,paraphrase,0,113,112,-1,198,"
"
14,task_014,paraphrase_impl,paraphrase,1,113,95,-18,22296, contrad
14,task_014,paraphrase_impl,paraphrase,1,113,96,-17,29995,icts
14,task_014,paraphrase_impl,paraphrase,1,113,97,-16,279, the
14,task_014,paraphrase_impl,paraphrase,1,113,98,-15,3601, expected
14,task_014,paraphrase_impl,paraphrase,1,113,99,-14,7709, behavior
14,task_014,paraphrase_impl,paraphrase,1,113,100,-13,382,".

"
14,task_014,paraphrase_impl,paraphrase,1,113,101,-12,24051,Choose
14,task_014,paraphrase_impl,paraphrase,1,113,102,-11,279, the
14,task_014,paraphrase_impl,paraphrase,1,113,103,-10,3175, single
14,task_014,paraphrase_impl,paraphrase,1,113,104,-9,1790, next
14,task_014,paraphrase_impl,paraphrase,1,113,105,-8,1917, action
14,task_014,paraphrase_impl,paraphrase,1,113,106,-7,1431, now
14,task_014,paraphrase_impl,paraphrase,1,113,107,-6,624,".
"
14,task_014,paraphrase_impl,paraphrase,1,113,108,-5,151645,<|im_end|>
14,task_014,paraphrase_impl,paraphrase,1,113,109,-4,198,"
"
14,task_014,paraphrase_impl,paraphrase,1,113,110,-3,151644,<|im_start|>
14,task_014,paraphrase_impl,paraphrase,1,113,111,-2,77091,assistant
14,task_014,paraphrase_impl,paraphrase,1,113,112,-1,198,"
"
15,task_015,canonical_test,canonical,0,103,86,-17,29995,icts
15,task_015,canonical_test,canonical,0,103,87,-16,279, the
15,task_015,canonical_test,canonical,0,103,88,-15,3601, expected
15,task_015,canonical_test,canonical,0,103,89,-14,7709, behavior
15,task_015,canonical_test,canonical,0,103,90,-13,382,".

"
15,task_015,canonical_test,canonical,0,103,91,-12,24051,Choose
15,task_015,canonical_test,canonical,0,103,92,-11,279, the
15,task_015,canonical_test,canonical,0,103,93,-10,3175, single
15,task_015,canonical_test,canonical,0,103,94,-9,1790, next
15,task_015,canonical_test,canonical,0,103,95,-8,1917, action
15,task_015,canonical_test,canonical,0,103,96,-7,1431, now
15,task_015,canonical_test,canonical,0,103,97,-6,624,".
"
15,task_015,canonical_test,canonical,0,103,98,-5,151645,<|im_end|>
15,task_015,canonical_test,canonical,0,103,99,-4,198,"
"
15,task_015,canonical_test,canonical,0,103,100,-3,151644,<|im_start|>
15,task_015,canonical_test,canonical,0,103,101,-2,77091,assistant
15,task_015,canonical_test,canonical,0,103,102,-1,198,"
"
15,task_015,canonical_impl,canonical,1,103,86,-17,29995,icts
15,task_015,canonical_impl,canonical,1,103,87,-16,279, the
15,task_015,canonical_impl,canonical,1,103,88,-15,3601, expected
15,task_015,canonical_impl,canonical,1,103,89,-14,7709, behavior
15,task_015,canonical_impl,canonical,1,103,90,-13,382,".

"
15,task_015,canonical_impl,canonical,1,103,91,-12,24051,Choose
15,task_015,canonical_impl,canonical,1,103,92,-11,279, the
15,task_015,canonical_impl,canonical,1,103,93,-10,3175, single
15,task_015,canonical_impl,canonical,1,103,94,-9,1790, next
15,task_015,canonical_impl,canonical,1,103,95,-8,1917, action
15,task_015,canonical_impl,canonical,1,103,96,-7,1431, now
15,task_015,canonical_impl,canonical,1,103,97,-6,624,".
"
15,task_015,canonical_impl,canonical,1,103,98,-5,151645,<|im_end|>
15,task_015,canonical_impl,canonical,1,103,99,-4,198,"
"
15,task_015,canonical_impl,canonical,1,103,100,-3,151644,<|im_start|>
15,task_015,canonical_impl,canonical,1,103,101,-2,77091,assistant
15,task_015,canonical_impl,canonical,1,103,102,-1,198,"
"
15,task_015,paraphrase_test,paraphrase,0,96,80,-16,279, the
15,task_015,paraphrase_test,paraphrase,0,96,81,-15,3601, expected
15,task_015,paraphrase_test,paraphrase,0,96,82,-14,7709, behavior
15,task_015,paraphrase_test,paraphrase,0,96,83,-13,382,".

"
15,task_015,paraphrase_test,paraphrase,0,96,84,-12,24051,Choose
15,task_015,paraphrase_test,paraphrase,0,96,85,-11,279, the
15,task_015,paraphrase_test,paraphrase,0,96,86,-10,3175, single
15,task_015,paraphrase_test,paraphrase,0,96,87,-9,1790, next
15,task_015,paraphrase_test,paraphrase,0,96,88,-8,1917, action
15,task_015,paraphrase_test,paraphrase,0,96,89,-7,1431, now
15,task_015,paraphrase_test,paraphrase,0,96,90,-6,624,".
"
15,task_015,paraphrase_test,paraphrase,0,96,91,-5,151645,<|im_end|>
15,task_015,paraphrase_test,paraphrase,0,96,92,-4,198,"
"
15,task_015,paraphrase_test,paraphrase,0,96,93,-3,151644,<|im_start|>
15,task_015,paraphrase_test,paraphrase,0,96,94,-2,77091,assistant
15,task_015,paraphrase_test,paraphrase,0,96,95,-1,198,"
"
15,task_015,paraphrase_impl,paraphrase,1,96,80,-16,279, the
15,task_015,paraphrase_impl,paraphrase,1,96,81,-15,3601, expected
15,task_015,paraphrase_impl,paraphrase,1,96,82,-14,7709, behavior
15,task_015,paraphrase_impl,paraphrase,1,96,83,-13,382,".

"
15,task_015,paraphrase_impl,paraphrase,1,96,84,-12,24051,Choose
15,task_015,paraphrase_impl,paraphrase,1,96,85,-11,279, the
15,task_015,paraphrase_impl,paraphrase,1,96,86,-10,3175, single
15,task_015,paraphrase_impl,paraphrase,1,96,87,-9,1790, next
15,task_015,paraphrase_impl,paraphrase,1,96,88,-8,1917, action
15,task_015,paraphrase_impl,paraphrase,1,96,89,-7,1431, now
15,task_015,paraphrase_impl,paraphrase,1,96,90,-6,624,".
"
15,task_015,paraphrase_impl,paraphrase,1,96,91,-5,151645,<|im_end|>
15,task_015,paraphrase_impl,paraphrase,1,96,92,-4,198,"
"
15,task_015,paraphrase_impl,paraphrase,1,96,93,-3,151644,<|im_start|>
15,task_015,paraphrase_impl,paraphrase,1,96,94,-2,77091,assistant
15,task_015,paraphrase_impl,paraphrase,1,96,95,-1,198,"
"
16,task_016,canonical_test,canonical,0,121,101,-20,13166, observed
16,task_016,canonical_test,canonical,0,121,102,-19,7709, behavior
16,task_016,canonical_test,canonical,0,121,103,-18,22296, contrad
16,task_016,canonical_test,canonical,0,121,104,-17,29995,icts
16,task_016,canonical_test,canonical,0,121,105,-16,279, the
16,task_016,canonical_test,canonical,0,121,106,-15,3601, expected
16,task_016,canonical_test,canonical,0,121,107,-14,7709, behavior
16,task_016,canonical_test,canonical,0,121,108,-13,382,".

"
16,task_016,canonical_test,canonical,0,121,109,-12,24051,Choose
16,task_016,canonical_test,canonical,0,121,110,-11,279, the
16,task_016,canonical_test,canonical,0,121,111,-10,3175, single
16,task_016,canonical_test,canonical,0,121,112,-9,1790, next
16,task_016,canonical_test,canonical,0,121,113,-8,1917, action
16,task_016,canonical_test,canonical,0,121,114,-7,1431, now
16,task_016,canonical_test,canonical,0,121,115,-6,624,".
"
16,task_016,canonical_test,canonical,0,121,116,-5,151645,<|im_end|>
16,task_016,canonical_test,canonical,0,121,117,-4,198,"
"
16,task_016,canonical_test,canonical,0,121,118,-3,151644,<|im_start|>
16,task_016,canonical_test,canonical,0,121,119,-2,77091,assistant
16,task_016,canonical_test,canonical,0,121,120,-1,198,"
"
16,task_016,canonical_impl,canonical,1,121,101,-20,13166, observed
16,task_016,canonical_impl,canonical,1,121,102,-19,7709, behavior
16,task_016,canonical_impl,canonical,1,121,103,-18,22296, contrad
16,task_016,canonical_impl,canonical,1,121,104,-17,29995,icts
16,task_016,canonical_impl,canonical,1,121,105,-16,279, the
16,task_016,canonical_impl,canonical,1,121,106,-15,3601, expected
16,task_016,canonical_impl,canonical,1,121,107,-14,7709, behavior
16,task_016,canonical_impl,canonical,1,121,108,-13,382,".

"
16,task_016,canonical_impl,canonical,1,121,109,-12,24051,Choose
16,task_016,canonical_impl,canonical,1,121,110,-11,279, the
16,task_016,canonical_impl,canonical,1,121,111,-10,3175, single
16,task_016,canonical_impl,canonical,1,121,112,-9,1790, next
16,task_016,canonical_impl,canonical,1,121,113,-8,1917, action
16,task_016,canonical_impl,canonical,1,121,114,-7,1431, now
16,task_016,canonical_impl,canonical,1,121,115,-6,624,".
"
16,task_016,canonical_impl,canonical,1,121,116,-5,151645,<|im_end|>
16,task_016,canonical_impl,canonical,1,121,117,-4,198,"
"
16,task_016,canonical_impl,canonical,1,121,118,-3,151644,<|im_start|>
16,task_016,canonical_impl,canonical,1,121,119,-2,77091,assistant
16,task_016,canonical_impl,canonical,1,121,120,-1,198,"
"
16,task_016,paraphrase_test,paraphrase,0,114,95,-19,7709, behavior
16,task_016,paraphrase_test,paraphrase,0,114,96,-18,22296, contrad
16,task_016,paraphrase_test,paraphrase,0,114,97,-17,29995,icts
16,task_016,paraphrase_test,paraphrase,0,114,98,-16,279, the
16,task_016,paraphrase_test,paraphrase,0,114,99,-15,3601, expected
16,task_016,paraphrase_test,paraphrase,0,114,100,-14,7709, behavior
16,task_016,paraphrase_test,paraphrase,0,114,101,-13,382,".

"
16,task_016,paraphrase_test,paraphrase,0,114,102,-12,24051,Choose
16,task_016,paraphrase_test,paraphrase,0,114,103,-11,279, the
16,task_016,paraphrase_test,paraphrase,0,114,104,-10,3175, single
16,task_016,paraphrase_test,paraphrase,0,114,105,-9,1790, next
16,task_016,paraphrase_test,paraphrase,0,114,106,-8,1917, action
16,task_016,paraphrase_test,paraphrase,0,114,107,-7,1431, now
16,task_016,paraphrase_test,paraphrase,0,114,108,-6,624,".
"
16,task_016,paraphrase_test,paraphrase,0,114,109,-5,151645,<|im_end|>
16,task_016,paraphrase_test,paraphrase,0,114,110,-4,198,"
"
16,task_016,paraphrase_test,paraphrase,0,114,111,-3,151644,<|im_start|>
16,task_016,paraphrase_test,paraphrase,0,114,112,-2,77091,assistant
16,task_016,paraphrase_test,paraphrase,0,114,113,-1,198,"
"
16,task_016,paraphrase_impl,paraphrase,1,114,95,-19,7709, behavior
16,task_016,paraphrase_impl,paraphrase,1,114,96,-18,22296, contrad
16,task_016,paraphrase_impl,paraphrase,1,114,97,-17,29995,icts
16,task_016,paraphrase_impl,paraphrase,1,114,98,-16,279, the
16,task_016,paraphrase_impl,paraphrase,1,114,99,-15,3601, expected
16,task_016,paraphrase_impl,paraphrase,1,114,100,-14,7709, behavior
16,task_016,paraphrase_impl,paraphrase,1,114,101,-13,382,".

"
16,task_016,paraphrase_impl,paraphrase,1,114,102,-12,24051,Choose
16,task_016,paraphrase_impl,paraphrase,1,114,103,-11,279, the
16,task_016,paraphrase_impl,paraphrase,1,114,104,-10,3175, single
16,task_016,paraphrase_impl,paraphrase,1,114,105,-9,1790, next
16,task_016,paraphrase_impl,paraphrase,1,114,106,-8,1917, action
16,task_016,paraphrase_impl,paraphrase,1,114,107,-7,1431, now
16,task_016,paraphrase_impl,paraphrase,1,114,108,-6,624,".
"
16,task_016,paraphrase_impl,paraphrase,1,114,109,-5,151645,<|im_end|>
16,task_016,paraphrase_impl,paraphrase,1,114,110,-4,198,"
"
16,task_016,paraphrase_impl,paraphrase,1,114,111,-3,151644,<|im_start|>
16,task_016,paraphrase_impl,paraphrase,1,114,112,-2,77091,assistant
16,task_016,paraphrase_impl,paraphrase,1,114,113,-1,198,"
"
17,task_017,canonical_test,canonical,0,120,100,-20,13166, observed
17,task_017,canonical_test,canonical,0,120,101,-19,7709, behavior
17,task_017,canonical_test,canonical,0,120,102,-18,22296, contrad
17,task_017,canonical_test,canonical,0,120,103,-17,29995,icts
17,task_017,canonical_test,canonical,0,120,104,-16,279, the
17,task_017,canonical_test,canonical,0,120,105,-15,3601, expected
17,task_017,canonical_test,canonical,0,120,106,-14,7709, behavior
17,task_017,canonical_test,canonical,0,120,107,-13,382,".

"
17,task_017,canonical_test,canonical,0,120,108,-12,24051,Choose
17,task_017,canonical_test,canonical,0,120,109,-11,279, the
17,task_017,canonical_test,canonical,0,120,110,-10,3175, single
17,task_017,canonical_test,canonical,0,120,111,-9,1790, next
17,task_017,canonical_test,canonical,0,120,112,-8,1917, action
17,task_017,canonical_test,canonical,0,120,113,-7,1431, now
17,task_017,canonical_test,canonical,0,120,114,-6,624,".
"
17,task_017,canonical_test,canonical,0,120,115,-5,151645,<|im_end|>
17,task_017,canonical_test,canonical,0,120,116,-4,198,"
"
17,task_017,canonical_test,canonical,0,120,117,-3,151644,<|im_start|>
17,task_017,canonical_test,canonical,0,120,118,-2,77091,assistant
17,task_017,canonical_test,canonical,0,120,119,-1,198,"
"
17,task_017,canonical_impl,canonical,1,120,100,-20,13166, observed
17,task_017,canonical_impl,canonical,1,120,101,-19,7709, behavior
17,task_017,canonical_impl,canonical,1,120,102,-18,22296, contrad
17,task_017,canonical_impl,canonical,1,120,103,-17,29995,icts
17,task_017,canonical_impl,canonical,1,120,104,-16,279, the
17,task_017,canonical_impl,canonical,1,120,105,-15,3601, expected
17,task_017,canonical_impl,canonical,1,120,106,-14,7709, behavior
17,task_017,canonical_impl,canonical,1,120,107,-13,382,".

"
17,task_017,canonical_impl,canonical,1,120,108,-12,24051,Choose
17,task_017,canonical_impl,canonical,1,120,109,-11,279, the
17,task_017,canonical_impl,canonical,1,120,110,-10,3175, single
17,task_017,canonical_impl,canonical,1,120,111,-9,1790, next
17,task_017,canonical_impl,canonical,1,120,112,-8,1917, action
17,task_017,canonical_impl,canonical,1,120,113,-7,1431, now
17,task_017,canonical_impl,canonical,1,120,114,-6,624,".
"
17,task_017,canonical_impl,canonical,1,120,115,-5,151645,<|im_end|>
17,task_017,canonical_impl,canonical,1,120,116,-4,198,"
"
17,task_017,canonical_impl,canonical,1,120,117,-3,151644,<|im_start|>
17,task_017,canonical_impl,canonical,1,120,118,-2,77091,assistant
17,task_017,canonical_impl,canonical,1,120,119,-1,198,"
"
17,task_017,paraphrase_test,paraphrase,0,113,95,-18,22296, contrad
17,task_017,paraphrase_test,paraphrase,0,113,96,-17,29995,icts
17,task_017,paraphrase_test,paraphrase,0,113,97,-16,279, the
17,task_017,paraphrase_test,paraphrase,0,113,98,-15,3601, expected
17,task_017,paraphrase_test,paraphrase,0,113,99,-14,7709, behavior
17,task_017,paraphrase_test,paraphrase,0,113,100,-13,382,".

"
17,task_017,paraphrase_test,paraphrase,0,113,101,-12,24051,Choose
17,task_017,paraphrase_test,paraphrase,0,113,102,-11,279, the
17,task_017,paraphrase_test,paraphrase,0,113,103,-10,3175, single
17,task_017,paraphrase_test,paraphrase,0,113,104,-9,1790, next
17,task_017,paraphrase_test,paraphrase,0,113,105,-8,1917, action
17,task_017,paraphrase_test,paraphrase,0,113,106,-7,1431, now
17,task_017,paraphrase_test,paraphrase,0,113,107,-6,624,".
"
17,task_017,paraphrase_test,paraphrase,0,113,108,-5,151645,<|im_end|>
17,task_017,paraphrase_test,paraphrase,0,113,109,-4,198,"
"
17,task_017,paraphrase_test,paraphrase,0,113,110,-3,151644,<|im_start|>
17,task_017,paraphrase_test,paraphrase,0,113,111,-2,77091,assistant
17,task_017,paraphrase_test,paraphrase,0,113,112,-1,198,"
"
17,task_017,paraphrase_impl,paraphrase,1,113,95,-18,22296, contrad
17,task_017,paraphrase_impl,paraphrase,1,113,96,-17,29995,icts
17,task_017,paraphrase_impl,paraphrase,1,113,97,-16,279, the
17,task_017,paraphrase_impl,paraphrase,1,113,98,-15,3601, expected
17,task_017,paraphrase_impl,paraphrase,1,113,99,-14,7709, behavior
17,task_017,paraphrase_impl,paraphrase,1,113,100,-13,382,".

"
17,task_017,paraphrase_impl,paraphrase,1,113,101,-12,24051,Choose
17,task_017,paraphrase_impl,paraphrase,1,113,102,-11,279, the
17,task_017,paraphrase_impl,paraphrase,1,113,103,-10,3175, single
17,task_017,paraphrase_impl,paraphrase,1,113,104,-9,1790, next
17,task_017,paraphrase_impl,paraphrase,1,113,105,-8,1917, action
17,task_017,paraphrase_impl,paraphrase,1,113,106,-7,1431, now
17,task_017,paraphrase_impl,paraphrase,1,113,107,-6,624,".
"
17,task_017,paraphrase_impl,paraphrase,1,113,108,-5,151645,<|im_end|>
17,task_017,paraphrase_impl,paraphrase,1,113,109,-4,198,"
"
17,task_017,paraphrase_impl,paraphrase,1,113,110,-3,151644,<|im_start|>
17,task_017,paraphrase_impl,paraphrase,1,113,111,-2,77091,assistant
17,task_017,paraphrase_impl,paraphrase,1,113,112,-1,198,"
"
18,task_018,canonical_test,canonical,0,103,86,-17,29995,icts
18,task_018,canonical_test,canonical,0,103,87,-16,279, the
18,task_018,canonical_test,canonical,0,103,88,-15,3601, expected
18,task_018,canonical_test,canonical,0,103,89,-14,7709, behavior
18,task_018,canonical_test,canonical,0,103,90,-13,382,".

"
18,task_018,canonical_test,canonical,0,103,91,-12,24051,Choose
18,task_018,canonical_test,canonical,0,103,92,-11,279, the
18,task_018,canonical_test,canonical,0,103,93,-10,3175, single
18,task_018,canonical_test,canonical,0,103,94,-9,1790, next
18,task_018,canonical_test,canonical,0,103,95,-8,1917, action
18,task_018,canonical_test,canonical,0,103,96,-7,1431, now
18,task_018,canonical_test,canonical,0,103,97,-6,624,".
"
18,task_018,canonical_test,canonical,0,103,98,-5,151645,<|im_end|>
18,task_018,canonical_test,canonical,0,103,99,-4,198,"
"
18,task_018,canonical_test,canonical,0,103,100,-3,151644,<|im_start|>
18,task_018,canonical_test,canonical,0,103,101,-2,77091,assistant
18,task_018,canonical_test,canonical,0,103,102,-1,198,"
"
18,task_018,canonical_impl,canonical,1,103,86,-17,29995,icts
18,task_018,canonical_impl,canonical,1,103,87,-16,279, the
18,task_018,canonical_impl,canonical,1,103,88,-15,3601, expected
18,task_018,canonical_impl,canonical,1,103,89,-14,7709, behavior
18,task_018,canonical_impl,canonical,1,103,90,-13,382,".

"
18,task_018,canonical_impl,canonical,1,103,91,-12,24051,Choose
18,task_018,canonical_impl,canonical,1,103,92,-11,279, the
18,task_018,canonical_impl,canonical,1,103,93,-10,3175, single
18,task_018,canonical_impl,canonical,1,103,94,-9,1790, next
18,task_018,canonical_impl,canonical,1,103,95,-8,1917, action
18,task_018,canonical_impl,canonical,1,103,96,-7,1431, now
18,task_018,canonical_impl,canonical,1,103,97,-6,624,".
"
18,task_018,canonical_impl,canonical,1,103,98,-5,151645,<|im_end|>
18,task_018,canonical_impl,canonical,1,103,99,-4,198,"
"
18,task_018,canonical_impl,canonical,1,103,100,-3,151644,<|im_start|>
18,task_018,canonical_impl,canonical,1,103,101,-2,77091,assistant
18,task_018,canonical_impl,canonical,1,103,102,-1,198,"
"
18,task_018,paraphrase_test,paraphrase,0,96,80,-16,279, the
18,task_018,paraphrase_test,paraphrase,0,96,81,-15,3601, expected
18,task_018,paraphrase_test,paraphrase,0,96,82,-14,7709, behavior
18,task_018,paraphrase_test,paraphrase,0,96,83,-13,382,".

"
18,task_018,paraphrase_test,paraphrase,0,96,84,-12,24051,Choose
18,task_018,paraphrase_test,paraphrase,0,96,85,-11,279, the
18,task_018,paraphrase_test,paraphrase,0,96,86,-10,3175, single
18,task_018,paraphrase_test,paraphrase,0,96,87,-9,1790, next
18,task_018,paraphrase_test,paraphrase,0,96,88,-8,1917, action
18,task_018,paraphrase_test,paraphrase,0,96,89,-7,1431, now
18,task_018,paraphrase_test,paraphrase,0,96,90,-6,624,".
"
18,task_018,paraphrase_test,paraphrase,0,96,91,-5,151645,<|im_end|>
18,task_018,paraphrase_test,paraphrase,0,96,92,-4,198,"
"
18,task_018,paraphrase_test,paraphrase,0,96,93,-3,151644,<|im_start|>
18,task_018,paraphrase_test,paraphrase,0,96,94,-2,77091,assistant
18,task_018,paraphrase_test,paraphrase,0,96,95,-1,198,"
"
18,task_018,paraphrase_impl,paraphrase,1,96,80,-16,279, the
18,task_018,paraphrase_impl,paraphrase,1,96,81,-15,3601, expected
18,task_018,paraphrase_impl,paraphrase,1,96,82,-14,7709, behavior
18,task_018,paraphrase_impl,paraphrase,1,96,83,-13,382,".

"
18,task_018,paraphrase_impl,paraphrase,1,96,84,-12,24051,Choose
18,task_018,paraphrase_impl,paraphrase,1,96,85,-11,279, the
18,task_018,paraphrase_impl,paraphrase,1,96,86,-10,3175, single
18,task_018,paraphrase_impl,paraphrase,1,96,87,-9,1790, next
18,task_018,paraphrase_impl,paraphrase,1,96,88,-8,1917, action
18,task_018,paraphrase_impl,paraphrase,1,96,89,-7,1431, now
18,task_018,paraphrase_impl,paraphrase,1,96,90,-6,624,".
"
18,task_018,paraphrase_impl,paraphrase,1,96,91,-5,151645,<|im_end|>
18,task_018,paraphrase_impl,paraphrase,1,96,92,-4,198,"
"
18,task_018,paraphrase_impl,paraphrase,1,96,93,-3,151644,<|im_start|>
18,task_018,paraphrase_impl,paraphrase,1,96,94,-2,77091,assistant
18,task_018,paraphrase_impl,paraphrase,1,96,95,-1,198,"
"
19,task_019,canonical_test,canonical,0,121,101,-20,13166, observed
19,task_019,canonical_test,canonical,0,121,102,-19,7709, behavior
19,task_019,canonical_test,canonical,0,121,103,-18,22296, contrad
19,task_019,canonical_test,canonical,0,121,104,-17,29995,icts
19,task_019,canonical_test,canonical,0,121,105,-16,279, the
19,task_019,canonical_test,canonical,0,121,106,-15,3601, expected
19,task_019,canonical_test,canonical,0,121,107,-14,7709, behavior
19,task_019,canonical_test,canonical,0,121,108,-13,382,".

"
19,task_019,canonical_test,canonical,0,121,109,-12,24051,Choose
19,task_019,canonical_test,canonical,0,121,110,-11,279, the
19,task_019,canonical_test,canonical,0,121,111,-10,3175, single
19,task_019,canonical_test,canonical,0,121,112,-9,1790, next
19,task_019,canonical_test,canonical,0,121,113,-8,1917, action
19,task_019,canonical_test,canonical,0,121,114,-7,1431, now
19,task_019,canonical_test,canonical,0,121,115,-6,624,".
"
19,task_019,canonical_test,canonical,0,121,116,-5,151645,<|im_end|>
19,task_019,canonical_test,canonical,0,121,117,-4,198,"
"
19,task_019,canonical_test,canonical,0,121,118,-3,151644,<|im_start|>
19,task_019,canonical_test,canonical,0,121,119,-2,77091,assistant
19,task_019,canonical_test,canonical,0,121,120,-1,198,"
"
19,task_019,canonical_impl,canonical,1,121,101,-20,13166, observed
19,task_019,canonical_impl,canonical,1,121,102,-19,7709, behavior
19,task_019,canonical_impl,canonical,1,121,103,-18,22296, contrad
19,task_019,canonical_impl,canonical,1,121,104,-17,29995,icts
19,task_019,canonical_impl,canonical,1,121,105,-16,279, the
19,task_019,canonical_impl,canonical,1,121,106,-15,3601, expected
19,task_019,canonical_impl,canonical,1,121,107,-14,7709, behavior
19,task_019,canonical_impl,canonical,1,121,108,-13,382,".

"
19,task_019,canonical_impl,canonical,1,121,109,-12,24051,Choose
19,task_019,canonical_impl,canonical,1,121,110,-11,279, the
19,task_019,canonical_impl,canonical,1,121,111,-10,3175, single
19,task_019,canonical_impl,canonical,1,121,112,-9,1790, next
19,task_019,canonical_impl,canonical,1,121,113,-8,1917, action
19,task_019,canonical_impl,canonical,1,121,114,-7,1431, now
19,task_019,canonical_impl,canonical,1,121,115,-6,624,".
"
19,task_019,canonical_impl,canonical,1,121,116,-5,151645,<|im_end|>
19,task_019,canonical_impl,canonical,1,121,117,-4,198,"
"
19,task_019,canonical_impl,canonical,1,121,118,-3,151644,<|im_start|>
19,task_019,canonical_impl,canonical,1,121,119,-2,77091,assistant
19,task_019,canonical_impl,canonical,1,121,120,-1,198,"
"
19,task_019,paraphrase_test,paraphrase,0,114,95,-19,7709, behavior
19,task_019,paraphrase_test,paraphrase,0,114,96,-18,22296, contrad
19,task_019,paraphrase_test,paraphrase,0,114,97,-17,29995,icts
19,task_019,paraphrase_test,paraphrase,0,114,98,-16,279, the
19,task_019,paraphrase_test,paraphrase,0,114,99,-15,3601, expected
19,task_019,paraphrase_test,paraphrase,0,114,100,-14,7709, behavior
19,task_019,paraphrase_test,paraphrase,0,114,101,-13,382,".

"
19,task_019,paraphrase_test,paraphrase,0,114,102,-12,24051,Choose
19,task_019,paraphrase_test,paraphrase,0,114,103,-11,279, the
19,task_019,paraphrase_test,paraphrase,0,114,104,-10,3175, single
19,task_019,paraphrase_test,paraphrase,0,114,105,-9,1790, next
19,task_019,paraphrase_test,paraphrase,0,114,106,-8,1917, action
19,task_019,paraphrase_test,paraphrase,0,114,107,-7,1431, now
19,task_019,paraphrase_test,paraphrase,0,114,108,-6,624,".
"
19,task_019,paraphrase_test,paraphrase,0,114,109,-5,151645,<|im_end|>
19,task_019,paraphrase_test,paraphrase,0,114,110,-4,198,"
"
19,task_019,paraphrase_test,paraphrase,0,114,111,-3,151644,<|im_start|>
19,task_019,paraphrase_test,paraphrase,0,114,112,-2,77091,assistant
19,task_019,paraphrase_test,paraphrase,0,114,113,-1,198,"
"
19,task_019,paraphrase_impl,paraphrase,1,114,95,-19,7709, behavior
19,task_019,paraphrase_impl,paraphrase,1,114,96,-18,22296, contrad
19,task_019,paraphrase_impl,paraphrase,1,114,97,-17,29995,icts
19,task_019,paraphrase_impl,paraphrase,1,114,98,-16,279, the
19,task_019,paraphrase_impl,paraphrase,1,114,99,-15,3601, expected
19,task_019,paraphrase_impl,paraphrase,1,114,100,-14,7709, behavior
19,task_019,paraphrase_impl,paraphrase,1,114,101,-13,382,".

"
19,task_019,paraphrase_impl,paraphrase,1,114,102,-12,24051,Choose
19,task_019,paraphrase_impl,paraphrase,1,114,103,-11,279, the
19,task_019,paraphrase_impl,paraphrase,1,114,104,-10,3175, single
19,task_019,paraphrase_impl,paraphrase,1,114,105,-9,1790, next
19,task_019,paraphrase_impl,paraphrase,1,114,106,-8,1917, action
19,task_019,paraphrase_impl,paraphrase,1,114,107,-7,1431, now
19,task_019,paraphrase_impl,paraphrase,1,114,108,-6,624,".
"
19,task_019,paraphrase_impl,paraphrase,1,114,109,-5,151645,<|im_end|>
19,task_019,paraphrase_impl,paraphrase,1,114,110,-4,198,"
"
19,task_019,paraphrase_impl,paraphrase,1,114,111,-3,151644,<|im_start|>
19,task_019,paraphrase_impl,paraphrase,1,114,112,-2,77091,assistant
19,task_019,paraphrase_impl,paraphrase,1,114,113,-1,198,"
"
20,task_020,canonical_test,canonical,0,120,100,-20,13166, observed
20,task_020,canonical_test,canonical,0,120,101,-19,7709, behavior
20,task_020,canonical_test,canonical,0,120,102,-18,22296, contrad
20,task_020,canonical_test,canonical,0,120,103,-17,29995,icts
20,task_020,canonical_test,canonical,0,120,104,-16,279, the
20,task_020,canonical_test,canonical,0,120,105,-15,3601, expected
20,task_020,canonical_test,canonical,0,120,106,-14,7709, behavior
20,task_020,canonical_test,canonical,0,120,107,-13,382,".

"
20,task_020,canonical_test,canonical,0,120,108,-12,24051,Choose
20,task_020,canonical_test,canonical,0,120,109,-11,279, the
20,task_020,canonical_test,canonical,0,120,110,-10,3175, single
20,task_020,canonical_test,canonical,0,120,111,-9,1790, next
20,task_020,canonical_test,canonical,0,120,112,-8,1917, action
20,task_020,canonical_test,canonical,0,120,113,-7,1431, now
20,task_020,canonical_test,canonical,0,120,114,-6,624,".
"
20,task_020,canonical_test,canonical,0,120,115,-5,151645,<|im_end|>
20,task_020,canonical_test,canonical,0,120,116,-4,198,"
"
20,task_020,canonical_test,canonical,0,120,117,-3,151644,<|im_start|>
20,task_020,canonical_test,canonical,0,120,118,-2,77091,assistant
20,task_020,canonical_test,canonical,0,120,119,-1,198,"
"
20,task_020,canonical_impl,canonical,1,120,100,-20,13166, observed
20,task_020,canonical_impl,canonical,1,120,101,-19,7709, behavior
20,task_020,canonical_impl,canonical,1,120,102,-18,22296, contrad
20,task_020,canonical_impl,canonical,1,120,103,-17,29995,icts
20,task_020,canonical_impl,canonical,1,120,104,-16,279, the
20,task_020,canonical_impl,canonical,1,120,105,-15,3601, expected
20,task_020,canonical_impl,canonical,1,120,106,-14,7709, behavior
20,task_020,canonical_impl,canonical,1,120,107,-13,382,".

"
20,task_020,canonical_impl,canonical,1,120,108,-12,24051,Choose
20,task_020,canonical_impl,canonical,1,120,109,-11,279, the
20,task_020,canonical_impl,canonical,1,120,110,-10,3175, single
20,task_020,canonical_impl,canonical,1,120,111,-9,1790, next
20,task_020,canonical_impl,canonical,1,120,112,-8,1917, action
20,task_020,canonical_impl,canonical,1,120,113,-7,1431, now
20,task_020,canonical_impl,canonical,1,120,114,-6,624,".
"
20,task_020,canonical_impl,canonical,1,120,115,-5,151645,<|im_end|>
20,task_020,canonical_impl,canonical,1,120,116,-4,198,"
"
20,task_020,canonical_impl,canonical,1,120,117,-3,151644,<|im_start|>
20,task_020,canonical_impl,canonical,1,120,118,-2,77091,assistant
20,task_020,canonical_impl,canonical,1,120,119,-1,198,"
"
20,task_020,paraphrase_test,paraphrase,0,113,95,-18,22296, contrad
20,task_020,paraphrase_test,paraphrase,0,113,96,-17,29995,icts
20,task_020,paraphrase_test,paraphrase,0,113,97,-16,279, the
20,task_020,paraphrase_test,paraphrase,0,113,98,-15,3601, expected
20,task_020,paraphrase_test,paraphrase,0,113,99,-14,7709, behavior
20,task_020,paraphrase_test,paraphrase,0,113,100,-13,382,".

"
20,task_020,paraphrase_test,paraphrase,0,113,101,-12,24051,Choose
20,task_020,paraphrase_test,paraphrase,0,113,102,-11,279, the
20,task_020,paraphrase_test,paraphrase,0,113,103,-10,3175, single
20,task_020,paraphrase_test,paraphrase,0,113,104,-9,1790, next
20,task_020,paraphrase_test,paraphrase,0,113,105,-8,1917, action
20,task_020,paraphrase_test,paraphrase,0,113,106,-7,1431, now
20,task_020,paraphrase_test,paraphrase,0,113,107,-6,624,".
"
20,task_020,paraphrase_test,paraphrase,0,113,108,-5,151645,<|im_end|>
20,task_020,paraphrase_test,paraphrase,0,113,109,-4,198,"
"
20,task_020,paraphrase_test,paraphrase,0,113,110,-3,151644,<|im_start|>
20,task_020,paraphrase_test,paraphrase,0,113,111,-2,77091,assistant
20,task_020,paraphrase_test,paraphrase,0,113,112,-1,198,"
"
20,task_020,paraphrase_impl,paraphrase,1,113,95,-18,22296, contrad
20,task_020,paraphrase_impl,paraphrase,1,113,96,-17,29995,icts
20,task_020,paraphrase_impl,paraphrase,1,113,97,-16,279, the
20,task_020,paraphrase_impl,paraphrase,1,113,98,-15,3601, expected
20,task_020,paraphrase_impl,paraphrase,1,113,99,-14,7709, behavior
20,task_020,paraphrase_impl,paraphrase,1,113,100,-13,382,".

"
20,task_020,paraphrase_impl,paraphrase,1,113,101,-12,24051,Choose
20,task_020,paraphrase_impl,paraphrase,1,113,102,-11,279, the
20,task_020,paraphrase_impl,paraphrase,1,113,103,-10,3175, single
20,task_020,paraphrase_impl,paraphrase,1,113,104,-9,1790, next
20,task_020,paraphrase_impl,paraphrase,1,113,105,-8,1917, action
20,task_020,paraphrase_impl,paraphrase,1,113,106,-7,1431, now
20,task_020,paraphrase_impl,paraphrase,1,113,107,-6,624,".
"
20,task_020,paraphrase_impl,paraphrase,1,113,108,-5,151645,<|im_end|>
20,task_020,paraphrase_impl,paraphrase,1,113,109,-4,198,"
"
20,task_020,paraphrase_impl,paraphrase,1,113,110,-3,151644,<|im_start|>
20,task_020,paraphrase_impl,paraphrase,1,113,111,-2,77091,assistant
20,task_020,paraphrase_impl,paraphrase,1,113,112,-1,198,"
"
21,task_021,canonical_test,canonical,0,103,86,-17,29995,icts
21,task_021,canonical_test,canonical,0,103,87,-16,279, the
21,task_021,canonical_test,canonical,0,103,88,-15,3601, expected
21,task_021,canonical_test,canonical,0,103,89,-14,7709, behavior
21,task_021,canonical_test,canonical,0,103,90,-13,382,".

"
21,task_021,canonical_test,canonical,0,103,91,-12,24051,Choose
21,task_021,canonical_test,canonical,0,103,92,-11,279, the
21,task_021,canonical_test,canonical,0,103,93,-10,3175, single
21,task_021,canonical_test,canonical,0,103,94,-9,1790, next
21,task_021,canonical_test,canonical,0,103,95,-8,1917, action
21,task_021,canonical_test,canonical,0,103,96,-7,1431, now
21,task_021,canonical_test,canonical,0,103,97,-6,624,".
"
21,task_021,canonical_test,canonical,0,103,98,-5,151645,<|im_end|>
21,task_021,canonical_test,canonical,0,103,99,-4,198,"
"
21,task_021,canonical_test,canonical,0,103,100,-3,151644,<|im_start|>
21,task_021,canonical_test,canonical,0,103,101,-2,77091,assistant
21,task_021,canonical_test,canonical,0,103,102,-1,198,"
"
21,task_021,canonical_impl,canonical,1,103,86,-17,29995,icts
21,task_021,canonical_impl,canonical,1,103,87,-16,279, the
21,task_021,canonical_impl,canonical,1,103,88,-15,3601, expected
21,task_021,canonical_impl,canonical,1,103,89,-14,7709, behavior
21,task_021,canonical_impl,canonical,1,103,90,-13,382,".

"
21,task_021,canonical_impl,canonical,1,103,91,-12,24051,Choose
21,task_021,canonical_impl,canonical,1,103,92,-11,279, the
21,task_021,canonical_impl,canonical,1,103,93,-10,3175, single
21,task_021,canonical_impl,canonical,1,103,94,-9,1790, next
21,task_021,canonical_impl,canonical,1,103,95,-8,1917, action
21,task_021,canonical_impl,canonical,1,103,96,-7,1431, now
21,task_021,canonical_impl,canonical,1,103,97,-6,624,".
"
21,task_021,canonical_impl,canonical,1,103,98,-5,151645,<|im_end|>
21,task_021,canonical_impl,canonical,1,103,99,-4,198,"
"
21,task_021,canonical_impl,canonical,1,103,100,-3,151644,<|im_start|>
21,task_021,canonical_impl,canonical,1,103,101,-2,77091,assistant
21,task_021,canonical_impl,canonical,1,103,102,-1,198,"
"
21,task_021,paraphrase_test,paraphrase,0,96,80,-16,279, the
21,task_021,paraphrase_test,paraphrase,0,96,81,-15,3601, expected
21,task_021,paraphrase_test,paraphrase,0,96,82,-14,7709, behavior
21,task_021,paraphrase_test,paraphrase,0,96,83,-13,382,".

"
21,task_021,paraphrase_test,paraphrase,0,96,84,-12,24051,Choose
21,task_021,paraphrase_test,paraphrase,0,96,85,-11,279, the
21,task_021,paraphrase_test,paraphrase,0,96,86,-10,3175, single
21,task_021,paraphrase_test,paraphrase,0,96,87,-9,1790, next
21,task_021,paraphrase_test,paraphrase,0,96,88,-8,1917, action
21,task_021,paraphrase_test,paraphrase,0,96,89,-7,1431, now
21,task_021,paraphrase_test,paraphrase,0,96,90,-6,624,".
"
21,task_021,paraphrase_test,paraphrase,0,96,91,-5,151645,<|im_end|>
21,task_021,paraphrase_test,paraphrase,0,96,92,-4,198,"
"
21,task_021,paraphrase_test,paraphrase,0,96,93,-3,151644,<|im_start|>
21,task_021,paraphrase_test,paraphrase,0,96,94,-2,77091,assistant
21,task_021,paraphrase_test,paraphrase,0,96,95,-1,198,"
"
21,task_021,paraphrase_impl,paraphrase,1,96,80,-16,279, the
21,task_021,paraphrase_impl,paraphrase,1,96,81,-15,3601, expected
21,task_021,paraphrase_impl,paraphrase,1,96,82,-14,7709, behavior
21,task_021,paraphrase_impl,paraphrase,1,96,83,-13,382,".

"
21,task_021,paraphrase_impl,paraphrase,1,96,84,-12,24051,Choose
21,task_021,paraphrase_impl,paraphrase,1,96,85,-11,279, the
21,task_021,paraphrase_impl,paraphrase,1,96,86,-10,3175, single
21,task_021,paraphrase_impl,paraphrase,1,96,87,-9,1790, next
21,task_021,paraphrase_impl,paraphrase,1,96,88,-8,1917, action
21,task_021,paraphrase_impl,paraphrase,1,96,89,-7,1431, now
21,task_021,paraphrase_impl,paraphrase,1,96,90,-6,624,".
"
21,task_021,paraphrase_impl,paraphrase,1,96,91,-5,151645,<|im_end|>
21,task_021,paraphrase_impl,paraphrase,1,96,92,-4,198,"
"
21,task_021,paraphrase_impl,paraphrase,1,96,93,-3,151644,<|im_start|>
21,task_021,paraphrase_impl,paraphrase,1,96,94,-2,77091,assistant
21,task_021,paraphrase_impl,paraphrase,1,96,95,-1,198,"
"
22,task_022,canonical_test,canonical,0,121,101,-20,13166, observed
22,task_022,canonical_test,canonical,0,121,102,-19,7709, behavior
22,task_022,canonical_test,canonical,0,121,103,-18,22296, contrad
22,task_022,canonical_test,canonical,0,121,104,-17,29995,icts
22,task_022,canonical_test,canonical,0,121,105,-16,279, the
22,task_022,canonical_test,canonical,0,121,106,-15,3601, expected
22,task_022,canonical_test,canonical,0,121,107,-14,7709, behavior
22,task_022,canonical_test,canonical,0,121,108,-13,382,".

"
22,task_022,canonical_test,canonical,0,121,109,-12,24051,Choose
22,task_022,canonical_test,canonical,0,121,110,-11,279, the
22,task_022,canonical_test,canonical,0,121,111,-10,3175, single
22,task_022,canonical_test,canonical,0,121,112,-9,1790, next
22,task_022,canonical_test,canonical,0,121,113,-8,1917, action
22,task_022,canonical_test,canonical,0,121,114,-7,1431, now
22,task_022,canonical_test,canonical,0,121,115,-6,624,".
"
22,task_022,canonical_test,canonical,0,121,116,-5,151645,<|im_end|>
22,task_022,canonical_test,canonical,0,121,117,-4,198,"
"
22,task_022,canonical_test,canonical,0,121,118,-3,151644,<|im_start|>
22,task_022,canonical_test,canonical,0,121,119,-2,77091,assistant
22,task_022,canonical_test,canonical,0,121,120,-1,198,"
"
22,task_022,canonical_impl,canonical,1,121,101,-20,13166, observed
22,task_022,canonical_impl,canonical,1,121,102,-19,7709, behavior
22,task_022,canonical_impl,canonical,1,121,103,-18,22296, contrad
22,task_022,canonical_impl,canonical,1,121,104,-17,29995,icts
22,task_022,canonical_impl,canonical,1,121,105,-16,279, the
22,task_022,canonical_impl,canonical,1,121,106,-15,3601, expected
22,task_022,canonical_impl,canonical,1,121,107,-14,7709, behavior
22,task_022,canonical_impl,canonical,1,121,108,-13,382,".

"
22,task_022,canonical_impl,canonical,1,121,109,-12,24051,Choose
22,task_022,canonical_impl,canonical,1,121,110,-11,279, the
22,task_022,canonical_impl,canonical,1,121,111,-10,3175, single
22,task_022,canonical_impl,canonical,1,121,112,-9,1790, next
22,task_022,canonical_impl,canonical,1,121,113,-8,1917, action
22,task_022,canonical_impl,canonical,1,121,114,-7,1431, now
22,task_022,canonical_impl,canonical,1,121,115,-6,624,".
"
22,task_022,canonical_impl,canonical,1,121,116,-5,151645,<|im_end|>
22,task_022,canonical_impl,canonical,1,121,117,-4,198,"
"
22,task_022,canonical_impl,canonical,1,121,118,-3,151644,<|im_start|>
22,task_022,canonical_impl,canonical,1,121,119,-2,77091,assistant
22,task_022,canonical_impl,canonical,1,121,120,-1,198,"
"
22,task_022,paraphrase_test,paraphrase,0,114,95,-19,7709, behavior
22,task_022,paraphrase_test,paraphrase,0,114,96,-18,22296, contrad
22,task_022,paraphrase_test,paraphrase,0,114,97,-17,29995,icts
22,task_022,paraphrase_test,paraphrase,0,114,98,-16,279, the
22,task_022,paraphrase_test,paraphrase,0,114,99,-15,3601, expected
22,task_022,paraphrase_test,paraphrase,0,114,100,-14,7709, behavior
22,task_022,paraphrase_test,paraphrase,0,114,101,-13,382,".

"
22,task_022,paraphrase_test,paraphrase,0,114,102,-12,24051,Choose
22,task_022,paraphrase_test,paraphrase,0,114,103,-11,279, the
22,task_022,paraphrase_test,paraphrase,0,114,104,-10,3175, single
22,task_022,paraphrase_test,paraphrase,0,114,105,-9,1790, next
22,task_022,paraphrase_test,paraphrase,0,114,106,-8,1917, action
22,task_022,paraphrase_test,paraphrase,0,114,107,-7,1431, now
22,task_022,paraphrase_test,paraphrase,0,114,108,-6,624,".
"
22,task_022,paraphrase_test,paraphrase,0,114,109,-5,151645,<|im_end|>
22,task_022,paraphrase_test,paraphrase,0,114,110,-4,198,"
"
22,task_022,paraphrase_test,paraphrase,0,114,111,-3,151644,<|im_start|>
22,task_022,paraphrase_test,paraphrase,0,114,112,-2,77091,assistant
22,task_022,paraphrase_test,paraphrase,0,114,113,-1,198,"
"
22,task_022,paraphrase_impl,paraphrase,1,114,95,-19,7709, behavior
22,task_022,paraphrase_impl,paraphrase,1,114,96,-18,22296, contrad
22,task_022,paraphrase_impl,paraphrase,1,114,97,-17,29995,icts
22,task_022,paraphrase_impl,paraphrase,1,114,98,-16,279, the
22,task_022,paraphrase_impl,paraphrase,1,114,99,-15,3601, expected
22,task_022,paraphrase_impl,paraphrase,1,114,100,-14,7709, behavior
22,task_022,paraphrase_impl,paraphrase,1,114,101,-13,382,".

"
22,task_022,paraphrase_impl,paraphrase,1,114,102,-12,24051,Choose
22,task_022,paraphrase_impl,paraphrase,1,114,103,-11,279, the
22,task_022,paraphrase_impl,paraphrase,1,114,104,-10,3175, single
22,task_022,paraphrase_impl,paraphrase,1,114,105,-9,1790, next
22,task_022,paraphrase_impl,paraphrase,1,114,106,-8,1917, action
22,task_022,paraphrase_impl,paraphrase,1,114,107,-7,1431, now
22,task_022,paraphrase_impl,paraphrase,1,114,108,-6,624,".
"
22,task_022,paraphrase_impl,paraphrase,1,114,109,-5,151645,<|im_end|>
22,task_022,paraphrase_impl,paraphrase,1,114,110,-4,198,"
"
22,task_022,paraphrase_impl,paraphrase,1,114,111,-3,151644,<|im_start|>
22,task_022,paraphrase_impl,paraphrase,1,114,112,-2,77091,assistant
22,task_022,paraphrase_impl,paraphrase,1,114,113,-1,198,"
"
23,task_023,canonical_test,canonical,0,120,100,-20,13166, observed
23,task_023,canonical_test,canonical,0,120,101,-19,7709, behavior
23,task_023,canonical_test,canonical,0,120,102,-18,22296, contrad
23,task_023,canonical_test,canonical,0,120,103,-17,29995,icts
23,task_023,canonical_test,canonical,0,120,104,-16,279, the
23,task_023,canonical_test,canonical,0,120,105,-15,3601, expected
23,task_023,canonical_test,canonical,0,120,106,-14,7709, behavior
23,task_023,canonical_test,canonical,0,120,107,-13,382,".

"
23,task_023,canonical_test,canonical,0,120,108,-12,24051,Choose
23,task_023,canonical_test,canonical,0,120,109,-11,279, the
23,task_023,canonical_test,canonical,0,120,110,-10,3175, single
23,task_023,canonical_test,canonical,0,120,111,-9,1790, next
23,task_023,canonical_test,canonical,0,120,112,-8,1917, action
23,task_023,canonical_test,canonical,0,120,113,-7,1431, now
23,task_023,canonical_test,canonical,0,120,114,-6,624,".
"
23,task_023,canonical_test,canonical,0,120,115,-5,151645,<|im_end|>
23,task_023,canonical_test,canonical,0,120,116,-4,198,"
"
23,task_023,canonical_test,canonical,0,120,117,-3,151644,<|im_start|>
23,task_023,canonical_test,canonical,0,120,118,-2,77091,assistant
23,task_023,canonical_test,canonical,0,120,119,-1,198,"
"
23,task_023,canonical_impl,canonical,1,120,100,-20,13166, observed
23,task_023,canonical_impl,canonical,1,120,101,-19,7709, behavior
23,task_023,canonical_impl,canonical,1,120,102,-18,22296, contrad
23,task_023,canonical_impl,canonical,1,120,103,-17,29995,icts
23,task_023,canonical_impl,canonical,1,120,104,-16,279, the
23,task_023,canonical_impl,canonical,1,120,105,-15,3601, expected
23,task_023,canonical_impl,canonical,1,120,106,-14,7709, behavior
23,task_023,canonical_impl,canonical,1,120,107,-13,382,".

"
23,task_023,canonical_impl,canonical,1,120,108,-12,24051,Choose
23,task_023,canonical_impl,canonical,1,120,109,-11,279, the
23,task_023,canonical_impl,canonical,1,120,110,-10,3175, single
23,task_023,canonical_impl,canonical,1,120,111,-9,1790, next
23,task_023,canonical_impl,canonical,1,120,112,-8,1917, action
23,task_023,canonical_impl,canonical,1,120,113,-7,1431, now
23,task_023,canonical_impl,canonical,1,120,114,-6,624,".
"
23,task_023,canonical_impl,canonical,1,120,115,-5,151645,<|im_end|>
23,task_023,canonical_impl,canonical,1,120,116,-4,198,"
"
23,task_023,canonical_impl,canonical,1,120,117,-3,151644,<|im_start|>
23,task_023,canonical_impl,canonical,1,120,118,-2,77091,assistant
23,task_023,canonical_impl,canonical,1,120,119,-1,198,"
"
23,task_023,paraphrase_test,paraphrase,0,113,95,-18,22296, contrad
23,task_023,paraphrase_test,paraphrase,0,113,96,-17,29995,icts
23,task_023,paraphrase_test,paraphrase,0,113,97,-16,279, the
23,task_023,paraphrase_test,paraphrase,0,113,98,-15,3601, expected
23,task_023,paraphrase_test,paraphrase,0,113,99,-14,7709, behavior
23,task_023,paraphrase_test,paraphrase,0,113,100,-13,382,".

"
23,task_023,paraphrase_test,paraphrase,0,113,101,-12,24051,Choose
23,task_023,paraphrase_test,paraphrase,0,113,102,-11,279, the
23,task_023,paraphrase_test,paraphrase,0,113,103,-10,3175, single
23,task_023,paraphrase_test,paraphrase,0,113,104,-9,1790, next
23,task_023,paraphrase_test,paraphrase,0,113,105,-8,1917, action
23,task_023,paraphrase_test,paraphrase,0,113,106,-7,1431, now
23,task_023,paraphrase_test,paraphrase,0,113,107,-6,624,".
"
23,task_023,paraphrase_test,paraphrase,0,113,108,-5,151645,<|im_end|>
23,task_023,paraphrase_test,paraphrase,0,113,109,-4,198,"
"
23,task_023,paraphrase_test,paraphrase,0,113,110,-3,151644,<|im_start|>
23,task_023,paraphrase_test,paraphrase,0,113,111,-2,77091,assistant
23,task_023,paraphrase_test,paraphrase,0,113,112,-1,198,"
"
23,task_023,paraphrase_impl,paraphrase,1,113,95,-18,22296, contrad
23,task_023,paraphrase_impl,paraphrase,1,113,96,-17,29995,icts
23,task_023,paraphrase_impl,paraphrase,1,113,97,-16,279, the
23,task_023,paraphrase_impl,paraphrase,1,113,98,-15,3601, expected
23,task_023,paraphrase_impl,paraphrase,1,113,99,-14,7709, behavior
23,task_023,paraphrase_impl,paraphrase,1,113,100,-13,382,".

"
23,task_023,paraphrase_impl,paraphrase,1,113,101,-12,24051,Choose
23,task_023,paraphrase_impl,paraphrase,1,113,102,-11,279, the
23,task_023,paraphrase_impl,paraphrase,1,113,103,-10,3175, single
23,task_023,paraphrase_impl,paraphrase,1,113,104,-9,1790, next
23,task_023,paraphrase_impl,paraphrase,1,113,105,-8,1917, action
23,task_023,paraphrase_impl,paraphrase,1,113,106,-7,1431, now
23,task_023,paraphrase_impl,paraphrase,1,113,107,-6,624,".
"
23,task_023,paraphrase_impl,paraphrase,1,113,108,-5,151645,<|im_end|>
23,task_023,paraphrase_impl,paraphrase,1,113,109,-4,198,"
"
23,task_023,paraphrase_impl,paraphrase,1,113,110,-3,151644,<|im_start|>
23,task_023,paraphrase_impl,paraphrase,1,113,111,-2,77091,assistant
23,task_023,paraphrase_impl,paraphrase,1,113,112,-1,198,"
"
24,task_024,canonical_test,canonical,0,103,86,-17,29995,icts
24,task_024,canonical_test,canonical,0,103,87,-16,279, the
24,task_024,canonical_test,canonical,0,103,88,-15,3601, expected
24,task_024,canonical_test,canonical,0,103,89,-14,7709, behavior
24,task_024,canonical_test,canonical,0,103,90,-13,382,".

"
24,task_024,canonical_test,canonical,0,103,91,-12,24051,Choose
24,task_024,canonical_test,canonical,0,103,92,-11,279, the
24,task_024,canonical_test,canonical,0,103,93,-10,3175, single
24,task_024,canonical_test,canonical,0,103,94,-9,1790, next
24,task_024,canonical_test,canonical,0,103,95,-8,1917, action
24,task_024,canonical_test,canonical,0,103,96,-7,1431, now
24,task_024,canonical_test,canonical,0,103,97,-6,624,".
"
24,task_024,canonical_test,canonical,0,103,98,-5,151645,<|im_end|>
24,task_024,canonical_test,canonical,0,103,99,-4,198,"
"
24,task_024,canonical_test,canonical,0,103,100,-3,151644,<|im_start|>
24,task_024,canonical_test,canonical,0,103,101,-2,77091,assistant
24,task_024,canonical_test,canonical,0,103,102,-1,198,"
"
24,task_024,canonical_impl,canonical,1,103,86,-17,29995,icts
24,task_024,canonical_impl,canonical,1,103,87,-16,279, the
24,task_024,canonical_impl,canonical,1,103,88,-15,3601, expected
24,task_024,canonical_impl,canonical,1,103,89,-14,7709, behavior
24,task_024,canonical_impl,canonical,1,103,90,-13,382,".

"
24,task_024,canonical_impl,canonical,1,103,91,-12,24051,Choose
24,task_024,canonical_impl,canonical,1,103,92,-11,279, the
24,task_024,canonical_impl,canonical,1,103,93,-10,3175, single
24,task_024,canonical_impl,canonical,1,103,94,-9,1790, next
24,task_024,canonical_impl,canonical,1,103,95,-8,1917, action
24,task_024,canonical_impl,canonical,1,103,96,-7,1431, now
24,task_024,canonical_impl,canonical,1,103,97,-6,624,".
"
24,task_024,canonical_impl,canonical,1,103,98,-5,151645,<|im_end|>
24,task_024,canonical_impl,canonical,1,103,99,-4,198,"
"
24,task_024,canonical_impl,canonical,1,103,100,-3,151644,<|im_start|>
24,task_024,canonical_impl,canonical,1,103,101,-2,77091,assistant
24,task_024,canonical_impl,canonical,1,103,102,-1,198,"
"
24,task_024,paraphrase_test,paraphrase,0,96,80,-16,279, the
24,task_024,paraphrase_test,paraphrase,0,96,81,-15,3601, expected
24,task_024,paraphrase_test,paraphrase,0,96,82,-14,7709, behavior
24,task_024,paraphrase_test,paraphrase,0,96,83,-13,382,".

"
24,task_024,paraphrase_test,paraphrase,0,96,84,-12,24051,Choose
24,task_024,paraphrase_test,paraphrase,0,96,85,-11,279, the
24,task_024,paraphrase_test,paraphrase,0,96,86,-10,3175, single
24,task_024,paraphrase_test,paraphrase,0,96,87,-9,1790, next
24,task_024,paraphrase_test,paraphrase,0,96,88,-8,1917, action
24,task_024,paraphrase_test,paraphrase,0,96,89,-7,1431, now
24,task_024,paraphrase_test,paraphrase,0,96,90,-6,624,".
"
24,task_024,paraphrase_test,paraphrase,0,96,91,-5,151645,<|im_end|>
24,task_024,paraphrase_test,paraphrase,0,96,92,-4,198,"
"
24,task_024,paraphrase_test,paraphrase,0,96,93,-3,151644,<|im_start|>
24,task_024,paraphrase_test,paraphrase,0,96,94,-2,77091,assistant
24,task_024,paraphrase_test,paraphrase,0,96,95,-1,198,"
"
24,task_024,paraphrase_impl,paraphrase,1,96,80,-16,279, the
24,task_024,paraphrase_impl,paraphrase,1,96,81,-15,3601, expected
24,task_024,paraphrase_impl,paraphrase,1,96,82,-14,7709, behavior
24,task_024,paraphrase_impl,paraphrase,1,96,83,-13,382,".

"
24,task_024,paraphrase_impl,paraphrase,1,96,84,-12,24051,Choose
24,task_024,paraphrase_impl,paraphrase,1,96,85,-11,279, the
24,task_024,paraphrase_impl,paraphrase,1,96,86,-10,3175, single
24,task_024,paraphrase_impl,paraphrase,1,96,87,-9,1790, next
24,task_024,paraphrase_impl,paraphrase,1,96,88,-8,1917, action
24,task_024,paraphrase_impl,paraphrase,1,96,89,-7,1431, now
24,task_024,paraphrase_impl,paraphrase,1,96,90,-6,624,".
"
24,task_024,paraphrase_impl,paraphrase,1,96,91,-5,151645,<|im_end|>
24,task_024,paraphrase_impl,paraphrase,1,96,92,-4,198,"
"
24,task_024,paraphrase_impl,paraphrase,1,96,93,-3,151644,<|im_start|>
24,task_024,paraphrase_impl,paraphrase,1,96,94,-2,77091,assistant
24,task_024,paraphrase_impl,paraphrase,1,96,95,-1,198,"
"
25,task_025,canonical_test,canonical,0,121,101,-20,13166, observed
25,task_025,canonical_test,canonical,0,121,102,-19,7709, behavior
25,task_025,canonical_test,canonical,0,121,103,-18,22296, contrad
25,task_025,canonical_test,canonical,0,121,104,-17,29995,icts
25,task_025,canonical_test,canonical,0,121,105,-16,279, the
25,task_025,canonical_test,canonical,0,121,106,-15,3601, expected
25,task_025,canonical_test,canonical,0,121,107,-14,7709, behavior
25,task_025,canonical_test,canonical,0,121,108,-13,382,".

"
25,task_025,canonical_test,canonical,0,121,109,-12,24051,Choose
25,task_025,canonical_test,canonical,0,121,110,-11,279, the
25,task_025,canonical_test,canonical,0,121,111,-10,3175, single
25,task_025,canonical_test,canonical,0,121,112,-9,1790, next
25,task_025,canonical_test,canonical,0,121,113,-8,1917, action
25,task_025,canonical_test,canonical,0,121,114,-7,1431, now
25,task_025,canonical_test,canonical,0,121,115,-6,624,".
"
25,task_025,canonical_test,canonical,0,121,116,-5,151645,<|im_end|>
25,task_025,canonical_test,canonical,0,121,117,-4,198,"
"
25,task_025,canonical_test,canonical,0,121,118,-3,151644,<|im_start|>
25,task_025,canonical_test,canonical,0,121,119,-2,77091,assistant
25,task_025,canonical_test,canonical,0,121,120,-1,198,"
"
25,task_025,canonical_impl,canonical,1,121,101,-20,13166, observed
25,task_025,canonical_impl,canonical,1,121,102,-19,7709, behavior
25,task_025,canonical_impl,canonical,1,121,103,-18,22296, contrad
25,task_025,canonical_impl,canonical,1,121,104,-17,29995,icts
25,task_025,canonical_impl,canonical,1,121,105,-16,279, the
25,task_025,canonical_impl,canonical,1,121,106,-15,3601, expected
25,task_025,canonical_impl,canonical,1,121,107,-14,7709, behavior
25,task_025,canonical_impl,canonical,1,121,108,-13,382,".

"
25,task_025,canonical_impl,canonical,1,121,109,-12,24051,Choose
25,task_025,canonical_impl,canonical,1,121,110,-11,279, the
25,task_025,canonical_impl,canonical,1,121,111,-10,3175, single
25,task_025,canonical_impl,canonical,1,121,112,-9,1790, next
25,task_025,canonical_impl,canonical,1,121,113,-8,1917, action
25,task_025,canonical_impl,canonical,1,121,114,-7,1431, now
25,task_025,canonical_impl,canonical,1,121,115,-6,624,".
"
25,task_025,canonical_impl,canonical,1,121,116,-5,151645,<|im_end|>
25,task_025,canonical_impl,canonical,1,121,117,-4,198,"
"
25,task_025,canonical_impl,canonical,1,121,118,-3,151644,<|im_start|>
25,task_025,canonical_impl,canonical,1,121,119,-2,77091,assistant
25,task_025,canonical_impl,canonical,1,121,120,-1,198,"
"
25,task_025,paraphrase_test,paraphrase,0,114,95,-19,7709, behavior
25,task_025,paraphrase_test,paraphrase,0,114,96,-18,22296, contrad
25,task_025,paraphrase_test,paraphrase,0,114,97,-17,29995,icts
25,task_025,paraphrase_test,paraphrase,0,114,98,-16,279, the
25,task_025,paraphrase_test,paraphrase,0,114,99,-15,3601, expected
25,task_025,paraphrase_test,paraphrase,0,114,100,-14,7709, behavior
25,task_025,paraphrase_test,paraphrase,0,114,101,-13,382,".

"
25,task_025,paraphrase_test,paraphrase,0,114,102,-12,24051,Choose
25,task_025,paraphrase_test,paraphrase,0,114,103,-11,279, the
25,task_025,paraphrase_test,paraphrase,0,114,104,-10,3175, single
25,task_025,paraphrase_test,paraphrase,0,114,105,-9,1790, next
25,task_025,paraphrase_test,paraphrase,0,114,106,-8,1917, action
25,task_025,paraphrase_test,paraphrase,0,114,107,-7,1431, now
25,task_025,paraphrase_test,paraphrase,0,114,108,-6,624,".
"
25,task_025,paraphrase_test,paraphrase,0,114,109,-5,151645,<|im_end|>
25,task_025,paraphrase_test,paraphrase,0,114,110,-4,198,"
"
25,task_025,paraphrase_test,paraphrase,0,114,111,-3,151644,<|im_start|>
25,task_025,paraphrase_test,paraphrase,0,114,112,-2,77091,assistant
25,task_025,paraphrase_test,paraphrase,0,114,113,-1,198,"
"
25,task_025,paraphrase_impl,paraphrase,1,114,95,-19,7709, behavior
25,task_025,paraphrase_impl,paraphrase,1,114,96,-18,22296, contrad
25,task_025,paraphrase_impl,paraphrase,1,114,97,-17,29995,icts
25,task_025,paraphrase_impl,paraphrase,1,114,98,-16,279, the
25,task_025,paraphrase_impl,paraphrase,1,114,99,-15,3601, expected
25,task_025,paraphrase_impl,paraphrase,1,114,100,-14,7709, behavior
25,task_025,paraphrase_impl,paraphrase,1,114,101,-13,382,".

"
25,task_025,paraphrase_impl,paraphrase,1,114,102,-12,24051,Choose
25,task_025,paraphrase_impl,paraphrase,1,114,103,-11,279, the
25,task_025,paraphrase_impl,paraphrase,1,114,104,-10,3175, single
25,task_025,paraphrase_impl,paraphrase,1,114,105,-9,1790, next
25,task_025,paraphrase_impl,paraphrase,1,114,106,-8,1917, action
25,task_025,paraphrase_impl,paraphrase,1,114,107,-7,1431, now
25,task_025,paraphrase_impl,paraphrase,1,114,108,-6,624,".
"
25,task_025,paraphrase_impl,paraphrase,1,114,109,-5,151645,<|im_end|>
25,task_025,paraphrase_impl,paraphrase,1,114,110,-4,198,"
"
25,task_025,paraphrase_impl,paraphrase,1,114,111,-3,151644,<|im_start|>
25,task_025,paraphrase_impl,paraphrase,1,114,112,-2,77091,assistant
25,task_025,paraphrase_impl,paraphrase,1,114,113,-1,198,"
"
26,task_026,canonical_test,canonical,0,120,100,-20,13166, observed
26,task_026,canonical_test,canonical,0,120,101,-19,7709, behavior
26,task_026,canonical_test,canonical,0,120,102,-18,22296, contrad
26,task_026,canonical_test,canonical,0,120,103,-17,29995,icts
26,task_026,canonical_test,canonical,0,120,104,-16,279, the
26,task_026,canonical_test,canonical,0,120,105,-15,3601, expected
26,task_026,canonical_test,canonical,0,120,106,-14,7709, behavior
26,task_026,canonical_test,canonical,0,120,107,-13,382,".

"
26,task_026,canonical_test,canonical,0,120,108,-12,24051,Choose
26,task_026,canonical_test,canonical,0,120,109,-11,279, the
26,task_026,canonical_test,canonical,0,120,110,-10,3175, single
26,task_026,canonical_test,canonical,0,120,111,-9,1790, next
26,task_026,canonical_test,canonical,0,120,112,-8,1917, action
26,task_026,canonical_test,canonical,0,120,113,-7,1431, now
26,task_026,canonical_test,canonical,0,120,114,-6,624,".
"
26,task_026,canonical_test,canonical,0,120,115,-5,151645,<|im_end|>
26,task_026,canonical_test,canonical,0,120,116,-4,198,"
"
26,task_026,canonical_test,canonical,0,120,117,-3,151644,<|im_start|>
26,task_026,canonical_test,canonical,0,120,118,-2,77091,assistant
26,task_026,canonical_test,canonical,0,120,119,-1,198,"
"
26,task_026,canonical_impl,canonical,1,120,100,-20,13166, observed
26,task_026,canonical_impl,canonical,1,120,101,-19,7709, behavior
26,task_026,canonical_impl,canonical,1,120,102,-18,22296, contrad
26,task_026,canonical_impl,canonical,1,120,103,-17,29995,icts
26,task_026,canonical_impl,canonical,1,120,104,-16,279, the
26,task_026,canonical_impl,canonical,1,120,105,-15,3601, expected
26,task_026,canonical_impl,canonical,1,120,106,-14,7709, behavior
26,task_026,canonical_impl,canonical,1,120,107,-13,382,".

"
26,task_026,canonical_impl,canonical,1,120,108,-12,24051,Choose
26,task_026,canonical_impl,canonical,1,120,109,-11,279, the
26,task_026,canonical_impl,canonical,1,120,110,-10,3175, single
26,task_026,canonical_impl,canonical,1,120,111,-9,1790, next
26,task_026,canonical_impl,canonical,1,120,112,-8,1917, action
26,task_026,canonical_impl,canonical,1,120,113,-7,1431, now
26,task_026,canonical_impl,canonical,1,120,114,-6,624,".
"
26,task_026,canonical_impl,canonical,1,120,115,-5,151645,<|im_end|>
26,task_026,canonical_impl,canonical,1,120,116,-4,198,"
"
26,task_026,canonical_impl,canonical,1,120,117,-3,151644,<|im_start|>
26,task_026,canonical_impl,canonical,1,120,118,-2,77091,assistant
26,task_026,canonical_impl,canonical,1,120,119,-1,198,"
"
26,task_026,paraphrase_test,paraphrase,0,113,95,-18,22296, contrad
26,task_026,paraphrase_test,paraphrase,0,113,96,-17,29995,icts
26,task_026,paraphrase_test,paraphrase,0,113,97,-16,279, the
26,task_026,paraphrase_test,paraphrase,0,113,98,-15,3601, expected
26,task_026,paraphrase_test,paraphrase,0,113,99,-14,7709, behavior
26,task_026,paraphrase_test,paraphrase,0,113,100,-13,382,".

"
26,task_026,paraphrase_test,paraphrase,0,113,101,-12,24051,Choose
26,task_026,paraphrase_test,paraphrase,0,113,102,-11,279, the
26,task_026,paraphrase_test,paraphrase,0,113,103,-10,3175, single
26,task_026,paraphrase_test,paraphrase,0,113,104,-9,1790, next
26,task_026,paraphrase_test,paraphrase,0,113,105,-8,1917, action
26,task_026,paraphrase_test,paraphrase,0,113,106,-7,1431, now
26,task_026,paraphrase_test,paraphrase,0,113,107,-6,624,".
"
26,task_026,paraphrase_test,paraphrase,0,113,108,-5,151645,<|im_end|>
26,task_026,paraphrase_test,paraphrase,0,113,109,-4,198,"
"
26,task_026,paraphrase_test,paraphrase,0,113,110,-3,151644,<|im_start|>
26,task_026,paraphrase_test,paraphrase,0,113,111,-2,77091,assistant
26,task_026,paraphrase_test,paraphrase,0,113,112,-1,198,"
"
26,task_026,paraphrase_impl,paraphrase,1,113,95,-18,22296, contrad
26,task_026,paraphrase_impl,paraphrase,1,113,96,-17,29995,icts
26,task_026,paraphrase_impl,paraphrase,1,113,97,-16,279, the
26,task_026,paraphrase_impl,paraphrase,1,113,98,-15,3601, expected
26,task_026,paraphrase_impl,paraphrase,1,113,99,-14,7709, behavior
26,task_026,paraphrase_impl,paraphrase,1,113,100,-13,382,".

"
26,task_026,paraphrase_impl,paraphrase,1,113,101,-12,24051,Choose
26,task_026,paraphrase_impl,paraphrase,1,113,102,-11,279, the
26,task_026,paraphrase_impl,paraphrase,1,113,103,-10,3175, single
26,task_026,paraphrase_impl,paraphrase,1,113,104,-9,1790, next
26,task_026,paraphrase_impl,paraphrase,1,113,105,-8,1917, action
26,task_026,paraphrase_impl,paraphrase,1,113,106,-7,1431, now
26,task_026,paraphrase_impl,paraphrase,1,113,107,-6,624,".
"
26,task_026,paraphrase_impl,paraphrase,1,113,108,-5,151645,<|im_end|>
26,task_026,paraphrase_impl,paraphrase,1,113,109,-4,198,"
"
26,task_026,paraphrase_impl,paraphrase,1,113,110,-3,151644,<|im_start|>
26,task_026,paraphrase_impl,paraphrase,1,113,111,-2,77091,assistant
26,task_026,paraphrase_impl,paraphrase,1,113,112,-1,198,"
"
27,task_027,canonical_test,canonical,0,103,86,-17,29995,icts
27,task_027,canonical_test,canonical,0,103,87,-16,279, the
27,task_027,canonical_test,canonical,0,103,88,-15,3601, expected
27,task_027,canonical_test,canonical,0,103,89,-14,7709, behavior
27,task_027,canonical_test,canonical,0,103,90,-13,382,".

"
27,task_027,canonical_test,canonical,0,103,91,-12,24051,Choose
27,task_027,canonical_test,canonical,0,103,92,-11,279, the
27,task_027,canonical_test,canonical,0,103,93,-10,3175, single
27,task_027,canonical_test,canonical,0,103,94,-9,1790, next
27,task_027,canonical_test,canonical,0,103,95,-8,1917, action
27,task_027,canonical_test,canonical,0,103,96,-7,1431, now
27,task_027,canonical_test,canonical,0,103,97,-6,624,".
"
27,task_027,canonical_test,canonical,0,103,98,-5,151645,<|im_end|>
27,task_027,canonical_test,canonical,0,103,99,-4,198,"
"
27,task_027,canonical_test,canonical,0,103,100,-3,151644,<|im_start|>
27,task_027,canonical_test,canonical,0,103,101,-2,77091,assistant
27,task_027,canonical_test,canonical,0,103,102,-1,198,"
"
27,task_027,canonical_impl,canonical,1,103,86,-17,29995,icts
27,task_027,canonical_impl,canonical,1,103,87,-16,279, the
27,task_027,canonical_impl,canonical,1,103,88,-15,3601, expected
27,task_027,canonical_impl,canonical,1,103,89,-14,7709, behavior
27,task_027,canonical_impl,canonical,1,103,90,-13,382,".

"
27,task_027,canonical_impl,canonical,1,103,91,-12,24051,Choose
27,task_027,canonical_impl,canonical,1,103,92,-11,279, the
27,task_027,canonical_impl,canonical,1,103,93,-10,3175, single
27,task_027,canonical_impl,canonical,1,103,94,-9,1790, next
27,task_027,canonical_impl,canonical,1,103,95,-8,1917, action
27,task_027,canonical_impl,canonical,1,103,96,-7,1431, now
27,task_027,canonical_impl,canonical,1,103,97,-6,624,".
"
27,task_027,canonical_impl,canonical,1,103,98,-5,151645,<|im_end|>
27,task_027,canonical_impl,canonical,1,103,99,-4,198,"
"
27,task_027,canonical_impl,canonical,1,103,100,-3,151644,<|im_start|>
27,task_027,canonical_impl,canonical,1,103,101,-2,77091,assistant
27,task_027,canonical_impl,canonical,1,103,102,-1,198,"
"
27,task_027,paraphrase_test,paraphrase,0,96,80,-16,279, the
27,task_027,paraphrase_test,paraphrase,0,96,81,-15,3601, expected
27,task_027,paraphrase_test,paraphrase,0,96,82,-14,7709, behavior
27,task_027,paraphrase_test,paraphrase,0,96,83,-13,382,".

"
27,task_027,paraphrase_test,paraphrase,0,96,84,-12,24051,Choose
27,task_027,paraphrase_test,paraphrase,0,96,85,-11,279, the
27,task_027,paraphrase_test,paraphrase,0,96,86,-10,3175, single
27,task_027,paraphrase_test,paraphrase,0,96,87,-9,1790, next
27,task_027,paraphrase_test,paraphrase,0,96,88,-8,1917, action
27,task_027,paraphrase_test,paraphrase,0,96,89,-7,1431, now
27,task_027,paraphrase_test,paraphrase,0,96,90,-6,624,".
"
27,task_027,paraphrase_test,paraphrase,0,96,91,-5,151645,<|im_end|>
27,task_027,paraphrase_test,paraphrase,0,96,92,-4,198,"
"
27,task_027,paraphrase_test,paraphrase,0,96,93,-3,151644,<|im_start|>
27,task_027,paraphrase_test,paraphrase,0,96,94,-2,77091,assistant
27,task_027,paraphrase_test,paraphrase,0,96,95,-1,198,"
"
27,task_027,paraphrase_impl,paraphrase,1,96,80,-16,279, the
27,task_027,paraphrase_impl,paraphrase,1,96,81,-15,3601, expected
27,task_027,paraphrase_impl,paraphrase,1,96,82,-14,7709, behavior
27,task_027,paraphrase_impl,paraphrase,1,96,83,-13,382,".

"
27,task_027,paraphrase_impl,paraphrase,1,96,84,-12,24051,Choose
27,task_027,paraphrase_impl,paraphrase,1,96,85,-11,279, the
27,task_027,paraphrase_impl,paraphrase,1,96,86,-10,3175, single
27,task_027,paraphrase_impl,paraphrase,1,96,87,-9,1790, next
27,task_027,paraphrase_impl,paraphrase,1,96,88,-8,1917, action
27,task_027,paraphrase_impl,paraphrase,1,96,89,-7,1431, now
27,task_027,paraphrase_impl,paraphrase,1,96,90,-6,624,".
"
27,task_027,paraphrase_impl,paraphrase,1,96,91,-5,151645,<|im_end|>
27,task_027,paraphrase_impl,paraphrase,1,96,92,-4,198,"
"
27,task_027,paraphrase_impl,paraphrase,1,96,93,-3,151644,<|im_start|>
27,task_027,paraphrase_impl,paraphrase,1,96,94,-2,77091,assistant
27,task_027,paraphrase_impl,paraphrase,1,96,95,-1,198,"
"
28,task_028,canonical_test,canonical,0,121,101,-20,13166, observed
28,task_028,canonical_test,canonical,0,121,102,-19,7709, behavior
28,task_028,canonical_test,canonical,0,121,103,-18,22296, contrad
28,task_028,canonical_test,canonical,0,121,104,-17,29995,icts
28,task_028,canonical_test,canonical,0,121,105,-16,279, the
28,task_028,canonical_test,canonical,0,121,106,-15,3601, expected
28,task_028,canonical_test,canonical,0,121,107,-14,7709, behavior
28,task_028,canonical_test,canonical,0,121,108,-13,382,".

"
28,task_028,canonical_test,canonical,0,121,109,-12,24051,Choose
28,task_028,canonical_test,canonical,0,121,110,-11,279, the
28,task_028,canonical_test,canonical,0,121,111,-10,3175, single
28,task_028,canonical_test,canonical,0,121,112,-9,1790, next
28,task_028,canonical_test,canonical,0,121,113,-8,1917, action
28,task_028,canonical_test,canonical,0,121,114,-7,1431, now
28,task_028,canonical_test,canonical,0,121,115,-6,624,".
"
28,task_028,canonical_test,canonical,0,121,116,-5,151645,<|im_end|>
28,task_028,canonical_test,canonical,0,121,117,-4,198,"
"
28,task_028,canonical_test,canonical,0,121,118,-3,151644,<|im_start|>
28,task_028,canonical_test,canonical,0,121,119,-2,77091,assistant
28,task_028,canonical_test,canonical,0,121,120,-1,198,"
"
28,task_028,canonical_impl,canonical,1,121,101,-20,13166, observed
28,task_028,canonical_impl,canonical,1,121,102,-19,7709, behavior
28,task_028,canonical_impl,canonical,1,121,103,-18,22296, contrad
28,task_028,canonical_impl,canonical,1,121,104,-17,29995,icts
28,task_028,canonical_impl,canonical,1,121,105,-16,279, the
28,task_028,canonical_impl,canonical,1,121,106,-15,3601, expected
28,task_028,canonical_impl,canonical,1,121,107,-14,7709, behavior
28,task_028,canonical_impl,canonical,1,121,108,-13,382,".

"
28,task_028,canonical_impl,canonical,1,121,109,-12,24051,Choose
28,task_028,canonical_impl,canonical,1,121,110,-11,279, the
28,task_028,canonical_impl,canonical,1,121,111,-10,3175, single
28,task_028,canonical_impl,canonical,1,121,112,-9,1790, next
28,task_028,canonical_impl,canonical,1,121,113,-8,1917, action
28,task_028,canonical_impl,canonical,1,121,114,-7,1431, now
28,task_028,canonical_impl,canonical,1,121,115,-6,624,".
"
28,task_028,canonical_impl,canonical,1,121,116,-5,151645,<|im_end|>
28,task_028,canonical_impl,canonical,1,121,117,-4,198,"
"
28,task_028,canonical_impl,canonical,1,121,118,-3,151644,<|im_start|>
28,task_028,canonical_impl,canonical,1,121,119,-2,77091,assistant
28,task_028,canonical_impl,canonical,1,121,120,-1,198,"
"
28,task_028,paraphrase_test,paraphrase,0,114,95,-19,7709, behavior
28,task_028,paraphrase_test,paraphrase,0,114,96,-18,22296, contrad
28,task_028,paraphrase_test,paraphrase,0,114,97,-17,29995,icts
28,task_028,paraphrase_test,paraphrase,0,114,98,-16,279, the
28,task_028,paraphrase_test,paraphrase,0,114,99,-15,3601, expected
28,task_028,paraphrase_test,paraphrase,0,114,100,-14,7709, behavior
28,task_028,paraphrase_test,paraphrase,0,114,101,-13,382,".

"
28,task_028,paraphrase_test,paraphrase,0,114,102,-12,24051,Choose
28,task_028,paraphrase_test,paraphrase,0,114,103,-11,279, the
28,task_028,paraphrase_test,paraphrase,0,114,104,-10,3175, single
28,task_028,paraphrase_test,paraphrase,0,114,105,-9,1790, next
28,task_028,paraphrase_test,paraphrase,0,114,106,-8,1917, action
28,task_028,paraphrase_test,paraphrase,0,114,107,-7,1431, now
28,task_028,paraphrase_test,paraphrase,0,114,108,-6,624,".
"
28,task_028,paraphrase_test,paraphrase,0,114,109,-5,151645,<|im_end|>
28,task_028,paraphrase_test,paraphrase,0,114,110,-4,198,"
"
28,task_028,paraphrase_test,paraphrase,0,114,111,-3,151644,<|im_start|>
28,task_028,paraphrase_test,paraphrase,0,114,112,-2,77091,assistant
28,task_028,paraphrase_test,paraphrase,0,114,113,-1,198,"
"
28,task_028,paraphrase_impl,paraphrase,1,114,95,-19,7709, behavior
28,task_028,paraphrase_impl,paraphrase,1,114,96,-18,22296, contrad
28,task_028,paraphrase_impl,paraphrase,1,114,97,-17,29995,icts
28,task_028,paraphrase_impl,paraphrase,1,114,98,-16,279, the
28,task_028,paraphrase_impl,paraphrase,1,114,99,-15,3601, expected
28,task_028,paraphrase_impl,paraphrase,1,114,100,-14,7709, behavior
28,task_028,paraphrase_impl,paraphrase,1,114,101,-13,382,".

"
28,task_028,paraphrase_impl,paraphrase,1,114,102,-12,24051,Choose
28,task_028,paraphrase_impl,paraphrase,1,114,103,-11,279, the
28,task_028,paraphrase_impl,paraphrase,1,114,104,-10,3175, single
28,task_028,paraphrase_impl,paraphrase,1,114,105,-9,1790, next
28,task_028,paraphrase_impl,paraphrase,1,114,106,-8,1917, action
28,task_028,paraphrase_impl,paraphrase,1,114,107,-7,1431, now
28,task_028,paraphrase_impl,paraphrase,1,114,108,-6,624,".
"
28,task_028,paraphrase_impl,paraphrase,1,114,109,-5,151645,<|im_end|>
28,task_028,paraphrase_impl,paraphrase,1,114,110,-4,198,"
"
28,task_028,paraphrase_impl,paraphrase,1,114,111,-3,151644,<|im_start|>
28,task_028,paraphrase_impl,paraphrase,1,114,112,-2,77091,assistant
28,task_028,paraphrase_impl,paraphrase,1,114,113,-1,198,"
"
29,task_029,canonical_test,canonical,0,120,100,-20,13166, observed
29,task_029,canonical_test,canonical,0,120,101,-19,7709, behavior
29,task_029,canonical_test,canonical,0,120,102,-18,22296, contrad
29,task_029,canonical_test,canonical,0,120,103,-17,29995,icts
29,task_029,canonical_test,canonical,0,120,104,-16,279, the
29,task_029,canonical_test,canonical,0,120,105,-15,3601, expected
29,task_029,canonical_test,canonical,0,120,106,-14,7709, behavior
29,task_029,canonical_test,canonical,0,120,107,-13,382,".

"
29,task_029,canonical_test,canonical,0,120,108,-12,24051,Choose
29,task_029,canonical_test,canonical,0,120,109,-11,279, the
29,task_029,canonical_test,canonical,0,120,110,-10,3175, single
29,task_029,canonical_test,canonical,0,120,111,-9,1790, next
29,task_029,canonical_test,canonical,0,120,112,-8,1917, action
29,task_029,canonical_test,canonical,0,120,113,-7,1431, now
29,task_029,canonical_test,canonical,0,120,114,-6,624,".
"
29,task_029,canonical_test,canonical,0,120,115,-5,151645,<|im_end|>
29,task_029,canonical_test,canonical,0,120,116,-4,198,"
"
29,task_029,canonical_test,canonical,0,120,117,-3,151644,<|im_start|>
29,task_029,canonical_test,canonical,0,120,118,-2,77091,assistant
29,task_029,canonical_test,canonical,0,120,119,-1,198,"
"
29,task_029,canonical_impl,canonical,1,120,100,-20,13166, observed
29,task_029,canonical_impl,canonical,1,120,101,-19,7709, behavior
29,task_029,canonical_impl,canonical,1,120,102,-18,22296, contrad
29,task_029,canonical_impl,canonical,1,120,103,-17,29995,icts
29,task_029,canonical_impl,canonical,1,120,104,-16,279, the
29,task_029,canonical_impl,canonical,1,120,105,-15,3601, expected
29,task_029,canonical_impl,canonical,1,120,106,-14,7709, behavior
29,task_029,canonical_impl,canonical,1,120,107,-13,382,".

"
29,task_029,canonical_impl,canonical,1,120,108,-12,24051,Choose
29,task_029,canonical_impl,canonical,1,120,109,-11,279, the
29,task_029,canonical_impl,canonical,1,120,110,-10,3175, single
29,task_029,canonical_impl,canonical,1,120,111,-9,1790, next
29,task_029,canonical_impl,canonical,1,120,112,-8,1917, action
29,task_029,canonical_impl,canonical,1,120,113,-7,1431, now
29,task_029,canonical_impl,canonical,1,120,114,-6,624,".
"
29,task_029,canonical_impl,canonical,1,120,115,-5,151645,<|im_end|>
29,task_029,canonical_impl,canonical,1,120,116,-4,198,"
"
29,task_029,canonical_impl,canonical,1,120,117,-3,151644,<|im_start|>
29,task_029,canonical_impl,canonical,1,120,118,-2,77091,assistant
29,task_029,canonical_impl,canonical,1,120,119,-1,198,"
"
29,task_029,paraphrase_test,paraphrase,0,113,95,-18,22296, contrad
29,task_029,paraphrase_test,paraphrase,0,113,96,-17,29995,icts
29,task_029,paraphrase_test,paraphrase,0,113,97,-16,279, the
29,task_029,paraphrase_test,paraphrase,0,113,98,-15,3601, expected
29,task_029,paraphrase_test,paraphrase,0,113,99,-14,7709, behavior
29,task_029,paraphrase_test,paraphrase,0,113,100,-13,382,".

"
29,task_029,paraphrase_test,paraphrase,0,113,101,-12,24051,Choose
29,task_029,paraphrase_test,paraphrase,0,113,102,-11,279, the
29,task_029,paraphrase_test,paraphrase,0,113,103,-10,3175, single
29,task_029,paraphrase_test,paraphrase,0,113,104,-9,1790, next
29,task_029,paraphrase_test,paraphrase,0,113,105,-8,1917, action
29,task_029,paraphrase_test,paraphrase,0,113,106,-7,1431, now
29,task_029,paraphrase_test,paraphrase,0,113,107,-6,624,".
"
29,task_029,paraphrase_test,paraphrase,0,113,108,-5,151645,<|im_end|>
29,task_029,paraphrase_test,paraphrase,0,113,109,-4,198,"
"
29,task_029,paraphrase_test,paraphrase,0,113,110,-3,151644,<|im_start|>
29,task_029,paraphrase_test,paraphrase,0,113,111,-2,77091,assistant
29,task_029,paraphrase_test,paraphrase,0,113,112,-1,198,"
"
29,task_029,paraphrase_impl,paraphrase,1,113,95,-18,22296, contrad
29,task_029,paraphrase_impl,paraphrase,1,113,96,-17,29995,icts
29,task_029,paraphrase_impl,paraphrase,1,113,97,-16,279, the
29,task_029,paraphrase_impl,paraphrase,1,113,98,-15,3601, expected
29,task_029,paraphrase_impl,paraphrase,1,113,99,-14,7709, behavior
29,task_029,paraphrase_impl,paraphrase,1,113,100,-13,382,".

"
29,task_029,paraphrase_impl,paraphrase,1,113,101,-12,24051,Choose
29,task_029,paraphrase_impl,paraphrase,1,113,102,-11,279, the
29,task_029,paraphrase_impl,paraphrase,1,113,103,-10,3175, single
29,task_029,paraphrase_impl,paraphrase,1,113,104,-9,1790, next
29,task_029,paraphrase_impl,paraphrase,1,113,105,-8,1917, action
29,task_029,paraphrase_impl,paraphrase,1,113,106,-7,1431, now
29,task_029,paraphrase_impl,paraphrase,1,113,107,-6,624,".
"
29,task_029,paraphrase_impl,paraphrase,1,113,108,-5,151645,<|im_end|>
29,task_029,paraphrase_impl,paraphrase,1,113,109,-4,198,"
"
29,task_029,paraphrase_impl,paraphrase,1,113,110,-3,151644,<|im_start|>
29,task_029,paraphrase_impl,paraphrase,1,113,111,-2,77091,assistant
29,task_029,paraphrase_impl,paraphrase,1,113,112,-1,198,"
"
30,task_030,canonical_test,canonical,0,103,86,-17,29995,icts
30,task_030,canonical_test,canonical,0,103,87,-16,279, the
30,task_030,canonical_test,canonical,0,103,88,-15,3601, expected
30,task_030,canonical_test,canonical,0,103,89,-14,7709, behavior
30,task_030,canonical_test,canonical,0,103,90,-13,382,".

"
30,task_030,canonical_test,canonical,0,103,91,-12,24051,Choose
30,task_030,canonical_test,canonical,0,103,92,-11,279, the
30,task_030,canonical_test,canonical,0,103,93,-10,3175, single
30,task_030,canonical_test,canonical,0,103,94,-9,1790, next
30,task_030,canonical_test,canonical,0,103,95,-8,1917, action
30,task_030,canonical_test,canonical,0,103,96,-7,1431, now
30,task_030,canonical_test,canonical,0,103,97,-6,624,".
"
30,task_030,canonical_test,canonical,0,103,98,-5,151645,<|im_end|>
30,task_030,canonical_test,canonical,0,103,99,-4,198,"
"
30,task_030,canonical_test,canonical,0,103,100,-3,151644,<|im_start|>
30,task_030,canonical_test,canonical,0,103,101,-2,77091,assistant
30,task_030,canonical_test,canonical,0,103,102,-1,198,"
"
30,task_030,canonical_impl,canonical,1,103,86,-17,29995,icts
30,task_030,canonical_impl,canonical,1,103,87,-16,279, the
30,task_030,canonical_impl,canonical,1,103,88,-15,3601, expected
30,task_030,canonical_impl,canonical,1,103,89,-14,7709, behavior
30,task_030,canonical_impl,canonical,1,103,90,-13,382,".

"
30,task_030,canonical_impl,canonical,1,103,91,-12,24051,Choose
30,task_030,canonical_impl,canonical,1,103,92,-11,279, the
30,task_030,canonical_impl,canonical,1,103,93,-10,3175, single
30,task_030,canonical_impl,canonical,1,103,94,-9,1790, next
30,task_030,canonical_impl,canonical,1,103,95,-8,1917, action
30,task_030,canonical_impl,canonical,1,103,96,-7,1431, now
30,task_030,canonical_impl,canonical,1,103,97,-6,624,".
"
30,task_030,canonical_impl,canonical,1,103,98,-5,151645,<|im_end|>
30,task_030,canonical_impl,canonical,1,103,99,-4,198,"
"
30,task_030,canonical_impl,canonical,1,103,100,-3,151644,<|im_start|>
30,task_030,canonical_impl,canonical,1,103,101,-2,77091,assistant
30,task_030,canonical_impl,canonical,1,103,102,-1,198,"
"
30,task_030,paraphrase_test,paraphrase,0,96,80,-16,279, the
30,task_030,paraphrase_test,paraphrase,0,96,81,-15,3601, expected
30,task_030,paraphrase_test,paraphrase,0,96,82,-14,7709, behavior
30,task_030,paraphrase_test,paraphrase,0,96,83,-13,382,".

"
30,task_030,paraphrase_test,paraphrase,0,96,84,-12,24051,Choose
30,task_030,paraphrase_test,paraphrase,0,96,85,-11,279, the
30,task_030,paraphrase_test,paraphrase,0,96,86,-10,3175, single
30,task_030,paraphrase_test,paraphrase,0,96,87,-9,1790, next
30,task_030,paraphrase_test,paraphrase,0,96,88,-8,1917, action
30,task_030,paraphrase_test,paraphrase,0,96,89,-7,1431, now
30,task_030,paraphrase_test,paraphrase,0,96,90,-6,624,".
"
30,task_030,paraphrase_test,paraphrase,0,96,91,-5,151645,<|im_end|>
30,task_030,paraphrase_test,paraphrase,0,96,92,-4,198,"
"
30,task_030,paraphrase_test,paraphrase,0,96,93,-3,151644,<|im_start|>
30,task_030,paraphrase_test,paraphrase,0,96,94,-2,77091,assistant
30,task_030,paraphrase_test,paraphrase,0,96,95,-1,198,"
"
30,task_030,paraphrase_impl,paraphrase,1,96,80,-16,279, the
30,task_030,paraphrase_impl,paraphrase,1,96,81,-15,3601, expected
30,task_030,paraphrase_impl,paraphrase,1,96,82,-14,7709, behavior
30,task_030,paraphrase_impl,paraphrase,1,96,83,-13,382,".

"
30,task_030,paraphrase_impl,paraphrase,1,96,84,-12,24051,Choose
30,task_030,paraphrase_impl,paraphrase,1,96,85,-11,279, the
30,task_030,paraphrase_impl,paraphrase,1,96,86,-10,3175, single
30,task_030,paraphrase_impl,paraphrase,1,96,87,-9,1790, next
30,task_030,paraphrase_impl,paraphrase,1,96,88,-8,1917, action
30,task_030,paraphrase_impl,paraphrase,1,96,89,-7,1431, now
30,task_030,paraphrase_impl,paraphrase,1,96,90,-6,624,".
"
30,task_030,paraphrase_impl,paraphrase,1,96,91,-5,151645,<|im_end|>
30,task_030,paraphrase_impl,paraphrase,1,96,92,-4,198,"
"
30,task_030,paraphrase_impl,paraphrase,1,96,93,-3,151644,<|im_start|>
30,task_030,paraphrase_impl,paraphrase,1,96,94,-2,77091,assistant
30,task_030,paraphrase_impl,paraphrase,1,96,95,-1,198,"
"
31,task_031,canonical_test,canonical,0,121,101,-20,13166, observed
31,task_031,canonical_test,canonical,0,121,102,-19,7709, behavior
31,task_031,canonical_test,canonical,0,121,103,-18,22296, contrad
31,task_031,canonical_test,canonical,0,121,104,-17,29995,icts
31,task_031,canonical_test,canonical,0,121,105,-16,279, the
31,task_031,canonical_test,canonical,0,121,106,-15,3601, expected
31,task_031,canonical_test,canonical,0,121,107,-14,7709, behavior
31,task_031,canonical_test,canonical,0,121,108,-13,382,".

"
31,task_031,canonical_test,canonical,0,121,109,-12,24051,Choose
31,task_031,canonical_test,canonical,0,121,110,-11,279, the
31,task_031,canonical_test,canonical,0,121,111,-10,3175, single
31,task_031,canonical_test,canonical,0,121,112,-9,1790, next
31,task_031,canonical_test,canonical,0,121,113,-8,1917, action
31,task_031,canonical_test,canonical,0,121,114,-7,1431, now
31,task_031,canonical_test,canonical,0,121,115,-6,624,".
"
31,task_031,canonical_test,canonical,0,121,116,-5,151645,<|im_end|>
31,task_031,canonical_test,canonical,0,121,117,-4,198,"
"
31,task_031,canonical_test,canonical,0,121,118,-3,151644,<|im_start|>
31,task_031,canonical_test,canonical,0,121,119,-2,77091,assistant
31,task_031,canonical_test,canonical,0,121,120,-1,198,"
"
31,task_031,canonical_impl,canonical,1,121,101,-20,13166, observed
31,task_031,canonical_impl,canonical,1,121,102,-19,7709, behavior
31,task_031,canonical_impl,canonical,1,121,103,-18,22296, contrad
31,task_031,canonical_impl,canonical,1,121,104,-17,29995,icts
31,task_031,canonical_impl,canonical,1,121,105,-16,279, the
31,task_031,canonical_impl,canonical,1,121,106,-15,3601, expected
31,task_031,canonical_impl,canonical,1,121,107,-14,7709, behavior
31,task_031,canonical_impl,canonical,1,121,108,-13,382,".

"
31,task_031,canonical_impl,canonical,1,121,109,-12,24051,Choose
31,task_031,canonical_impl,canonical,1,121,110,-11,279, the
31,task_031,canonical_impl,canonical,1,121,111,-10,3175, single
31,task_031,canonical_impl,canonical,1,121,112,-9,1790, next
31,task_031,canonical_impl,canonical,1,121,113,-8,1917, action
31,task_031,canonical_impl,canonical,1,121,114,-7,1431, now
31,task_031,canonical_impl,canonical,1,121,115,-6,624,".
"
31,task_031,canonical_impl,canonical,1,121,116,-5,151645,<|im_end|>
31,task_031,canonical_impl,canonical,1,121,117,-4,198,"
"
31,task_031,canonical_impl,canonical,1,121,118,-3,151644,<|im_start|>
31,task_031,canonical_impl,canonical,1,121,119,-2,77091,assistant
31,task_031,canonical_impl,canonical,1,121,120,-1,198,"
"
31,task_031,paraphrase_test,paraphrase,0,114,95,-19,7709, behavior
31,task_031,paraphrase_test,paraphrase,0,114,96,-18,22296, contrad
31,task_031,paraphrase_test,paraphrase,0,114,97,-17,29995,icts
31,task_031,paraphrase_test,paraphrase,0,114,98,-16,279, the
31,task_031,paraphrase_test,paraphrase,0,114,99,-15,3601, expected
31,task_031,paraphrase_test,paraphrase,0,114,100,-14,7709, behavior
31,task_031,paraphrase_test,paraphrase,0,114,101,-13,382,".

"
31,task_031,paraphrase_test,paraphrase,0,114,102,-12,24051,Choose
31,task_031,paraphrase_test,paraphrase,0,114,103,-11,279, the
31,task_031,paraphrase_test,paraphrase,0,114,104,-10,3175, single
31,task_031,paraphrase_test,paraphrase,0,114,105,-9,1790, next
31,task_031,paraphrase_test,paraphrase,0,114,106,-8,1917, action
31,task_031,paraphrase_test,paraphrase,0,114,107,-7,1431, now
31,task_031,paraphrase_test,paraphrase,0,114,108,-6,624,".
"
31,task_031,paraphrase_test,paraphrase,0,114,109,-5,151645,<|im_end|>
31,task_031,paraphrase_test,paraphrase,0,114,110,-4,198,"
"
31,task_031,paraphrase_test,paraphrase,0,114,111,-3,151644,<|im_start|>
31,task_031,paraphrase_test,paraphrase,0,114,112,-2,77091,assistant
31,task_031,paraphrase_test,paraphrase,0,114,113,-1,198,"
"
31,task_031,paraphrase_impl,paraphrase,1,114,95,-19,7709, behavior
31,task_031,paraphrase_impl,paraphrase,1,114,96,-18,22296, contrad
31,task_031,paraphrase_impl,paraphrase,1,114,97,-17,29995,icts
31,task_031,paraphrase_impl,paraphrase,1,114,98,-16,279, the
31,task_031,paraphrase_impl,paraphrase,1,114,99,-15,3601, expected
31,task_031,paraphrase_impl,paraphrase,1,114,100,-14,7709, behavior
31,task_031,paraphrase_impl,paraphrase,1,114,101,-13,382,".

"
31,task_031,paraphrase_impl,paraphrase,1,114,102,-12,24051,Choose
31,task_031,paraphrase_impl,paraphrase,1,114,103,-11,279, the
31,task_031,paraphrase_impl,paraphrase,1,114,104,-10,3175, single
31,task_031,paraphrase_impl,paraphrase,1,114,105,-9,1790, next
31,task_031,paraphrase_impl,paraphrase,1,114,106,-8,1917, action
31,task_031,paraphrase_impl,paraphrase,1,114,107,-7,1431, now
31,task_031,paraphrase_impl,paraphrase,1,114,108,-6,624,".
"
31,task_031,paraphrase_impl,paraphrase,1,114,109,-5,151645,<|im_end|>
31,task_031,paraphrase_impl,paraphrase,1,114,110,-4,198,"
"
31,task_031,paraphrase_impl,paraphrase,1,114,111,-3,151644,<|im_start|>
31,task_031,paraphrase_impl,paraphrase,1,114,112,-2,77091,assistant
31,task_031,paraphrase_impl,paraphrase,1,114,113,-1,198,"
"
32,task_032,canonical_test,canonical,0,120,100,-20,13166, observed
32,task_032,canonical_test,canonical,0,120,101,-19,7709, behavior
32,task_032,canonical_test,canonical,0,120,102,-18,22296, contrad
32,task_032,canonical_test,canonical,0,120,103,-17,29995,icts
32,task_032,canonical_test,canonical,0,120,104,-16,279, the
32,task_032,canonical_test,canonical,0,120,105,-15,3601, expected
32,task_032,canonical_test,canonical,0,120,106,-14,7709, behavior
32,task_032,canonical_test,canonical,0,120,107,-13,382,".

"
32,task_032,canonical_test,canonical,0,120,108,-12,24051,Choose
32,task_032,canonical_test,canonical,0,120,109,-11,279, the
32,task_032,canonical_test,canonical,0,120,110,-10,3175, single
32,task_032,canonical_test,canonical,0,120,111,-9,1790, next
32,task_032,canonical_test,canonical,0,120,112,-8,1917, action
32,task_032,canonical_test,canonical,0,120,113,-7,1431, now
32,task_032,canonical_test,canonical,0,120,114,-6,624,".
"
32,task_032,canonical_test,canonical,0,120,115,-5,151645,<|im_end|>
32,task_032,canonical_test,canonical,0,120,116,-4,198,"
"
32,task_032,canonical_test,canonical,0,120,117,-3,151644,<|im_start|>
32,task_032,canonical_test,canonical,0,120,118,-2,77091,assistant
32,task_032,canonical_test,canonical,0,120,119,-1,198,"
"
32,task_032,canonical_impl,canonical,1,120,100,-20,13166, observed
32,task_032,canonical_impl,canonical,1,120,101,-19,7709, behavior
32,task_032,canonical_impl,canonical,1,120,102,-18,22296, contrad
32,task_032,canonical_impl,canonical,1,120,103,-17,29995,icts
32,task_032,canonical_impl,canonical,1,120,104,-16,279, the
32,task_032,canonical_impl,canonical,1,120,105,-15,3601, expected
32,task_032,canonical_impl,canonical,1,120,106,-14,7709, behavior
32,task_032,canonical_impl,canonical,1,120,107,-13,382,".

"
32,task_032,canonical_impl,canonical,1,120,108,-12,24051,Choose
32,task_032,canonical_impl,canonical,1,120,109,-11,279, the
32,task_032,canonical_impl,canonical,1,120,110,-10,3175, single
32,task_032,canonical_impl,canonical,1,120,111,-9,1790, next
32,task_032,canonical_impl,canonical,1,120,112,-8,1917, action
32,task_032,canonical_impl,canonical,1,120,113,-7,1431, now
32,task_032,canonical_impl,canonical,1,120,114,-6,624,".
"
32,task_032,canonical_impl,canonical,1,120,115,-5,151645,<|im_end|>
32,task_032,canonical_impl,canonical,1,120,116,-4,198,"
"
32,task_032,canonical_impl,canonical,1,120,117,-3,151644,<|im_start|>
32,task_032,canonical_impl,canonical,1,120,118,-2,77091,assistant
32,task_032,canonical_impl,canonical,1,120,119,-1,198,"
"
32,task_032,paraphrase_test,paraphrase,0,113,95,-18,22296, contrad
32,task_032,paraphrase_test,paraphrase,0,113,96,-17,29995,icts
32,task_032,paraphrase_test,paraphrase,0,113,97,-16,279, the
32,task_032,paraphrase_test,paraphrase,0,113,98,-15,3601, expected
32,task_032,paraphrase_test,paraphrase,0,113,99,-14,7709, behavior
32,task_032,paraphrase_test,paraphrase,0,113,100,-13,382,".

"
32,task_032,paraphrase_test,paraphrase,0,113,101,-12,24051,Choose
32,task_032,paraphrase_test,paraphrase,0,113,102,-11,279, the
32,task_032,paraphrase_test,paraphrase,0,113,103,-10,3175, single
32,task_032,paraphrase_test,paraphrase,0,113,104,-9,1790, next
32,task_032,paraphrase_test,paraphrase,0,113,105,-8,1917, action
32,task_032,paraphrase_test,paraphrase,0,113,106,-7,1431, now
32,task_032,paraphrase_test,paraphrase,0,113,107,-6,624,".
"
32,task_032,paraphrase_test,paraphrase,0,113,108,-5,151645,<|im_end|>
32,task_032,paraphrase_test,paraphrase,0,113,109,-4,198,"
"
32,task_032,paraphrase_test,paraphrase,0,113,110,-3,151644,<|im_start|>
32,task_032,paraphrase_test,paraphrase,0,113,111,-2,77091,assistant
32,task_032,paraphrase_test,paraphrase,0,113,112,-1,198,"
"
32,task_032,paraphrase_impl,paraphrase,1,113,95,-18,22296, contrad
32,task_032,paraphrase_impl,paraphrase,1,113,96,-17,29995,icts
32,task_032,paraphrase_impl,paraphrase,1,113,97,-16,279, the
32,task_032,paraphrase_impl,paraphrase,1,113,98,-15,3601, expected
32,task_032,paraphrase_impl,paraphrase,1,113,99,-14,7709, behavior
32,task_032,paraphrase_impl,paraphrase,1,113,100,-13,382,".

"
32,task_032,paraphrase_impl,paraphrase,1,113,101,-12,24051,Choose
32,task_032,paraphrase_impl,paraphrase,1,113,102,-11,279, the
32,task_032,paraphrase_impl,paraphrase,1,113,103,-10,3175, single
32,task_032,paraphrase_impl,paraphrase,1,113,104,-9,1790, next
32,task_032,paraphrase_impl,paraphrase,1,113,105,-8,1917, action
32,task_032,paraphrase_impl,paraphrase,1,113,106,-7,1431, now
32,task_032,paraphrase_impl,paraphrase,1,113,107,-6,624,".
"
32,task_032,paraphrase_impl,paraphrase,1,113,108,-5,151645,<|im_end|>
32,task_032,paraphrase_impl,paraphrase,1,113,109,-4,198,"
"
32,task_032,paraphrase_impl,paraphrase,1,113,110,-3,151644,<|im_start|>
32,task_032,paraphrase_impl,paraphrase,1,113,111,-2,77091,assistant
32,task_032,paraphrase_impl,paraphrase,1,113,112,-1,198,"
"
33,task_033,canonical_test,canonical,0,103,86,-17,29995,icts
33,task_033,canonical_test,canonical,0,103,87,-16,279, the
33,task_033,canonical_test,canonical,0,103,88,-15,3601, expected
33,task_033,canonical_test,canonical,0,103,89,-14,7709, behavior
33,task_033,canonical_test,canonical,0,103,90,-13,382,".

"
33,task_033,canonical_test,canonical,0,103,91,-12,24051,Choose
33,task_033,canonical_test,canonical,0,103,92,-11,279, the
33,task_033,canonical_test,canonical,0,103,93,-10,3175, single
33,task_033,canonical_test,canonical,0,103,94,-9,1790, next
33,task_033,canonical_test,canonical,0,103,95,-8,1917, action
33,task_033,canonical_test,canonical,0,103,96,-7,1431, now
33,task_033,canonical_test,canonical,0,103,97,-6,624,".
"
33,task_033,canonical_test,canonical,0,103,98,-5,151645,<|im_end|>
33,task_033,canonical_test,canonical,0,103,99,-4,198,"
"
33,task_033,canonical_test,canonical,0,103,100,-3,151644,<|im_start|>
33,task_033,canonical_test,canonical,0,103,101,-2,77091,assistant
33,task_033,canonical_test,canonical,0,103,102,-1,198,"
"
33,task_033,canonical_impl,canonical,1,103,86,-17,29995,icts
33,task_033,canonical_impl,canonical,1,103,87,-16,279, the
33,task_033,canonical_impl,canonical,1,103,88,-15,3601, expected
33,task_033,canonical_impl,canonical,1,103,89,-14,7709, behavior
33,task_033,canonical_impl,canonical,1,103,90,-13,382,".

"
33,task_033,canonical_impl,canonical,1,103,91,-12,24051,Choose
33,task_033,canonical_impl,canonical,1,103,92,-11,279, the
33,task_033,canonical_impl,canonical,1,103,93,-10,3175, single
33,task_033,canonical_impl,canonical,1,103,94,-9,1790, next
33,task_033,canonical_impl,canonical,1,103,95,-8,1917, action
33,task_033,canonical_impl,canonical,1,103,96,-7,1431, now
33,task_033,canonical_impl,canonical,1,103,97,-6,624,".
"
33,task_033,canonical_impl,canonical,1,103,98,-5,151645,<|im_end|>
33,task_033,canonical_impl,canonical,1,103,99,-4,198,"
"
33,task_033,canonical_impl,canonical,1,103,100,-3,151644,<|im_start|>
33,task_033,canonical_impl,canonical,1,103,101,-2,77091,assistant
33,task_033,canonical_impl,canonical,1,103,102,-1,198,"
"
33,task_033,paraphrase_test,paraphrase,0,96,80,-16,279, the
33,task_033,paraphrase_test,paraphrase,0,96,81,-15,3601, expected
33,task_033,paraphrase_test,paraphrase,0,96,82,-14,7709, behavior
33,task_033,paraphrase_test,paraphrase,0,96,83,-13,382,".

"
33,task_033,paraphrase_test,paraphrase,0,96,84,-12,24051,Choose
33,task_033,paraphrase_test,paraphrase,0,96,85,-11,279, the
33,task_033,paraphrase_test,paraphrase,0,96,86,-10,3175, single
33,task_033,paraphrase_test,paraphrase,0,96,87,-9,1790, next
33,task_033,paraphrase_test,paraphrase,0,96,88,-8,1917, action
33,task_033,paraphrase_test,paraphrase,0,96,89,-7,1431, now
33,task_033,paraphrase_test,paraphrase,0,96,90,-6,624,".
"
33,task_033,paraphrase_test,paraphrase,0,96,91,-5,151645,<|im_end|>
33,task_033,paraphrase_test,paraphrase,0,96,92,-4,198,"
"
33,task_033,paraphrase_test,paraphrase,0,96,93,-3,151644,<|im_start|>
33,task_033,paraphrase_test,paraphrase,0,96,94,-2,77091,assistant
33,task_033,paraphrase_test,paraphrase,0,96,95,-1,198,"
"
33,task_033,paraphrase_impl,paraphrase,1,96,80,-16,279, the
33,task_033,paraphrase_impl,paraphrase,1,96,81,-15,3601, expected
33,task_033,paraphrase_impl,paraphrase,1,96,82,-14,7709, behavior
33,task_033,paraphrase_impl,paraphrase,1,96,83,-13,382,".

"
33,task_033,paraphrase_impl,paraphrase,1,96,84,-12,24051,Choose
33,task_033,paraphrase_impl,paraphrase,1,96,85,-11,279, the
33,task_033,paraphrase_impl,paraphrase,1,96,86,-10,3175, single
33,task_033,paraphrase_impl,paraphrase,1,96,87,-9,1790, next
33,task_033,paraphrase_impl,paraphrase,1,96,88,-8,1917, action
33,task_033,paraphrase_impl,paraphrase,1,96,89,-7,1431, now
33,task_033,paraphrase_impl,paraphrase,1,96,90,-6,624,".
"
33,task_033,paraphrase_impl,paraphrase,1,96,91,-5,151645,<|im_end|>
33,task_033,paraphrase_impl,paraphrase,1,96,92,-4,198,"
"
33,task_033,paraphrase_impl,paraphrase,1,96,93,-3,151644,<|im_start|>
33,task_033,paraphrase_impl,paraphrase,1,96,94,-2,77091,assistant
33,task_033,paraphrase_impl,paraphrase,1,96,95,-1,198,"
"
34,task_034,canonical_test,canonical,0,121,101,-20,13166, observed
34,task_034,canonical_test,canonical,0,121,102,-19,7709, behavior
34,task_034,canonical_test,canonical,0,121,103,-18,22296, contrad
34,task_034,canonical_test,canonical,0,121,104,-17,29995,icts
34,task_034,canonical_test,canonical,0,121,105,-16,279, the
34,task_034,canonical_test,canonical,0,121,106,-15,3601, expected
34,task_034,canonical_test,canonical,0,121,107,-14,7709, behavior
34,task_034,canonical_test,canonical,0,121,108,-13,382,".

"
34,task_034,canonical_test,canonical,0,121,109,-12,24051,Choose
34,task_034,canonical_test,canonical,0,121,110,-11,279, the
34,task_034,canonical_test,canonical,0,121,111,-10,3175, single
34,task_034,canonical_test,canonical,0,121,112,-9,1790, next
34,task_034,canonical_test,canonical,0,121,113,-8,1917, action
34,task_034,canonical_test,canonical,0,121,114,-7,1431, now
34,task_034,canonical_test,canonical,0,121,115,-6,624,".
"
34,task_034,canonical_test,canonical,0,121,116,-5,151645,<|im_end|>
34,task_034,canonical_test,canonical,0,121,117,-4,198,"
"
34,task_034,canonical_test,canonical,0,121,118,-3,151644,<|im_start|>
34,task_034,canonical_test,canonical,0,121,119,-2,77091,assistant
34,task_034,canonical_test,canonical,0,121,120,-1,198,"
"
34,task_034,canonical_impl,canonical,1,121,101,-20,13166, observed
34,task_034,canonical_impl,canonical,1,121,102,-19,7709, behavior
34,task_034,canonical_impl,canonical,1,121,103,-18,22296, contrad
34,task_034,canonical_impl,canonical,1,121,104,-17,29995,icts
34,task_034,canonical_impl,canonical,1,121,105,-16,279, the
34,task_034,canonical_impl,canonical,1,121,106,-15,3601, expected
34,task_034,canonical_impl,canonical,1,121,107,-14,7709, behavior
34,task_034,canonical_impl,canonical,1,121,108,-13,382,".

"
34,task_034,canonical_impl,canonical,1,121,109,-12,24051,Choose
34,task_034,canonical_impl,canonical,1,121,110,-11,279, the
34,task_034,canonical_impl,canonical,1,121,111,-10,3175, single
34,task_034,canonical_impl,canonical,1,121,112,-9,1790, next
34,task_034,canonical_impl,canonical,1,121,113,-8,1917, action
34,task_034,canonical_impl,canonical,1,121,114,-7,1431, now
34,task_034,canonical_impl,canonical,1,121,115,-6,624,".
"
34,task_034,canonical_impl,canonical,1,121,116,-5,151645,<|im_end|>
34,task_034,canonical_impl,canonical,1,121,117,-4,198,"
"
34,task_034,canonical_impl,canonical,1,121,118,-3,151644,<|im_start|>
34,task_034,canonical_impl,canonical,1,121,119,-2,77091,assistant
34,task_034,canonical_impl,canonical,1,121,120,-1,198,"
"
34,task_034,paraphrase_test,paraphrase,0,114,95,-19,7709, behavior
34,task_034,paraphrase_test,paraphrase,0,114,96,-18,22296, contrad
34,task_034,paraphrase_test,paraphrase,0,114,97,-17,29995,icts
34,task_034,paraphrase_test,paraphrase,0,114,98,-16,279, the
34,task_034,paraphrase_test,paraphrase,0,114,99,-15,3601, expected
34,task_034,paraphrase_test,paraphrase,0,114,100,-14,7709, behavior
34,task_034,paraphrase_test,paraphrase,0,114,101,-13,382,".

"
34,task_034,paraphrase_test,paraphrase,0,114,102,-12,24051,Choose
34,task_034,paraphrase_test,paraphrase,0,114,103,-11,279, the
34,task_034,paraphrase_test,paraphrase,0,114,104,-10,3175, single
34,task_034,paraphrase_test,paraphrase,0,114,105,-9,1790, next
34,task_034,paraphrase_test,paraphrase,0,114,106,-8,1917, action
34,task_034,paraphrase_test,paraphrase,0,114,107,-7,1431, now
34,task_034,paraphrase_test,paraphrase,0,114,108,-6,624,".
"
34,task_034,paraphrase_test,paraphrase,0,114,109,-5,151645,<|im_end|>
34,task_034,paraphrase_test,paraphrase,0,114,110,-4,198,"
"
34,task_034,paraphrase_test,paraphrase,0,114,111,-3,151644,<|im_start|>
34,task_034,paraphrase_test,paraphrase,0,114,112,-2,77091,assistant
34,task_034,paraphrase_test,paraphrase,0,114,113,-1,198,"
"
34,task_034,paraphrase_impl,paraphrase,1,114,95,-19,7709, behavior
34,task_034,paraphrase_impl,paraphrase,1,114,96,-18,22296, contrad
34,task_034,paraphrase_impl,paraphrase,1,114,97,-17,29995,icts
34,task_034,paraphrase_impl,paraphrase,1,114,98,-16,279, the
34,task_034,paraphrase_impl,paraphrase,1,114,99,-15,3601, expected
34,task_034,paraphrase_impl,paraphrase,1,114,100,-14,7709, behavior
34,task_034,paraphrase_impl,paraphrase,1,114,101,-13,382,".

"
34,task_034,paraphrase_impl,paraphrase,1,114,102,-12,24051,Choose
34,task_034,paraphrase_impl,paraphrase,1,114,103,-11,279, the
34,task_034,paraphrase_impl,paraphrase,1,114,104,-10,3175, single
34,task_034,paraphrase_impl,paraphrase,1,114,105,-9,1790, next
34,task_034,paraphrase_impl,paraphrase,1,114,106,-8,1917, action
34,task_034,paraphrase_impl,paraphrase,1,114,107,-7,1431, now
34,task_034,paraphrase_impl,paraphrase,1,114,108,-6,624,".
"
34,task_034,paraphrase_impl,paraphrase,1,114,109,-5,151645,<|im_end|>
34,task_034,paraphrase_impl,paraphrase,1,114,110,-4,198,"
"
34,task_034,paraphrase_impl,paraphrase,1,114,111,-3,151644,<|im_start|>
34,task_034,paraphrase_impl,paraphrase,1,114,112,-2,77091,assistant
34,task_034,paraphrase_impl,paraphrase,1,114,113,-1,198,"
"
35,task_035,canonical_test,canonical,0,120,100,-20,13166, observed
35,task_035,canonical_test,canonical,0,120,101,-19,7709, behavior
35,task_035,canonical_test,canonical,0,120,102,-18,22296, contrad
35,task_035,canonical_test,canonical,0,120,103,-17,29995,icts
35,task_035,canonical_test,canonical,0,120,104,-16,279, the
35,task_035,canonical_test,canonical,0,120,105,-15,3601, expected
35,task_035,canonical_test,canonical,0,120,106,-14,7709, behavior
35,task_035,canonical_test,canonical,0,120,107,-13,382,".

"
35,task_035,canonical_test,canonical,0,120,108,-12,24051,Choose
35,task_035,canonical_test,canonical,0,120,109,-11,279, the
35,task_035,canonical_test,canonical,0,120,110,-10,3175, single
35,task_035,canonical_test,canonical,0,120,111,-9,1790, next
35,task_035,canonical_test,canonical,0,120,112,-8,1917, action
35,task_035,canonical_test,canonical,0,120,113,-7,1431, now
35,task_035,canonical_test,canonical,0,120,114,-6,624,".
"
35,task_035,canonical_test,canonical,0,120,115,-5,151645,<|im_end|>
35,task_035,canonical_test,canonical,0,120,116,-4,198,"
"
35,task_035,canonical_test,canonical,0,120,117,-3,151644,<|im_start|>
35,task_035,canonical_test,canonical,0,120,118,-2,77091,assistant
35,task_035,canonical_test,canonical,0,120,119,-1,198,"
"
35,task_035,canonical_impl,canonical,1,120,100,-20,13166, observed
35,task_035,canonical_impl,canonical,1,120,101,-19,7709, behavior
35,task_035,canonical_impl,canonical,1,120,102,-18,22296, contrad
35,task_035,canonical_impl,canonical,1,120,103,-17,29995,icts
35,task_035,canonical_impl,canonical,1,120,104,-16,279, the
35,task_035,canonical_impl,canonical,1,120,105,-15,3601, expected
35,task_035,canonical_impl,canonical,1,120,106,-14,7709, behavior
35,task_035,canonical_impl,canonical,1,120,107,-13,382,".

"
35,task_035,canonical_impl,canonical,1,120,108,-12,24051,Choose
35,task_035,canonical_impl,canonical,1,120,109,-11,279, the
35,task_035,canonical_impl,canonical,1,120,110,-10,3175, single
35,task_035,canonical_impl,canonical,1,120,111,-9,1790, next
35,task_035,canonical_impl,canonical,1,120,112,-8,1917, action
35,task_035,canonical_impl,canonical,1,120,113,-7,1431, now
35,task_035,canonical_impl,canonical,1,120,114,-6,624,".
"
35,task_035,canonical_impl,canonical,1,120,115,-5,151645,<|im_end|>
35,task_035,canonical_impl,canonical,1,120,116,-4,198,"
"
35,task_035,canonical_impl,canonical,1,120,117,-3,151644,<|im_start|>
35,task_035,canonical_impl,canonical,1,120,118,-2,77091,assistant
35,task_035,canonical_impl,canonical,1,120,119,-1,198,"
"
35,task_035,paraphrase_test,paraphrase,0,113,95,-18,22296, contrad
35,task_035,paraphrase_test,paraphrase,0,113,96,-17,29995,icts
35,task_035,paraphrase_test,paraphrase,0,113,97,-16,279, the
35,task_035,paraphrase_test,paraphrase,0,113,98,-15,3601, expected
35,task_035,paraphrase_test,paraphrase,0,113,99,-14,7709, behavior
35,task_035,paraphrase_test,paraphrase,0,113,100,-13,382,".

"
35,task_035,paraphrase_test,paraphrase,0,113,101,-12,24051,Choose
35,task_035,paraphrase_test,paraphrase,0,113,102,-11,279, the
35,task_035,paraphrase_test,paraphrase,0,113,103,-10,3175, single
35,task_035,paraphrase_test,paraphrase,0,113,104,-9,1790, next
35,task_035,paraphrase_test,paraphrase,0,113,105,-8,1917, action
35,task_035,paraphrase_test,paraphrase,0,113,106,-7,1431, now
35,task_035,paraphrase_test,paraphrase,0,113,107,-6,624,".
"
35,task_035,paraphrase_test,paraphrase,0,113,108,-5,151645,<|im_end|>
35,task_035,paraphrase_test,paraphrase,0,113,109,-4,198,"
"
35,task_035,paraphrase_test,paraphrase,0,113,110,-3,151644,<|im_start|>
35,task_035,paraphrase_test,paraphrase,0,113,111,-2,77091,assistant
35,task_035,paraphrase_test,paraphrase,0,113,112,-1,198,"
"
35,task_035,paraphrase_impl,paraphrase,1,113,95,-18,22296, contrad
35,task_035,paraphrase_impl,paraphrase,1,113,96,-17,29995,icts
35,task_035,paraphrase_impl,paraphrase,1,113,97,-16,279, the
35,task_035,paraphrase_impl,paraphrase,1,113,98,-15,3601, expected
35,task_035,paraphrase_impl,paraphrase,1,113,99,-14,7709, behavior
35,task_035,paraphrase_impl,paraphrase,1,113,100,-13,382,".

"
35,task_035,paraphrase_impl,paraphrase,1,113,101,-12,24051,Choose
35,task_035,paraphrase_impl,paraphrase,1,113,102,-11,279, the
35,task_035,paraphrase_impl,paraphrase,1,113,103,-10,3175, single
35,task_035,paraphrase_impl,paraphrase,1,113,104,-9,1790, next
35,task_035,paraphrase_impl,paraphrase,1,113,105,-8,1917, action
35,task_035,paraphrase_impl,paraphrase,1,113,106,-7,1431, now
35,task_035,paraphrase_impl,paraphrase,1,113,107,-6,624,".
"
35,task_035,paraphrase_impl,paraphrase,1,113,108,-5,151645,<|im_end|>
35,task_035,paraphrase_impl,paraphrase,1,113,109,-4,198,"
"
35,task_035,paraphrase_impl,paraphrase,1,113,110,-3,151644,<|im_start|>
35,task_035,paraphrase_impl,paraphrase,1,113,111,-2,77091,assistant
35,task_035,paraphrase_impl,paraphrase,1,113,112,-1,198,"
"
36,task_036,canonical_test,canonical,0,103,86,-17,29995,icts
36,task_036,canonical_test,canonical,0,103,87,-16,279, the
36,task_036,canonical_test,canonical,0,103,88,-15,3601, expected
36,task_036,canonical_test,canonical,0,103,89,-14,7709, behavior
36,task_036,canonical_test,canonical,0,103,90,-13,382,".

"
36,task_036,canonical_test,canonical,0,103,91,-12,24051,Choose
36,task_036,canonical_test,canonical,0,103,92,-11,279, the
36,task_036,canonical_test,canonical,0,103,93,-10,3175, single
36,task_036,canonical_test,canonical,0,103,94,-9,1790, next
36,task_036,canonical_test,canonical,0,103,95,-8,1917, action
36,task_036,canonical_test,canonical,0,103,96,-7,1431, now
36,task_036,canonical_test,canonical,0,103,97,-6,624,".
"
36,task_036,canonical_test,canonical,0,103,98,-5,151645,<|im_end|>
36,task_036,canonical_test,canonical,0,103,99,-4,198,"
"
36,task_036,canonical_test,canonical,0,103,100,-3,151644,<|im_start|>
36,task_036,canonical_test,canonical,0,103,101,-2,77091,assistant
36,task_036,canonical_test,canonical,0,103,102,-1,198,"
"
36,task_036,canonical_impl,canonical,1,103,86,-17,29995,icts
36,task_036,canonical_impl,canonical,1,103,87,-16,279, the
36,task_036,canonical_impl,canonical,1,103,88,-15,3601, expected
36,task_036,canonical_impl,canonical,1,103,89,-14,7709, behavior
36,task_036,canonical_impl,canonical,1,103,90,-13,382,".

"
36,task_036,canonical_impl,canonical,1,103,91,-12,24051,Choose
36,task_036,canonical_impl,canonical,1,103,92,-11,279, the
36,task_036,canonical_impl,canonical,1,103,93,-10,3175, single
36,task_036,canonical_impl,canonical,1,103,94,-9,1790, next
36,task_036,canonical_impl,canonical,1,103,95,-8,1917, action
36,task_036,canonical_impl,canonical,1,103,96,-7,1431, now
36,task_036,canonical_impl,canonical,1,103,97,-6,624,".
"
36,task_036,canonical_impl,canonical,1,103,98,-5,151645,<|im_end|>
36,task_036,canonical_impl,canonical,1,103,99,-4,198,"
"
36,task_036,canonical_impl,canonical,1,103,100,-3,151644,<|im_start|>
36,task_036,canonical_impl,canonical,1,103,101,-2,77091,assistant
36,task_036,canonical_impl,canonical,1,103,102,-1,198,"
"
36,task_036,paraphrase_test,paraphrase,0,96,80,-16,279, the
36,task_036,paraphrase_test,paraphrase,0,96,81,-15,3601, expected
36,task_036,paraphrase_test,paraphrase,0,96,82,-14,7709, behavior
36,task_036,paraphrase_test,paraphrase,0,96,83,-13,382,".

"
36,task_036,paraphrase_test,paraphrase,0,96,84,-12,24051,Choose
36,task_036,paraphrase_test,paraphrase,0,96,85,-11,279, the
36,task_036,paraphrase_test,paraphrase,0,96,86,-10,3175, single
36,task_036,paraphrase_test,paraphrase,0,96,87,-9,1790, next
36,task_036,paraphrase_test,paraphrase,0,96,88,-8,1917, action
36,task_036,paraphrase_test,paraphrase,0,96,89,-7,1431, now
36,task_036,paraphrase_test,paraphrase,0,96,90,-6,624,".
"
36,task_036,paraphrase_test,paraphrase,0,96,91,-5,151645,<|im_end|>
36,task_036,paraphrase_test,paraphrase,0,96,92,-4,198,"
"
36,task_036,paraphrase_test,paraphrase,0,96,93,-3,151644,<|im_start|>
36,task_036,paraphrase_test,paraphrase,0,96,94,-2,77091,assistant
36,task_036,paraphrase_test,paraphrase,0,96,95,-1,198,"
"
36,task_036,paraphrase_impl,paraphrase,1,96,80,-16,279, the
36,task_036,paraphrase_impl,paraphrase,1,96,81,-15,3601, expected
36,task_036,paraphrase_impl,paraphrase,1,96,82,-14,7709, behavior
36,task_036,paraphrase_impl,paraphrase,1,96,83,-13,382,".

"
36,task_036,paraphrase_impl,paraphrase,1,96,84,-12,24051,Choose
36,task_036,paraphrase_impl,paraphrase,1,96,85,-11,279, the
36,task_036,paraphrase_impl,paraphrase,1,96,86,-10,3175, single
36,task_036,paraphrase_impl,paraphrase,1,96,87,-9,1790, next
36,task_036,paraphrase_impl,paraphrase,1,96,88,-8,1917, action
36,task_036,paraphrase_impl,paraphrase,1,96,89,-7,1431, now
36,task_036,paraphrase_impl,paraphrase,1,96,90,-6,624,".
"
36,task_036,paraphrase_impl,paraphrase,1,96,91,-5,151645,<|im_end|>
36,task_036,paraphrase_impl,paraphrase,1,96,92,-4,198,"
"
36,task_036,paraphrase_impl,paraphrase,1,96,93,-3,151644,<|im_start|>
36,task_036,paraphrase_impl,paraphrase,1,96,94,-2,77091,assistant
36,task_036,paraphrase_impl,paraphrase,1,96,95,-1,198,"
"
37,task_037,canonical_test,canonical,0,121,101,-20,13166, observed
37,task_037,canonical_test,canonical,0,121,102,-19,7709, behavior
37,task_037,canonical_test,canonical,0,121,103,-18,22296, contrad
37,task_037,canonical_test,canonical,0,121,104,-17,29995,icts
37,task_037,canonical_test,canonical,0,121,105,-16,279, the
37,task_037,canonical_test,canonical,0,121,106,-15,3601, expected
37,task_037,canonical_test,canonical,0,121,107,-14,7709, behavior
37,task_037,canonical_test,canonical,0,121,108,-13,382,".

"
37,task_037,canonical_test,canonical,0,121,109,-12,24051,Choose
37,task_037,canonical_test,canonical,0,121,110,-11,279, the
37,task_037,canonical_test,canonical,0,121,111,-10,3175, single
37,task_037,canonical_test,canonical,0,121,112,-9,1790, next
37,task_037,canonical_test,canonical,0,121,113,-8,1917, action
37,task_037,canonical_test,canonical,0,121,114,-7,1431, now
37,task_037,canonical_test,canonical,0,121,115,-6,624,".
"
37,task_037,canonical_test,canonical,0,121,116,-5,151645,<|im_end|>
37,task_037,canonical_test,canonical,0,121,117,-4,198,"
"
37,task_037,canonical_test,canonical,0,121,118,-3,151644,<|im_start|>
37,task_037,canonical_test,canonical,0,121,119,-2,77091,assistant
37,task_037,canonical_test,canonical,0,121,120,-1,198,"
"
37,task_037,canonical_impl,canonical,1,121,101,-20,13166, observed
37,task_037,canonical_impl,canonical,1,121,102,-19,7709, behavior
37,task_037,canonical_impl,canonical,1,121,103,-18,22296, contrad
37,task_037,canonical_impl,canonical,1,121,104,-17,29995,icts
37,task_037,canonical_impl,canonical,1,121,105,-16,279, the
37,task_037,canonical_impl,canonical,1,121,106,-15,3601, expected
37,task_037,canonical_impl,canonical,1,121,107,-14,7709, behavior
37,task_037,canonical_impl,canonical,1,121,108,-13,382,".

"
37,task_037,canonical_impl,canonical,1,121,109,-12,24051,Choose
37,task_037,canonical_impl,canonical,1,121,110,-11,279, the
37,task_037,canonical_impl,canonical,1,121,111,-10,3175, single
37,task_037,canonical_impl,canonical,1,121,112,-9,1790, next
37,task_037,canonical_impl,canonical,1,121,113,-8,1917, action
37,task_037,canonical_impl,canonical,1,121,114,-7,1431, now
37,task_037,canonical_impl,canonical,1,121,115,-6,624,".
"
37,task_037,canonical_impl,canonical,1,121,116,-5,151645,<|im_end|>
37,task_037,canonical_impl,canonical,1,121,117,-4,198,"
"
37,task_037,canonical_impl,canonical,1,121,118,-3,151644,<|im_start|>
37,task_037,canonical_impl,canonical,1,121,119,-2,77091,assistant
37,task_037,canonical_impl,canonical,1,121,120,-1,198,"
"
37,task_037,paraphrase_test,paraphrase,0,114,95,-19,7709, behavior
37,task_037,paraphrase_test,paraphrase,0,114,96,-18,22296, contrad
37,task_037,paraphrase_test,paraphrase,0,114,97,-17,29995,icts
37,task_037,paraphrase_test,paraphrase,0,114,98,-16,279, the
37,task_037,paraphrase_test,paraphrase,0,114,99,-15,3601, expected
37,task_037,paraphrase_test,paraphrase,0,114,100,-14,7709, behavior
37,task_037,paraphrase_test,paraphrase,0,114,101,-13,382,".

"
37,task_037,paraphrase_test,paraphrase,0,114,102,-12,24051,Choose
37,task_037,paraphrase_test,paraphrase,0,114,103,-11,279, the
37,task_037,paraphrase_test,paraphrase,0,114,104,-10,3175, single
37,task_037,paraphrase_test,paraphrase,0,114,105,-9,1790, next
37,task_037,paraphrase_test,paraphrase,0,114,106,-8,1917, action
37,task_037,paraphrase_test,paraphrase,0,114,107,-7,1431, now
37,task_037,paraphrase_test,paraphrase,0,114,108,-6,624,".
"
37,task_037,paraphrase_test,paraphrase,0,114,109,-5,151645,<|im_end|>
37,task_037,paraphrase_test,paraphrase,0,114,110,-4,198,"
"
37,task_037,paraphrase_test,paraphrase,0,114,111,-3,151644,<|im_start|>
37,task_037,paraphrase_test,paraphrase,0,114,112,-2,77091,assistant
37,task_037,paraphrase_test,paraphrase,0,114,113,-1,198,"
"
37,task_037,paraphrase_impl,paraphrase,1,114,95,-19,7709, behavior
37,task_037,paraphrase_impl,paraphrase,1,114,96,-18,22296, contrad
37,task_037,paraphrase_impl,paraphrase,1,114,97,-17,29995,icts
37,task_037,paraphrase_impl,paraphrase,1,114,98,-16,279, the
37,task_037,paraphrase_impl,paraphrase,1,114,99,-15,3601, expected
37,task_037,paraphrase_impl,paraphrase,1,114,100,-14,7709, behavior
37,task_037,paraphrase_impl,paraphrase,1,114,101,-13,382,".

"
37,task_037,paraphrase_impl,paraphrase,1,114,102,-12,24051,Choose
37,task_037,paraphrase_impl,paraphrase,1,114,103,-11,279, the
37,task_037,paraphrase_impl,paraphrase,1,114,104,-10,3175, single
37,task_037,paraphrase_impl,paraphrase,1,114,105,-9,1790, next
37,task_037,paraphrase_impl,paraphrase,1,114,106,-8,1917, action
37,task_037,paraphrase_impl,paraphrase,1,114,107,-7,1431, now
37,task_037,paraphrase_impl,paraphrase,1,114,108,-6,624,".
"
37,task_037,paraphrase_impl,paraphrase,1,114,109,-5,151645,<|im_end|>
37,task_037,paraphrase_impl,paraphrase,1,114,110,-4,198,"
"
37,task_037,paraphrase_impl,paraphrase,1,114,111,-3,151644,<|im_start|>
37,task_037,paraphrase_impl,paraphrase,1,114,112,-2,77091,assistant
37,task_037,paraphrase_impl,paraphrase,1,114,113,-1,198,"
"
38,task_038,canonical_test,canonical,0,120,100,-20,13166, observed
38,task_038,canonical_test,canonical,0,120,101,-19,7709, behavior
38,task_038,canonical_test,canonical,0,120,102,-18,22296, contrad
38,task_038,canonical_test,canonical,0,120,103,-17,29995,icts
38,task_038,canonical_test,canonical,0,120,104,-16,279, the
38,task_038,canonical_test,canonical,0,120,105,-15,3601, expected
38,task_038,canonical_test,canonical,0,120,106,-14,7709, behavior
38,task_038,canonical_test,canonical,0,120,107,-13,382,".

"
38,task_038,canonical_test,canonical,0,120,108,-12,24051,Choose
38,task_038,canonical_test,canonical,0,120,109,-11,279, the
38,task_038,canonical_test,canonical,0,120,110,-10,3175, single
38,task_038,canonical_test,canonical,0,120,111,-9,1790, next
38,task_038,canonical_test,canonical,0,120,112,-8,1917, action
38,task_038,canonical_test,canonical,0,120,113,-7,1431, now
38,task_038,canonical_test,canonical,0,120,114,-6,624,".
"
38,task_038,canonical_test,canonical,0,120,115,-5,151645,<|im_end|>
38,task_038,canonical_test,canonical,0,120,116,-4,198,"
"
38,task_038,canonical_test,canonical,0,120,117,-3,151644,<|im_start|>
38,task_038,canonical_test,canonical,0,120,118,-2,77091,assistant
38,task_038,canonical_test,canonical,0,120,119,-1,198,"
"
38,task_038,canonical_impl,canonical,1,120,100,-20,13166, observed
38,task_038,canonical_impl,canonical,1,120,101,-19,7709, behavior
38,task_038,canonical_impl,canonical,1,120,102,-18,22296, contrad
38,task_038,canonical_impl,canonical,1,120,103,-17,29995,icts
38,task_038,canonical_impl,canonical,1,120,104,-16,279, the
38,task_038,canonical_impl,canonical,1,120,105,-15,3601, expected
38,task_038,canonical_impl,canonical,1,120,106,-14,7709, behavior
38,task_038,canonical_impl,canonical,1,120,107,-13,382,".

"
38,task_038,canonical_impl,canonical,1,120,108,-12,24051,Choose
38,task_038,canonical_impl,canonical,1,120,109,-11,279, the
38,task_038,canonical_impl,canonical,1,120,110,-10,3175, single
38,task_038,canonical_impl,canonical,1,120,111,-9,1790, next
38,task_038,canonical_impl,canonical,1,120,112,-8,1917, action
38,task_038,canonical_impl,canonical,1,120,113,-7,1431, now
38,task_038,canonical_impl,canonical,1,120,114,-6,624,".
"
38,task_038,canonical_impl,canonical,1,120,115,-5,151645,<|im_end|>
38,task_038,canonical_impl,canonical,1,120,116,-4,198,"
"
38,task_038,canonical_impl,canonical,1,120,117,-3,151644,<|im_start|>
38,task_038,canonical_impl,canonical,1,120,118,-2,77091,assistant
38,task_038,canonical_impl,canonical,1,120,119,-1,198,"
"
38,task_038,paraphrase_test,paraphrase,0,113,95,-18,22296, contrad
38,task_038,paraphrase_test,paraphrase,0,113,96,-17,29995,icts
38,task_038,paraphrase_test,paraphrase,0,113,97,-16,279, the
38,task_038,paraphrase_test,paraphrase,0,113,98,-15,3601, expected
38,task_038,paraphrase_test,paraphrase,0,113,99,-14,7709, behavior
38,task_038,paraphrase_test,paraphrase,0,113,100,-13,382,".

"
38,task_038,paraphrase_test,paraphrase,0,113,101,-12,24051,Choose
38,task_038,paraphrase_test,paraphrase,0,113,102,-11,279, the
38,task_038,paraphrase_test,paraphrase,0,113,103,-10,3175, single
38,task_038,paraphrase_test,paraphrase,0,113,104,-9,1790, next
38,task_038,paraphrase_test,paraphrase,0,113,105,-8,1917, action
38,task_038,paraphrase_test,paraphrase,0,113,106,-7,1431, now
38,task_038,paraphrase_test,paraphrase,0,113,107,-6,624,".
"
38,task_038,paraphrase_test,paraphrase,0,113,108,-5,151645,<|im_end|>
38,task_038,paraphrase_test,paraphrase,0,113,109,-4,198,"
"
38,task_038,paraphrase_test,paraphrase,0,113,110,-3,151644,<|im_start|>
38,task_038,paraphrase_test,paraphrase,0,113,111,-2,77091,assistant
38,task_038,paraphrase_test,paraphrase,0,113,112,-1,198,"
"
38,task_038,paraphrase_impl,paraphrase,1,113,95,-18,22296, contrad
38,task_038,paraphrase_impl,paraphrase,1,113,96,-17,29995,icts
38,task_038,paraphrase_impl,paraphrase,1,113,97,-16,279, the
38,task_038,paraphrase_impl,paraphrase,1,113,98,-15,3601, expected
38,task_038,paraphrase_impl,paraphrase,1,113,99,-14,7709, behavior
38,task_038,paraphrase_impl,paraphrase,1,113,100,-13,382,".

"
38,task_038,paraphrase_impl,paraphrase,1,113,101,-12,24051,Choose
38,task_038,paraphrase_impl,paraphrase,1,113,102,-11,279, the
38,task_038,paraphrase_impl,paraphrase,1,113,103,-10,3175, single
38,task_038,paraphrase_impl,paraphrase,1,113,104,-9,1790, next
38,task_038,paraphrase_impl,paraphrase,1,113,105,-8,1917, action
38,task_038,paraphrase_impl,paraphrase,1,113,106,-7,1431, now
38,task_038,paraphrase_impl,paraphrase,1,113,107,-6,624,".
"
38,task_038,paraphrase_impl,paraphrase,1,113,108,-5,151645,<|im_end|>
38,task_038,paraphrase_impl,paraphrase,1,113,109,-4,198,"
"
38,task_038,paraphrase_impl,paraphrase,1,113,110,-3,151644,<|im_start|>
38,task_038,paraphrase_impl,paraphrase,1,113,111,-2,77091,assistant
38,task_038,paraphrase_impl,paraphrase,1,113,112,-1,198,"
"
39,task_039,canonical_test,canonical,0,103,86,-17,29995,icts
39,task_039,canonical_test,canonical,0,103,87,-16,279, the
39,task_039,canonical_test,canonical,0,103,88,-15,3601, expected
39,task_039,canonical_test,canonical,0,103,89,-14,7709, behavior
39,task_039,canonical_test,canonical,0,103,90,-13,382,".

"
39,task_039,canonical_test,canonical,0,103,91,-12,24051,Choose
39,task_039,canonical_test,canonical,0,103,92,-11,279, the
39,task_039,canonical_test,canonical,0,103,93,-10,3175, single
39,task_039,canonical_test,canonical,0,103,94,-9,1790, next
39,task_039,canonical_test,canonical,0,103,95,-8,1917, action
39,task_039,canonical_test,canonical,0,103,96,-7,1431, now
39,task_039,canonical_test,canonical,0,103,97,-6,624,".
"
39,task_039,canonical_test,canonical,0,103,98,-5,151645,<|im_end|>
39,task_039,canonical_test,canonical,0,103,99,-4,198,"
"
39,task_039,canonical_test,canonical,0,103,100,-3,151644,<|im_start|>
39,task_039,canonical_test,canonical,0,103,101,-2,77091,assistant
39,task_039,canonical_test,canonical,0,103,102,-1,198,"
"
39,task_039,canonical_impl,canonical,1,103,86,-17,29995,icts
39,task_039,canonical_impl,canonical,1,103,87,-16,279, the
39,task_039,canonical_impl,canonical,1,103,88,-15,3601, expected
39,task_039,canonical_impl,canonical,1,103,89,-14,7709, behavior
39,task_039,canonical_impl,canonical,1,103,90,-13,382,".

"
39,task_039,canonical_impl,canonical,1,103,91,-12,24051,Choose
39,task_039,canonical_impl,canonical,1,103,92,-11,279, the
39,task_039,canonical_impl,canonical,1,103,93,-10,3175, single
39,task_039,canonical_impl,canonical,1,103,94,-9,1790, next
39,task_039,canonical_impl,canonical,1,103,95,-8,1917, action
39,task_039,canonical_impl,canonical,1,103,96,-7,1431, now
39,task_039,canonical_impl,canonical,1,103,97,-6,624,".
"
39,task_039,canonical_impl,canonical,1,103,98,-5,151645,<|im_end|>
39,task_039,canonical_impl,canonical,1,103,99,-4,198,"
"
39,task_039,canonical_impl,canonical,1,103,100,-3,151644,<|im_start|>
39,task_039,canonical_impl,canonical,1,103,101,-2,77091,assistant
39,task_039,canonical_impl,canonical,1,103,102,-1,198,"
"
39,task_039,paraphrase_test,paraphrase,0,96,80,-16,279, the
39,task_039,paraphrase_test,paraphrase,0,96,81,-15,3601, expected
39,task_039,paraphrase_test,paraphrase,0,96,82,-14,7709, behavior
39,task_039,paraphrase_test,paraphrase,0,96,83,-13,382,".

"
39,task_039,paraphrase_test,paraphrase,0,96,84,-12,24051,Choose
39,task_039,paraphrase_test,paraphrase,0,96,85,-11,279, the
39,task_039,paraphrase_test,paraphrase,0,96,86,-10,3175, single
39,task_039,paraphrase_test,paraphrase,0,96,87,-9,1790, next
39,task_039,paraphrase_test,paraphrase,0,96,88,-8,1917, action
39,task_039,paraphrase_test,paraphrase,0,96,89,-7,1431, now
39,task_039,paraphrase_test,paraphrase,0,96,90,-6,624,".
"
39,task_039,paraphrase_test,paraphrase,0,96,91,-5,151645,<|im_end|>
39,task_039,paraphrase_test,paraphrase,0,96,92,-4,198,"
"
39,task_039,paraphrase_test,paraphrase,0,96,93,-3,151644,<|im_start|>
39,task_039,paraphrase_test,paraphrase,0,96,94,-2,77091,assistant
39,task_039,paraphrase_test,paraphrase,0,96,95,-1,198,"
"
39,task_039,paraphrase_impl,paraphrase,1,96,80,-16,279, the
39,task_039,paraphrase_impl,paraphrase,1,96,81,-15,3601, expected
39,task_039,paraphrase_impl,paraphrase,1,96,82,-14,7709, behavior
39,task_039,paraphrase_impl,paraphrase,1,96,83,-13,382,".

"
39,task_039,paraphrase_impl,paraphrase,1,96,84,-12,24051,Choose
39,task_039,paraphrase_impl,paraphrase,1,96,85,-11,279, the
39,task_039,paraphrase_impl,paraphrase,1,96,86,-10,3175, single
39,task_039,paraphrase_impl,paraphrase,1,96,87,-9,1790, next
39,task_039,paraphrase_impl,paraphrase,1,96,88,-8,1917, action
39,task_039,paraphrase_impl,paraphrase,1,96,89,-7,1431, now
39,task_039,paraphrase_impl,paraphrase,1,96,90,-6,624,".
"
39,task_039,paraphrase_impl,paraphrase,1,96,91,-5,151645,<|im_end|>
39,task_039,paraphrase_impl,paraphrase,1,96,92,-4,198,"
"
39,task_039,paraphrase_impl,paraphrase,1,96,93,-3,151644,<|im_start|>
39,task_039,paraphrase_impl,paraphrase,1,96,94,-2,77091,assistant
39,task_039,paraphrase_impl,paraphrase,1,96,95,-1,198,"
"
40,task_040,canonical_test,canonical,0,121,101,-20,13166, observed
40,task_040,canonical_test,canonical,0,121,102,-19,7709, behavior
40,task_040,canonical_test,canonical,0,121,103,-18,22296, contrad
40,task_040,canonical_test,canonical,0,121,104,-17,29995,icts
40,task_040,canonical_test,canonical,0,121,105,-16,279, the
40,task_040,canonical_test,canonical,0,121,106,-15,3601, expected
40,task_040,canonical_test,canonical,0,121,107,-14,7709, behavior
40,task_040,canonical_test,canonical,0,121,108,-13,382,".

"
40,task_040,canonical_test,canonical,0,121,109,-12,24051,Choose
40,task_040,canonical_test,canonical,0,121,110,-11,279, the
40,task_040,canonical_test,canonical,0,121,111,-10,3175, single
40,task_040,canonical_test,canonical,0,121,112,-9,1790, next
40,task_040,canonical_test,canonical,0,121,113,-8,1917, action
40,task_040,canonical_test,canonical,0,121,114,-7,1431, now
40,task_040,canonical_test,canonical,0,121,115,-6,624,".
"
40,task_040,canonical_test,canonical,0,121,116,-5,151645,<|im_end|>
40,task_040,canonical_test,canonical,0,121,117,-4,198,"
"
40,task_040,canonical_test,canonical,0,121,118,-3,151644,<|im_start|>
40,task_040,canonical_test,canonical,0,121,119,-2,77091,assistant
40,task_040,canonical_test,canonical,0,121,120,-1,198,"
"
40,task_040,canonical_impl,canonical,1,121,101,-20,13166, observed
40,task_040,canonical_impl,canonical,1,121,102,-19,7709, behavior
40,task_040,canonical_impl,canonical,1,121,103,-18,22296, contrad
40,task_040,canonical_impl,canonical,1,121,104,-17,29995,icts
40,task_040,canonical_impl,canonical,1,121,105,-16,279, the
40,task_040,canonical_impl,canonical,1,121,106,-15,3601, expected
40,task_040,canonical_impl,canonical,1,121,107,-14,7709, behavior
40,task_040,canonical_impl,canonical,1,121,108,-13,382,".

"
40,task_040,canonical_impl,canonical,1,121,109,-12,24051,Choose
40,task_040,canonical_impl,canonical,1,121,110,-11,279, the
40,task_040,canonical_impl,canonical,1,121,111,-10,3175, single
40,task_040,canonical_impl,canonical,1,121,112,-9,1790, next
40,task_040,canonical_impl,canonical,1,121,113,-8,1917, action
40,task_040,canonical_impl,canonical,1,121,114,-7,1431, now
40,task_040,canonical_impl,canonical,1,121,115,-6,624,".
"
40,task_040,canonical_impl,canonical,1,121,116,-5,151645,<|im_end|>
40,task_040,canonical_impl,canonical,1,121,117,-4,198,"
"
40,task_040,canonical_impl,canonical,1,121,118,-3,151644,<|im_start|>
40,task_040,canonical_impl,canonical,1,121,119,-2,77091,assistant
40,task_040,canonical_impl,canonical,1,121,120,-1,198,"
"
40,task_040,paraphrase_test,paraphrase,0,114,95,-19,7709, behavior
40,task_040,paraphrase_test,paraphrase,0,114,96,-18,22296, contrad
40,task_040,paraphrase_test,paraphrase,0,114,97,-17,29995,icts
40,task_040,paraphrase_test,paraphrase,0,114,98,-16,279, the
40,task_040,paraphrase_test,paraphrase,0,114,99,-15,3601, expected
40,task_040,paraphrase_test,paraphrase,0,114,100,-14,7709, behavior
40,task_040,paraphrase_test,paraphrase,0,114,101,-13,382,".

"
40,task_040,paraphrase_test,paraphrase,0,114,102,-12,24051,Choose
40,task_040,paraphrase_test,paraphrase,0,114,103,-11,279, the
40,task_040,paraphrase_test,paraphrase,0,114,104,-10,3175, single
40,task_040,paraphrase_test,paraphrase,0,114,105,-9,1790, next
40,task_040,paraphrase_test,paraphrase,0,114,106,-8,1917, action
40,task_040,paraphrase_test,paraphrase,0,114,107,-7,1431, now
40,task_040,paraphrase_test,paraphrase,0,114,108,-6,624,".
"
40,task_040,paraphrase_test,paraphrase,0,114,109,-5,151645,<|im_end|>
40,task_040,paraphrase_test,paraphrase,0,114,110,-4,198,"
"
40,task_040,paraphrase_test,paraphrase,0,114,111,-3,151644,<|im_start|>
40,task_040,paraphrase_test,paraphrase,0,114,112,-2,77091,assistant
40,task_040,paraphrase_test,paraphrase,0,114,113,-1,198,"
"
40,task_040,paraphrase_impl,paraphrase,1,114,95,-19,7709, behavior
40,task_040,paraphrase_impl,paraphrase,1,114,96,-18,22296, contrad
40,task_040,paraphrase_impl,paraphrase,1,114,97,-17,29995,icts
40,task_040,paraphrase_impl,paraphrase,1,114,98,-16,279, the
40,task_040,paraphrase_impl,paraphrase,1,114,99,-15,3601, expected
40,task_040,paraphrase_impl,paraphrase,1,114,100,-14,7709, behavior
40,task_040,paraphrase_impl,paraphrase,1,114,101,-13,382,".

"
40,task_040,paraphrase_impl,paraphrase,1,114,102,-12,24051,Choose
40,task_040,paraphrase_impl,paraphrase,1,114,103,-11,279, the
40,task_040,paraphrase_impl,paraphrase,1,114,104,-10,3175, single
40,task_040,paraphrase_impl,paraphrase,1,114,105,-9,1790, next
40,task_040,paraphrase_impl,paraphrase,1,114,106,-8,1917, action
40,task_040,paraphrase_impl,paraphrase,1,114,107,-7,1431, now
40,task_040,paraphrase_impl,paraphrase,1,114,108,-6,624,".
"
40,task_040,paraphrase_impl,paraphrase,1,114,109,-5,151645,<|im_end|>
40,task_040,paraphrase_impl,paraphrase,1,114,110,-4,198,"
"
40,task_040,paraphrase_impl,paraphrase,1,114,111,-3,151644,<|im_start|>
40,task_040,paraphrase_impl,paraphrase,1,114,112,-2,77091,assistant
40,task_040,paraphrase_impl,paraphrase,1,114,113,-1,198,"
"
41,task_041,canonical_test,canonical,0,120,100,-20,13166, observed
41,task_041,canonical_test,canonical,0,120,101,-19,7709, behavior
41,task_041,canonical_test,canonical,0,120,102,-18,22296, contrad
41,task_041,canonical_test,canonical,0,120,103,-17,29995,icts
41,task_041,canonical_test,canonical,0,120,104,-16,279, the
41,task_041,canonical_test,canonical,0,120,105,-15,3601, expected
41,task_041,canonical_test,canonical,0,120,106,-14,7709, behavior
41,task_041,canonical_test,canonical,0,120,107,-13,382,".

"
41,task_041,canonical_test,canonical,0,120,108,-12,24051,Choose
41,task_041,canonical_test,canonical,0,120,109,-11,279, the
41,task_041,canonical_test,canonical,0,120,110,-10,3175, single
41,task_041,canonical_test,canonical,0,120,111,-9,1790, next
41,task_041,canonical_test,canonical,0,120,112,-8,1917, action
41,task_041,canonical_test,canonical,0,120,113,-7,1431, now
41,task_041,canonical_test,canonical,0,120,114,-6,624,".
"
41,task_041,canonical_test,canonical,0,120,115,-5,151645,<|im_end|>
41,task_041,canonical_test,canonical,0,120,116,-4,198,"
"
41,task_041,canonical_test,canonical,0,120,117,-3,151644,<|im_start|>
41,task_041,canonical_test,canonical,0,120,118,-2,77091,assistant
41,task_041,canonical_test,canonical,0,120,119,-1,198,"
"
41,task_041,canonical_impl,canonical,1,120,100,-20,13166, observed
41,task_041,canonical_impl,canonical,1,120,101,-19,7709, behavior
41,task_041,canonical_impl,canonical,1,120,102,-18,22296, contrad
41,task_041,canonical_impl,canonical,1,120,103,-17,29995,icts
41,task_041,canonical_impl,canonical,1,120,104,-16,279, the
41,task_041,canonical_impl,canonical,1,120,105,-15,3601, expected
41,task_041,canonical_impl,canonical,1,120,106,-14,7709, behavior
41,task_041,canonical_impl,canonical,1,120,107,-13,382,".

"
41,task_041,canonical_impl,canonical,1,120,108,-12,24051,Choose
41,task_041,canonical_impl,canonical,1,120,109,-11,279, the
41,task_041,canonical_impl,canonical,1,120,110,-10,3175, single
41,task_041,canonical_impl,canonical,1,120,111,-9,1790, next
41,task_041,canonical_impl,canonical,1,120,112,-8,1917, action
41,task_041,canonical_impl,canonical,1,120,113,-7,1431, now
41,task_041,canonical_impl,canonical,1,120,114,-6,624,".
"
41,task_041,canonical_impl,canonical,1,120,115,-5,151645,<|im_end|>
41,task_041,canonical_impl,canonical,1,120,116,-4,198,"
"
41,task_041,canonical_impl,canonical,1,120,117,-3,151644,<|im_start|>
41,task_041,canonical_impl,canonical,1,120,118,-2,77091,assistant
41,task_041,canonical_impl,canonical,1,120,119,-1,198,"
"
41,task_041,paraphrase_test,paraphrase,0,113,95,-18,22296, contrad
41,task_041,paraphrase_test,paraphrase,0,113,96,-17,29995,icts
41,task_041,paraphrase_test,paraphrase,0,113,97,-16,279, the
41,task_041,paraphrase_test,paraphrase,0,113,98,-15,3601, expected
41,task_041,paraphrase_test,paraphrase,0,113,99,-14,7709, behavior
41,task_041,paraphrase_test,paraphrase,0,113,100,-13,382,".

"
41,task_041,paraphrase_test,paraphrase,0,113,101,-12,24051,Choose
41,task_041,paraphrase_test,paraphrase,0,113,102,-11,279, the
41,task_041,paraphrase_test,paraphrase,0,113,103,-10,3175, single
41,task_041,paraphrase_test,paraphrase,0,113,104,-9,1790, next
41,task_041,paraphrase_test,paraphrase,0,113,105,-8,1917, action
41,task_041,paraphrase_test,paraphrase,0,113,106,-7,1431, now
41,task_041,paraphrase_test,paraphrase,0,113,107,-6,624,".
"
41,task_041,paraphrase_test,paraphrase,0,113,108,-5,151645,<|im_end|>
41,task_041,paraphrase_test,paraphrase,0,113,109,-4,198,"
"
41,task_041,paraphrase_test,paraphrase,0,113,110,-3,151644,<|im_start|>
41,task_041,paraphrase_test,paraphrase,0,113,111,-2,77091,assistant
41,task_041,paraphrase_test,paraphrase,0,113,112,-1,198,"
"
41,task_041,paraphrase_impl,paraphrase,1,113,95,-18,22296, contrad
41,task_041,paraphrase_impl,paraphrase,1,113,96,-17,29995,icts
41,task_041,paraphrase_impl,paraphrase,1,113,97,-16,279, the
41,task_041,paraphrase_impl,paraphrase,1,113,98,-15,3601, expected
41,task_041,paraphrase_impl,paraphrase,1,113,99,-14,7709, behavior
41,task_041,paraphrase_impl,paraphrase,1,113,100,-13,382,".

"
41,task_041,paraphrase_impl,paraphrase,1,113,101,-12,24051,Choose
41,task_041,paraphrase_impl,paraphrase,1,113,102,-11,279, the
41,task_041,paraphrase_impl,paraphrase,1,113,103,-10,3175, single
41,task_041,paraphrase_impl,paraphrase,1,113,104,-9,1790, next
41,task_041,paraphrase_impl,paraphrase,1,113,105,-8,1917, action
41,task_041,paraphrase_impl,paraphrase,1,113,106,-7,1431, now
41,task_041,paraphrase_impl,paraphrase,1,113,107,-6,624,".
"
41,task_041,paraphrase_impl,paraphrase,1,113,108,-5,151645,<|im_end|>
41,task_041,paraphrase_impl,paraphrase,1,113,109,-4,198,"
"
41,task_041,paraphrase_impl,paraphrase,1,113,110,-3,151644,<|im_start|>
41,task_041,paraphrase_impl,paraphrase,1,113,111,-2,77091,assistant
41,task_041,paraphrase_impl,paraphrase,1,113,112,-1,198,"
"
42,task_042,canonical_test,canonical,0,103,86,-17,29995,icts
42,task_042,canonical_test,canonical,0,103,87,-16,279, the
42,task_042,canonical_test,canonical,0,103,88,-15,3601, expected
42,task_042,canonical_test,canonical,0,103,89,-14,7709, behavior
42,task_042,canonical_test,canonical,0,103,90,-13,382,".

"
42,task_042,canonical_test,canonical,0,103,91,-12,24051,Choose
42,task_042,canonical_test,canonical,0,103,92,-11,279, the
42,task_042,canonical_test,canonical,0,103,93,-10,3175, single
42,task_042,canonical_test,canonical,0,103,94,-9,1790, next
42,task_042,canonical_test,canonical,0,103,95,-8,1917, action
42,task_042,canonical_test,canonical,0,103,96,-7,1431, now
42,task_042,canonical_test,canonical,0,103,97,-6,624,".
"
42,task_042,canonical_test,canonical,0,103,98,-5,151645,<|im_end|>
42,task_042,canonical_test,canonical,0,103,99,-4,198,"
"
42,task_042,canonical_test,canonical,0,103,100,-3,151644,<|im_start|>
42,task_042,canonical_test,canonical,0,103,101,-2,77091,assistant
42,task_042,canonical_test,canonical,0,103,102,-1,198,"
"
42,task_042,canonical_impl,canonical,1,103,86,-17,29995,icts
42,task_042,canonical_impl,canonical,1,103,87,-16,279, the
42,task_042,canonical_impl,canonical,1,103,88,-15,3601, expected
42,task_042,canonical_impl,canonical,1,103,89,-14,7709, behavior
42,task_042,canonical_impl,canonical,1,103,90,-13,382,".

"
42,task_042,canonical_impl,canonical,1,103,91,-12,24051,Choose
42,task_042,canonical_impl,canonical,1,103,92,-11,279, the
42,task_042,canonical_impl,canonical,1,103,93,-10,3175, single
42,task_042,canonical_impl,canonical,1,103,94,-9,1790, next
42,task_042,canonical_impl,canonical,1,103,95,-8,1917, action
42,task_042,canonical_impl,canonical,1,103,96,-7,1431, now
42,task_042,canonical_impl,canonical,1,103,97,-6,624,".
"
42,task_042,canonical_impl,canonical,1,103,98,-5,151645,<|im_end|>
42,task_042,canonical_impl,canonical,1,103,99,-4,198,"
"
42,task_042,canonical_impl,canonical,1,103,100,-3,151644,<|im_start|>
42,task_042,canonical_impl,canonical,1,103,101,-2,77091,assistant
42,task_042,canonical_impl,canonical,1,103,102,-1,198,"
"
42,task_042,paraphrase_test,paraphrase,0,96,80,-16,279, the
42,task_042,paraphrase_test,paraphrase,0,96,81,-15,3601, expected
42,task_042,paraphrase_test,paraphrase,0,96,82,-14,7709, behavior
42,task_042,paraphrase_test,paraphrase,0,96,83,-13,382,".

"
42,task_042,paraphrase_test,paraphrase,0,96,84,-12,24051,Choose
42,task_042,paraphrase_test,paraphrase,0,96,85,-11,279, the
42,task_042,paraphrase_test,paraphrase,0,96,86,-10,3175, single
42,task_042,paraphrase_test,paraphrase,0,96,87,-9,1790, next
42,task_042,paraphrase_test,paraphrase,0,96,88,-8,1917, action
42,task_042,paraphrase_test,paraphrase,0,96,89,-7,1431, now
42,task_042,paraphrase_test,paraphrase,0,96,90,-6,624,".
"
42,task_042,paraphrase_test,paraphrase,0,96,91,-5,151645,<|im_end|>
42,task_042,paraphrase_test,paraphrase,0,96,92,-4,198,"
"
42,task_042,paraphrase_test,paraphrase,0,96,93,-3,151644,<|im_start|>
42,task_042,paraphrase_test,paraphrase,0,96,94,-2,77091,assistant
42,task_042,paraphrase_test,paraphrase,0,96,95,-1,198,"
"
42,task_042,paraphrase_impl,paraphrase,1,96,80,-16,279, the
42,task_042,paraphrase_impl,paraphrase,1,96,81,-15,3601, expected
42,task_042,paraphrase_impl,paraphrase,1,96,82,-14,7709, behavior
42,task_042,paraphrase_impl,paraphrase,1,96,83,-13,382,".

"
42,task_042,paraphrase_impl,paraphrase,1,96,84,-12,24051,Choose
42,task_042,paraphrase_impl,paraphrase,1,96,85,-11,279, the
42,task_042,paraphrase_impl,paraphrase,1,96,86,-10,3175, single
42,task_042,paraphrase_impl,paraphrase,1,96,87,-9,1790, next
42,task_042,paraphrase_impl,paraphrase,1,96,88,-8,1917, action
42,task_042,paraphrase_impl,paraphrase,1,96,89,-7,1431, now
42,task_042,paraphrase_impl,paraphrase,1,96,90,-6,624,".
"
42,task_042,paraphrase_impl,paraphrase,1,96,91,-5,151645,<|im_end|>
42,task_042,paraphrase_impl,paraphrase,1,96,92,-4,198,"
"
42,task_042,paraphrase_impl,paraphrase,1,96,93,-3,151644,<|im_start|>
42,task_042,paraphrase_impl,paraphrase,1,96,94,-2,77091,assistant
42,task_042,paraphrase_impl,paraphrase,1,96,95,-1,198,"
"
43,task_043,canonical_test,canonical,0,121,101,-20,13166, observed
43,task_043,canonical_test,canonical,0,121,102,-19,7709, behavior
43,task_043,canonical_test,canonical,0,121,103,-18,22296, contrad
43,task_043,canonical_test,canonical,0,121,104,-17,29995,icts
43,task_043,canonical_test,canonical,0,121,105,-16,279, the
43,task_043,canonical_test,canonical,0,121,106,-15,3601, expected
43,task_043,canonical_test,canonical,0,121,107,-14,7709, behavior
43,task_043,canonical_test,canonical,0,121,108,-13,382,".

"
43,task_043,canonical_test,canonical,0,121,109,-12,24051,Choose
43,task_043,canonical_test,canonical,0,121,110,-11,279, the
43,task_043,canonical_test,canonical,0,121,111,-10,3175, single
43,task_043,canonical_test,canonical,0,121,112,-9,1790, next
43,task_043,canonical_test,canonical,0,121,113,-8,1917, action
43,task_043,canonical_test,canonical,0,121,114,-7,1431, now
43,task_043,canonical_test,canonical,0,121,115,-6,624,".
"
43,task_043,canonical_test,canonical,0,121,116,-5,151645,<|im_end|>
43,task_043,canonical_test,canonical,0,121,117,-4,198,"
"
43,task_043,canonical_test,canonical,0,121,118,-3,151644,<|im_start|>
43,task_043,canonical_test,canonical,0,121,119,-2,77091,assistant
43,task_043,canonical_test,canonical,0,121,120,-1,198,"
"
43,task_043,canonical_impl,canonical,1,121,101,-20,13166, observed
43,task_043,canonical_impl,canonical,1,121,102,-19,7709, behavior
43,task_043,canonical_impl,canonical,1,121,103,-18,22296, contrad
43,task_043,canonical_impl,canonical,1,121,104,-17,29995,icts
43,task_043,canonical_impl,canonical,1,121,105,-16,279, the
43,task_043,canonical_impl,canonical,1,121,106,-15,3601, expected
43,task_043,canonical_impl,canonical,1,121,107,-14,7709, behavior
43,task_043,canonical_impl,canonical,1,121,108,-13,382,".

"
43,task_043,canonical_impl,canonical,1,121,109,-12,24051,Choose
43,task_043,canonical_impl,canonical,1,121,110,-11,279, the
43,task_043,canonical_impl,canonical,1,121,111,-10,3175, single
43,task_043,canonical_impl,canonical,1,121,112,-9,1790, next
43,task_043,canonical_impl,canonical,1,121,113,-8,1917, action
43,task_043,canonical_impl,canonical,1,121,114,-7,1431, now
43,task_043,canonical_impl,canonical,1,121,115,-6,624,".
"
43,task_043,canonical_impl,canonical,1,121,116,-5,151645,<|im_end|>
43,task_043,canonical_impl,canonical,1,121,117,-4,198,"
"
43,task_043,canonical_impl,canonical,1,121,118,-3,151644,<|im_start|>
43,task_043,canonical_impl,canonical,1,121,119,-2,77091,assistant
43,task_043,canonical_impl,canonical,1,121,120,-1,198,"
"
43,task_043,paraphrase_test,paraphrase,0,114,95,-19,7709, behavior
43,task_043,paraphrase_test,paraphrase,0,114,96,-18,22296, contrad
43,task_043,paraphrase_test,paraphrase,0,114,97,-17,29995,icts
43,task_043,paraphrase_test,paraphrase,0,114,98,-16,279, the
43,task_043,paraphrase_test,paraphrase,0,114,99,-15,3601, expected
43,task_043,paraphrase_test,paraphrase,0,114,100,-14,7709, behavior
43,task_043,paraphrase_test,paraphrase,0,114,101,-13,382,".

"
43,task_043,paraphrase_test,paraphrase,0,114,102,-12,24051,Choose
43,task_043,paraphrase_test,paraphrase,0,114,103,-11,279, the
43,task_043,paraphrase_test,paraphrase,0,114,104,-10,3175, single
43,task_043,paraphrase_test,paraphrase,0,114,105,-9,1790, next
43,task_043,paraphrase_test,paraphrase,0,114,106,-8,1917, action
43,task_043,paraphrase_test,paraphrase,0,114,107,-7,1431, now
43,task_043,paraphrase_test,paraphrase,0,114,108,-6,624,".
"
43,task_043,paraphrase_test,paraphrase,0,114,109,-5,151645,<|im_end|>
43,task_043,paraphrase_test,paraphrase,0,114,110,-4,198,"
"
43,task_043,paraphrase_test,paraphrase,0,114,111,-3,151644,<|im_start|>
43,task_043,paraphrase_test,paraphrase,0,114,112,-2,77091,assistant
43,task_043,paraphrase_test,paraphrase,0,114,113,-1,198,"
"
43,task_043,paraphrase_impl,paraphrase,1,114,95,-19,7709, behavior
43,task_043,paraphrase_impl,paraphrase,1,114,96,-18,22296, contrad
43,task_043,paraphrase_impl,paraphrase,1,114,97,-17,29995,icts
43,task_043,paraphrase_impl,paraphrase,1,114,98,-16,279, the
43,task_043,paraphrase_impl,paraphrase,1,114,99,-15,3601, expected
43,task_043,paraphrase_impl,paraphrase,1,114,100,-14,7709, behavior
43,task_043,paraphrase_impl,paraphrase,1,114,101,-13,382,".

"
43,task_043,paraphrase_impl,paraphrase,1,114,102,-12,24051,Choose
43,task_043,paraphrase_impl,paraphrase,1,114,103,-11,279, the
43,task_043,paraphrase_impl,paraphrase,1,114,104,-10,3175, single
43,task_043,paraphrase_impl,paraphrase,1,114,105,-9,1790, next
43,task_043,paraphrase_impl,paraphrase,1,114,106,-8,1917, action
43,task_043,paraphrase_impl,paraphrase,1,114,107,-7,1431, now
43,task_043,paraphrase_impl,paraphrase,1,114,108,-6,624,".
"
43,task_043,paraphrase_impl,paraphrase,1,114,109,-5,151645,<|im_end|>
43,task_043,paraphrase_impl,paraphrase,1,114,110,-4,198,"
"
43,task_043,paraphrase_impl,paraphrase,1,114,111,-3,151644,<|im_start|>
43,task_043,paraphrase_impl,paraphrase,1,114,112,-2,77091,assistant
43,task_043,paraphrase_impl,paraphrase,1,114,113,-1,198,"
"
44,task_044,canonical_test,canonical,0,120,100,-20,13166, observed
44,task_044,canonical_test,canonical,0,120,101,-19,7709, behavior
44,task_044,canonical_test,canonical,0,120,102,-18,22296, contrad
44,task_044,canonical_test,canonical,0,120,103,-17,29995,icts
44,task_044,canonical_test,canonical,0,120,104,-16,279, the
44,task_044,canonical_test,canonical,0,120,105,-15,3601, expected
44,task_044,canonical_test,canonical,0,120,106,-14,7709, behavior
44,task_044,canonical_test,canonical,0,120,107,-13,382,".

"
44,task_044,canonical_test,canonical,0,120,108,-12,24051,Choose
44,task_044,canonical_test,canonical,0,120,109,-11,279, the
44,task_044,canonical_test,canonical,0,120,110,-10,3175, single
44,task_044,canonical_test,canonical,0,120,111,-9,1790, next
44,task_044,canonical_test,canonical,0,120,112,-8,1917, action
44,task_044,canonical_test,canonical,0,120,113,-7,1431, now
44,task_044,canonical_test,canonical,0,120,114,-6,624,".
"
44,task_044,canonical_test,canonical,0,120,115,-5,151645,<|im_end|>
44,task_044,canonical_test,canonical,0,120,116,-4,198,"
"
44,task_044,canonical_test,canonical,0,120,117,-3,151644,<|im_start|>
44,task_044,canonical_test,canonical,0,120,118,-2,77091,assistant
44,task_044,canonical_test,canonical,0,120,119,-1,198,"
"
44,task_044,canonical_impl,canonical,1,120,100,-20,13166, observed
44,task_044,canonical_impl,canonical,1,120,101,-19,7709, behavior
44,task_044,canonical_impl,canonical,1,120,102,-18,22296, contrad
44,task_044,canonical_impl,canonical,1,120,103,-17,29995,icts
44,task_044,canonical_impl,canonical,1,120,104,-16,279, the
44,task_044,canonical_impl,canonical,1,120,105,-15,3601, expected
44,task_044,canonical_impl,canonical,1,120,106,-14,7709, behavior
44,task_044,canonical_impl,canonical,1,120,107,-13,382,".

"
44,task_044,canonical_impl,canonical,1,120,108,-12,24051,Choose
44,task_044,canonical_impl,canonical,1,120,109,-11,279, the
44,task_044,canonical_impl,canonical,1,120,110,-10,3175, single
44,task_044,canonical_impl,canonical,1,120,111,-9,1790, next
44,task_044,canonical_impl,canonical,1,120,112,-8,1917, action
44,task_044,canonical_impl,canonical,1,120,113,-7,1431, now
44,task_044,canonical_impl,canonical,1,120,114,-6,624,".
"
44,task_044,canonical_impl,canonical,1,120,115,-5,151645,<|im_end|>
44,task_044,canonical_impl,canonical,1,120,116,-4,198,"
"
44,task_044,canonical_impl,canonical,1,120,117,-3,151644,<|im_start|>
44,task_044,canonical_impl,canonical,1,120,118,-2,77091,assistant
44,task_044,canonical_impl,canonical,1,120,119,-1,198,"
"
44,task_044,paraphrase_test,paraphrase,0,113,95,-18,22296, contrad
44,task_044,paraphrase_test,paraphrase,0,113,96,-17,29995,icts
44,task_044,paraphrase_test,paraphrase,0,113,97,-16,279, the
44,task_044,paraphrase_test,paraphrase,0,113,98,-15,3601, expected
44,task_044,paraphrase_test,paraphrase,0,113,99,-14,7709, behavior
44,task_044,paraphrase_test,paraphrase,0,113,100,-13,382,".

"
44,task_044,paraphrase_test,paraphrase,0,113,101,-12,24051,Choose
44,task_044,paraphrase_test,paraphrase,0,113,102,-11,279, the
44,task_044,paraphrase_test,paraphrase,0,113,103,-10,3175, single
44,task_044,paraphrase_test,paraphrase,0,113,104,-9,1790, next
44,task_044,paraphrase_test,paraphrase,0,113,105,-8,1917, action
44,task_044,paraphrase_test,paraphrase,0,113,106,-7,1431, now
44,task_044,paraphrase_test,paraphrase,0,113,107,-6,624,".
"
44,task_044,paraphrase_test,paraphrase,0,113,108,-5,151645,<|im_end|>
44,task_044,paraphrase_test,paraphrase,0,113,109,-4,198,"
"
44,task_044,paraphrase_test,paraphrase,0,113,110,-3,151644,<|im_start|>
44,task_044,paraphrase_test,paraphrase,0,113,111,-2,77091,assistant
44,task_044,paraphrase_test,paraphrase,0,113,112,-1,198,"
"
44,task_044,paraphrase_impl,paraphrase,1,113,95,-18,22296, contrad
44,task_044,paraphrase_impl,paraphrase,1,113,96,-17,29995,icts
44,task_044,paraphrase_impl,paraphrase,1,113,97,-16,279, the
44,task_044,paraphrase_impl,paraphrase,1,113,98,-15,3601, expected
44,task_044,paraphrase_impl,paraphrase,1,113,99,-14,7709, behavior
44,task_044,paraphrase_impl,paraphrase,1,113,100,-13,382,".

"
44,task_044,paraphrase_impl,paraphrase,1,113,101,-12,24051,Choose
44,task_044,paraphrase_impl,paraphrase,1,113,102,-11,279, the
44,task_044,paraphrase_impl,paraphrase,1,113,103,-10,3175, single
44,task_044,paraphrase_impl,paraphrase,1,113,104,-9,1790, next
44,task_044,paraphrase_impl,paraphrase,1,113,105,-8,1917, action
44,task_044,paraphrase_impl,paraphrase,1,113,106,-7,1431, now
44,task_044,paraphrase_impl,paraphrase,1,113,107,-6,624,".
"
44,task_044,paraphrase_impl,paraphrase,1,113,108,-5,151645,<|im_end|>
44,task_044,paraphrase_impl,paraphrase,1,113,109,-4,198,"
"
44,task_044,paraphrase_impl,paraphrase,1,113,110,-3,151644,<|im_start|>
44,task_044,paraphrase_impl,paraphrase,1,113,111,-2,77091,assistant
44,task_044,paraphrase_impl,paraphrase,1,113,112,-1,198,"
"
45,task_045,canonical_test,canonical,0,103,86,-17,29995,icts
45,task_045,canonical_test,canonical,0,103,87,-16,279, the
45,task_045,canonical_test,canonical,0,103,88,-15,3601, expected
45,task_045,canonical_test,canonical,0,103,89,-14,7709, behavior
45,task_045,canonical_test,canonical,0,103,90,-13,382,".

"
45,task_045,canonical_test,canonical,0,103,91,-12,24051,Choose
45,task_045,canonical_test,canonical,0,103,92,-11,279, the
45,task_045,canonical_test,canonical,0,103,93,-10,3175, single
45,task_045,canonical_test,canonical,0,103,94,-9,1790, next
45,task_045,canonical_test,canonical,0,103,95,-8,1917, action
45,task_045,canonical_test,canonical,0,103,96,-7,1431, now
45,task_045,canonical_test,canonical,0,103,97,-6,624,".
"
45,task_045,canonical_test,canonical,0,103,98,-5,151645,<|im_end|>
45,task_045,canonical_test,canonical,0,103,99,-4,198,"
"
45,task_045,canonical_test,canonical,0,103,100,-3,151644,<|im_start|>
45,task_045,canonical_test,canonical,0,103,101,-2,77091,assistant
45,task_045,canonical_test,canonical,0,103,102,-1,198,"
"
45,task_045,canonical_impl,canonical,1,103,86,-17,29995,icts
45,task_045,canonical_impl,canonical,1,103,87,-16,279, the
45,task_045,canonical_impl,canonical,1,103,88,-15,3601, expected
45,task_045,canonical_impl,canonical,1,103,89,-14,7709, behavior
45,task_045,canonical_impl,canonical,1,103,90,-13,382,".

"
45,task_045,canonical_impl,canonical,1,103,91,-12,24051,Choose
45,task_045,canonical_impl,canonical,1,103,92,-11,279, the
45,task_045,canonical_impl,canonical,1,103,93,-10,3175, single
45,task_045,canonical_impl,canonical,1,103,94,-9,1790, next
45,task_045,canonical_impl,canonical,1,103,95,-8,1917, action
45,task_045,canonical_impl,canonical,1,103,96,-7,1431, now
45,task_045,canonical_impl,canonical,1,103,97,-6,624,".
"
45,task_045,canonical_impl,canonical,1,103,98,-5,151645,<|im_end|>
45,task_045,canonical_impl,canonical,1,103,99,-4,198,"
"
45,task_045,canonical_impl,canonical,1,103,100,-3,151644,<|im_start|>
45,task_045,canonical_impl,canonical,1,103,101,-2,77091,assistant
45,task_045,canonical_impl,canonical,1,103,102,-1,198,"
"
45,task_045,paraphrase_test,paraphrase,0,96,80,-16,279, the
45,task_045,paraphrase_test,paraphrase,0,96,81,-15,3601, expected
45,task_045,paraphrase_test,paraphrase,0,96,82,-14,7709, behavior
45,task_045,paraphrase_test,paraphrase,0,96,83,-13,382,".

"
45,task_045,paraphrase_test,paraphrase,0,96,84,-12,24051,Choose
45,task_045,paraphrase_test,paraphrase,0,96,85,-11,279, the
45,task_045,paraphrase_test,paraphrase,0,96,86,-10,3175, single
45,task_045,paraphrase_test,paraphrase,0,96,87,-9,1790, next
45,task_045,paraphrase_test,paraphrase,0,96,88,-8,1917, action
45,task_045,paraphrase_test,paraphrase,0,96,89,-7,1431, now
45,task_045,paraphrase_test,paraphrase,0,96,90,-6,624,".
"
45,task_045,paraphrase_test,paraphrase,0,96,91,-5,151645,<|im_end|>
45,task_045,paraphrase_test,paraphrase,0,96,92,-4,198,"
"
45,task_045,paraphrase_test,paraphrase,0,96,93,-3,151644,<|im_start|>
45,task_045,paraphrase_test,paraphrase,0,96,94,-2,77091,assistant
45,task_045,paraphrase_test,paraphrase,0,96,95,-1,198,"
"
45,task_045,paraphrase_impl,paraphrase,1,96,80,-16,279, the
45,task_045,paraphrase_impl,paraphrase,1,96,81,-15,3601, expected
45,task_045,paraphrase_impl,paraphrase,1,96,82,-14,7709, behavior
45,task_045,paraphrase_impl,paraphrase,1,96,83,-13,382,".

"
45,task_045,paraphrase_impl,paraphrase,1,96,84,-12,24051,Choose
45,task_045,paraphrase_impl,paraphrase,1,96,85,-11,279, the
45,task_045,paraphrase_impl,paraphrase,1,96,86,-10,3175, single
45,task_045,paraphrase_impl,paraphrase,1,96,87,-9,1790, next
45,task_045,paraphrase_impl,paraphrase,1,96,88,-8,1917, action
45,task_045,paraphrase_impl,paraphrase,1,96,89,-7,1431, now
45,task_045,paraphrase_impl,paraphrase,1,96,90,-6,624,".
"
45,task_045,paraphrase_impl,paraphrase,1,96,91,-5,151645,<|im_end|>
45,task_045,paraphrase_impl,paraphrase,1,96,92,-4,198,"
"
45,task_045,paraphrase_impl,paraphrase,1,96,93,-3,151644,<|im_start|>
45,task_045,paraphrase_impl,paraphrase,1,96,94,-2,77091,assistant
45,task_045,paraphrase_impl,paraphrase,1,96,95,-1,198,"
"
46,task_046,canonical_test,canonical,0,121,101,-20,13166, observed
46,task_046,canonical_test,canonical,0,121,102,-19,7709, behavior
46,task_046,canonical_test,canonical,0,121,103,-18,22296, contrad
46,task_046,canonical_test,canonical,0,121,104,-17,29995,icts
46,task_046,canonical_test,canonical,0,121,105,-16,279, the
46,task_046,canonical_test,canonical,0,121,106,-15,3601, expected
46,task_046,canonical_test,canonical,0,121,107,-14,7709, behavior
46,task_046,canonical_test,canonical,0,121,108,-13,382,".

"
46,task_046,canonical_test,canonical,0,121,109,-12,24051,Choose
46,task_046,canonical_test,canonical,0,121,110,-11,279, the
46,task_046,canonical_test,canonical,0,121,111,-10,3175, single
46,task_046,canonical_test,canonical,0,121,112,-9,1790, next
46,task_046,canonical_test,canonical,0,121,113,-8,1917, action
46,task_046,canonical_test,canonical,0,121,114,-7,1431, now
46,task_046,canonical_test,canonical,0,121,115,-6,624,".
"
46,task_046,canonical_test,canonical,0,121,116,-5,151645,<|im_end|>
46,task_046,canonical_test,canonical,0,121,117,-4,198,"
"
46,task_046,canonical_test,canonical,0,121,118,-3,151644,<|im_start|>
46,task_046,canonical_test,canonical,0,121,119,-2,77091,assistant
46,task_046,canonical_test,canonical,0,121,120,-1,198,"
"
46,task_046,canonical_impl,canonical,1,121,101,-20,13166, observed
46,task_046,canonical_impl,canonical,1,121,102,-19,7709, behavior
46,task_046,canonical_impl,canonical,1,121,103,-18,22296, contrad
46,task_046,canonical_impl,canonical,1,121,104,-17,29995,icts
46,task_046,canonical_impl,canonical,1,121,105,-16,279, the
46,task_046,canonical_impl,canonical,1,121,106,-15,3601, expected
46,task_046,canonical_impl,canonical,1,121,107,-14,7709, behavior
46,task_046,canonical_impl,canonical,1,121,108,-13,382,".

"
46,task_046,canonical_impl,canonical,1,121,109,-12,24051,Choose
46,task_046,canonical_impl,canonical,1,121,110,-11,279, the
46,task_046,canonical_impl,canonical,1,121,111,-10,3175, single
46,task_046,canonical_impl,canonical,1,121,112,-9,1790, next
46,task_046,canonical_impl,canonical,1,121,113,-8,1917, action
46,task_046,canonical_impl,canonical,1,121,114,-7,1431, now
46,task_046,canonical_impl,canonical,1,121,115,-6,624,".
"
46,task_046,canonical_impl,canonical,1,121,116,-5,151645,<|im_end|>
46,task_046,canonical_impl,canonical,1,121,117,-4,198,"
"
46,task_046,canonical_impl,canonical,1,121,118,-3,151644,<|im_start|>
46,task_046,canonical_impl,canonical,1,121,119,-2,77091,assistant
46,task_046,canonical_impl,canonical,1,121,120,-1,198,"
"
46,task_046,paraphrase_test,paraphrase,0,114,95,-19,7709, behavior
46,task_046,paraphrase_test,paraphrase,0,114,96,-18,22296, contrad
46,task_046,paraphrase_test,paraphrase,0,114,97,-17,29995,icts
46,task_046,paraphrase_test,paraphrase,0,114,98,-16,279, the
46,task_046,paraphrase_test,paraphrase,0,114,99,-15,3601, expected
46,task_046,paraphrase_test,paraphrase,0,114,100,-14,7709, behavior
46,task_046,paraphrase_test,paraphrase,0,114,101,-13,382,".

"
46,task_046,paraphrase_test,paraphrase,0,114,102,-12,24051,Choose
46,task_046,paraphrase_test,paraphrase,0,114,103,-11,279, the
46,task_046,paraphrase_test,paraphrase,0,114,104,-10,3175, single
46,task_046,paraphrase_test,paraphrase,0,114,105,-9,1790, next
46,task_046,paraphrase_test,paraphrase,0,114,106,-8,1917, action
46,task_046,paraphrase_test,paraphrase,0,114,107,-7,1431, now
46,task_046,paraphrase_test,paraphrase,0,114,108,-6,624,".
"
46,task_046,paraphrase_test,paraphrase,0,114,109,-5,151645,<|im_end|>
46,task_046,paraphrase_test,paraphrase,0,114,110,-4,198,"
"
46,task_046,paraphrase_test,paraphrase,0,114,111,-3,151644,<|im_start|>
46,task_046,paraphrase_test,paraphrase,0,114,112,-2,77091,assistant
46,task_046,paraphrase_test,paraphrase,0,114,113,-1,198,"
"
46,task_046,paraphrase_impl,paraphrase,1,114,95,-19,7709, behavior
46,task_046,paraphrase_impl,paraphrase,1,114,96,-18,22296, contrad
46,task_046,paraphrase_impl,paraphrase,1,114,97,-17,29995,icts
46,task_046,paraphrase_impl,paraphrase,1,114,98,-16,279, the
46,task_046,paraphrase_impl,paraphrase,1,114,99,-15,3601, expected
46,task_046,paraphrase_impl,paraphrase,1,114,100,-14,7709, behavior
46,task_046,paraphrase_impl,paraphrase,1,114,101,-13,382,".

"
46,task_046,paraphrase_impl,paraphrase,1,114,102,-12,24051,Choose
46,task_046,paraphrase_impl,paraphrase,1,114,103,-11,279, the
46,task_046,paraphrase_impl,paraphrase,1,114,104,-10,3175, single
46,task_046,paraphrase_impl,paraphrase,1,114,105,-9,1790, next
46,task_046,paraphrase_impl,paraphrase,1,114,106,-8,1917, action
46,task_046,paraphrase_impl,paraphrase,1,114,107,-7,1431, now
46,task_046,paraphrase_impl,paraphrase,1,114,108,-6,624,".
"
46,task_046,paraphrase_impl,paraphrase,1,114,109,-5,151645,<|im_end|>
46,task_046,paraphrase_impl,paraphrase,1,114,110,-4,198,"
"
46,task_046,paraphrase_impl,paraphrase,1,114,111,-3,151644,<|im_start|>
46,task_046,paraphrase_impl,paraphrase,1,114,112,-2,77091,assistant
46,task_046,paraphrase_impl,paraphrase,1,114,113,-1,198,"
"
47,task_047,canonical_test,canonical,0,120,100,-20,13166, observed
47,task_047,canonical_test,canonical,0,120,101,-19,7709, behavior
47,task_047,canonical_test,canonical,0,120,102,-18,22296, contrad
47,task_047,canonical_test,canonical,0,120,103,-17,29995,icts
47,task_047,canonical_test,canonical,0,120,104,-16,279, the
47,task_047,canonical_test,canonical,0,120,105,-15,3601, expected
47,task_047,canonical_test,canonical,0,120,106,-14,7709, behavior
47,task_047,canonical_test,canonical,0,120,107,-13,382,".

"
47,task_047,canonical_test,canonical,0,120,108,-12,24051,Choose
47,task_047,canonical_test,canonical,0,120,109,-11,279, the
47,task_047,canonical_test,canonical,0,120,110,-10,3175, single
47,task_047,canonical_test,canonical,0,120,111,-9,1790, next
47,task_047,canonical_test,canonical,0,120,112,-8,1917, action
47,task_047,canonical_test,canonical,0,120,113,-7,1431, now
47,task_047,canonical_test,canonical,0,120,114,-6,624,".
"
47,task_047,canonical_test,canonical,0,120,115,-5,151645,<|im_end|>
47,task_047,canonical_test,canonical,0,120,116,-4,198,"
"
47,task_047,canonical_test,canonical,0,120,117,-3,151644,<|im_start|>
47,task_047,canonical_test,canonical,0,120,118,-2,77091,assistant
47,task_047,canonical_test,canonical,0,120,119,-1,198,"
"
47,task_047,canonical_impl,canonical,1,120,100,-20,13166, observed
47,task_047,canonical_impl,canonical,1,120,101,-19,7709, behavior
47,task_047,canonical_impl,canonical,1,120,102,-18,22296, contrad
47,task_047,canonical_impl,canonical,1,120,103,-17,29995,icts
47,task_047,canonical_impl,canonical,1,120,104,-16,279, the
47,task_047,canonical_impl,canonical,1,120,105,-15,3601, expected
47,task_047,canonical_impl,canonical,1,120,106,-14,7709, behavior
47,task_047,canonical_impl,canonical,1,120,107,-13,382,".

"
47,task_047,canonical_impl,canonical,1,120,108,-12,24051,Choose
47,task_047,canonical_impl,canonical,1,120,109,-11,279, the
47,task_047,canonical_impl,canonical,1,120,110,-10,3175, single
47,task_047,canonical_impl,canonical,1,120,111,-9,1790, next
47,task_047,canonical_impl,canonical,1,120,112,-8,1917, action
47,task_047,canonical_impl,canonical,1,120,113,-7,1431, now
47,task_047,canonical_impl,canonical,1,120,114,-6,624,".
"
47,task_047,canonical_impl,canonical,1,120,115,-5,151645,<|im_end|>
47,task_047,canonical_impl,canonical,1,120,116,-4,198,"
"
47,task_047,canonical_impl,canonical,1,120,117,-3,151644,<|im_start|>
47,task_047,canonical_impl,canonical,1,120,118,-2,77091,assistant
47,task_047,canonical_impl,canonical,1,120,119,-1,198,"
"
47,task_047,paraphrase_test,paraphrase,0,113,95,-18,22296, contrad
47,task_047,paraphrase_test,paraphrase,0,113,96,-17,29995,icts
47,task_047,paraphrase_test,paraphrase,0,113,97,-16,279, the
47,task_047,paraphrase_test,paraphrase,0,113,98,-15,3601, expected
47,task_047,paraphrase_test,paraphrase,0,113,99,-14,7709, behavior
47,task_047,paraphrase_test,paraphrase,0,113,100,-13,382,".

"
47,task_047,paraphrase_test,paraphrase,0,113,101,-12,24051,Choose
47,task_047,paraphrase_test,paraphrase,0,113,102,-11,279, the
47,task_047,paraphrase_test,paraphrase,0,113,103,-10,3175, single
47,task_047,paraphrase_test,paraphrase,0,113,104,-9,1790, next
47,task_047,paraphrase_test,paraphrase,0,113,105,-8,1917, action
47,task_047,paraphrase_test,paraphrase,0,113,106,-7,1431, now
47,task_047,paraphrase_test,paraphrase,0,113,107,-6,624,".
"
47,task_047,paraphrase_test,paraphrase,0,113,108,-5,151645,<|im_end|>
47,task_047,paraphrase_test,paraphrase,0,113,109,-4,198,"
"
47,task_047,paraphrase_test,paraphrase,0,113,110,-3,151644,<|im_start|>
47,task_047,paraphrase_test,paraphrase,0,113,111,-2,77091,assistant
47,task_047,paraphrase_test,paraphrase,0,113,112,-1,198,"
"
47,task_047,paraphrase_impl,paraphrase,1,113,95,-18,22296, contrad
47,task_047,paraphrase_impl,paraphrase,1,113,96,-17,29995,icts
47,task_047,paraphrase_impl,paraphrase,1,113,97,-16,279, the
47,task_047,paraphrase_impl,paraphrase,1,113,98,-15,3601, expected
47,task_047,paraphrase_impl,paraphrase,1,113,99,-14,7709, behavior
47,task_047,paraphrase_impl,paraphrase,1,113,100,-13,382,".

"
47,task_047,paraphrase_impl,paraphrase,1,113,101,-12,24051,Choose
47,task_047,paraphrase_impl,paraphrase,1,113,102,-11,279, the
47,task_047,paraphrase_impl,paraphrase,1,113,103,-10,3175, single
47,task_047,paraphrase_impl,paraphrase,1,113,104,-9,1790, next
47,task_047,paraphrase_impl,paraphrase,1,113,105,-8,1917, action
47,task_047,paraphrase_impl,paraphrase,1,113,106,-7,1431, now
47,task_047,paraphrase_impl,paraphrase,1,113,107,-6,624,".
"
47,task_047,paraphrase_impl,paraphrase,1,113,108,-5,151645,<|im_end|>
47,task_047,paraphrase_impl,paraphrase,1,113,109,-4,198,"
"
47,task_047,paraphrase_impl,paraphrase,1,113,110,-3,151644,<|im_start|>
47,task_047,paraphrase_impl,paraphrase,1,113,111,-2,77091,assistant
47,task_047,paraphrase_impl,paraphrase,1,113,112,-1,198,"
"
