task_id,family,wording,label,anchor,L,k,suff,nec
exp12_test_edit_00,test_edit,canonical,0,SKILL_END,39,2,0.001677200198173523,0.0008849576115608215
exp12_test_edit_00,test_edit,canonical,1,SKILL_END,39,2,0.0004944503307342529,0.00040036439895629883
exp12_test_edit_01,test_edit,canonical,0,SKILL_END,39,2,0.0008868351578712463,0.0057649314403533936
exp12_test_edit_01,test_edit,canonical,1,SKILL_END,39,2,-0.0014027059078216553,0.006002277135848999
exp12_test_edit_03,test_edit,canonical,0,SKILL_END,39,2,-0.002106398344039917,0.005739852786064148
exp12_test_edit_03,test_edit,canonical,1,SKILL_END,39,2,-3.337860107421875e-06,7.62939453125e-06
exp12_test_edit_05,test_edit,canonical,0,SKILL_END,39,2,-0.0012640208005905151,-1.1101365089416504e-06
exp12_test_edit_05,test_edit,canonical,1,SKILL_END,39,2,-0.000317305326461792,-0.003116101026535034
exp12_test_edit_07,test_edit,canonical,0,SKILL_END,39,2,0.0025279149413108826,-0.002059243619441986
exp12_test_edit_07,test_edit,canonical,1,SKILL_END,39,2,0.009459495544433594,-0.001299738883972168
exp12_test_edit_08,test_edit,canonical,0,SKILL_END,39,2,0.0031216368079185486,0.0005184188485145569
exp12_test_edit_08,test_edit,canonical,1,SKILL_END,39,2,-8.58306884765625e-06,-2.7418136596679688e-06
exp12_test_edit_09,test_edit,canonical,0,SKILL_END,39,2,0.00380726158618927,2.477318048477173e-05
exp12_test_edit_09,test_edit,canonical,1,SKILL_END,39,2,-2.9802322387695312e-08,-1.0728836059570312e-05
exp12_test_edit_15,test_edit,canonical,0,SKILL_END,39,2,0.00043921172618865967,-0.005101129412651062
exp12_test_edit_15,test_edit,canonical,1,SKILL_END,39,2,-4.112720489501953e-05,-0.0006598532199859619
exp12_test_edit_00,test_edit,canonical,0,SYSTEM_END,39,2,0.0016842484474182129,4.553794860839844e-05
exp12_test_edit_00,test_edit,canonical,1,SYSTEM_END,39,2,0.00047791004180908203,-0.004668325185775757
exp12_test_edit_01,test_edit,canonical,0,SYSTEM_END,39,2,0.0008413940668106079,-0.0045756325125694275
exp12_test_edit_01,test_edit,canonical,1,SYSTEM_END,39,2,-6.139278411865234e-06,-0.0029726028442382812
exp12_test_edit_03,test_edit,canonical,0,SYSTEM_END,39,2,-0.002094276249408722,1.1168420314788818e-05
exp12_test_edit_03,test_edit,canonical,1,SYSTEM_END,39,2,-6.884336471557617e-06,-1.6391277313232422e-06
exp12_test_edit_05,test_edit,canonical,0,SYSTEM_END,39,2,-0.0012577623128890991,-0.00043782591819763184
exp12_test_edit_05,test_edit,canonical,1,SYSTEM_END,39,2,5.811452865600586e-06,1.9609928131103516e-05
exp12_test_edit_07,test_edit,canonical,0,SYSTEM_END,39,2,0.0020518451929092407,-4.7653913497924805e-05
exp12_test_edit_07,test_edit,canonical,1,SYSTEM_END,39,2,-0.0001442432403564453,0.0019230544567108154
exp12_test_edit_08,test_edit,canonical,0,SYSTEM_END,39,2,-0.000515669584274292,0.003240808844566345
exp12_test_edit_08,test_edit,canonical,1,SYSTEM_END,39,2,-3.5762786865234375e-05,1.3589859008789062e-05
exp12_test_edit_09,test_edit,canonical,0,SYSTEM_END,39,2,-0.0015404894948005676,-0.0004225894808769226
exp12_test_edit_09,test_edit,canonical,1,SYSTEM_END,39,2,-3.516674041748047e-06,0.001049727201461792
exp12_test_edit_15,test_edit,canonical,0,SYSTEM_END,39,2,0.005021020770072937,0.0050899311900138855
exp12_test_edit_15,test_edit,canonical,1,SYSTEM_END,39,2,0.0002364516258239746,0.0002695322036743164
exp12_test_edit_00,test_edit,canonical,0,ISSUE_END,39,2,0.0016690418124198914,0.0017329305410385132
exp12_test_edit_00,test_edit,canonical,1,ISSUE_END,39,2,0.0003637969493865967,-0.004193931818008423
exp12_test_edit_01,test_edit,canonical,0,ISSUE_END,39,2,-4.276633262634277e-06,-3.6954879760742188e-06
exp12_test_edit_01,test_edit,canonical,1,ISSUE_END,39,2,-4.4405460357666016e-06,-6.967782974243164e-05
exp12_test_edit_03,test_edit,canonical,0,ISSUE_END,39,2,-0.002095237374305725,-5.133450031280518e-06
exp12_test_edit_03,test_edit,canonical,1,ISSUE_END,39,2,5.334615707397461e-06,5.364418029785156e-07
exp12_test_edit_05,test_edit,canonical,0,ISSUE_END,39,2,-0.0012624263763427734,0.004611410200595856
exp12_test_edit_05,test_edit,canonical,1,ISSUE_END,39,2,-5.364418029785156e-07,-0.00016105175018310547
exp12_test_edit_07,test_edit,canonical,0,ISSUE_END,39,2,0.00041444599628448486,-0.0016673654317855835
exp12_test_edit_07,test_edit,canonical,1,ISSUE_END,39,2,-0.000253826379776001,-0.009661972522735596
exp12_test_edit_08,test_edit,canonical,0,ISSUE_END,39,2,-1.0661780834197998e-05,-0.004923611879348755
exp12_test_edit_08,test_edit,canonical,1,ISSUE_END,39,2,4.76837158203125e-06,1.0728836059570312e-06
exp12_test_edit_09,test_edit,canonical,0,ISSUE_END,39,2,-1.2524425983428955e-05,0.0009006485342979431
exp12_test_edit_09,test_edit,canonical,1,ISSUE_END,39,2,-1.9669532775878906e-06,-1.1265277862548828e-05
exp12_test_edit_15,test_edit,canonical,0,ISSUE_END,39,2,0.005078598856925964,0.0004657655954360962
exp12_test_edit_15,test_edit,canonical,1,ISSUE_END,39,2,3.567337989807129e-05,3.933906555175781e-06
exp12_test_edit_00,test_edit,canonical,0,DETAIL_END,39,2,0.0016704797744750977,-0.001680515706539154
exp12_test_edit_00,test_edit,canonical,1,DETAIL_END,39,2,0.00038555264472961426,1.7881393432617188e-05
exp12_test_edit_01,test_edit,canonical,0,DETAIL_END,39,2,0.0008811652660369873,-0.001280270516872406
exp12_test_edit_01,test_edit,canonical,1,DETAIL_END,39,2,6.642937660217285e-05,-0.00017625093460083008
exp12_test_edit_03,test_edit,canonical,0,DETAIL_END,39,2,-0.0021025463938713074,0.001607358455657959
exp12_test_edit_03,test_edit,canonical,1,DETAIL_END,39,2,8.642673492431641e-07,-3.9637088775634766e-06
exp12_test_edit_05,test_edit,canonical,0,DETAIL_END,39,2,-8.38935375213623e-06,-5.677342414855957e-06
exp12_test_edit_05,test_edit,canonical,1,DETAIL_END,39,2,-0.00047785043716430664,7.092952728271484e-06
exp12_test_edit_07,test_edit,canonical,0,DETAIL_END,39,2,-5.5342912673950195e-05,-0.002095647156238556
exp12_test_edit_07,test_edit,canonical,1,DETAIL_END,39,2,0.009517639875411987,-0.008111774921417236
exp12_test_edit_08,test_edit,canonical,0,DETAIL_END,39,2,0.0058820247650146484,3.59266996383667e-05
exp12_test_edit_08,test_edit,canonical,1,DETAIL_END,39,2,-3.224611282348633e-05,3.039836883544922e-06
exp12_test_edit_09,test_edit,canonical,0,DETAIL_END,39,2,-0.0015406012535095215,-0.0008550509810447693
exp12_test_edit_09,test_edit,canonical,1,DETAIL_END,39,2,-1.7285346984863281e-06,2.8014183044433594e-06
exp12_test_edit_15,test_edit,canonical,0,DETAIL_END,39,2,-2.436339855194092e-06,0.002477504312992096
exp12_test_edit_15,test_edit,canonical,1,DETAIL_END,39,2,0.00019824504852294922,-5.751848220825195e-06
exp12_test_edit_00,test_edit,canonical,0,ACTION0_END,39,2,0.0016479641199111938,-4.210323095321655e-05
exp12_test_edit_00,test_edit,canonical,1,ACTION0_END,39,2,-0.0042001307010650635,-0.0029005110263824463
exp12_test_edit_01,test_edit,canonical,0,ACTION0_END,39,2,0.0018262863159179688,-0.002326071262359619
exp12_test_edit_01,test_edit,canonical,1,ACTION0_END,39,2,0.00020298361778259277,-0.005677461624145508
exp12_test_edit_03,test_edit,canonical,0,ACTION0_END,39,2,-0.0004964694380760193,0.005118958652019501
exp12_test_edit_03,test_edit,canonical,1,ACTION0_END,39,2,0.0030045509338378906,0.0029777586460113525
exp12_test_edit_05,test_edit,canonical,0,ACTION0_END,39,2,-0.00042988359928131104,0.0011354386806488037
exp12_test_edit_05,test_edit,canonical,1,ACTION0_END,39,2,-0.0029737651348114014,-0.0009334385395050049
exp12_test_edit_07,test_edit,canonical,0,ACTION0_END,39,2,0.0020763054490089417,1.0505318641662598e-06
exp12_test_edit_07,test_edit,canonical,1,ACTION0_END,39,2,0.009653091430664062,0.00069427490234375
exp12_test_edit_08,test_edit,canonical,0,ACTION0_END,39,2,0.003141544759273529,0.0004905238747596741
exp12_test_edit_08,test_edit,canonical,1,ACTION0_END,39,2,-3.910064697265625e-05,0.006191909313201904
exp12_test_edit_09,test_edit,canonical,0,ACTION0_END,39,2,-0.00037410110235214233,-0.000664152204990387
exp12_test_edit_09,test_edit,canonical,1,ACTION0_END,39,2,-1.2516975402832031e-06,-5.662441253662109e-07
exp12_test_edit_15,test_edit,canonical,0,ACTION0_END,39,2,0.004953354597091675,0.0005219653248786926
exp12_test_edit_15,test_edit,canonical,1,ACTION0_END,39,2,5.602836608886719e-06,-0.0007080733776092529
exp12_test_edit_00,test_edit,canonical,0,ACTION1_END,39,2,0.004272088408470154,0.0025958195328712463
exp12_test_edit_00,test_edit,canonical,1,ACTION1_END,39,2,0.0004741251468658447,-0.00036278367042541504
exp12_test_edit_01,test_edit,canonical,0,ACTION1_END,39,2,-4.470348358154297e-08,0.00040072202682495117
exp12_test_edit_01,test_edit,canonical,1,ACTION1_END,39,2,-1.8596649169921875e-05,0.0029719769954681396
exp12_test_edit_03,test_edit,canonical,0,ACTION1_END,39,2,-0.0004949048161506653,-6.601214408874512e-06
exp12_test_edit_03,test_edit,canonical,1,ACTION1_END,39,2,2.592802047729492e-06,-3.159046173095703e-06
exp12_test_edit_05,test_edit,canonical,0,ACTION1_END,39,2,-0.00044605135917663574,0.00033833086490631104
exp12_test_edit_05,test_edit,canonical,1,ACTION1_END,39,2,-0.00031429529190063477,-3.3676624298095703e-06
exp12_test_edit_07,test_edit,canonical,0,ACTION1_END,39,2,-6.4820051193237305e-06,3.1515955924987793e-06
exp12_test_edit_07,test_edit,canonical,1,ACTION1_END,39,2,0.009504854679107666,0.0035960376262664795
exp12_test_edit_08,test_edit,canonical,0,ACTION1_END,39,2,0.0031223371624946594,0.003165923058986664
exp12_test_edit_08,test_edit,canonical,1,ACTION1_END,39,2,-1.2516975402832031e-06,-0.0003694295883178711
exp12_test_edit_09,test_edit,canonical,0,ACTION1_END,39,2,-0.0004092678427696228,7.539987564086914e-06
exp12_test_edit_09,test_edit,canonical,1,ACTION1_END,39,2,4.76837158203125e-07,-6.5267086029052734e-06
exp12_test_edit_15,test_edit,canonical,0,ACTION1_END,39,2,-6.702542304992676e-05,-0.005109056830406189
exp12_test_edit_15,test_edit,canonical,1,ACTION1_END,39,2,3.090500831604004e-05,-0.00015938282012939453
exp12_test_edit_00,test_edit,canonical,0,FINAL_INSTRUCTION_END,39,2,0.001637481153011322,1.5944242477416992e-06
exp12_test_edit_00,test_edit,canonical,1,FINAL_INSTRUCTION_END,39,2,0.0003668069839477539,-9.340047836303711e-05
exp12_test_edit_01,test_edit,canonical,0,FINAL_INSTRUCTION_END,39,2,0.00587695837020874,7.97957181930542e-06
exp12_test_edit_01,test_edit,canonical,1,FINAL_INSTRUCTION_END,39,2,6.362795829772949e-05,-0.0030051469802856445
exp12_test_edit_03,test_edit,canonical,0,FINAL_INSTRUCTION_END,39,2,5.684792995452881e-06,0.002040557563304901
exp12_test_edit_03,test_edit,canonical,1,FINAL_INSTRUCTION_END,39,2,-2.446770668029785e-05,-5.1081180572509766e-05
exp12_test_edit_05,test_edit,canonical,0,FINAL_INSTRUCTION_END,39,2,-0.0012501925230026245,0.0011127442121505737
exp12_test_edit_05,test_edit,canonical,1,FINAL_INSTRUCTION_END,39,2,-0.003123939037322998,-0.0007544755935668945
exp12_test_edit_07,test_edit,canonical,0,FINAL_INSTRUCTION_END,39,2,0.0025317594408988953,-0.006239905953407288
exp12_test_edit_07,test_edit,canonical,1,FINAL_INSTRUCTION_END,39,2,0.009628891944885254,-0.009433656930923462
exp12_test_edit_08,test_edit,canonical,0,FINAL_INSTRUCTION_END,39,2,0.0004734247922897339,1.7583370208740234e-06
exp12_test_edit_08,test_edit,canonical,1,FINAL_INSTRUCTION_END,39,2,-1.4185905456542969e-05,-0.008921205997467041
exp12_test_edit_09,test_edit,canonical,0,FINAL_INSTRUCTION_END,39,2,-0.00038363784551620483,0.006241835653781891
exp12_test_edit_09,test_edit,canonical,1,FINAL_INSTRUCTION_END,39,2,-3.3020973205566406e-05,1.665949821472168e-05
exp12_test_edit_15,test_edit,canonical,0,FINAL_INSTRUCTION_END,39,2,0.005412951111793518,1.7821788787841797e-05
exp12_test_edit_15,test_edit,canonical,1,FINAL_INSTRUCTION_END,39,2,3.4183263778686523e-05,-3.102421760559082e-05
exp12_test_edit_00,test_edit,canonical,0,USER_END,39,2,0.001637481153011322,1.5944242477416992e-06
exp12_test_edit_00,test_edit,canonical,1,USER_END,39,2,0.0003668069839477539,-9.340047836303711e-05
exp12_test_edit_01,test_edit,canonical,0,USER_END,39,2,0.00587695837020874,7.97957181930542e-06
exp12_test_edit_01,test_edit,canonical,1,USER_END,39,2,6.362795829772949e-05,-0.0030051469802856445
exp12_test_edit_03,test_edit,canonical,0,USER_END,39,2,5.684792995452881e-06,0.002040557563304901
exp12_test_edit_03,test_edit,canonical,1,USER_END,39,2,-2.446770668029785e-05,-5.1081180572509766e-05
exp12_test_edit_05,test_edit,canonical,0,USER_END,39,2,-0.0012501925230026245,0.0011127442121505737
exp12_test_edit_05,test_edit,canonical,1,USER_END,39,2,-0.003123939037322998,-0.0007544755935668945
exp12_test_edit_07,test_edit,canonical,0,USER_END,39,2,0.0025317594408988953,-0.006239905953407288
exp12_test_edit_07,test_edit,canonical,1,USER_END,39,2,0.009628891944885254,-0.009433656930923462
exp12_test_edit_08,test_edit,canonical,0,USER_END,39,2,0.0004734247922897339,1.7583370208740234e-06
exp12_test_edit_08,test_edit,canonical,1,USER_END,39,2,-1.4185905456542969e-05,-0.008921205997467041
exp12_test_edit_09,test_edit,canonical,0,USER_END,39,2,-0.00038363784551620483,0.006241835653781891
exp12_test_edit_09,test_edit,canonical,1,USER_END,39,2,-3.3020973205566406e-05,1.665949821472168e-05
exp12_test_edit_15,test_edit,canonical,0,USER_END,39,2,0.005412951111793518,1.7821788787841797e-05
exp12_test_edit_15,test_edit,canonical,1,USER_END,39,2,3.4183263778686523e-05,-3.102421760559082e-05
exp12_test_edit_00,test_edit,canonical,0,GENERATION_BOUNDARY,39,2,0.1302858144044876,0.13456663489341736
exp12_test_edit_00,test_edit,canonical,1,GENERATION_BOUNDARY,39,2,0.12534508109092712,0.12513362616300583
exp12_test_edit_01,test_edit,canonical,0,GENERATION_BOUNDARY,39,2,0.111266128718853,0.1309572458267212
exp12_test_edit_01,test_edit,canonical,1,GENERATION_BOUNDARY,39,2,0.1179896891117096,0.11527400463819504
exp12_test_edit_03,test_edit,canonical,0,GENERATION_BOUNDARY,39,2,0.130754254758358,0.13935759663581848
exp12_test_edit_03,test_edit,canonical,1,GENERATION_BOUNDARY,39,2,0.12436529994010925,0.11609726399183273
exp12_test_edit_05,test_edit,canonical,0,GENERATION_BOUNDARY,39,2,0.12968749552965164,0.15505030751228333
exp12_test_edit_05,test_edit,canonical,1,GENERATION_BOUNDARY,39,2,0.15150567889213562,0.12950336933135986
exp12_test_edit_07,test_edit,canonical,0,GENERATION_BOUNDARY,39,2,0.12409176677465439,0.14367267489433289
exp12_test_edit_07,test_edit,canonical,1,GENERATION_BOUNDARY,39,2,0.14524495601654053,0.1202157586812973
exp12_test_edit_08,test_edit,canonical,0,GENERATION_BOUNDARY,39,2,0.10938132554292679,0.149167001247406
exp12_test_edit_08,test_edit,canonical,1,GENERATION_BOUNDARY,39,2,0.13428232073783875,0.10602771490812302
exp12_test_edit_09,test_edit,canonical,0,GENERATION_BOUNDARY,39,2,0.11446794122457504,0.14186567068099976
exp12_test_edit_09,test_edit,canonical,1,GENERATION_BOUNDARY,39,2,0.14381152391433716,0.11254295706748962
exp12_test_edit_15,test_edit,canonical,0,GENERATION_BOUNDARY,39,2,0.09618020057678223,0.12533807754516602
exp12_test_edit_15,test_edit,canonical,1,GENERATION_BOUNDARY,39,2,0.12060731649398804,0.10415211319923401
exp12_test_edit_00,test_edit,paraphrase,0,SKILL_END,39,2,-0.001637738198041916,-0.0032229088246822357
exp12_test_edit_00,test_edit,paraphrase,1,SKILL_END,39,2,2.771615982055664e-05,5.9723854064941406e-05
exp12_test_edit_01,test_edit,paraphrase,0,SKILL_END,39,2,-0.004198692739009857,0.0052621327340602875
exp12_test_edit_01,test_edit,paraphrase,1,SKILL_END,39,2,2.73287296295166e-05,-3.546476364135742e-06
exp12_test_edit_03,test_edit,paraphrase,0,SKILL_END,39,2,0.002889353781938553,-0.003118380904197693
exp12_test_edit_03,test_edit,paraphrase,1,SKILL_END,39,2,-3.337860107421875e-06,0.0003368556499481201
exp12_test_edit_05,test_edit,paraphrase,0,SKILL_END,39,2,3.676861524581909e-06,-6.116926670074463e-06
exp12_test_edit_05,test_edit,paraphrase,1,SKILL_END,39,2,4.231929779052734e-06,-0.0003241598606109619
exp12_test_edit_07,test_edit,paraphrase,0,SKILL_END,39,2,-0.0031291507184505463,-0.0010061077773571014
exp12_test_edit_07,test_edit,paraphrase,1,SKILL_END,39,2,-0.010629057884216309,-7.05718994140625e-05
exp12_test_edit_08,test_edit,paraphrase,0,SKILL_END,39,2,-0.0008053295314311981,-9.251758456230164e-05
exp12_test_edit_08,test_edit,paraphrase,1,SKILL_END,39,2,-0.006162106990814209,-0.006194412708282471
exp12_test_edit_09,test_edit,paraphrase,0,SKILL_END,39,2,-0.0033103786408901215,-0.00020248070359230042
exp12_test_edit_09,test_edit,paraphrase,1,SKILL_END,39,2,-0.002983778715133667,2.372264862060547e-05
exp12_test_edit_15,test_edit,paraphrase,0,SKILL_END,39,2,-0.002938017249107361,0.003215298056602478
exp12_test_edit_15,test_edit,paraphrase,1,SKILL_END,39,2,-0.0029591917991638184,-0.00021389126777648926
exp12_test_edit_00,test_edit,paraphrase,0,SYSTEM_END,39,2,-0.00011298060417175293,-2.5853514671325684e-06
exp12_test_edit_00,test_edit,paraphrase,1,SYSTEM_END,39,2,-2.086162567138672e-07,3.069639205932617e-05
exp12_test_edit_01,test_edit,paraphrase,0,SYSTEM_END,39,2,2.980232238769531e-07,-0.003997042775154114
exp12_test_edit_01,test_edit,paraphrase,1,SYSTEM_END,39,2,2.6851892471313477e-05,-3.948807716369629e-05
exp12_test_edit_03,test_edit,paraphrase,0,SYSTEM_END,39,2,0.002885952591896057,0.0031222067773342133
exp12_test_edit_03,test_edit,paraphrase,1,SYSTEM_END,39,2,-0.0020917654037475586,0.012327045202255249
exp12_test_edit_05,test_edit,paraphrase,0,SYSTEM_END,39,2,5.431473255157471e-06,-4.973262548446655e-06
exp12_test_edit_05,test_edit,paraphrase,1,SYSTEM_END,39,2,-1.4901161193847656e-05,2.4586915969848633e-05
exp12_test_edit_07,test_edit,paraphrase,0,SYSTEM_END,39,2,-0.0028773993253707886,8.553266525268555e-06
exp12_test_edit_07,test_edit,paraphrase,1,SYSTEM_END,39,2,-0.01041102409362793,0.00027635693550109863
exp12_test_edit_08,test_edit,paraphrase,0,SYSTEM_END,39,2,0.0029178522527217865,-0.0029217712581157684
exp12_test_edit_08,test_edit,paraphrase,1,SYSTEM_END,39,2,-2.5033950805664062e-06,-1.049041748046875e-05
exp12_test_edit_09,test_edit,paraphrase,0,SYSTEM_END,39,2,-0.003111608326435089,-0.001112230122089386
exp12_test_edit_09,test_edit,paraphrase,1,SYSTEM_END,39,2,-0.0030149519443511963,-0.012290090322494507
exp12_test_edit_15,test_edit,paraphrase,0,SYSTEM_END,39,2,0.00018716603517532349,-0.0001835748553276062
exp12_test_edit_15,test_edit,paraphrase,1,SYSTEM_END,39,2,6.4373016357421875e-06,-0.0005826354026794434
exp12_test_edit_00,test_edit,paraphrase,0,ISSUE_END,39,2,-0.0033424831926822662,-1.5795230865478516e-06
exp12_test_edit_00,test_edit,paraphrase,1,ISSUE_END,39,2,5.391240119934082e-05,2.6971101760864258e-05
exp12_test_edit_01,test_edit,paraphrase,0,ISSUE_END,39,2,-0.006215572357177734,0.0035212375223636627
exp12_test_edit_01,test_edit,paraphrase,1,ISSUE_END,39,2,2.2470951080322266e-05,-2.980232238769531e-07
exp12_test_edit_03,test_edit,paraphrase,0,ISSUE_END,39,2,-0.0028701312839984894,-5.811452865600586e-07
exp12_test_edit_03,test_edit,paraphrase,1,ISSUE_END,39,2,-0.0027281343936920166,0.00031831860542297363
exp12_test_edit_05,test_edit,paraphrase,0,ISSUE_END,39,2,1.095607876777649e-05,1.952052116394043e-06
exp12_test_edit_05,test_edit,paraphrase,1,ISSUE_END,39,2,0.012296050786972046,-0.012307286262512207
exp12_test_edit_07,test_edit,paraphrase,0,ISSUE_END,39,2,-0.0031294822692871094,4.075467586517334e-06
exp12_test_edit_07,test_edit,paraphrase,1,ISSUE_END,39,2,-0.010411173105239868,0.00021353363990783691
exp12_test_edit_08,test_edit,paraphrase,0,ISSUE_END,39,2,-3.2782554626464844e-06,-0.00030069053173065186
exp12_test_edit_08,test_edit,paraphrase,1,ISSUE_END,39,2,-1.9073486328125e-06,3.248453140258789e-06
exp12_test_edit_09,test_edit,paraphrase,0,ISSUE_END,39,2,6.7837536334991455e-06,-6.809830665588379e-06
exp12_test_edit_09,test_edit,paraphrase,1,ISSUE_END,39,2,-0.0030000507831573486,-1.4603137969970703e-06
exp12_test_edit_15,test_edit,paraphrase,0,ISSUE_END,39,2,0.00018080323934555054,5.3316354751586914e-05
exp12_test_edit_15,test_edit,paraphrase,1,ISSUE_END,39,2,3.337860107421875e-06,-3.606081008911133e-06
exp12_test_edit_00,test_edit,paraphrase,0,DETAIL_END,39,2,-0.0014014579355716705,0.00011952221393585205
exp12_test_edit_00,test_edit,paraphrase,1,DETAIL_END,39,2,2.917647361755371e-05,1.817941665649414e-06
exp12_test_edit_01,test_edit,paraphrase,0,DETAIL_END,39,2,-0.004190310835838318,0.0008561424911022186
exp12_test_edit_01,test_edit,paraphrase,1,DETAIL_END,39,2,-3.5762786865234375e-07,-0.00032633543014526367
exp12_test_edit_03,test_edit,paraphrase,0,DETAIL_END,39,2,-0.0028725937008857727,-0.0002358369529247284
exp12_test_edit_03,test_edit,paraphrase,1,DETAIL_END,39,2,-0.003056943416595459,-0.0005393922328948975
exp12_test_edit_05,test_edit,paraphrase,0,DETAIL_END,39,2,4.880130290985107e-07,4.2244791984558105e-06
exp12_test_edit_05,test_edit,paraphrase,1,DETAIL_END,39,2,-1.5527009963989258e-05,2.473592758178711e-05
exp12_test_edit_07,test_edit,paraphrase,0,DETAIL_END,39,2,-0.003125987946987152,-3.6172568798065186e-06
exp12_test_edit_07,test_edit,paraphrase,1,DETAIL_END,39,2,-0.010413527488708496,2.7298927307128906e-05
exp12_test_edit_08,test_edit,paraphrase,0,DETAIL_END,39,2,0.0029073506593704224,2.1010637283325195e-06
exp12_test_edit_08,test_edit,paraphrase,1,DETAIL_END,39,2,-0.006138205528259277,8.64267349243164e-06
exp12_test_edit_09,test_edit,paraphrase,0,DETAIL_END,39,2,-0.003314431756734848,0.00019645318388938904
exp12_test_edit_09,test_edit,paraphrase,1,DETAIL_END,39,2,-0.0029496848583221436,0.0029742419719696045
exp12_test_edit_15,test_edit,paraphrase,0,DETAIL_END,39,2,-0.0031161271035671234,-2.9318034648895264e-06
exp12_test_edit_15,test_edit,paraphrase,1,DETAIL_END,39,2,4.76837158203125e-07,-0.0006605982780456543
exp12_test_edit_00,test_edit,paraphrase,0,ACTION0_END,39,2,-0.0033470913767814636,-0.0027416907250881195
exp12_test_edit_00,test_edit,paraphrase,1,ACTION0_END,39,2,-9.834766387939453e-06,-1.9669532775878906e-06
exp12_test_edit_01,test_edit,paraphrase,0,ACTION0_END,39,2,-0.00897500291466713,-0.003117479383945465
exp12_test_edit_01,test_edit,paraphrase,1,ACTION0_END,39,2,-0.005307495594024658,-2.3633241653442383e-05
exp12_test_edit_03,test_edit,paraphrase,0,ACTION0_END,39,2,-0.002887904644012451,0.00024202466011047363
exp12_test_edit_03,test_edit,paraphrase,1,ACTION0_END,39,2,-0.0023133158683776855,5.066394805908203e-07
exp12_test_edit_05,test_edit,paraphrase,0,ACTION0_END,39,2,-2.68593430519104e-06,5.003064870834351e-06
exp12_test_edit_05,test_edit,paraphrase,1,ACTION0_END,39,2,-1.0251998901367188e-05,-0.012277394533157349
exp12_test_edit_07,test_edit,paraphrase,0,ACTION0_END,39,2,-0.002373587340116501,0.00025426968932151794
exp12_test_edit_07,test_edit,paraphrase,1,ACTION0_END,39,2,-0.010419666767120361,-2.950429916381836e-06
exp12_test_edit_08,test_edit,paraphrase,0,ACTION0_END,39,2,-0.00010102614760398865,0.0030351951718330383
exp12_test_edit_08,test_edit,paraphrase,1,ACTION0_END,39,2,-0.00620231032371521,-0.006159394979476929
exp12_test_edit_09,test_edit,paraphrase,0,ACTION0_END,39,2,-0.002793971449136734,1.1097639799118042e-05
exp12_test_edit_09,test_edit,paraphrase,1,ACTION0_END,39,2,-0.0029220283031463623,-0.012291431427001953
exp12_test_edit_15,test_edit,paraphrase,0,ACTION0_END,39,2,3.2410025596618652e-06,0.0001827813684940338
exp12_test_edit_15,test_edit,paraphrase,1,ACTION0_END,39,2,-0.00010129809379577637,-0.0006440579891204834
exp12_test_edit_00,test_edit,paraphrase,0,ACTION1_END,39,2,4.3958425521850586e-07,6.288290023803711e-06
exp12_test_edit_00,test_edit,paraphrase,1,ACTION1_END,39,2,-5.364418029785156e-06,9.238719940185547e-07
exp12_test_edit_01,test_edit,paraphrase,0,ACTION1_END,39,2,-0.009452126920223236,0.00932847335934639
exp12_test_edit_01,test_edit,paraphrase,1,ACTION1_END,39,2,2.4437904357910156e-05,-7.927417755126953e-06
exp12_test_edit_03,test_edit,paraphrase,0,ACTION1_END,39,2,-0.002884451299905777,-0.0031207576394081116
exp12_test_edit_03,test_edit,paraphrase,1,ACTION1_END,39,2,-0.0020771324634552,0.002710103988647461
exp12_test_edit_05,test_edit,paraphrase,0,ACTION1_END,39,2,-5.748122930526733e-06,-0.00011190399527549744
exp12_test_edit_05,test_edit,paraphrase,1,ACTION1_END,39,2,-1.817941665649414e-05,0.012370526790618896
exp12_test_edit_07,test_edit,paraphrase,0,ACTION1_END,39,2,-0.00312863290309906,0.00025019794702529907
exp12_test_edit_07,test_edit,paraphrase,1,ACTION1_END,39,2,-0.010417789220809937,0.0002892911434173584
exp12_test_edit_08,test_edit,paraphrase,0,ACTION1_END,39,2,-0.00010582432150840759,-0.0001177377998828888
exp12_test_edit_08,test_edit,paraphrase,1,ACTION1_END,39,2,-0.006165653467178345,-6.020069122314453e-06
exp12_test_edit_09,test_edit,paraphrase,0,ACTION1_END,39,2,-0.003118220716714859,0.0001997128129005432
exp12_test_edit_09,test_edit,paraphrase,1,ACTION1_END,39,2,-0.0029886364936828613,0.01229172945022583
exp12_test_edit_15,test_edit,paraphrase,0,ACTION1_END,39,2,-4.101172089576721e-05,-0.003304664045572281
exp12_test_edit_15,test_edit,paraphrase,1,ACTION1_END,39,2,0.00024497509002685547,0.0028936564922332764
exp12_test_edit_00,test_edit,paraphrase,0,FINAL_INSTRUCTION_END,39,2,-0.0033410340547561646,-0.003403935581445694
exp12_test_edit_00,test_edit,paraphrase,1,FINAL_INSTRUCTION_END,39,2,2.086162567138672e-07,-0.00010001659393310547
exp12_test_edit_01,test_edit,paraphrase,0,FINAL_INSTRUCTION_END,39,2,-0.009060673415660858,0.00025655701756477356
exp12_test_edit_01,test_edit,paraphrase,1,FINAL_INSTRUCTION_END,39,2,2.562999725341797e-05,-3.018975257873535e-05
exp12_test_edit_03,test_edit,paraphrase,0,FINAL_INSTRUCTION_END,39,2,4.92483377456665e-06,3.1776726245880127e-06
exp12_test_edit_03,test_edit,paraphrase,1,FINAL_INSTRUCTION_END,39,2,-0.001980423927307129,0.0018450915813446045
exp12_test_edit_05,test_edit,paraphrase,0,FINAL_INSTRUCTION_END,39,2,5.7443976402282715e-06,0.00013474375009536743
exp12_test_edit_05,test_edit,paraphrase,1,FINAL_INSTRUCTION_END,39,2,0.01228874921798706,-0.0004011094570159912
exp12_test_edit_07,test_edit,paraphrase,0,FINAL_INSTRUCTION_END,39,2,-0.0031776241958141327,-0.00023980066180229187
exp12_test_edit_07,test_edit,paraphrase,1,FINAL_INSTRUCTION_END,39,2,-0.010422855615615845,1.2308359146118164e-05
exp12_test_edit_08,test_edit,paraphrase,0,FINAL_INSTRUCTION_END,39,2,-0.0002164021134376526,-0.0007091537117958069
exp12_test_edit_08,test_edit,paraphrase,1,FINAL_INSTRUCTION_END,39,2,-0.006156504154205322,4.202127456665039e-05
exp12_test_edit_09,test_edit,paraphrase,0,FINAL_INSTRUCTION_END,39,2,-0.003116495907306671,-9.812042117118835e-05
exp12_test_edit_09,test_edit,paraphrase,1,FINAL_INSTRUCTION_END,39,2,-4.89652156829834e-05,-0.015293478965759277
exp12_test_edit_15,test_edit,paraphrase,0,FINAL_INSTRUCTION_END,39,2,2.652406692504883e-06,0.003401566296815872
exp12_test_edit_15,test_edit,paraphrase,1,FINAL_INSTRUCTION_END,39,2,-9.885430335998535e-05,0.0004886388778686523
exp12_test_edit_00,test_edit,paraphrase,0,USER_END,39,2,-0.0033410340547561646,-0.003403935581445694
exp12_test_edit_00,test_edit,paraphrase,1,USER_END,39,2,2.086162567138672e-07,-0.00010001659393310547
exp12_test_edit_01,test_edit,paraphrase,0,USER_END,39,2,-0.009060673415660858,0.00025655701756477356
exp12_test_edit_01,test_edit,paraphrase,1,USER_END,39,2,2.562999725341797e-05,-3.018975257873535e-05
exp12_test_edit_03,test_edit,paraphrase,0,USER_END,39,2,4.92483377456665e-06,3.1776726245880127e-06
exp12_test_edit_03,test_edit,paraphrase,1,USER_END,39,2,-0.001980423927307129,0.0018450915813446045
exp12_test_edit_05,test_edit,paraphrase,0,USER_END,39,2,5.7443976402282715e-06,0.00013474375009536743
exp12_test_edit_05,test_edit,paraphrase,1,USER_END,39,2,0.01228874921798706,-0.0004011094570159912
exp12_test_edit_07,test_edit,paraphrase,0,USER_END,39,2,-0.0031776241958141327,-0.00023980066180229187
exp12_test_edit_07,test_edit,paraphrase,1,USER_END,39,2,-0.010422855615615845,1.2308359146118164e-05
exp12_test_edit_08,test_edit,paraphrase,0,USER_END,39,2,-0.0002164021134376526,-0.0007091537117958069
exp12_test_edit_08,test_edit,paraphrase,1,USER_END,39,2,-0.006156504154205322,4.202127456665039e-05
exp12_test_edit_09,test_edit,paraphrase,0,USER_END,39,2,-0.003116495907306671,-9.812042117118835e-05
exp12_test_edit_09,test_edit,paraphrase,1,USER_END,39,2,-4.89652156829834e-05,-0.015293478965759277
exp12_test_edit_15,test_edit,paraphrase,0,USER_END,39,2,2.652406692504883e-06,0.003401566296815872
exp12_test_edit_15,test_edit,paraphrase,1,USER_END,39,2,-9.885430335998535e-05,0.0004886388778686523
exp12_test_edit_00,test_edit,paraphrase,0,GENERATION_BOUNDARY,39,2,0.22465774789452553,0.12465143203735352
exp12_test_edit_00,test_edit,paraphrase,1,GENERATION_BOUNDARY,39,2,0.14162424206733704,0.23466217890381813
exp12_test_edit_01,test_edit,paraphrase,0,GENERATION_BOUNDARY,39,2,0.2216942422091961,0.11958971619606018
exp12_test_edit_01,test_edit,paraphrase,1,GENERATION_BOUNDARY,39,2,0.13018709421157837,0.23121339827775955
exp12_test_edit_03,test_edit,paraphrase,0,GENERATION_BOUNDARY,39,2,0.23437685891985893,0.13328847289085388
exp12_test_edit_03,test_edit,paraphrase,1,GENERATION_BOUNDARY,39,2,0.14699327945709229,0.24610797315835953
exp12_test_edit_05,test_edit,paraphrase,0,GENERATION_BOUNDARY,39,2,0.2481350228190422,0.14212006330490112
exp12_test_edit_05,test_edit,paraphrase,1,GENERATION_BOUNDARY,39,2,0.152010977268219,0.2486616112291813
exp12_test_edit_07,test_edit,paraphrase,0,GENERATION_BOUNDARY,39,2,0.23215877637267113,0.13381516933441162
exp12_test_edit_07,test_edit,paraphrase,1,GENERATION_BOUNDARY,39,2,0.1497049629688263,0.241787388920784
exp12_test_edit_08,test_edit,paraphrase,0,GENERATION_BOUNDARY,39,2,0.2275703251361847,0.13357001543045044
exp12_test_edit_08,test_edit,paraphrase,1,GENERATION_BOUNDARY,39,2,0.1465764343738556,0.23452415689826012
exp12_test_edit_09,test_edit,paraphrase,0,GENERATION_BOUNDARY,39,2,0.22753162309527397,0.1353084146976471
exp12_test_edit_09,test_edit,paraphrase,1,GENERATION_BOUNDARY,39,2,0.13323834538459778,0.24190948531031609
exp12_test_edit_15,test_edit,paraphrase,0,GENERATION_BOUNDARY,39,2,0.22336607798933983,0.12456545233726501
exp12_test_edit_15,test_edit,paraphrase,1,GENERATION_BOUNDARY,39,2,0.13044345378875732,0.22957966849207878
exp12_search_edit_01,search_edit,canonical,0,SKILL_END,39,2,0.003185674548149109,0.003175675868988037
exp12_search_edit_01,search_edit,canonical,1,SKILL_END,39,2,-8.046627044677734e-07,1.4781951904296875e-05
exp12_search_edit_03,search_edit,canonical,0,SKILL_END,39,2,-6.92903995513916e-07,0.0031268447637557983
exp12_search_edit_03,search_edit,canonical,1,SKILL_END,39,2,-0.00019598007202148438,0.007812738418579102
exp12_search_edit_05,search_edit,canonical,0,SKILL_END,39,2,0.0031341128051280975,-7.137656211853027e-05
exp12_search_edit_05,search_edit,canonical,1,SKILL_END,39,2,-0.0022645890712738037,0.00038677453994750977
exp12_search_edit_09,search_edit,canonical,0,SKILL_END,39,2,-6.891787052154541e-07,-1.8589198589324951e-06
exp12_search_edit_09,search_edit,canonical,1,SKILL_END,39,2,-0.012710750102996826,-9.521842002868652e-05
exp12_search_edit_10,search_edit,canonical,0,SKILL_END,39,2,-7.37607479095459e-07,-2.0116567611694336e-07
exp12_search_edit_10,search_edit,canonical,1,SKILL_END,39,2,-1.5437602996826172e-05,-0.00027045607566833496
exp12_search_edit_12,search_edit,canonical,0,SKILL_END,39,2,0.003173336386680603,-7.219240069389343e-05
exp12_search_edit_12,search_edit,canonical,1,SKILL_END,39,2,-2.8908252716064453e-06,0.007810026407241821
exp12_search_edit_13,search_edit,canonical,0,SKILL_END,39,2,9.581819176673889e-05,0.0031207725405693054
exp12_search_edit_13,search_edit,canonical,1,SKILL_END,39,2,-0.00037032365798950195,2.980232238769531e-07
exp12_search_edit_15,search_edit,canonical,0,SKILL_END,39,2,-8.68476927280426e-05,-9.518861770629883e-05
exp12_search_edit_15,search_edit,canonical,1,SKILL_END,39,2,1.1205673217773438e-05,3.069639205932617e-06
exp12_search_edit_01,search_edit,canonical,0,SYSTEM_END,39,2,0.0031303875148296356,-0.0031740330159664154
exp12_search_edit_01,search_edit,canonical,1,SYSTEM_END,39,2,-3.159046173095703e-06,-2.86102294921875e-06
exp12_search_edit_03,search_edit,canonical,0,SYSTEM_END,39,2,-0.0031246282160282135,-2.7939677238464355e-06
exp12_search_edit_03,search_edit,canonical,1,SYSTEM_END,39,2,-0.00019696354866027832,-0.007637083530426025
exp12_search_edit_05,search_edit,canonical,0,SYSTEM_END,39,2,0.0032887980341911316,-9.261071681976318e-06
exp12_search_edit_05,search_edit,canonical,1,SYSTEM_END,39,2,0.005577027797698975,0.0004175901412963867
exp12_search_edit_09,search_edit,canonical,0,SYSTEM_END,39,2,1.1548399925231934e-07,1.914799213409424e-06
exp12_search_edit_09,search_edit,canonical,1,SYSTEM_END,39,2,-0.012710362672805786,-9.563565254211426e-05
exp12_search_edit_10,search_edit,canonical,0,SYSTEM_END,39,2,1.8201768398284912e-05,2.980232238769531e-07
exp12_search_edit_10,search_edit,canonical,1,SYSTEM_END,39,2,-1.7881393432617188e-07,-8.83936882019043e-05
exp12_search_edit_12,search_edit,canonical,0,SYSTEM_END,39,2,5.536526441574097e-05,4.548579454421997e-06
exp12_search_edit_12,search_edit,canonical,1,SYSTEM_END,39,2,-3.248453140258789e-06,-4.76837158203125e-07
exp12_search_edit_13,search_edit,canonical,0,SYSTEM_END,39,2,9.353458881378174e-05,-2.086162567138672e-07
exp12_search_edit_13,search_edit,canonical,1,SYSTEM_END,39,2,-1.2487173080444336e-05,-1.1146068572998047e-05
exp12_search_edit_15,search_edit,canonical,0,SYSTEM_END,39,2,6.0930848121643066e-05,-5.587935447692871e-08
exp12_search_edit_15,search_edit,canonical,1,SYSTEM_END,39,2,-2.592802047729492e-06,9.238719940185547e-07
exp12_search_edit_01,search_edit,canonical,0,ISSUE_END,39,2,6.389245390892029e-05,8.89115035533905e-05
exp12_search_edit_01,search_edit,canonical,1,ISSUE_END,39,2,0.012719571590423584,1.7881393432617188e-06
exp12_search_edit_03,search_edit,canonical,0,ISSUE_END,39,2,4.079192876815796e-06,6.971880793571472e-05
exp12_search_edit_03,search_edit,canonical,1,ISSUE_END,39,2,-0.00037106871604919434,0.007989674806594849
exp12_search_edit_05,search_edit,canonical,0,ISSUE_END,39,2,0.003124397248029709,7.074326276779175e-06
exp12_search_edit_05,search_edit,canonical,1,ISSUE_END,39,2,0.005578547716140747,0.008258134126663208
exp12_search_edit_09,search_edit,canonical,0,ISSUE_END,39,2,-2.682209014892578e-07,5.8397650718688965e-05
exp12_search_edit_09,search_edit,canonical,1,ISSUE_END,39,2,-0.012723296880722046,8.150935173034668e-05
exp12_search_edit_10,search_edit,canonical,0,ISSUE_END,39,2,-7.450580596923828e-09,-5.6140124797821045e-05
exp12_search_edit_10,search_edit,canonical,1,ISSUE_END,39,2,7.343292236328125e-05,-1.6450881958007812e-05
exp12_search_edit_12,search_edit,canonical,0,ISSUE_END,39,2,-1.2025237083435059e-05,5.926191806793213e-05
exp12_search_edit_12,search_edit,canonical,1,ISSUE_END,39,2,-1.6093254089355469e-06,4.76837158203125e-07
exp12_search_edit_13,search_edit,canonical,0,ISSUE_END,39,2,0.00010262429714202881,-0.000156354159116745
exp12_search_edit_13,search_edit,canonical,1,ISSUE_END,39,2,-1.1146068572998047e-05,-0.012719899415969849
exp12_search_edit_15,search_edit,canonical,0,ISSUE_END,39,2,8.270144462585449e-07,0.003188319504261017
exp12_search_edit_15,search_edit,canonical,1,ISSUE_END,39,2,-2.3245811462402344e-06,-5.662441253662109e-07
exp12_search_edit_01,search_edit,canonical,0,DETAIL_END,39,2,6.422027945518494e-05,-0.003079049289226532
exp12_search_edit_01,search_edit,canonical,1,DETAIL_END,39,2,4.470348358154297e-07,9.28342342376709e-05
exp12_search_edit_03,search_edit,canonical,0,DETAIL_END,39,2,-4.600733518600464e-06,0.003140285611152649
exp12_search_edit_03,search_edit,canonical,1,DETAIL_END,39,2,-0.008184701204299927,-3.8743019104003906e-07
exp12_search_edit_05,search_edit,canonical,0,DETAIL_END,39,2,-1.434236764907837e-06,0.013553991913795471
exp12_search_edit_05,search_edit,canonical,1,DETAIL_END,39,2,-0.0026509463787078857,0.0055779218673706055
exp12_search_edit_09,search_edit,canonical,0,DETAIL_END,39,2,3.650784492492676e-07,-6.587058305740356e-05
exp12_search_edit_09,search_edit,canonical,1,DETAIL_END,39,2,-0.012722790241241455,-0.012817591428756714
exp12_search_edit_10,search_edit,canonical,0,DETAIL_END,39,2,1.2636184692382812e-05,4.902482032775879e-05
exp12_search_edit_10,search_edit,canonical,1,DETAIL_END,39,2,-9.620189666748047e-05,1.6391277313232422e-06
exp12_search_edit_12,search_edit,canonical,0,DETAIL_END,39,2,0.003175601363182068,-4.265457391738892e-06
exp12_search_edit_12,search_edit,canonical,1,DETAIL_END,39,2,-3.8743019104003906e-07,1.1622905731201172e-06
exp12_search_edit_13,search_edit,canonical,0,DETAIL_END,39,2,3.688037395477295e-07,-9.582936763763428e-05
exp12_search_edit_13,search_edit,canonical,1,DETAIL_END,39,2,-1.0251998901367188e-05,2.086162567138672e-07
exp12_search_edit_15,search_edit,canonical,0,DETAIL_END,39,2,5.917251110076904e-05,-2.2724270820617676e-07
exp12_search_edit_15,search_edit,canonical,1,DETAIL_END,39,2,-1.2218952178955078e-06,8.344650268554688e-07
exp12_search_edit_01,search_edit,canonical,0,ACTION0_END,39,2,-1.2293457984924316e-07,5.0440430641174316e-05
exp12_search_edit_01,search_edit,canonical,1,ACTION0_END,39,2,-5.960464477539062e-07,-3.6954879760742188e-06
exp12_search_edit_03,search_edit,canonical,0,ACTION0_END,39,2,0.010379217565059662,0.013594605028629303
exp12_search_edit_03,search_edit,canonical,1,ACTION0_END,39,2,-0.00037238001823425293,3.3676624298095703e-06
exp12_search_edit_05,search_edit,canonical,0,ACTION0_END,39,2,1.4632940292358398e-05,3.36281955242157e-05
exp12_search_edit_05,search_edit,canonical,1,ACTION0_END,39,2,-0.0026502013206481934,3.0606985092163086e-05
exp12_search_edit_09,search_edit,canonical,0,ACTION0_END,39,2,6.537884473800659e-05,0.0031274445354938507
exp12_search_edit_09,search_edit,canonical,1,ACTION0_END,39,2,-1.1324882507324219e-06,-8.064508438110352e-05
exp12_search_edit_10,search_edit,canonical,0,ACTION0_END,39,2,5.520880222320557e-06,7.902085781097412e-05
exp12_search_edit_10,search_edit,canonical,1,ACTION0_END,39,2,-0.007738351821899414,9.238719940185547e-07
exp12_search_edit_12,search_edit,canonical,0,ACTION0_END,39,2,4.395842552185059e-06,-5.6587159633636475e-06
exp12_search_edit_12,search_edit,canonical,1,ACTION0_END,39,2,-2.473592758178711e-06,-1.2487173080444336e-05
exp12_search_edit_13,search_edit,canonical,0,ACTION0_END,39,2,4.780292510986328e-05,4.68231737613678e-05
exp12_search_edit_13,search_edit,canonical,1,ACTION0_END,39,2,-1.1146068572998047e-05,0.0
exp12_search_edit_15,search_edit,canonical,0,ACTION0_END,39,2,-8.484348654747009e-05,0.0004856288433074951
exp12_search_edit_15,search_edit,canonical,1,ACTION0_END,39,2,-4.112720489501953e-06,1.0728836059570312e-06
exp12_search_edit_01,search_edit,canonical,0,ACTION1_END,39,2,-8.451566100120544e-05,-6.14263117313385e-05
exp12_search_edit_01,search_edit,canonical,1,ACTION1_END,39,2,3.2782554626464844e-07,-0.0127183198928833
exp12_search_edit_03,search_edit,canonical,0,ACTION1_END,39,2,8.262693881988525e-06,2.522021532058716e-06
exp12_search_edit_03,search_edit,canonical,1,ACTION1_END,39,2,-0.0003718435764312744,-0.007636040449142456
exp12_search_edit_05,search_edit,canonical,0,ACTION1_END,39,2,0.015834666788578033,0.0063287243247032166
exp12_search_edit_05,search_edit,canonical,1,ACTION1_END,39,2,0.007811784744262695,0.007840335369110107
exp12_search_edit_09,search_edit,canonical,0,ACTION1_END,39,2,5.76898455619812e-05,-6.826594471931458e-05
exp12_search_edit_09,search_edit,canonical,1,ACTION1_END,39,2,-0.012724578380584717,-8.121132850646973e-05
exp12_search_edit_10,search_edit,canonical,0,ACTION1_END,39,2,6.377696990966797e-06,-7.010996341705322e-06
exp12_search_edit_10,search_edit,canonical,1,ACTION1_END,39,2,7.200241088867188e-05,-0.00018423795700073242
exp12_search_edit_12,search_edit,canonical,0,ACTION1_END,39,2,7.364898920059204e-06,-6.73830509185791e-05
exp12_search_edit_12,search_edit,canonical,1,ACTION1_END,39,2,-1.1026859283447266e-06,-1.0758638381958008e-05
exp12_search_edit_13,search_edit,canonical,0,ACTION1_END,39,2,4.304945468902588e-05,-1.5906989574432373e-06
exp12_search_edit_13,search_edit,canonical,1,ACTION1_END,39,2,-1.099705696105957e-05,-0.013088732957839966
exp12_search_edit_15,search_edit,canonical,0,ACTION1_END,39,2,1.4528632164001465e-06,3.959983587265015e-06
exp12_search_edit_15,search_edit,canonical,1,ACTION1_END,39,2,-4.76837158203125e-07,-2.294778823852539e-06
exp12_search_edit_01,search_edit,canonical,0,FINAL_INSTRUCTION_END,39,2,-3.902241587638855e-05,1.9744038581848145e-07
exp12_search_edit_01,search_edit,canonical,1,FINAL_INSTRUCTION_END,39,2,8.344650268554688e-07,0.00022095441818237305
exp12_search_edit_03,search_edit,canonical,0,FINAL_INSTRUCTION_END,39,2,-0.003123287111520767,8.344650268554688e-07
exp12_search_edit_03,search_edit,canonical,1,FINAL_INSTRUCTION_END,39,2,-0.0003744363784790039,0.00017705559730529785
exp12_search_edit_05,search_edit,canonical,0,FINAL_INSTRUCTION_END,39,2,0.0031433627009391785,6.361305713653564e-05
exp12_search_edit_05,search_edit,canonical,1,FINAL_INSTRUCTION_END,39,2,-0.0022344887256622314,0.005611926317214966
exp12_search_edit_09,search_edit,canonical,0,FINAL_INSTRUCTION_END,39,2,-7.659196853637695e-06,1.7695128917694092e-06
exp12_search_edit_09,search_edit,canonical,1,FINAL_INSTRUCTION_END,39,2,-0.012724727392196655,0.012721657752990723
exp12_search_edit_10,search_edit,canonical,0,FINAL_INSTRUCTION_END,39,2,1.173466444015503e-05,-0.0032176896929740906
exp12_search_edit_10,search_edit,canonical,1,FINAL_INSTRUCTION_END,39,2,7.367134094238281e-05,0.004899322986602783
exp12_search_edit_12,search_edit,canonical,0,FINAL_INSTRUCTION_END,39,2,6.584823131561279e-05,-8.230656385421753e-05
exp12_search_edit_12,search_edit,canonical,1,FINAL_INSTRUCTION_END,39,2,-2.950429916381836e-06,2.086162567138672e-06
exp12_search_edit_13,search_edit,canonical,0,FINAL_INSTRUCTION_END,39,2,9.671598672866821e-05,-4.97475266456604e-05
exp12_search_edit_13,search_edit,canonical,1,FINAL_INSTRUCTION_END,39,2,-1.0728836059570312e-05,8.344650268554688e-07
exp12_search_edit_15,search_edit,canonical,0,FINAL_INSTRUCTION_END,39,2,2.2724270820617676e-06,0.003066517412662506
exp12_search_edit_15,search_edit,canonical,1,FINAL_INSTRUCTION_END,39,2,-6.556510925292969e-07,-1.0132789611816406e-06
exp12_search_edit_01,search_edit,canonical,0,USER_END,39,2,-3.902241587638855e-05,1.9744038581848145e-07
exp12_search_edit_01,search_edit,canonical,1,USER_END,39,2,8.344650268554688e-07,0.00022095441818237305
exp12_search_edit_03,search_edit,canonical,0,USER_END,39,2,-0.003123287111520767,8.344650268554688e-07
exp12_search_edit_03,search_edit,canonical,1,USER_END,39,2,-0.0003744363784790039,0.00017705559730529785
exp12_search_edit_05,search_edit,canonical,0,USER_END,39,2,0.0031433627009391785,6.361305713653564e-05
exp12_search_edit_05,search_edit,canonical,1,USER_END,39,2,-0.0022344887256622314,0.005611926317214966
exp12_search_edit_09,search_edit,canonical,0,USER_END,39,2,-7.659196853637695e-06,1.7695128917694092e-06
exp12_search_edit_09,search_edit,canonical,1,USER_END,39,2,-0.012724727392196655,0.012721657752990723
exp12_search_edit_10,search_edit,canonical,0,USER_END,39,2,1.173466444015503e-05,-0.0032176896929740906
exp12_search_edit_10,search_edit,canonical,1,USER_END,39,2,7.367134094238281e-05,0.004899322986602783
exp12_search_edit_12,search_edit,canonical,0,USER_END,39,2,6.584823131561279e-05,-8.230656385421753e-05
exp12_search_edit_12,search_edit,canonical,1,USER_END,39,2,-2.950429916381836e-06,2.086162567138672e-06
exp12_search_edit_13,search_edit,canonical,0,USER_END,39,2,9.671598672866821e-05,-4.97475266456604e-05
exp12_search_edit_13,search_edit,canonical,1,USER_END,39,2,-1.0728836059570312e-05,8.344650268554688e-07
exp12_search_edit_15,search_edit,canonical,0,USER_END,39,2,2.2724270820617676e-06,0.003066517412662506
exp12_search_edit_15,search_edit,canonical,1,USER_END,39,2,-6.556510925292969e-07,-1.0132789611816406e-06
exp12_search_edit_01,search_edit,canonical,0,GENERATION_BOUNDARY,39,2,0.11597580835223198,0.15469315648078918
exp12_search_edit_01,search_edit,canonical,1,GENERATION_BOUNDARY,39,2,0.17542770504951477,0.11291172355413437
exp12_search_edit_03,search_edit,canonical,0,GENERATION_BOUNDARY,39,2,0.11003218591213226,0.16744118928909302
exp12_search_edit_03,search_edit,canonical,1,GENERATION_BOUNDARY,39,2,0.18210428953170776,0.1099458858370781
exp12_search_edit_05,search_edit,canonical,0,GENERATION_BOUNDARY,39,2,0.10704043880105019,0.1602199375629425
exp12_search_edit_05,search_edit,canonical,1,GENERATION_BOUNDARY,39,2,0.15954998135566711,0.11325088143348694
exp12_search_edit_09,search_edit,canonical,0,GENERATION_BOUNDARY,39,2,0.10671785846352577,0.1758207380771637
exp12_search_edit_09,search_edit,canonical,1,GENERATION_BOUNDARY,39,2,0.1775311827659607,0.12633251771330833
exp12_search_edit_10,search_edit,canonical,0,GENERATION_BOUNDARY,39,2,0.12559899315238,0.18285101652145386
exp12_search_edit_10,search_edit,canonical,1,GENERATION_BOUNDARY,39,2,0.19757798314094543,0.12251048907637596
exp12_search_edit_12,search_edit,canonical,0,GENERATION_BOUNDARY,39,2,0.10605356097221375,0.1881990134716034
exp12_search_edit_12,search_edit,canonical,1,GENERATION_BOUNDARY,39,2,0.18328145146369934,0.11251287534832954
exp12_search_edit_13,search_edit,canonical,0,GENERATION_BOUNDARY,39,2,0.1172257587313652,0.1757965087890625
exp12_search_edit_13,search_edit,canonical,1,GENERATION_BOUNDARY,39,2,0.1696632206439972,0.11722847074270248
exp12_search_edit_15,search_edit,canonical,0,GENERATION_BOUNDARY,39,2,0.12910674884915352,0.16984401643276215
exp12_search_edit_15,search_edit,canonical,1,GENERATION_BOUNDARY,39,2,0.16972273588180542,0.12921520322561264
exp12_search_edit_01,search_edit,paraphrase,0,SKILL_END,39,2,2.942979335784912e-06,2.9280781745910645e-06
exp12_search_edit_01,search_edit,paraphrase,1,SKILL_END,39,2,-0.00024175643920898438,-1.940131187438965e-05
exp12_search_edit_03,search_edit,paraphrase,0,SKILL_END,39,2,-1.1533498764038086e-05,-7.703900337219238e-06
exp12_search_edit_03,search_edit,paraphrase,1,SKILL_END,39,2,1.9073486328125e-06,0.0001878887414932251
exp12_search_edit_05,search_edit,paraphrase,0,SKILL_END,39,2,0.0008973851799964905,-9.164214134216309e-07
exp12_search_edit_05,search_edit,paraphrase,1,SKILL_END,39,2,0.014862507581710815,2.1517276763916016e-05
exp12_search_edit_09,search_edit,paraphrase,0,SKILL_END,39,2,-0.0031848549842834473,-0.0003632456064224243
exp12_search_edit_09,search_edit,paraphrase,1,SKILL_END,39,2,-1.5050172805786133e-06,2.086162567138672e-06
exp12_search_edit_10,search_edit,paraphrase,0,SKILL_END,39,2,-0.003405153751373291,1.7285346984863281e-06
exp12_search_edit_10,search_edit,paraphrase,1,SKILL_END,39,2,-1.4454126358032227e-06,0.0002667754888534546
exp12_search_edit_12,search_edit,paraphrase,0,SKILL_END,39,2,1.856684684753418e-05,-9.109079837799072e-05
exp12_search_edit_12,search_edit,paraphrase,1,SKILL_END,39,2,-1.3560056686401367e-05,0.00037698447704315186
exp12_search_edit_13,search_edit,paraphrase,0,SKILL_END,39,2,1.8030405044555664e-06,-1.1682510375976562e-05
exp12_search_edit_13,search_edit,paraphrase,1,SKILL_END,39,2,2.8312206268310547e-06,1.4454126358032227e-06
exp12_search_edit_15,search_edit,paraphrase,0,SKILL_END,39,2,-5.7250261306762695e-05,-2.419203519821167e-05
exp12_search_edit_15,search_edit,paraphrase,1,SKILL_END,39,2,2.8312206268310547e-07,0.0010507404804229736
exp12_search_edit_01,search_edit,paraphrase,0,SYSTEM_END,39,2,-2.950429916381836e-06,4.090368747711182e-06
exp12_search_edit_01,search_edit,paraphrase,1,SYSTEM_END,39,2,-2.950429916381836e-06,1.564621925354004e-06
exp12_search_edit_03,search_edit,paraphrase,0,SYSTEM_END,39,2,-0.003141634166240692,1.4953315258026123e-05
exp12_search_edit_03,search_edit,paraphrase,1,SYSTEM_END,39,2,-0.00018715858459472656,-6.854534149169922e-07
exp12_search_edit_05,search_edit,paraphrase,0,SYSTEM_END,39,2,0.0008963271975517273,-3.5762786865234375e-07
exp12_search_edit_05,search_edit,paraphrase,1,SYSTEM_END,39,2,0.014646768569946289,-0.00022080540657043457
exp12_search_edit_09,search_edit,paraphrase,0,SYSTEM_END,39,2,-0.003184586763381958,-1.3709068298339844e-06
exp12_search_edit_09,search_edit,paraphrase,1,SYSTEM_END,39,2,-1.9818544387817383e-06,-8.791685104370117e-07
exp12_search_edit_10,search_edit,paraphrase,0,SYSTEM_END,39,2,-0.0033879727125167847,0.0031519830226898193
exp12_search_edit_10,search_edit,paraphrase,1,SYSTEM_END,39,2,0.0002624988555908203,-5.21540641784668e-07
exp12_search_edit_12,search_edit,paraphrase,0,SYSTEM_END,39,2,1.996755599975586e-06,-1.4901161193847656e-07
exp12_search_edit_12,search_edit,paraphrase,1,SYSTEM_END,39,2,-1.4990568161010742e-05,4.26173210144043e-06
exp12_search_edit_13,search_edit,paraphrase,0,SYSTEM_END,39,2,9.08970832824707e-07,-8.858740329742432e-05
exp12_search_edit_13,search_edit,paraphrase,1,SYSTEM_END,39,2,1.341104507446289e-06,8.642673492431641e-07
exp12_search_edit_15,search_edit,paraphrase,0,SYSTEM_END,39,2,-6.079673767089844e-05,0.003133714199066162
exp12_search_edit_15,search_edit,paraphrase,1,SYSTEM_END,39,2,0.0010610967874526978,1.9073486328125e-06
exp12_search_edit_01,search_edit,paraphrase,0,ISSUE_END,39,2,-2.7641654014587402e-06,0.003124937415122986
exp12_search_edit_01,search_edit,paraphrase,1,ISSUE_END,39,2,1.6480684280395508e-05,1.761317253112793e-05
exp12_search_edit_03,search_edit,paraphrase,0,ISSUE_END,39,2,1.9222497940063477e-06,5.386769771575928e-06
exp12_search_edit_03,search_edit,paraphrase,1,ISSUE_END,39,2,-2.652406692504883e-06,2.3543834686279297e-06
exp12_search_edit_05,search_edit,paraphrase,0,ISSUE_END,39,2,0.0011505857110023499,0.0031249970197677612
exp12_search_edit_05,search_edit,paraphrase,1,ISSUE_END,39,2,-3.7848949432373047e-06,3.9577484130859375e-05
exp12_search_edit_09,search_edit,paraphrase,0,ISSUE_END,39,2,-0.0031845420598983765,-4.112720489501953e-06
exp12_search_edit_09,search_edit,paraphrase,1,ISSUE_END,39,2,-9.387731552124023e-07,-2.8312206268310547e-06
exp12_search_edit_10,search_edit,paraphrase,0,ISSUE_END,39,2,-0.0033864378929138184,-2.9206275939941406e-05
exp12_search_edit_10,search_edit,paraphrase,1,ISSUE_END,39,2,-8.046627044677734e-07,-8.493661880493164e-07
exp12_search_edit_12,search_edit,paraphrase,0,ISSUE_END,39,2,9.393692016601562e-05,-1.385807991027832e-05
exp12_search_edit_12,search_edit,paraphrase,1,ISSUE_END,39,2,-1.7210841178894043e-05,8.791685104370117e-07
exp12_search_edit_13,search_edit,paraphrase,0,ISSUE_END,39,2,8.791685104370117e-07,-4.1425228118896484e-06
exp12_search_edit_13,search_edit,paraphrase,1,ISSUE_END,39,2,0.012918204069137573,-1.1324882507324219e-06
exp12_search_edit_15,search_edit,paraphrase,0,ISSUE_END,39,2,-5.9761106967926025e-05,6.07222318649292e-05
exp12_search_edit_15,search_edit,paraphrase,1,ISSUE_END,39,2,0.001061752438545227,1.9818544387817383e-05
exp12_search_edit_01,search_edit,paraphrase,0,DETAIL_END,39,2,3.5241246223449707e-06,-0.0002126246690750122
exp12_search_edit_01,search_edit,paraphrase,1,DETAIL_END,39,2,-5.811452865600586e-07,1.932680606842041e-05
exp12_search_edit_03,search_edit,paraphrase,0,DETAIL_END,39,2,-0.0031401365995407104,4.06801700592041e-06
exp12_search_edit_03,search_edit,paraphrase,1,DETAIL_END,39,2,-3.9637088775634766e-06,-1.430511474609375e-06
exp12_search_edit_05,search_edit,paraphrase,0,DETAIL_END,39,2,0.0008956268429756165,-6.236135959625244e-06
exp12_search_edit_05,search_edit,paraphrase,1,DETAIL_END,39,2,0.014859452843666077,-5.21540641784668e-07
exp12_search_edit_09,search_edit,paraphrase,0,DETAIL_END,39,2,-0.0031259506940841675,5.924701690673828e-05
exp12_search_edit_09,search_edit,paraphrase,1,DETAIL_END,39,2,-1.1175870895385742e-06,-3.427267074584961e-07
exp12_search_edit_10,search_edit,paraphrase,0,DETAIL_END,39,2,-0.003408104181289673,-0.0033874958753585815
exp12_search_edit_10,search_edit,paraphrase,1,DETAIL_END,39,2,0.0002635866403579712,-0.00026308000087738037
exp12_search_edit_12,search_edit,paraphrase,0,DETAIL_END,39,2,2.1725893020629883e-05,1.5184283256530762e-05
exp12_search_edit_12,search_edit,paraphrase,1,DETAIL_END,39,2,-4.470348358154297e-08,-1.7330050468444824e-05
exp12_search_edit_13,search_edit,paraphrase,0,DETAIL_END,39,2,-9.018182754516602e-05,-2.8908252716064453e-06
exp12_search_edit_13,search_edit,paraphrase,1,DETAIL_END,39,2,-2.8312206268310547e-07,-8.046627044677734e-07
exp12_search_edit_15,search_edit,paraphrase,0,DETAIL_END,39,2,-5.81890344619751e-05,0.011272013187408447
exp12_search_edit_15,search_edit,paraphrase,1,DETAIL_END,39,2,0.0010608285665512085,0.00023087859153747559
exp12_search_edit_01,search_edit,paraphrase,0,ACTION0_END,39,2,2.7492642402648926e-06,4.470348358154297e-07
exp12_search_edit_01,search_edit,paraphrase,1,ACTION0_END,39,2,-5.066394805908203e-07,-1.8134713172912598e-05
exp12_search_edit_03,search_edit,paraphrase,0,ACTION0_END,39,2,1.1168420314788818e-05,0.003125689923763275
exp12_search_edit_03,search_edit,paraphrase,1,ACTION0_END,39,2,-1.786649227142334e-05,0.00018642842769622803
exp12_search_edit_05,search_edit,paraphrase,0,ACTION0_END,39,2,0.0008968636393547058,2.0116567611694336e-07
exp12_search_edit_05,search_edit,paraphrase,1,ACTION0_END,39,2,9.685754776000977e-07,-4.234910011291504e-05
exp12_search_edit_09,search_edit,paraphrase,0,ACTION0_END,39,2,-0.003186732530593872,-0.00034837424755096436
exp12_search_edit_09,search_edit,paraphrase,1,ACTION0_END,39,2,-5.558133125305176e-06,-2.726912498474121e-06
exp12_search_edit_10,search_edit,paraphrase,0,ACTION0_END,39,2,-0.0034076571464538574,0.0033840835094451904
exp12_search_edit_10,search_edit,paraphrase,1,ACTION0_END,39,2,0.0002622455358505249,-5.662441253662109e-07
exp12_search_edit_12,search_edit,paraphrase,0,ACTION0_END,39,2,-1.8775463104248047e-06,2.905726432800293e-06
exp12_search_edit_12,search_edit,paraphrase,1,ACTION0_END,39,2,-1.68532133102417e-05,-4.500150680541992e-05
exp12_search_edit_13,search_edit,paraphrase,0,ACTION0_END,39,2,2.115964889526367e-06,-8.895993232727051e-05
exp12_search_edit_13,search_edit,paraphrase,1,ACTION0_END,39,2,0.012917503714561462,-0.012911006808280945
exp12_search_edit_15,search_edit,paraphrase,0,ACTION0_END,39,2,-5.717575550079346e-05,-7.37607479095459e-07
exp12_search_edit_15,search_edit,paraphrase,1,ACTION0_END,39,2,0.001076534390449524,1.043081283569336e-06
exp12_search_edit_01,search_edit,paraphrase,0,ACTION1_END,39,2,-1.7136335372924805e-06,-3.0100345611572266e-06
exp12_search_edit_01,search_edit,paraphrase,1,ACTION1_END,39,2,1.893937587738037e-05,-0.00024141371250152588
exp12_search_edit_03,search_edit,paraphrase,0,ACTION1_END,39,2,-0.0031180083751678467,-2.130866050720215e-06
exp12_search_edit_03,search_edit,paraphrase,1,ACTION1_END,39,2,-0.00020682811737060547,8.642673492431641e-07
exp12_search_edit_05,search_edit,paraphrase,0,ACTION1_END,39,2,0.0011472105979919434,0.00028058886528015137
exp12_search_edit_05,search_edit,paraphrase,1,ACTION1_END,39,2,0.0015058815479278564,1.043081283569336e-06
exp12_search_edit_09,search_edit,paraphrase,0,ACTION1_END,39,2,-0.0031805336475372314,0.0006222277879714966
exp12_search_edit_09,search_edit,paraphrase,1,ACTION1_END,39,2,-1.8775463104248047e-06,3.2335519790649414e-06
exp12_search_edit_10,search_edit,paraphrase,0,ACTION1_END,39,2,-0.0031455159187316895,-0.0031192004680633545
exp12_search_edit_10,search_edit,paraphrase,1,ACTION1_END,39,2,0.0002617388963699341,0.0002635568380355835
exp12_search_edit_12,search_edit,paraphrase,0,ACTION1_END,39,2,2.5331974029541016e-06,-1.0311603546142578e-05
exp12_search_edit_12,search_edit,paraphrase,1,ACTION1_END,39,2,1.7583370208740234e-06,1.341104507446289e-06
exp12_search_edit_13,search_edit,paraphrase,0,ACTION1_END,39,2,-9.194016456604004e-05,-3.6284327507019043e-06
exp12_search_edit_13,search_edit,paraphrase,1,ACTION1_END,39,2,2.339482307434082e-06,-8.046627044677734e-07
exp12_search_edit_15,search_edit,paraphrase,0,ACTION1_END,39,2,-5.663186311721802e-05,1.8551945686340332e-06
exp12_search_edit_15,search_edit,paraphrase,1,ACTION1_END,39,2,0.0010778307914733887,0.0010603219270706177
exp12_search_edit_01,search_edit,paraphrase,0,FINAL_INSTRUCTION_END,39,2,0.00020709633827209473,4.4852495193481445e-06
exp12_search_edit_01,search_edit,paraphrase,1,FINAL_INSTRUCTION_END,39,2,1.7508864402770996e-05,-3.725290298461914e-07
exp12_search_edit_03,search_edit,paraphrase,0,FINAL_INSTRUCTION_END,39,2,-0.0031342357397079468,0.011199116706848145
exp12_search_edit_03,search_edit,paraphrase,1,FINAL_INSTRUCTION_END,39,2,-0.00018872320652008057,-0.006574258208274841
exp12_search_edit_05,search_edit,paraphrase,0,FINAL_INSTRUCTION_END,39,2,0.0008945390582084656,-0.0031236782670021057
exp12_search_edit_05,search_edit,paraphrase,1,FINAL_INSTRUCTION_END,39,2,0.014645427465438843,4.470348358154297e-06
exp12_search_edit_09,search_edit,paraphrase,0,FINAL_INSTRUCTION_END,39,2,-0.006311669945716858,-6.13480806350708e-05
exp12_search_edit_09,search_edit,paraphrase,1,FINAL_INSTRUCTION_END,39,2,-1.1175870895385742e-06,-1.8358230590820312e-05
exp12_search_edit_10,search_edit,paraphrase,0,FINAL_INSTRUCTION_END,39,2,-0.003123953938484192,6.173551082611084e-05
exp12_search_edit_10,search_edit,paraphrase,1,FINAL_INSTRUCTION_END,39,2,1.1771917343139648e-06,-2.0712614059448242e-05
exp12_search_edit_12,search_edit,paraphrase,0,FINAL_INSTRUCTION_END,39,2,9.873509407043457e-05,-1.6540288925170898e-06
exp12_search_edit_12,search_edit,paraphrase,1,FINAL_INSTRUCTION_END,39,2,-1.563131809234619e-05,-4.83393669128418e-05
exp12_search_edit_13,search_edit,paraphrase,0,FINAL_INSTRUCTION_END,39,2,7.897615432739258e-07,-0.0033454224467277527
exp12_search_edit_13,search_edit,paraphrase,1,FINAL_INSTRUCTION_END,39,2,3.3080577850341797e-06,-2.250075340270996e-06
exp12_search_edit_15,search_edit,paraphrase,0,FINAL_INSTRUCTION_END,39,2,-0.01553557813167572,2.980232238769531e-07
exp12_search_edit_15,search_edit,paraphrase,1,FINAL_INSTRUCTION_END,39,2,0.0010600835084915161,-4.172325134277344e-07
exp12_search_edit_01,search_edit,paraphrase,0,USER_END,39,2,0.00020709633827209473,4.4852495193481445e-06
exp12_search_edit_01,search_edit,paraphrase,1,USER_END,39,2,1.7508864402770996e-05,-3.725290298461914e-07
exp12_search_edit_03,search_edit,paraphrase,0,USER_END,39,2,-0.0031342357397079468,0.011199116706848145
exp12_search_edit_03,search_edit,paraphrase,1,USER_END,39,2,-0.00018872320652008057,-0.006574258208274841
exp12_search_edit_05,search_edit,paraphrase,0,USER_END,39,2,0.0008945390582084656,-0.0031236782670021057
exp12_search_edit_05,search_edit,paraphrase,1,USER_END,39,2,0.014645427465438843,4.470348358154297e-06
exp12_search_edit_09,search_edit,paraphrase,0,USER_END,39,2,-0.006311669945716858,-6.13480806350708e-05
exp12_search_edit_09,search_edit,paraphrase,1,USER_END,39,2,-1.1175870895385742e-06,-1.8358230590820312e-05
exp12_search_edit_10,search_edit,paraphrase,0,USER_END,39,2,-0.003123953938484192,6.173551082611084e-05
exp12_search_edit_10,search_edit,paraphrase,1,USER_END,39,2,1.1771917343139648e-06,-2.0712614059448242e-05
exp12_search_edit_12,search_edit,paraphrase,0,USER_END,39,2,9.873509407043457e-05,-1.6540288925170898e-06
exp12_search_edit_12,search_edit,paraphrase,1,USER_END,39,2,-1.563131809234619e-05,-4.83393669128418e-05
exp12_search_edit_13,search_edit,paraphrase,0,USER_END,39,2,7.897615432739258e-07,-0.0033454224467277527
exp12_search_edit_13,search_edit,paraphrase,1,USER_END,39,2,3.3080577850341797e-06,-2.250075340270996e-06
exp12_search_edit_15,search_edit,paraphrase,0,USER_END,39,2,-0.01553557813167572,2.980232238769531e-07
exp12_search_edit_15,search_edit,paraphrase,1,USER_END,39,2,0.0010600835084915161,-4.172325134277344e-07
exp12_search_edit_01,search_edit,paraphrase,0,GENERATION_BOUNDARY,39,2,0.10152314603328705,0.04097600281238556
exp12_search_edit_01,search_edit,paraphrase,1,GENERATION_BOUNDARY,39,2,0.053715795278549194,0.11432794481515884
exp12_search_edit_03,search_edit,paraphrase,0,GENERATION_BOUNDARY,39,2,0.09376521408557892,0.046174272894859314
exp12_search_edit_03,search_edit,paraphrase,1,GENERATION_BOUNDARY,39,2,0.03166724741458893,0.10021843761205673
exp12_search_edit_05,search_edit,paraphrase,0,GENERATION_BOUNDARY,39,2,0.09800168126821518,0.03895922005176544
exp12_search_edit_05,search_edit,paraphrase,1,GENERATION_BOUNDARY,39,2,0.040499523282051086,0.09689893573522568
exp12_search_edit_09,search_edit,paraphrase,0,GENERATION_BOUNDARY,39,2,0.0824517160654068,0.025509342551231384
exp12_search_edit_09,search_edit,paraphrase,1,GENERATION_BOUNDARY,39,2,0.04027779400348663,0.08596131950616837
exp12_search_edit_10,search_edit,paraphrase,0,GENERATION_BOUNDARY,39,2,0.09036359190940857,0.025902584195137024
exp12_search_edit_10,search_edit,paraphrase,1,GENERATION_BOUNDARY,39,2,0.04071630537509918,0.09656772017478943
exp12_search_edit_12,search_edit,paraphrase,0,GENERATION_BOUNDARY,39,2,0.09348705410957336,0.03884202241897583
exp12_search_edit_12,search_edit,paraphrase,1,GENERATION_BOUNDARY,39,2,0.040936410427093506,0.10311377048492432
exp12_search_edit_13,search_edit,paraphrase,0,GENERATION_BOUNDARY,39,2,0.08219224959611893,0.041429609060287476
exp12_search_edit_13,search_edit,paraphrase,1,GENERATION_BOUNDARY,39,2,0.03904798626899719,0.0916525349020958
exp12_search_edit_15,search_edit,paraphrase,0,GENERATION_BOUNDARY,39,2,0.09185624867677689,0.040837422013282776
exp12_search_edit_15,search_edit,paraphrase,1,GENERATION_BOUNDARY,39,2,0.05306142568588257,0.10835204273462296
exp12_config_command_03,config_command,canonical,0,SKILL_END,39,2,0.004880629479885101,0.00012217462062835693
exp12_config_command_03,config_command,canonical,1,SKILL_END,39,2,-0.006249561905860901,0.004655465483665466
exp12_config_command_05,config_command,canonical,0,SKILL_END,39,2,-0.011884883046150208,2.339482307434082e-06
exp12_config_command_05,config_command,canonical,1,SKILL_END,39,2,1.6391277313232422e-06,-6.854534149169922e-07
exp12_config_command_06,config_command,canonical,0,SKILL_END,39,2,4.6193599700927734e-07,0.012021481990814209
exp12_config_command_06,config_command,canonical,1,SKILL_END,39,2,-1.2814998626708984e-06,0.011097878217697144
exp12_config_command_08,config_command,canonical,0,SKILL_END,39,2,2.816319465637207e-06,-8.907914161682129e-05
exp12_config_command_08,config_command,canonical,1,SKILL_END,39,2,-4.500150680541992e-06,-1.0281801223754883e-06
exp12_config_command_09,config_command,canonical,0,SKILL_END,39,2,-5.066394805908203e-06,1.1324882507324219e-06
exp12_config_command_09,config_command,canonical,1,SKILL_END,39,2,-9.526312351226807e-05,-1.9222497940063477e-06
exp12_config_command_10,config_command,canonical,0,SKILL_END,39,2,-7.590651512145996e-05,2.3692846298217773e-06
exp12_config_command_10,config_command,canonical,1,SKILL_END,39,2,-0.006245732307434082,1.6689300537109375e-06
exp12_config_command_11,config_command,canonical,0,SKILL_END,39,2,-0.000257343053817749,0.005297631025314331
exp12_config_command_11,config_command,canonical,1,SKILL_END,39,2,-0.004857778549194336,0.004903733730316162
exp12_config_command_12,config_command,canonical,0,SKILL_END,39,2,7.495284080505371e-06,-2.753734588623047e-05
exp12_config_command_12,config_command,canonical,1,SKILL_END,39,2,1.1324882507324219e-06,0.006246283650398254
exp12_config_command_03,config_command,canonical,0,SYSTEM_END,39,2,0.004806086421012878,-1.2665987014770508e-07
exp12_config_command_03,config_command,canonical,1,SYSTEM_END,39,2,4.902482032775879e-06,0.0015878826379776
exp12_config_command_05,config_command,canonical,0,SYSTEM_END,39,2,-0.0009277462959289551,-7.450580596923828e-08
exp12_config_command_05,config_command,canonical,1,SYSTEM_END,39,2,7.748603820800781e-07,-1.4901161193847656e-07
exp12_config_command_06,config_command,canonical,0,SYSTEM_END,39,2,3.8743019104003906e-07,0.012021839618682861
exp12_config_command_06,config_command,canonical,1,SYSTEM_END,39,2,-0.0,-9.834766387939453e-07
exp12_config_command_08,config_command,canonical,0,SYSTEM_END,39,2,7.167458534240723e-05,4.470348358154297e-08
exp12_config_command_08,config_command,canonical,1,SYSTEM_END,39,2,-0.006283417344093323,-3.3527612686157227e-05
exp12_config_command_09,config_command,canonical,0,SYSTEM_END,39,2,0.0,-1.1920928955078125e-07
exp12_config_command_09,config_command,canonical,1,SYSTEM_END,39,2,2.6673078536987305e-06,-0.009741201996803284
exp12_config_command_10,config_command,canonical,0,SYSTEM_END,39,2,-7.593631744384766e-05,0.004809871315956116
exp12_config_command_10,config_command,canonical,1,SYSTEM_END,39,2,7.450580596923828e-06,-5.960464477539063e-08
exp12_config_command_11,config_command,canonical,0,SYSTEM_END,39,2,6.943941116333008e-06,0.0004919767379760742
exp12_config_command_11,config_command,canonical,1,SYSTEM_END,39,2,-1.7285346984863281e-06,-6.3478946685791016e-06
exp12_config_command_12,config_command,canonical,0,SYSTEM_END,39,2,-8.940696716308594e-08,0.00035941600799560547
exp12_config_command_12,config_command,canonical,1,SYSTEM_END,39,2,-4.030764102935791e-05,-1.5497207641601562e-06
exp12_config_command_03,config_command,canonical,0,ISSUE_END,39,2,0.004912383854389191,-0.00010418146848678589
exp12_config_command_03,config_command,canonical,1,ISSUE_END,39,2,-1.0281801223754883e-06,1.8477439880371094e-06
exp12_config_command_05,config_command,canonical,0,ISSUE_END,39,2,-0.011883467435836792,-0.011882096529006958
exp12_config_command_05,config_command,canonical,1,ISSUE_END,39,2,7.450580596923828e-07,-7.450580596923828e-07
exp12_config_command_06,config_command,canonical,0,ISSUE_END,39,2,1.5497207641601562e-06,1.043081283569336e-07
exp12_config_command_06,config_command,canonical,1,ISSUE_END,39,2,-2.980232238769531e-07,-0.0014016926288604736
exp12_config_command_08,config_command,canonical,0,ISSUE_END,39,2,-1.665949821472168e-05,-4.023313522338867e-07
exp12_config_command_08,config_command,canonical,1,ISSUE_END,39,2,-0.006282538175582886,1.043081283569336e-07
exp12_config_command_09,config_command,canonical,0,ISSUE_END,39,2,-3.7103891372680664e-06,-1.341104507446289e-07
exp12_config_command_09,config_command,canonical,1,ISSUE_END,39,2,1.1324882507324219e-06,-0.009746864438056946
exp12_config_command_10,config_command,canonical,0,ISSUE_END,39,2,-7.59512186050415e-05,-7.577240467071533e-05
exp12_config_command_10,config_command,canonical,1,ISSUE_END,39,2,3.159046173095703e-06,-8.493661880493164e-07
exp12_config_command_11,config_command,canonical,0,ISSUE_END,39,2,0.0002311915159225464,-3.725290298461914e-06
exp12_config_command_11,config_command,canonical,1,ISSUE_END,39,2,-0.004857420921325684,0.004856616258621216
exp12_config_command_12,config_command,canonical,0,ISSUE_END,39,2,2.8908252716064453e-06,0.004807561635971069
exp12_config_command_12,config_command,canonical,1,ISSUE_END,39,2,3.7997961044311523e-06,-9.924173355102539e-06
exp12_config_command_03,config_command,canonical,0,DETAIL_END,39,2,0.004789359867572784,-0.00688016414642334
exp12_config_command_03,config_command,canonical,1,DETAIL_END,39,2,3.4868717193603516e-06,-5.21540641784668e-06
exp12_config_command_05,config_command,canonical,0,DETAIL_END,39,2,-2.3692846298217773e-06,2.2351741790771484e-07
exp12_config_command_05,config_command,canonical,1,DETAIL_END,39,2,5.662441253662109e-07,-1.7881393432617188e-07
exp12_config_command_06,config_command,canonical,0,DETAIL_END,39,2,-8.940696716308594e-08,-3.844499588012695e-06
exp12_config_command_06,config_command,canonical,1,DETAIL_END,39,2,-9.179115295410156e-06,-1.7076730728149414e-05
exp12_config_command_08,config_command,canonical,0,DETAIL_END,39,2,5.811452865600586e-07,2.3990869522094727e-06
exp12_config_command_08,config_command,canonical,1,DETAIL_END,39,2,-3.2335519790649414e-06,-2.2351741790771484e-07
exp12_config_command_09,config_command,canonical,0,DETAIL_END,39,2,6.556510925292969e-07,1.043081283569336e-06
exp12_config_command_09,config_command,canonical,1,DETAIL_END,39,2,-2.4437904357910156e-06,2.3543834686279297e-06
exp12_config_command_10,config_command,canonical,0,DETAIL_END,39,2,-7.605552673339844e-05,-0.004888609051704407
exp12_config_command_10,config_command,canonical,1,DETAIL_END,39,2,5.967915058135986e-05,-9.98377799987793e-07
exp12_config_command_11,config_command,canonical,0,DETAIL_END,39,2,1.5348196029663086e-06,-0.00504031777381897
exp12_config_command_11,config_command,canonical,1,DETAIL_END,39,2,2.9802322387695312e-08,-2.384185791015625e-07
exp12_config_command_12,config_command,canonical,0,DETAIL_END,39,2,6.020069122314453e-06,-2.60770320892334e-06
exp12_config_command_12,config_command,canonical,1,DETAIL_END,39,2,-4.1618943214416504e-05,1.8924474716186523e-06
exp12_config_command_03,config_command,canonical,0,ACTION0_END,39,2,0.0048986151814460754,-4.023313522338867e-07
exp12_config_command_03,config_command,canonical,1,ACTION0_END,39,2,5.5283308029174805e-06,-2.5033950805664062e-06
exp12_config_command_05,config_command,canonical,0,ACTION0_END,39,2,-0.0009284019470214844,0.0009245723485946655
exp12_config_command_05,config_command,canonical,1,ACTION0_END,39,2,1.043081283569336e-06,-4.172325134277344e-07
exp12_config_command_06,config_command,canonical,0,ACTION0_END,39,2,4.76837158203125e-07,0.0
exp12_config_command_06,config_command,canonical,1,ACTION0_END,39,2,5.960464477539063e-08,-8.344650268554688e-07
exp12_config_command_08,config_command,canonical,0,ACTION0_END,39,2,-2.3618340492248535e-05,-1.634657382965088e-05
exp12_config_command_08,config_command,canonical,1,ACTION0_END,39,2,-3.844499588012695e-05,-2.3096799850463867e-06
exp12_config_command_09,config_command,canonical,0,ACTION0_END,39,2,-1.6093254089355469e-06,2.384185791015625e-07
exp12_config_command_09,config_command,canonical,1,ACTION0_END,39,2,4.26173210144043e-06,-2.8759241104125977e-06
exp12_config_command_10,config_command,canonical,0,ACTION0_END,39,2,0.004733145236968994,-1.3113021850585938e-06
exp12_config_command_10,config_command,canonical,1,ACTION0_END,39,2,5.4955482482910156e-05,-0.004915878176689148
exp12_config_command_11,config_command,canonical,0,ACTION0_END,39,2,4.6193599700927734e-06,-2.5331974029541016e-07
exp12_config_command_11,config_command,canonical,1,ACTION0_END,39,2,1.4901161193847656e-07,-2.2351741790771484e-06
exp12_config_command_12,config_command,canonical,0,ACTION0_END,39,2,-0.004740506410598755,-3.129243850708008e-07
exp12_config_command_12,config_command,canonical,1,ACTION0_END,39,2,-4.360079765319824e-05,0.00624258816242218
exp12_config_command_03,config_command,canonical,0,ACTION1_END,39,2,0.01179126650094986,2.7418136596679688e-05
exp12_config_command_03,config_command,canonical,1,ACTION1_END,39,2,3.7103891372680664e-06,-2.6226043701171875e-06
exp12_config_command_05,config_command,canonical,0,ACTION1_END,39,2,-0.0009277462959289551,-2.8312206268310547e-07
exp12_config_command_05,config_command,canonical,1,ACTION1_END,39,2,4.0650367736816406e-05,-3.790855407714844e-05
exp12_config_command_06,config_command,canonical,0,ACTION1_END,39,2,2.2351741790771484e-06,2.384185791015625e-07
exp12_config_command_06,config_command,canonical,1,ACTION1_END,39,2,-4.76837158203125e-07,-2.294778823852539e-06
exp12_config_command_08,config_command,canonical,0,ACTION1_END,39,2,-2.5331974029541016e-07,7.067620754241943e-05
exp12_config_command_08,config_command,canonical,1,ACTION1_END,39,2,6.556510925292969e-07,-3.263354301452637e-05
exp12_config_command_09,config_command,canonical,0,ACTION1_END,39,2,-2.9802322387695312e-06,-7.599592208862305e-07
exp12_config_command_09,config_command,canonical,1,ACTION1_END,39,2,3.904104232788086e-06,-9.098649024963379e-05
exp12_config_command_10,config_command,canonical,0,ACTION1_END,39,2,0.004811078310012817,-8.694827556610107e-05
exp12_config_command_10,config_command,canonical,1,ACTION1_END,39,2,4.4852495193481445e-06,-3.427267074584961e-07
exp12_config_command_11,config_command,canonical,0,ACTION1_END,39,2,2.7418136596679688e-06,-3.933906555175781e-06
exp12_config_command_11,config_command,canonical,1,ACTION1_END,39,2,8.940696716308594e-08,-0.006182372570037842
exp12_config_command_12,config_command,canonical,0,ACTION1_END,39,2,9.387731552124023e-07,-7.256865501403809e-06
exp12_config_command_12,config_command,canonical,1,ACTION1_END,39,2,-6.556510925292969e-07,-4.604458808898926e-05
exp12_config_command_03,config_command,canonical,0,FINAL_INSTRUCTION_END,39,2,0.011793605983257294,0.003927454352378845
exp12_config_command_03,config_command,canonical,1,FINAL_INSTRUCTION_END,39,2,-0.001597970724105835,-2.682209014892578e-06
exp12_config_command_05,config_command,canonical,0,FINAL_INSTRUCTION_END,39,2,-0.000929713249206543,2.086162567138672e-07
exp12_config_command_05,config_command,canonical,1,FINAL_INSTRUCTION_END,39,2,7.152557373046875e-07,-5.125999450683594e-06
exp12_config_command_06,config_command,canonical,0,FINAL_INSTRUCTION_END,39,2,-0.005964890122413635,2.384185791015625e-07
exp12_config_command_06,config_command,canonical,1,FINAL_INSTRUCTION_END,39,2,-2.0563602447509766e-06,0.0048503875732421875
exp12_config_command_08,config_command,canonical,0,FINAL_INSTRUCTION_END,39,2,8.642673492431641e-07,3.6209821701049805e-06
exp12_config_command_08,config_command,canonical,1,FINAL_INSTRUCTION_END,39,2,-0.006246879696846008,0.006246715784072876
exp12_config_command_09,config_command,canonical,0,FINAL_INSTRUCTION_END,39,2,5.21540641784668e-07,0.0010890215635299683
exp12_config_command_09,config_command,canonical,1,FINAL_INSTRUCTION_END,39,2,4.127621650695801e-06,3.2782554626464844e-07
exp12_config_command_10,config_command,canonical,0,FINAL_INSTRUCTION_END,39,2,-7.703900337219238e-05,-8.791685104370117e-07
exp12_config_command_10,config_command,canonical,1,FINAL_INSTRUCTION_END,39,2,3.3229589462280273e-06,-7.18235969543457e-06
exp12_config_command_11,config_command,canonical,0,FINAL_INSTRUCTION_END,39,2,0.004809707403182983,0.004811331629753113
exp12_config_command_11,config_command,canonical,1,FINAL_INSTRUCTION_END,39,2,-2.086162567138672e-07,4.231929779052734e-06
exp12_config_command_12,config_command,canonical,0,FINAL_INSTRUCTION_END,39,2,8.195638656616211e-07,7.897615432739258e-07
exp12_config_command_12,config_command,canonical,1,FINAL_INSTRUCTION_END,39,2,-4.48375940322876e-05,-3.3229589462280273e-06
exp12_config_command_03,config_command,canonical,0,USER_END,39,2,0.011793605983257294,0.003927454352378845
exp12_config_command_03,config_command,canonical,1,USER_END,39,2,-0.001597970724105835,-2.682209014892578e-06
exp12_config_command_05,config_command,canonical,0,USER_END,39,2,-0.000929713249206543,2.086162567138672e-07
exp12_config_command_05,config_command,canonical,1,USER_END,39,2,7.152557373046875e-07,-5.125999450683594e-06
exp12_config_command_06,config_command,canonical,0,USER_END,39,2,-0.005964890122413635,2.384185791015625e-07
exp12_config_command_06,config_command,canonical,1,USER_END,39,2,-2.0563602447509766e-06,0.0048503875732421875
exp12_config_command_08,config_command,canonical,0,USER_END,39,2,8.642673492431641e-07,3.6209821701049805e-06
exp12_config_command_08,config_command,canonical,1,USER_END,39,2,-0.006246879696846008,0.006246715784072876
exp12_config_command_09,config_command,canonical,0,USER_END,39,2,5.21540641784668e-07,0.0010890215635299683
exp12_config_command_09,config_command,canonical,1,USER_END,39,2,4.127621650695801e-06,3.2782554626464844e-07
exp12_config_command_10,config_command,canonical,0,USER_END,39,2,-7.703900337219238e-05,-8.791685104370117e-07
exp12_config_command_10,config_command,canonical,1,USER_END,39,2,3.3229589462280273e-06,-7.18235969543457e-06
exp12_config_command_11,config_command,canonical,0,USER_END,39,2,0.004809707403182983,0.004811331629753113
exp12_config_command_11,config_command,canonical,1,USER_END,39,2,-2.086162567138672e-07,4.231929779052734e-06
exp12_config_command_12,config_command,canonical,0,USER_END,39,2,8.195638656616211e-07,7.897615432739258e-07
exp12_config_command_12,config_command,canonical,1,USER_END,39,2,-4.48375940322876e-05,-3.3229589462280273e-06
exp12_config_command_03,config_command,canonical,0,GENERATION_BOUNDARY,39,2,0.250749833881855,0.14131325483322144
exp12_config_command_03,config_command,canonical,1,GENERATION_BOUNDARY,39,2,0.10733282566070557,0.22002527117729187
exp12_config_command_05,config_command,canonical,0,GENERATION_BOUNDARY,39,2,0.21580719947814941,0.1412850171327591
exp12_config_command_05,config_command,canonical,1,GENERATION_BOUNDARY,39,2,0.11414280533790588,0.19580180943012238
exp12_config_command_06,config_command,canonical,0,GENERATION_BOUNDARY,39,2,0.20336520671844482,0.11809548735618591
exp12_config_command_06,config_command,canonical,1,GENERATION_BOUNDARY,39,2,0.1063169538974762,0.18440136313438416
exp12_config_command_08,config_command,canonical,0,GENERATION_BOUNDARY,39,2,0.230023592710495,0.1344299614429474
exp12_config_command_08,config_command,canonical,1,GENERATION_BOUNDARY,39,2,0.12303054332733154,0.21148717403411865
exp12_config_command_09,config_command,canonical,0,GENERATION_BOUNDARY,39,2,0.21144945919513702,0.1393878161907196
exp12_config_command_09,config_command,canonical,1,GENERATION_BOUNDARY,39,2,0.11922621726989746,0.18426313996315002
exp12_config_command_10,config_command,canonical,0,GENERATION_BOUNDARY,39,2,0.20332923531532288,0.12778472900390625
exp12_config_command_10,config_command,canonical,1,GENERATION_BOUNDARY,39,2,0.11674574017524719,0.19624066352844238
exp12_config_command_11,config_command,canonical,0,GENERATION_BOUNDARY,39,2,0.23416827619075775,0.13367721438407898
exp12_config_command_11,config_command,canonical,1,GENERATION_BOUNDARY,39,2,0.10973009467124939,0.19385257363319397
exp12_config_command_12,config_command,canonical,0,GENERATION_BOUNDARY,39,2,0.20801804959774017,0.12896208465099335
exp12_config_command_12,config_command,canonical,1,GENERATION_BOUNDARY,39,2,0.09912355244159698,0.20093654096126556
exp12_config_command_03,config_command,paraphrase,0,SKILL_END,39,2,-1.1473894119262695e-06,9.238719940185547e-07
exp12_config_command_03,config_command,paraphrase,1,SKILL_END,39,2,-9.924173355102539e-06,-2.8908252716064453e-06
exp12_config_command_05,config_command,paraphrase,0,SKILL_END,39,2,1.1920928955078125e-07,-0.00047416985034942627
exp12_config_command_05,config_command,paraphrase,1,SKILL_END,39,2,-7.152557373046875e-07,3.5762786865234375e-06
exp12_config_command_06,config_command,paraphrase,0,SKILL_END,39,2,-0.012286514043807983,-2.5510787963867188e-05
exp12_config_command_06,config_command,paraphrase,1,SKILL_END,39,2,5.364418029785156e-07,0.0007342696189880371
exp12_config_command_08,config_command,paraphrase,0,SKILL_END,39,2,0.000425875186920166,-1.6987323760986328e-06
exp12_config_command_08,config_command,paraphrase,1,SKILL_END,39,2,3.9249658584594727e-05,-0.004819422960281372
exp12_config_command_09,config_command,paraphrase,0,SKILL_END,39,2,1.3753771781921387e-05,3.3676624298095703e-06
exp12_config_command_09,config_command,paraphrase,1,SKILL_END,39,2,-0.006140202283859253,6.595253944396973e-05
exp12_config_command_10,config_command,paraphrase,0,SKILL_END,39,2,5.960464477539063e-08,1.2814998626708984e-06
exp12_config_command_10,config_command,paraphrase,1,SKILL_END,39,2,4.172325134277344e-07,-1.1920928955078125e-07
exp12_config_command_11,config_command,paraphrase,0,SKILL_END,39,2,-1.4454126358032227e-06,-1.862645149230957e-06
exp12_config_command_11,config_command,paraphrase,1,SKILL_END,39,2,5.960464477539062e-07,2.5659799575805664e-05
exp12_config_command_12,config_command,paraphrase,0,SKILL_END,39,2,0.0002047717571258545,-0.00022840499877929688
exp12_config_command_12,config_command,paraphrase,1,SKILL_END,39,2,-1.1622905731201172e-06,0.006211429834365845
exp12_config_command_03,config_command,paraphrase,0,SYSTEM_END,39,2,5.364418029785156e-07,5.21540641784668e-07
exp12_config_command_03,config_command,paraphrase,1,SYSTEM_END,39,2,-5.543231964111328e-06,2.384185791015625e-07
exp12_config_command_05,config_command,paraphrase,0,SYSTEM_END,39,2,0.012253805994987488,8.940696716308594e-08
exp12_config_command_05,config_command,paraphrase,1,SYSTEM_END,39,2,-6.9141387939453125e-06,0.00011581182479858398
exp12_config_command_06,config_command,paraphrase,0,SYSTEM_END,39,2,-5.662441253662109e-07,0.012283653020858765
exp12_config_command_06,config_command,paraphrase,1,SYSTEM_END,39,2,-0.0,1.7881393432617188e-07
exp12_config_command_08,config_command,paraphrase,0,SYSTEM_END,39,2,0.0052360594272613525,-1.5795230865478516e-06
exp12_config_command_08,config_command,paraphrase,1,SYSTEM_END,39,2,-0.0013931989669799805,0.004821360111236572
exp12_config_command_09,config_command,paraphrase,0,SYSTEM_END,39,2,2.9802322387695312e-08,-1.430511474609375e-06
exp12_config_command_09,config_command,paraphrase,1,SYSTEM_END,39,2,1.6391277313232422e-06,-0.004822641611099243
exp12_config_command_10,config_command,paraphrase,0,SYSTEM_END,39,2,1.7881393432617188e-06,-0.0008494853973388672
exp12_config_command_10,config_command,paraphrase,1,SYSTEM_END,39,2,-4.172325134277344e-07,-1.5795230865478516e-06
exp12_config_command_11,config_command,paraphrase,0,SYSTEM_END,39,2,-4.172325134277344e-07,1.9818544387817383e-06
exp12_config_command_11,config_command,paraphrase,1,SYSTEM_END,39,2,3.129243850708008e-06,-0.0048174262046813965
exp12_config_command_12,config_command,paraphrase,0,SYSTEM_END,39,2,0.0002034604549407959,0.002405822277069092
exp12_config_command_12,config_command,paraphrase,1,SYSTEM_END,39,2,1.996755599975586e-06,-0.00620722770690918
exp12_config_command_03,config_command,paraphrase,0,ISSUE_END,39,2,-3.466010093688965e-05,3.644824028015137e-05
exp12_config_command_03,config_command,paraphrase,1,ISSUE_END,39,2,-8.434057235717773e-06,8.434057235717773e-06
exp12_config_command_05,config_command,paraphrase,0,ISSUE_END,39,2,2.2351741790771484e-07,-3.5762786865234375e-07
exp12_config_command_05,config_command,paraphrase,1,ISSUE_END,39,2,-6.467103958129883e-06,-3.212690353393555e-05
exp12_config_command_06,config_command,paraphrase,0,ISSUE_END,39,2,-0.012288480997085571,0.010953724384307861
exp12_config_command_06,config_command,paraphrase,1,ISSUE_END,39,2,0.005476206541061401,0.005475938320159912
exp12_config_command_08,config_command,paraphrase,0,ISSUE_END,39,2,0.00042760372161865234,1.341104507446289e-05
exp12_config_command_08,config_command,paraphrase,1,ISSUE_END,39,2,0.004859894514083862,8.046627044677734e-06
exp12_config_command_09,config_command,paraphrase,0,ISSUE_END,39,2,1.6391277313232422e-07,-1.4632940292358398e-05
exp12_config_command_09,config_command,paraphrase,1,ISSUE_END,39,2,-5.3942203521728516e-06,-5.0961971282958984e-06
exp12_config_command_10,config_command,paraphrase,0,ISSUE_END,39,2,6.258487701416016e-07,-9.5367431640625e-07
exp12_config_command_10,config_command,paraphrase,1,ISSUE_END,39,2,-5.662441253662109e-07,-1.2218952178955078e-06
exp12_config_command_11,config_command,paraphrase,0,ISSUE_END,39,2,7.316470146179199e-06,1.1622905731201172e-06
exp12_config_command_11,config_command,paraphrase,1,ISSUE_END,39,2,2.562999725341797e-06,3.2186508178710938e-06
exp12_config_command_12,config_command,paraphrase,0,ISSUE_END,39,2,0.00020495057106018066,-8.314847946166992e-06
exp12_config_command_12,config_command,paraphrase,1,ISSUE_END,39,2,-1.6093254089355469e-06,-4.190206527709961e-05
exp12_config_command_03,config_command,paraphrase,0,DETAIL_END,39,2,-1.6689300537109375e-06,-1.0579824447631836e-06
exp12_config_command_03,config_command,paraphrase,1,DETAIL_END,39,2,-9.149312973022461e-06,-3.5762786865234375e-06
exp12_config_command_05,config_command,paraphrase,0,DETAIL_END,39,2,5.960464477539063e-08,-7.450580596923828e-08
exp12_config_command_05,config_command,paraphrase,1,DETAIL_END,39,2,0.006206929683685303,0.00012105703353881836
exp12_config_command_06,config_command,paraphrase,0,DETAIL_END,39,2,-2.4139881134033203e-06,7.152557373046875e-07
exp12_config_command_06,config_command,paraphrase,1,DETAIL_END,39,2,0.005476623773574829,4.172325134277344e-07
exp12_config_command_08,config_command,paraphrase,0,DETAIL_END,39,2,0.004807889461517334,-1.430511474609375e-06
exp12_config_command_08,config_command,paraphrase,1,DETAIL_END,39,2,-2.5033950805664062e-06,0.006211221218109131
exp12_config_command_09,config_command,paraphrase,0,DETAIL_END,39,2,-1.3262033462524414e-06,2.9861927032470703e-05
exp12_config_command_09,config_command,paraphrase,1,DETAIL_END,39,2,-1.817941665649414e-06,-2.5928020477294922e-05
exp12_config_command_10,config_command,paraphrase,0,DETAIL_END,39,2,2.2351741790771484e-06,1.9073486328125e-06
exp12_config_command_10,config_command,paraphrase,1,DETAIL_END,39,2,-2.086162567138672e-07,8.344650268554688e-07
exp12_config_command_11,config_command,paraphrase,0,DETAIL_END,39,2,-4.172325134277344e-07,0.0011249929666519165
exp12_config_command_11,config_command,paraphrase,1,DETAIL_END,39,2,-2.086162567138672e-07,2.0265579223632812e-06
exp12_config_command_12,config_command,paraphrase,0,DETAIL_END,39,2,0.00021132826805114746,-8.940696716308594e-07
exp12_config_command_12,config_command,paraphrase,1,DETAIL_END,39,2,4.470348358154297e-07,6.556510925292969e-07
exp12_config_command_03,config_command,paraphrase,0,ACTION0_END,39,2,9.5367431640625e-07,-3.8743019104003906e-07
exp12_config_command_03,config_command,paraphrase,1,ACTION0_END,39,2,-8.195638656616211e-06,1.1920928955078125e-07
exp12_config_command_05,config_command,paraphrase,0,ACTION0_END,39,2,4.3213367462158203e-07,-7.152557373046875e-07
exp12_config_command_05,config_command,paraphrase,1,ACTION0_END,39,2,0.00011527538299560547,1.341104507446289e-06
exp12_config_command_06,config_command,paraphrase,0,ACTION0_END,39,2,-2.682209014892578e-07,0.006143778562545776
exp12_config_command_06,config_command,paraphrase,1,ACTION0_END,39,2,0.005548626184463501,-5.21540641784668e-06
exp12_config_command_08,config_command,paraphrase,0,ACTION0_END,39,2,0.00042632222175598145,0.005236327648162842
exp12_config_command_08,config_command,paraphrase,1,ACTION0_END,39,2,3.439188003540039e-05,9.5367431640625e-07
exp12_config_command_09,config_command,paraphrase,0,ACTION0_END,39,2,-9.834766387939453e-07,-2.2351741790771484e-06
exp12_config_command_09,config_command,paraphrase,1,ACTION0_END,39,2,-2.5033950805664062e-06,-0.005356729030609131
exp12_config_command_10,config_command,paraphrase,0,ACTION0_END,39,2,1.4007091522216797e-06,-5.960464477539063e-08
exp12_config_command_10,config_command,paraphrase,1,ACTION0_END,39,2,-0.006203383207321167,-0.0013463199138641357
exp12_config_command_11,config_command,paraphrase,0,ACTION0_END,39,2,6.258487701416016e-07,2.428889274597168e-06
exp12_config_command_11,config_command,paraphrase,1,ACTION0_END,39,2,8.344650268554688e-07,-5.662441253662109e-07
exp12_config_command_12,config_command,paraphrase,0,ACTION0_END,39,2,0.00020509958267211914,0.00021019577980041504
exp12_config_command_12,config_command,paraphrase,1,ACTION0_END,39,2,0.006207674741744995,-0.004818558692932129
exp12_config_command_03,config_command,paraphrase,0,ACTION1_END,39,2,-3.68654727935791e-05,-3.4943222999572754e-05
exp12_config_command_03,config_command,paraphrase,1,ACTION1_END,39,2,-5.4836273193359375e-06,3.5762786865234375e-07
exp12_config_command_05,config_command,paraphrase,0,ACTION1_END,39,2,1.8462538719177246e-05,-1.341104507446289e-07
exp12_config_command_05,config_command,paraphrase,1,ACTION1_END,39,2,-5.513429641723633e-06,1.0132789611816406e-06
exp12_config_command_06,config_command,paraphrase,0,ACTION1_END,39,2,-2.086162567138672e-06,-0.001343846321105957
exp12_config_command_06,config_command,paraphrase,1,ACTION1_END,39,2,0.005631387233734131,0.000732421875
exp12_config_command_08,config_command,paraphrase,0,ACTION1_END,39,2,2.1457672119140625e-06,-1.5497207641601562e-06
exp12_config_command_08,config_command,paraphrase,1,ACTION1_END,39,2,3.8623809814453125e-05,0.0048198699951171875
exp12_config_command_09,config_command,paraphrase,0,ACTION1_END,39,2,1.3023614883422852e-05,-8.046627044677734e-07
exp12_config_command_09,config_command,paraphrase,1,ACTION1_END,39,2,-5.424022674560547e-06,0.006137251853942871
exp12_config_command_10,config_command,paraphrase,0,ACTION1_END,39,2,1.0132789611816406e-06,0.00032830238342285156
exp12_config_command_10,config_command,paraphrase,1,ACTION1_END,39,2,-0.0062025487422943115,4.470348358154297e-07
exp12_config_command_11,config_command,paraphrase,0,ACTION1_END,39,2,5.662441253662109e-07,2.3990869522094727e-06
exp12_config_command_11,config_command,paraphrase,1,ACTION1_END,39,2,-1.1026859283447266e-06,1.7881393432617188e-07
exp12_config_command_12,config_command,paraphrase,0,ACTION1_END,39,2,0.00020700693130493164,-3.9637088775634766e-06
exp12_config_command_12,config_command,paraphrase,1,ACTION1_END,39,2,-3.2782554626464844e-07,-4.5359134674072266e-05
exp12_config_command_03,config_command,paraphrase,0,FINAL_INSTRUCTION_END,39,2,-3.390014171600342e-05,-5.260109901428223e-06
exp12_config_command_03,config_command,paraphrase,1,FINAL_INSTRUCTION_END,39,2,0.004804849624633789,-0.0013251900672912598
exp12_config_command_05,config_command,paraphrase,0,FINAL_INSTRUCTION_END,39,2,9.387731552124023e-07,-2.4884939193725586e-06
exp12_config_command_05,config_command,paraphrase,1,FINAL_INSTRUCTION_END,39,2,-2.7120113372802734e-06,3.62396240234375e-05
exp12_config_command_06,config_command,paraphrase,0,FINAL_INSTRUCTION_END,39,2,0.0061509013175964355,0.0013331174850463867
exp12_config_command_06,config_command,paraphrase,1,FINAL_INSTRUCTION_END,39,2,0.00554966926574707,7.212162017822266e-05
exp12_config_command_08,config_command,paraphrase,0,FINAL_INSTRUCTION_END,39,2,0.0004203319549560547,3.4570693969726562e-06
exp12_config_command_08,config_command,paraphrase,1,FINAL_INSTRUCTION_END,39,2,0.0048559606075286865,-4.172325134277344e-07
exp12_config_command_09,config_command,paraphrase,0,FINAL_INSTRUCTION_END,39,2,1.3589859008789062e-05,0.004808470606803894
exp12_config_command_09,config_command,paraphrase,1,FINAL_INSTRUCTION_END,39,2,-6.16908073425293e-06,0.001323014497756958
exp12_config_command_10,config_command,paraphrase,0,FINAL_INSTRUCTION_END,39,2,4.172325134277344e-07,-2.8014183044433594e-06
exp12_config_command_10,config_command,paraphrase,1,FINAL_INSTRUCTION_END,39,2,-4.827976226806641e-06,0.0051223039627075195
exp12_config_command_11,config_command,paraphrase,0,FINAL_INSTRUCTION_END,39,2,5.558133125305176e-06,0.002402976155281067
exp12_config_command_11,config_command,paraphrase,1,FINAL_INSTRUCTION_END,39,2,-0.0,-0.001337587833404541
exp12_config_command_12,config_command,paraphrase,0,FINAL_INSTRUCTION_END,39,2,0.002609729766845703,-0.00020599365234375
exp12_config_command_12,config_command,paraphrase,1,FINAL_INSTRUCTION_END,39,2,-6.070733070373535e-05,1.4632940292358398e-05
exp12_config_command_03,config_command,paraphrase,0,USER_END,39,2,-3.390014171600342e-05,-5.260109901428223e-06
exp12_config_command_03,config_command,paraphrase,1,USER_END,39,2,0.004804849624633789,-0.0013251900672912598
exp12_config_command_05,config_command,paraphrase,0,USER_END,39,2,9.387731552124023e-07,-2.4884939193725586e-06
exp12_config_command_05,config_command,paraphrase,1,USER_END,39,2,-2.7120113372802734e-06,3.62396240234375e-05
exp12_config_command_06,config_command,paraphrase,0,USER_END,39,2,0.0061509013175964355,0.0013331174850463867
exp12_config_command_06,config_command,paraphrase,1,USER_END,39,2,0.00554966926574707,7.212162017822266e-05
exp12_config_command_08,config_command,paraphrase,0,USER_END,39,2,0.0004203319549560547,3.4570693969726562e-06
exp12_config_command_08,config_command,paraphrase,1,USER_END,39,2,0.0048559606075286865,-4.172325134277344e-07
exp12_config_command_09,config_command,paraphrase,0,USER_END,39,2,1.3589859008789062e-05,0.004808470606803894
exp12_config_command_09,config_command,paraphrase,1,USER_END,39,2,-6.16908073425293e-06,0.001323014497756958
exp12_config_command_10,config_command,paraphrase,0,USER_END,39,2,4.172325134277344e-07,-2.8014183044433594e-06
exp12_config_command_10,config_command,paraphrase,1,USER_END,39,2,-4.827976226806641e-06,0.0051223039627075195
exp12_config_command_11,config_command,paraphrase,0,USER_END,39,2,5.558133125305176e-06,0.002402976155281067
exp12_config_command_11,config_command,paraphrase,1,USER_END,39,2,-0.0,-0.001337587833404541
exp12_config_command_12,config_command,paraphrase,0,USER_END,39,2,0.002609729766845703,-0.00020599365234375
exp12_config_command_12,config_command,paraphrase,1,USER_END,39,2,-6.070733070373535e-05,1.4632940292358398e-05
exp12_config_command_03,config_command,paraphrase,0,GENERATION_BOUNDARY,39,2,0.0955708771944046,0.08337144553661346
exp12_config_command_03,config_command,paraphrase,1,GENERATION_BOUNDARY,39,2,0.07208800315856934,0.08570638298988342
exp12_config_command_05,config_command,paraphrase,0,GENERATION_BOUNDARY,39,2,0.10846374928951263,0.0641162097454071
exp12_config_command_05,config_command,paraphrase,1,GENERATION_BOUNDARY,39,2,0.07033807039260864,0.09688733518123627
exp12_config_command_06,config_command,paraphrase,0,GENERATION_BOUNDARY,39,2,0.10066190361976624,0.07928434014320374
exp12_config_command_06,config_command,paraphrase,1,GENERATION_BOUNDARY,39,2,0.07368892431259155,0.09818223118782043
exp12_config_command_08,config_command,paraphrase,0,GENERATION_BOUNDARY,39,2,0.09732276201248169,0.07441359758377075
exp12_config_command_08,config_command,paraphrase,1,GENERATION_BOUNDARY,39,2,0.06966674327850342,0.09365054965019226
exp12_config_command_09,config_command,paraphrase,0,GENERATION_BOUNDARY,39,2,0.0865313857793808,0.06966714560985565
exp12_config_command_09,config_command,paraphrase,1,GENERATION_BOUNDARY,39,2,0.05877530574798584,0.067334845662117
exp12_config_command_10,config_command,paraphrase,0,GENERATION_BOUNDARY,39,2,0.10365486145019531,0.09028500318527222
exp12_config_command_10,config_command,paraphrase,1,GENERATION_BOUNDARY,39,2,0.07325670123100281,0.08018547296524048
exp12_config_command_11,config_command,paraphrase,0,GENERATION_BOUNDARY,39,2,0.11424905061721802,0.09353548288345337
exp12_config_command_11,config_command,paraphrase,1,GENERATION_BOUNDARY,39,2,0.07338571548461914,0.09823904931545258
exp12_config_command_12,config_command,paraphrase,0,GENERATION_BOUNDARY,39,2,0.13033950328826904,0.09897914528846741
exp12_config_command_12,config_command,paraphrase,1,GENERATION_BOUNDARY,39,2,0.08949205279350281,0.116731196641922
exp12_docs_code_00,docs_code,canonical,0,SKILL_END,39,2,0.0030087269842624664,-2.6673078536987305e-06
exp12_docs_code_00,docs_code,canonical,1,SKILL_END,39,2,0.001987665891647339,-4.410743713378906e-06
exp12_docs_code_01,docs_code,canonical,0,SKILL_END,39,2,0.003124810755252838,-6.094574928283691e-06
exp12_docs_code_01,docs_code,canonical,1,SKILL_END,39,2,1.7434358596801758e-06,-0.005706623196601868
exp12_docs_code_03,docs_code,canonical,0,SKILL_END,39,2,-8.642673492431641e-07,1.7881393432617188e-06
exp12_docs_code_03,docs_code,canonical,1,SKILL_END,39,2,5.960464477539062e-07,0.013086766004562378
exp12_docs_code_08,docs_code,canonical,0,SKILL_END,39,2,5.513429641723633e-07,-1.475214958190918e-06
exp12_docs_code_08,docs_code,canonical,1,SKILL_END,39,2,-1.043081283569336e-07,1.0073184967041016e-05
exp12_docs_code_09,docs_code,canonical,0,SKILL_END,39,2,0.003114461898803711,-1.0728836059570312e-06
exp12_docs_code_09,docs_code,canonical,1,SKILL_END,39,2,-3.2782554626464844e-06,3.3468008041381836e-05
exp12_docs_code_11,docs_code,canonical,0,SKILL_END,39,2,9.238719940185547e-07,-4.842877388000488e-08
exp12_docs_code_11,docs_code,canonical,1,SKILL_END,39,2,1.0505318641662598e-06,-3.5762786865234375e-07
exp12_docs_code_12,docs_code,canonical,0,SKILL_END,39,2,0.0031191855669021606,-2.60770320892334e-08
exp12_docs_code_12,docs_code,canonical,1,SKILL_END,39,2,5.364418029785156e-07,-0.00033399462699890137
exp12_docs_code_14,docs_code,canonical,0,SKILL_END,39,2,-9.5367431640625e-07,-4.820525646209717e-06
exp12_docs_code_14,docs_code,canonical,1,SKILL_END,39,2,0.00023467093706130981,0.00023669004440307617
exp12_docs_code_00,docs_code,canonical,0,SYSTEM_END,39,2,0.003098800778388977,6.42240047454834e-06
exp12_docs_code_00,docs_code,canonical,1,SYSTEM_END,39,2,4.246830940246582e-07,1.7508864402770996e-06
exp12_docs_code_01,docs_code,canonical,0,SYSTEM_END,39,2,-8.940696716308594e-08,4.470348358154297e-07
exp12_docs_code_01,docs_code,canonical,1,SYSTEM_END,39,2,4.813075065612793e-06,7.659196853637695e-05
exp12_docs_code_03,docs_code,canonical,0,SYSTEM_END,39,2,4.708766937255859e-06,1.1026859283447266e-06
exp12_docs_code_03,docs_code,canonical,1,SYSTEM_END,39,2,-0.01308034360408783,-1.6480684280395508e-05
exp12_docs_code_08,docs_code,canonical,0,SYSTEM_END,39,2,-4.563480615615845e-05,-8.246302604675293e-05
exp12_docs_code_08,docs_code,canonical,1,SYSTEM_END,39,2,1.1622905731201172e-06,-5.960464477539062e-07
exp12_docs_code_09,docs_code,canonical,0,SYSTEM_END,39,2,-3.203004598617554e-05,-5.8263540267944336e-05
exp12_docs_code_09,docs_code,canonical,1,SYSTEM_END,39,2,-3.3229589462280273e-06,5.960464477539063e-08
exp12_docs_code_11,docs_code,canonical,0,SYSTEM_END,39,2,-0.003124486654996872,0.0031246989965438843
exp12_docs_code_11,docs_code,canonical,1,SYSTEM_END,39,2,2.0116567611694336e-07,-2.652406692504883e-06
exp12_docs_code_12,docs_code,canonical,0,SYSTEM_END,39,2,0.0031285621225833893,-0.0031252317130565643
exp12_docs_code_12,docs_code,canonical,1,SYSTEM_END,39,2,0.00033462047576904297,-7.003545761108398e-07
exp12_docs_code_14,docs_code,canonical,0,SYSTEM_END,39,2,3.941357135772705e-06,-6.183981895446777e-07
exp12_docs_code_14,docs_code,canonical,1,SYSTEM_END,39,2,0.0002357587218284607,-1.646578311920166e-06
exp12_docs_code_00,docs_code,canonical,0,ISSUE_END,39,2,0.0030978620052337646,6.51925802230835e-07
exp12_docs_code_00,docs_code,canonical,1,ISSUE_END,39,2,0.006456583738327026,-1.7136335372924805e-06
exp12_docs_code_01,docs_code,canonical,0,ISSUE_END,39,2,0.003125496208667755,2.086162567138672e-07
exp12_docs_code_01,docs_code,canonical,1,ISSUE_END,39,2,5.692243576049805e-06,-8.39531421661377e-05
exp12_docs_code_03,docs_code,canonical,0,ISSUE_END,39,2,2.980232238769531e-07,3.5762786865234375e-07
exp12_docs_code_03,docs_code,canonical,1,ISSUE_END,39,2,-0.013067245483398438,5.7220458984375e-06
exp12_docs_code_08,docs_code,canonical,0,ISSUE_END,39,2,2.078711986541748e-06,0.00013184547424316406
exp12_docs_code_08,docs_code,canonical,1,ISSUE_END,39,2,3.889203071594238e-06,2.2798776626586914e-06
exp12_docs_code_09,docs_code,canonical,0,ISSUE_END,39,2,-1.2405216693878174e-05,-0.0006036236882209778
exp12_docs_code_09,docs_code,canonical,1,ISSUE_END,39,2,-1.296401023864746e-06,-2.2351741790771484e-07
exp12_docs_code_11,docs_code,canonical,0,ISSUE_END,39,2,-0.003124922513961792,-0.003124825656414032
exp12_docs_code_11,docs_code,canonical,1,ISSUE_END,39,2,1.1548399925231934e-06,-2.905726432800293e-07
exp12_docs_code_12,docs_code,canonical,0,ISSUE_END,39,2,0.003128841519355774,0.0032338127493858337
exp12_docs_code_12,docs_code,canonical,1,ISSUE_END,39,2,0.000334128737449646,-0.0003326833248138428
exp12_docs_code_14,docs_code,canonical,0,ISSUE_END,39,2,1.3262033462524414e-06,5.21540641784668e-08
exp12_docs_code_14,docs_code,canonical,1,ISSUE_END,39,2,6.690621376037598e-06,0.007786095142364502
exp12_docs_code_00,docs_code,canonical,0,DETAIL_END,39,2,-6.891787052154541e-07,-2.5387853384017944e-05
exp12_docs_code_00,docs_code,canonical,1,DETAIL_END,39,2,-4.0978193283081055e-07,2.1010637283325195e-06
exp12_docs_code_01,docs_code,canonical,0,DETAIL_END,39,2,-6.258487701416016e-07,-0.0031237751245498657
exp12_docs_code_01,docs_code,canonical,1,DETAIL_END,39,2,4.783272743225098e-06,8.599460124969482e-05
exp12_docs_code_03,docs_code,canonical,0,DETAIL_END,39,2,-2.980232238769531e-07,-0.006252318620681763
exp12_docs_code_03,docs_code,canonical,1,DETAIL_END,39,2,-7.033348083496094e-06,-1.1324882507324219e-06
exp12_docs_code_08,docs_code,canonical,0,DETAIL_END,39,2,1.4975666999816895e-06,-5.289912223815918e-07
exp12_docs_code_08,docs_code,canonical,1,DETAIL_END,39,2,2.6851892471313477e-05,-0.00022114813327789307
exp12_docs_code_09,docs_code,canonical,0,DETAIL_END,39,2,0.003120638430118561,-1.665949821472168e-05
exp12_docs_code_09,docs_code,canonical,1,DETAIL_END,39,2,0.00023865699768066406,8.642673492431641e-07
exp12_docs_code_11,docs_code,canonical,0,DETAIL_END,39,2,-8.195638656616211e-08,-1.7881393432617188e-07
exp12_docs_code_11,docs_code,canonical,1,DETAIL_END,39,2,-0.00024311989545822144,-6.92903995513916e-07
exp12_docs_code_12,docs_code,canonical,0,DETAIL_END,39,2,0.0031204819679260254,1.776963472366333e-06
exp12_docs_code_12,docs_code,canonical,1,DETAIL_END,39,2,5.364418029785156e-07,-0.0003329664468765259
exp12_docs_code_14,docs_code,canonical,0,DETAIL_END,39,2,-2.60770320892334e-07,-4.276633262634277e-06
exp12_docs_code_14,docs_code,canonical,1,DETAIL_END,39,2,-1.817941665649414e-06,-7.361173629760742e-06
exp12_docs_code_00,docs_code,canonical,0,ACTION0_END,39,2,0.003099873661994934,-2.6300549507141113e-06
exp12_docs_code_00,docs_code,canonical,1,ACTION0_END,39,2,-2.555549144744873e-06,-2.086162567138672e-07
exp12_docs_code_01,docs_code,canonical,0,ACTION0_END,39,2,0.003124937415122986,-1.0654330253601074e-06
exp12_docs_code_01,docs_code,canonical,1,ACTION0_END,39,2,4.544854164123535e-06,5.662441253662109e-07
exp12_docs_code_03,docs_code,canonical,0,ACTION0_END,39,2,-5.85019588470459e-05,-0.006192028522491455
exp12_docs_code_03,docs_code,canonical,1,ACTION0_END,39,2,-0.01303960382938385,7.37607479095459e-06
exp12_docs_code_08,docs_code,canonical,0,ACTION0_END,39,2,1.1175870895385742e-07,0.0031256824731826782
exp12_docs_code_08,docs_code,canonical,1,ACTION0_END,39,2,2.086162567138672e-07,5.066394805908203e-07
exp12_docs_code_09,docs_code,canonical,0,ACTION0_END,39,2,-0.00010461360216140747,0.003261752426624298
exp12_docs_code_09,docs_code,canonical,1,ACTION0_END,39,2,3.1441450119018555e-05,-1.5854835510253906e-05
exp12_docs_code_11,docs_code,canonical,0,ACTION0_END,39,2,-0.003072131425142288,5.0965696573257446e-05
exp12_docs_code_11,docs_code,canonical,1,ACTION0_END,39,2,1.2218952178955078e-06,-1.9371509552001953e-06
exp12_docs_code_12,docs_code,canonical,0,ACTION0_END,39,2,0.0031266100704669952,-2.5853514671325684e-06
exp12_docs_code_12,docs_code,canonical,1,ACTION0_END,39,2,0.0003348439931869507,1.385807991027832e-06
exp12_docs_code_14,docs_code,canonical,0,ACTION0_END,39,2,-0.0031258389353752136,-5.960464477539062e-07
exp12_docs_code_14,docs_code,canonical,1,ACTION0_END,39,2,-2.1457672119140625e-06,0.0002353563904762268
exp12_docs_code_00,docs_code,canonical,0,ACTION1_END,39,2,-2.1606683731079102e-07,6.705522537231445e-08
exp12_docs_code_00,docs_code,canonical,1,ACTION1_END,39,2,3.4868717193603516e-06,0.002487272024154663
exp12_docs_code_01,docs_code,canonical,0,ACTION1_END,39,2,9.685754776000977e-08,4.470348358154297e-08
exp12_docs_code_01,docs_code,canonical,1,ACTION1_END,39,2,1.8030405044555664e-06,-1.087784767150879e-06
exp12_docs_code_03,docs_code,canonical,0,ACTION1_END,39,2,-4.8547983169555664e-05,-9.775161743164062e-06
exp12_docs_code_03,docs_code,canonical,1,ACTION1_END,39,2,-1.5914440155029297e-05,-1.8835067749023438e-05
exp12_docs_code_08,docs_code,canonical,0,ACTION1_END,39,2,-4.544854164123535e-07,-0.003149949014186859
exp12_docs_code_08,docs_code,canonical,1,ACTION1_END,39,2,1.0579824447631836e-06,-7.897615432739258e-07
exp12_docs_code_09,docs_code,canonical,0,ACTION1_END,39,2,-5.97536563873291e-06,0.0001826360821723938
exp12_docs_code_09,docs_code,canonical,1,ACTION1_END,39,2,-2.7120113372802734e-06,-1.0102987289428711e-05
exp12_docs_code_11,docs_code,canonical,0,ACTION1_END,39,2,-0.0031287670135498047,-0.0031249448657035828
exp12_docs_code_11,docs_code,canonical,1,ACTION1_END,39,2,3.650784492492676e-07,3.807246685028076e-06
exp12_docs_code_12,docs_code,canonical,0,ACTION1_END,39,2,0.003123164176940918,-3.2670795917510986e-06
exp12_docs_code_12,docs_code,canonical,1,ACTION1_END,39,2,0.00033320486545562744,0.0003331005573272705
exp12_docs_code_14,docs_code,canonical,0,ACTION1_END,39,2,5.885958671569824e-06,-1.8849968910217285e-06
exp12_docs_code_14,docs_code,canonical,1,ACTION1_END,39,2,5.729496479034424e-06,0.007789939641952515
exp12_docs_code_00,docs_code,canonical,0,FINAL_INSTRUCTION_END,39,2,0.0030996091663837433,8.419156074523926e-07
exp12_docs_code_00,docs_code,canonical,1,FINAL_INSTRUCTION_END,39,2,-6.707757711410522e-05,-0.004477784037590027
exp12_docs_code_01,docs_code,canonical,0,FINAL_INSTRUCTION_END,39,2,0.0031246021389961243,6.780028343200684e-07
exp12_docs_code_01,docs_code,canonical,1,FINAL_INSTRUCTION_END,39,2,5.8710575103759766e-06,-5.707144737243652e-06
exp12_docs_code_03,docs_code,canonical,0,FINAL_INSTRUCTION_END,39,2,-5.486607551574707e-05,-6.118416786193848e-05
exp12_docs_code_03,docs_code,canonical,1,FINAL_INSTRUCTION_END,39,2,-1.9282102584838867e-05,-9.5367431640625e-07
exp12_docs_code_08,docs_code,canonical,0,FINAL_INSTRUCTION_END,39,2,8.791685104370117e-07,7.3015689849853516e-06
exp12_docs_code_08,docs_code,canonical,1,FINAL_INSTRUCTION_END,39,2,3.248453140258789e-06,-2.746284008026123e-05
exp12_docs_code_09,docs_code,canonical,0,FINAL_INSTRUCTION_END,39,2,0.003117881715297699,0.0031809285283088684
exp12_docs_code_09,docs_code,canonical,1,FINAL_INSTRUCTION_END,39,2,-3.129243850708008e-06,-9.238719940185547e-07
exp12_docs_code_11,docs_code,canonical,0,FINAL_INSTRUCTION_END,39,2,-3.505498170852661e-06,2.60770320892334e-08
exp12_docs_code_11,docs_code,canonical,1,FINAL_INSTRUCTION_END,39,2,2.7567148208618164e-07,-2.115964889526367e-06
exp12_docs_code_12,docs_code,canonical,0,FINAL_INSTRUCTION_END,39,2,0.0031261667609214783,1.4044344425201416e-06
exp12_docs_code_12,docs_code,canonical,1,FINAL_INSTRUCTION_END,39,2,1.6391277313232422e-06,-3.904104232788086e-06
exp12_docs_code_14,docs_code,canonical,0,FINAL_INSTRUCTION_END,39,2,-8.046627044677734e-07,0.0031250417232513428
exp12_docs_code_14,docs_code,canonical,1,FINAL_INSTRUCTION_END,39,2,-2.6226043701171875e-06,-4.656612873077393e-06
exp12_docs_code_00,docs_code,canonical,0,USER_END,39,2,0.0030996091663837433,8.419156074523926e-07
exp12_docs_code_00,docs_code,canonical,1,USER_END,39,2,-6.707757711410522e-05,-0.004477784037590027
exp12_docs_code_01,docs_code,canonical,0,USER_END,39,2,0.0031246021389961243,6.780028343200684e-07
exp12_docs_code_01,docs_code,canonical,1,USER_END,39,2,5.8710575103759766e-06,-5.707144737243652e-06
exp12_docs_code_03,docs_code,canonical,0,USER_END,39,2,-5.486607551574707e-05,-6.118416786193848e-05
exp12_docs_code_03,docs_code,canonical,1,USER_END,39,2,-1.9282102584838867e-05,-9.5367431640625e-07
exp12_docs_code_08,docs_code,canonical,0,USER_END,39,2,8.791685104370117e-07,7.3015689849853516e-06
exp12_docs_code_08,docs_code,canonical,1,USER_END,39,2,3.248453140258789e-06,-2.746284008026123e-05
exp12_docs_code_09,docs_code,canonical,0,USER_END,39,2,0.003117881715297699,0.0031809285283088684
exp12_docs_code_09,docs_code,canonical,1,USER_END,39,2,-3.129243850708008e-06,-9.238719940185547e-07
exp12_docs_code_11,docs_code,canonical,0,USER_END,39,2,-3.505498170852661e-06,2.60770320892334e-08
exp12_docs_code_11,docs_code,canonical,1,USER_END,39,2,2.7567148208618164e-07,-2.115964889526367e-06
exp12_docs_code_12,docs_code,canonical,0,USER_END,39,2,0.0031261667609214783,1.4044344425201416e-06
exp12_docs_code_12,docs_code,canonical,1,USER_END,39,2,1.6391277313232422e-06,-3.904104232788086e-06
exp12_docs_code_14,docs_code,canonical,0,USER_END,39,2,-8.046627044677734e-07,0.0031250417232513428
exp12_docs_code_14,docs_code,canonical,1,USER_END,39,2,-2.6226043701171875e-06,-4.656612873077393e-06
exp12_docs_code_00,docs_code,canonical,0,GENERATION_BOUNDARY,39,2,0.13736746832728386,0.06678289920091629
exp12_docs_code_00,docs_code,canonical,1,GENERATION_BOUNDARY,39,2,0.05705645680427551,0.12383892759680748
exp12_docs_code_01,docs_code,canonical,0,GENERATION_BOUNDARY,39,2,0.13122458010911942,0.07134287059307098
exp12_docs_code_01,docs_code,canonical,1,GENERATION_BOUNDARY,39,2,0.05892401933670044,0.13124746829271317
exp12_docs_code_03,docs_code,canonical,0,GENERATION_BOUNDARY,39,2,0.08790555596351624,0.07514387369155884
exp12_docs_code_03,docs_code,canonical,1,GENERATION_BOUNDARY,39,2,0.06105576455593109,0.08888894319534302
exp12_docs_code_08,docs_code,canonical,0,GENERATION_BOUNDARY,39,2,0.13741198182106018,0.06098119914531708
exp12_docs_code_08,docs_code,canonical,1,GENERATION_BOUNDARY,39,2,0.062413737177848816,0.12817733734846115
exp12_docs_code_09,docs_code,canonical,0,GENERATION_BOUNDARY,39,2,0.12521148473024368,0.04291433095932007
exp12_docs_code_09,docs_code,canonical,1,GENERATION_BOUNDARY,39,2,0.050352782011032104,0.1248757541179657
exp12_docs_code_11,docs_code,canonical,0,GENERATION_BOUNDARY,39,2,0.1281791403889656,0.06250007450580597
exp12_docs_code_11,docs_code,canonical,1,GENERATION_BOUNDARY,39,2,0.07499967515468597,0.10961643606424332
exp12_docs_code_12,docs_code,canonical,0,GENERATION_BOUNDARY,39,2,0.12802839279174805,0.05638165771961212
exp12_docs_code_12,docs_code,canonical,1,GENERATION_BOUNDARY,39,2,0.04454483091831207,0.13904184103012085
exp12_docs_code_14,docs_code,canonical,0,GENERATION_BOUNDARY,39,2,0.1375269964337349,0.09747432172298431
exp12_docs_code_14,docs_code,canonical,1,GENERATION_BOUNDARY,39,2,0.07613476365804672,0.1339874267578125
exp12_docs_code_00,docs_code,paraphrase,0,SKILL_END,39,2,1.0058283805847168e-06,-0.00036851316690444946
exp12_docs_code_00,docs_code,paraphrase,1,SKILL_END,39,2,6.109476089477539e-07,-0.0003896355628967285
exp12_docs_code_01,docs_code,paraphrase,0,SKILL_END,39,2,4.239380359649658e-06,-9.5367431640625e-07
exp12_docs_code_01,docs_code,paraphrase,1,SKILL_END,39,2,7.152557373046875e-07,2.9802322387695312e-08
exp12_docs_code_03,docs_code,paraphrase,0,SKILL_END,39,2,-7.051229476928711e-05,-1.4901161193847656e-07
exp12_docs_code_03,docs_code,paraphrase,1,SKILL_END,39,2,-2.175569534301758e-06,-1.9073486328125e-06
exp12_docs_code_08,docs_code,paraphrase,0,SKILL_END,39,2,3.4905970096588135e-06,-8.653849363327026e-06
exp12_docs_code_08,docs_code,paraphrase,1,SKILL_END,39,2,-0.00039955973625183105,-1.773238182067871e-06
exp12_docs_code_09,docs_code,paraphrase,0,SKILL_END,39,2,-0.0031124167144298553,1.30385160446167e-06
exp12_docs_code_09,docs_code,paraphrase,1,SKILL_END,39,2,6.943941116333008e-06,-0.006203889846801758
exp12_docs_code_11,docs_code,paraphrase,0,SKILL_END,39,2,-9.462237358093262e-07,-1.7136335372924805e-07
exp12_docs_code_11,docs_code,paraphrase,1,SKILL_END,39,2,-8.210539817810059e-05,-0.012500286102294922
exp12_docs_code_12,docs_code,paraphrase,0,SKILL_END,39,2,0.011406652629375458,0.008289724588394165
exp12_docs_code_12,docs_code,paraphrase,1,SKILL_END,39,2,0.006209194660186768,-4.179775714874268e-06
exp12_docs_code_14,docs_code,paraphrase,0,SKILL_END,39,2,-9.3802809715271e-06,-7.525086402893066e-07
exp12_docs_code_14,docs_code,paraphrase,1,SKILL_END,39,2,-8.940696716308594e-07,-0.0005085468292236328
exp12_docs_code_00,docs_code,paraphrase,0,SYSTEM_END,39,2,2.950429916381836e-06,-7.152557373046875e-07
exp12_docs_code_00,docs_code,paraphrase,1,SYSTEM_END,39,2,-0.012180626392364502,-8.046627044677734e-07
exp12_docs_code_01,docs_code,paraphrase,0,SYSTEM_END,39,2,4.022940993309021e-05,-2.1010637283325195e-06
exp12_docs_code_01,docs_code,paraphrase,1,SYSTEM_END,39,2,-8.20159912109375e-05,-2.086162567138672e-07
exp12_docs_code_03,docs_code,paraphrase,0,SYSTEM_END,39,2,-6.793439388275146e-05,-3.0994415283203125e-06
exp12_docs_code_03,docs_code,paraphrase,1,SYSTEM_END,39,2,1.5497207641601562e-06,-0.007955998182296753
exp12_docs_code_08,docs_code,paraphrase,0,SYSTEM_END,39,2,-5.923211574554443e-07,7.82310962677002e-08
exp12_docs_code_08,docs_code,paraphrase,1,SYSTEM_END,39,2,-0.00039887428283691406,-0.000402599573135376
exp12_docs_code_09,docs_code,paraphrase,0,SYSTEM_END,39,2,1.2848526239395142e-05,-1.058727502822876e-05
exp12_docs_code_09,docs_code,paraphrase,1,SYSTEM_END,39,2,-1.4603137969970703e-06,4.470348358154297e-07
exp12_docs_code_11,docs_code,paraphrase,0,SYSTEM_END,39,2,-7.562339305877686e-07,1.564621925354004e-07
exp12_docs_code_11,docs_code,paraphrase,1,SYSTEM_END,39,2,-8.19861888885498e-05,-2.9802322387695312e-08
exp12_docs_code_12,docs_code,paraphrase,0,SYSTEM_END,39,2,0.011415574699640274,-8.169561624526978e-06
exp12_docs_code_12,docs_code,paraphrase,1,SYSTEM_END,39,2,0.006209082901477814,0.00033548474311828613
exp12_docs_code_14,docs_code,paraphrase,0,SYSTEM_END,39,2,-0.0031274184584617615,7.763504981994629e-06
exp12_docs_code_14,docs_code,paraphrase,1,SYSTEM_END,39,2,-1.6689300537109375e-06,1.1473894119262695e-06
exp12_docs_code_00,docs_code,paraphrase,0,ISSUE_END,39,2,0.003126390278339386,-1.1689960956573486e-05
exp12_docs_code_00,docs_code,paraphrase,1,ISSUE_END,39,2,-0.012180536985397339,0.012180954217910767
exp12_docs_code_01,docs_code,paraphrase,0,ISSUE_END,39,2,4.026293754577637e-05,-0.003122486174106598
exp12_docs_code_01,docs_code,paraphrase,1,ISSUE_END,39,2,5.066394805908203e-07,8.234381675720215e-05
exp12_docs_code_03,docs_code,paraphrase,0,ISSUE_END,39,2,-6.860494613647461e-05,-6.702542304992676e-05
exp12_docs_code_03,docs_code,paraphrase,1,ISSUE_END,39,2,-3.6954879760742188e-06,-0.00036218762397766113
exp12_docs_code_08,docs_code,paraphrase,0,ISSUE_END,39,2,-1.2926757335662842e-06,2.4475157260894775e-06
exp12_docs_code_08,docs_code,paraphrase,1,ISSUE_END,39,2,0.00027011334896087646,4.917383193969727e-07
exp12_docs_code_09,docs_code,paraphrase,0,ISSUE_END,39,2,1.33514404296875e-05,-1.0035932064056396e-05
exp12_docs_code_09,docs_code,paraphrase,1,ISSUE_END,39,2,-1.817941665649414e-06,-0.0045207589864730835
exp12_docs_code_11,docs_code,paraphrase,0,ISSUE_END,39,2,-7.674098014831543e-07,7.450580596923828e-07
exp12_docs_code_11,docs_code,paraphrase,1,ISSUE_END,39,2,-8.043646812438965e-05,2.086162567138672e-07
exp12_docs_code_12,docs_code,paraphrase,0,ISSUE_END,39,2,0.011928685009479523,6.724148988723755e-06
exp12_docs_code_12,docs_code,paraphrase,1,ISSUE_END,39,2,0.006207704544067383,-5.513429641723633e-07
exp12_docs_code_14,docs_code,paraphrase,0,ISSUE_END,39,2,-0.0034945085644721985,-4.544854164123535e-07
exp12_docs_code_14,docs_code,paraphrase,1,ISSUE_END,39,2,4.425644874572754e-06,0.0005041211843490601
exp12_docs_code_00,docs_code,paraphrase,0,DETAIL_END,39,2,3.1329691410064697e-06,-8.940696716308594e-08
exp12_docs_code_00,docs_code,paraphrase,1,DETAIL_END,39,2,4.76837158203125e-07,1.3113021850585938e-06
exp12_docs_code_01,docs_code,paraphrase,0,DETAIL_END,39,2,4.064291715621948e-06,5.923211574554443e-07
exp12_docs_code_01,docs_code,paraphrase,1,DETAIL_END,39,2,5.662441253662109e-07,-8.940696716308594e-08
exp12_docs_code_03,docs_code,paraphrase,0,DETAIL_END,39,2,-2.2977590560913086e-05,6.777048110961914e-05
exp12_docs_code_03,docs_code,paraphrase,1,DETAIL_END,39,2,0.0005713105201721191,-0.008144736289978027
exp12_docs_code_08,docs_code,paraphrase,0,DETAIL_END,39,2,8.810311555862427e-06,0.003126222640275955
exp12_docs_code_08,docs_code,paraphrase,1,DETAIL_END,39,2,-1.1920928955078125e-07,-2.339482307434082e-06
exp12_docs_code_09,docs_code,paraphrase,0,DETAIL_END,39,2,1.2025237083435059e-05,7.972121238708496e-07
exp12_docs_code_09,docs_code,paraphrase,1,DETAIL_END,39,2,-9.5367431640625e-07,-8.851289749145508e-06
exp12_docs_code_11,docs_code,paraphrase,0,DETAIL_END,39,2,-9.126961231231689e-07,-0.0001009032130241394
exp12_docs_code_11,docs_code,paraphrase,1,DETAIL_END,39,2,8.940696716308594e-08,-7.450580596923828e-07
exp12_docs_code_12,docs_code,paraphrase,0,DETAIL_END,39,2,-6.634742021560669e-06,-0.003556951880455017
exp12_docs_code_12,docs_code,paraphrase,1,DETAIL_END,39,2,0.006205074489116669,-0.0003378242254257202
exp12_docs_code_14,docs_code,paraphrase,0,DETAIL_END,39,2,-0.003124721348285675,-1.099705696105957e-05
exp12_docs_code_14,docs_code,paraphrase,1,DETAIL_END,39,2,3.7997961044311523e-06,-3.3080577850341797e-06
exp12_docs_code_00,docs_code,paraphrase,0,ACTION0_END,39,2,7.636845111846924e-07,1.3362616300582886e-05
exp12_docs_code_00,docs_code,paraphrase,1,ACTION0_END,39,2,1.564621925354004e-06,-4.470348358154297e-08
exp12_docs_code_01,docs_code,paraphrase,0,ACTION0_END,39,2,4.26173210144043e-06,1.7881393432617188e-06
exp12_docs_code_01,docs_code,paraphrase,1,ACTION0_END,39,2,4.470348358154297e-07,0.01142159104347229
exp12_docs_code_03,docs_code,paraphrase,0,ACTION0_END,39,2,-1.6391277313232422e-06,5.723536014556885e-05
exp12_docs_code_03,docs_code,paraphrase,1,ACTION0_END,39,2,6.079673767089844e-06,-2.491474151611328e-05
exp12_docs_code_08,docs_code,paraphrase,0,ACTION0_END,39,2,-3.762543201446533e-07,-3.725290298461914e-07
exp12_docs_code_08,docs_code,paraphrase,1,ACTION0_END,39,2,0.0002705305814743042,-1.4901161193847656e-07
exp12_docs_code_09,docs_code,paraphrase,0,ACTION0_END,39,2,1.4852732419967651e-05,2.3461878299713135e-05
exp12_docs_code_09,docs_code,paraphrase,1,ACTION0_END,39,2,-9.924173355102539e-06,-1.4007091522216797e-06
exp12_docs_code_11,docs_code,paraphrase,0,ACTION0_END,39,2,0.012497972697019577,8.121132850646973e-07
exp12_docs_code_11,docs_code,paraphrase,1,ACTION0_END,39,2,-2.9206275939941406e-06,-3.8743019104003906e-07
exp12_docs_code_12,docs_code,paraphrase,0,ACTION0_END,39,2,0.0031271837651729584,-1.4021992683410645e-05
exp12_docs_code_12,docs_code,paraphrase,1,ACTION0_END,39,2,0.006205551326274872,-5.066394805908203e-07
exp12_docs_code_14,docs_code,paraphrase,0,ACTION0_END,39,2,-0.003114759922027588,9.253621101379395e-06
exp12_docs_code_14,docs_code,paraphrase,1,ACTION0_END,39,2,-1.1920928955078125e-07,7.897615432739258e-07
exp12_docs_code_00,docs_code,paraphrase,0,ACTION1_END,39,2,1.7434358596801758e-06,-1.7620623111724854e-06
exp12_docs_code_00,docs_code,paraphrase,1,ACTION1_END,39,2,-0.012180149555206299,-2.9802322387695312e-08
exp12_docs_code_01,docs_code,paraphrase,0,ACTION1_END,39,2,4.106014966964722e-05,1.993030309677124e-06
exp12_docs_code_01,docs_code,paraphrase,1,ACTION1_END,39,2,-8.940696716308594e-08,8.031725883483887e-05
exp12_docs_code_03,docs_code,paraphrase,0,ACTION1_END,39,2,2.250075340270996e-06,1.385807991027832e-06
exp12_docs_code_03,docs_code,paraphrase,1,ACTION1_END,39,2,2.682209014892578e-06,-4.506111145019531e-05
exp12_docs_code_08,docs_code,paraphrase,0,ACTION1_END,39,2,1.169741153717041e-06,-0.003125019371509552
exp12_docs_code_08,docs_code,paraphrase,1,ACTION1_END,39,2,1.341104507446289e-07,0.00030957162380218506
exp12_docs_code_09,docs_code,paraphrase,0,ACTION1_END,39,2,1.2200325727462769e-05,7.338821887969971e-07
exp12_docs_code_09,docs_code,paraphrase,1,ACTION1_END,39,2,0.004516810178756714,6.735324859619141e-06
exp12_docs_code_11,docs_code,paraphrase,0,ACTION1_END,39,2,-8.754432201385498e-07,2.4549663066864014e-06
exp12_docs_code_11,docs_code,paraphrase,1,ACTION1_END,39,2,-8.234381675720215e-05,5.662441253662109e-07
exp12_docs_code_12,docs_code,paraphrase,0,ACTION1_END,39,2,0.0031178146600723267,-2.689659595489502e-06
exp12_docs_code_12,docs_code,paraphrase,1,ACTION1_END,39,2,0.006209231913089752,1.8924474716186523e-06
exp12_docs_code_14,docs_code,paraphrase,0,ACTION1_END,39,2,-0.003129303455352783,2.980232238769531e-07
exp12_docs_code_14,docs_code,paraphrase,1,ACTION1_END,39,2,5.811452865600586e-07,4.976987838745117e-06
exp12_docs_code_00,docs_code,paraphrase,0,FINAL_INSTRUCTION_END,39,2,-4.3213367462158203e-07,8.717179298400879e-07
exp12_docs_code_00,docs_code,paraphrase,1,FINAL_INSTRUCTION_END,39,2,1.2665987014770508e-06,0.002060234546661377
exp12_docs_code_01,docs_code,paraphrase,0,FINAL_INSTRUCTION_END,39,2,-0.0031234100461006165,-0.0031249523162841797
exp12_docs_code_01,docs_code,paraphrase,1,FINAL_INSTRUCTION_END,39,2,4.76837158203125e-07,8.234381675720215e-05
exp12_docs_code_03,docs_code,paraphrase,0,FINAL_INSTRUCTION_END,39,2,-2.9802322387695312e-06,-0.0007278770208358765
exp12_docs_code_03,docs_code,paraphrase,1,FINAL_INSTRUCTION_END,39,2,0.0005720257759094238,-0.0004036426544189453
exp12_docs_code_08,docs_code,paraphrase,0,FINAL_INSTRUCTION_END,39,2,-1.862645149230957e-06,-0.003128189593553543
exp12_docs_code_08,docs_code,paraphrase,1,FINAL_INSTRUCTION_END,39,2,0.00027382373809814453,0.00039255619049072266
exp12_docs_code_09,docs_code,paraphrase,0,FINAL_INSTRUCTION_END,39,2,1.1514872312545776e-05,-0.003120187669992447
exp12_docs_code_09,docs_code,paraphrase,1,FINAL_INSTRUCTION_END,39,2,-1.9073486328125e-06,0.004522666335105896
exp12_docs_code_11,docs_code,paraphrase,0,FINAL_INSTRUCTION_END,39,2,-7.562339305877686e-07,-4.470348358154297e-07
exp12_docs_code_11,docs_code,paraphrase,1,FINAL_INSTRUCTION_END,39,2,-0.0,0.012499779462814331
exp12_docs_code_12,docs_code,paraphrase,0,FINAL_INSTRUCTION_END,39,2,0.011929918080568314,8.964166045188904e-05
exp12_docs_code_12,docs_code,paraphrase,1,FINAL_INSTRUCTION_END,39,2,0.006205789744853973,-6.705522537231445e-07
exp12_docs_code_14,docs_code,paraphrase,0,FINAL_INSTRUCTION_END,39,2,-0.0031260401010513306,0.0031202733516693115
exp12_docs_code_14,docs_code,paraphrase,1,FINAL_INSTRUCTION_END,39,2,5.185604095458984e-06,7.897615432739258e-07
exp12_docs_code_00,docs_code,paraphrase,0,USER_END,39,2,-4.3213367462158203e-07,8.717179298400879e-07
exp12_docs_code_00,docs_code,paraphrase,1,USER_END,39,2,1.2665987014770508e-06,0.002060234546661377
exp12_docs_code_01,docs_code,paraphrase,0,USER_END,39,2,-0.0031234100461006165,-0.0031249523162841797
exp12_docs_code_01,docs_code,paraphrase,1,USER_END,39,2,4.76837158203125e-07,8.234381675720215e-05
exp12_docs_code_03,docs_code,paraphrase,0,USER_END,39,2,-2.9802322387695312e-06,-0.0007278770208358765
exp12_docs_code_03,docs_code,paraphrase,1,USER_END,39,2,0.0005720257759094238,-0.0004036426544189453
exp12_docs_code_08,docs_code,paraphrase,0,USER_END,39,2,-1.862645149230957e-06,-0.003128189593553543
exp12_docs_code_08,docs_code,paraphrase,1,USER_END,39,2,0.00027382373809814453,0.00039255619049072266
exp12_docs_code_09,docs_code,paraphrase,0,USER_END,39,2,1.1514872312545776e-05,-0.003120187669992447
exp12_docs_code_09,docs_code,paraphrase,1,USER_END,39,2,-1.9073486328125e-06,0.004522666335105896
exp12_docs_code_11,docs_code,paraphrase,0,USER_END,39,2,-7.562339305877686e-07,-4.470348358154297e-07
exp12_docs_code_11,docs_code,paraphrase,1,USER_END,39,2,-0.0,0.012499779462814331
exp12_docs_code_12,docs_code,paraphrase,0,USER_END,39,2,0.011929918080568314,8.964166045188904e-05
exp12_docs_code_12,docs_code,paraphrase,1,USER_END,39,2,0.006205789744853973,-6.705522537231445e-07
exp12_docs_code_14,docs_code,paraphrase,0,USER_END,39,2,-0.0031260401010513306,0.0031202733516693115
exp12_docs_code_14,docs_code,paraphrase,1,USER_END,39,2,5.185604095458984e-06,7.897615432739258e-07
exp12_docs_code_00,docs_code,paraphrase,0,GENERATION_BOUNDARY,39,2,0.12193776294589043,0.0384947806596756
exp12_docs_code_00,docs_code,paraphrase,1,GENERATION_BOUNDARY,39,2,0.04995305836200714,0.12226438522338867
exp12_docs_code_01,docs_code,paraphrase,0,GENERATION_BOUNDARY,39,2,0.1249961331486702,0.047415778040885925
exp12_docs_code_01,docs_code,paraphrase,1,GENERATION_BOUNDARY,39,2,0.04149888455867767,0.11626579612493515
exp12_docs_code_03,docs_code,paraphrase,0,GENERATION_BOUNDARY,39,2,0.07545162737369537,0.05837106704711914
exp12_docs_code_03,docs_code,paraphrase,1,GENERATION_BOUNDARY,39,2,0.07265537977218628,0.07502244412899017
exp12_docs_code_08,docs_code,paraphrase,0,GENERATION_BOUNDARY,39,2,0.14659800380468369,0.052429839968681335
exp12_docs_code_08,docs_code,paraphrase,1,GENERATION_BOUNDARY,39,2,0.05442704260349274,0.13756702467799187
exp12_docs_code_09,docs_code,paraphrase,0,GENERATION_BOUNDARY,39,2,0.12707043066620827,0.03607247769832611
exp12_docs_code_09,docs_code,paraphrase,1,GENERATION_BOUNDARY,39,2,0.04121585190296173,0.12247876822948456
exp12_docs_code_11,docs_code,paraphrase,0,GENERATION_BOUNDARY,39,2,0.13124863430857658,0.049999773502349854
exp12_docs_code_11,docs_code,paraphrase,1,GENERATION_BOUNDARY,39,2,0.06250007450580597,0.12179611623287201
exp12_docs_code_12,docs_code,paraphrase,0,GENERATION_BOUNDARY,39,2,0.12158837914466858,0.04503508657217026
exp12_docs_code_12,docs_code,paraphrase,1,GENERATION_BOUNDARY,39,2,0.04657430946826935,0.11453929170966148
exp12_docs_code_14,docs_code,paraphrase,0,GENERATION_BOUNDARY,39,2,0.11292874813079834,0.05798608064651489
exp12_docs_code_14,docs_code,paraphrase,1,GENERATION_BOUNDARY,39,2,0.05465260148048401,0.11218017339706421
