phase,task_id,family,recipient_wording,recipient_label,donor_wording,donor_label,relation,anchor,metric,value,source_L,kv_head,readers
confirmation,exp12_test_edit_02,test_edit,canonical,0,canonical,1,opposite_same_wording,GENERATION_BOUNDARY,selected_V_sufficiency,0.2071792632341385,30,4,
confirmation,exp12_test_edit_02,test_edit,canonical,0,canonical,1,opposite_same_wording,GENERATION_BOUNDARY,selected_V_necessity_loss,0.17966945469379425,30,4,
confirmation,exp12_test_edit_02,test_edit,canonical,0,canonical,1,opposite_same_wording,GENERATION_BOUNDARY,cross_selected_V_sufficiency,0.21811960637569427,30,4,
confirmation,exp12_test_edit_02,test_edit,canonical,0,canonical,1,opposite_same_wording,GENERATION_BOUNDARY,same_state_selected_V_control,0.004164144396781921,30,4,
confirmation,exp12_test_edit_02,test_edit,canonical,0,canonical,1,opposite_same_wording,GENERATION_BOUNDARY,matched_negative_ISSUE_V_sufficiency,0.0023432374000549316,30,4,
confirmation,exp12_test_edit_02,test_edit,canonical,0,canonical,1,opposite_same_wording,GENERATION_BOUNDARY,old_absolute_V_sufficiency,0.20561669766902924,30,4,
confirmation,exp12_test_edit_02,test_edit,canonical,0,canonical,1,opposite_same_wording,ISSUE_END,runner_up_V_sufficiency,0.0023432374000549316,30,4,
confirmation,exp12_test_edit_02,test_edit,canonical,0,canonical,1,opposite_same_wording,ISSUE_END,runner_up_V_necessity_loss,2.099300891160965,30,4,
confirmation,exp12_test_edit_02,test_edit,canonical,0,canonical,1,opposite_same_wording,GENERATION_BOUNDARY,reader_target_pos_sufficiency,0.22593626379966736,30,4,"0,16,18"
confirmation,exp12_test_edit_02,test_edit,canonical,0,canonical,1,opposite_same_wording,GENERATION_BOUNDARY,reader_target_pos_necessity,0.22628659009933472,30,4,"0,16,18"
confirmation,exp12_test_edit_02,test_edit,canonical,0,canonical,1,opposite_same_wording,GENERATION_BOUNDARY,reader_negative_neg_sufficiency,-0.019107326865196228,30,4,"1,17,19"
confirmation,exp12_test_edit_02,test_edit,canonical,0,canonical,1,opposite_same_wording,GENERATION_BOUNDARY,reader_negative_neg_necessity,-0.01875700056552887,30,4,"1,17,19"
confirmation,exp12_test_edit_02,test_edit,canonical,0,canonical,1,opposite_same_wording,GENERATION_BOUNDARY,reader_non_set_sufficiency,0.0,30,4,"2,3,4,5,6,7,8,9,10,11,12,13,14,15,20,21,22,23,24,25,26,27,28,29,30,31"
confirmation,exp12_test_edit_02,test_edit,canonical,0,canonical,1,opposite_same_wording,GENERATION_BOUNDARY,reader_non_set_necessity,0.0,30,4,"2,3,4,5,6,7,8,9,10,11,12,13,14,15,20,21,22,23,24,25,26,27,28,29,30,31"
confirmation,exp12_test_edit_02,test_edit,canonical,0,canonical,1,opposite_same_wording,GENERATION_BOUNDARY,reader_all28_sufficiency,0.2071792632341385,30,4,"0,1,2,3,4,5,6,7,8,9,10,11,12,13,14,15,16,17,18,19,20,21,22,23,24,25,26,27,28,29,30,31"
confirmation,exp12_test_edit_02,test_edit,canonical,0,canonical,1,opposite_same_wording,GENERATION_BOUNDARY,reader_all28_necessity,0.2071792632341385,30,4,"0,1,2,3,4,5,6,7,8,9,10,11,12,13,14,15,16,17,18,19,20,21,22,23,24,25,26,27,28,29,30,31"
confirmation,exp12_test_edit_02,test_edit,canonical,0,canonical,1,opposite_same_wording,GENERATION_BOUNDARY,reader_verified_v_effect,0.2071792632341385,30,4,
confirmation,exp12_test_edit_02,test_edit,canonical,0,canonical,1,opposite_same_wording,GENERATION_BOUNDARY,reader_leakage_ratio,0.0,30,4,
confirmation,exp12_test_edit_02,test_edit,paraphrase,0,paraphrase,1,opposite_same_wording,GENERATION_BOUNDARY,selected_V_sufficiency,0.22785845398902893,30,4,
confirmation,exp12_test_edit_02,test_edit,paraphrase,0,paraphrase,1,opposite_same_wording,GENERATION_BOUNDARY,selected_V_necessity_loss,0.2018951177597046,30,4,
confirmation,exp12_test_edit_02,test_edit,paraphrase,0,paraphrase,1,opposite_same_wording,GENERATION_BOUNDARY,cross_selected_V_sufficiency,0.2118796855211258,30,4,
confirmation,exp12_test_edit_02,test_edit,paraphrase,0,paraphrase,1,opposite_same_wording,GENERATION_BOUNDARY,same_state_selected_V_control,-0.004029534757137299,30,4,
confirmation,exp12_test_edit_02,test_edit,paraphrase,0,paraphrase,1,opposite_same_wording,GENERATION_BOUNDARY,matched_negative_ISSUE_V_sufficiency,1.593679189682007e-05,30,4,
confirmation,exp12_test_edit_02,test_edit,paraphrase,0,paraphrase,1,opposite_same_wording,GENERATION_BOUNDARY,old_absolute_V_sufficiency,0.2246900349855423,30,4,
confirmation,exp12_test_edit_02,test_edit,paraphrase,0,paraphrase,1,opposite_same_wording,FINAL_INSTRUCTION_END,runner_up_V_sufficiency,0.0008350089192390442,30,4,
confirmation,exp12_test_edit_02,test_edit,paraphrase,0,paraphrase,1,opposite_same_wording,FINAL_INSTRUCTION_END,runner_up_V_necessity_loss,2.021465726196766,30,4,
confirmation,exp12_test_edit_02,test_edit,paraphrase,0,paraphrase,1,opposite_same_wording,GENERATION_BOUNDARY,reader_target_pos_sufficiency,0.2565121129155159,30,4,"0,16,18"
confirmation,exp12_test_edit_02,test_edit,paraphrase,0,paraphrase,1,opposite_same_wording,GENERATION_BOUNDARY,reader_target_pos_necessity,0.24788810312747955,30,4,"0,16,18"
confirmation,exp12_test_edit_02,test_edit,paraphrase,0,paraphrase,1,opposite_same_wording,GENERATION_BOUNDARY,reader_negative_neg_sufficiency,-0.020029649138450623,30,4,"1,17,19"
confirmation,exp12_test_edit_02,test_edit,paraphrase,0,paraphrase,1,opposite_same_wording,GENERATION_BOUNDARY,reader_negative_neg_necessity,-0.02865365892648697,30,4,"1,17,19"
confirmation,exp12_test_edit_02,test_edit,paraphrase,0,paraphrase,1,opposite_same_wording,GENERATION_BOUNDARY,reader_non_set_sufficiency,0.0,30,4,"2,3,4,5,6,7,8,9,10,11,12,13,14,15,20,21,22,23,24,25,26,27,28,29,30,31"
confirmation,exp12_test_edit_02,test_edit,paraphrase,0,paraphrase,1,opposite_same_wording,GENERATION_BOUNDARY,reader_non_set_necessity,0.0,30,4,"2,3,4,5,6,7,8,9,10,11,12,13,14,15,20,21,22,23,24,25,26,27,28,29,30,31"
confirmation,exp12_test_edit_02,test_edit,paraphrase,0,paraphrase,1,opposite_same_wording,GENERATION_BOUNDARY,reader_all28_sufficiency,0.22785845398902893,30,4,"0,1,2,3,4,5,6,7,8,9,10,11,12,13,14,15,16,17,18,19,20,21,22,23,24,25,26,27,28,29,30,31"
confirmation,exp12_test_edit_02,test_edit,paraphrase,0,paraphrase,1,opposite_same_wording,GENERATION_BOUNDARY,reader_all28_necessity,0.22785845398902893,30,4,"0,1,2,3,4,5,6,7,8,9,10,11,12,13,14,15,16,17,18,19,20,21,22,23,24,25,26,27,28,29,30,31"
confirmation,exp12_test_edit_02,test_edit,paraphrase,0,paraphrase,1,opposite_same_wording,GENERATION_BOUNDARY,reader_verified_v_effect,0.22785845398902893,30,4,
confirmation,exp12_test_edit_02,test_edit,paraphrase,0,paraphrase,1,opposite_same_wording,GENERATION_BOUNDARY,reader_leakage_ratio,0.0,30,4,
confirmation,exp12_test_edit_02,test_edit,canonical,1,canonical,0,opposite_same_wording,GENERATION_BOUNDARY,selected_V_sufficiency,0.1386485993862152,30,4,
confirmation,exp12_test_edit_02,test_edit,canonical,1,canonical,0,opposite_same_wording,GENERATION_BOUNDARY,selected_V_necessity_loss,0.20597881078720093,30,4,
confirmation,exp12_test_edit_02,test_edit,canonical,1,canonical,0,opposite_same_wording,GENERATION_BOUNDARY,cross_selected_V_sufficiency,0.14630389213562012,30,4,
confirmation,exp12_test_edit_02,test_edit,canonical,1,canonical,0,opposite_same_wording,GENERATION_BOUNDARY,same_state_selected_V_control,0.0076048970222473145,30,4,
confirmation,exp12_test_edit_02,test_edit,canonical,1,canonical,0,opposite_same_wording,GENERATION_BOUNDARY,matched_negative_ISSUE_V_sufficiency,0.011145099997520447,30,4,
confirmation,exp12_test_edit_02,test_edit,canonical,1,canonical,0,opposite_same_wording,GENERATION_BOUNDARY,old_absolute_V_sufficiency,0.13414600491523743,30,4,
confirmation,exp12_test_edit_02,test_edit,canonical,1,canonical,0,opposite_same_wording,ISSUE_END,runner_up_V_sufficiency,0.011145099997520447,30,4,
confirmation,exp12_test_edit_02,test_edit,canonical,1,canonical,0,opposite_same_wording,ISSUE_END,runner_up_V_necessity_loss,2.081261619925499,30,4,
confirmation,exp12_test_edit_02,test_edit,canonical,1,canonical,0,opposite_same_wording,GENERATION_BOUNDARY,reader_target_pos_sufficiency,0.16706475615501404,30,4,"0,16,18"
confirmation,exp12_test_edit_02,test_edit,canonical,1,canonical,0,opposite_same_wording,GENERATION_BOUNDARY,reader_target_pos_necessity,0.14931856095790863,30,4,"0,16,18"
confirmation,exp12_test_edit_02,test_edit,canonical,1,canonical,0,opposite_same_wording,GENERATION_BOUNDARY,reader_negative_neg_sufficiency,-0.01066996157169342,30,4,"1,17,19"
confirmation,exp12_test_edit_02,test_edit,canonical,1,canonical,0,opposite_same_wording,GENERATION_BOUNDARY,reader_negative_neg_necessity,-0.028416156768798828,30,4,"1,17,19"
confirmation,exp12_test_edit_02,test_edit,canonical,1,canonical,0,opposite_same_wording,GENERATION_BOUNDARY,reader_non_set_sufficiency,-0.0,30,4,"2,3,4,5,6,7,8,9,10,11,12,13,14,15,20,21,22,23,24,25,26,27,28,29,30,31"
confirmation,exp12_test_edit_02,test_edit,canonical,1,canonical,0,opposite_same_wording,GENERATION_BOUNDARY,reader_non_set_necessity,0.0,30,4,"2,3,4,5,6,7,8,9,10,11,12,13,14,15,20,21,22,23,24,25,26,27,28,29,30,31"
confirmation,exp12_test_edit_02,test_edit,canonical,1,canonical,0,opposite_same_wording,GENERATION_BOUNDARY,reader_all28_sufficiency,0.1386485993862152,30,4,"0,1,2,3,4,5,6,7,8,9,10,11,12,13,14,15,16,17,18,19,20,21,22,23,24,25,26,27,28,29,30,31"
confirmation,exp12_test_edit_02,test_edit,canonical,1,canonical,0,opposite_same_wording,GENERATION_BOUNDARY,reader_all28_necessity,0.1386485993862152,30,4,"0,1,2,3,4,5,6,7,8,9,10,11,12,13,14,15,16,17,18,19,20,21,22,23,24,25,26,27,28,29,30,31"
confirmation,exp12_test_edit_02,test_edit,canonical,1,canonical,0,opposite_same_wording,GENERATION_BOUNDARY,reader_verified_v_effect,0.1386485993862152,30,4,
confirmation,exp12_test_edit_02,test_edit,canonical,1,canonical,0,opposite_same_wording,GENERATION_BOUNDARY,reader_leakage_ratio,0.0,30,4,
confirmation,exp12_test_edit_02,test_edit,paraphrase,1,paraphrase,0,opposite_same_wording,GENERATION_BOUNDARY,selected_V_sufficiency,0.17686539888381958,30,4,
confirmation,exp12_test_edit_02,test_edit,paraphrase,1,paraphrase,0,opposite_same_wording,GENERATION_BOUNDARY,selected_V_necessity_loss,0.2197210192680359,30,4,
confirmation,exp12_test_edit_02,test_edit,paraphrase,1,paraphrase,0,opposite_same_wording,GENERATION_BOUNDARY,cross_selected_V_sufficiency,0.1740996539592743,30,4,
confirmation,exp12_test_edit_02,test_edit,paraphrase,1,paraphrase,0,opposite_same_wording,GENERATION_BOUNDARY,same_state_selected_V_control,-0.006874352693557739,30,4,
confirmation,exp12_test_edit_02,test_edit,paraphrase,1,paraphrase,0,opposite_same_wording,GENERATION_BOUNDARY,matched_negative_ISSUE_V_sufficiency,8.940696716308594e-06,30,4,
confirmation,exp12_test_edit_02,test_edit,paraphrase,1,paraphrase,0,opposite_same_wording,GENERATION_BOUNDARY,old_absolute_V_sufficiency,0.17534762620925903,30,4,
confirmation,exp12_test_edit_02,test_edit,paraphrase,1,paraphrase,0,opposite_same_wording,FINAL_INSTRUCTION_END,runner_up_V_sufficiency,0.0015803873538970947,30,4,
confirmation,exp12_test_edit_02,test_edit,paraphrase,1,paraphrase,0,opposite_same_wording,FINAL_INSTRUCTION_END,runner_up_V_necessity_loss,2.0131935626268387,30,4,
confirmation,exp12_test_edit_02,test_edit,paraphrase,1,paraphrase,0,opposite_same_wording,GENERATION_BOUNDARY,reader_target_pos_sufficiency,0.22103151679039001,30,4,"0,16,18"
confirmation,exp12_test_edit_02,test_edit,paraphrase,1,paraphrase,0,opposite_same_wording,GENERATION_BOUNDARY,reader_target_pos_necessity,0.20781075954437256,30,4,"0,16,18"
confirmation,exp12_test_edit_02,test_edit,paraphrase,1,paraphrase,0,opposite_same_wording,GENERATION_BOUNDARY,reader_negative_neg_sufficiency,-0.03094536066055298,30,4,"1,17,19"
confirmation,exp12_test_edit_02,test_edit,paraphrase,1,paraphrase,0,opposite_same_wording,GENERATION_BOUNDARY,reader_negative_neg_necessity,-0.044166117906570435,30,4,"1,17,19"
confirmation,exp12_test_edit_02,test_edit,paraphrase,1,paraphrase,0,opposite_same_wording,GENERATION_BOUNDARY,reader_non_set_sufficiency,-0.0,30,4,"2,3,4,5,6,7,8,9,10,11,12,13,14,15,20,21,22,23,24,25,26,27,28,29,30,31"
confirmation,exp12_test_edit_02,test_edit,paraphrase,1,paraphrase,0,opposite_same_wording,GENERATION_BOUNDARY,reader_non_set_necessity,0.0,30,4,"2,3,4,5,6,7,8,9,10,11,12,13,14,15,20,21,22,23,24,25,26,27,28,29,30,31"
confirmation,exp12_test_edit_02,test_edit,paraphrase,1,paraphrase,0,opposite_same_wording,GENERATION_BOUNDARY,reader_all28_sufficiency,0.17686539888381958,30,4,"0,1,2,3,4,5,6,7,8,9,10,11,12,13,14,15,16,17,18,19,20,21,22,23,24,25,26,27,28,29,30,31"
confirmation,exp12_test_edit_02,test_edit,paraphrase,1,paraphrase,0,opposite_same_wording,GENERATION_BOUNDARY,reader_all28_necessity,0.17686539888381958,30,4,"0,1,2,3,4,5,6,7,8,9,10,11,12,13,14,15,16,17,18,19,20,21,22,23,24,25,26,27,28,29,30,31"
confirmation,exp12_test_edit_02,test_edit,paraphrase,1,paraphrase,0,opposite_same_wording,GENERATION_BOUNDARY,reader_verified_v_effect,0.17686539888381958,30,4,
confirmation,exp12_test_edit_02,test_edit,paraphrase,1,paraphrase,0,opposite_same_wording,GENERATION_BOUNDARY,reader_leakage_ratio,0.0,30,4,
confirmation,exp12_test_edit_02,test_edit,direct,0,direct,1,direct_opposite_label,USER_END,direct_V_sufficiency,0.028117671608924866,30,4,
confirmation,exp12_test_edit_02,test_edit,direct,1,direct,0,direct_opposite_label,USER_END,direct_V_sufficiency,0.0305195152759552,30,4,
confirmation,exp12_test_edit_04,test_edit,canonical,0,canonical,1,opposite_same_wording,GENERATION_BOUNDARY,selected_V_sufficiency,0.18986480683088303,30,4,
confirmation,exp12_test_edit_04,test_edit,canonical,0,canonical,1,opposite_same_wording,GENERATION_BOUNDARY,selected_V_necessity_loss,0.15760000050067902,30,4,
confirmation,exp12_test_edit_04,test_edit,canonical,0,canonical,1,opposite_same_wording,GENERATION_BOUNDARY,cross_selected_V_sufficiency,0.19978069514036179,30,4,
confirmation,exp12_test_edit_04,test_edit,canonical,0,canonical,1,opposite_same_wording,GENERATION_BOUNDARY,same_state_selected_V_control,-0.0013375133275985718,30,4,
confirmation,exp12_test_edit_04,test_edit,canonical,0,canonical,1,opposite_same_wording,GENERATION_BOUNDARY,matched_negative_ISSUE_V_sufficiency,0.0021305903792381287,30,4,
confirmation,exp12_test_edit_04,test_edit,canonical,0,canonical,1,opposite_same_wording,GENERATION_BOUNDARY,old_absolute_V_sufficiency,0.18850045651197433,30,4,
confirmation,exp12_test_edit_04,test_edit,canonical,0,canonical,1,opposite_same_wording,ISSUE_END,runner_up_V_sufficiency,0.0021305903792381287,30,4,
confirmation,exp12_test_edit_04,test_edit,canonical,0,canonical,1,opposite_same_wording,ISSUE_END,runner_up_V_necessity_loss,1.915964037179947,30,4,
confirmation,exp12_test_edit_04,test_edit,canonical,0,canonical,1,opposite_same_wording,GENERATION_BOUNDARY,reader_target_pos_sufficiency,0.20974694937467575,30,4,"0,16,18"
confirmation,exp12_test_edit_04,test_edit,canonical,0,canonical,1,opposite_same_wording,GENERATION_BOUNDARY,reader_target_pos_necessity,0.2034503072500229,30,4,"0,16,18"
confirmation,exp12_test_edit_04,test_edit,canonical,0,canonical,1,opposite_same_wording,GENERATION_BOUNDARY,reader_negative_neg_sufficiency,-0.013585500419139862,30,4,"1,17,19"
confirmation,exp12_test_edit_04,test_edit,canonical,0,canonical,1,opposite_same_wording,GENERATION_BOUNDARY,reader_negative_neg_necessity,-0.019882142543792725,30,4,"1,17,19"
confirmation,exp12_test_edit_04,test_edit,canonical,0,canonical,1,opposite_same_wording,GENERATION_BOUNDARY,reader_non_set_sufficiency,0.0,30,4,"2,3,4,5,6,7,8,9,10,11,12,13,14,15,20,21,22,23,24,25,26,27,28,29,30,31"
confirmation,exp12_test_edit_04,test_edit,canonical,0,canonical,1,opposite_same_wording,GENERATION_BOUNDARY,reader_non_set_necessity,0.0,30,4,"2,3,4,5,6,7,8,9,10,11,12,13,14,15,20,21,22,23,24,25,26,27,28,29,30,31"
confirmation,exp12_test_edit_04,test_edit,canonical,0,canonical,1,opposite_same_wording,GENERATION_BOUNDARY,reader_all28_sufficiency,0.18986480683088303,30,4,"0,1,2,3,4,5,6,7,8,9,10,11,12,13,14,15,16,17,18,19,20,21,22,23,24,25,26,27,28,29,30,31"
confirmation,exp12_test_edit_04,test_edit,canonical,0,canonical,1,opposite_same_wording,GENERATION_BOUNDARY,reader_all28_necessity,0.18986480683088303,30,4,"0,1,2,3,4,5,6,7,8,9,10,11,12,13,14,15,16,17,18,19,20,21,22,23,24,25,26,27,28,29,30,31"
confirmation,exp12_test_edit_04,test_edit,canonical,0,canonical,1,opposite_same_wording,GENERATION_BOUNDARY,reader_verified_v_effect,0.18986480683088303,30,4,
confirmation,exp12_test_edit_04,test_edit,canonical,0,canonical,1,opposite_same_wording,GENERATION_BOUNDARY,reader_leakage_ratio,0.0,30,4,
confirmation,exp12_test_edit_04,test_edit,paraphrase,0,paraphrase,1,opposite_same_wording,GENERATION_BOUNDARY,selected_V_sufficiency,0.20586621016263962,30,4,
confirmation,exp12_test_edit_04,test_edit,paraphrase,0,paraphrase,1,opposite_same_wording,GENERATION_BOUNDARY,selected_V_necessity_loss,0.16597411036491394,30,4,
confirmation,exp12_test_edit_04,test_edit,paraphrase,0,paraphrase,1,opposite_same_wording,GENERATION_BOUNDARY,cross_selected_V_sufficiency,0.19383545964956284,30,4,
confirmation,exp12_test_edit_04,test_edit,paraphrase,0,paraphrase,1,opposite_same_wording,GENERATION_BOUNDARY,same_state_selected_V_control,0.0020578019320964813,30,4,
confirmation,exp12_test_edit_04,test_edit,paraphrase,0,paraphrase,1,opposite_same_wording,GENERATION_BOUNDARY,matched_negative_ISSUE_V_sufficiency,-0.0006467141211032867,30,4,
confirmation,exp12_test_edit_04,test_edit,paraphrase,0,paraphrase,1,opposite_same_wording,GENERATION_BOUNDARY,old_absolute_V_sufficiency,0.20454438775777817,30,4,
confirmation,exp12_test_edit_04,test_edit,paraphrase,0,paraphrase,1,opposite_same_wording,FINAL_INSTRUCTION_END,runner_up_V_sufficiency,0.00361793115735054,30,4,
confirmation,exp12_test_edit_04,test_edit,paraphrase,0,paraphrase,1,opposite_same_wording,FINAL_INSTRUCTION_END,runner_up_V_necessity_loss,1.858365684747696,30,4,
confirmation,exp12_test_edit_04,test_edit,paraphrase,0,paraphrase,1,opposite_same_wording,GENERATION_BOUNDARY,reader_target_pos_sufficiency,0.2350882962346077,30,4,"0,16,18"
confirmation,exp12_test_edit_04,test_edit,paraphrase,0,paraphrase,1,opposite_same_wording,GENERATION_BOUNDARY,reader_target_pos_necessity,0.2252144180238247,30,4,"0,16,18"
confirmation,exp12_test_edit_04,test_edit,paraphrase,0,paraphrase,1,opposite_same_wording,GENERATION_BOUNDARY,reader_negative_neg_sufficiency,-0.019348207861185074,30,4,"1,17,19"
confirmation,exp12_test_edit_04,test_edit,paraphrase,0,paraphrase,1,opposite_same_wording,GENERATION_BOUNDARY,reader_negative_neg_necessity,-0.02922208607196808,30,4,"1,17,19"
confirmation,exp12_test_edit_04,test_edit,paraphrase,0,paraphrase,1,opposite_same_wording,GENERATION_BOUNDARY,reader_non_set_sufficiency,0.0,30,4,"2,3,4,5,6,7,8,9,10,11,12,13,14,15,20,21,22,23,24,25,26,27,28,29,30,31"
confirmation,exp12_test_edit_04,test_edit,paraphrase,0,paraphrase,1,opposite_same_wording,GENERATION_BOUNDARY,reader_non_set_necessity,0.0,30,4,"2,3,4,5,6,7,8,9,10,11,12,13,14,15,20,21,22,23,24,25,26,27,28,29,30,31"
confirmation,exp12_test_edit_04,test_edit,paraphrase,0,paraphrase,1,opposite_same_wording,GENERATION_BOUNDARY,reader_all28_sufficiency,0.20586621016263962,30,4,"0,1,2,3,4,5,6,7,8,9,10,11,12,13,14,15,16,17,18,19,20,21,22,23,24,25,26,27,28,29,30,31"
confirmation,exp12_test_edit_04,test_edit,paraphrase,0,paraphrase,1,opposite_same_wording,GENERATION_BOUNDARY,reader_all28_necessity,0.20586621016263962,30,4,"0,1,2,3,4,5,6,7,8,9,10,11,12,13,14,15,16,17,18,19,20,21,22,23,24,25,26,27,28,29,30,31"
confirmation,exp12_test_edit_04,test_edit,paraphrase,0,paraphrase,1,opposite_same_wording,GENERATION_BOUNDARY,reader_verified_v_effect,0.20586621016263962,30,4,
confirmation,exp12_test_edit_04,test_edit,paraphrase,0,paraphrase,1,opposite_same_wording,GENERATION_BOUNDARY,reader_leakage_ratio,0.0,30,4,
confirmation,exp12_test_edit_04,test_edit,canonical,1,canonical,0,opposite_same_wording,GENERATION_BOUNDARY,selected_V_sufficiency,0.11840328574180603,30,4,
confirmation,exp12_test_edit_04,test_edit,canonical,1,canonical,0,opposite_same_wording,GENERATION_BOUNDARY,selected_V_necessity_loss,0.18012001365423203,30,4,
confirmation,exp12_test_edit_04,test_edit,canonical,1,canonical,0,opposite_same_wording,GENERATION_BOUNDARY,cross_selected_V_sufficiency,0.12659241259098053,30,4,
confirmation,exp12_test_edit_04,test_edit,canonical,1,canonical,0,opposite_same_wording,GENERATION_BOUNDARY,same_state_selected_V_control,0.010807797312736511,30,4,
confirmation,exp12_test_edit_04,test_edit,canonical,1,canonical,0,opposite_same_wording,GENERATION_BOUNDARY,matched_negative_ISSUE_V_sufficiency,-0.003897532820701599,30,4,
confirmation,exp12_test_edit_04,test_edit,canonical,1,canonical,0,opposite_same_wording,GENERATION_BOUNDARY,old_absolute_V_sufficiency,0.11558568477630615,30,4,
confirmation,exp12_test_edit_04,test_edit,canonical,1,canonical,0,opposite_same_wording,ISSUE_END,runner_up_V_sufficiency,-0.003897532820701599,30,4,
confirmation,exp12_test_edit_04,test_edit,canonical,1,canonical,0,opposite_same_wording,ISSUE_END,runner_up_V_necessity_loss,1.9042231366038322,30,4,
confirmation,exp12_test_edit_04,test_edit,canonical,1,canonical,0,opposite_same_wording,GENERATION_BOUNDARY,reader_target_pos_sufficiency,0.14146928489208221,30,4,"0,16,18"
confirmation,exp12_test_edit_04,test_edit,canonical,1,canonical,0,opposite_same_wording,GENERATION_BOUNDARY,reader_target_pos_necessity,0.13764899969100952,30,4,"0,16,18"
confirmation,exp12_test_edit_04,test_edit,canonical,1,canonical,0,opposite_same_wording,GENERATION_BOUNDARY,reader_negative_neg_sufficiency,-0.01924571394920349,30,4,"1,17,19"
confirmation,exp12_test_edit_04,test_edit,canonical,1,canonical,0,opposite_same_wording,GENERATION_BOUNDARY,reader_negative_neg_necessity,-0.023065999150276184,30,4,"1,17,19"
confirmation,exp12_test_edit_04,test_edit,canonical,1,canonical,0,opposite_same_wording,GENERATION_BOUNDARY,reader_non_set_sufficiency,-0.0,30,4,"2,3,4,5,6,7,8,9,10,11,12,13,14,15,20,21,22,23,24,25,26,27,28,29,30,31"
confirmation,exp12_test_edit_04,test_edit,canonical,1,canonical,0,opposite_same_wording,GENERATION_BOUNDARY,reader_non_set_necessity,0.0,30,4,"2,3,4,5,6,7,8,9,10,11,12,13,14,15,20,21,22,23,24,25,26,27,28,29,30,31"
confirmation,exp12_test_edit_04,test_edit,canonical,1,canonical,0,opposite_same_wording,GENERATION_BOUNDARY,reader_all28_sufficiency,0.11840328574180603,30,4,"0,1,2,3,4,5,6,7,8,9,10,11,12,13,14,15,16,17,18,19,20,21,22,23,24,25,26,27,28,29,30,31"
confirmation,exp12_test_edit_04,test_edit,canonical,1,canonical,0,opposite_same_wording,GENERATION_BOUNDARY,reader_all28_necessity,0.11840328574180603,30,4,"0,1,2,3,4,5,6,7,8,9,10,11,12,13,14,15,16,17,18,19,20,21,22,23,24,25,26,27,28,29,30,31"
confirmation,exp12_test_edit_04,test_edit,canonical,1,canonical,0,opposite_same_wording,GENERATION_BOUNDARY,reader_verified_v_effect,0.11840328574180603,30,4,
confirmation,exp12_test_edit_04,test_edit,canonical,1,canonical,0,opposite_same_wording,GENERATION_BOUNDARY,reader_leakage_ratio,0.0,30,4,
confirmation,exp12_test_edit_04,test_edit,paraphrase,1,paraphrase,0,opposite_same_wording,GENERATION_BOUNDARY,selected_V_sufficiency,0.1496017575263977,30,4,
confirmation,exp12_test_edit_04,test_edit,paraphrase,1,paraphrase,0,opposite_same_wording,GENERATION_BOUNDARY,selected_V_necessity_loss,0.19825907796621323,30,4,
confirmation,exp12_test_edit_04,test_edit,paraphrase,1,paraphrase,0,opposite_same_wording,GENERATION_BOUNDARY,cross_selected_V_sufficiency,0.14278829097747803,30,4,
confirmation,exp12_test_edit_04,test_edit,paraphrase,1,paraphrase,0,opposite_same_wording,GENERATION_BOUNDARY,same_state_selected_V_control,-0.009958088397979736,30,4,
confirmation,exp12_test_edit_04,test_edit,paraphrase,1,paraphrase,0,opposite_same_wording,GENERATION_BOUNDARY,matched_negative_ISSUE_V_sufficiency,0.005149483680725098,30,4,
confirmation,exp12_test_edit_04,test_edit,paraphrase,1,paraphrase,0,opposite_same_wording,GENERATION_BOUNDARY,old_absolute_V_sufficiency,0.13559171557426453,30,4,
confirmation,exp12_test_edit_04,test_edit,paraphrase,1,paraphrase,0,opposite_same_wording,FINAL_INSTRUCTION_END,runner_up_V_sufficiency,0.0013543367385864258,30,4,
confirmation,exp12_test_edit_04,test_edit,paraphrase,1,paraphrase,0,opposite_same_wording,FINAL_INSTRUCTION_END,runner_up_V_necessity_loss,1.831822730600834,30,4,
confirmation,exp12_test_edit_04,test_edit,paraphrase,1,paraphrase,0,opposite_same_wording,GENERATION_BOUNDARY,reader_target_pos_sufficiency,0.19264808297157288,30,4,"0,16,18"
confirmation,exp12_test_edit_04,test_edit,paraphrase,1,paraphrase,0,opposite_same_wording,GENERATION_BOUNDARY,reader_target_pos_necessity,0.18115845322608948,30,4,"0,16,18"
confirmation,exp12_test_edit_04,test_edit,paraphrase,1,paraphrase,0,opposite_same_wording,GENERATION_BOUNDARY,reader_negative_neg_sufficiency,-0.03155669569969177,30,4,"1,17,19"
confirmation,exp12_test_edit_04,test_edit,paraphrase,1,paraphrase,0,opposite_same_wording,GENERATION_BOUNDARY,reader_negative_neg_necessity,-0.04304632544517517,30,4,"1,17,19"
confirmation,exp12_test_edit_04,test_edit,paraphrase,1,paraphrase,0,opposite_same_wording,GENERATION_BOUNDARY,reader_non_set_sufficiency,-0.0,30,4,"2,3,4,5,6,7,8,9,10,11,12,13,14,15,20,21,22,23,24,25,26,27,28,29,30,31"
confirmation,exp12_test_edit_04,test_edit,paraphrase,1,paraphrase,0,opposite_same_wording,GENERATION_BOUNDARY,reader_non_set_necessity,0.0,30,4,"2,3,4,5,6,7,8,9,10,11,12,13,14,15,20,21,22,23,24,25,26,27,28,29,30,31"
confirmation,exp12_test_edit_04,test_edit,paraphrase,1,paraphrase,0,opposite_same_wording,GENERATION_BOUNDARY,reader_all28_sufficiency,0.1496017575263977,30,4,"0,1,2,3,4,5,6,7,8,9,10,11,12,13,14,15,16,17,18,19,20,21,22,23,24,25,26,27,28,29,30,31"
confirmation,exp12_test_edit_04,test_edit,paraphrase,1,paraphrase,0,opposite_same_wording,GENERATION_BOUNDARY,reader_all28_necessity,0.1496017575263977,30,4,"0,1,2,3,4,5,6,7,8,9,10,11,12,13,14,15,16,17,18,19,20,21,22,23,24,25,26,27,28,29,30,31"
confirmation,exp12_test_edit_04,test_edit,paraphrase,1,paraphrase,0,opposite_same_wording,GENERATION_BOUNDARY,reader_verified_v_effect,0.1496017575263977,30,4,
confirmation,exp12_test_edit_04,test_edit,paraphrase,1,paraphrase,0,opposite_same_wording,GENERATION_BOUNDARY,reader_leakage_ratio,0.0,30,4,
confirmation,exp12_test_edit_04,test_edit,direct,0,direct,1,direct_opposite_label,USER_END,direct_V_sufficiency,0.02184264361858368,30,4,
confirmation,exp12_test_edit_04,test_edit,direct,1,direct,0,direct_opposite_label,USER_END,direct_V_sufficiency,0.03544694185256958,30,4,
confirmation,exp12_test_edit_06,test_edit,canonical,0,canonical,1,opposite_same_wording,GENERATION_BOUNDARY,selected_V_sufficiency,0.2054639756679535,30,4,
confirmation,exp12_test_edit_06,test_edit,canonical,0,canonical,1,opposite_same_wording,GENERATION_BOUNDARY,selected_V_necessity_loss,0.18777938187122345,30,4,
confirmation,exp12_test_edit_06,test_edit,canonical,0,canonical,1,opposite_same_wording,GENERATION_BOUNDARY,cross_selected_V_sufficiency,0.21312637627124786,30,4,
confirmation,exp12_test_edit_06,test_edit,canonical,0,canonical,1,opposite_same_wording,GENERATION_BOUNDARY,same_state_selected_V_control,-0.0045611560344696045,30,4,
confirmation,exp12_test_edit_06,test_edit,canonical,0,canonical,1,opposite_same_wording,GENERATION_BOUNDARY,matched_negative_ISSUE_V_sufficiency,-0.0037078186869621277,30,4,
confirmation,exp12_test_edit_06,test_edit,canonical,0,canonical,1,opposite_same_wording,GENERATION_BOUNDARY,old_absolute_V_sufficiency,0.2035912722349167,30,4,
confirmation,exp12_test_edit_06,test_edit,canonical,0,canonical,1,opposite_same_wording,ISSUE_END,runner_up_V_sufficiency,-0.0037078186869621277,30,4,
confirmation,exp12_test_edit_06,test_edit,canonical,0,canonical,1,opposite_same_wording,ISSUE_END,runner_up_V_necessity_loss,2.1177308559417725,30,4,
confirmation,exp12_test_edit_06,test_edit,canonical,0,canonical,1,opposite_same_wording,GENERATION_BOUNDARY,reader_target_pos_sufficiency,0.22553588449954987,30,4,"0,16,18"
confirmation,exp12_test_edit_06,test_edit,canonical,0,canonical,1,opposite_same_wording,GENERATION_BOUNDARY,reader_target_pos_necessity,0.22325048595666885,30,4,"0,16,18"
confirmation,exp12_test_edit_06,test_edit,canonical,0,canonical,1,opposite_same_wording,GENERATION_BOUNDARY,reader_negative_neg_sufficiency,-0.017786510288715363,30,4,"1,17,19"
confirmation,exp12_test_edit_06,test_edit,canonical,0,canonical,1,opposite_same_wording,GENERATION_BOUNDARY,reader_negative_neg_necessity,-0.020071908831596375,30,4,"1,17,19"
confirmation,exp12_test_edit_06,test_edit,canonical,0,canonical,1,opposite_same_wording,GENERATION_BOUNDARY,reader_non_set_sufficiency,0.0,30,4,"2,3,4,5,6,7,8,9,10,11,12,13,14,15,20,21,22,23,24,25,26,27,28,29,30,31"
confirmation,exp12_test_edit_06,test_edit,canonical,0,canonical,1,opposite_same_wording,GENERATION_BOUNDARY,reader_non_set_necessity,0.0,30,4,"2,3,4,5,6,7,8,9,10,11,12,13,14,15,20,21,22,23,24,25,26,27,28,29,30,31"
confirmation,exp12_test_edit_06,test_edit,canonical,0,canonical,1,opposite_same_wording,GENERATION_BOUNDARY,reader_all28_sufficiency,0.2054639756679535,30,4,"0,1,2,3,4,5,6,7,8,9,10,11,12,13,14,15,16,17,18,19,20,21,22,23,24,25,26,27,28,29,30,31"
confirmation,exp12_test_edit_06,test_edit,canonical,0,canonical,1,opposite_same_wording,GENERATION_BOUNDARY,reader_all28_necessity,0.2054639756679535,30,4,"0,1,2,3,4,5,6,7,8,9,10,11,12,13,14,15,16,17,18,19,20,21,22,23,24,25,26,27,28,29,30,31"
confirmation,exp12_test_edit_06,test_edit,canonical,0,canonical,1,opposite_same_wording,GENERATION_BOUNDARY,reader_verified_v_effect,0.2054639756679535,30,4,
confirmation,exp12_test_edit_06,test_edit,canonical,0,canonical,1,opposite_same_wording,GENERATION_BOUNDARY,reader_leakage_ratio,0.0,30,4,
confirmation,exp12_test_edit_06,test_edit,paraphrase,0,paraphrase,1,opposite_same_wording,GENERATION_BOUNDARY,selected_V_sufficiency,0.21970877051353455,30,4,
confirmation,exp12_test_edit_06,test_edit,paraphrase,0,paraphrase,1,opposite_same_wording,GENERATION_BOUNDARY,selected_V_necessity_loss,0.21659597754478455,30,4,
confirmation,exp12_test_edit_06,test_edit,paraphrase,0,paraphrase,1,opposite_same_wording,GENERATION_BOUNDARY,cross_selected_V_sufficiency,0.21144142001867294,30,4,
confirmation,exp12_test_edit_06,test_edit,paraphrase,0,paraphrase,1,opposite_same_wording,GENERATION_BOUNDARY,same_state_selected_V_control,0.0024093911051750183,30,4,
confirmation,exp12_test_edit_06,test_edit,paraphrase,0,paraphrase,1,opposite_same_wording,GENERATION_BOUNDARY,matched_negative_ISSUE_V_sufficiency,-0.0031606480479240417,30,4,
confirmation,exp12_test_edit_06,test_edit,paraphrase,0,paraphrase,1,opposite_same_wording,GENERATION_BOUNDARY,old_absolute_V_sufficiency,0.21818172931671143,30,4,
confirmation,exp12_test_edit_06,test_edit,paraphrase,0,paraphrase,1,opposite_same_wording,FINAL_INSTRUCTION_END,runner_up_V_sufficiency,-0.0008458271622657776,30,4,
confirmation,exp12_test_edit_06,test_edit,paraphrase,0,paraphrase,1,opposite_same_wording,FINAL_INSTRUCTION_END,runner_up_V_necessity_loss,2.0008055344223976,30,4,
confirmation,exp12_test_edit_06,test_edit,paraphrase,0,paraphrase,1,opposite_same_wording,GENERATION_BOUNDARY,reader_target_pos_sufficiency,0.25049636512994766,30,4,"0,16,18"
confirmation,exp12_test_edit_06,test_edit,paraphrase,0,paraphrase,1,opposite_same_wording,GENERATION_BOUNDARY,reader_target_pos_necessity,0.24302104860544205,30,4,"0,16,18"
confirmation,exp12_test_edit_06,test_edit,paraphrase,0,paraphrase,1,opposite_same_wording,GENERATION_BOUNDARY,reader_negative_neg_sufficiency,-0.0233122780919075,30,4,"1,17,19"
confirmation,exp12_test_edit_06,test_edit,paraphrase,0,paraphrase,1,opposite_same_wording,GENERATION_BOUNDARY,reader_negative_neg_necessity,-0.030787594616413116,30,4,"1,17,19"
confirmation,exp12_test_edit_06,test_edit,paraphrase,0,paraphrase,1,opposite_same_wording,GENERATION_BOUNDARY,reader_non_set_sufficiency,0.0,30,4,"2,3,4,5,6,7,8,9,10,11,12,13,14,15,20,21,22,23,24,25,26,27,28,29,30,31"
confirmation,exp12_test_edit_06,test_edit,paraphrase,0,paraphrase,1,opposite_same_wording,GENERATION_BOUNDARY,reader_non_set_necessity,0.0,30,4,"2,3,4,5,6,7,8,9,10,11,12,13,14,15,20,21,22,23,24,25,26,27,28,29,30,31"
confirmation,exp12_test_edit_06,test_edit,paraphrase,0,paraphrase,1,opposite_same_wording,GENERATION_BOUNDARY,reader_all28_sufficiency,0.21970877051353455,30,4,"0,1,2,3,4,5,6,7,8,9,10,11,12,13,14,15,16,17,18,19,20,21,22,23,24,25,26,27,28,29,30,31"
confirmation,exp12_test_edit_06,test_edit,paraphrase,0,paraphrase,1,opposite_same_wording,GENERATION_BOUNDARY,reader_all28_necessity,0.21970877051353455,30,4,"0,1,2,3,4,5,6,7,8,9,10,11,12,13,14,15,16,17,18,19,20,21,22,23,24,25,26,27,28,29,30,31"
confirmation,exp12_test_edit_06,test_edit,paraphrase,0,paraphrase,1,opposite_same_wording,GENERATION_BOUNDARY,reader_verified_v_effect,0.21970877051353455,30,4,
confirmation,exp12_test_edit_06,test_edit,paraphrase,0,paraphrase,1,opposite_same_wording,GENERATION_BOUNDARY,reader_leakage_ratio,0.0,30,4,
confirmation,exp12_test_edit_06,test_edit,canonical,1,canonical,0,opposite_same_wording,GENERATION_BOUNDARY,selected_V_sufficiency,0.1281752735376358,30,4,
confirmation,exp12_test_edit_06,test_edit,canonical,1,canonical,0,opposite_same_wording,GENERATION_BOUNDARY,selected_V_necessity_loss,0.2085927426815033,30,4,
confirmation,exp12_test_edit_06,test_edit,canonical,1,canonical,0,opposite_same_wording,GENERATION_BOUNDARY,cross_selected_V_sufficiency,0.13727368414402008,30,4,
confirmation,exp12_test_edit_06,test_edit,canonical,1,canonical,0,opposite_same_wording,GENERATION_BOUNDARY,same_state_selected_V_control,0.0066339969635009766,30,4,
confirmation,exp12_test_edit_06,test_edit,canonical,1,canonical,0,opposite_same_wording,GENERATION_BOUNDARY,matched_negative_ISSUE_V_sufficiency,-0.0011610835790634155,30,4,
confirmation,exp12_test_edit_06,test_edit,canonical,1,canonical,0,opposite_same_wording,GENERATION_BOUNDARY,old_absolute_V_sufficiency,0.1252673715353012,30,4,
confirmation,exp12_test_edit_06,test_edit,canonical,1,canonical,0,opposite_same_wording,ISSUE_END,runner_up_V_sufficiency,-0.0011610835790634155,30,4,
confirmation,exp12_test_edit_06,test_edit,canonical,1,canonical,0,opposite_same_wording,ISSUE_END,runner_up_V_necessity_loss,2.110241398215294,30,4,
confirmation,exp12_test_edit_06,test_edit,canonical,1,canonical,0,opposite_same_wording,GENERATION_BOUNDARY,reader_target_pos_sufficiency,0.1595061868429184,30,4,"0,16,18"
confirmation,exp12_test_edit_06,test_edit,canonical,1,canonical,0,opposite_same_wording,GENERATION_BOUNDARY,reader_target_pos_necessity,0.1499301642179489,30,4,"0,16,18"
confirmation,exp12_test_edit_06,test_edit,canonical,1,canonical,0,opposite_same_wording,GENERATION_BOUNDARY,reader_negative_neg_sufficiency,-0.02175489068031311,30,4,"1,17,19"
confirmation,exp12_test_edit_06,test_edit,canonical,1,canonical,0,opposite_same_wording,GENERATION_BOUNDARY,reader_negative_neg_necessity,-0.03133091330528259,30,4,"1,17,19"
confirmation,exp12_test_edit_06,test_edit,canonical,1,canonical,0,opposite_same_wording,GENERATION_BOUNDARY,reader_non_set_sufficiency,-0.0,30,4,"2,3,4,5,6,7,8,9,10,11,12,13,14,15,20,21,22,23,24,25,26,27,28,29,30,31"
confirmation,exp12_test_edit_06,test_edit,canonical,1,canonical,0,opposite_same_wording,GENERATION_BOUNDARY,reader_non_set_necessity,0.0,30,4,"2,3,4,5,6,7,8,9,10,11,12,13,14,15,20,21,22,23,24,25,26,27,28,29,30,31"
confirmation,exp12_test_edit_06,test_edit,canonical,1,canonical,0,opposite_same_wording,GENERATION_BOUNDARY,reader_all28_sufficiency,0.1281752735376358,30,4,"0,1,2,3,4,5,6,7,8,9,10,11,12,13,14,15,16,17,18,19,20,21,22,23,24,25,26,27,28,29,30,31"
confirmation,exp12_test_edit_06,test_edit,canonical,1,canonical,0,opposite_same_wording,GENERATION_BOUNDARY,reader_all28_necessity,0.1281752735376358,30,4,"0,1,2,3,4,5,6,7,8,9,10,11,12,13,14,15,16,17,18,19,20,21,22,23,24,25,26,27,28,29,30,31"
confirmation,exp12_test_edit_06,test_edit,canonical,1,canonical,0,opposite_same_wording,GENERATION_BOUNDARY,reader_verified_v_effect,0.1281752735376358,30,4,
confirmation,exp12_test_edit_06,test_edit,canonical,1,canonical,0,opposite_same_wording,GENERATION_BOUNDARY,reader_leakage_ratio,0.0,30,4,
confirmation,exp12_test_edit_06,test_edit,paraphrase,1,paraphrase,0,opposite_same_wording,GENERATION_BOUNDARY,selected_V_sufficiency,0.18491649627685547,30,4,
confirmation,exp12_test_edit_06,test_edit,paraphrase,1,paraphrase,0,opposite_same_wording,GENERATION_BOUNDARY,selected_V_necessity_loss,0.21423252671957016,30,4,
confirmation,exp12_test_edit_06,test_edit,paraphrase,1,paraphrase,0,opposite_same_wording,GENERATION_BOUNDARY,cross_selected_V_sufficiency,0.17449450492858887,30,4,
confirmation,exp12_test_edit_06,test_edit,paraphrase,1,paraphrase,0,opposite_same_wording,GENERATION_BOUNDARY,same_state_selected_V_control,-0.012830883264541626,30,4,
confirmation,exp12_test_edit_06,test_edit,paraphrase,1,paraphrase,0,opposite_same_wording,GENERATION_BOUNDARY,matched_negative_ISSUE_V_sufficiency,0.006156831979751587,30,4,
confirmation,exp12_test_edit_06,test_edit,paraphrase,1,paraphrase,0,opposite_same_wording,GENERATION_BOUNDARY,old_absolute_V_sufficiency,0.17719393968582153,30,4,
confirmation,exp12_test_edit_06,test_edit,paraphrase,1,paraphrase,0,opposite_same_wording,FINAL_INSTRUCTION_END,runner_up_V_sufficiency,0.006890445947647095,30,4,
confirmation,exp12_test_edit_06,test_edit,paraphrase,1,paraphrase,0,opposite_same_wording,FINAL_INSTRUCTION_END,runner_up_V_necessity_loss,2.0021358355879784,30,4,
confirmation,exp12_test_edit_06,test_edit,paraphrase,1,paraphrase,0,opposite_same_wording,GENERATION_BOUNDARY,reader_target_pos_sufficiency,0.22919529676437378,30,4,"0,16,18"
confirmation,exp12_test_edit_06,test_edit,paraphrase,1,paraphrase,0,opposite_same_wording,GENERATION_BOUNDARY,reader_target_pos_necessity,0.2107398509979248,30,4,"0,16,18"
confirmation,exp12_test_edit_06,test_edit,paraphrase,1,paraphrase,0,opposite_same_wording,GENERATION_BOUNDARY,reader_negative_neg_sufficiency,-0.025823354721069336,30,4,"1,17,19"
confirmation,exp12_test_edit_06,test_edit,paraphrase,1,paraphrase,0,opposite_same_wording,GENERATION_BOUNDARY,reader_negative_neg_necessity,-0.04427880048751831,30,4,"1,17,19"
confirmation,exp12_test_edit_06,test_edit,paraphrase,1,paraphrase,0,opposite_same_wording,GENERATION_BOUNDARY,reader_non_set_sufficiency,-0.0,30,4,"2,3,4,5,6,7,8,9,10,11,12,13,14,15,20,21,22,23,24,25,26,27,28,29,30,31"
confirmation,exp12_test_edit_06,test_edit,paraphrase,1,paraphrase,0,opposite_same_wording,GENERATION_BOUNDARY,reader_non_set_necessity,0.0,30,4,"2,3,4,5,6,7,8,9,10,11,12,13,14,15,20,21,22,23,24,25,26,27,28,29,30,31"
confirmation,exp12_test_edit_06,test_edit,paraphrase,1,paraphrase,0,opposite_same_wording,GENERATION_BOUNDARY,reader_all28_sufficiency,0.18491649627685547,30,4,"0,1,2,3,4,5,6,7,8,9,10,11,12,13,14,15,16,17,18,19,20,21,22,23,24,25,26,27,28,29,30,31"
confirmation,exp12_test_edit_06,test_edit,paraphrase,1,paraphrase,0,opposite_same_wording,GENERATION_BOUNDARY,reader_all28_necessity,0.18491649627685547,30,4,"0,1,2,3,4,5,6,7,8,9,10,11,12,13,14,15,16,17,18,19,20,21,22,23,24,25,26,27,28,29,30,31"
confirmation,exp12_test_edit_06,test_edit,paraphrase,1,paraphrase,0,opposite_same_wording,GENERATION_BOUNDARY,reader_verified_v_effect,0.18491649627685547,30,4,
confirmation,exp12_test_edit_06,test_edit,paraphrase,1,paraphrase,0,opposite_same_wording,GENERATION_BOUNDARY,reader_leakage_ratio,0.0,30,4,
confirmation,exp12_test_edit_06,test_edit,direct,0,direct,1,direct_opposite_label,USER_END,direct_V_sufficiency,0.023689627647399902,30,4,
confirmation,exp12_test_edit_06,test_edit,direct,1,direct,0,direct_opposite_label,USER_END,direct_V_sufficiency,0.03354597091674805,30,4,
confirmation,exp12_test_edit_10,test_edit,canonical,0,canonical,1,opposite_same_wording,GENERATION_BOUNDARY,selected_V_sufficiency,0.1829957515001297,30,4,
confirmation,exp12_test_edit_10,test_edit,canonical,0,canonical,1,opposite_same_wording,GENERATION_BOUNDARY,selected_V_necessity_loss,0.17333672940731049,30,4,
confirmation,exp12_test_edit_10,test_edit,canonical,0,canonical,1,opposite_same_wording,GENERATION_BOUNDARY,cross_selected_V_sufficiency,0.19711315631866455,30,4,
confirmation,exp12_test_edit_10,test_edit,canonical,0,canonical,1,opposite_same_wording,GENERATION_BOUNDARY,same_state_selected_V_control,0.004433766007423401,30,4,
confirmation,exp12_test_edit_10,test_edit,canonical,0,canonical,1,opposite_same_wording,GENERATION_BOUNDARY,matched_negative_ISSUE_V_sufficiency,3.3527612686157227e-06,30,4,
confirmation,exp12_test_edit_10,test_edit,canonical,0,canonical,1,opposite_same_wording,GENERATION_BOUNDARY,old_absolute_V_sufficiency,0.18150906264781952,30,4,
confirmation,exp12_test_edit_10,test_edit,canonical,0,canonical,1,opposite_same_wording,ISSUE_END,runner_up_V_sufficiency,3.3527612686157227e-06,30,4,
confirmation,exp12_test_edit_10,test_edit,canonical,0,canonical,1,opposite_same_wording,ISSUE_END,runner_up_V_necessity_loss,1.9053959399461746,30,4,
confirmation,exp12_test_edit_10,test_edit,canonical,0,canonical,1,opposite_same_wording,GENERATION_BOUNDARY,reader_target_pos_sufficiency,0.20556704699993134,30,4,"0,16,18"
confirmation,exp12_test_edit_10,test_edit,canonical,0,canonical,1,opposite_same_wording,GENERATION_BOUNDARY,reader_target_pos_necessity,0.20310097932815552,30,4,"0,16,18"
confirmation,exp12_test_edit_10,test_edit,canonical,0,canonical,1,opposite_same_wording,GENERATION_BOUNDARY,reader_negative_neg_sufficiency,-0.020105227828025818,30,4,"1,17,19"
confirmation,exp12_test_edit_10,test_edit,canonical,0,canonical,1,opposite_same_wording,GENERATION_BOUNDARY,reader_negative_neg_necessity,-0.022571295499801636,30,4,"1,17,19"
confirmation,exp12_test_edit_10,test_edit,canonical,0,canonical,1,opposite_same_wording,GENERATION_BOUNDARY,reader_non_set_sufficiency,0.0,30,4,"2,3,4,5,6,7,8,9,10,11,12,13,14,15,20,21,22,23,24,25,26,27,28,29,30,31"
confirmation,exp12_test_edit_10,test_edit,canonical,0,canonical,1,opposite_same_wording,GENERATION_BOUNDARY,reader_non_set_necessity,0.0,30,4,"2,3,4,5,6,7,8,9,10,11,12,13,14,15,20,21,22,23,24,25,26,27,28,29,30,31"
confirmation,exp12_test_edit_10,test_edit,canonical,0,canonical,1,opposite_same_wording,GENERATION_BOUNDARY,reader_all28_sufficiency,0.1829957515001297,30,4,"0,1,2,3,4,5,6,7,8,9,10,11,12,13,14,15,16,17,18,19,20,21,22,23,24,25,26,27,28,29,30,31"
confirmation,exp12_test_edit_10,test_edit,canonical,0,canonical,1,opposite_same_wording,GENERATION_BOUNDARY,reader_all28_necessity,0.1829957515001297,30,4,"0,1,2,3,4,5,6,7,8,9,10,11,12,13,14,15,16,17,18,19,20,21,22,23,24,25,26,27,28,29,30,31"
confirmation,exp12_test_edit_10,test_edit,canonical,0,canonical,1,opposite_same_wording,GENERATION_BOUNDARY,reader_verified_v_effect,0.1829957515001297,30,4,
confirmation,exp12_test_edit_10,test_edit,canonical,0,canonical,1,opposite_same_wording,GENERATION_BOUNDARY,reader_leakage_ratio,0.0,30,4,
confirmation,exp12_test_edit_10,test_edit,paraphrase,0,paraphrase,1,opposite_same_wording,GENERATION_BOUNDARY,selected_V_sufficiency,0.20572109520435333,30,4,
confirmation,exp12_test_edit_10,test_edit,paraphrase,0,paraphrase,1,opposite_same_wording,GENERATION_BOUNDARY,selected_V_necessity_loss,0.19111469388008118,30,4,
confirmation,exp12_test_edit_10,test_edit,paraphrase,0,paraphrase,1,opposite_same_wording,GENERATION_BOUNDARY,cross_selected_V_sufficiency,0.19436448067426682,30,4,
confirmation,exp12_test_edit_10,test_edit,paraphrase,0,paraphrase,1,opposite_same_wording,GENERATION_BOUNDARY,same_state_selected_V_control,-0.0003328174352645874,30,4,
confirmation,exp12_test_edit_10,test_edit,paraphrase,0,paraphrase,1,opposite_same_wording,GENERATION_BOUNDARY,matched_negative_ISSUE_V_sufficiency,-0.00033136457204818726,30,4,
confirmation,exp12_test_edit_10,test_edit,paraphrase,0,paraphrase,1,opposite_same_wording,GENERATION_BOUNDARY,old_absolute_V_sufficiency,0.204298235476017,30,4,
confirmation,exp12_test_edit_10,test_edit,paraphrase,0,paraphrase,1,opposite_same_wording,FINAL_INSTRUCTION_END,runner_up_V_sufficiency,0.0017718225717544556,30,4,
confirmation,exp12_test_edit_10,test_edit,paraphrase,0,paraphrase,1,opposite_same_wording,FINAL_INSTRUCTION_END,runner_up_V_necessity_loss,1.8541119322180748,30,4,
confirmation,exp12_test_edit_10,test_edit,paraphrase,0,paraphrase,1,opposite_same_wording,GENERATION_BOUNDARY,reader_target_pos_sufficiency,0.23511580377817154,30,4,"0,16,18"
confirmation,exp12_test_edit_10,test_edit,paraphrase,0,paraphrase,1,opposite_same_wording,GENERATION_BOUNDARY,reader_target_pos_necessity,0.22921980544924736,30,4,"0,16,18"
confirmation,exp12_test_edit_10,test_edit,paraphrase,0,paraphrase,1,opposite_same_wording,GENERATION_BOUNDARY,reader_negative_neg_sufficiency,-0.023498710244894028,30,4,"1,17,19"
confirmation,exp12_test_edit_10,test_edit,paraphrase,0,paraphrase,1,opposite_same_wording,GENERATION_BOUNDARY,reader_negative_neg_necessity,-0.029394708573818207,30,4,"1,17,19"
confirmation,exp12_test_edit_10,test_edit,paraphrase,0,paraphrase,1,opposite_same_wording,GENERATION_BOUNDARY,reader_non_set_sufficiency,0.0,30,4,"2,3,4,5,6,7,8,9,10,11,12,13,14,15,20,21,22,23,24,25,26,27,28,29,30,31"
confirmation,exp12_test_edit_10,test_edit,paraphrase,0,paraphrase,1,opposite_same_wording,GENERATION_BOUNDARY,reader_non_set_necessity,0.0,30,4,"2,3,4,5,6,7,8,9,10,11,12,13,14,15,20,21,22,23,24,25,26,27,28,29,30,31"
confirmation,exp12_test_edit_10,test_edit,paraphrase,0,paraphrase,1,opposite_same_wording,GENERATION_BOUNDARY,reader_all28_sufficiency,0.20572109520435333,30,4,"0,1,2,3,4,5,6,7,8,9,10,11,12,13,14,15,16,17,18,19,20,21,22,23,24,25,26,27,28,29,30,31"
confirmation,exp12_test_edit_10,test_edit,paraphrase,0,paraphrase,1,opposite_same_wording,GENERATION_BOUNDARY,reader_all28_necessity,0.20572109520435333,30,4,"0,1,2,3,4,5,6,7,8,9,10,11,12,13,14,15,16,17,18,19,20,21,22,23,24,25,26,27,28,29,30,31"
confirmation,exp12_test_edit_10,test_edit,paraphrase,0,paraphrase,1,opposite_same_wording,GENERATION_BOUNDARY,reader_verified_v_effect,0.20572109520435333,30,4,
confirmation,exp12_test_edit_10,test_edit,paraphrase,0,paraphrase,1,opposite_same_wording,GENERATION_BOUNDARY,reader_leakage_ratio,0.0,30,4,
confirmation,exp12_test_edit_10,test_edit,canonical,1,canonical,0,opposite_same_wording,GENERATION_BOUNDARY,selected_V_sufficiency,0.10098141431808472,30,4,
confirmation,exp12_test_edit_10,test_edit,canonical,1,canonical,0,opposite_same_wording,GENERATION_BOUNDARY,selected_V_necessity_loss,0.18043655157089233,30,4,
confirmation,exp12_test_edit_10,test_edit,canonical,1,canonical,0,opposite_same_wording,GENERATION_BOUNDARY,cross_selected_V_sufficiency,0.10883328318595886,30,4,
confirmation,exp12_test_edit_10,test_edit,canonical,1,canonical,0,opposite_same_wording,GENERATION_BOUNDARY,same_state_selected_V_control,0.005543574690818787,30,4,
confirmation,exp12_test_edit_10,test_edit,canonical,1,canonical,0,opposite_same_wording,GENERATION_BOUNDARY,matched_negative_ISSUE_V_sufficiency,0.010220140218734741,30,4,
confirmation,exp12_test_edit_10,test_edit,canonical,1,canonical,0,opposite_same_wording,GENERATION_BOUNDARY,old_absolute_V_sufficiency,0.09767161309719086,30,4,
confirmation,exp12_test_edit_10,test_edit,canonical,1,canonical,0,opposite_same_wording,ISSUE_END,runner_up_V_sufficiency,0.010220140218734741,30,4,
confirmation,exp12_test_edit_10,test_edit,canonical,1,canonical,0,opposite_same_wording,ISSUE_END,runner_up_V_necessity_loss,1.9028714746236801,30,4,
confirmation,exp12_test_edit_10,test_edit,canonical,1,canonical,0,opposite_same_wording,GENERATION_BOUNDARY,reader_target_pos_sufficiency,0.1226576715707779,30,4,"0,16,18"
confirmation,exp12_test_edit_10,test_edit,canonical,1,canonical,0,opposite_same_wording,GENERATION_BOUNDARY,reader_target_pos_necessity,0.10915026068687439,30,4,"0,16,18"
confirmation,exp12_test_edit_10,test_edit,canonical,1,canonical,0,opposite_same_wording,GENERATION_BOUNDARY,reader_negative_neg_sufficiency,-0.008168846368789673,30,4,"1,17,19"
confirmation,exp12_test_edit_10,test_edit,canonical,1,canonical,0,opposite_same_wording,GENERATION_BOUNDARY,reader_negative_neg_necessity,-0.021676257252693176,30,4,"1,17,19"
confirmation,exp12_test_edit_10,test_edit,canonical,1,canonical,0,opposite_same_wording,GENERATION_BOUNDARY,reader_non_set_sufficiency,-0.0,30,4,"2,3,4,5,6,7,8,9,10,11,12,13,14,15,20,21,22,23,24,25,26,27,28,29,30,31"
confirmation,exp12_test_edit_10,test_edit,canonical,1,canonical,0,opposite_same_wording,GENERATION_BOUNDARY,reader_non_set_necessity,0.0,30,4,"2,3,4,5,6,7,8,9,10,11,12,13,14,15,20,21,22,23,24,25,26,27,28,29,30,31"
confirmation,exp12_test_edit_10,test_edit,canonical,1,canonical,0,opposite_same_wording,GENERATION_BOUNDARY,reader_all28_sufficiency,0.10098141431808472,30,4,"0,1,2,3,4,5,6,7,8,9,10,11,12,13,14,15,16,17,18,19,20,21,22,23,24,25,26,27,28,29,30,31"
confirmation,exp12_test_edit_10,test_edit,canonical,1,canonical,0,opposite_same_wording,GENERATION_BOUNDARY,reader_all28_necessity,0.10098141431808472,30,4,"0,1,2,3,4,5,6,7,8,9,10,11,12,13,14,15,16,17,18,19,20,21,22,23,24,25,26,27,28,29,30,31"
confirmation,exp12_test_edit_10,test_edit,canonical,1,canonical,0,opposite_same_wording,GENERATION_BOUNDARY,reader_verified_v_effect,0.10098141431808472,30,4,
confirmation,exp12_test_edit_10,test_edit,canonical,1,canonical,0,opposite_same_wording,GENERATION_BOUNDARY,reader_leakage_ratio,0.0,30,4,
confirmation,exp12_test_edit_10,test_edit,paraphrase,1,paraphrase,0,opposite_same_wording,GENERATION_BOUNDARY,selected_V_sufficiency,0.1663292944431305,30,4,
confirmation,exp12_test_edit_10,test_edit,paraphrase,1,paraphrase,0,opposite_same_wording,GENERATION_BOUNDARY,selected_V_necessity_loss,0.19788774102926254,30,4,
confirmation,exp12_test_edit_10,test_edit,paraphrase,1,paraphrase,0,opposite_same_wording,GENERATION_BOUNDARY,cross_selected_V_sufficiency,0.1582760512828827,30,4,
confirmation,exp12_test_edit_10,test_edit,paraphrase,1,paraphrase,0,opposite_same_wording,GENERATION_BOUNDARY,same_state_selected_V_control,-0.013057976961135864,30,4,
confirmation,exp12_test_edit_10,test_edit,paraphrase,1,paraphrase,0,opposite_same_wording,GENERATION_BOUNDARY,matched_negative_ISSUE_V_sufficiency,0.001460731029510498,30,4,
confirmation,exp12_test_edit_10,test_edit,paraphrase,1,paraphrase,0,opposite_same_wording,GENERATION_BOUNDARY,old_absolute_V_sufficiency,0.1606738567352295,30,4,
confirmation,exp12_test_edit_10,test_edit,paraphrase,1,paraphrase,0,opposite_same_wording,FINAL_INSTRUCTION_END,runner_up_V_sufficiency,0.007622122764587402,30,4,
confirmation,exp12_test_edit_10,test_edit,paraphrase,1,paraphrase,0,opposite_same_wording,FINAL_INSTRUCTION_END,runner_up_V_necessity_loss,1.8360892906785011,30,4,
confirmation,exp12_test_edit_10,test_edit,paraphrase,1,paraphrase,0,opposite_same_wording,GENERATION_BOUNDARY,reader_target_pos_sufficiency,0.20946934819221497,30,4,"0,16,18"
confirmation,exp12_test_edit_10,test_edit,paraphrase,1,paraphrase,0,opposite_same_wording,GENERATION_BOUNDARY,reader_target_pos_necessity,0.19532105326652527,30,4,"0,16,18"
confirmation,exp12_test_edit_10,test_edit,paraphrase,1,paraphrase,0,opposite_same_wording,GENERATION_BOUNDARY,reader_negative_neg_sufficiency,-0.028991758823394775,30,4,"1,17,19"
confirmation,exp12_test_edit_10,test_edit,paraphrase,1,paraphrase,0,opposite_same_wording,GENERATION_BOUNDARY,reader_negative_neg_necessity,-0.04314005374908447,30,4,"1,17,19"
confirmation,exp12_test_edit_10,test_edit,paraphrase,1,paraphrase,0,opposite_same_wording,GENERATION_BOUNDARY,reader_non_set_sufficiency,-0.0,30,4,"2,3,4,5,6,7,8,9,10,11,12,13,14,15,20,21,22,23,24,25,26,27,28,29,30,31"
confirmation,exp12_test_edit_10,test_edit,paraphrase,1,paraphrase,0,opposite_same_wording,GENERATION_BOUNDARY,reader_non_set_necessity,0.0,30,4,"2,3,4,5,6,7,8,9,10,11,12,13,14,15,20,21,22,23,24,25,26,27,28,29,30,31"
confirmation,exp12_test_edit_10,test_edit,paraphrase,1,paraphrase,0,opposite_same_wording,GENERATION_BOUNDARY,reader_all28_sufficiency,0.1663292944431305,30,4,"0,1,2,3,4,5,6,7,8,9,10,11,12,13,14,15,16,17,18,19,20,21,22,23,24,25,26,27,28,29,30,31"
confirmation,exp12_test_edit_10,test_edit,paraphrase,1,paraphrase,0,opposite_same_wording,GENERATION_BOUNDARY,reader_all28_necessity,0.1663292944431305,30,4,"0,1,2,3,4,5,6,7,8,9,10,11,12,13,14,15,16,17,18,19,20,21,22,23,24,25,26,27,28,29,30,31"
confirmation,exp12_test_edit_10,test_edit,paraphrase,1,paraphrase,0,opposite_same_wording,GENERATION_BOUNDARY,reader_verified_v_effect,0.1663292944431305,30,4,
confirmation,exp12_test_edit_10,test_edit,paraphrase,1,paraphrase,0,opposite_same_wording,GENERATION_BOUNDARY,reader_leakage_ratio,0.0,30,4,
confirmation,exp12_test_edit_10,test_edit,direct,0,direct,1,direct_opposite_label,USER_END,direct_V_sufficiency,0.024136319756507874,30,4,
confirmation,exp12_test_edit_10,test_edit,direct,1,direct,0,direct_opposite_label,USER_END,direct_V_sufficiency,0.03539419174194336,30,4,
confirmation,exp12_test_edit_11,test_edit,canonical,0,canonical,1,opposite_same_wording,GENERATION_BOUNDARY,selected_V_sufficiency,0.19072150439023972,30,4,
confirmation,exp12_test_edit_11,test_edit,canonical,0,canonical,1,opposite_same_wording,GENERATION_BOUNDARY,selected_V_necessity_loss,0.1592751294374466,30,4,
confirmation,exp12_test_edit_11,test_edit,canonical,0,canonical,1,opposite_same_wording,GENERATION_BOUNDARY,cross_selected_V_sufficiency,0.19776678830385208,30,4,
confirmation,exp12_test_edit_11,test_edit,canonical,0,canonical,1,opposite_same_wording,GENERATION_BOUNDARY,same_state_selected_V_control,0.0007721260190010071,30,4,
confirmation,exp12_test_edit_11,test_edit,canonical,0,canonical,1,opposite_same_wording,GENERATION_BOUNDARY,matched_negative_ISSUE_V_sufficiency,-0.0007735416293144226,30,4,
confirmation,exp12_test_edit_11,test_edit,canonical,0,canonical,1,opposite_same_wording,GENERATION_BOUNDARY,old_absolute_V_sufficiency,0.19071920961141586,30,4,
confirmation,exp12_test_edit_11,test_edit,canonical,0,canonical,1,opposite_same_wording,ISSUE_END,runner_up_V_sufficiency,-0.0007735416293144226,30,4,
confirmation,exp12_test_edit_11,test_edit,canonical,0,canonical,1,opposite_same_wording,ISSUE_END,runner_up_V_necessity_loss,1.9195587858557701,30,4,
confirmation,exp12_test_edit_11,test_edit,canonical,0,canonical,1,opposite_same_wording,GENERATION_BOUNDARY,reader_target_pos_sufficiency,0.21759404987096786,30,4,"0,16,18"
confirmation,exp12_test_edit_11,test_edit,canonical,0,canonical,1,opposite_same_wording,GENERATION_BOUNDARY,reader_target_pos_necessity,0.2057640105485916,30,4,"0,16,18"
confirmation,exp12_test_edit_11,test_edit,canonical,0,canonical,1,opposite_same_wording,GENERATION_BOUNDARY,reader_negative_neg_sufficiency,-0.015042506158351898,30,4,"1,17,19"
confirmation,exp12_test_edit_11,test_edit,canonical,0,canonical,1,opposite_same_wording,GENERATION_BOUNDARY,reader_negative_neg_necessity,-0.02687254548072815,30,4,"1,17,19"
confirmation,exp12_test_edit_11,test_edit,canonical,0,canonical,1,opposite_same_wording,GENERATION_BOUNDARY,reader_non_set_sufficiency,0.0,30,4,"2,3,4,5,6,7,8,9,10,11,12,13,14,15,20,21,22,23,24,25,26,27,28,29,30,31"
confirmation,exp12_test_edit_11,test_edit,canonical,0,canonical,1,opposite_same_wording,GENERATION_BOUNDARY,reader_non_set_necessity,0.0,30,4,"2,3,4,5,6,7,8,9,10,11,12,13,14,15,20,21,22,23,24,25,26,27,28,29,30,31"
confirmation,exp12_test_edit_11,test_edit,canonical,0,canonical,1,opposite_same_wording,GENERATION_BOUNDARY,reader_all28_sufficiency,0.19072150439023972,30,4,"0,1,2,3,4,5,6,7,8,9,10,11,12,13,14,15,16,17,18,19,20,21,22,23,24,25,26,27,28,29,30,31"
confirmation,exp12_test_edit_11,test_edit,canonical,0,canonical,1,opposite_same_wording,GENERATION_BOUNDARY,reader_all28_necessity,0.19072150439023972,30,4,"0,1,2,3,4,5,6,7,8,9,10,11,12,13,14,15,16,17,18,19,20,21,22,23,24,25,26,27,28,29,30,31"
confirmation,exp12_test_edit_11,test_edit,canonical,0,canonical,1,opposite_same_wording,GENERATION_BOUNDARY,reader_verified_v_effect,0.19072150439023972,30,4,
confirmation,exp12_test_edit_11,test_edit,canonical,0,canonical,1,opposite_same_wording,GENERATION_BOUNDARY,reader_leakage_ratio,0.0,30,4,
confirmation,exp12_test_edit_11,test_edit,paraphrase,0,paraphrase,1,opposite_same_wording,GENERATION_BOUNDARY,selected_V_sufficiency,0.20017046481370926,30,4,
confirmation,exp12_test_edit_11,test_edit,paraphrase,0,paraphrase,1,opposite_same_wording,GENERATION_BOUNDARY,selected_V_necessity_loss,0.17245545983314514,30,4,
confirmation,exp12_test_edit_11,test_edit,paraphrase,0,paraphrase,1,opposite_same_wording,GENERATION_BOUNDARY,cross_selected_V_sufficiency,0.20370490849018097,30,4,
confirmation,exp12_test_edit_11,test_edit,paraphrase,0,paraphrase,1,opposite_same_wording,GENERATION_BOUNDARY,same_state_selected_V_control,6.989389657974243e-05,30,4,
confirmation,exp12_test_edit_11,test_edit,paraphrase,0,paraphrase,1,opposite_same_wording,GENERATION_BOUNDARY,matched_negative_ISSUE_V_sufficiency,-0.0008578449487686157,30,4,
confirmation,exp12_test_edit_11,test_edit,paraphrase,0,paraphrase,1,opposite_same_wording,GENERATION_BOUNDARY,old_absolute_V_sufficiency,0.19579923897981644,30,4,
confirmation,exp12_test_edit_11,test_edit,paraphrase,0,paraphrase,1,opposite_same_wording,FINAL_INSTRUCTION_END,runner_up_V_sufficiency,0.0035012438893318176,30,4,
confirmation,exp12_test_edit_11,test_edit,paraphrase,0,paraphrase,1,opposite_same_wording,FINAL_INSTRUCTION_END,runner_up_V_necessity_loss,1.8261760026216507,30,4,
confirmation,exp12_test_edit_11,test_edit,paraphrase,0,paraphrase,1,opposite_same_wording,GENERATION_BOUNDARY,reader_target_pos_sufficiency,0.22722365707159042,30,4,"0,16,18"
confirmation,exp12_test_edit_11,test_edit,paraphrase,0,paraphrase,1,opposite_same_wording,GENERATION_BOUNDARY,reader_target_pos_necessity,0.22329781204462051,30,4,"0,16,18"
confirmation,exp12_test_edit_11,test_edit,paraphrase,0,paraphrase,1,opposite_same_wording,GENERATION_BOUNDARY,reader_negative_neg_sufficiency,-0.023127347230911255,30,4,"1,17,19"
confirmation,exp12_test_edit_11,test_edit,paraphrase,0,paraphrase,1,opposite_same_wording,GENERATION_BOUNDARY,reader_negative_neg_necessity,-0.027053192257881165,30,4,"1,17,19"
confirmation,exp12_test_edit_11,test_edit,paraphrase,0,paraphrase,1,opposite_same_wording,GENERATION_BOUNDARY,reader_non_set_sufficiency,0.0,30,4,"2,3,4,5,6,7,8,9,10,11,12,13,14,15,20,21,22,23,24,25,26,27,28,29,30,31"
confirmation,exp12_test_edit_11,test_edit,paraphrase,0,paraphrase,1,opposite_same_wording,GENERATION_BOUNDARY,reader_non_set_necessity,0.0,30,4,"2,3,4,5,6,7,8,9,10,11,12,13,14,15,20,21,22,23,24,25,26,27,28,29,30,31"
confirmation,exp12_test_edit_11,test_edit,paraphrase,0,paraphrase,1,opposite_same_wording,GENERATION_BOUNDARY,reader_all28_sufficiency,0.20017046481370926,30,4,"0,1,2,3,4,5,6,7,8,9,10,11,12,13,14,15,16,17,18,19,20,21,22,23,24,25,26,27,28,29,30,31"
confirmation,exp12_test_edit_11,test_edit,paraphrase,0,paraphrase,1,opposite_same_wording,GENERATION_BOUNDARY,reader_all28_necessity,0.20017046481370926,30,4,"0,1,2,3,4,5,6,7,8,9,10,11,12,13,14,15,16,17,18,19,20,21,22,23,24,25,26,27,28,29,30,31"
confirmation,exp12_test_edit_11,test_edit,paraphrase,0,paraphrase,1,opposite_same_wording,GENERATION_BOUNDARY,reader_verified_v_effect,0.20017046481370926,30,4,
confirmation,exp12_test_edit_11,test_edit,paraphrase,0,paraphrase,1,opposite_same_wording,GENERATION_BOUNDARY,reader_leakage_ratio,0.0,30,4,
confirmation,exp12_test_edit_11,test_edit,canonical,1,canonical,0,opposite_same_wording,GENERATION_BOUNDARY,selected_V_sufficiency,0.11371785402297974,30,4,
confirmation,exp12_test_edit_11,test_edit,canonical,1,canonical,0,opposite_same_wording,GENERATION_BOUNDARY,selected_V_necessity_loss,0.18239697813987732,30,4,
confirmation,exp12_test_edit_11,test_edit,canonical,1,canonical,0,opposite_same_wording,GENERATION_BOUNDARY,cross_selected_V_sufficiency,0.12032008171081543,30,4,
confirmation,exp12_test_edit_11,test_edit,canonical,1,canonical,0,opposite_same_wording,GENERATION_BOUNDARY,same_state_selected_V_control,0.004834368824958801,30,4,
confirmation,exp12_test_edit_11,test_edit,canonical,1,canonical,0,opposite_same_wording,GENERATION_BOUNDARY,matched_negative_ISSUE_V_sufficiency,0.0012957900762557983,30,4,
confirmation,exp12_test_edit_11,test_edit,canonical,1,canonical,0,opposite_same_wording,GENERATION_BOUNDARY,old_absolute_V_sufficiency,0.10542172193527222,30,4,
confirmation,exp12_test_edit_11,test_edit,canonical,1,canonical,0,opposite_same_wording,ISSUE_END,runner_up_V_sufficiency,0.0012957900762557983,30,4,
confirmation,exp12_test_edit_11,test_edit,canonical,1,canonical,0,opposite_same_wording,ISSUE_END,runner_up_V_necessity_loss,1.8951236307621002,30,4,
confirmation,exp12_test_edit_11,test_edit,canonical,1,canonical,0,opposite_same_wording,GENERATION_BOUNDARY,reader_target_pos_sufficiency,0.13803941011428833,30,4,"0,16,18"
confirmation,exp12_test_edit_11,test_edit,canonical,1,canonical,0,opposite_same_wording,GENERATION_BOUNDARY,reader_target_pos_necessity,0.1330387443304062,30,4,"0,16,18"
confirmation,exp12_test_edit_11,test_edit,canonical,1,canonical,0,opposite_same_wording,GENERATION_BOUNDARY,reader_negative_neg_sufficiency,-0.019320890307426453,30,4,"1,17,19"
confirmation,exp12_test_edit_11,test_edit,canonical,1,canonical,0,opposite_same_wording,GENERATION_BOUNDARY,reader_negative_neg_necessity,-0.024321556091308594,30,4,"1,17,19"
confirmation,exp12_test_edit_11,test_edit,canonical,1,canonical,0,opposite_same_wording,GENERATION_BOUNDARY,reader_non_set_sufficiency,-0.0,30,4,"2,3,4,5,6,7,8,9,10,11,12,13,14,15,20,21,22,23,24,25,26,27,28,29,30,31"
confirmation,exp12_test_edit_11,test_edit,canonical,1,canonical,0,opposite_same_wording,GENERATION_BOUNDARY,reader_non_set_necessity,0.0,30,4,"2,3,4,5,6,7,8,9,10,11,12,13,14,15,20,21,22,23,24,25,26,27,28,29,30,31"
confirmation,exp12_test_edit_11,test_edit,canonical,1,canonical,0,opposite_same_wording,GENERATION_BOUNDARY,reader_all28_sufficiency,0.11371785402297974,30,4,"0,1,2,3,4,5,6,7,8,9,10,11,12,13,14,15,16,17,18,19,20,21,22,23,24,25,26,27,28,29,30,31"
confirmation,exp12_test_edit_11,test_edit,canonical,1,canonical,0,opposite_same_wording,GENERATION_BOUNDARY,reader_all28_necessity,0.11371785402297974,30,4,"0,1,2,3,4,5,6,7,8,9,10,11,12,13,14,15,16,17,18,19,20,21,22,23,24,25,26,27,28,29,30,31"
confirmation,exp12_test_edit_11,test_edit,canonical,1,canonical,0,opposite_same_wording,GENERATION_BOUNDARY,reader_verified_v_effect,0.11371785402297974,30,4,
confirmation,exp12_test_edit_11,test_edit,canonical,1,canonical,0,opposite_same_wording,GENERATION_BOUNDARY,reader_leakage_ratio,0.0,30,4,
confirmation,exp12_test_edit_11,test_edit,paraphrase,1,paraphrase,0,opposite_same_wording,GENERATION_BOUNDARY,selected_V_sufficiency,0.17124763131141663,30,4,
confirmation,exp12_test_edit_11,test_edit,paraphrase,1,paraphrase,0,opposite_same_wording,GENERATION_BOUNDARY,selected_V_necessity_loss,0.20137465000152588,30,4,
confirmation,exp12_test_edit_11,test_edit,paraphrase,1,paraphrase,0,opposite_same_wording,GENERATION_BOUNDARY,cross_selected_V_sufficiency,0.15882223844528198,30,4,
confirmation,exp12_test_edit_11,test_edit,paraphrase,1,paraphrase,0,opposite_same_wording,GENERATION_BOUNDARY,same_state_selected_V_control,-0.006244540214538574,30,4,
confirmation,exp12_test_edit_11,test_edit,paraphrase,1,paraphrase,0,opposite_same_wording,GENERATION_BOUNDARY,matched_negative_ISSUE_V_sufficiency,0.012423813343048096,30,4,
confirmation,exp12_test_edit_11,test_edit,paraphrase,1,paraphrase,0,opposite_same_wording,GENERATION_BOUNDARY,old_absolute_V_sufficiency,0.16288891434669495,30,4,
confirmation,exp12_test_edit_11,test_edit,paraphrase,1,paraphrase,0,opposite_same_wording,FINAL_INSTRUCTION_END,runner_up_V_sufficiency,0.019327282905578613,30,4,
confirmation,exp12_test_edit_11,test_edit,paraphrase,1,paraphrase,0,opposite_same_wording,FINAL_INSTRUCTION_END,runner_up_V_necessity_loss,1.7836707383394241,30,4,
confirmation,exp12_test_edit_11,test_edit,paraphrase,1,paraphrase,0,opposite_same_wording,GENERATION_BOUNDARY,reader_target_pos_sufficiency,0.21296873688697815,30,4,"0,16,18"
confirmation,exp12_test_edit_11,test_edit,paraphrase,1,paraphrase,0,opposite_same_wording,GENERATION_BOUNDARY,reader_target_pos_necessity,0.201038658618927,30,4,"0,16,18"
confirmation,exp12_test_edit_11,test_edit,paraphrase,1,paraphrase,0,opposite_same_wording,GENERATION_BOUNDARY,reader_negative_neg_sufficiency,-0.029791027307510376,30,4,"1,17,19"
confirmation,exp12_test_edit_11,test_edit,paraphrase,1,paraphrase,0,opposite_same_wording,GENERATION_BOUNDARY,reader_negative_neg_necessity,-0.04172110557556152,30,4,"1,17,19"
confirmation,exp12_test_edit_11,test_edit,paraphrase,1,paraphrase,0,opposite_same_wording,GENERATION_BOUNDARY,reader_non_set_sufficiency,-0.0,30,4,"2,3,4,5,6,7,8,9,10,11,12,13,14,15,20,21,22,23,24,25,26,27,28,29,30,31"
confirmation,exp12_test_edit_11,test_edit,paraphrase,1,paraphrase,0,opposite_same_wording,GENERATION_BOUNDARY,reader_non_set_necessity,0.0,30,4,"2,3,4,5,6,7,8,9,10,11,12,13,14,15,20,21,22,23,24,25,26,27,28,29,30,31"
confirmation,exp12_test_edit_11,test_edit,paraphrase,1,paraphrase,0,opposite_same_wording,GENERATION_BOUNDARY,reader_all28_sufficiency,0.17124763131141663,30,4,"0,1,2,3,4,5,6,7,8,9,10,11,12,13,14,15,16,17,18,19,20,21,22,23,24,25,26,27,28,29,30,31"
confirmation,exp12_test_edit_11,test_edit,paraphrase,1,paraphrase,0,opposite_same_wording,GENERATION_BOUNDARY,reader_all28_necessity,0.17124763131141663,30,4,"0,1,2,3,4,5,6,7,8,9,10,11,12,13,14,15,16,17,18,19,20,21,22,23,24,25,26,27,28,29,30,31"
confirmation,exp12_test_edit_11,test_edit,paraphrase,1,paraphrase,0,opposite_same_wording,GENERATION_BOUNDARY,reader_verified_v_effect,0.17124763131141663,30,4,
confirmation,exp12_test_edit_11,test_edit,paraphrase,1,paraphrase,0,opposite_same_wording,GENERATION_BOUNDARY,reader_leakage_ratio,0.0,30,4,
confirmation,exp12_test_edit_11,test_edit,direct,0,direct,1,direct_opposite_label,USER_END,direct_V_sufficiency,0.019177377223968506,30,4,
confirmation,exp12_test_edit_11,test_edit,direct,1,direct,0,direct_opposite_label,USER_END,direct_V_sufficiency,0.03607097268104553,30,4,
confirmation,exp12_test_edit_12,test_edit,canonical,0,canonical,1,opposite_same_wording,GENERATION_BOUNDARY,selected_V_sufficiency,0.19047972559928894,30,4,
confirmation,exp12_test_edit_12,test_edit,canonical,0,canonical,1,opposite_same_wording,GENERATION_BOUNDARY,selected_V_necessity_loss,0.15514403581619263,30,4,
confirmation,exp12_test_edit_12,test_edit,canonical,0,canonical,1,opposite_same_wording,GENERATION_BOUNDARY,cross_selected_V_sufficiency,0.1988758146762848,30,4,
confirmation,exp12_test_edit_12,test_edit,canonical,0,canonical,1,opposite_same_wording,GENERATION_BOUNDARY,same_state_selected_V_control,-0.0014432445168495178,30,4,
confirmation,exp12_test_edit_12,test_edit,canonical,0,canonical,1,opposite_same_wording,GENERATION_BOUNDARY,matched_negative_ISSUE_V_sufficiency,-3.948807716369629e-07,30,4,
confirmation,exp12_test_edit_12,test_edit,canonical,0,canonical,1,opposite_same_wording,GENERATION_BOUNDARY,old_absolute_V_sufficiency,0.18763862550258636,30,4,
confirmation,exp12_test_edit_12,test_edit,canonical,0,canonical,1,opposite_same_wording,ISSUE_END,runner_up_V_sufficiency,-3.948807716369629e-07,30,4,
confirmation,exp12_test_edit_12,test_edit,canonical,0,canonical,1,opposite_same_wording,ISSUE_END,runner_up_V_necessity_loss,1.9005086421966553,30,4,
confirmation,exp12_test_edit_12,test_edit,canonical,0,canonical,1,opposite_same_wording,GENERATION_BOUNDARY,reader_target_pos_sufficiency,0.21025170385837555,30,4,"0,16,18"
confirmation,exp12_test_edit_12,test_edit,canonical,0,canonical,1,opposite_same_wording,GENERATION_BOUNDARY,reader_target_pos_necessity,0.20641056448221207,30,4,"0,16,18"
confirmation,exp12_test_edit_12,test_edit,canonical,0,canonical,1,opposite_same_wording,GENERATION_BOUNDARY,reader_negative_neg_sufficiency,-0.015930838882923126,30,4,"1,17,19"
confirmation,exp12_test_edit_12,test_edit,canonical,0,canonical,1,opposite_same_wording,GENERATION_BOUNDARY,reader_negative_neg_necessity,-0.01977197825908661,30,4,"1,17,19"
confirmation,exp12_test_edit_12,test_edit,canonical,0,canonical,1,opposite_same_wording,GENERATION_BOUNDARY,reader_non_set_sufficiency,0.0,30,4,"2,3,4,5,6,7,8,9,10,11,12,13,14,15,20,21,22,23,24,25,26,27,28,29,30,31"
confirmation,exp12_test_edit_12,test_edit,canonical,0,canonical,1,opposite_same_wording,GENERATION_BOUNDARY,reader_non_set_necessity,0.0,30,4,"2,3,4,5,6,7,8,9,10,11,12,13,14,15,20,21,22,23,24,25,26,27,28,29,30,31"
confirmation,exp12_test_edit_12,test_edit,canonical,0,canonical,1,opposite_same_wording,GENERATION_BOUNDARY,reader_all28_sufficiency,0.19047972559928894,30,4,"0,1,2,3,4,5,6,7,8,9,10,11,12,13,14,15,16,17,18,19,20,21,22,23,24,25,26,27,28,29,30,31"
confirmation,exp12_test_edit_12,test_edit,canonical,0,canonical,1,opposite_same_wording,GENERATION_BOUNDARY,reader_all28_necessity,0.19047972559928894,30,4,"0,1,2,3,4,5,6,7,8,9,10,11,12,13,14,15,16,17,18,19,20,21,22,23,24,25,26,27,28,29,30,31"
confirmation,exp12_test_edit_12,test_edit,canonical,0,canonical,1,opposite_same_wording,GENERATION_BOUNDARY,reader_verified_v_effect,0.19047972559928894,30,4,
confirmation,exp12_test_edit_12,test_edit,canonical,0,canonical,1,opposite_same_wording,GENERATION_BOUNDARY,reader_leakage_ratio,0.0,30,4,
confirmation,exp12_test_edit_12,test_edit,paraphrase,0,paraphrase,1,opposite_same_wording,GENERATION_BOUNDARY,selected_V_sufficiency,0.20246247202157974,30,4,
confirmation,exp12_test_edit_12,test_edit,paraphrase,0,paraphrase,1,opposite_same_wording,GENERATION_BOUNDARY,selected_V_necessity_loss,0.1662120521068573,30,4,
confirmation,exp12_test_edit_12,test_edit,paraphrase,0,paraphrase,1,opposite_same_wording,GENERATION_BOUNDARY,cross_selected_V_sufficiency,0.19666747748851776,30,4,
confirmation,exp12_test_edit_12,test_edit,paraphrase,0,paraphrase,1,opposite_same_wording,GENERATION_BOUNDARY,same_state_selected_V_control,0.0018358081579208374,30,4,
confirmation,exp12_test_edit_12,test_edit,paraphrase,0,paraphrase,1,opposite_same_wording,GENERATION_BOUNDARY,matched_negative_ISSUE_V_sufficiency,0.0006251856684684753,30,4,
confirmation,exp12_test_edit_12,test_edit,paraphrase,0,paraphrase,1,opposite_same_wording,GENERATION_BOUNDARY,old_absolute_V_sufficiency,0.20112131536006927,30,4,
confirmation,exp12_test_edit_12,test_edit,paraphrase,0,paraphrase,1,opposite_same_wording,FINAL_INSTRUCTION_END,runner_up_V_sufficiency,0.0036980584263801575,30,4,
confirmation,exp12_test_edit_12,test_edit,paraphrase,0,paraphrase,1,opposite_same_wording,FINAL_INSTRUCTION_END,runner_up_V_necessity_loss,1.8290416076779366,30,4,
confirmation,exp12_test_edit_12,test_edit,paraphrase,0,paraphrase,1,opposite_same_wording,GENERATION_BOUNDARY,reader_target_pos_sufficiency,0.2323530986905098,30,4,"0,16,18"
confirmation,exp12_test_edit_12,test_edit,paraphrase,0,paraphrase,1,opposite_same_wording,GENERATION_BOUNDARY,reader_target_pos_necessity,0.22876886278390884,30,4,"0,16,18"
confirmation,exp12_test_edit_12,test_edit,paraphrase,0,paraphrase,1,opposite_same_wording,GENERATION_BOUNDARY,reader_negative_neg_sufficiency,-0.0263063907623291,30,4,"1,17,19"
confirmation,exp12_test_edit_12,test_edit,paraphrase,0,paraphrase,1,opposite_same_wording,GENERATION_BOUNDARY,reader_negative_neg_necessity,-0.029890626668930054,30,4,"1,17,19"
confirmation,exp12_test_edit_12,test_edit,paraphrase,0,paraphrase,1,opposite_same_wording,GENERATION_BOUNDARY,reader_non_set_sufficiency,0.0,30,4,"2,3,4,5,6,7,8,9,10,11,12,13,14,15,20,21,22,23,24,25,26,27,28,29,30,31"
confirmation,exp12_test_edit_12,test_edit,paraphrase,0,paraphrase,1,opposite_same_wording,GENERATION_BOUNDARY,reader_non_set_necessity,0.0,30,4,"2,3,4,5,6,7,8,9,10,11,12,13,14,15,20,21,22,23,24,25,26,27,28,29,30,31"
confirmation,exp12_test_edit_12,test_edit,paraphrase,0,paraphrase,1,opposite_same_wording,GENERATION_BOUNDARY,reader_all28_sufficiency,0.20246247202157974,30,4,"0,1,2,3,4,5,6,7,8,9,10,11,12,13,14,15,16,17,18,19,20,21,22,23,24,25,26,27,28,29,30,31"
confirmation,exp12_test_edit_12,test_edit,paraphrase,0,paraphrase,1,opposite_same_wording,GENERATION_BOUNDARY,reader_all28_necessity,0.20246247202157974,30,4,"0,1,2,3,4,5,6,7,8,9,10,11,12,13,14,15,16,17,18,19,20,21,22,23,24,25,26,27,28,29,30,31"
confirmation,exp12_test_edit_12,test_edit,paraphrase,0,paraphrase,1,opposite_same_wording,GENERATION_BOUNDARY,reader_verified_v_effect,0.20246247202157974,30,4,
confirmation,exp12_test_edit_12,test_edit,paraphrase,0,paraphrase,1,opposite_same_wording,GENERATION_BOUNDARY,reader_leakage_ratio,0.0,30,4,
confirmation,exp12_test_edit_12,test_edit,canonical,1,canonical,0,opposite_same_wording,GENERATION_BOUNDARY,selected_V_sufficiency,0.11393260955810547,30,4,
confirmation,exp12_test_edit_12,test_edit,canonical,1,canonical,0,opposite_same_wording,GENERATION_BOUNDARY,selected_V_necessity_loss,0.17629146575927734,30,4,
confirmation,exp12_test_edit_12,test_edit,canonical,1,canonical,0,opposite_same_wording,GENERATION_BOUNDARY,cross_selected_V_sufficiency,0.12075924873352051,30,4,
confirmation,exp12_test_edit_12,test_edit,canonical,1,canonical,0,opposite_same_wording,GENERATION_BOUNDARY,same_state_selected_V_control,0.004225581884384155,30,4,
confirmation,exp12_test_edit_12,test_edit,canonical,1,canonical,0,opposite_same_wording,GENERATION_BOUNDARY,matched_negative_ISSUE_V_sufficiency,0.0019180923700332642,30,4,
confirmation,exp12_test_edit_12,test_edit,canonical,1,canonical,0,opposite_same_wording,GENERATION_BOUNDARY,old_absolute_V_sufficiency,0.09891712665557861,30,4,
confirmation,exp12_test_edit_12,test_edit,canonical,1,canonical,0,opposite_same_wording,ISSUE_END,runner_up_V_sufficiency,0.0019180923700332642,30,4,
confirmation,exp12_test_edit_12,test_edit,canonical,1,canonical,0,opposite_same_wording,ISSUE_END,runner_up_V_necessity_loss,1.8836992532014847,30,4,
confirmation,exp12_test_edit_12,test_edit,canonical,1,canonical,0,opposite_same_wording,GENERATION_BOUNDARY,reader_target_pos_sufficiency,0.1357508897781372,30,4,"0,16,18"
confirmation,exp12_test_edit_12,test_edit,canonical,1,canonical,0,opposite_same_wording,GENERATION_BOUNDARY,reader_target_pos_necessity,0.13272632658481598,30,4,"0,16,18"
confirmation,exp12_test_edit_12,test_edit,canonical,1,canonical,0,opposite_same_wording,GENERATION_BOUNDARY,reader_negative_neg_sufficiency,-0.01879371702671051,30,4,"1,17,19"
confirmation,exp12_test_edit_12,test_edit,canonical,1,canonical,0,opposite_same_wording,GENERATION_BOUNDARY,reader_negative_neg_necessity,-0.02181828022003174,30,4,"1,17,19"
confirmation,exp12_test_edit_12,test_edit,canonical,1,canonical,0,opposite_same_wording,GENERATION_BOUNDARY,reader_non_set_sufficiency,-0.0,30,4,"2,3,4,5,6,7,8,9,10,11,12,13,14,15,20,21,22,23,24,25,26,27,28,29,30,31"
confirmation,exp12_test_edit_12,test_edit,canonical,1,canonical,0,opposite_same_wording,GENERATION_BOUNDARY,reader_non_set_necessity,0.0,30,4,"2,3,4,5,6,7,8,9,10,11,12,13,14,15,20,21,22,23,24,25,26,27,28,29,30,31"
confirmation,exp12_test_edit_12,test_edit,canonical,1,canonical,0,opposite_same_wording,GENERATION_BOUNDARY,reader_all28_sufficiency,0.11393260955810547,30,4,"0,1,2,3,4,5,6,7,8,9,10,11,12,13,14,15,16,17,18,19,20,21,22,23,24,25,26,27,28,29,30,31"
confirmation,exp12_test_edit_12,test_edit,canonical,1,canonical,0,opposite_same_wording,GENERATION_BOUNDARY,reader_all28_necessity,0.11393260955810547,30,4,"0,1,2,3,4,5,6,7,8,9,10,11,12,13,14,15,16,17,18,19,20,21,22,23,24,25,26,27,28,29,30,31"
confirmation,exp12_test_edit_12,test_edit,canonical,1,canonical,0,opposite_same_wording,GENERATION_BOUNDARY,reader_verified_v_effect,0.11393260955810547,30,4,
confirmation,exp12_test_edit_12,test_edit,canonical,1,canonical,0,opposite_same_wording,GENERATION_BOUNDARY,reader_leakage_ratio,0.0,30,4,
confirmation,exp12_test_edit_12,test_edit,paraphrase,1,paraphrase,0,opposite_same_wording,GENERATION_BOUNDARY,selected_V_sufficiency,0.14404624700546265,30,4,
confirmation,exp12_test_edit_12,test_edit,paraphrase,1,paraphrase,0,opposite_same_wording,GENERATION_BOUNDARY,selected_V_necessity_loss,0.20392058044672012,30,4,
confirmation,exp12_test_edit_12,test_edit,paraphrase,1,paraphrase,0,opposite_same_wording,GENERATION_BOUNDARY,cross_selected_V_sufficiency,0.13160404562950134,30,4,
confirmation,exp12_test_edit_12,test_edit,paraphrase,1,paraphrase,0,opposite_same_wording,GENERATION_BOUNDARY,same_state_selected_V_control,-0.004821360111236572,30,4,
confirmation,exp12_test_edit_12,test_edit,paraphrase,1,paraphrase,0,opposite_same_wording,GENERATION_BOUNDARY,matched_negative_ISSUE_V_sufficiency,5.8650970458984375e-05,30,4,
confirmation,exp12_test_edit_12,test_edit,paraphrase,1,paraphrase,0,opposite_same_wording,GENERATION_BOUNDARY,old_absolute_V_sufficiency,0.1300176978111267,30,4,
confirmation,exp12_test_edit_12,test_edit,paraphrase,1,paraphrase,0,opposite_same_wording,FINAL_INSTRUCTION_END,runner_up_V_sufficiency,0.0077066123485565186,30,4,
confirmation,exp12_test_edit_12,test_edit,paraphrase,1,paraphrase,0,opposite_same_wording,FINAL_INSTRUCTION_END,runner_up_V_necessity_loss,1.7936335429549217,30,4,
confirmation,exp12_test_edit_12,test_edit,paraphrase,1,paraphrase,0,opposite_same_wording,GENERATION_BOUNDARY,reader_target_pos_sufficiency,0.17870941758155823,30,4,"0,16,18"
confirmation,exp12_test_edit_12,test_edit,paraphrase,1,paraphrase,0,opposite_same_wording,GENERATION_BOUNDARY,reader_target_pos_necessity,0.1737757921218872,30,4,"0,16,18"
confirmation,exp12_test_edit_12,test_edit,paraphrase,1,paraphrase,0,opposite_same_wording,GENERATION_BOUNDARY,reader_negative_neg_sufficiency,-0.02972954511642456,30,4,"1,17,19"
confirmation,exp12_test_edit_12,test_edit,paraphrase,1,paraphrase,0,opposite_same_wording,GENERATION_BOUNDARY,reader_negative_neg_necessity,-0.03466317057609558,30,4,"1,17,19"
confirmation,exp12_test_edit_12,test_edit,paraphrase,1,paraphrase,0,opposite_same_wording,GENERATION_BOUNDARY,reader_non_set_sufficiency,-0.0,30,4,"2,3,4,5,6,7,8,9,10,11,12,13,14,15,20,21,22,23,24,25,26,27,28,29,30,31"
confirmation,exp12_test_edit_12,test_edit,paraphrase,1,paraphrase,0,opposite_same_wording,GENERATION_BOUNDARY,reader_non_set_necessity,0.0,30,4,"2,3,4,5,6,7,8,9,10,11,12,13,14,15,20,21,22,23,24,25,26,27,28,29,30,31"
confirmation,exp12_test_edit_12,test_edit,paraphrase,1,paraphrase,0,opposite_same_wording,GENERATION_BOUNDARY,reader_all28_sufficiency,0.14404624700546265,30,4,"0,1,2,3,4,5,6,7,8,9,10,11,12,13,14,15,16,17,18,19,20,21,22,23,24,25,26,27,28,29,30,31"
confirmation,exp12_test_edit_12,test_edit,paraphrase,1,paraphrase,0,opposite_same_wording,GENERATION_BOUNDARY,reader_all28_necessity,0.14404624700546265,30,4,"0,1,2,3,4,5,6,7,8,9,10,11,12,13,14,15,16,17,18,19,20,21,22,23,24,25,26,27,28,29,30,31"
confirmation,exp12_test_edit_12,test_edit,paraphrase,1,paraphrase,0,opposite_same_wording,GENERATION_BOUNDARY,reader_verified_v_effect,0.14404624700546265,30,4,
confirmation,exp12_test_edit_12,test_edit,paraphrase,1,paraphrase,0,opposite_same_wording,GENERATION_BOUNDARY,reader_leakage_ratio,0.0,30,4,
confirmation,exp12_test_edit_12,test_edit,direct,0,direct,1,direct_opposite_label,USER_END,direct_V_sufficiency,0.016619965434074402,30,4,
confirmation,exp12_test_edit_12,test_edit,direct,1,direct,0,direct_opposite_label,USER_END,direct_V_sufficiency,0.02915412187576294,30,4,
confirmation,exp12_test_edit_13,test_edit,canonical,0,canonical,1,opposite_same_wording,GENERATION_BOUNDARY,selected_V_sufficiency,0.21297389268875122,30,4,
confirmation,exp12_test_edit_13,test_edit,canonical,0,canonical,1,opposite_same_wording,GENERATION_BOUNDARY,selected_V_necessity_loss,0.18586353957653046,30,4,
confirmation,exp12_test_edit_13,test_edit,canonical,0,canonical,1,opposite_same_wording,GENERATION_BOUNDARY,cross_selected_V_sufficiency,0.22217358648777008,30,4,
confirmation,exp12_test_edit_13,test_edit,canonical,0,canonical,1,opposite_same_wording,GENERATION_BOUNDARY,same_state_selected_V_control,0.00559958815574646,30,4,
confirmation,exp12_test_edit_13,test_edit,canonical,0,canonical,1,opposite_same_wording,GENERATION_BOUNDARY,matched_negative_ISSUE_V_sufficiency,0.00011171400547027588,30,4,
confirmation,exp12_test_edit_13,test_edit,canonical,0,canonical,1,opposite_same_wording,GENERATION_BOUNDARY,old_absolute_V_sufficiency,0.2066611647605896,30,4,
confirmation,exp12_test_edit_13,test_edit,canonical,0,canonical,1,opposite_same_wording,ISSUE_END,runner_up_V_sufficiency,0.00011171400547027588,30,4,
confirmation,exp12_test_edit_13,test_edit,canonical,0,canonical,1,opposite_same_wording,ISSUE_END,runner_up_V_necessity_loss,2.1024357229471207,30,4,
confirmation,exp12_test_edit_13,test_edit,canonical,0,canonical,1,opposite_same_wording,GENERATION_BOUNDARY,reader_target_pos_sufficiency,0.23615103960037231,30,4,"0,16,18"
confirmation,exp12_test_edit_13,test_edit,canonical,0,canonical,1,opposite_same_wording,GENERATION_BOUNDARY,reader_target_pos_necessity,0.23570580780506134,30,4,"0,16,18"
confirmation,exp12_test_edit_13,test_edit,canonical,0,canonical,1,opposite_same_wording,GENERATION_BOUNDARY,reader_negative_neg_sufficiency,-0.02273191511631012,30,4,"1,17,19"
confirmation,exp12_test_edit_13,test_edit,canonical,0,canonical,1,opposite_same_wording,GENERATION_BOUNDARY,reader_negative_neg_necessity,-0.023177146911621094,30,4,"1,17,19"
confirmation,exp12_test_edit_13,test_edit,canonical,0,canonical,1,opposite_same_wording,GENERATION_BOUNDARY,reader_non_set_sufficiency,0.0,30,4,"2,3,4,5,6,7,8,9,10,11,12,13,14,15,20,21,22,23,24,25,26,27,28,29,30,31"
confirmation,exp12_test_edit_13,test_edit,canonical,0,canonical,1,opposite_same_wording,GENERATION_BOUNDARY,reader_non_set_necessity,0.0,30,4,"2,3,4,5,6,7,8,9,10,11,12,13,14,15,20,21,22,23,24,25,26,27,28,29,30,31"
confirmation,exp12_test_edit_13,test_edit,canonical,0,canonical,1,opposite_same_wording,GENERATION_BOUNDARY,reader_all28_sufficiency,0.21297389268875122,30,4,"0,1,2,3,4,5,6,7,8,9,10,11,12,13,14,15,16,17,18,19,20,21,22,23,24,25,26,27,28,29,30,31"
confirmation,exp12_test_edit_13,test_edit,canonical,0,canonical,1,opposite_same_wording,GENERATION_BOUNDARY,reader_all28_necessity,0.21297389268875122,30,4,"0,1,2,3,4,5,6,7,8,9,10,11,12,13,14,15,16,17,18,19,20,21,22,23,24,25,26,27,28,29,30,31"
confirmation,exp12_test_edit_13,test_edit,canonical,0,canonical,1,opposite_same_wording,GENERATION_BOUNDARY,reader_verified_v_effect,0.21297389268875122,30,4,
confirmation,exp12_test_edit_13,test_edit,canonical,0,canonical,1,opposite_same_wording,GENERATION_BOUNDARY,reader_leakage_ratio,0.0,30,4,
confirmation,exp12_test_edit_13,test_edit,paraphrase,0,paraphrase,1,opposite_same_wording,GENERATION_BOUNDARY,selected_V_sufficiency,0.23143672198057175,30,4,
confirmation,exp12_test_edit_13,test_edit,paraphrase,0,paraphrase,1,opposite_same_wording,GENERATION_BOUNDARY,selected_V_necessity_loss,0.197270929813385,30,4,
confirmation,exp12_test_edit_13,test_edit,paraphrase,0,paraphrase,1,opposite_same_wording,GENERATION_BOUNDARY,cross_selected_V_sufficiency,0.22575674206018448,30,4,
confirmation,exp12_test_edit_13,test_edit,paraphrase,0,paraphrase,1,opposite_same_wording,GENERATION_BOUNDARY,same_state_selected_V_control,-0.005786731839179993,30,4,
confirmation,exp12_test_edit_13,test_edit,paraphrase,0,paraphrase,1,opposite_same_wording,GENERATION_BOUNDARY,matched_negative_ISSUE_V_sufficiency,-0.0007843673229217529,30,4,
confirmation,exp12_test_edit_13,test_edit,paraphrase,0,paraphrase,1,opposite_same_wording,GENERATION_BOUNDARY,old_absolute_V_sufficiency,0.23212594538927078,30,4,
confirmation,exp12_test_edit_13,test_edit,paraphrase,0,paraphrase,1,opposite_same_wording,FINAL_INSTRUCTION_END,runner_up_V_sufficiency,0.004919134080410004,30,4,
confirmation,exp12_test_edit_13,test_edit,paraphrase,0,paraphrase,1,opposite_same_wording,FINAL_INSTRUCTION_END,runner_up_V_necessity_loss,1.99114940315485,30,4,
confirmation,exp12_test_edit_13,test_edit,paraphrase,0,paraphrase,1,opposite_same_wording,GENERATION_BOUNDARY,reader_target_pos_sufficiency,0.2647956684231758,30,4,"0,16,18"
confirmation,exp12_test_edit_13,test_edit,paraphrase,0,paraphrase,1,opposite_same_wording,GENERATION_BOUNDARY,reader_target_pos_necessity,0.25265099853277206,30,4,"0,16,18"
confirmation,exp12_test_edit_13,test_edit,paraphrase,0,paraphrase,1,opposite_same_wording,GENERATION_BOUNDARY,reader_negative_neg_sufficiency,-0.021214276552200317,30,4,"1,17,19"
confirmation,exp12_test_edit_13,test_edit,paraphrase,0,paraphrase,1,opposite_same_wording,GENERATION_BOUNDARY,reader_negative_neg_necessity,-0.033358946442604065,30,4,"1,17,19"
confirmation,exp12_test_edit_13,test_edit,paraphrase,0,paraphrase,1,opposite_same_wording,GENERATION_BOUNDARY,reader_non_set_sufficiency,0.0,30,4,"2,3,4,5,6,7,8,9,10,11,12,13,14,15,20,21,22,23,24,25,26,27,28,29,30,31"
confirmation,exp12_test_edit_13,test_edit,paraphrase,0,paraphrase,1,opposite_same_wording,GENERATION_BOUNDARY,reader_non_set_necessity,0.0,30,4,"2,3,4,5,6,7,8,9,10,11,12,13,14,15,20,21,22,23,24,25,26,27,28,29,30,31"
confirmation,exp12_test_edit_13,test_edit,paraphrase,0,paraphrase,1,opposite_same_wording,GENERATION_BOUNDARY,reader_all28_sufficiency,0.23143672198057175,30,4,"0,1,2,3,4,5,6,7,8,9,10,11,12,13,14,15,16,17,18,19,20,21,22,23,24,25,26,27,28,29,30,31"
confirmation,exp12_test_edit_13,test_edit,paraphrase,0,paraphrase,1,opposite_same_wording,GENERATION_BOUNDARY,reader_all28_necessity,0.23143672198057175,30,4,"0,1,2,3,4,5,6,7,8,9,10,11,12,13,14,15,16,17,18,19,20,21,22,23,24,25,26,27,28,29,30,31"
confirmation,exp12_test_edit_13,test_edit,paraphrase,0,paraphrase,1,opposite_same_wording,GENERATION_BOUNDARY,reader_verified_v_effect,0.23143672198057175,30,4,
confirmation,exp12_test_edit_13,test_edit,paraphrase,0,paraphrase,1,opposite_same_wording,GENERATION_BOUNDARY,reader_leakage_ratio,0.0,30,4,
confirmation,exp12_test_edit_13,test_edit,canonical,1,canonical,0,opposite_same_wording,GENERATION_BOUNDARY,selected_V_sufficiency,0.1318419873714447,30,4,
confirmation,exp12_test_edit_13,test_edit,canonical,1,canonical,0,opposite_same_wording,GENERATION_BOUNDARY,selected_V_necessity_loss,0.2176603227853775,30,4,
confirmation,exp12_test_edit_13,test_edit,canonical,1,canonical,0,opposite_same_wording,GENERATION_BOUNDARY,cross_selected_V_sufficiency,0.13498085737228394,30,4,
confirmation,exp12_test_edit_13,test_edit,canonical,1,canonical,0,opposite_same_wording,GENERATION_BOUNDARY,same_state_selected_V_control,0.007498264312744141,30,4,
confirmation,exp12_test_edit_13,test_edit,canonical,1,canonical,0,opposite_same_wording,GENERATION_BOUNDARY,matched_negative_ISSUE_V_sufficiency,0.0013354867696762085,30,4,
confirmation,exp12_test_edit_13,test_edit,canonical,1,canonical,0,opposite_same_wording,GENERATION_BOUNDARY,old_absolute_V_sufficiency,0.12146046757698059,30,4,
confirmation,exp12_test_edit_13,test_edit,canonical,1,canonical,0,opposite_same_wording,ISSUE_END,runner_up_V_sufficiency,0.0013354867696762085,30,4,
confirmation,exp12_test_edit_13,test_edit,canonical,1,canonical,0,opposite_same_wording,ISSUE_END,runner_up_V_necessity_loss,2.0876230597496033,30,4,
confirmation,exp12_test_edit_13,test_edit,canonical,1,canonical,0,opposite_same_wording,GENERATION_BOUNDARY,reader_target_pos_sufficiency,0.1483422815799713,30,4,"0,16,18"
confirmation,exp12_test_edit_13,test_edit,canonical,1,canonical,0,opposite_same_wording,GENERATION_BOUNDARY,reader_target_pos_necessity,0.15198877453804016,30,4,"0,16,18"
confirmation,exp12_test_edit_13,test_edit,canonical,1,canonical,0,opposite_same_wording,GENERATION_BOUNDARY,reader_negative_neg_sufficiency,-0.02014678716659546,30,4,"1,17,19"
confirmation,exp12_test_edit_13,test_edit,canonical,1,canonical,0,opposite_same_wording,GENERATION_BOUNDARY,reader_negative_neg_necessity,-0.01650029420852661,30,4,"1,17,19"
confirmation,exp12_test_edit_13,test_edit,canonical,1,canonical,0,opposite_same_wording,GENERATION_BOUNDARY,reader_non_set_sufficiency,-0.0,30,4,"2,3,4,5,6,7,8,9,10,11,12,13,14,15,20,21,22,23,24,25,26,27,28,29,30,31"
confirmation,exp12_test_edit_13,test_edit,canonical,1,canonical,0,opposite_same_wording,GENERATION_BOUNDARY,reader_non_set_necessity,0.0,30,4,"2,3,4,5,6,7,8,9,10,11,12,13,14,15,20,21,22,23,24,25,26,27,28,29,30,31"
confirmation,exp12_test_edit_13,test_edit,canonical,1,canonical,0,opposite_same_wording,GENERATION_BOUNDARY,reader_all28_sufficiency,0.1318419873714447,30,4,"0,1,2,3,4,5,6,7,8,9,10,11,12,13,14,15,16,17,18,19,20,21,22,23,24,25,26,27,28,29,30,31"
confirmation,exp12_test_edit_13,test_edit,canonical,1,canonical,0,opposite_same_wording,GENERATION_BOUNDARY,reader_all28_necessity,0.1318419873714447,30,4,"0,1,2,3,4,5,6,7,8,9,10,11,12,13,14,15,16,17,18,19,20,21,22,23,24,25,26,27,28,29,30,31"
confirmation,exp12_test_edit_13,test_edit,canonical,1,canonical,0,opposite_same_wording,GENERATION_BOUNDARY,reader_verified_v_effect,0.1318419873714447,30,4,
confirmation,exp12_test_edit_13,test_edit,canonical,1,canonical,0,opposite_same_wording,GENERATION_BOUNDARY,reader_leakage_ratio,0.0,30,4,
confirmation,exp12_test_edit_13,test_edit,paraphrase,1,paraphrase,0,opposite_same_wording,GENERATION_BOUNDARY,selected_V_sufficiency,0.17460355162620544,30,4,
confirmation,exp12_test_edit_13,test_edit,paraphrase,1,paraphrase,0,opposite_same_wording,GENERATION_BOUNDARY,selected_V_necessity_loss,0.2291783168911934,30,4,
confirmation,exp12_test_edit_13,test_edit,paraphrase,1,paraphrase,0,opposite_same_wording,GENERATION_BOUNDARY,cross_selected_V_sufficiency,0.16418799757957458,30,4,
confirmation,exp12_test_edit_13,test_edit,paraphrase,1,paraphrase,0,opposite_same_wording,GENERATION_BOUNDARY,same_state_selected_V_control,0.005217641592025757,30,4,
confirmation,exp12_test_edit_13,test_edit,paraphrase,1,paraphrase,0,opposite_same_wording,GENERATION_BOUNDARY,matched_negative_ISSUE_V_sufficiency,-0.00849616527557373,30,4,
confirmation,exp12_test_edit_13,test_edit,paraphrase,1,paraphrase,0,opposite_same_wording,GENERATION_BOUNDARY,old_absolute_V_sufficiency,0.15329879522323608,30,4,
confirmation,exp12_test_edit_13,test_edit,paraphrase,1,paraphrase,0,opposite_same_wording,FINAL_INSTRUCTION_END,runner_up_V_sufficiency,6.273388862609863e-05,30,4,
confirmation,exp12_test_edit_13,test_edit,paraphrase,1,paraphrase,0,opposite_same_wording,FINAL_INSTRUCTION_END,runner_up_V_necessity_loss,2.000498093664646,30,4,
confirmation,exp12_test_edit_13,test_edit,paraphrase,1,paraphrase,0,opposite_same_wording,GENERATION_BOUNDARY,reader_target_pos_sufficiency,0.2158975899219513,30,4,"0,16,18"
confirmation,exp12_test_edit_13,test_edit,paraphrase,1,paraphrase,0,opposite_same_wording,GENERATION_BOUNDARY,reader_target_pos_necessity,0.20501458644866943,30,4,"0,16,18"
confirmation,exp12_test_edit_13,test_edit,paraphrase,1,paraphrase,0,opposite_same_wording,GENERATION_BOUNDARY,reader_negative_neg_sufficiency,-0.03041103482246399,30,4,"1,17,19"
confirmation,exp12_test_edit_13,test_edit,paraphrase,1,paraphrase,0,opposite_same_wording,GENERATION_BOUNDARY,reader_negative_neg_necessity,-0.04129403829574585,30,4,"1,17,19"
confirmation,exp12_test_edit_13,test_edit,paraphrase,1,paraphrase,0,opposite_same_wording,GENERATION_BOUNDARY,reader_non_set_sufficiency,-0.0,30,4,"2,3,4,5,6,7,8,9,10,11,12,13,14,15,20,21,22,23,24,25,26,27,28,29,30,31"
confirmation,exp12_test_edit_13,test_edit,paraphrase,1,paraphrase,0,opposite_same_wording,GENERATION_BOUNDARY,reader_non_set_necessity,0.0,30,4,"2,3,4,5,6,7,8,9,10,11,12,13,14,15,20,21,22,23,24,25,26,27,28,29,30,31"
confirmation,exp12_test_edit_13,test_edit,paraphrase,1,paraphrase,0,opposite_same_wording,GENERATION_BOUNDARY,reader_all28_sufficiency,0.17460355162620544,30,4,"0,1,2,3,4,5,6,7,8,9,10,11,12,13,14,15,16,17,18,19,20,21,22,23,24,25,26,27,28,29,30,31"
confirmation,exp12_test_edit_13,test_edit,paraphrase,1,paraphrase,0,opposite_same_wording,GENERATION_BOUNDARY,reader_all28_necessity,0.17460355162620544,30,4,"0,1,2,3,4,5,6,7,8,9,10,11,12,13,14,15,16,17,18,19,20,21,22,23,24,25,26,27,28,29,30,31"
confirmation,exp12_test_edit_13,test_edit,paraphrase,1,paraphrase,0,opposite_same_wording,GENERATION_BOUNDARY,reader_verified_v_effect,0.17460355162620544,30,4,
confirmation,exp12_test_edit_13,test_edit,paraphrase,1,paraphrase,0,opposite_same_wording,GENERATION_BOUNDARY,reader_leakage_ratio,0.0,30,4,
confirmation,exp12_test_edit_13,test_edit,direct,0,direct,1,direct_opposite_label,USER_END,direct_V_sufficiency,0.02920551598072052,30,4,
confirmation,exp12_test_edit_13,test_edit,direct,1,direct,0,direct_opposite_label,USER_END,direct_V_sufficiency,0.029793262481689453,30,4,
confirmation,exp12_test_edit_14,test_edit,canonical,0,canonical,1,opposite_same_wording,GENERATION_BOUNDARY,selected_V_sufficiency,0.19850125163793564,30,4,
confirmation,exp12_test_edit_14,test_edit,canonical,0,canonical,1,opposite_same_wording,GENERATION_BOUNDARY,selected_V_necessity_loss,0.17676948010921478,30,4,
confirmation,exp12_test_edit_14,test_edit,canonical,0,canonical,1,opposite_same_wording,GENERATION_BOUNDARY,cross_selected_V_sufficiency,0.19996260851621628,30,4,
confirmation,exp12_test_edit_14,test_edit,canonical,0,canonical,1,opposite_same_wording,GENERATION_BOUNDARY,same_state_selected_V_control,-0.002787977457046509,30,4,
confirmation,exp12_test_edit_14,test_edit,canonical,0,canonical,1,opposite_same_wording,GENERATION_BOUNDARY,matched_negative_ISSUE_V_sufficiency,5.014240741729736e-06,30,4,
confirmation,exp12_test_edit_14,test_edit,canonical,0,canonical,1,opposite_same_wording,GENERATION_BOUNDARY,old_absolute_V_sufficiency,0.19426464289426804,30,4,
confirmation,exp12_test_edit_14,test_edit,canonical,0,canonical,1,opposite_same_wording,ISSUE_END,runner_up_V_sufficiency,5.014240741729736e-06,30,4,
confirmation,exp12_test_edit_14,test_edit,canonical,0,canonical,1,opposite_same_wording,ISSUE_END,runner_up_V_necessity_loss,1.9309130012989044,30,4,
confirmation,exp12_test_edit_14,test_edit,canonical,0,canonical,1,opposite_same_wording,GENERATION_BOUNDARY,reader_target_pos_sufficiency,0.21836993843317032,30,4,"0,16,18"
confirmation,exp12_test_edit_14,test_edit,canonical,0,canonical,1,opposite_same_wording,GENERATION_BOUNDARY,reader_target_pos_necessity,0.21204626560211182,30,4,"0,16,18"
confirmation,exp12_test_edit_14,test_edit,canonical,0,canonical,1,opposite_same_wording,GENERATION_BOUNDARY,reader_negative_neg_sufficiency,-0.013545013964176178,30,4,"1,17,19"
confirmation,exp12_test_edit_14,test_edit,canonical,0,canonical,1,opposite_same_wording,GENERATION_BOUNDARY,reader_negative_neg_necessity,-0.01986868679523468,30,4,"1,17,19"
confirmation,exp12_test_edit_14,test_edit,canonical,0,canonical,1,opposite_same_wording,GENERATION_BOUNDARY,reader_non_set_sufficiency,0.0,30,4,"2,3,4,5,6,7,8,9,10,11,12,13,14,15,20,21,22,23,24,25,26,27,28,29,30,31"
confirmation,exp12_test_edit_14,test_edit,canonical,0,canonical,1,opposite_same_wording,GENERATION_BOUNDARY,reader_non_set_necessity,0.0,30,4,"2,3,4,5,6,7,8,9,10,11,12,13,14,15,20,21,22,23,24,25,26,27,28,29,30,31"
confirmation,exp12_test_edit_14,test_edit,canonical,0,canonical,1,opposite_same_wording,GENERATION_BOUNDARY,reader_all28_sufficiency,0.19850125163793564,30,4,"0,1,2,3,4,5,6,7,8,9,10,11,12,13,14,15,16,17,18,19,20,21,22,23,24,25,26,27,28,29,30,31"
confirmation,exp12_test_edit_14,test_edit,canonical,0,canonical,1,opposite_same_wording,GENERATION_BOUNDARY,reader_all28_necessity,0.19850125163793564,30,4,"0,1,2,3,4,5,6,7,8,9,10,11,12,13,14,15,16,17,18,19,20,21,22,23,24,25,26,27,28,29,30,31"
confirmation,exp12_test_edit_14,test_edit,canonical,0,canonical,1,opposite_same_wording,GENERATION_BOUNDARY,reader_verified_v_effect,0.19850125163793564,30,4,
confirmation,exp12_test_edit_14,test_edit,canonical,0,canonical,1,opposite_same_wording,GENERATION_BOUNDARY,reader_leakage_ratio,0.0,30,4,
confirmation,exp12_test_edit_14,test_edit,paraphrase,0,paraphrase,1,opposite_same_wording,GENERATION_BOUNDARY,selected_V_sufficiency,0.22365504130721092,30,4,
confirmation,exp12_test_edit_14,test_edit,paraphrase,0,paraphrase,1,opposite_same_wording,GENERATION_BOUNDARY,selected_V_necessity_loss,0.19953900575637817,30,4,
confirmation,exp12_test_edit_14,test_edit,paraphrase,0,paraphrase,1,opposite_same_wording,GENERATION_BOUNDARY,cross_selected_V_sufficiency,0.21874431148171425,30,4,
confirmation,exp12_test_edit_14,test_edit,paraphrase,0,paraphrase,1,opposite_same_wording,GENERATION_BOUNDARY,same_state_selected_V_control,-0.0022973380982875824,30,4,
confirmation,exp12_test_edit_14,test_edit,paraphrase,0,paraphrase,1,opposite_same_wording,GENERATION_BOUNDARY,matched_negative_ISSUE_V_sufficiency,0.0007993094623088837,30,4,
confirmation,exp12_test_edit_14,test_edit,paraphrase,0,paraphrase,1,opposite_same_wording,GENERATION_BOUNDARY,old_absolute_V_sufficiency,0.22083434090018272,30,4,
confirmation,exp12_test_edit_14,test_edit,paraphrase,0,paraphrase,1,opposite_same_wording,FINAL_INSTRUCTION_END,runner_up_V_sufficiency,0.008441638201475143,30,4,
confirmation,exp12_test_edit_14,test_edit,paraphrase,0,paraphrase,1,opposite_same_wording,FINAL_INSTRUCTION_END,runner_up_V_necessity_loss,1.8351925797760487,30,4,
confirmation,exp12_test_edit_14,test_edit,paraphrase,0,paraphrase,1,opposite_same_wording,GENERATION_BOUNDARY,reader_target_pos_sufficiency,0.24675536528229713,30,4,"0,16,18"
confirmation,exp12_test_edit_14,test_edit,paraphrase,0,paraphrase,1,opposite_same_wording,GENERATION_BOUNDARY,reader_target_pos_necessity,0.23655951023101807,30,4,"0,16,18"
confirmation,exp12_test_edit_14,test_edit,paraphrase,0,paraphrase,1,opposite_same_wording,GENERATION_BOUNDARY,reader_negative_neg_sufficiency,-0.012904468923807144,30,4,"1,17,19"
confirmation,exp12_test_edit_14,test_edit,paraphrase,0,paraphrase,1,opposite_same_wording,GENERATION_BOUNDARY,reader_negative_neg_necessity,-0.023100323975086212,30,4,"1,17,19"
confirmation,exp12_test_edit_14,test_edit,paraphrase,0,paraphrase,1,opposite_same_wording,GENERATION_BOUNDARY,reader_non_set_sufficiency,0.0,30,4,"2,3,4,5,6,7,8,9,10,11,12,13,14,15,20,21,22,23,24,25,26,27,28,29,30,31"
confirmation,exp12_test_edit_14,test_edit,paraphrase,0,paraphrase,1,opposite_same_wording,GENERATION_BOUNDARY,reader_non_set_necessity,0.0,30,4,"2,3,4,5,6,7,8,9,10,11,12,13,14,15,20,21,22,23,24,25,26,27,28,29,30,31"
confirmation,exp12_test_edit_14,test_edit,paraphrase,0,paraphrase,1,opposite_same_wording,GENERATION_BOUNDARY,reader_all28_sufficiency,0.22365504130721092,30,4,"0,1,2,3,4,5,6,7,8,9,10,11,12,13,14,15,16,17,18,19,20,21,22,23,24,25,26,27,28,29,30,31"
confirmation,exp12_test_edit_14,test_edit,paraphrase,0,paraphrase,1,opposite_same_wording,GENERATION_BOUNDARY,reader_all28_necessity,0.22365504130721092,30,4,"0,1,2,3,4,5,6,7,8,9,10,11,12,13,14,15,16,17,18,19,20,21,22,23,24,25,26,27,28,29,30,31"
confirmation,exp12_test_edit_14,test_edit,paraphrase,0,paraphrase,1,opposite_same_wording,GENERATION_BOUNDARY,reader_verified_v_effect,0.22365504130721092,30,4,
confirmation,exp12_test_edit_14,test_edit,paraphrase,0,paraphrase,1,opposite_same_wording,GENERATION_BOUNDARY,reader_leakage_ratio,0.0,30,4,
confirmation,exp12_test_edit_14,test_edit,canonical,1,canonical,0,opposite_same_wording,GENERATION_BOUNDARY,selected_V_sufficiency,0.12849800288677216,30,4,
confirmation,exp12_test_edit_14,test_edit,canonical,1,canonical,0,opposite_same_wording,GENERATION_BOUNDARY,selected_V_necessity_loss,0.190216563642025,30,4,
confirmation,exp12_test_edit_14,test_edit,canonical,1,canonical,0,opposite_same_wording,GENERATION_BOUNDARY,cross_selected_V_sufficiency,0.13659203052520752,30,4,
confirmation,exp12_test_edit_14,test_edit,canonical,1,canonical,0,opposite_same_wording,GENERATION_BOUNDARY,same_state_selected_V_control,0.004820764064788818,30,4,
confirmation,exp12_test_edit_14,test_edit,canonical,1,canonical,0,opposite_same_wording,GENERATION_BOUNDARY,matched_negative_ISSUE_V_sufficiency,0.0006812214851379395,30,4,
confirmation,exp12_test_edit_14,test_edit,canonical,1,canonical,0,opposite_same_wording,GENERATION_BOUNDARY,old_absolute_V_sufficiency,0.118862584233284,30,4,
confirmation,exp12_test_edit_14,test_edit,canonical,1,canonical,0,opposite_same_wording,ISSUE_END,runner_up_V_sufficiency,0.0006812214851379395,30,4,
confirmation,exp12_test_edit_14,test_edit,canonical,1,canonical,0,opposite_same_wording,ISSUE_END,runner_up_V_necessity_loss,1.8982085511088371,30,4,
confirmation,exp12_test_edit_14,test_edit,canonical,1,canonical,0,opposite_same_wording,GENERATION_BOUNDARY,reader_target_pos_sufficiency,0.15568438172340393,30,4,"0,16,18"
confirmation,exp12_test_edit_14,test_edit,canonical,1,canonical,0,opposite_same_wording,GENERATION_BOUNDARY,reader_target_pos_necessity,0.1462024748325348,30,4,"0,16,18"
confirmation,exp12_test_edit_14,test_edit,canonical,1,canonical,0,opposite_same_wording,GENERATION_BOUNDARY,reader_negative_neg_sufficiency,-0.017704471945762634,30,4,"1,17,19"
confirmation,exp12_test_edit_14,test_edit,canonical,1,canonical,0,opposite_same_wording,GENERATION_BOUNDARY,reader_negative_neg_necessity,-0.027186378836631775,30,4,"1,17,19"
confirmation,exp12_test_edit_14,test_edit,canonical,1,canonical,0,opposite_same_wording,GENERATION_BOUNDARY,reader_non_set_sufficiency,-0.0,30,4,"2,3,4,5,6,7,8,9,10,11,12,13,14,15,20,21,22,23,24,25,26,27,28,29,30,31"
confirmation,exp12_test_edit_14,test_edit,canonical,1,canonical,0,opposite_same_wording,GENERATION_BOUNDARY,reader_non_set_necessity,0.0,30,4,"2,3,4,5,6,7,8,9,10,11,12,13,14,15,20,21,22,23,24,25,26,27,28,29,30,31"
confirmation,exp12_test_edit_14,test_edit,canonical,1,canonical,0,opposite_same_wording,GENERATION_BOUNDARY,reader_all28_sufficiency,0.12849800288677216,30,4,"0,1,2,3,4,5,6,7,8,9,10,11,12,13,14,15,16,17,18,19,20,21,22,23,24,25,26,27,28,29,30,31"
confirmation,exp12_test_edit_14,test_edit,canonical,1,canonical,0,opposite_same_wording,GENERATION_BOUNDARY,reader_all28_necessity,0.12849800288677216,30,4,"0,1,2,3,4,5,6,7,8,9,10,11,12,13,14,15,16,17,18,19,20,21,22,23,24,25,26,27,28,29,30,31"
confirmation,exp12_test_edit_14,test_edit,canonical,1,canonical,0,opposite_same_wording,GENERATION_BOUNDARY,reader_verified_v_effect,0.12849800288677216,30,4,
confirmation,exp12_test_edit_14,test_edit,canonical,1,canonical,0,opposite_same_wording,GENERATION_BOUNDARY,reader_leakage_ratio,0.0,30,4,
confirmation,exp12_test_edit_14,test_edit,paraphrase,1,paraphrase,0,opposite_same_wording,GENERATION_BOUNDARY,selected_V_sufficiency,0.17268377542495728,30,4,
confirmation,exp12_test_edit_14,test_edit,paraphrase,1,paraphrase,0,opposite_same_wording,GENERATION_BOUNDARY,selected_V_necessity_loss,0.2077842652797699,30,4,
confirmation,exp12_test_edit_14,test_edit,paraphrase,1,paraphrase,0,opposite_same_wording,GENERATION_BOUNDARY,cross_selected_V_sufficiency,0.1644083559513092,30,4,
confirmation,exp12_test_edit_14,test_edit,paraphrase,1,paraphrase,0,opposite_same_wording,GENERATION_BOUNDARY,same_state_selected_V_control,-0.010936915874481201,30,4,
confirmation,exp12_test_edit_14,test_edit,paraphrase,1,paraphrase,0,opposite_same_wording,GENERATION_BOUNDARY,matched_negative_ISSUE_V_sufficiency,0.001359015703201294,30,4,
confirmation,exp12_test_edit_14,test_edit,paraphrase,1,paraphrase,0,opposite_same_wording,GENERATION_BOUNDARY,old_absolute_V_sufficiency,0.165583074092865,30,4,
confirmation,exp12_test_edit_14,test_edit,paraphrase,1,paraphrase,0,opposite_same_wording,FINAL_INSTRUCTION_END,runner_up_V_sufficiency,0.007721811532974243,30,4,
confirmation,exp12_test_edit_14,test_edit,paraphrase,1,paraphrase,0,opposite_same_wording,FINAL_INSTRUCTION_END,runner_up_V_necessity_loss,1.82816893607378,30,4,
confirmation,exp12_test_edit_14,test_edit,paraphrase,1,paraphrase,0,opposite_same_wording,GENERATION_BOUNDARY,reader_target_pos_sufficiency,0.22128868103027344,30,4,"0,16,18"
confirmation,exp12_test_edit_14,test_edit,paraphrase,1,paraphrase,0,opposite_same_wording,GENERATION_BOUNDARY,reader_target_pos_necessity,0.2018921971321106,30,4,"0,16,18"
confirmation,exp12_test_edit_14,test_edit,paraphrase,1,paraphrase,0,opposite_same_wording,GENERATION_BOUNDARY,reader_negative_neg_sufficiency,-0.02920842170715332,30,4,"1,17,19"
confirmation,exp12_test_edit_14,test_edit,paraphrase,1,paraphrase,0,opposite_same_wording,GENERATION_BOUNDARY,reader_negative_neg_necessity,-0.04860490560531616,30,4,"1,17,19"
confirmation,exp12_test_edit_14,test_edit,paraphrase,1,paraphrase,0,opposite_same_wording,GENERATION_BOUNDARY,reader_non_set_sufficiency,-0.0,30,4,"2,3,4,5,6,7,8,9,10,11,12,13,14,15,20,21,22,23,24,25,26,27,28,29,30,31"
confirmation,exp12_test_edit_14,test_edit,paraphrase,1,paraphrase,0,opposite_same_wording,GENERATION_BOUNDARY,reader_non_set_necessity,0.0,30,4,"2,3,4,5,6,7,8,9,10,11,12,13,14,15,20,21,22,23,24,25,26,27,28,29,30,31"
confirmation,exp12_test_edit_14,test_edit,paraphrase,1,paraphrase,0,opposite_same_wording,GENERATION_BOUNDARY,reader_all28_sufficiency,0.17268377542495728,30,4,"0,1,2,3,4,5,6,7,8,9,10,11,12,13,14,15,16,17,18,19,20,21,22,23,24,25,26,27,28,29,30,31"
confirmation,exp12_test_edit_14,test_edit,paraphrase,1,paraphrase,0,opposite_same_wording,GENERATION_BOUNDARY,reader_all28_necessity,0.17268377542495728,30,4,"0,1,2,3,4,5,6,7,8,9,10,11,12,13,14,15,16,17,18,19,20,21,22,23,24,25,26,27,28,29,30,31"
confirmation,exp12_test_edit_14,test_edit,paraphrase,1,paraphrase,0,opposite_same_wording,GENERATION_BOUNDARY,reader_verified_v_effect,0.17268377542495728,30,4,
confirmation,exp12_test_edit_14,test_edit,paraphrase,1,paraphrase,0,opposite_same_wording,GENERATION_BOUNDARY,reader_leakage_ratio,0.0,30,4,
confirmation,exp12_test_edit_14,test_edit,direct,0,direct,1,direct_opposite_label,USER_END,direct_V_sufficiency,0.014417126774787903,30,4,
confirmation,exp12_test_edit_14,test_edit,direct,1,direct,0,direct_opposite_label,USER_END,direct_V_sufficiency,0.038831859827041626,30,4,
confirmation,exp12_search_edit_00,search_edit,canonical,0,canonical,1,opposite_same_wording,GENERATION_BOUNDARY,selected_V_sufficiency,0.14508426189422607,30,4,
confirmation,exp12_search_edit_00,search_edit,canonical,0,canonical,1,opposite_same_wording,GENERATION_BOUNDARY,selected_V_necessity_loss,0.2319394201040268,30,4,
confirmation,exp12_search_edit_00,search_edit,canonical,0,canonical,1,opposite_same_wording,GENERATION_BOUNDARY,cross_selected_V_sufficiency,0.15916144847869873,30,4,
confirmation,exp12_search_edit_00,search_edit,canonical,0,canonical,1,opposite_same_wording,GENERATION_BOUNDARY,same_state_selected_V_control,0.00012040138244628906,30,4,
confirmation,exp12_search_edit_00,search_edit,canonical,0,canonical,1,opposite_same_wording,GENERATION_BOUNDARY,matched_negative_ISSUE_V_sufficiency,9.655952453613281e-06,30,4,
confirmation,exp12_search_edit_00,search_edit,canonical,0,canonical,1,opposite_same_wording,GENERATION_BOUNDARY,old_absolute_V_sufficiency,0.14195919036865234,30,4,
confirmation,exp12_search_edit_00,search_edit,canonical,0,canonical,1,opposite_same_wording,FINAL_INSTRUCTION_END,runner_up_V_sufficiency,0.0031291842460632324,30,4,
confirmation,exp12_search_edit_00,search_edit,canonical,0,canonical,1,opposite_same_wording,FINAL_INSTRUCTION_END,runner_up_V_necessity_loss,3.1348199397325516,30,4,
confirmation,exp12_search_edit_00,search_edit,canonical,0,canonical,1,opposite_same_wording,GENERATION_BOUNDARY,reader_target_pos_sufficiency,0.16538631916046143,30,4,"0,16,18"
confirmation,exp12_search_edit_00,search_edit,canonical,0,canonical,1,opposite_same_wording,GENERATION_BOUNDARY,reader_target_pos_necessity,0.15756922960281372,30,4,"0,16,18"
confirmation,exp12_search_edit_00,search_edit,canonical,0,canonical,1,opposite_same_wording,GENERATION_BOUNDARY,reader_negative_neg_sufficiency,-0.012484967708587646,30,4,"1,17,19"
confirmation,exp12_search_edit_00,search_edit,canonical,0,canonical,1,opposite_same_wording,GENERATION_BOUNDARY,reader_negative_neg_necessity,-0.02030205726623535,30,4,"1,17,19"
confirmation,exp12_search_edit_00,search_edit,canonical,0,canonical,1,opposite_same_wording,GENERATION_BOUNDARY,reader_non_set_sufficiency,0.0,30,4,"2,3,4,5,6,7,8,9,10,11,12,13,14,15,20,21,22,23,24,25,26,27,28,29,30,31"
confirmation,exp12_search_edit_00,search_edit,canonical,0,canonical,1,opposite_same_wording,GENERATION_BOUNDARY,reader_non_set_necessity,0.0,30,4,"2,3,4,5,6,7,8,9,10,11,12,13,14,15,20,21,22,23,24,25,26,27,28,29,30,31"
confirmation,exp12_search_edit_00,search_edit,canonical,0,canonical,1,opposite_same_wording,GENERATION_BOUNDARY,reader_all28_sufficiency,0.14508426189422607,30,4,"0,1,2,3,4,5,6,7,8,9,10,11,12,13,14,15,16,17,18,19,20,21,22,23,24,25,26,27,28,29,30,31"
confirmation,exp12_search_edit_00,search_edit,canonical,0,canonical,1,opposite_same_wording,GENERATION_BOUNDARY,reader_all28_necessity,0.14508426189422607,30,4,"0,1,2,3,4,5,6,7,8,9,10,11,12,13,14,15,16,17,18,19,20,21,22,23,24,25,26,27,28,29,30,31"
confirmation,exp12_search_edit_00,search_edit,canonical,0,canonical,1,opposite_same_wording,GENERATION_BOUNDARY,reader_verified_v_effect,0.14508426189422607,30,4,
confirmation,exp12_search_edit_00,search_edit,canonical,0,canonical,1,opposite_same_wording,GENERATION_BOUNDARY,reader_leakage_ratio,0.0,30,4,
confirmation,exp12_search_edit_00,search_edit,paraphrase,0,paraphrase,1,opposite_same_wording,GENERATION_BOUNDARY,selected_V_sufficiency,0.12952372431755066,30,4,
confirmation,exp12_search_edit_00,search_edit,paraphrase,0,paraphrase,1,opposite_same_wording,GENERATION_BOUNDARY,selected_V_necessity_loss,0.17172691226005554,30,4,
confirmation,exp12_search_edit_00,search_edit,paraphrase,0,paraphrase,1,opposite_same_wording,GENERATION_BOUNDARY,cross_selected_V_sufficiency,0.11233541369438171,30,4,
confirmation,exp12_search_edit_00,search_edit,paraphrase,0,paraphrase,1,opposite_same_wording,GENERATION_BOUNDARY,same_state_selected_V_control,-0.003090590238571167,30,4,
confirmation,exp12_search_edit_00,search_edit,paraphrase,0,paraphrase,1,opposite_same_wording,GENERATION_BOUNDARY,matched_negative_ISSUE_V_sufficiency,-0.0015626847743988037,30,4,
confirmation,exp12_search_edit_00,search_edit,paraphrase,0,paraphrase,1,opposite_same_wording,GENERATION_BOUNDARY,old_absolute_V_sufficiency,0.12639835476875305,30,4,
confirmation,exp12_search_edit_00,search_edit,paraphrase,0,paraphrase,1,opposite_same_wording,FINAL_INSTRUCTION_END,runner_up_V_sufficiency,0.0015632212162017822,30,4,
confirmation,exp12_search_edit_00,search_edit,paraphrase,0,paraphrase,1,opposite_same_wording,FINAL_INSTRUCTION_END,runner_up_V_necessity_loss,3.2364120185375214,30,4,
confirmation,exp12_search_edit_00,search_edit,paraphrase,0,paraphrase,1,opposite_same_wording,GENERATION_BOUNDARY,reader_target_pos_sufficiency,0.15762093663215637,30,4,"0,16,18"
confirmation,exp12_search_edit_00,search_edit,paraphrase,0,paraphrase,1,opposite_same_wording,GENERATION_BOUNDARY,reader_target_pos_necessity,0.15760886669158936,30,4,"0,16,18"
confirmation,exp12_search_edit_00,search_edit,paraphrase,0,paraphrase,1,opposite_same_wording,GENERATION_BOUNDARY,reader_negative_neg_sufficiency,-0.028085142374038696,30,4,"1,17,19"
confirmation,exp12_search_edit_00,search_edit,paraphrase,0,paraphrase,1,opposite_same_wording,GENERATION_BOUNDARY,reader_negative_neg_necessity,-0.028097212314605713,30,4,"1,17,19"
confirmation,exp12_search_edit_00,search_edit,paraphrase,0,paraphrase,1,opposite_same_wording,GENERATION_BOUNDARY,reader_non_set_sufficiency,0.0,30,4,"2,3,4,5,6,7,8,9,10,11,12,13,14,15,20,21,22,23,24,25,26,27,28,29,30,31"
confirmation,exp12_search_edit_00,search_edit,paraphrase,0,paraphrase,1,opposite_same_wording,GENERATION_BOUNDARY,reader_non_set_necessity,0.0,30,4,"2,3,4,5,6,7,8,9,10,11,12,13,14,15,20,21,22,23,24,25,26,27,28,29,30,31"
confirmation,exp12_search_edit_00,search_edit,paraphrase,0,paraphrase,1,opposite_same_wording,GENERATION_BOUNDARY,reader_all28_sufficiency,0.12952372431755066,30,4,"0,1,2,3,4,5,6,7,8,9,10,11,12,13,14,15,16,17,18,19,20,21,22,23,24,25,26,27,28,29,30,31"
confirmation,exp12_search_edit_00,search_edit,paraphrase,0,paraphrase,1,opposite_same_wording,GENERATION_BOUNDARY,reader_all28_necessity,0.12952372431755066,30,4,"0,1,2,3,4,5,6,7,8,9,10,11,12,13,14,15,16,17,18,19,20,21,22,23,24,25,26,27,28,29,30,31"
confirmation,exp12_search_edit_00,search_edit,paraphrase,0,paraphrase,1,opposite_same_wording,GENERATION_BOUNDARY,reader_verified_v_effect,0.12952372431755066,30,4,
confirmation,exp12_search_edit_00,search_edit,paraphrase,0,paraphrase,1,opposite_same_wording,GENERATION_BOUNDARY,reader_leakage_ratio,0.0,30,4,
confirmation,exp12_search_edit_00,search_edit,canonical,1,canonical,0,opposite_same_wording,GENERATION_BOUNDARY,selected_V_sufficiency,0.19368194043636322,30,4,
confirmation,exp12_search_edit_00,search_edit,canonical,1,canonical,0,opposite_same_wording,GENERATION_BOUNDARY,selected_V_necessity_loss,0.12183278799057007,30,4,
confirmation,exp12_search_edit_00,search_edit,canonical,1,canonical,0,opposite_same_wording,GENERATION_BOUNDARY,cross_selected_V_sufficiency,0.19789917767047882,30,4,
confirmation,exp12_search_edit_00,search_edit,canonical,1,canonical,0,opposite_same_wording,GENERATION_BOUNDARY,same_state_selected_V_control,0.022666454315185547,30,4,
confirmation,exp12_search_edit_00,search_edit,canonical,1,canonical,0,opposite_same_wording,GENERATION_BOUNDARY,matched_negative_ISSUE_V_sufficiency,0.0019519776105880737,30,4,
confirmation,exp12_search_edit_00,search_edit,canonical,1,canonical,0,opposite_same_wording,GENERATION_BOUNDARY,old_absolute_V_sufficiency,0.18734104931354523,30,4,
confirmation,exp12_search_edit_00,search_edit,canonical,1,canonical,0,opposite_same_wording,FINAL_INSTRUCTION_END,runner_up_V_sufficiency,0.0019700080156326294,30,4,
confirmation,exp12_search_edit_00,search_edit,canonical,1,canonical,0,opposite_same_wording,FINAL_INSTRUCTION_END,runner_up_V_necessity_loss,2.9686933010816574,30,4,
confirmation,exp12_search_edit_00,search_edit,canonical,1,canonical,0,opposite_same_wording,GENERATION_BOUNDARY,reader_target_pos_sufficiency,0.22925566136837006,30,4,"0,16,18"
confirmation,exp12_search_edit_00,search_edit,canonical,1,canonical,0,opposite_same_wording,GENERATION_BOUNDARY,reader_target_pos_necessity,0.21313516795635223,30,4,"0,16,18"
confirmation,exp12_search_edit_00,search_edit,canonical,1,canonical,0,opposite_same_wording,GENERATION_BOUNDARY,reader_negative_neg_sufficiency,-0.019453227519989014,30,4,"1,17,19"
confirmation,exp12_search_edit_00,search_edit,canonical,1,canonical,0,opposite_same_wording,GENERATION_BOUNDARY,reader_negative_neg_necessity,-0.035573720932006836,30,4,"1,17,19"
confirmation,exp12_search_edit_00,search_edit,canonical,1,canonical,0,opposite_same_wording,GENERATION_BOUNDARY,reader_non_set_sufficiency,-0.0,30,4,"2,3,4,5,6,7,8,9,10,11,12,13,14,15,20,21,22,23,24,25,26,27,28,29,30,31"
confirmation,exp12_search_edit_00,search_edit,canonical,1,canonical,0,opposite_same_wording,GENERATION_BOUNDARY,reader_non_set_necessity,0.0,30,4,"2,3,4,5,6,7,8,9,10,11,12,13,14,15,20,21,22,23,24,25,26,27,28,29,30,31"
confirmation,exp12_search_edit_00,search_edit,canonical,1,canonical,0,opposite_same_wording,GENERATION_BOUNDARY,reader_all28_sufficiency,0.19368194043636322,30,4,"0,1,2,3,4,5,6,7,8,9,10,11,12,13,14,15,16,17,18,19,20,21,22,23,24,25,26,27,28,29,30,31"
confirmation,exp12_search_edit_00,search_edit,canonical,1,canonical,0,opposite_same_wording,GENERATION_BOUNDARY,reader_all28_necessity,0.19368194043636322,30,4,"0,1,2,3,4,5,6,7,8,9,10,11,12,13,14,15,16,17,18,19,20,21,22,23,24,25,26,27,28,29,30,31"
confirmation,exp12_search_edit_00,search_edit,canonical,1,canonical,0,opposite_same_wording,GENERATION_BOUNDARY,reader_verified_v_effect,0.19368194043636322,30,4,
confirmation,exp12_search_edit_00,search_edit,canonical,1,canonical,0,opposite_same_wording,GENERATION_BOUNDARY,reader_leakage_ratio,0.0,30,4,
confirmation,exp12_search_edit_00,search_edit,paraphrase,1,paraphrase,0,opposite_same_wording,GENERATION_BOUNDARY,selected_V_sufficiency,0.1474389135837555,30,4,
confirmation,exp12_search_edit_00,search_edit,paraphrase,1,paraphrase,0,opposite_same_wording,GENERATION_BOUNDARY,selected_V_necessity_loss,0.14366894960403442,30,4,
confirmation,exp12_search_edit_00,search_edit,paraphrase,1,paraphrase,0,opposite_same_wording,GENERATION_BOUNDARY,cross_selected_V_sufficiency,0.15006940066814423,30,4,
confirmation,exp12_search_edit_00,search_edit,paraphrase,1,paraphrase,0,opposite_same_wording,GENERATION_BOUNDARY,same_state_selected_V_control,-0.024168118834495544,30,4,
confirmation,exp12_search_edit_00,search_edit,paraphrase,1,paraphrase,0,opposite_same_wording,GENERATION_BOUNDARY,matched_negative_ISSUE_V_sufficiency,0.01408473402261734,30,4,
confirmation,exp12_search_edit_00,search_edit,paraphrase,1,paraphrase,0,opposite_same_wording,GENERATION_BOUNDARY,old_absolute_V_sufficiency,0.14353087544441223,30,4,
confirmation,exp12_search_edit_00,search_edit,paraphrase,1,paraphrase,0,opposite_same_wording,FINAL_INSTRUCTION_END,runner_up_V_sufficiency,0.015064477920532227,30,4,
confirmation,exp12_search_edit_00,search_edit,paraphrase,1,paraphrase,0,opposite_same_wording,FINAL_INSTRUCTION_END,runner_up_V_necessity_loss,3.0935124903917313,30,4,
confirmation,exp12_search_edit_00,search_edit,paraphrase,1,paraphrase,0,opposite_same_wording,GENERATION_BOUNDARY,reader_target_pos_sufficiency,0.1830417737364769,30,4,"0,16,18"
confirmation,exp12_search_edit_00,search_edit,paraphrase,1,paraphrase,0,opposite_same_wording,GENERATION_BOUNDARY,reader_target_pos_necessity,0.1743350848555565,30,4,"0,16,18"
confirmation,exp12_search_edit_00,search_edit,paraphrase,1,paraphrase,0,opposite_same_wording,GENERATION_BOUNDARY,reader_negative_neg_sufficiency,-0.026896171271800995,30,4,"1,17,19"
confirmation,exp12_search_edit_00,search_edit,paraphrase,1,paraphrase,0,opposite_same_wording,GENERATION_BOUNDARY,reader_negative_neg_necessity,-0.035602860152721405,30,4,"1,17,19"
confirmation,exp12_search_edit_00,search_edit,paraphrase,1,paraphrase,0,opposite_same_wording,GENERATION_BOUNDARY,reader_non_set_sufficiency,-0.0,30,4,"2,3,4,5,6,7,8,9,10,11,12,13,14,15,20,21,22,23,24,25,26,27,28,29,30,31"
confirmation,exp12_search_edit_00,search_edit,paraphrase,1,paraphrase,0,opposite_same_wording,GENERATION_BOUNDARY,reader_non_set_necessity,0.0,30,4,"2,3,4,5,6,7,8,9,10,11,12,13,14,15,20,21,22,23,24,25,26,27,28,29,30,31"
confirmation,exp12_search_edit_00,search_edit,paraphrase,1,paraphrase,0,opposite_same_wording,GENERATION_BOUNDARY,reader_all28_sufficiency,0.1474389135837555,30,4,"0,1,2,3,4,5,6,7,8,9,10,11,12,13,14,15,16,17,18,19,20,21,22,23,24,25,26,27,28,29,30,31"
confirmation,exp12_search_edit_00,search_edit,paraphrase,1,paraphrase,0,opposite_same_wording,GENERATION_BOUNDARY,reader_all28_necessity,0.1474389135837555,30,4,"0,1,2,3,4,5,6,7,8,9,10,11,12,13,14,15,16,17,18,19,20,21,22,23,24,25,26,27,28,29,30,31"
confirmation,exp12_search_edit_00,search_edit,paraphrase,1,paraphrase,0,opposite_same_wording,GENERATION_BOUNDARY,reader_verified_v_effect,0.1474389135837555,30,4,
confirmation,exp12_search_edit_00,search_edit,paraphrase,1,paraphrase,0,opposite_same_wording,GENERATION_BOUNDARY,reader_leakage_ratio,0.0,30,4,
confirmation,exp12_search_edit_00,search_edit,direct,0,direct,1,direct_opposite_label,USER_END,direct_V_sufficiency,0.0226517915725708,30,4,
confirmation,exp12_search_edit_00,search_edit,direct,1,direct,0,direct_opposite_label,USER_END,direct_V_sufficiency,0.023725688457489014,30,4,
confirmation,exp12_search_edit_02,search_edit,canonical,0,canonical,1,opposite_same_wording,GENERATION_BOUNDARY,selected_V_sufficiency,0.13274246454238892,30,4,
confirmation,exp12_search_edit_02,search_edit,canonical,0,canonical,1,opposite_same_wording,GENERATION_BOUNDARY,selected_V_necessity_loss,0.2304118573665619,30,4,
confirmation,exp12_search_edit_02,search_edit,canonical,0,canonical,1,opposite_same_wording,GENERATION_BOUNDARY,cross_selected_V_sufficiency,0.15931034088134766,30,4,
confirmation,exp12_search_edit_02,search_edit,canonical,0,canonical,1,opposite_same_wording,GENERATION_BOUNDARY,same_state_selected_V_control,0.006224334239959717,30,4,
confirmation,exp12_search_edit_02,search_edit,canonical,0,canonical,1,opposite_same_wording,GENERATION_BOUNDARY,matched_negative_ISSUE_V_sufficiency,-0.0029698610305786133,30,4,
confirmation,exp12_search_edit_02,search_edit,canonical,0,canonical,1,opposite_same_wording,GENERATION_BOUNDARY,old_absolute_V_sufficiency,0.1327420473098755,30,4,
confirmation,exp12_search_edit_02,search_edit,canonical,0,canonical,1,opposite_same_wording,FINAL_INSTRUCTION_END,runner_up_V_sufficiency,0.0017198920249938965,30,4,
confirmation,exp12_search_edit_02,search_edit,canonical,0,canonical,1,opposite_same_wording,FINAL_INSTRUCTION_END,runner_up_V_necessity_loss,3.1790183186531067,30,4,
confirmation,exp12_search_edit_02,search_edit,canonical,0,canonical,1,opposite_same_wording,GENERATION_BOUNDARY,reader_target_pos_sufficiency,0.15150338411331177,30,4,"0,16,18"
confirmation,exp12_search_edit_02,search_edit,canonical,0,canonical,1,opposite_same_wording,GENERATION_BOUNDARY,reader_target_pos_necessity,0.15601003170013428,30,4,"0,16,18"
confirmation,exp12_search_edit_02,search_edit,canonical,0,canonical,1,opposite_same_wording,GENERATION_BOUNDARY,reader_negative_neg_sufficiency,-0.02326756715774536,30,4,"1,17,19"
confirmation,exp12_search_edit_02,search_edit,canonical,0,canonical,1,opposite_same_wording,GENERATION_BOUNDARY,reader_negative_neg_necessity,-0.01876091957092285,30,4,"1,17,19"
confirmation,exp12_search_edit_02,search_edit,canonical,0,canonical,1,opposite_same_wording,GENERATION_BOUNDARY,reader_non_set_sufficiency,0.0,30,4,"2,3,4,5,6,7,8,9,10,11,12,13,14,15,20,21,22,23,24,25,26,27,28,29,30,31"
confirmation,exp12_search_edit_02,search_edit,canonical,0,canonical,1,opposite_same_wording,GENERATION_BOUNDARY,reader_non_set_necessity,0.0,30,4,"2,3,4,5,6,7,8,9,10,11,12,13,14,15,20,21,22,23,24,25,26,27,28,29,30,31"
confirmation,exp12_search_edit_02,search_edit,canonical,0,canonical,1,opposite_same_wording,GENERATION_BOUNDARY,reader_all28_sufficiency,0.13274246454238892,30,4,"0,1,2,3,4,5,6,7,8,9,10,11,12,13,14,15,16,17,18,19,20,21,22,23,24,25,26,27,28,29,30,31"
confirmation,exp12_search_edit_02,search_edit,canonical,0,canonical,1,opposite_same_wording,GENERATION_BOUNDARY,reader_all28_necessity,0.13274246454238892,30,4,"0,1,2,3,4,5,6,7,8,9,10,11,12,13,14,15,16,17,18,19,20,21,22,23,24,25,26,27,28,29,30,31"
confirmation,exp12_search_edit_02,search_edit,canonical,0,canonical,1,opposite_same_wording,GENERATION_BOUNDARY,reader_verified_v_effect,0.13274246454238892,30,4,
confirmation,exp12_search_edit_02,search_edit,canonical,0,canonical,1,opposite_same_wording,GENERATION_BOUNDARY,reader_leakage_ratio,0.0,30,4,
confirmation,exp12_search_edit_02,search_edit,paraphrase,0,paraphrase,1,opposite_same_wording,GENERATION_BOUNDARY,selected_V_sufficiency,0.13116037845611572,30,4,
confirmation,exp12_search_edit_02,search_edit,paraphrase,0,paraphrase,1,opposite_same_wording,GENERATION_BOUNDARY,selected_V_necessity_loss,0.18261678516864777,30,4,
confirmation,exp12_search_edit_02,search_edit,paraphrase,0,paraphrase,1,opposite_same_wording,GENERATION_BOUNDARY,cross_selected_V_sufficiency,0.109280526638031,30,4,
confirmation,exp12_search_edit_02,search_edit,paraphrase,0,paraphrase,1,opposite_same_wording,GENERATION_BOUNDARY,same_state_selected_V_control,-0.006229281425476074,30,4,
confirmation,exp12_search_edit_02,search_edit,paraphrase,0,paraphrase,1,opposite_same_wording,GENERATION_BOUNDARY,matched_negative_ISSUE_V_sufficiency,2.6226043701171875e-06,30,4,
confirmation,exp12_search_edit_02,search_edit,paraphrase,0,paraphrase,1,opposite_same_wording,GENERATION_BOUNDARY,old_absolute_V_sufficiency,0.12023824453353882,30,4,
confirmation,exp12_search_edit_02,search_edit,paraphrase,0,paraphrase,1,opposite_same_wording,FINAL_INSTRUCTION_END,runner_up_V_sufficiency,0.001560211181640625,30,4,
confirmation,exp12_search_edit_02,search_edit,paraphrase,0,paraphrase,1,opposite_same_wording,FINAL_INSTRUCTION_END,runner_up_V_necessity_loss,3.2419596537947655,30,4,
confirmation,exp12_search_edit_02,search_edit,paraphrase,0,paraphrase,1,opposite_same_wording,GENERATION_BOUNDARY,reader_target_pos_sufficiency,0.15926718711853027,30,4,"0,16,18"
confirmation,exp12_search_edit_02,search_edit,paraphrase,0,paraphrase,1,opposite_same_wording,GENERATION_BOUNDARY,reader_target_pos_necessity,0.16387689113616943,30,4,"0,16,18"
confirmation,exp12_search_edit_02,search_edit,paraphrase,0,paraphrase,1,opposite_same_wording,GENERATION_BOUNDARY,reader_negative_neg_sufficiency,-0.03271651268005371,30,4,"1,17,19"
confirmation,exp12_search_edit_02,search_edit,paraphrase,0,paraphrase,1,opposite_same_wording,GENERATION_BOUNDARY,reader_negative_neg_necessity,-0.02810680866241455,30,4,"1,17,19"
confirmation,exp12_search_edit_02,search_edit,paraphrase,0,paraphrase,1,opposite_same_wording,GENERATION_BOUNDARY,reader_non_set_sufficiency,0.0,30,4,"2,3,4,5,6,7,8,9,10,11,12,13,14,15,20,21,22,23,24,25,26,27,28,29,30,31"
confirmation,exp12_search_edit_02,search_edit,paraphrase,0,paraphrase,1,opposite_same_wording,GENERATION_BOUNDARY,reader_non_set_necessity,0.0,30,4,"2,3,4,5,6,7,8,9,10,11,12,13,14,15,20,21,22,23,24,25,26,27,28,29,30,31"
confirmation,exp12_search_edit_02,search_edit,paraphrase,0,paraphrase,1,opposite_same_wording,GENERATION_BOUNDARY,reader_all28_sufficiency,0.13116037845611572,30,4,"0,1,2,3,4,5,6,7,8,9,10,11,12,13,14,15,16,17,18,19,20,21,22,23,24,25,26,27,28,29,30,31"
confirmation,exp12_search_edit_02,search_edit,paraphrase,0,paraphrase,1,opposite_same_wording,GENERATION_BOUNDARY,reader_all28_necessity,0.13116037845611572,30,4,"0,1,2,3,4,5,6,7,8,9,10,11,12,13,14,15,16,17,18,19,20,21,22,23,24,25,26,27,28,29,30,31"
confirmation,exp12_search_edit_02,search_edit,paraphrase,0,paraphrase,1,opposite_same_wording,GENERATION_BOUNDARY,reader_verified_v_effect,0.13116037845611572,30,4,
confirmation,exp12_search_edit_02,search_edit,paraphrase,0,paraphrase,1,opposite_same_wording,GENERATION_BOUNDARY,reader_leakage_ratio,0.0,30,4,
confirmation,exp12_search_edit_02,search_edit,canonical,1,canonical,0,opposite_same_wording,GENERATION_BOUNDARY,selected_V_sufficiency,0.19251692295074463,30,4,
confirmation,exp12_search_edit_02,search_edit,canonical,1,canonical,0,opposite_same_wording,GENERATION_BOUNDARY,selected_V_necessity_loss,0.12028348445892334,30,4,
confirmation,exp12_search_edit_02,search_edit,canonical,1,canonical,0,opposite_same_wording,GENERATION_BOUNDARY,cross_selected_V_sufficiency,0.2042476385831833,30,4,
confirmation,exp12_search_edit_02,search_edit,canonical,1,canonical,0,opposite_same_wording,GENERATION_BOUNDARY,same_state_selected_V_control,0.03272964060306549,30,4,
confirmation,exp12_search_edit_02,search_edit,canonical,1,canonical,0,opposite_same_wording,GENERATION_BOUNDARY,matched_negative_ISSUE_V_sufficiency,0.0009765326976776123,30,4,
confirmation,exp12_search_edit_02,search_edit,canonical,1,canonical,0,opposite_same_wording,GENERATION_BOUNDARY,old_absolute_V_sufficiency,0.19053146243095398,30,4,
confirmation,exp12_search_edit_02,search_edit,canonical,1,canonical,0,opposite_same_wording,FINAL_INSTRUCTION_END,runner_up_V_sufficiency,3.2782554626464844e-07,30,4,
confirmation,exp12_search_edit_02,search_edit,canonical,1,canonical,0,opposite_same_wording,FINAL_INSTRUCTION_END,runner_up_V_necessity_loss,3.008860155940056,30,4,
confirmation,exp12_search_edit_02,search_edit,canonical,1,canonical,0,opposite_same_wording,GENERATION_BOUNDARY,reader_target_pos_sufficiency,0.2184658795595169,30,4,"0,16,18"
confirmation,exp12_search_edit_02,search_edit,canonical,1,canonical,0,opposite_same_wording,GENERATION_BOUNDARY,reader_target_pos_necessity,0.21189957857131958,30,4,"0,16,18"
confirmation,exp12_search_edit_02,search_edit,canonical,1,canonical,0,opposite_same_wording,GENERATION_BOUNDARY,reader_negative_neg_sufficiency,-0.01938265562057495,30,4,"1,17,19"
confirmation,exp12_search_edit_02,search_edit,canonical,1,canonical,0,opposite_same_wording,GENERATION_BOUNDARY,reader_negative_neg_necessity,-0.025948956608772278,30,4,"1,17,19"
confirmation,exp12_search_edit_02,search_edit,canonical,1,canonical,0,opposite_same_wording,GENERATION_BOUNDARY,reader_non_set_sufficiency,-0.0,30,4,"2,3,4,5,6,7,8,9,10,11,12,13,14,15,20,21,22,23,24,25,26,27,28,29,30,31"
confirmation,exp12_search_edit_02,search_edit,canonical,1,canonical,0,opposite_same_wording,GENERATION_BOUNDARY,reader_non_set_necessity,0.0,30,4,"2,3,4,5,6,7,8,9,10,11,12,13,14,15,20,21,22,23,24,25,26,27,28,29,30,31"
confirmation,exp12_search_edit_02,search_edit,canonical,1,canonical,0,opposite_same_wording,GENERATION_BOUNDARY,reader_all28_sufficiency,0.19251692295074463,30,4,"0,1,2,3,4,5,6,7,8,9,10,11,12,13,14,15,16,17,18,19,20,21,22,23,24,25,26,27,28,29,30,31"
confirmation,exp12_search_edit_02,search_edit,canonical,1,canonical,0,opposite_same_wording,GENERATION_BOUNDARY,reader_all28_necessity,0.19251692295074463,30,4,"0,1,2,3,4,5,6,7,8,9,10,11,12,13,14,15,16,17,18,19,20,21,22,23,24,25,26,27,28,29,30,31"
confirmation,exp12_search_edit_02,search_edit,canonical,1,canonical,0,opposite_same_wording,GENERATION_BOUNDARY,reader_verified_v_effect,0.19251692295074463,30,4,
confirmation,exp12_search_edit_02,search_edit,canonical,1,canonical,0,opposite_same_wording,GENERATION_BOUNDARY,reader_leakage_ratio,0.0,30,4,
confirmation,exp12_search_edit_02,search_edit,paraphrase,1,paraphrase,0,opposite_same_wording,GENERATION_BOUNDARY,selected_V_sufficiency,0.15467551723122597,30,4,
confirmation,exp12_search_edit_02,search_edit,paraphrase,1,paraphrase,0,opposite_same_wording,GENERATION_BOUNDARY,selected_V_necessity_loss,0.129643976688385,30,4,
confirmation,exp12_search_edit_02,search_edit,paraphrase,1,paraphrase,0,opposite_same_wording,GENERATION_BOUNDARY,cross_selected_V_sufficiency,0.145889762789011,30,4,
confirmation,exp12_search_edit_02,search_edit,paraphrase,1,paraphrase,0,opposite_same_wording,GENERATION_BOUNDARY,same_state_selected_V_control,-0.030803970992565155,30,4,
confirmation,exp12_search_edit_02,search_edit,paraphrase,1,paraphrase,0,opposite_same_wording,GENERATION_BOUNDARY,matched_negative_ISSUE_V_sufficiency,0.00097627192735672,30,4,
confirmation,exp12_search_edit_02,search_edit,paraphrase,1,paraphrase,0,opposite_same_wording,GENERATION_BOUNDARY,old_absolute_V_sufficiency,0.13924041390419006,30,4,
confirmation,exp12_search_edit_02,search_edit,paraphrase,1,paraphrase,0,opposite_same_wording,FINAL_INSTRUCTION_END,runner_up_V_sufficiency,0.002928962931036949,30,4,
confirmation,exp12_search_edit_02,search_edit,paraphrase,1,paraphrase,0,opposite_same_wording,FINAL_INSTRUCTION_END,runner_up_V_necessity_loss,3.1170756835490465,30,4,
confirmation,exp12_search_edit_02,search_edit,paraphrase,1,paraphrase,0,opposite_same_wording,GENERATION_BOUNDARY,reader_target_pos_sufficiency,0.17687037959694862,30,4,"0,16,18"
confirmation,exp12_search_edit_02,search_edit,paraphrase,1,paraphrase,0,opposite_same_wording,GENERATION_BOUNDARY,reader_target_pos_necessity,0.17951423861086369,30,4,"0,16,18"
confirmation,exp12_search_edit_02,search_edit,paraphrase,1,paraphrase,0,opposite_same_wording,GENERATION_BOUNDARY,reader_negative_neg_sufficiency,-0.024838721379637718,30,4,"1,17,19"
confirmation,exp12_search_edit_02,search_edit,paraphrase,1,paraphrase,0,opposite_same_wording,GENERATION_BOUNDARY,reader_negative_neg_necessity,-0.022194862365722656,30,4,"1,17,19"
confirmation,exp12_search_edit_02,search_edit,paraphrase,1,paraphrase,0,opposite_same_wording,GENERATION_BOUNDARY,reader_non_set_sufficiency,-0.0,30,4,"2,3,4,5,6,7,8,9,10,11,12,13,14,15,20,21,22,23,24,25,26,27,28,29,30,31"
confirmation,exp12_search_edit_02,search_edit,paraphrase,1,paraphrase,0,opposite_same_wording,GENERATION_BOUNDARY,reader_non_set_necessity,0.0,30,4,"2,3,4,5,6,7,8,9,10,11,12,13,14,15,20,21,22,23,24,25,26,27,28,29,30,31"
confirmation,exp12_search_edit_02,search_edit,paraphrase,1,paraphrase,0,opposite_same_wording,GENERATION_BOUNDARY,reader_all28_sufficiency,0.15467551723122597,30,4,"0,1,2,3,4,5,6,7,8,9,10,11,12,13,14,15,16,17,18,19,20,21,22,23,24,25,26,27,28,29,30,31"
confirmation,exp12_search_edit_02,search_edit,paraphrase,1,paraphrase,0,opposite_same_wording,GENERATION_BOUNDARY,reader_all28_necessity,0.15467551723122597,30,4,"0,1,2,3,4,5,6,7,8,9,10,11,12,13,14,15,16,17,18,19,20,21,22,23,24,25,26,27,28,29,30,31"
confirmation,exp12_search_edit_02,search_edit,paraphrase,1,paraphrase,0,opposite_same_wording,GENERATION_BOUNDARY,reader_verified_v_effect,0.15467551723122597,30,4,
confirmation,exp12_search_edit_02,search_edit,paraphrase,1,paraphrase,0,opposite_same_wording,GENERATION_BOUNDARY,reader_leakage_ratio,0.0,30,4,
confirmation,exp12_search_edit_02,search_edit,direct,0,direct,1,direct_opposite_label,USER_END,direct_V_sufficiency,0.01795870065689087,30,4,
confirmation,exp12_search_edit_02,search_edit,direct,1,direct,0,direct_opposite_label,USER_END,direct_V_sufficiency,0.013201147317886353,30,4,
confirmation,exp12_search_edit_04,search_edit,canonical,0,canonical,1,opposite_same_wording,GENERATION_BOUNDARY,selected_V_sufficiency,0.13057821989059448,30,4,
confirmation,exp12_search_edit_04,search_edit,canonical,0,canonical,1,opposite_same_wording,GENERATION_BOUNDARY,selected_V_necessity_loss,0.21562060713768005,30,4,
confirmation,exp12_search_edit_04,search_edit,canonical,0,canonical,1,opposite_same_wording,GENERATION_BOUNDARY,cross_selected_V_sufficiency,0.15044444799423218,30,4,
confirmation,exp12_search_edit_04,search_edit,canonical,0,canonical,1,opposite_same_wording,GENERATION_BOUNDARY,same_state_selected_V_control,0.005660712718963623,30,4,
confirmation,exp12_search_edit_04,search_edit,canonical,0,canonical,1,opposite_same_wording,GENERATION_BOUNDARY,matched_negative_ISSUE_V_sufficiency,0.009218275547027588,30,4,
confirmation,exp12_search_edit_04,search_edit,canonical,0,canonical,1,opposite_same_wording,GENERATION_BOUNDARY,old_absolute_V_sufficiency,0.1277340054512024,30,4,
confirmation,exp12_search_edit_04,search_edit,canonical,0,canonical,1,opposite_same_wording,FINAL_INSTRUCTION_END,runner_up_V_sufficiency,0.002845287322998047,30,4,
confirmation,exp12_search_edit_04,search_edit,canonical,0,canonical,1,opposite_same_wording,FINAL_INSTRUCTION_END,runner_up_V_necessity_loss,2.945920169353485,30,4,
confirmation,exp12_search_edit_04,search_edit,canonical,0,canonical,1,opposite_same_wording,GENERATION_BOUNDARY,reader_target_pos_sufficiency,0.14976829290390015,30,4,"0,16,18"
confirmation,exp12_search_edit_04,search_edit,canonical,0,canonical,1,opposite_same_wording,GENERATION_BOUNDARY,reader_target_pos_necessity,0.14761781692504883,30,4,"0,16,18"
confirmation,exp12_search_edit_04,search_edit,canonical,0,canonical,1,opposite_same_wording,GENERATION_BOUNDARY,reader_negative_neg_sufficiency,-0.017039597034454346,30,4,"1,17,19"
confirmation,exp12_search_edit_04,search_edit,canonical,0,canonical,1,opposite_same_wording,GENERATION_BOUNDARY,reader_negative_neg_necessity,-0.019190073013305664,30,4,"1,17,19"
confirmation,exp12_search_edit_04,search_edit,canonical,0,canonical,1,opposite_same_wording,GENERATION_BOUNDARY,reader_non_set_sufficiency,0.0,30,4,"2,3,4,5,6,7,8,9,10,11,12,13,14,15,20,21,22,23,24,25,26,27,28,29,30,31"
confirmation,exp12_search_edit_04,search_edit,canonical,0,canonical,1,opposite_same_wording,GENERATION_BOUNDARY,reader_non_set_necessity,0.0,30,4,"2,3,4,5,6,7,8,9,10,11,12,13,14,15,20,21,22,23,24,25,26,27,28,29,30,31"
confirmation,exp12_search_edit_04,search_edit,canonical,0,canonical,1,opposite_same_wording,GENERATION_BOUNDARY,reader_all28_sufficiency,0.13057821989059448,30,4,"0,1,2,3,4,5,6,7,8,9,10,11,12,13,14,15,16,17,18,19,20,21,22,23,24,25,26,27,28,29,30,31"
confirmation,exp12_search_edit_04,search_edit,canonical,0,canonical,1,opposite_same_wording,GENERATION_BOUNDARY,reader_all28_necessity,0.13057821989059448,30,4,"0,1,2,3,4,5,6,7,8,9,10,11,12,13,14,15,16,17,18,19,20,21,22,23,24,25,26,27,28,29,30,31"
confirmation,exp12_search_edit_04,search_edit,canonical,0,canonical,1,opposite_same_wording,GENERATION_BOUNDARY,reader_verified_v_effect,0.13057821989059448,30,4,
confirmation,exp12_search_edit_04,search_edit,canonical,0,canonical,1,opposite_same_wording,GENERATION_BOUNDARY,reader_leakage_ratio,0.0,30,4,
confirmation,exp12_search_edit_04,search_edit,paraphrase,0,paraphrase,1,opposite_same_wording,GENERATION_BOUNDARY,selected_V_sufficiency,0.13456037640571594,30,4,
confirmation,exp12_search_edit_04,search_edit,paraphrase,0,paraphrase,1,opposite_same_wording,GENERATION_BOUNDARY,selected_V_necessity_loss,0.18606305867433548,30,4,
confirmation,exp12_search_edit_04,search_edit,paraphrase,0,paraphrase,1,opposite_same_wording,GENERATION_BOUNDARY,cross_selected_V_sufficiency,0.11468291282653809,30,4,
confirmation,exp12_search_edit_04,search_edit,paraphrase,0,paraphrase,1,opposite_same_wording,GENERATION_BOUNDARY,same_state_selected_V_control,-0.0063190460205078125,30,4,
confirmation,exp12_search_edit_04,search_edit,paraphrase,0,paraphrase,1,opposite_same_wording,GENERATION_BOUNDARY,matched_negative_ISSUE_V_sufficiency,0.007737874984741211,30,4,
confirmation,exp12_search_edit_04,search_edit,paraphrase,0,paraphrase,1,opposite_same_wording,GENERATION_BOUNDARY,old_absolute_V_sufficiency,0.13172021508216858,30,4,
confirmation,exp12_search_edit_04,search_edit,paraphrase,0,paraphrase,1,opposite_same_wording,FINAL_INSTRUCTION_END,runner_up_V_sufficiency,0.011999636888504028,30,4,
confirmation,exp12_search_edit_04,search_edit,paraphrase,0,paraphrase,1,opposite_same_wording,FINAL_INSTRUCTION_END,runner_up_V_necessity_loss,3.1014785394072533,30,4,
confirmation,exp12_search_edit_04,search_edit,paraphrase,0,paraphrase,1,opposite_same_wording,GENERATION_BOUNDARY,reader_target_pos_sufficiency,0.15303051471710205,30,4,"0,16,18"
confirmation,exp12_search_edit_04,search_edit,paraphrase,0,paraphrase,1,opposite_same_wording,GENERATION_BOUNDARY,reader_target_pos_necessity,0.1516028344631195,30,4,"0,16,18"
confirmation,exp12_search_edit_04,search_edit,paraphrase,0,paraphrase,1,opposite_same_wording,GENERATION_BOUNDARY,reader_negative_neg_sufficiency,-0.017042458057403564,30,4,"1,17,19"
confirmation,exp12_search_edit_04,search_edit,paraphrase,0,paraphrase,1,opposite_same_wording,GENERATION_BOUNDARY,reader_negative_neg_necessity,-0.01847013831138611,30,4,"1,17,19"
confirmation,exp12_search_edit_04,search_edit,paraphrase,0,paraphrase,1,opposite_same_wording,GENERATION_BOUNDARY,reader_non_set_sufficiency,0.0,30,4,"2,3,4,5,6,7,8,9,10,11,12,13,14,15,20,21,22,23,24,25,26,27,28,29,30,31"
confirmation,exp12_search_edit_04,search_edit,paraphrase,0,paraphrase,1,opposite_same_wording,GENERATION_BOUNDARY,reader_non_set_necessity,0.0,30,4,"2,3,4,5,6,7,8,9,10,11,12,13,14,15,20,21,22,23,24,25,26,27,28,29,30,31"
confirmation,exp12_search_edit_04,search_edit,paraphrase,0,paraphrase,1,opposite_same_wording,GENERATION_BOUNDARY,reader_all28_sufficiency,0.13456037640571594,30,4,"0,1,2,3,4,5,6,7,8,9,10,11,12,13,14,15,16,17,18,19,20,21,22,23,24,25,26,27,28,29,30,31"
confirmation,exp12_search_edit_04,search_edit,paraphrase,0,paraphrase,1,opposite_same_wording,GENERATION_BOUNDARY,reader_all28_necessity,0.13456037640571594,30,4,"0,1,2,3,4,5,6,7,8,9,10,11,12,13,14,15,16,17,18,19,20,21,22,23,24,25,26,27,28,29,30,31"
confirmation,exp12_search_edit_04,search_edit,paraphrase,0,paraphrase,1,opposite_same_wording,GENERATION_BOUNDARY,reader_verified_v_effect,0.13456037640571594,30,4,
confirmation,exp12_search_edit_04,search_edit,paraphrase,0,paraphrase,1,opposite_same_wording,GENERATION_BOUNDARY,reader_leakage_ratio,0.0,30,4,
confirmation,exp12_search_edit_04,search_edit,canonical,1,canonical,0,opposite_same_wording,GENERATION_BOUNDARY,selected_V_sufficiency,0.18141953647136688,30,4,
confirmation,exp12_search_edit_04,search_edit,canonical,1,canonical,0,opposite_same_wording,GENERATION_BOUNDARY,selected_V_necessity_loss,0.1098853349685669,30,4,
confirmation,exp12_search_edit_04,search_edit,canonical,1,canonical,0,opposite_same_wording,GENERATION_BOUNDARY,cross_selected_V_sufficiency,0.18739090859889984,30,4,
confirmation,exp12_search_edit_04,search_edit,canonical,1,canonical,0,opposite_same_wording,GENERATION_BOUNDARY,same_state_selected_V_control,0.032825008034706116,30,4,
confirmation,exp12_search_edit_04,search_edit,canonical,1,canonical,0,opposite_same_wording,GENERATION_BOUNDARY,matched_negative_ISSUE_V_sufficiency,0.0010151565074920654,30,4,
confirmation,exp12_search_edit_04,search_edit,canonical,1,canonical,0,opposite_same_wording,GENERATION_BOUNDARY,old_absolute_V_sufficiency,0.18190635740756989,30,4,
confirmation,exp12_search_edit_04,search_edit,canonical,1,canonical,0,opposite_same_wording,FINAL_INSTRUCTION_END,runner_up_V_sufficiency,0.0069559067487716675,30,4,
confirmation,exp12_search_edit_04,search_edit,canonical,1,canonical,0,opposite_same_wording,FINAL_INSTRUCTION_END,runner_up_V_necessity_loss,2.8022332042455673,30,4,
confirmation,exp12_search_edit_04,search_edit,canonical,1,canonical,0,opposite_same_wording,GENERATION_BOUNDARY,reader_target_pos_sufficiency,0.21419657766819,30,4,"0,16,18"
confirmation,exp12_search_edit_04,search_edit,canonical,1,canonical,0,opposite_same_wording,GENERATION_BOUNDARY,reader_target_pos_necessity,0.20920327305793762,30,4,"0,16,18"
confirmation,exp12_search_edit_04,search_edit,canonical,1,canonical,0,opposite_same_wording,GENERATION_BOUNDARY,reader_negative_neg_sufficiency,-0.02778373658657074,30,4,"1,17,19"
confirmation,exp12_search_edit_04,search_edit,canonical,1,canonical,0,opposite_same_wording,GENERATION_BOUNDARY,reader_negative_neg_necessity,-0.03277704119682312,30,4,"1,17,19"
confirmation,exp12_search_edit_04,search_edit,canonical,1,canonical,0,opposite_same_wording,GENERATION_BOUNDARY,reader_non_set_sufficiency,-0.0,30,4,"2,3,4,5,6,7,8,9,10,11,12,13,14,15,20,21,22,23,24,25,26,27,28,29,30,31"
confirmation,exp12_search_edit_04,search_edit,canonical,1,canonical,0,opposite_same_wording,GENERATION_BOUNDARY,reader_non_set_necessity,0.0,30,4,"2,3,4,5,6,7,8,9,10,11,12,13,14,15,20,21,22,23,24,25,26,27,28,29,30,31"
confirmation,exp12_search_edit_04,search_edit,canonical,1,canonical,0,opposite_same_wording,GENERATION_BOUNDARY,reader_all28_sufficiency,0.18141953647136688,30,4,"0,1,2,3,4,5,6,7,8,9,10,11,12,13,14,15,16,17,18,19,20,21,22,23,24,25,26,27,28,29,30,31"
confirmation,exp12_search_edit_04,search_edit,canonical,1,canonical,0,opposite_same_wording,GENERATION_BOUNDARY,reader_all28_necessity,0.18141953647136688,30,4,"0,1,2,3,4,5,6,7,8,9,10,11,12,13,14,15,16,17,18,19,20,21,22,23,24,25,26,27,28,29,30,31"
confirmation,exp12_search_edit_04,search_edit,canonical,1,canonical,0,opposite_same_wording,GENERATION_BOUNDARY,reader_verified_v_effect,0.18141953647136688,30,4,
confirmation,exp12_search_edit_04,search_edit,canonical,1,canonical,0,opposite_same_wording,GENERATION_BOUNDARY,reader_leakage_ratio,0.0,30,4,
confirmation,exp12_search_edit_04,search_edit,paraphrase,1,paraphrase,0,opposite_same_wording,GENERATION_BOUNDARY,selected_V_sufficiency,0.15111179649829865,30,4,
confirmation,exp12_search_edit_04,search_edit,paraphrase,1,paraphrase,0,opposite_same_wording,GENERATION_BOUNDARY,selected_V_necessity_loss,0.13547509908676147,30,4,
confirmation,exp12_search_edit_04,search_edit,paraphrase,1,paraphrase,0,opposite_same_wording,GENERATION_BOUNDARY,cross_selected_V_sufficiency,0.1555824875831604,30,4,
confirmation,exp12_search_edit_04,search_edit,paraphrase,1,paraphrase,0,opposite_same_wording,GENERATION_BOUNDARY,same_state_selected_V_control,-0.012621864676475525,30,4,
confirmation,exp12_search_edit_04,search_edit,paraphrase,1,paraphrase,0,opposite_same_wording,GENERATION_BOUNDARY,matched_negative_ISSUE_V_sufficiency,-0.013799618929624557,30,4,
confirmation,exp12_search_edit_04,search_edit,paraphrase,1,paraphrase,0,opposite_same_wording,GENERATION_BOUNDARY,old_absolute_V_sufficiency,0.15012962371110916,30,4,
confirmation,exp12_search_edit_04,search_edit,paraphrase,1,paraphrase,0,opposite_same_wording,FINAL_INSTRUCTION_END,runner_up_V_sufficiency,0.0004936754703521729,30,4,
confirmation,exp12_search_edit_04,search_edit,paraphrase,1,paraphrase,0,opposite_same_wording,FINAL_INSTRUCTION_END,runner_up_V_necessity_loss,3.014305740594864,30,4,
confirmation,exp12_search_edit_04,search_edit,paraphrase,1,paraphrase,0,opposite_same_wording,GENERATION_BOUNDARY,reader_target_pos_sufficiency,0.18728970736265182,30,4,"0,16,18"
confirmation,exp12_search_edit_04,search_edit,paraphrase,1,paraphrase,0,opposite_same_wording,GENERATION_BOUNDARY,reader_target_pos_necessity,0.1921281237155199,30,4,"0,16,18"
confirmation,exp12_search_edit_04,search_edit,paraphrase,1,paraphrase,0,opposite_same_wording,GENERATION_BOUNDARY,reader_negative_neg_sufficiency,-0.04101632721722126,30,4,"1,17,19"
confirmation,exp12_search_edit_04,search_edit,paraphrase,1,paraphrase,0,opposite_same_wording,GENERATION_BOUNDARY,reader_negative_neg_necessity,-0.03617791086435318,30,4,"1,17,19"
confirmation,exp12_search_edit_04,search_edit,paraphrase,1,paraphrase,0,opposite_same_wording,GENERATION_BOUNDARY,reader_non_set_sufficiency,-0.0,30,4,"2,3,4,5,6,7,8,9,10,11,12,13,14,15,20,21,22,23,24,25,26,27,28,29,30,31"
confirmation,exp12_search_edit_04,search_edit,paraphrase,1,paraphrase,0,opposite_same_wording,GENERATION_BOUNDARY,reader_non_set_necessity,0.0,30,4,"2,3,4,5,6,7,8,9,10,11,12,13,14,15,20,21,22,23,24,25,26,27,28,29,30,31"
confirmation,exp12_search_edit_04,search_edit,paraphrase,1,paraphrase,0,opposite_same_wording,GENERATION_BOUNDARY,reader_all28_sufficiency,0.15111179649829865,30,4,"0,1,2,3,4,5,6,7,8,9,10,11,12,13,14,15,16,17,18,19,20,21,22,23,24,25,26,27,28,29,30,31"
confirmation,exp12_search_edit_04,search_edit,paraphrase,1,paraphrase,0,opposite_same_wording,GENERATION_BOUNDARY,reader_all28_necessity,0.15111179649829865,30,4,"0,1,2,3,4,5,6,7,8,9,10,11,12,13,14,15,16,17,18,19,20,21,22,23,24,25,26,27,28,29,30,31"
confirmation,exp12_search_edit_04,search_edit,paraphrase,1,paraphrase,0,opposite_same_wording,GENERATION_BOUNDARY,reader_verified_v_effect,0.15111179649829865,30,4,
confirmation,exp12_search_edit_04,search_edit,paraphrase,1,paraphrase,0,opposite_same_wording,GENERATION_BOUNDARY,reader_leakage_ratio,0.0,30,4,
confirmation,exp12_search_edit_04,search_edit,direct,0,direct,1,direct_opposite_label,USER_END,direct_V_sufficiency,0.02484947443008423,30,4,
confirmation,exp12_search_edit_04,search_edit,direct,1,direct,0,direct_opposite_label,USER_END,direct_V_sufficiency,0.017595380544662476,30,4,
confirmation,exp12_search_edit_06,search_edit,canonical,0,canonical,1,opposite_same_wording,GENERATION_BOUNDARY,selected_V_sufficiency,0.1583554744720459,30,4,
confirmation,exp12_search_edit_06,search_edit,canonical,0,canonical,1,opposite_same_wording,GENERATION_BOUNDARY,selected_V_necessity_loss,0.2366911619901657,30,4,
confirmation,exp12_search_edit_06,search_edit,canonical,0,canonical,1,opposite_same_wording,GENERATION_BOUNDARY,cross_selected_V_sufficiency,0.17101091146469116,30,4,
confirmation,exp12_search_edit_06,search_edit,canonical,0,canonical,1,opposite_same_wording,GENERATION_BOUNDARY,same_state_selected_V_control,0.005454361438751221,30,4,
confirmation,exp12_search_edit_06,search_edit,canonical,0,canonical,1,opposite_same_wording,GENERATION_BOUNDARY,matched_negative_ISSUE_V_sufficiency,0.0007804632186889648,30,4,
confirmation,exp12_search_edit_06,search_edit,canonical,0,canonical,1,opposite_same_wording,GENERATION_BOUNDARY,old_absolute_V_sufficiency,0.1568029522895813,30,4,
confirmation,exp12_search_edit_06,search_edit,canonical,0,canonical,1,opposite_same_wording,FINAL_INSTRUCTION_END,runner_up_V_sufficiency,0.001561582088470459,30,4,
confirmation,exp12_search_edit_06,search_edit,canonical,0,canonical,1,opposite_same_wording,FINAL_INSTRUCTION_END,runner_up_V_necessity_loss,3.1221040040254593,30,4,
confirmation,exp12_search_edit_06,search_edit,canonical,0,canonical,1,opposite_same_wording,GENERATION_BOUNDARY,reader_target_pos_sufficiency,0.1786683201789856,30,4,"0,16,18"
confirmation,exp12_search_edit_06,search_edit,canonical,0,canonical,1,opposite_same_wording,GENERATION_BOUNDARY,reader_target_pos_necessity,0.16851407289505005,30,4,"0,16,18"
confirmation,exp12_search_edit_06,search_edit,canonical,0,canonical,1,opposite_same_wording,GENERATION_BOUNDARY,reader_negative_neg_sufficiency,-0.01015859842300415,30,4,"1,17,19"
confirmation,exp12_search_edit_06,search_edit,canonical,0,canonical,1,opposite_same_wording,GENERATION_BOUNDARY,reader_negative_neg_necessity,-0.020312845706939697,30,4,"1,17,19"
confirmation,exp12_search_edit_06,search_edit,canonical,0,canonical,1,opposite_same_wording,GENERATION_BOUNDARY,reader_non_set_sufficiency,0.0,30,4,"2,3,4,5,6,7,8,9,10,11,12,13,14,15,20,21,22,23,24,25,26,27,28,29,30,31"
confirmation,exp12_search_edit_06,search_edit,canonical,0,canonical,1,opposite_same_wording,GENERATION_BOUNDARY,reader_non_set_necessity,0.0,30,4,"2,3,4,5,6,7,8,9,10,11,12,13,14,15,20,21,22,23,24,25,26,27,28,29,30,31"
confirmation,exp12_search_edit_06,search_edit,canonical,0,canonical,1,opposite_same_wording,GENERATION_BOUNDARY,reader_all28_sufficiency,0.1583554744720459,30,4,"0,1,2,3,4,5,6,7,8,9,10,11,12,13,14,15,16,17,18,19,20,21,22,23,24,25,26,27,28,29,30,31"
confirmation,exp12_search_edit_06,search_edit,canonical,0,canonical,1,opposite_same_wording,GENERATION_BOUNDARY,reader_all28_necessity,0.1583554744720459,30,4,"0,1,2,3,4,5,6,7,8,9,10,11,12,13,14,15,16,17,18,19,20,21,22,23,24,25,26,27,28,29,30,31"
confirmation,exp12_search_edit_06,search_edit,canonical,0,canonical,1,opposite_same_wording,GENERATION_BOUNDARY,reader_verified_v_effect,0.1583554744720459,30,4,
confirmation,exp12_search_edit_06,search_edit,canonical,0,canonical,1,opposite_same_wording,GENERATION_BOUNDARY,reader_leakage_ratio,0.0,30,4,
confirmation,exp12_search_edit_06,search_edit,paraphrase,0,paraphrase,1,opposite_same_wording,GENERATION_BOUNDARY,selected_V_sufficiency,0.1389150619506836,30,4,
confirmation,exp12_search_edit_06,search_edit,paraphrase,0,paraphrase,1,opposite_same_wording,GENERATION_BOUNDARY,selected_V_necessity_loss,0.17177562415599823,30,4,
confirmation,exp12_search_edit_06,search_edit,paraphrase,0,paraphrase,1,opposite_same_wording,GENERATION_BOUNDARY,cross_selected_V_sufficiency,0.13258540630340576,30,4,
confirmation,exp12_search_edit_06,search_edit,paraphrase,0,paraphrase,1,opposite_same_wording,GENERATION_BOUNDARY,same_state_selected_V_control,-0.001532912254333496,30,4,
confirmation,exp12_search_edit_06,search_edit,paraphrase,0,paraphrase,1,opposite_same_wording,GENERATION_BOUNDARY,matched_negative_ISSUE_V_sufficiency,0.0030480027198791504,30,4,
confirmation,exp12_search_edit_06,search_edit,paraphrase,0,paraphrase,1,opposite_same_wording,GENERATION_BOUNDARY,old_absolute_V_sufficiency,0.13735240697860718,30,4,
confirmation,exp12_search_edit_06,search_edit,paraphrase,0,paraphrase,1,opposite_same_wording,FINAL_INSTRUCTION_END,runner_up_V_sufficiency,0.0015621185302734375,30,4,
confirmation,exp12_search_edit_06,search_edit,paraphrase,0,paraphrase,1,opposite_same_wording,FINAL_INSTRUCTION_END,runner_up_V_necessity_loss,3.189217656850815,30,4,
confirmation,exp12_search_edit_06,search_edit,paraphrase,0,paraphrase,1,opposite_same_wording,GENERATION_BOUNDARY,reader_target_pos_sufficiency,0.17631858587265015,30,4,"0,16,18"
confirmation,exp12_search_edit_06,search_edit,paraphrase,0,paraphrase,1,opposite_same_wording,GENERATION_BOUNDARY,reader_target_pos_necessity,0.16544288396835327,30,4,"0,16,18"
confirmation,exp12_search_edit_06,search_edit,paraphrase,0,paraphrase,1,opposite_same_wording,GENERATION_BOUNDARY,reader_negative_neg_sufficiency,-0.026527822017669678,30,4,"1,17,19"
confirmation,exp12_search_edit_06,search_edit,paraphrase,0,paraphrase,1,opposite_same_wording,GENERATION_BOUNDARY,reader_negative_neg_necessity,-0.03740352392196655,30,4,"1,17,19"
confirmation,exp12_search_edit_06,search_edit,paraphrase,0,paraphrase,1,opposite_same_wording,GENERATION_BOUNDARY,reader_non_set_sufficiency,0.0,30,4,"2,3,4,5,6,7,8,9,10,11,12,13,14,15,20,21,22,23,24,25,26,27,28,29,30,31"
confirmation,exp12_search_edit_06,search_edit,paraphrase,0,paraphrase,1,opposite_same_wording,GENERATION_BOUNDARY,reader_non_set_necessity,0.0,30,4,"2,3,4,5,6,7,8,9,10,11,12,13,14,15,20,21,22,23,24,25,26,27,28,29,30,31"
confirmation,exp12_search_edit_06,search_edit,paraphrase,0,paraphrase,1,opposite_same_wording,GENERATION_BOUNDARY,reader_all28_sufficiency,0.1389150619506836,30,4,"0,1,2,3,4,5,6,7,8,9,10,11,12,13,14,15,16,17,18,19,20,21,22,23,24,25,26,27,28,29,30,31"
confirmation,exp12_search_edit_06,search_edit,paraphrase,0,paraphrase,1,opposite_same_wording,GENERATION_BOUNDARY,reader_all28_necessity,0.1389150619506836,30,4,"0,1,2,3,4,5,6,7,8,9,10,11,12,13,14,15,16,17,18,19,20,21,22,23,24,25,26,27,28,29,30,31"
confirmation,exp12_search_edit_06,search_edit,paraphrase,0,paraphrase,1,opposite_same_wording,GENERATION_BOUNDARY,reader_verified_v_effect,0.1389150619506836,30,4,
confirmation,exp12_search_edit_06,search_edit,paraphrase,0,paraphrase,1,opposite_same_wording,GENERATION_BOUNDARY,reader_leakage_ratio,0.0,30,4,
confirmation,exp12_search_edit_06,search_edit,canonical,1,canonical,0,opposite_same_wording,GENERATION_BOUNDARY,selected_V_sufficiency,0.19755549728870392,30,4,
confirmation,exp12_search_edit_06,search_edit,canonical,1,canonical,0,opposite_same_wording,GENERATION_BOUNDARY,selected_V_necessity_loss,0.13108593225479126,30,4,
confirmation,exp12_search_edit_06,search_edit,canonical,1,canonical,0,opposite_same_wording,GENERATION_BOUNDARY,cross_selected_V_sufficiency,0.19273339211940765,30,4,
confirmation,exp12_search_edit_06,search_edit,canonical,1,canonical,0,opposite_same_wording,GENERATION_BOUNDARY,same_state_selected_V_control,0.027384400367736816,30,4,
confirmation,exp12_search_edit_06,search_edit,canonical,1,canonical,0,opposite_same_wording,GENERATION_BOUNDARY,matched_negative_ISSUE_V_sufficiency,2.4884939193725586e-06,30,4,
confirmation,exp12_search_edit_06,search_edit,canonical,1,canonical,0,opposite_same_wording,GENERATION_BOUNDARY,old_absolute_V_sufficiency,0.1897806078195572,30,4,
confirmation,exp12_search_edit_06,search_edit,canonical,1,canonical,0,opposite_same_wording,FINAL_INSTRUCTION_END,runner_up_V_sufficiency,0.0016476213932037354,30,4,
confirmation,exp12_search_edit_06,search_edit,canonical,1,canonical,0,opposite_same_wording,FINAL_INSTRUCTION_END,runner_up_V_necessity_loss,2.9901010990142822,30,4,
confirmation,exp12_search_edit_06,search_edit,canonical,1,canonical,0,opposite_same_wording,GENERATION_BOUNDARY,reader_target_pos_sufficiency,0.22334687411785126,30,4,"0,16,18"
confirmation,exp12_search_edit_06,search_edit,canonical,1,canonical,0,opposite_same_wording,GENERATION_BOUNDARY,reader_target_pos_necessity,0.21856854856014252,30,4,"0,16,18"
confirmation,exp12_search_edit_06,search_edit,canonical,1,canonical,0,opposite_same_wording,GENERATION_BOUNDARY,reader_negative_neg_sufficiency,-0.0210130512714386,30,4,"1,17,19"
confirmation,exp12_search_edit_06,search_edit,canonical,1,canonical,0,opposite_same_wording,GENERATION_BOUNDARY,reader_negative_neg_necessity,-0.02579137682914734,30,4,"1,17,19"
confirmation,exp12_search_edit_06,search_edit,canonical,1,canonical,0,opposite_same_wording,GENERATION_BOUNDARY,reader_non_set_sufficiency,-0.0,30,4,"2,3,4,5,6,7,8,9,10,11,12,13,14,15,20,21,22,23,24,25,26,27,28,29,30,31"
confirmation,exp12_search_edit_06,search_edit,canonical,1,canonical,0,opposite_same_wording,GENERATION_BOUNDARY,reader_non_set_necessity,0.0,30,4,"2,3,4,5,6,7,8,9,10,11,12,13,14,15,20,21,22,23,24,25,26,27,28,29,30,31"
confirmation,exp12_search_edit_06,search_edit,canonical,1,canonical,0,opposite_same_wording,GENERATION_BOUNDARY,reader_all28_sufficiency,0.19755549728870392,30,4,"0,1,2,3,4,5,6,7,8,9,10,11,12,13,14,15,16,17,18,19,20,21,22,23,24,25,26,27,28,29,30,31"
confirmation,exp12_search_edit_06,search_edit,canonical,1,canonical,0,opposite_same_wording,GENERATION_BOUNDARY,reader_all28_necessity,0.19755549728870392,30,4,"0,1,2,3,4,5,6,7,8,9,10,11,12,13,14,15,16,17,18,19,20,21,22,23,24,25,26,27,28,29,30,31"
confirmation,exp12_search_edit_06,search_edit,canonical,1,canonical,0,opposite_same_wording,GENERATION_BOUNDARY,reader_verified_v_effect,0.19755549728870392,30,4,
confirmation,exp12_search_edit_06,search_edit,canonical,1,canonical,0,opposite_same_wording,GENERATION_BOUNDARY,reader_leakage_ratio,0.0,30,4,
confirmation,exp12_search_edit_06,search_edit,paraphrase,1,paraphrase,0,opposite_same_wording,GENERATION_BOUNDARY,selected_V_sufficiency,0.14129088819026947,30,4,
confirmation,exp12_search_edit_06,search_edit,paraphrase,1,paraphrase,0,opposite_same_wording,GENERATION_BOUNDARY,selected_V_necessity_loss,0.13743454217910767,30,4,
confirmation,exp12_search_edit_06,search_edit,paraphrase,1,paraphrase,0,opposite_same_wording,GENERATION_BOUNDARY,cross_selected_V_sufficiency,0.15270771086215973,30,4,
confirmation,exp12_search_edit_06,search_edit,paraphrase,1,paraphrase,0,opposite_same_wording,GENERATION_BOUNDARY,same_state_selected_V_control,-0.011968187987804413,30,4,
confirmation,exp12_search_edit_06,search_edit,paraphrase,1,paraphrase,0,opposite_same_wording,GENERATION_BOUNDARY,matched_negative_ISSUE_V_sufficiency,0.011956892907619476,30,4,
confirmation,exp12_search_edit_06,search_edit,paraphrase,1,paraphrase,0,opposite_same_wording,GENERATION_BOUNDARY,old_absolute_V_sufficiency,0.14226128160953522,30,4,
confirmation,exp12_search_edit_06,search_edit,paraphrase,1,paraphrase,0,opposite_same_wording,FINAL_INSTRUCTION_END,runner_up_V_sufficiency,0.013914898037910461,30,4,
confirmation,exp12_search_edit_06,search_edit,paraphrase,1,paraphrase,0,opposite_same_wording,FINAL_INSTRUCTION_END,runner_up_V_necessity_loss,3.0676279962062836,30,4,
confirmation,exp12_search_edit_06,search_edit,paraphrase,1,paraphrase,0,opposite_same_wording,GENERATION_BOUNDARY,reader_target_pos_sufficiency,0.1805899739265442,30,4,"0,16,18"
confirmation,exp12_search_edit_06,search_edit,paraphrase,1,paraphrase,0,opposite_same_wording,GENERATION_BOUNDARY,reader_target_pos_necessity,0.1689816564321518,30,4,"0,16,18"
confirmation,exp12_search_edit_06,search_edit,paraphrase,1,paraphrase,0,opposite_same_wording,GENERATION_BOUNDARY,reader_negative_neg_sufficiency,-0.027690768241882324,30,4,"1,17,19"
confirmation,exp12_search_edit_06,search_edit,paraphrase,1,paraphrase,0,opposite_same_wording,GENERATION_BOUNDARY,reader_negative_neg_necessity,-0.03929908573627472,30,4,"1,17,19"
confirmation,exp12_search_edit_06,search_edit,paraphrase,1,paraphrase,0,opposite_same_wording,GENERATION_BOUNDARY,reader_non_set_sufficiency,-0.0,30,4,"2,3,4,5,6,7,8,9,10,11,12,13,14,15,20,21,22,23,24,25,26,27,28,29,30,31"
confirmation,exp12_search_edit_06,search_edit,paraphrase,1,paraphrase,0,opposite_same_wording,GENERATION_BOUNDARY,reader_non_set_necessity,0.0,30,4,"2,3,4,5,6,7,8,9,10,11,12,13,14,15,20,21,22,23,24,25,26,27,28,29,30,31"
confirmation,exp12_search_edit_06,search_edit,paraphrase,1,paraphrase,0,opposite_same_wording,GENERATION_BOUNDARY,reader_all28_sufficiency,0.14129088819026947,30,4,"0,1,2,3,4,5,6,7,8,9,10,11,12,13,14,15,16,17,18,19,20,21,22,23,24,25,26,27,28,29,30,31"
confirmation,exp12_search_edit_06,search_edit,paraphrase,1,paraphrase,0,opposite_same_wording,GENERATION_BOUNDARY,reader_all28_necessity,0.14129088819026947,30,4,"0,1,2,3,4,5,6,7,8,9,10,11,12,13,14,15,16,17,18,19,20,21,22,23,24,25,26,27,28,29,30,31"
confirmation,exp12_search_edit_06,search_edit,paraphrase,1,paraphrase,0,opposite_same_wording,GENERATION_BOUNDARY,reader_verified_v_effect,0.14129088819026947,30,4,
confirmation,exp12_search_edit_06,search_edit,paraphrase,1,paraphrase,0,opposite_same_wording,GENERATION_BOUNDARY,reader_leakage_ratio,0.0,30,4,
confirmation,exp12_search_edit_06,search_edit,direct,0,direct,1,direct_opposite_label,USER_END,direct_V_sufficiency,0.025000154972076416,30,4,
confirmation,exp12_search_edit_06,search_edit,direct,1,direct,0,direct_opposite_label,USER_END,direct_V_sufficiency,0.01898762583732605,30,4,
confirmation,exp12_search_edit_07,search_edit,canonical,0,canonical,1,opposite_same_wording,GENERATION_BOUNDARY,selected_V_sufficiency,0.1389572024345398,30,4,
confirmation,exp12_search_edit_07,search_edit,canonical,0,canonical,1,opposite_same_wording,GENERATION_BOUNDARY,selected_V_necessity_loss,0.22598735988140106,30,4,
confirmation,exp12_search_edit_07,search_edit,canonical,0,canonical,1,opposite_same_wording,GENERATION_BOUNDARY,cross_selected_V_sufficiency,0.16706949472427368,30,4,
confirmation,exp12_search_edit_07,search_edit,canonical,0,canonical,1,opposite_same_wording,GENERATION_BOUNDARY,same_state_selected_V_control,0.004672527313232422,30,4,
confirmation,exp12_search_edit_07,search_edit,canonical,0,canonical,1,opposite_same_wording,GENERATION_BOUNDARY,matched_negative_ISSUE_V_sufficiency,0.006219327449798584,30,4,
confirmation,exp12_search_edit_07,search_edit,canonical,0,canonical,1,opposite_same_wording,GENERATION_BOUNDARY,old_absolute_V_sufficiency,0.1389583945274353,30,4,
confirmation,exp12_search_edit_07,search_edit,canonical,0,canonical,1,opposite_same_wording,FINAL_INSTRUCTION_END,runner_up_V_sufficiency,0.0031229257583618164,30,4,
confirmation,exp12_search_edit_07,search_edit,canonical,0,canonical,1,opposite_same_wording,FINAL_INSTRUCTION_END,runner_up_V_necessity_loss,3.03066922724247,30,4,
confirmation,exp12_search_edit_07,search_edit,canonical,0,canonical,1,opposite_same_wording,GENERATION_BOUNDARY,reader_target_pos_sufficiency,0.16081368923187256,30,4,"0,16,18"
confirmation,exp12_search_edit_07,search_edit,canonical,0,canonical,1,opposite_same_wording,GENERATION_BOUNDARY,reader_target_pos_necessity,0.14989042282104492,30,4,"0,16,18"
confirmation,exp12_search_edit_07,search_edit,canonical,0,canonical,1,opposite_same_wording,GENERATION_BOUNDARY,reader_negative_neg_sufficiency,-0.010933220386505127,30,4,"1,17,19"
confirmation,exp12_search_edit_07,search_edit,canonical,0,canonical,1,opposite_same_wording,GENERATION_BOUNDARY,reader_negative_neg_necessity,-0.021856486797332764,30,4,"1,17,19"
confirmation,exp12_search_edit_07,search_edit,canonical,0,canonical,1,opposite_same_wording,GENERATION_BOUNDARY,reader_non_set_sufficiency,0.0,30,4,"2,3,4,5,6,7,8,9,10,11,12,13,14,15,20,21,22,23,24,25,26,27,28,29,30,31"
confirmation,exp12_search_edit_07,search_edit,canonical,0,canonical,1,opposite_same_wording,GENERATION_BOUNDARY,reader_non_set_necessity,0.0,30,4,"2,3,4,5,6,7,8,9,10,11,12,13,14,15,20,21,22,23,24,25,26,27,28,29,30,31"
confirmation,exp12_search_edit_07,search_edit,canonical,0,canonical,1,opposite_same_wording,GENERATION_BOUNDARY,reader_all28_sufficiency,0.1389572024345398,30,4,"0,1,2,3,4,5,6,7,8,9,10,11,12,13,14,15,16,17,18,19,20,21,22,23,24,25,26,27,28,29,30,31"
confirmation,exp12_search_edit_07,search_edit,canonical,0,canonical,1,opposite_same_wording,GENERATION_BOUNDARY,reader_all28_necessity,0.1389572024345398,30,4,"0,1,2,3,4,5,6,7,8,9,10,11,12,13,14,15,16,17,18,19,20,21,22,23,24,25,26,27,28,29,30,31"
confirmation,exp12_search_edit_07,search_edit,canonical,0,canonical,1,opposite_same_wording,GENERATION_BOUNDARY,reader_verified_v_effect,0.1389572024345398,30,4,
confirmation,exp12_search_edit_07,search_edit,canonical,0,canonical,1,opposite_same_wording,GENERATION_BOUNDARY,reader_leakage_ratio,0.0,30,4,
confirmation,exp12_search_edit_07,search_edit,paraphrase,0,paraphrase,1,opposite_same_wording,GENERATION_BOUNDARY,selected_V_sufficiency,0.12178397178649902,30,4,
confirmation,exp12_search_edit_07,search_edit,paraphrase,0,paraphrase,1,opposite_same_wording,GENERATION_BOUNDARY,selected_V_necessity_loss,0.16729030013084412,30,4,
confirmation,exp12_search_edit_07,search_edit,paraphrase,0,paraphrase,1,opposite_same_wording,GENERATION_BOUNDARY,cross_selected_V_sufficiency,0.11239516735076904,30,4,
confirmation,exp12_search_edit_07,search_edit,paraphrase,0,paraphrase,1,opposite_same_wording,GENERATION_BOUNDARY,same_state_selected_V_control,-0.00622868537902832,30,4,
confirmation,exp12_search_edit_07,search_edit,paraphrase,0,paraphrase,1,opposite_same_wording,GENERATION_BOUNDARY,matched_negative_ISSUE_V_sufficiency,-2.0265579223632812e-06,30,4,
confirmation,exp12_search_edit_07,search_edit,paraphrase,0,paraphrase,1,opposite_same_wording,GENERATION_BOUNDARY,old_absolute_V_sufficiency,0.12022268772125244,30,4,
confirmation,exp12_search_edit_07,search_edit,paraphrase,0,paraphrase,1,opposite_same_wording,FINAL_INSTRUCTION_END,runner_up_V_sufficiency,0.009352922439575195,30,4,
confirmation,exp12_search_edit_07,search_edit,paraphrase,0,paraphrase,1,opposite_same_wording,FINAL_INSTRUCTION_END,runner_up_V_necessity_loss,3.118425592780113,30,4,
confirmation,exp12_search_edit_07,search_edit,paraphrase,0,paraphrase,1,opposite_same_wording,GENERATION_BOUNDARY,reader_target_pos_sufficiency,0.1592559814453125,30,4,"0,16,18"
confirmation,exp12_search_edit_07,search_edit,paraphrase,0,paraphrase,1,opposite_same_wording,GENERATION_BOUNDARY,reader_target_pos_necessity,0.14988958835601807,30,4,"0,16,18"
confirmation,exp12_search_edit_07,search_edit,paraphrase,0,paraphrase,1,opposite_same_wording,GENERATION_BOUNDARY,reader_negative_neg_sufficiency,-0.028105616569519043,30,4,"1,17,19"
confirmation,exp12_search_edit_07,search_edit,paraphrase,0,paraphrase,1,opposite_same_wording,GENERATION_BOUNDARY,reader_negative_neg_necessity,-0.03747200965881348,30,4,"1,17,19"
confirmation,exp12_search_edit_07,search_edit,paraphrase,0,paraphrase,1,opposite_same_wording,GENERATION_BOUNDARY,reader_non_set_sufficiency,0.0,30,4,"2,3,4,5,6,7,8,9,10,11,12,13,14,15,20,21,22,23,24,25,26,27,28,29,30,31"
confirmation,exp12_search_edit_07,search_edit,paraphrase,0,paraphrase,1,opposite_same_wording,GENERATION_BOUNDARY,reader_non_set_necessity,0.0,30,4,"2,3,4,5,6,7,8,9,10,11,12,13,14,15,20,21,22,23,24,25,26,27,28,29,30,31"
confirmation,exp12_search_edit_07,search_edit,paraphrase,0,paraphrase,1,opposite_same_wording,GENERATION_BOUNDARY,reader_all28_sufficiency,0.12178397178649902,30,4,"0,1,2,3,4,5,6,7,8,9,10,11,12,13,14,15,16,17,18,19,20,21,22,23,24,25,26,27,28,29,30,31"
confirmation,exp12_search_edit_07,search_edit,paraphrase,0,paraphrase,1,opposite_same_wording,GENERATION_BOUNDARY,reader_all28_necessity,0.12178397178649902,30,4,"0,1,2,3,4,5,6,7,8,9,10,11,12,13,14,15,16,17,18,19,20,21,22,23,24,25,26,27,28,29,30,31"
confirmation,exp12_search_edit_07,search_edit,paraphrase,0,paraphrase,1,opposite_same_wording,GENERATION_BOUNDARY,reader_verified_v_effect,0.12178397178649902,30,4,
confirmation,exp12_search_edit_07,search_edit,paraphrase,0,paraphrase,1,opposite_same_wording,GENERATION_BOUNDARY,reader_leakage_ratio,0.0,30,4,
confirmation,exp12_search_edit_07,search_edit,canonical,1,canonical,0,opposite_same_wording,GENERATION_BOUNDARY,selected_V_sufficiency,0.1923198252916336,30,4,
confirmation,exp12_search_edit_07,search_edit,canonical,1,canonical,0,opposite_same_wording,GENERATION_BOUNDARY,selected_V_necessity_loss,0.12181800603866577,30,4,
confirmation,exp12_search_edit_07,search_edit,canonical,1,canonical,0,opposite_same_wording,GENERATION_BOUNDARY,cross_selected_V_sufficiency,0.19089145958423615,30,4,
confirmation,exp12_search_edit_07,search_edit,canonical,1,canonical,0,opposite_same_wording,GENERATION_BOUNDARY,same_state_selected_V_control,0.030620843172073364,30,4,
confirmation,exp12_search_edit_07,search_edit,canonical,1,canonical,0,opposite_same_wording,GENERATION_BOUNDARY,matched_negative_ISSUE_V_sufficiency,8.046627044677734e-07,30,4,
confirmation,exp12_search_edit_07,search_edit,canonical,1,canonical,0,opposite_same_wording,GENERATION_BOUNDARY,old_absolute_V_sufficiency,0.1908545047044754,30,4,
confirmation,exp12_search_edit_07,search_edit,canonical,1,canonical,0,opposite_same_wording,FINAL_INSTRUCTION_END,runner_up_V_sufficiency,0.0019718706607818604,30,4,
confirmation,exp12_search_edit_07,search_edit,canonical,1,canonical,0,opposite_same_wording,FINAL_INSTRUCTION_END,runner_up_V_necessity_loss,2.951423391699791,30,4,
confirmation,exp12_search_edit_07,search_edit,canonical,1,canonical,0,opposite_same_wording,GENERATION_BOUNDARY,reader_target_pos_sufficiency,0.2195005565881729,30,4,"0,16,18"
confirmation,exp12_search_edit_07,search_edit,canonical,1,canonical,0,opposite_same_wording,GENERATION_BOUNDARY,reader_target_pos_necessity,0.21386365592479706,30,4,"0,16,18"
confirmation,exp12_search_edit_07,search_edit,canonical,1,canonical,0,opposite_same_wording,GENERATION_BOUNDARY,reader_negative_neg_sufficiency,-0.021543830633163452,30,4,"1,17,19"
confirmation,exp12_search_edit_07,search_edit,canonical,1,canonical,0,opposite_same_wording,GENERATION_BOUNDARY,reader_negative_neg_necessity,-0.027180731296539307,30,4,"1,17,19"
confirmation,exp12_search_edit_07,search_edit,canonical,1,canonical,0,opposite_same_wording,GENERATION_BOUNDARY,reader_non_set_sufficiency,-0.0,30,4,"2,3,4,5,6,7,8,9,10,11,12,13,14,15,20,21,22,23,24,25,26,27,28,29,30,31"
confirmation,exp12_search_edit_07,search_edit,canonical,1,canonical,0,opposite_same_wording,GENERATION_BOUNDARY,reader_non_set_necessity,0.0,30,4,"2,3,4,5,6,7,8,9,10,11,12,13,14,15,20,21,22,23,24,25,26,27,28,29,30,31"
confirmation,exp12_search_edit_07,search_edit,canonical,1,canonical,0,opposite_same_wording,GENERATION_BOUNDARY,reader_all28_sufficiency,0.1923198252916336,30,4,"0,1,2,3,4,5,6,7,8,9,10,11,12,13,14,15,16,17,18,19,20,21,22,23,24,25,26,27,28,29,30,31"
confirmation,exp12_search_edit_07,search_edit,canonical,1,canonical,0,opposite_same_wording,GENERATION_BOUNDARY,reader_all28_necessity,0.1923198252916336,30,4,"0,1,2,3,4,5,6,7,8,9,10,11,12,13,14,15,16,17,18,19,20,21,22,23,24,25,26,27,28,29,30,31"
confirmation,exp12_search_edit_07,search_edit,canonical,1,canonical,0,opposite_same_wording,GENERATION_BOUNDARY,reader_verified_v_effect,0.1923198252916336,30,4,
confirmation,exp12_search_edit_07,search_edit,canonical,1,canonical,0,opposite_same_wording,GENERATION_BOUNDARY,reader_leakage_ratio,0.0,30,4,
confirmation,exp12_search_edit_07,search_edit,paraphrase,1,paraphrase,0,opposite_same_wording,GENERATION_BOUNDARY,selected_V_sufficiency,0.1269637495279312,30,4,
confirmation,exp12_search_edit_07,search_edit,paraphrase,1,paraphrase,0,opposite_same_wording,GENERATION_BOUNDARY,selected_V_necessity_loss,0.11715078353881836,30,4,
confirmation,exp12_search_edit_07,search_edit,paraphrase,1,paraphrase,0,opposite_same_wording,GENERATION_BOUNDARY,cross_selected_V_sufficiency,0.1338064894080162,30,4,
confirmation,exp12_search_edit_07,search_edit,paraphrase,1,paraphrase,0,opposite_same_wording,GENERATION_BOUNDARY,same_state_selected_V_control,-0.01232362911105156,30,4,
confirmation,exp12_search_edit_07,search_edit,paraphrase,1,paraphrase,0,opposite_same_wording,GENERATION_BOUNDARY,matched_negative_ISSUE_V_sufficiency,-0.0009761340916156769,30,4,
confirmation,exp12_search_edit_07,search_edit,paraphrase,1,paraphrase,0,opposite_same_wording,GENERATION_BOUNDARY,old_absolute_V_sufficiency,0.12793834507465363,30,4,
confirmation,exp12_search_edit_07,search_edit,paraphrase,1,paraphrase,0,opposite_same_wording,FINAL_INSTRUCTION_END,runner_up_V_sufficiency,0.0009790770709514618,30,4,
confirmation,exp12_search_edit_07,search_edit,paraphrase,1,paraphrase,0,opposite_same_wording,FINAL_INSTRUCTION_END,runner_up_V_necessity_loss,3.0335240960121155,30,4,
confirmation,exp12_search_edit_07,search_edit,paraphrase,1,paraphrase,0,opposite_same_wording,GENERATION_BOUNDARY,reader_target_pos_sufficiency,0.16691221296787262,30,4,"0,16,18"
confirmation,exp12_search_edit_07,search_edit,paraphrase,1,paraphrase,0,opposite_same_wording,GENERATION_BOUNDARY,reader_target_pos_necessity,0.15305259078741074,30,4,"0,16,18"
confirmation,exp12_search_edit_07,search_edit,paraphrase,1,paraphrase,0,opposite_same_wording,GENERATION_BOUNDARY,reader_negative_neg_sufficiency,-0.026088841259479523,30,4,"1,17,19"
confirmation,exp12_search_edit_07,search_edit,paraphrase,1,paraphrase,0,opposite_same_wording,GENERATION_BOUNDARY,reader_negative_neg_necessity,-0.039948463439941406,30,4,"1,17,19"
confirmation,exp12_search_edit_07,search_edit,paraphrase,1,paraphrase,0,opposite_same_wording,GENERATION_BOUNDARY,reader_non_set_sufficiency,-0.0,30,4,"2,3,4,5,6,7,8,9,10,11,12,13,14,15,20,21,22,23,24,25,26,27,28,29,30,31"
confirmation,exp12_search_edit_07,search_edit,paraphrase,1,paraphrase,0,opposite_same_wording,GENERATION_BOUNDARY,reader_non_set_necessity,0.0,30,4,"2,3,4,5,6,7,8,9,10,11,12,13,14,15,20,21,22,23,24,25,26,27,28,29,30,31"
confirmation,exp12_search_edit_07,search_edit,paraphrase,1,paraphrase,0,opposite_same_wording,GENERATION_BOUNDARY,reader_all28_sufficiency,0.1269637495279312,30,4,"0,1,2,3,4,5,6,7,8,9,10,11,12,13,14,15,16,17,18,19,20,21,22,23,24,25,26,27,28,29,30,31"
confirmation,exp12_search_edit_07,search_edit,paraphrase,1,paraphrase,0,opposite_same_wording,GENERATION_BOUNDARY,reader_all28_necessity,0.1269637495279312,30,4,"0,1,2,3,4,5,6,7,8,9,10,11,12,13,14,15,16,17,18,19,20,21,22,23,24,25,26,27,28,29,30,31"
confirmation,exp12_search_edit_07,search_edit,paraphrase,1,paraphrase,0,opposite_same_wording,GENERATION_BOUNDARY,reader_verified_v_effect,0.1269637495279312,30,4,
confirmation,exp12_search_edit_07,search_edit,paraphrase,1,paraphrase,0,opposite_same_wording,GENERATION_BOUNDARY,reader_leakage_ratio,0.0,30,4,
confirmation,exp12_search_edit_07,search_edit,direct,0,direct,1,direct_opposite_label,USER_END,direct_V_sufficiency,0.030448198318481445,30,4,
confirmation,exp12_search_edit_07,search_edit,direct,1,direct,0,direct_opposite_label,USER_END,direct_V_sufficiency,0.020574629306793213,30,4,
confirmation,exp12_search_edit_08,search_edit,canonical,0,canonical,1,opposite_same_wording,GENERATION_BOUNDARY,selected_V_sufficiency,0.12981584668159485,30,4,
confirmation,exp12_search_edit_08,search_edit,canonical,0,canonical,1,opposite_same_wording,GENERATION_BOUNDARY,selected_V_necessity_loss,0.2098691463470459,30,4,
confirmation,exp12_search_edit_08,search_edit,canonical,0,canonical,1,opposite_same_wording,GENERATION_BOUNDARY,cross_selected_V_sufficiency,0.14475104212760925,30,4,
confirmation,exp12_search_edit_08,search_edit,canonical,0,canonical,1,opposite_same_wording,GENERATION_BOUNDARY,same_state_selected_V_control,0.013868480920791626,30,4,
confirmation,exp12_search_edit_08,search_edit,canonical,0,canonical,1,opposite_same_wording,GENERATION_BOUNDARY,matched_negative_ISSUE_V_sufficiency,2.682209014892578e-06,30,4,
confirmation,exp12_search_edit_08,search_edit,canonical,0,canonical,1,opposite_same_wording,GENERATION_BOUNDARY,old_absolute_V_sufficiency,0.12825343012809753,30,4,
confirmation,exp12_search_edit_08,search_edit,canonical,0,canonical,1,opposite_same_wording,FINAL_INSTRUCTION_END,runner_up_V_sufficiency,0.0015625357627868652,30,4,
confirmation,exp12_search_edit_08,search_edit,canonical,0,canonical,1,opposite_same_wording,FINAL_INSTRUCTION_END,runner_up_V_necessity_loss,2.8859637081623077,30,4,
confirmation,exp12_search_edit_08,search_edit,canonical,0,canonical,1,opposite_same_wording,GENERATION_BOUNDARY,reader_target_pos_sufficiency,0.14388397336006165,30,4,"0,16,18"
confirmation,exp12_search_edit_08,search_edit,canonical,0,canonical,1,opposite_same_wording,GENERATION_BOUNDARY,reader_target_pos_necessity,0.1508115828037262,30,4,"0,16,18"
confirmation,exp12_search_edit_08,search_edit,canonical,0,canonical,1,opposite_same_wording,GENERATION_BOUNDARY,reader_negative_neg_sufficiency,-0.020995736122131348,30,4,"1,17,19"
confirmation,exp12_search_edit_08,search_edit,canonical,0,canonical,1,opposite_same_wording,GENERATION_BOUNDARY,reader_negative_neg_necessity,-0.014068126678466797,30,4,"1,17,19"
confirmation,exp12_search_edit_08,search_edit,canonical,0,canonical,1,opposite_same_wording,GENERATION_BOUNDARY,reader_non_set_sufficiency,0.0,30,4,"2,3,4,5,6,7,8,9,10,11,12,13,14,15,20,21,22,23,24,25,26,27,28,29,30,31"
confirmation,exp12_search_edit_08,search_edit,canonical,0,canonical,1,opposite_same_wording,GENERATION_BOUNDARY,reader_non_set_necessity,0.0,30,4,"2,3,4,5,6,7,8,9,10,11,12,13,14,15,20,21,22,23,24,25,26,27,28,29,30,31"
confirmation,exp12_search_edit_08,search_edit,canonical,0,canonical,1,opposite_same_wording,GENERATION_BOUNDARY,reader_all28_sufficiency,0.12981584668159485,30,4,"0,1,2,3,4,5,6,7,8,9,10,11,12,13,14,15,16,17,18,19,20,21,22,23,24,25,26,27,28,29,30,31"
confirmation,exp12_search_edit_08,search_edit,canonical,0,canonical,1,opposite_same_wording,GENERATION_BOUNDARY,reader_all28_necessity,0.12981584668159485,30,4,"0,1,2,3,4,5,6,7,8,9,10,11,12,13,14,15,16,17,18,19,20,21,22,23,24,25,26,27,28,29,30,31"
confirmation,exp12_search_edit_08,search_edit,canonical,0,canonical,1,opposite_same_wording,GENERATION_BOUNDARY,reader_verified_v_effect,0.12981584668159485,30,4,
confirmation,exp12_search_edit_08,search_edit,canonical,0,canonical,1,opposite_same_wording,GENERATION_BOUNDARY,reader_leakage_ratio,0.0,30,4,
confirmation,exp12_search_edit_08,search_edit,paraphrase,0,paraphrase,1,opposite_same_wording,GENERATION_BOUNDARY,selected_V_sufficiency,0.11746641993522644,30,4,
confirmation,exp12_search_edit_08,search_edit,paraphrase,0,paraphrase,1,opposite_same_wording,GENERATION_BOUNDARY,selected_V_necessity_loss,0.16651511192321777,30,4,
confirmation,exp12_search_edit_08,search_edit,paraphrase,0,paraphrase,1,opposite_same_wording,GENERATION_BOUNDARY,cross_selected_V_sufficiency,0.10496625304222107,30,4,
confirmation,exp12_search_edit_08,search_edit,paraphrase,0,paraphrase,1,opposite_same_wording,GENERATION_BOUNDARY,same_state_selected_V_control,-0.006929218769073486,30,4,
confirmation,exp12_search_edit_08,search_edit,paraphrase,0,paraphrase,1,opposite_same_wording,GENERATION_BOUNDARY,matched_negative_ISSUE_V_sufficiency,0.0015642940998077393,30,4,
confirmation,exp12_search_edit_08,search_edit,paraphrase,0,paraphrase,1,opposite_same_wording,GENERATION_BOUNDARY,old_absolute_V_sufficiency,0.11434134840965271,30,4,
confirmation,exp12_search_edit_08,search_edit,paraphrase,0,paraphrase,1,opposite_same_wording,FINAL_INSTRUCTION_END,runner_up_V_sufficiency,0.010054320096969604,30,4,
confirmation,exp12_search_edit_08,search_edit,paraphrase,0,paraphrase,1,opposite_same_wording,FINAL_INSTRUCTION_END,runner_up_V_necessity_loss,2.9931873083114624,30,4,
confirmation,exp12_search_edit_08,search_edit,paraphrase,0,paraphrase,1,opposite_same_wording,GENERATION_BOUNDARY,reader_target_pos_sufficiency,0.14627370238304138,30,4,"0,16,18"
confirmation,exp12_search_edit_08,search_edit,paraphrase,0,paraphrase,1,opposite_same_wording,GENERATION_BOUNDARY,reader_target_pos_necessity,0.13621529936790466,30,4,"0,16,18"
confirmation,exp12_search_edit_08,search_edit,paraphrase,0,paraphrase,1,opposite_same_wording,GENERATION_BOUNDARY,reader_negative_neg_sufficiency,-0.018748879432678223,30,4,"1,17,19"
confirmation,exp12_search_edit_08,search_edit,paraphrase,0,paraphrase,1,opposite_same_wording,GENERATION_BOUNDARY,reader_negative_neg_necessity,-0.02880728244781494,30,4,"1,17,19"
confirmation,exp12_search_edit_08,search_edit,paraphrase,0,paraphrase,1,opposite_same_wording,GENERATION_BOUNDARY,reader_non_set_sufficiency,0.0,30,4,"2,3,4,5,6,7,8,9,10,11,12,13,14,15,20,21,22,23,24,25,26,27,28,29,30,31"
confirmation,exp12_search_edit_08,search_edit,paraphrase,0,paraphrase,1,opposite_same_wording,GENERATION_BOUNDARY,reader_non_set_necessity,0.0,30,4,"2,3,4,5,6,7,8,9,10,11,12,13,14,15,20,21,22,23,24,25,26,27,28,29,30,31"
confirmation,exp12_search_edit_08,search_edit,paraphrase,0,paraphrase,1,opposite_same_wording,GENERATION_BOUNDARY,reader_all28_sufficiency,0.11746641993522644,30,4,"0,1,2,3,4,5,6,7,8,9,10,11,12,13,14,15,16,17,18,19,20,21,22,23,24,25,26,27,28,29,30,31"
confirmation,exp12_search_edit_08,search_edit,paraphrase,0,paraphrase,1,opposite_same_wording,GENERATION_BOUNDARY,reader_all28_necessity,0.11746641993522644,30,4,"0,1,2,3,4,5,6,7,8,9,10,11,12,13,14,15,16,17,18,19,20,21,22,23,24,25,26,27,28,29,30,31"
confirmation,exp12_search_edit_08,search_edit,paraphrase,0,paraphrase,1,opposite_same_wording,GENERATION_BOUNDARY,reader_verified_v_effect,0.11746641993522644,30,4,
confirmation,exp12_search_edit_08,search_edit,paraphrase,0,paraphrase,1,opposite_same_wording,GENERATION_BOUNDARY,reader_leakage_ratio,0.0,30,4,
confirmation,exp12_search_edit_08,search_edit,canonical,1,canonical,0,opposite_same_wording,GENERATION_BOUNDARY,selected_V_sufficiency,0.1860729306936264,30,4,
confirmation,exp12_search_edit_08,search_edit,canonical,1,canonical,0,opposite_same_wording,GENERATION_BOUNDARY,selected_V_necessity_loss,0.12109136581420898,30,4,
confirmation,exp12_search_edit_08,search_edit,canonical,1,canonical,0,opposite_same_wording,GENERATION_BOUNDARY,cross_selected_V_sufficiency,0.18715180456638336,30,4,
confirmation,exp12_search_edit_08,search_edit,canonical,1,canonical,0,opposite_same_wording,GENERATION_BOUNDARY,same_state_selected_V_control,0.018231138586997986,30,4,
confirmation,exp12_search_edit_08,search_edit,canonical,1,canonical,0,opposite_same_wording,GENERATION_BOUNDARY,matched_negative_ISSUE_V_sufficiency,-0.00013343989849090576,30,4,
confirmation,exp12_search_edit_08,search_edit,canonical,1,canonical,0,opposite_same_wording,GENERATION_BOUNDARY,old_absolute_V_sufficiency,0.17933379113674164,30,4,
confirmation,exp12_search_edit_08,search_edit,canonical,1,canonical,0,opposite_same_wording,FINAL_INSTRUCTION_END,runner_up_V_sufficiency,0.005348503589630127,30,4,
confirmation,exp12_search_edit_08,search_edit,canonical,1,canonical,0,opposite_same_wording,FINAL_INSTRUCTION_END,runner_up_V_necessity_loss,2.7484323531389236,30,4,
confirmation,exp12_search_edit_08,search_edit,canonical,1,canonical,0,opposite_same_wording,GENERATION_BOUNDARY,reader_target_pos_sufficiency,0.21179111301898956,30,4,"0,16,18"
confirmation,exp12_search_edit_08,search_edit,canonical,1,canonical,0,opposite_same_wording,GENERATION_BOUNDARY,reader_target_pos_necessity,0.2065938264131546,30,4,"0,16,18"
confirmation,exp12_search_edit_08,search_edit,canonical,1,canonical,0,opposite_same_wording,GENERATION_BOUNDARY,reader_negative_neg_sufficiency,-0.020520895719528198,30,4,"1,17,19"
confirmation,exp12_search_edit_08,search_edit,canonical,1,canonical,0,opposite_same_wording,GENERATION_BOUNDARY,reader_negative_neg_necessity,-0.02571818232536316,30,4,"1,17,19"
confirmation,exp12_search_edit_08,search_edit,canonical,1,canonical,0,opposite_same_wording,GENERATION_BOUNDARY,reader_non_set_sufficiency,-0.0,30,4,"2,3,4,5,6,7,8,9,10,11,12,13,14,15,20,21,22,23,24,25,26,27,28,29,30,31"
confirmation,exp12_search_edit_08,search_edit,canonical,1,canonical,0,opposite_same_wording,GENERATION_BOUNDARY,reader_non_set_necessity,0.0,30,4,"2,3,4,5,6,7,8,9,10,11,12,13,14,15,20,21,22,23,24,25,26,27,28,29,30,31"
confirmation,exp12_search_edit_08,search_edit,canonical,1,canonical,0,opposite_same_wording,GENERATION_BOUNDARY,reader_all28_sufficiency,0.1860729306936264,30,4,"0,1,2,3,4,5,6,7,8,9,10,11,12,13,14,15,16,17,18,19,20,21,22,23,24,25,26,27,28,29,30,31"
confirmation,exp12_search_edit_08,search_edit,canonical,1,canonical,0,opposite_same_wording,GENERATION_BOUNDARY,reader_all28_necessity,0.1860729306936264,30,4,"0,1,2,3,4,5,6,7,8,9,10,11,12,13,14,15,16,17,18,19,20,21,22,23,24,25,26,27,28,29,30,31"
confirmation,exp12_search_edit_08,search_edit,canonical,1,canonical,0,opposite_same_wording,GENERATION_BOUNDARY,reader_verified_v_effect,0.1860729306936264,30,4,
confirmation,exp12_search_edit_08,search_edit,canonical,1,canonical,0,opposite_same_wording,GENERATION_BOUNDARY,reader_leakage_ratio,0.0,30,4,
confirmation,exp12_search_edit_08,search_edit,paraphrase,1,paraphrase,0,opposite_same_wording,GENERATION_BOUNDARY,selected_V_sufficiency,0.1328570321202278,30,4,
confirmation,exp12_search_edit_08,search_edit,paraphrase,1,paraphrase,0,opposite_same_wording,GENERATION_BOUNDARY,selected_V_necessity_loss,0.11976277828216553,30,4,
confirmation,exp12_search_edit_08,search_edit,paraphrase,1,paraphrase,0,opposite_same_wording,GENERATION_BOUNDARY,cross_selected_V_sufficiency,0.12588798254728317,30,4,
confirmation,exp12_search_edit_08,search_edit,paraphrase,1,paraphrase,0,opposite_same_wording,GENERATION_BOUNDARY,same_state_selected_V_control,-0.014026641845703125,30,4,
confirmation,exp12_search_edit_08,search_edit,paraphrase,1,paraphrase,0,opposite_same_wording,GENERATION_BOUNDARY,matched_negative_ISSUE_V_sufficiency,0.0008668527007102966,30,4,
confirmation,exp12_search_edit_08,search_edit,paraphrase,1,paraphrase,0,opposite_same_wording,GENERATION_BOUNDARY,old_absolute_V_sufficiency,0.13372450321912766,30,4,
confirmation,exp12_search_edit_08,search_edit,paraphrase,1,paraphrase,0,opposite_same_wording,FINAL_INSTRUCTION_END,runner_up_V_sufficiency,0.015756383538246155,30,4,
confirmation,exp12_search_edit_08,search_edit,paraphrase,1,paraphrase,0,opposite_same_wording,FINAL_INSTRUCTION_END,runner_up_V_necessity_loss,2.8740195855498314,30,4,
confirmation,exp12_search_edit_08,search_edit,paraphrase,1,paraphrase,0,opposite_same_wording,GENERATION_BOUNDARY,reader_target_pos_sufficiency,0.1698722019791603,30,4,"0,16,18"
confirmation,exp12_search_edit_08,search_edit,paraphrase,1,paraphrase,0,opposite_same_wording,GENERATION_BOUNDARY,reader_target_pos_necessity,0.15648047626018524,30,4,"0,16,18"
confirmation,exp12_search_edit_08,search_edit,paraphrase,1,paraphrase,0,opposite_same_wording,GENERATION_BOUNDARY,reader_negative_neg_sufficiency,-0.023623444139957428,30,4,"1,17,19"
confirmation,exp12_search_edit_08,search_edit,paraphrase,1,paraphrase,0,opposite_same_wording,GENERATION_BOUNDARY,reader_negative_neg_necessity,-0.037015169858932495,30,4,"1,17,19"
confirmation,exp12_search_edit_08,search_edit,paraphrase,1,paraphrase,0,opposite_same_wording,GENERATION_BOUNDARY,reader_non_set_sufficiency,-0.0,30,4,"2,3,4,5,6,7,8,9,10,11,12,13,14,15,20,21,22,23,24,25,26,27,28,29,30,31"
confirmation,exp12_search_edit_08,search_edit,paraphrase,1,paraphrase,0,opposite_same_wording,GENERATION_BOUNDARY,reader_non_set_necessity,0.0,30,4,"2,3,4,5,6,7,8,9,10,11,12,13,14,15,20,21,22,23,24,25,26,27,28,29,30,31"
confirmation,exp12_search_edit_08,search_edit,paraphrase,1,paraphrase,0,opposite_same_wording,GENERATION_BOUNDARY,reader_all28_sufficiency,0.1328570321202278,30,4,"0,1,2,3,4,5,6,7,8,9,10,11,12,13,14,15,16,17,18,19,20,21,22,23,24,25,26,27,28,29,30,31"
confirmation,exp12_search_edit_08,search_edit,paraphrase,1,paraphrase,0,opposite_same_wording,GENERATION_BOUNDARY,reader_all28_necessity,0.1328570321202278,30,4,"0,1,2,3,4,5,6,7,8,9,10,11,12,13,14,15,16,17,18,19,20,21,22,23,24,25,26,27,28,29,30,31"
confirmation,exp12_search_edit_08,search_edit,paraphrase,1,paraphrase,0,opposite_same_wording,GENERATION_BOUNDARY,reader_verified_v_effect,0.1328570321202278,30,4,
confirmation,exp12_search_edit_08,search_edit,paraphrase,1,paraphrase,0,opposite_same_wording,GENERATION_BOUNDARY,reader_leakage_ratio,0.0,30,4,
confirmation,exp12_search_edit_08,search_edit,direct,0,direct,1,direct_opposite_label,USER_END,direct_V_sufficiency,0.024911999702453613,30,4,
confirmation,exp12_search_edit_08,search_edit,direct,1,direct,0,direct_opposite_label,USER_END,direct_V_sufficiency,0.021185696125030518,30,4,
confirmation,exp12_search_edit_11,search_edit,canonical,0,canonical,1,opposite_same_wording,GENERATION_BOUNDARY,selected_V_sufficiency,0.12528938055038452,30,4,
confirmation,exp12_search_edit_11,search_edit,canonical,0,canonical,1,opposite_same_wording,GENERATION_BOUNDARY,selected_V_necessity_loss,0.2067946493625641,30,4,
confirmation,exp12_search_edit_11,search_edit,canonical,0,canonical,1,opposite_same_wording,GENERATION_BOUNDARY,cross_selected_V_sufficiency,0.1494123935699463,30,4,
confirmation,exp12_search_edit_11,search_edit,canonical,0,canonical,1,opposite_same_wording,GENERATION_BOUNDARY,same_state_selected_V_control,0.012458384037017822,30,4,
confirmation,exp12_search_edit_11,search_edit,canonical,0,canonical,1,opposite_same_wording,GENERATION_BOUNDARY,matched_negative_ISSUE_V_sufficiency,-0.0038478970527648926,30,4,
confirmation,exp12_search_edit_11,search_edit,canonical,0,canonical,1,opposite_same_wording,GENERATION_BOUNDARY,old_absolute_V_sufficiency,0.12386918067932129,30,4,
confirmation,exp12_search_edit_11,search_edit,canonical,0,canonical,1,opposite_same_wording,FINAL_INSTRUCTION_END,runner_up_V_sufficiency,0.0028399229049682617,30,4,
confirmation,exp12_search_edit_11,search_edit,canonical,0,canonical,1,opposite_same_wording,FINAL_INSTRUCTION_END,runner_up_V_necessity_loss,2.7078760862350464,30,4,
confirmation,exp12_search_edit_11,search_edit,canonical,0,canonical,1,opposite_same_wording,GENERATION_BOUNDARY,reader_target_pos_sufficiency,0.1464366912841797,30,4,"0,16,18"
confirmation,exp12_search_edit_11,search_edit,canonical,0,canonical,1,opposite_same_wording,GENERATION_BOUNDARY,reader_target_pos_necessity,0.14602267742156982,30,4,"0,16,18"
confirmation,exp12_search_edit_11,search_edit,canonical,0,canonical,1,opposite_same_wording,GENERATION_BOUNDARY,reader_negative_neg_sufficiency,-0.020733296871185303,30,4,"1,17,19"
confirmation,exp12_search_edit_11,search_edit,canonical,0,canonical,1,opposite_same_wording,GENERATION_BOUNDARY,reader_negative_neg_necessity,-0.021147310733795166,30,4,"1,17,19"
confirmation,exp12_search_edit_11,search_edit,canonical,0,canonical,1,opposite_same_wording,GENERATION_BOUNDARY,reader_non_set_sufficiency,0.0,30,4,"2,3,4,5,6,7,8,9,10,11,12,13,14,15,20,21,22,23,24,25,26,27,28,29,30,31"
confirmation,exp12_search_edit_11,search_edit,canonical,0,canonical,1,opposite_same_wording,GENERATION_BOUNDARY,reader_non_set_necessity,0.0,30,4,"2,3,4,5,6,7,8,9,10,11,12,13,14,15,20,21,22,23,24,25,26,27,28,29,30,31"
confirmation,exp12_search_edit_11,search_edit,canonical,0,canonical,1,opposite_same_wording,GENERATION_BOUNDARY,reader_all28_sufficiency,0.12528938055038452,30,4,"0,1,2,3,4,5,6,7,8,9,10,11,12,13,14,15,16,17,18,19,20,21,22,23,24,25,26,27,28,29,30,31"
confirmation,exp12_search_edit_11,search_edit,canonical,0,canonical,1,opposite_same_wording,GENERATION_BOUNDARY,reader_all28_necessity,0.12528938055038452,30,4,"0,1,2,3,4,5,6,7,8,9,10,11,12,13,14,15,16,17,18,19,20,21,22,23,24,25,26,27,28,29,30,31"
confirmation,exp12_search_edit_11,search_edit,canonical,0,canonical,1,opposite_same_wording,GENERATION_BOUNDARY,reader_verified_v_effect,0.12528938055038452,30,4,
confirmation,exp12_search_edit_11,search_edit,canonical,0,canonical,1,opposite_same_wording,GENERATION_BOUNDARY,reader_leakage_ratio,0.0,30,4,
confirmation,exp12_search_edit_11,search_edit,paraphrase,0,paraphrase,1,opposite_same_wording,GENERATION_BOUNDARY,selected_V_sufficiency,0.10851198434829712,30,4,
confirmation,exp12_search_edit_11,search_edit,paraphrase,0,paraphrase,1,opposite_same_wording,GENERATION_BOUNDARY,selected_V_necessity_loss,0.1497505158185959,30,4,
confirmation,exp12_search_edit_11,search_edit,paraphrase,0,paraphrase,1,opposite_same_wording,GENERATION_BOUNDARY,cross_selected_V_sufficiency,0.1037258505821228,30,4,
confirmation,exp12_search_edit_11,search_edit,paraphrase,0,paraphrase,1,opposite_same_wording,GENERATION_BOUNDARY,same_state_selected_V_control,-0.006563365459442139,30,4,
confirmation,exp12_search_edit_11,search_edit,paraphrase,0,paraphrase,1,opposite_same_wording,GENERATION_BOUNDARY,matched_negative_ISSUE_V_sufficiency,-0.001420527696609497,30,4,
confirmation,exp12_search_edit_11,search_edit,paraphrase,0,paraphrase,1,opposite_same_wording,GENERATION_BOUNDARY,old_absolute_V_sufficiency,0.10567086935043335,30,4,
confirmation,exp12_search_edit_11,search_edit,paraphrase,0,paraphrase,1,opposite_same_wording,FINAL_INSTRUCTION_END,runner_up_V_sufficiency,0.005315154790878296,30,4,
confirmation,exp12_search_edit_11,search_edit,paraphrase,0,paraphrase,1,opposite_same_wording,FINAL_INSTRUCTION_END,runner_up_V_necessity_loss,2.9080930352211,30,4,
confirmation,exp12_search_edit_11,search_edit,paraphrase,0,paraphrase,1,opposite_same_wording,GENERATION_BOUNDARY,reader_target_pos_sufficiency,0.14617186784744263,30,4,"0,16,18"
confirmation,exp12_search_edit_11,search_edit,paraphrase,0,paraphrase,1,opposite_same_wording,GENERATION_BOUNDARY,reader_target_pos_necessity,0.14367297291755676,30,4,"0,16,18"
confirmation,exp12_search_edit_11,search_edit,paraphrase,0,paraphrase,1,opposite_same_wording,GENERATION_BOUNDARY,reader_negative_neg_sufficiency,-0.035160988569259644,30,4,"1,17,19"
confirmation,exp12_search_edit_11,search_edit,paraphrase,0,paraphrase,1,opposite_same_wording,GENERATION_BOUNDARY,reader_negative_neg_necessity,-0.03765988349914551,30,4,"1,17,19"
confirmation,exp12_search_edit_11,search_edit,paraphrase,0,paraphrase,1,opposite_same_wording,GENERATION_BOUNDARY,reader_non_set_sufficiency,0.0,30,4,"2,3,4,5,6,7,8,9,10,11,12,13,14,15,20,21,22,23,24,25,26,27,28,29,30,31"
confirmation,exp12_search_edit_11,search_edit,paraphrase,0,paraphrase,1,opposite_same_wording,GENERATION_BOUNDARY,reader_non_set_necessity,0.0,30,4,"2,3,4,5,6,7,8,9,10,11,12,13,14,15,20,21,22,23,24,25,26,27,28,29,30,31"
confirmation,exp12_search_edit_11,search_edit,paraphrase,0,paraphrase,1,opposite_same_wording,GENERATION_BOUNDARY,reader_all28_sufficiency,0.10851198434829712,30,4,"0,1,2,3,4,5,6,7,8,9,10,11,12,13,14,15,16,17,18,19,20,21,22,23,24,25,26,27,28,29,30,31"
confirmation,exp12_search_edit_11,search_edit,paraphrase,0,paraphrase,1,opposite_same_wording,GENERATION_BOUNDARY,reader_all28_necessity,0.10851198434829712,30,4,"0,1,2,3,4,5,6,7,8,9,10,11,12,13,14,15,16,17,18,19,20,21,22,23,24,25,26,27,28,29,30,31"
confirmation,exp12_search_edit_11,search_edit,paraphrase,0,paraphrase,1,opposite_same_wording,GENERATION_BOUNDARY,reader_verified_v_effect,0.10851198434829712,30,4,
confirmation,exp12_search_edit_11,search_edit,paraphrase,0,paraphrase,1,opposite_same_wording,GENERATION_BOUNDARY,reader_leakage_ratio,0.0,30,4,
confirmation,exp12_search_edit_11,search_edit,canonical,1,canonical,0,opposite_same_wording,GENERATION_BOUNDARY,selected_V_sufficiency,0.18570992350578308,30,4,
confirmation,exp12_search_edit_11,search_edit,canonical,1,canonical,0,opposite_same_wording,GENERATION_BOUNDARY,selected_V_necessity_loss,0.11676985025405884,30,4,
confirmation,exp12_search_edit_11,search_edit,canonical,1,canonical,0,opposite_same_wording,GENERATION_BOUNDARY,cross_selected_V_sufficiency,0.1878356635570526,30,4,
confirmation,exp12_search_edit_11,search_edit,canonical,1,canonical,0,opposite_same_wording,GENERATION_BOUNDARY,same_state_selected_V_control,0.024890363216400146,30,4,
confirmation,exp12_search_edit_11,search_edit,canonical,1,canonical,0,opposite_same_wording,GENERATION_BOUNDARY,matched_negative_ISSUE_V_sufficiency,-0.0017377734184265137,30,4,
confirmation,exp12_search_edit_11,search_edit,canonical,1,canonical,0,opposite_same_wording,GENERATION_BOUNDARY,old_absolute_V_sufficiency,0.1774059534072876,30,4,
confirmation,exp12_search_edit_11,search_edit,canonical,1,canonical,0,opposite_same_wording,FINAL_INSTRUCTION_END,runner_up_V_sufficiency,0.005819424986839294,30,4,
confirmation,exp12_search_edit_11,search_edit,canonical,1,canonical,0,opposite_same_wording,FINAL_INSTRUCTION_END,runner_up_V_necessity_loss,2.5557786226272583,30,4,
confirmation,exp12_search_edit_11,search_edit,canonical,1,canonical,0,opposite_same_wording,GENERATION_BOUNDARY,reader_target_pos_sufficiency,0.2041243314743042,30,4,"0,16,18"
confirmation,exp12_search_edit_11,search_edit,canonical,1,canonical,0,opposite_same_wording,GENERATION_BOUNDARY,reader_target_pos_necessity,0.20344114303588867,30,4,"0,16,18"
confirmation,exp12_search_edit_11,search_edit,canonical,1,canonical,0,opposite_same_wording,GENERATION_BOUNDARY,reader_negative_neg_sufficiency,-0.01773121953010559,30,4,"1,17,19"
confirmation,exp12_search_edit_11,search_edit,canonical,1,canonical,0,opposite_same_wording,GENERATION_BOUNDARY,reader_negative_neg_necessity,-0.018414407968521118,30,4,"1,17,19"
confirmation,exp12_search_edit_11,search_edit,canonical,1,canonical,0,opposite_same_wording,GENERATION_BOUNDARY,reader_non_set_sufficiency,-0.0,30,4,"2,3,4,5,6,7,8,9,10,11,12,13,14,15,20,21,22,23,24,25,26,27,28,29,30,31"
confirmation,exp12_search_edit_11,search_edit,canonical,1,canonical,0,opposite_same_wording,GENERATION_BOUNDARY,reader_non_set_necessity,0.0,30,4,"2,3,4,5,6,7,8,9,10,11,12,13,14,15,20,21,22,23,24,25,26,27,28,29,30,31"
confirmation,exp12_search_edit_11,search_edit,canonical,1,canonical,0,opposite_same_wording,GENERATION_BOUNDARY,reader_all28_sufficiency,0.18570992350578308,30,4,"0,1,2,3,4,5,6,7,8,9,10,11,12,13,14,15,16,17,18,19,20,21,22,23,24,25,26,27,28,29,30,31"
confirmation,exp12_search_edit_11,search_edit,canonical,1,canonical,0,opposite_same_wording,GENERATION_BOUNDARY,reader_all28_necessity,0.18570992350578308,30,4,"0,1,2,3,4,5,6,7,8,9,10,11,12,13,14,15,16,17,18,19,20,21,22,23,24,25,26,27,28,29,30,31"
confirmation,exp12_search_edit_11,search_edit,canonical,1,canonical,0,opposite_same_wording,GENERATION_BOUNDARY,reader_verified_v_effect,0.18570992350578308,30,4,
confirmation,exp12_search_edit_11,search_edit,canonical,1,canonical,0,opposite_same_wording,GENERATION_BOUNDARY,reader_leakage_ratio,0.0,30,4,
confirmation,exp12_search_edit_11,search_edit,paraphrase,1,paraphrase,0,opposite_same_wording,GENERATION_BOUNDARY,selected_V_sufficiency,0.12788169085979462,30,4,
confirmation,exp12_search_edit_11,search_edit,paraphrase,1,paraphrase,0,opposite_same_wording,GENERATION_BOUNDARY,selected_V_necessity_loss,0.1126701831817627,30,4,
confirmation,exp12_search_edit_11,search_edit,paraphrase,1,paraphrase,0,opposite_same_wording,GENERATION_BOUNDARY,cross_selected_V_sufficiency,0.12180642783641815,30,4,
confirmation,exp12_search_edit_11,search_edit,paraphrase,1,paraphrase,0,opposite_same_wording,GENERATION_BOUNDARY,same_state_selected_V_control,-0.01179196685552597,30,4,
confirmation,exp12_search_edit_11,search_edit,paraphrase,1,paraphrase,0,opposite_same_wording,GENERATION_BOUNDARY,matched_negative_ISSUE_V_sufficiency,-0.00043404102325439453,30,4,
confirmation,exp12_search_edit_11,search_edit,paraphrase,1,paraphrase,0,opposite_same_wording,GENERATION_BOUNDARY,old_absolute_V_sufficiency,0.11597578227519989,30,4,
confirmation,exp12_search_edit_11,search_edit,paraphrase,1,paraphrase,0,opposite_same_wording,FINAL_INSTRUCTION_END,runner_up_V_sufficiency,0.003040313720703125,30,4,
confirmation,exp12_search_edit_11,search_edit,paraphrase,1,paraphrase,0,opposite_same_wording,FINAL_INSTRUCTION_END,runner_up_V_necessity_loss,2.745964363217354,30,4,
confirmation,exp12_search_edit_11,search_edit,paraphrase,1,paraphrase,0,opposite_same_wording,GENERATION_BOUNDARY,reader_target_pos_sufficiency,0.14927834272384644,30,4,"0,16,18"
confirmation,exp12_search_edit_11,search_edit,paraphrase,1,paraphrase,0,opposite_same_wording,GENERATION_BOUNDARY,reader_target_pos_necessity,0.164818175137043,30,4,"0,16,18"
confirmation,exp12_search_edit_11,search_edit,paraphrase,1,paraphrase,0,opposite_same_wording,GENERATION_BOUNDARY,reader_negative_neg_sufficiency,-0.03693648427724838,30,4,"1,17,19"
confirmation,exp12_search_edit_11,search_edit,paraphrase,1,paraphrase,0,opposite_same_wording,GENERATION_BOUNDARY,reader_negative_neg_necessity,-0.02139665186405182,30,4,"1,17,19"
confirmation,exp12_search_edit_11,search_edit,paraphrase,1,paraphrase,0,opposite_same_wording,GENERATION_BOUNDARY,reader_non_set_sufficiency,-0.0,30,4,"2,3,4,5,6,7,8,9,10,11,12,13,14,15,20,21,22,23,24,25,26,27,28,29,30,31"
confirmation,exp12_search_edit_11,search_edit,paraphrase,1,paraphrase,0,opposite_same_wording,GENERATION_BOUNDARY,reader_non_set_necessity,0.0,30,4,"2,3,4,5,6,7,8,9,10,11,12,13,14,15,20,21,22,23,24,25,26,27,28,29,30,31"
confirmation,exp12_search_edit_11,search_edit,paraphrase,1,paraphrase,0,opposite_same_wording,GENERATION_BOUNDARY,reader_all28_sufficiency,0.12788169085979462,30,4,"0,1,2,3,4,5,6,7,8,9,10,11,12,13,14,15,16,17,18,19,20,21,22,23,24,25,26,27,28,29,30,31"
confirmation,exp12_search_edit_11,search_edit,paraphrase,1,paraphrase,0,opposite_same_wording,GENERATION_BOUNDARY,reader_all28_necessity,0.12788169085979462,30,4,"0,1,2,3,4,5,6,7,8,9,10,11,12,13,14,15,16,17,18,19,20,21,22,23,24,25,26,27,28,29,30,31"
confirmation,exp12_search_edit_11,search_edit,paraphrase,1,paraphrase,0,opposite_same_wording,GENERATION_BOUNDARY,reader_verified_v_effect,0.12788169085979462,30,4,
confirmation,exp12_search_edit_11,search_edit,paraphrase,1,paraphrase,0,opposite_same_wording,GENERATION_BOUNDARY,reader_leakage_ratio,0.0,30,4,
confirmation,exp12_search_edit_11,search_edit,direct,0,direct,1,direct_opposite_label,USER_END,direct_V_sufficiency,0.021854758262634277,30,4,
confirmation,exp12_search_edit_11,search_edit,direct,1,direct,0,direct_opposite_label,USER_END,direct_V_sufficiency,0.023875176906585693,30,4,
confirmation,exp12_search_edit_14,search_edit,canonical,0,canonical,1,opposite_same_wording,GENERATION_BOUNDARY,selected_V_sufficiency,0.11771053075790405,30,4,
confirmation,exp12_search_edit_14,search_edit,canonical,0,canonical,1,opposite_same_wording,GENERATION_BOUNDARY,selected_V_necessity_loss,0.20783351361751556,30,4,
confirmation,exp12_search_edit_14,search_edit,canonical,0,canonical,1,opposite_same_wording,GENERATION_BOUNDARY,cross_selected_V_sufficiency,0.1418513059616089,30,4,
confirmation,exp12_search_edit_14,search_edit,canonical,0,canonical,1,opposite_same_wording,GENERATION_BOUNDARY,same_state_selected_V_control,0.004950463771820068,30,4,
confirmation,exp12_search_edit_14,search_edit,canonical,0,canonical,1,opposite_same_wording,GENERATION_BOUNDARY,matched_negative_ISSUE_V_sufficiency,0.0077790021896362305,30,4,
confirmation,exp12_search_edit_14,search_edit,canonical,0,canonical,1,opposite_same_wording,GENERATION_BOUNDARY,old_absolute_V_sufficiency,0.11626958847045898,30,4,
confirmation,exp12_search_edit_14,search_edit,canonical,0,canonical,1,opposite_same_wording,FINAL_INSTRUCTION_END,runner_up_V_sufficiency,0.0028415918350219727,30,4,
confirmation,exp12_search_edit_14,search_edit,canonical,0,canonical,1,opposite_same_wording,FINAL_INSTRUCTION_END,runner_up_V_necessity_loss,2.9792665988206863,30,4,
confirmation,exp12_search_edit_14,search_edit,canonical,0,canonical,1,opposite_same_wording,GENERATION_BOUNDARY,reader_target_pos_sufficiency,0.1446847915649414,30,4,"0,16,18"
confirmation,exp12_search_edit_14,search_edit,canonical,0,canonical,1,opposite_same_wording,GENERATION_BOUNDARY,reader_target_pos_necessity,0.12905138731002808,30,4,"0,16,18"
confirmation,exp12_search_edit_14,search_edit,canonical,0,canonical,1,opposite_same_wording,GENERATION_BOUNDARY,reader_negative_neg_sufficiency,-0.011340856552124023,30,4,"1,17,19"
confirmation,exp12_search_edit_14,search_edit,canonical,0,canonical,1,opposite_same_wording,GENERATION_BOUNDARY,reader_negative_neg_necessity,-0.026974260807037354,30,4,"1,17,19"
confirmation,exp12_search_edit_14,search_edit,canonical,0,canonical,1,opposite_same_wording,GENERATION_BOUNDARY,reader_non_set_sufficiency,0.0,30,4,"2,3,4,5,6,7,8,9,10,11,12,13,14,15,20,21,22,23,24,25,26,27,28,29,30,31"
confirmation,exp12_search_edit_14,search_edit,canonical,0,canonical,1,opposite_same_wording,GENERATION_BOUNDARY,reader_non_set_necessity,0.0,30,4,"2,3,4,5,6,7,8,9,10,11,12,13,14,15,20,21,22,23,24,25,26,27,28,29,30,31"
confirmation,exp12_search_edit_14,search_edit,canonical,0,canonical,1,opposite_same_wording,GENERATION_BOUNDARY,reader_all28_sufficiency,0.11771053075790405,30,4,"0,1,2,3,4,5,6,7,8,9,10,11,12,13,14,15,16,17,18,19,20,21,22,23,24,25,26,27,28,29,30,31"
confirmation,exp12_search_edit_14,search_edit,canonical,0,canonical,1,opposite_same_wording,GENERATION_BOUNDARY,reader_all28_necessity,0.11771053075790405,30,4,"0,1,2,3,4,5,6,7,8,9,10,11,12,13,14,15,16,17,18,19,20,21,22,23,24,25,26,27,28,29,30,31"
confirmation,exp12_search_edit_14,search_edit,canonical,0,canonical,1,opposite_same_wording,GENERATION_BOUNDARY,reader_verified_v_effect,0.11771053075790405,30,4,
confirmation,exp12_search_edit_14,search_edit,canonical,0,canonical,1,opposite_same_wording,GENERATION_BOUNDARY,reader_leakage_ratio,0.0,30,4,
confirmation,exp12_search_edit_14,search_edit,paraphrase,0,paraphrase,1,opposite_same_wording,GENERATION_BOUNDARY,selected_V_sufficiency,0.10635003447532654,30,4,
confirmation,exp12_search_edit_14,search_edit,paraphrase,0,paraphrase,1,opposite_same_wording,GENERATION_BOUNDARY,selected_V_necessity_loss,0.1812450811266899,30,4,
confirmation,exp12_search_edit_14,search_edit,paraphrase,0,paraphrase,1,opposite_same_wording,GENERATION_BOUNDARY,cross_selected_V_sufficiency,0.09214594960212708,30,4,
confirmation,exp12_search_edit_14,search_edit,paraphrase,0,paraphrase,1,opposite_same_wording,GENERATION_BOUNDARY,same_state_selected_V_control,4.76837158203125e-07,30,4,
confirmation,exp12_search_edit_14,search_edit,paraphrase,0,paraphrase,1,opposite_same_wording,GENERATION_BOUNDARY,matched_negative_ISSUE_V_sufficiency,-0.007759511470794678,30,4,
confirmation,exp12_search_edit_14,search_edit,paraphrase,0,paraphrase,1,opposite_same_wording,GENERATION_BOUNDARY,old_absolute_V_sufficiency,0.10493287444114685,30,4,
confirmation,exp12_search_edit_14,search_edit,paraphrase,0,paraphrase,1,opposite_same_wording,FINAL_INSTRUCTION_END,runner_up_V_sufficiency,0.0042607784271240234,30,4,
confirmation,exp12_search_edit_14,search_edit,paraphrase,0,paraphrase,1,opposite_same_wording,FINAL_INSTRUCTION_END,runner_up_V_necessity_loss,3.032002605497837,30,4,
confirmation,exp12_search_edit_14,search_edit,paraphrase,0,paraphrase,1,opposite_same_wording,GENERATION_BOUNDARY,reader_target_pos_sufficiency,0.13401547074317932,30,4,"0,16,18"
confirmation,exp12_search_edit_14,search_edit,paraphrase,0,paraphrase,1,opposite_same_wording,GENERATION_BOUNDARY,reader_target_pos_necessity,0.13115441799163818,30,4,"0,16,18"
confirmation,exp12_search_edit_14,search_edit,paraphrase,0,paraphrase,1,opposite_same_wording,GENERATION_BOUNDARY,reader_negative_neg_sufficiency,-0.024804383516311646,30,4,"1,17,19"
confirmation,exp12_search_edit_14,search_edit,paraphrase,0,paraphrase,1,opposite_same_wording,GENERATION_BOUNDARY,reader_negative_neg_necessity,-0.027665436267852783,30,4,"1,17,19"
confirmation,exp12_search_edit_14,search_edit,paraphrase,0,paraphrase,1,opposite_same_wording,GENERATION_BOUNDARY,reader_non_set_sufficiency,0.0,30,4,"2,3,4,5,6,7,8,9,10,11,12,13,14,15,20,21,22,23,24,25,26,27,28,29,30,31"
confirmation,exp12_search_edit_14,search_edit,paraphrase,0,paraphrase,1,opposite_same_wording,GENERATION_BOUNDARY,reader_non_set_necessity,0.0,30,4,"2,3,4,5,6,7,8,9,10,11,12,13,14,15,20,21,22,23,24,25,26,27,28,29,30,31"
confirmation,exp12_search_edit_14,search_edit,paraphrase,0,paraphrase,1,opposite_same_wording,GENERATION_BOUNDARY,reader_all28_sufficiency,0.10635003447532654,30,4,"0,1,2,3,4,5,6,7,8,9,10,11,12,13,14,15,16,17,18,19,20,21,22,23,24,25,26,27,28,29,30,31"
confirmation,exp12_search_edit_14,search_edit,paraphrase,0,paraphrase,1,opposite_same_wording,GENERATION_BOUNDARY,reader_all28_necessity,0.10635003447532654,30,4,"0,1,2,3,4,5,6,7,8,9,10,11,12,13,14,15,16,17,18,19,20,21,22,23,24,25,26,27,28,29,30,31"
confirmation,exp12_search_edit_14,search_edit,paraphrase,0,paraphrase,1,opposite_same_wording,GENERATION_BOUNDARY,reader_verified_v_effect,0.10635003447532654,30,4,
confirmation,exp12_search_edit_14,search_edit,paraphrase,0,paraphrase,1,opposite_same_wording,GENERATION_BOUNDARY,reader_leakage_ratio,0.0,30,4,
confirmation,exp12_search_edit_14,search_edit,canonical,1,canonical,0,opposite_same_wording,GENERATION_BOUNDARY,selected_V_sufficiency,0.18780142068862915,30,4,
confirmation,exp12_search_edit_14,search_edit,canonical,1,canonical,0,opposite_same_wording,GENERATION_BOUNDARY,selected_V_necessity_loss,0.10430914163589478,30,4,
confirmation,exp12_search_edit_14,search_edit,canonical,1,canonical,0,opposite_same_wording,GENERATION_BOUNDARY,cross_selected_V_sufficiency,0.19084227085113525,30,4,
confirmation,exp12_search_edit_14,search_edit,canonical,1,canonical,0,opposite_same_wording,GENERATION_BOUNDARY,same_state_selected_V_control,0.02828042209148407,30,4,
confirmation,exp12_search_edit_14,search_edit,canonical,1,canonical,0,opposite_same_wording,GENERATION_BOUNDARY,matched_negative_ISSUE_V_sufficiency,0.006964564323425293,30,4,
confirmation,exp12_search_edit_14,search_edit,canonical,1,canonical,0,opposite_same_wording,GENERATION_BOUNDARY,old_absolute_V_sufficiency,0.18207892775535583,30,4,
confirmation,exp12_search_edit_14,search_edit,canonical,1,canonical,0,opposite_same_wording,FINAL_INSTRUCTION_END,runner_up_V_sufficiency,0.0006347745656967163,30,4,
confirmation,exp12_search_edit_14,search_edit,canonical,1,canonical,0,opposite_same_wording,FINAL_INSTRUCTION_END,runner_up_V_necessity_loss,2.8251141905784607,30,4,
confirmation,exp12_search_edit_14,search_edit,canonical,1,canonical,0,opposite_same_wording,GENERATION_BOUNDARY,reader_target_pos_sufficiency,0.213901549577713,30,4,"0,16,18"
confirmation,exp12_search_edit_14,search_edit,canonical,1,canonical,0,opposite_same_wording,GENERATION_BOUNDARY,reader_target_pos_necessity,0.20759174227714539,30,4,"0,16,18"
confirmation,exp12_search_edit_14,search_edit,canonical,1,canonical,0,opposite_same_wording,GENERATION_BOUNDARY,reader_negative_neg_sufficiency,-0.019790321588516235,30,4,"1,17,19"
confirmation,exp12_search_edit_14,search_edit,canonical,1,canonical,0,opposite_same_wording,GENERATION_BOUNDARY,reader_negative_neg_necessity,-0.026100128889083862,30,4,"1,17,19"
confirmation,exp12_search_edit_14,search_edit,canonical,1,canonical,0,opposite_same_wording,GENERATION_BOUNDARY,reader_non_set_sufficiency,-0.0,30,4,"2,3,4,5,6,7,8,9,10,11,12,13,14,15,20,21,22,23,24,25,26,27,28,29,30,31"
confirmation,exp12_search_edit_14,search_edit,canonical,1,canonical,0,opposite_same_wording,GENERATION_BOUNDARY,reader_non_set_necessity,0.0,30,4,"2,3,4,5,6,7,8,9,10,11,12,13,14,15,20,21,22,23,24,25,26,27,28,29,30,31"
confirmation,exp12_search_edit_14,search_edit,canonical,1,canonical,0,opposite_same_wording,GENERATION_BOUNDARY,reader_all28_sufficiency,0.18780142068862915,30,4,"0,1,2,3,4,5,6,7,8,9,10,11,12,13,14,15,16,17,18,19,20,21,22,23,24,25,26,27,28,29,30,31"
confirmation,exp12_search_edit_14,search_edit,canonical,1,canonical,0,opposite_same_wording,GENERATION_BOUNDARY,reader_all28_necessity,0.18780142068862915,30,4,"0,1,2,3,4,5,6,7,8,9,10,11,12,13,14,15,16,17,18,19,20,21,22,23,24,25,26,27,28,29,30,31"
confirmation,exp12_search_edit_14,search_edit,canonical,1,canonical,0,opposite_same_wording,GENERATION_BOUNDARY,reader_verified_v_effect,0.18780142068862915,30,4,
confirmation,exp12_search_edit_14,search_edit,canonical,1,canonical,0,opposite_same_wording,GENERATION_BOUNDARY,reader_leakage_ratio,0.0,30,4,
confirmation,exp12_search_edit_14,search_edit,paraphrase,1,paraphrase,0,opposite_same_wording,GENERATION_BOUNDARY,selected_V_sufficiency,0.14885298162698746,30,4,
confirmation,exp12_search_edit_14,search_edit,paraphrase,1,paraphrase,0,opposite_same_wording,GENERATION_BOUNDARY,selected_V_necessity_loss,0.10573387145996094,30,4,
confirmation,exp12_search_edit_14,search_edit,paraphrase,1,paraphrase,0,opposite_same_wording,GENERATION_BOUNDARY,cross_selected_V_sufficiency,0.14104881882667542,30,4,
confirmation,exp12_search_edit_14,search_edit,paraphrase,1,paraphrase,0,opposite_same_wording,GENERATION_BOUNDARY,same_state_selected_V_control,-0.02533169463276863,30,4,
confirmation,exp12_search_edit_14,search_edit,paraphrase,1,paraphrase,0,opposite_same_wording,GENERATION_BOUNDARY,matched_negative_ISSUE_V_sufficiency,8.865073323249817e-05,30,4,
confirmation,exp12_search_edit_14,search_edit,paraphrase,1,paraphrase,0,opposite_same_wording,GENERATION_BOUNDARY,old_absolute_V_sufficiency,0.1488531306385994,30,4,
confirmation,exp12_search_edit_14,search_edit,paraphrase,1,paraphrase,0,opposite_same_wording,FINAL_INSTRUCTION_END,runner_up_V_sufficiency,0.001954980194568634,30,4,
confirmation,exp12_search_edit_14,search_edit,paraphrase,1,paraphrase,0,opposite_same_wording,FINAL_INSTRUCTION_END,runner_up_V_necessity_loss,2.9077588245272636,30,4,
confirmation,exp12_search_edit_14,search_edit,paraphrase,1,paraphrase,0,opposite_same_wording,GENERATION_BOUNDARY,reader_target_pos_sufficiency,0.1884627565741539,30,4,"0,16,18"
confirmation,exp12_search_edit_14,search_edit,paraphrase,1,paraphrase,0,opposite_same_wording,GENERATION_BOUNDARY,reader_target_pos_necessity,0.1748911738395691,30,4,"0,16,18"
confirmation,exp12_search_edit_14,search_edit,paraphrase,1,paraphrase,0,opposite_same_wording,GENERATION_BOUNDARY,reader_negative_neg_sufficiency,-0.026038192212581635,30,4,"1,17,19"
confirmation,exp12_search_edit_14,search_edit,paraphrase,1,paraphrase,0,opposite_same_wording,GENERATION_BOUNDARY,reader_negative_neg_necessity,-0.03960977494716644,30,4,"1,17,19"
confirmation,exp12_search_edit_14,search_edit,paraphrase,1,paraphrase,0,opposite_same_wording,GENERATION_BOUNDARY,reader_non_set_sufficiency,-0.0,30,4,"2,3,4,5,6,7,8,9,10,11,12,13,14,15,20,21,22,23,24,25,26,27,28,29,30,31"
confirmation,exp12_search_edit_14,search_edit,paraphrase,1,paraphrase,0,opposite_same_wording,GENERATION_BOUNDARY,reader_non_set_necessity,0.0,30,4,"2,3,4,5,6,7,8,9,10,11,12,13,14,15,20,21,22,23,24,25,26,27,28,29,30,31"
confirmation,exp12_search_edit_14,search_edit,paraphrase,1,paraphrase,0,opposite_same_wording,GENERATION_BOUNDARY,reader_all28_sufficiency,0.14885298162698746,30,4,"0,1,2,3,4,5,6,7,8,9,10,11,12,13,14,15,16,17,18,19,20,21,22,23,24,25,26,27,28,29,30,31"
confirmation,exp12_search_edit_14,search_edit,paraphrase,1,paraphrase,0,opposite_same_wording,GENERATION_BOUNDARY,reader_all28_necessity,0.14885298162698746,30,4,"0,1,2,3,4,5,6,7,8,9,10,11,12,13,14,15,16,17,18,19,20,21,22,23,24,25,26,27,28,29,30,31"
confirmation,exp12_search_edit_14,search_edit,paraphrase,1,paraphrase,0,opposite_same_wording,GENERATION_BOUNDARY,reader_verified_v_effect,0.14885298162698746,30,4,
confirmation,exp12_search_edit_14,search_edit,paraphrase,1,paraphrase,0,opposite_same_wording,GENERATION_BOUNDARY,reader_leakage_ratio,0.0,30,4,
confirmation,exp12_search_edit_14,search_edit,direct,0,direct,1,direct_opposite_label,USER_END,direct_V_sufficiency,0.029820919036865234,30,4,
confirmation,exp12_search_edit_14,search_edit,direct,1,direct,0,direct_opposite_label,USER_END,direct_V_sufficiency,0.015623509883880615,30,4,
confirmation,exp12_config_command_00,config_command,canonical,0,canonical,1,opposite_same_wording,GENERATION_BOUNDARY,selected_V_sufficiency,0.10090139508247375,30,4,
confirmation,exp12_config_command_00,config_command,canonical,0,canonical,1,opposite_same_wording,GENERATION_BOUNDARY,selected_V_necessity_loss,0.1196201741695404,30,4,
confirmation,exp12_config_command_00,config_command,canonical,0,canonical,1,opposite_same_wording,GENERATION_BOUNDARY,cross_selected_V_sufficiency,0.02843824028968811,30,4,
confirmation,exp12_config_command_00,config_command,canonical,0,canonical,1,opposite_same_wording,GENERATION_BOUNDARY,same_state_selected_V_control,-0.006372332572937012,30,4,
confirmation,exp12_config_command_00,config_command,canonical,0,canonical,1,opposite_same_wording,GENERATION_BOUNDARY,matched_negative_ISSUE_V_sufficiency,-0.0013496577739715576,30,4,
confirmation,exp12_config_command_00,config_command,canonical,0,canonical,1,opposite_same_wording,GENERATION_BOUNDARY,old_absolute_V_sufficiency,0.09547808766365051,30,4,
confirmation,exp12_config_command_00,config_command,canonical,0,canonical,1,opposite_same_wording,SYSTEM_END,runner_up_V_sufficiency,0.004852563142776489,30,4,
confirmation,exp12_config_command_00,config_command,canonical,0,canonical,1,opposite_same_wording,SYSTEM_END,runner_up_V_necessity_loss,2.242825210094452,30,4,
confirmation,exp12_config_command_00,config_command,canonical,0,canonical,1,opposite_same_wording,GENERATION_BOUNDARY,reader_target_pos_sufficiency,0.11936977505683899,30,4,"0,16,18"
confirmation,exp12_config_command_00,config_command,canonical,0,canonical,1,opposite_same_wording,GENERATION_BOUNDARY,reader_target_pos_necessity,0.11594238877296448,30,4,"0,16,18"
confirmation,exp12_config_command_00,config_command,canonical,0,canonical,1,opposite_same_wording,GENERATION_BOUNDARY,reader_negative_neg_sufficiency,-0.015040993690490723,30,4,"1,17,19"
confirmation,exp12_config_command_00,config_command,canonical,0,canonical,1,opposite_same_wording,GENERATION_BOUNDARY,reader_negative_neg_necessity,-0.018468379974365234,30,4,"1,17,19"
confirmation,exp12_config_command_00,config_command,canonical,0,canonical,1,opposite_same_wording,GENERATION_BOUNDARY,reader_non_set_sufficiency,0.0,30,4,"2,3,4,5,6,7,8,9,10,11,12,13,14,15,20,21,22,23,24,25,26,27,28,29,30,31"
confirmation,exp12_config_command_00,config_command,canonical,0,canonical,1,opposite_same_wording,GENERATION_BOUNDARY,reader_non_set_necessity,0.0,30,4,"2,3,4,5,6,7,8,9,10,11,12,13,14,15,20,21,22,23,24,25,26,27,28,29,30,31"
confirmation,exp12_config_command_00,config_command,canonical,0,canonical,1,opposite_same_wording,GENERATION_BOUNDARY,reader_all28_sufficiency,0.10090139508247375,30,4,"0,1,2,3,4,5,6,7,8,9,10,11,12,13,14,15,16,17,18,19,20,21,22,23,24,25,26,27,28,29,30,31"
confirmation,exp12_config_command_00,config_command,canonical,0,canonical,1,opposite_same_wording,GENERATION_BOUNDARY,reader_all28_necessity,0.10090139508247375,30,4,"0,1,2,3,4,5,6,7,8,9,10,11,12,13,14,15,16,17,18,19,20,21,22,23,24,25,26,27,28,29,30,31"
confirmation,exp12_config_command_00,config_command,canonical,0,canonical,1,opposite_same_wording,GENERATION_BOUNDARY,reader_verified_v_effect,0.10090139508247375,30,4,
confirmation,exp12_config_command_00,config_command,canonical,0,canonical,1,opposite_same_wording,GENERATION_BOUNDARY,reader_leakage_ratio,0.0,30,4,
confirmation,exp12_config_command_00,config_command,paraphrase,0,paraphrase,1,opposite_same_wording,GENERATION_BOUNDARY,selected_V_sufficiency,0.03036758303642273,30,4,
confirmation,exp12_config_command_00,config_command,paraphrase,0,paraphrase,1,opposite_same_wording,GENERATION_BOUNDARY,selected_V_necessity_loss,0.05054938793182373,30,4,
confirmation,exp12_config_command_00,config_command,paraphrase,0,paraphrase,1,opposite_same_wording,GENERATION_BOUNDARY,cross_selected_V_sufficiency,0.12217965722084045,30,4,
confirmation,exp12_config_command_00,config_command,paraphrase,0,paraphrase,1,opposite_same_wording,GENERATION_BOUNDARY,same_state_selected_V_control,0.012001067399978638,30,4,
confirmation,exp12_config_command_00,config_command,paraphrase,0,paraphrase,1,opposite_same_wording,GENERATION_BOUNDARY,matched_negative_ISSUE_V_sufficiency,0.0014999210834503174,30,4,
confirmation,exp12_config_command_00,config_command,paraphrase,0,paraphrase,1,opposite_same_wording,GENERATION_BOUNDARY,old_absolute_V_sufficiency,0.02231919765472412,30,4,
confirmation,exp12_config_command_00,config_command,paraphrase,0,paraphrase,1,opposite_same_wording,FINAL_INSTRUCTION_END,runner_up_V_sufficiency,0.004503488540649414,30,4,
confirmation,exp12_config_command_00,config_command,paraphrase,0,paraphrase,1,opposite_same_wording,FINAL_INSTRUCTION_END,runner_up_V_necessity_loss,0.3475555181503296,30,4,
confirmation,exp12_config_command_00,config_command,paraphrase,0,paraphrase,1,opposite_same_wording,GENERATION_BOUNDARY,reader_target_pos_sufficiency,0.03359225392341614,30,4,"0,16,18"
confirmation,exp12_config_command_00,config_command,paraphrase,0,paraphrase,1,opposite_same_wording,GENERATION_BOUNDARY,reader_target_pos_necessity,0.03249898552894592,30,4,"0,16,18"
confirmation,exp12_config_command_00,config_command,paraphrase,0,paraphrase,1,opposite_same_wording,GENERATION_BOUNDARY,reader_negative_neg_sufficiency,-0.0021314024925231934,30,4,"1,17,19"
confirmation,exp12_config_command_00,config_command,paraphrase,0,paraphrase,1,opposite_same_wording,GENERATION_BOUNDARY,reader_negative_neg_necessity,-0.003224670886993408,30,4,"1,17,19"
confirmation,exp12_config_command_00,config_command,paraphrase,0,paraphrase,1,opposite_same_wording,GENERATION_BOUNDARY,reader_non_set_sufficiency,0.0,30,4,"2,3,4,5,6,7,8,9,10,11,12,13,14,15,20,21,22,23,24,25,26,27,28,29,30,31"
confirmation,exp12_config_command_00,config_command,paraphrase,0,paraphrase,1,opposite_same_wording,GENERATION_BOUNDARY,reader_non_set_necessity,0.0,30,4,"2,3,4,5,6,7,8,9,10,11,12,13,14,15,20,21,22,23,24,25,26,27,28,29,30,31"
confirmation,exp12_config_command_00,config_command,paraphrase,0,paraphrase,1,opposite_same_wording,GENERATION_BOUNDARY,reader_all28_sufficiency,0.03036758303642273,30,4,"0,1,2,3,4,5,6,7,8,9,10,11,12,13,14,15,16,17,18,19,20,21,22,23,24,25,26,27,28,29,30,31"
confirmation,exp12_config_command_00,config_command,paraphrase,0,paraphrase,1,opposite_same_wording,GENERATION_BOUNDARY,reader_all28_necessity,0.03036758303642273,30,4,"0,1,2,3,4,5,6,7,8,9,10,11,12,13,14,15,16,17,18,19,20,21,22,23,24,25,26,27,28,29,30,31"
confirmation,exp12_config_command_00,config_command,paraphrase,0,paraphrase,1,opposite_same_wording,GENERATION_BOUNDARY,reader_verified_v_effect,0.03036758303642273,30,4,
confirmation,exp12_config_command_00,config_command,paraphrase,0,paraphrase,1,opposite_same_wording,GENERATION_BOUNDARY,reader_leakage_ratio,0.0,30,4,
confirmation,exp12_config_command_00,config_command,canonical,1,canonical,0,opposite_same_wording,GENERATION_BOUNDARY,selected_V_sufficiency,0.07566853612661362,30,4,
confirmation,exp12_config_command_00,config_command,canonical,1,canonical,0,opposite_same_wording,GENERATION_BOUNDARY,selected_V_necessity_loss,0.10712391138076782,30,4,
confirmation,exp12_config_command_00,config_command,canonical,1,canonical,0,opposite_same_wording,GENERATION_BOUNDARY,cross_selected_V_sufficiency,0.07277705520391464,30,4,
confirmation,exp12_config_command_00,config_command,canonical,1,canonical,0,opposite_same_wording,GENERATION_BOUNDARY,same_state_selected_V_control,-0.05407417565584183,30,4,
confirmation,exp12_config_command_00,config_command,canonical,1,canonical,0,opposite_same_wording,GENERATION_BOUNDARY,matched_negative_ISSUE_V_sufficiency,-0.004641018807888031,30,4,
confirmation,exp12_config_command_00,config_command,canonical,1,canonical,0,opposite_same_wording,GENERATION_BOUNDARY,old_absolute_V_sufficiency,0.07636893540620804,30,4,
confirmation,exp12_config_command_00,config_command,canonical,1,canonical,0,opposite_same_wording,SYSTEM_END,runner_up_V_sufficiency,0.002351522445678711,30,4,
confirmation,exp12_config_command_00,config_command,canonical,1,canonical,0,opposite_same_wording,SYSTEM_END,runner_up_V_necessity_loss,2.1480040475726128,30,4,
confirmation,exp12_config_command_00,config_command,canonical,1,canonical,0,opposite_same_wording,GENERATION_BOUNDARY,reader_target_pos_sufficiency,0.07777688652276993,30,4,"0,16,18"
confirmation,exp12_config_command_00,config_command,canonical,1,canonical,0,opposite_same_wording,GENERATION_BOUNDARY,reader_target_pos_necessity,0.07924564927816391,30,4,"0,16,18"
confirmation,exp12_config_command_00,config_command,canonical,1,canonical,0,opposite_same_wording,GENERATION_BOUNDARY,reader_negative_neg_sufficiency,-0.003577113151550293,30,4,"1,17,19"
confirmation,exp12_config_command_00,config_command,canonical,1,canonical,0,opposite_same_wording,GENERATION_BOUNDARY,reader_negative_neg_necessity,-0.002108350396156311,30,4,"1,17,19"
confirmation,exp12_config_command_00,config_command,canonical,1,canonical,0,opposite_same_wording,GENERATION_BOUNDARY,reader_non_set_sufficiency,-0.0,30,4,"2,3,4,5,6,7,8,9,10,11,12,13,14,15,20,21,22,23,24,25,26,27,28,29,30,31"
confirmation,exp12_config_command_00,config_command,canonical,1,canonical,0,opposite_same_wording,GENERATION_BOUNDARY,reader_non_set_necessity,0.0,30,4,"2,3,4,5,6,7,8,9,10,11,12,13,14,15,20,21,22,23,24,25,26,27,28,29,30,31"
confirmation,exp12_config_command_00,config_command,canonical,1,canonical,0,opposite_same_wording,GENERATION_BOUNDARY,reader_all28_sufficiency,0.07566853612661362,30,4,"0,1,2,3,4,5,6,7,8,9,10,11,12,13,14,15,16,17,18,19,20,21,22,23,24,25,26,27,28,29,30,31"
confirmation,exp12_config_command_00,config_command,canonical,1,canonical,0,opposite_same_wording,GENERATION_BOUNDARY,reader_all28_necessity,0.07566853612661362,30,4,"0,1,2,3,4,5,6,7,8,9,10,11,12,13,14,15,16,17,18,19,20,21,22,23,24,25,26,27,28,29,30,31"
confirmation,exp12_config_command_00,config_command,canonical,1,canonical,0,opposite_same_wording,GENERATION_BOUNDARY,reader_verified_v_effect,0.07566853612661362,30,4,
confirmation,exp12_config_command_00,config_command,canonical,1,canonical,0,opposite_same_wording,GENERATION_BOUNDARY,reader_leakage_ratio,0.0,30,4,
confirmation,exp12_config_command_00,config_command,paraphrase,1,paraphrase,0,opposite_same_wording,GENERATION_BOUNDARY,selected_V_sufficiency,0.04619556665420532,30,4,
confirmation,exp12_config_command_00,config_command,paraphrase,1,paraphrase,0,opposite_same_wording,GENERATION_BOUNDARY,selected_V_necessity_loss,0.026086628437042236,30,4,
confirmation,exp12_config_command_00,config_command,paraphrase,1,paraphrase,0,opposite_same_wording,GENERATION_BOUNDARY,cross_selected_V_sufficiency,0.06374096870422363,30,4,
confirmation,exp12_config_command_00,config_command,paraphrase,1,paraphrase,0,opposite_same_wording,GENERATION_BOUNDARY,same_state_selected_V_control,0.1132550835609436,30,4,
confirmation,exp12_config_command_00,config_command,paraphrase,1,paraphrase,0,opposite_same_wording,GENERATION_BOUNDARY,matched_negative_ISSUE_V_sufficiency,-4.8041343688964844e-05,30,4,
confirmation,exp12_config_command_00,config_command,paraphrase,1,paraphrase,0,opposite_same_wording,GENERATION_BOUNDARY,old_absolute_V_sufficiency,0.0507853627204895,30,4,
confirmation,exp12_config_command_00,config_command,paraphrase,1,paraphrase,0,opposite_same_wording,FINAL_INSTRUCTION_END,runner_up_V_sufficiency,0.005647242069244385,30,4,
confirmation,exp12_config_command_00,config_command,paraphrase,1,paraphrase,0,opposite_same_wording,FINAL_INSTRUCTION_END,runner_up_V_necessity_loss,0.40451228618621826,30,4,
confirmation,exp12_config_command_00,config_command,paraphrase,1,paraphrase,0,opposite_same_wording,GENERATION_BOUNDARY,reader_target_pos_sufficiency,0.04707777500152588,30,4,"0,16,18"
confirmation,exp12_config_command_00,config_command,paraphrase,1,paraphrase,0,opposite_same_wording,GENERATION_BOUNDARY,reader_target_pos_necessity,0.051043808460235596,30,4,"0,16,18"
confirmation,exp12_config_command_00,config_command,paraphrase,1,paraphrase,0,opposite_same_wording,GENERATION_BOUNDARY,reader_negative_neg_sufficiency,-0.0048482418060302734,30,4,"1,17,19"
confirmation,exp12_config_command_00,config_command,paraphrase,1,paraphrase,0,opposite_same_wording,GENERATION_BOUNDARY,reader_negative_neg_necessity,-0.0008822083473205566,30,4,"1,17,19"
confirmation,exp12_config_command_00,config_command,paraphrase,1,paraphrase,0,opposite_same_wording,GENERATION_BOUNDARY,reader_non_set_sufficiency,-0.0,30,4,"2,3,4,5,6,7,8,9,10,11,12,13,14,15,20,21,22,23,24,25,26,27,28,29,30,31"
confirmation,exp12_config_command_00,config_command,paraphrase,1,paraphrase,0,opposite_same_wording,GENERATION_BOUNDARY,reader_non_set_necessity,0.0,30,4,"2,3,4,5,6,7,8,9,10,11,12,13,14,15,20,21,22,23,24,25,26,27,28,29,30,31"
confirmation,exp12_config_command_00,config_command,paraphrase,1,paraphrase,0,opposite_same_wording,GENERATION_BOUNDARY,reader_all28_sufficiency,0.04619556665420532,30,4,"0,1,2,3,4,5,6,7,8,9,10,11,12,13,14,15,16,17,18,19,20,21,22,23,24,25,26,27,28,29,30,31"
confirmation,exp12_config_command_00,config_command,paraphrase,1,paraphrase,0,opposite_same_wording,GENERATION_BOUNDARY,reader_all28_necessity,0.04619556665420532,30,4,"0,1,2,3,4,5,6,7,8,9,10,11,12,13,14,15,16,17,18,19,20,21,22,23,24,25,26,27,28,29,30,31"
confirmation,exp12_config_command_00,config_command,paraphrase,1,paraphrase,0,opposite_same_wording,GENERATION_BOUNDARY,reader_verified_v_effect,0.04619556665420532,30,4,
confirmation,exp12_config_command_00,config_command,paraphrase,1,paraphrase,0,opposite_same_wording,GENERATION_BOUNDARY,reader_leakage_ratio,0.0,30,4,
confirmation,exp12_config_command_00,config_command,direct,0,direct,1,direct_opposite_label,USER_END,direct_V_sufficiency,0.02703326940536499,30,4,
confirmation,exp12_config_command_00,config_command,direct,1,direct,0,direct_opposite_label,USER_END,direct_V_sufficiency,0.012649431824684143,30,4,
confirmation,exp12_config_command_01,config_command,canonical,0,canonical,1,opposite_same_wording,GENERATION_BOUNDARY,selected_V_sufficiency,0.12287846207618713,30,4,
confirmation,exp12_config_command_01,config_command,canonical,0,canonical,1,opposite_same_wording,GENERATION_BOUNDARY,selected_V_necessity_loss,0.11322866380214691,30,4,
confirmation,exp12_config_command_01,config_command,canonical,0,canonical,1,opposite_same_wording,GENERATION_BOUNDARY,cross_selected_V_sufficiency,0.11839991807937622,30,4,
confirmation,exp12_config_command_01,config_command,canonical,0,canonical,1,opposite_same_wording,GENERATION_BOUNDARY,same_state_selected_V_control,-0.00917556881904602,30,4,
confirmation,exp12_config_command_01,config_command,canonical,0,canonical,1,opposite_same_wording,GENERATION_BOUNDARY,matched_negative_ISSUE_V_sufficiency,2.9802322387695312e-06,30,4,
confirmation,exp12_config_command_01,config_command,canonical,0,canonical,1,opposite_same_wording,GENERATION_BOUNDARY,old_absolute_V_sufficiency,0.11890825629234314,30,4,
confirmation,exp12_config_command_01,config_command,canonical,0,canonical,1,opposite_same_wording,SYSTEM_END,runner_up_V_sufficiency,0.004671186208724976,30,4,
confirmation,exp12_config_command_01,config_command,canonical,0,canonical,1,opposite_same_wording,SYSTEM_END,runner_up_V_necessity_loss,2.2293194383382797,30,4,
confirmation,exp12_config_command_01,config_command,canonical,0,canonical,1,opposite_same_wording,GENERATION_BOUNDARY,reader_target_pos_sufficiency,0.1408083438873291,30,4,"0,16,18"
confirmation,exp12_config_command_01,config_command,canonical,0,canonical,1,opposite_same_wording,GENERATION_BOUNDARY,reader_target_pos_necessity,0.13787111639976501,30,4,"0,16,18"
confirmation,exp12_config_command_01,config_command,canonical,0,canonical,1,opposite_same_wording,GENERATION_BOUNDARY,reader_negative_neg_sufficiency,-0.01499265432357788,30,4,"1,17,19"
confirmation,exp12_config_command_01,config_command,canonical,0,canonical,1,opposite_same_wording,GENERATION_BOUNDARY,reader_negative_neg_necessity,-0.017929881811141968,30,4,"1,17,19"
confirmation,exp12_config_command_01,config_command,canonical,0,canonical,1,opposite_same_wording,GENERATION_BOUNDARY,reader_non_set_sufficiency,0.0,30,4,"2,3,4,5,6,7,8,9,10,11,12,13,14,15,20,21,22,23,24,25,26,27,28,29,30,31"
confirmation,exp12_config_command_01,config_command,canonical,0,canonical,1,opposite_same_wording,GENERATION_BOUNDARY,reader_non_set_necessity,0.0,30,4,"2,3,4,5,6,7,8,9,10,11,12,13,14,15,20,21,22,23,24,25,26,27,28,29,30,31"
confirmation,exp12_config_command_01,config_command,canonical,0,canonical,1,opposite_same_wording,GENERATION_BOUNDARY,reader_all28_sufficiency,0.12287846207618713,30,4,"0,1,2,3,4,5,6,7,8,9,10,11,12,13,14,15,16,17,18,19,20,21,22,23,24,25,26,27,28,29,30,31"
confirmation,exp12_config_command_01,config_command,canonical,0,canonical,1,opposite_same_wording,GENERATION_BOUNDARY,reader_all28_necessity,0.12287846207618713,30,4,"0,1,2,3,4,5,6,7,8,9,10,11,12,13,14,15,16,17,18,19,20,21,22,23,24,25,26,27,28,29,30,31"
confirmation,exp12_config_command_01,config_command,canonical,0,canonical,1,opposite_same_wording,GENERATION_BOUNDARY,reader_verified_v_effect,0.12287846207618713,30,4,
confirmation,exp12_config_command_01,config_command,canonical,0,canonical,1,opposite_same_wording,GENERATION_BOUNDARY,reader_leakage_ratio,0.0,30,4,
confirmation,exp12_config_command_01,config_command,paraphrase,0,paraphrase,1,opposite_same_wording,GENERATION_BOUNDARY,selected_V_sufficiency,0.1405278444290161,30,4,
confirmation,exp12_config_command_01,config_command,paraphrase,0,paraphrase,1,opposite_same_wording,GENERATION_BOUNDARY,selected_V_necessity_loss,0.09171980619430542,30,4,
confirmation,exp12_config_command_01,config_command,paraphrase,0,paraphrase,1,opposite_same_wording,GENERATION_BOUNDARY,cross_selected_V_sufficiency,0.15310081839561462,30,4,
confirmation,exp12_config_command_01,config_command,paraphrase,0,paraphrase,1,opposite_same_wording,GENERATION_BOUNDARY,same_state_selected_V_control,0.010816067457199097,30,4,
confirmation,exp12_config_command_01,config_command,paraphrase,0,paraphrase,1,opposite_same_wording,GENERATION_BOUNDARY,matched_negative_ISSUE_V_sufficiency,0.002412855625152588,30,4,
confirmation,exp12_config_command_01,config_command,paraphrase,0,paraphrase,1,opposite_same_wording,GENERATION_BOUNDARY,old_absolute_V_sufficiency,0.1369207501411438,30,4,
confirmation,exp12_config_command_01,config_command,paraphrase,0,paraphrase,1,opposite_same_wording,FINAL_INSTRUCTION_END,runner_up_V_sufficiency,0.006854444742202759,30,4,
confirmation,exp12_config_command_01,config_command,paraphrase,0,paraphrase,1,opposite_same_wording,FINAL_INSTRUCTION_END,runner_up_V_necessity_loss,1.8186255544424057,30,4,
confirmation,exp12_config_command_01,config_command,paraphrase,0,paraphrase,1,opposite_same_wording,GENERATION_BOUNDARY,reader_target_pos_sufficiency,0.16089239716529846,30,4,"0,16,18"
confirmation,exp12_config_command_01,config_command,paraphrase,0,paraphrase,1,opposite_same_wording,GENERATION_BOUNDARY,reader_target_pos_necessity,0.14896437525749207,30,4,"0,16,18"
confirmation,exp12_config_command_01,config_command,paraphrase,0,paraphrase,1,opposite_same_wording,GENERATION_BOUNDARY,reader_negative_neg_sufficiency,-0.008436530828475952,30,4,"1,17,19"
confirmation,exp12_config_command_01,config_command,paraphrase,0,paraphrase,1,opposite_same_wording,GENERATION_BOUNDARY,reader_negative_neg_necessity,-0.02036455273628235,30,4,"1,17,19"
confirmation,exp12_config_command_01,config_command,paraphrase,0,paraphrase,1,opposite_same_wording,GENERATION_BOUNDARY,reader_non_set_sufficiency,0.0,30,4,"2,3,4,5,6,7,8,9,10,11,12,13,14,15,20,21,22,23,24,25,26,27,28,29,30,31"
confirmation,exp12_config_command_01,config_command,paraphrase,0,paraphrase,1,opposite_same_wording,GENERATION_BOUNDARY,reader_non_set_necessity,0.0,30,4,"2,3,4,5,6,7,8,9,10,11,12,13,14,15,20,21,22,23,24,25,26,27,28,29,30,31"
confirmation,exp12_config_command_01,config_command,paraphrase,0,paraphrase,1,opposite_same_wording,GENERATION_BOUNDARY,reader_all28_sufficiency,0.1405278444290161,30,4,"0,1,2,3,4,5,6,7,8,9,10,11,12,13,14,15,16,17,18,19,20,21,22,23,24,25,26,27,28,29,30,31"
confirmation,exp12_config_command_01,config_command,paraphrase,0,paraphrase,1,opposite_same_wording,GENERATION_BOUNDARY,reader_all28_necessity,0.1405278444290161,30,4,"0,1,2,3,4,5,6,7,8,9,10,11,12,13,14,15,16,17,18,19,20,21,22,23,24,25,26,27,28,29,30,31"
confirmation,exp12_config_command_01,config_command,paraphrase,0,paraphrase,1,opposite_same_wording,GENERATION_BOUNDARY,reader_verified_v_effect,0.1405278444290161,30,4,
confirmation,exp12_config_command_01,config_command,paraphrase,0,paraphrase,1,opposite_same_wording,GENERATION_BOUNDARY,reader_leakage_ratio,0.0,30,4,
confirmation,exp12_config_command_01,config_command,canonical,1,canonical,0,opposite_same_wording,GENERATION_BOUNDARY,selected_V_sufficiency,0.07325859367847443,30,4,
confirmation,exp12_config_command_01,config_command,canonical,1,canonical,0,opposite_same_wording,GENERATION_BOUNDARY,selected_V_necessity_loss,0.13264137506484985,30,4,
confirmation,exp12_config_command_01,config_command,canonical,1,canonical,0,opposite_same_wording,GENERATION_BOUNDARY,cross_selected_V_sufficiency,0.06899566948413849,30,4,
confirmation,exp12_config_command_01,config_command,canonical,1,canonical,0,opposite_same_wording,GENERATION_BOUNDARY,same_state_selected_V_control,-0.00757233053445816,30,4,
confirmation,exp12_config_command_01,config_command,canonical,1,canonical,0,opposite_same_wording,GENERATION_BOUNDARY,matched_negative_ISSUE_V_sufficiency,0.0014186948537826538,30,4,
confirmation,exp12_config_command_01,config_command,canonical,1,canonical,0,opposite_same_wording,GENERATION_BOUNDARY,old_absolute_V_sufficiency,0.07182973623275757,30,4,
confirmation,exp12_config_command_01,config_command,canonical,1,canonical,0,opposite_same_wording,SYSTEM_END,runner_up_V_sufficiency,0.0017824843525886536,30,4,
confirmation,exp12_config_command_01,config_command,canonical,1,canonical,0,opposite_same_wording,SYSTEM_END,runner_up_V_necessity_loss,2.1473760083317757,30,4,
confirmation,exp12_config_command_01,config_command,canonical,1,canonical,0,opposite_same_wording,GENERATION_BOUNDARY,reader_target_pos_sufficiency,0.07944710552692413,30,4,"0,16,18"
confirmation,exp12_config_command_01,config_command,canonical,1,canonical,0,opposite_same_wording,GENERATION_BOUNDARY,reader_target_pos_necessity,0.07503416389226913,30,4,"0,16,18"
confirmation,exp12_config_command_01,config_command,canonical,1,canonical,0,opposite_same_wording,GENERATION_BOUNDARY,reader_negative_neg_sufficiency,-0.0017755702137947083,30,4,"1,17,19"
confirmation,exp12_config_command_01,config_command,canonical,1,canonical,0,opposite_same_wording,GENERATION_BOUNDARY,reader_negative_neg_necessity,-0.006188511848449707,30,4,"1,17,19"
confirmation,exp12_config_command_01,config_command,canonical,1,canonical,0,opposite_same_wording,GENERATION_BOUNDARY,reader_non_set_sufficiency,-0.0,30,4,"2,3,4,5,6,7,8,9,10,11,12,13,14,15,20,21,22,23,24,25,26,27,28,29,30,31"
confirmation,exp12_config_command_01,config_command,canonical,1,canonical,0,opposite_same_wording,GENERATION_BOUNDARY,reader_non_set_necessity,0.0,30,4,"2,3,4,5,6,7,8,9,10,11,12,13,14,15,20,21,22,23,24,25,26,27,28,29,30,31"
confirmation,exp12_config_command_01,config_command,canonical,1,canonical,0,opposite_same_wording,GENERATION_BOUNDARY,reader_all28_sufficiency,0.07325859367847443,30,4,"0,1,2,3,4,5,6,7,8,9,10,11,12,13,14,15,16,17,18,19,20,21,22,23,24,25,26,27,28,29,30,31"
confirmation,exp12_config_command_01,config_command,canonical,1,canonical,0,opposite_same_wording,GENERATION_BOUNDARY,reader_all28_necessity,0.07325859367847443,30,4,"0,1,2,3,4,5,6,7,8,9,10,11,12,13,14,15,16,17,18,19,20,21,22,23,24,25,26,27,28,29,30,31"
confirmation,exp12_config_command_01,config_command,canonical,1,canonical,0,opposite_same_wording,GENERATION_BOUNDARY,reader_verified_v_effect,0.07325859367847443,30,4,
confirmation,exp12_config_command_01,config_command,canonical,1,canonical,0,opposite_same_wording,GENERATION_BOUNDARY,reader_leakage_ratio,0.0,30,4,
confirmation,exp12_config_command_01,config_command,paraphrase,1,paraphrase,0,opposite_same_wording,GENERATION_BOUNDARY,selected_V_sufficiency,0.07642526179552078,30,4,
confirmation,exp12_config_command_01,config_command,paraphrase,1,paraphrase,0,opposite_same_wording,GENERATION_BOUNDARY,selected_V_necessity_loss,0.1321035623550415,30,4,
confirmation,exp12_config_command_01,config_command,paraphrase,1,paraphrase,0,opposite_same_wording,GENERATION_BOUNDARY,cross_selected_V_sufficiency,0.08621380478143692,30,4,
confirmation,exp12_config_command_01,config_command,paraphrase,1,paraphrase,0,opposite_same_wording,GENERATION_BOUNDARY,same_state_selected_V_control,0.010360144078731537,30,4,
confirmation,exp12_config_command_01,config_command,paraphrase,1,paraphrase,0,opposite_same_wording,GENERATION_BOUNDARY,matched_negative_ISSUE_V_sufficiency,1.4230608940124512e-06,30,4,
confirmation,exp12_config_command_01,config_command,paraphrase,1,paraphrase,0,opposite_same_wording,GENERATION_BOUNDARY,old_absolute_V_sufficiency,0.07505812495946884,30,4,
confirmation,exp12_config_command_01,config_command,paraphrase,1,paraphrase,0,opposite_same_wording,FINAL_INSTRUCTION_END,runner_up_V_sufficiency,-0.0014204680919647217,30,4,
confirmation,exp12_config_command_01,config_command,paraphrase,1,paraphrase,0,opposite_same_wording,FINAL_INSTRUCTION_END,runner_up_V_necessity_loss,1.8032939955592155,30,4,
confirmation,exp12_config_command_01,config_command,paraphrase,1,paraphrase,0,opposite_same_wording,GENERATION_BOUNDARY,reader_target_pos_sufficiency,0.08004260808229446,30,4,"0,16,18"
confirmation,exp12_config_command_01,config_command,paraphrase,1,paraphrase,0,opposite_same_wording,GENERATION_BOUNDARY,reader_target_pos_necessity,0.07784802466630936,30,4,"0,16,18"
confirmation,exp12_config_command_01,config_command,paraphrase,1,paraphrase,0,opposite_same_wording,GENERATION_BOUNDARY,reader_negative_neg_sufficiency,-0.0014227628707885742,30,4,"1,17,19"
confirmation,exp12_config_command_01,config_command,paraphrase,1,paraphrase,0,opposite_same_wording,GENERATION_BOUNDARY,reader_negative_neg_necessity,-0.0036173462867736816,30,4,"1,17,19"
confirmation,exp12_config_command_01,config_command,paraphrase,1,paraphrase,0,opposite_same_wording,GENERATION_BOUNDARY,reader_non_set_sufficiency,-0.0,30,4,"2,3,4,5,6,7,8,9,10,11,12,13,14,15,20,21,22,23,24,25,26,27,28,29,30,31"
confirmation,exp12_config_command_01,config_command,paraphrase,1,paraphrase,0,opposite_same_wording,GENERATION_BOUNDARY,reader_non_set_necessity,0.0,30,4,"2,3,4,5,6,7,8,9,10,11,12,13,14,15,20,21,22,23,24,25,26,27,28,29,30,31"
confirmation,exp12_config_command_01,config_command,paraphrase,1,paraphrase,0,opposite_same_wording,GENERATION_BOUNDARY,reader_all28_sufficiency,0.07642526179552078,30,4,"0,1,2,3,4,5,6,7,8,9,10,11,12,13,14,15,16,17,18,19,20,21,22,23,24,25,26,27,28,29,30,31"
confirmation,exp12_config_command_01,config_command,paraphrase,1,paraphrase,0,opposite_same_wording,GENERATION_BOUNDARY,reader_all28_necessity,0.07642526179552078,30,4,"0,1,2,3,4,5,6,7,8,9,10,11,12,13,14,15,16,17,18,19,20,21,22,23,24,25,26,27,28,29,30,31"
confirmation,exp12_config_command_01,config_command,paraphrase,1,paraphrase,0,opposite_same_wording,GENERATION_BOUNDARY,reader_verified_v_effect,0.07642526179552078,30,4,
confirmation,exp12_config_command_01,config_command,paraphrase,1,paraphrase,0,opposite_same_wording,GENERATION_BOUNDARY,reader_leakage_ratio,0.0,30,4,
confirmation,exp12_config_command_01,config_command,direct,0,direct,1,direct_opposite_label,USER_END,direct_V_sufficiency,0.018297910690307617,30,4,
confirmation,exp12_config_command_01,config_command,direct,1,direct,0,direct_opposite_label,USER_END,direct_V_sufficiency,0.002264082431793213,30,4,
confirmation,exp12_config_command_02,config_command,canonical,0,canonical,1,opposite_same_wording,GENERATION_BOUNDARY,selected_V_sufficiency,0.1291762888431549,30,4,
confirmation,exp12_config_command_02,config_command,canonical,0,canonical,1,opposite_same_wording,GENERATION_BOUNDARY,selected_V_necessity_loss,0.11497944593429565,30,4,
confirmation,exp12_config_command_02,config_command,canonical,0,canonical,1,opposite_same_wording,GENERATION_BOUNDARY,cross_selected_V_sufficiency,0.1256580650806427,30,4,
confirmation,exp12_config_command_02,config_command,canonical,0,canonical,1,opposite_same_wording,GENERATION_BOUNDARY,same_state_selected_V_control,-0.01189512014389038,30,4,
confirmation,exp12_config_command_02,config_command,canonical,0,canonical,1,opposite_same_wording,GENERATION_BOUNDARY,matched_negative_ISSUE_V_sufficiency,0.0009918510913848877,30,4,
confirmation,exp12_config_command_02,config_command,canonical,0,canonical,1,opposite_same_wording,GENERATION_BOUNDARY,old_absolute_V_sufficiency,0.12377813458442688,30,4,
confirmation,exp12_config_command_02,config_command,canonical,0,canonical,1,opposite_same_wording,SYSTEM_END,runner_up_V_sufficiency,0.0074169933795928955,30,4,
confirmation,exp12_config_command_02,config_command,canonical,0,canonical,1,opposite_same_wording,SYSTEM_END,runner_up_V_necessity_loss,2.2672234624624252,30,4,
confirmation,exp12_config_command_02,config_command,canonical,0,canonical,1,opposite_same_wording,GENERATION_BOUNDARY,reader_target_pos_sufficiency,0.1462762951850891,30,4,"0,16,18"
confirmation,exp12_config_command_02,config_command,canonical,0,canonical,1,opposite_same_wording,GENERATION_BOUNDARY,reader_target_pos_necessity,0.13789531588554382,30,4,"0,16,18"
confirmation,exp12_config_command_02,config_command,canonical,0,canonical,1,opposite_same_wording,GENERATION_BOUNDARY,reader_negative_neg_sufficiency,-0.008719027042388916,30,4,"1,17,19"
confirmation,exp12_config_command_02,config_command,canonical,0,canonical,1,opposite_same_wording,GENERATION_BOUNDARY,reader_negative_neg_necessity,-0.017100006341934204,30,4,"1,17,19"
confirmation,exp12_config_command_02,config_command,canonical,0,canonical,1,opposite_same_wording,GENERATION_BOUNDARY,reader_non_set_sufficiency,0.0,30,4,"2,3,4,5,6,7,8,9,10,11,12,13,14,15,20,21,22,23,24,25,26,27,28,29,30,31"
confirmation,exp12_config_command_02,config_command,canonical,0,canonical,1,opposite_same_wording,GENERATION_BOUNDARY,reader_non_set_necessity,0.0,30,4,"2,3,4,5,6,7,8,9,10,11,12,13,14,15,20,21,22,23,24,25,26,27,28,29,30,31"
confirmation,exp12_config_command_02,config_command,canonical,0,canonical,1,opposite_same_wording,GENERATION_BOUNDARY,reader_all28_sufficiency,0.1291762888431549,30,4,"0,1,2,3,4,5,6,7,8,9,10,11,12,13,14,15,16,17,18,19,20,21,22,23,24,25,26,27,28,29,30,31"
confirmation,exp12_config_command_02,config_command,canonical,0,canonical,1,opposite_same_wording,GENERATION_BOUNDARY,reader_all28_necessity,0.1291762888431549,30,4,"0,1,2,3,4,5,6,7,8,9,10,11,12,13,14,15,16,17,18,19,20,21,22,23,24,25,26,27,28,29,30,31"
confirmation,exp12_config_command_02,config_command,canonical,0,canonical,1,opposite_same_wording,GENERATION_BOUNDARY,reader_verified_v_effect,0.1291762888431549,30,4,
confirmation,exp12_config_command_02,config_command,canonical,0,canonical,1,opposite_same_wording,GENERATION_BOUNDARY,reader_leakage_ratio,0.0,30,4,
confirmation,exp12_config_command_02,config_command,paraphrase,0,paraphrase,1,opposite_same_wording,GENERATION_BOUNDARY,selected_V_sufficiency,0.13903075456619263,30,4,
confirmation,exp12_config_command_02,config_command,paraphrase,0,paraphrase,1,opposite_same_wording,GENERATION_BOUNDARY,selected_V_necessity_loss,0.07409343123435974,30,4,
confirmation,exp12_config_command_02,config_command,paraphrase,0,paraphrase,1,opposite_same_wording,GENERATION_BOUNDARY,cross_selected_V_sufficiency,0.1472441554069519,30,4,
confirmation,exp12_config_command_02,config_command,paraphrase,0,paraphrase,1,opposite_same_wording,GENERATION_BOUNDARY,same_state_selected_V_control,0.02261751890182495,30,4,
confirmation,exp12_config_command_02,config_command,paraphrase,0,paraphrase,1,opposite_same_wording,GENERATION_BOUNDARY,matched_negative_ISSUE_V_sufficiency,-0.004040956497192383,30,4,
confirmation,exp12_config_command_02,config_command,paraphrase,0,paraphrase,1,opposite_same_wording,GENERATION_BOUNDARY,old_absolute_V_sufficiency,0.12448105216026306,30,4,
confirmation,exp12_config_command_02,config_command,paraphrase,0,paraphrase,1,opposite_same_wording,FINAL_INSTRUCTION_END,runner_up_V_sufficiency,0.003021836280822754,30,4,
confirmation,exp12_config_command_02,config_command,paraphrase,0,paraphrase,1,opposite_same_wording,FINAL_INSTRUCTION_END,runner_up_V_necessity_loss,1.738801285624504,30,4,
confirmation,exp12_config_command_02,config_command,paraphrase,0,paraphrase,1,opposite_same_wording,GENERATION_BOUNDARY,reader_target_pos_sufficiency,0.15299853682518005,30,4,"0,16,18"
confirmation,exp12_config_command_02,config_command,paraphrase,0,paraphrase,1,opposite_same_wording,GENERATION_BOUNDARY,reader_target_pos_necessity,0.1590052843093872,30,4,"0,16,18"
confirmation,exp12_config_command_02,config_command,paraphrase,0,paraphrase,1,opposite_same_wording,GENERATION_BOUNDARY,reader_negative_neg_sufficiency,-0.01997452974319458,30,4,"1,17,19"
confirmation,exp12_config_command_02,config_command,paraphrase,0,paraphrase,1,opposite_same_wording,GENERATION_BOUNDARY,reader_negative_neg_necessity,-0.013967782258987427,30,4,"1,17,19"
confirmation,exp12_config_command_02,config_command,paraphrase,0,paraphrase,1,opposite_same_wording,GENERATION_BOUNDARY,reader_non_set_sufficiency,0.0,30,4,"2,3,4,5,6,7,8,9,10,11,12,13,14,15,20,21,22,23,24,25,26,27,28,29,30,31"
confirmation,exp12_config_command_02,config_command,paraphrase,0,paraphrase,1,opposite_same_wording,GENERATION_BOUNDARY,reader_non_set_necessity,0.0,30,4,"2,3,4,5,6,7,8,9,10,11,12,13,14,15,20,21,22,23,24,25,26,27,28,29,30,31"
confirmation,exp12_config_command_02,config_command,paraphrase,0,paraphrase,1,opposite_same_wording,GENERATION_BOUNDARY,reader_all28_sufficiency,0.13903075456619263,30,4,"0,1,2,3,4,5,6,7,8,9,10,11,12,13,14,15,16,17,18,19,20,21,22,23,24,25,26,27,28,29,30,31"
confirmation,exp12_config_command_02,config_command,paraphrase,0,paraphrase,1,opposite_same_wording,GENERATION_BOUNDARY,reader_all28_necessity,0.13903075456619263,30,4,"0,1,2,3,4,5,6,7,8,9,10,11,12,13,14,15,16,17,18,19,20,21,22,23,24,25,26,27,28,29,30,31"
confirmation,exp12_config_command_02,config_command,paraphrase,0,paraphrase,1,opposite_same_wording,GENERATION_BOUNDARY,reader_verified_v_effect,0.13903075456619263,30,4,
confirmation,exp12_config_command_02,config_command,paraphrase,0,paraphrase,1,opposite_same_wording,GENERATION_BOUNDARY,reader_leakage_ratio,0.0,30,4,
confirmation,exp12_config_command_02,config_command,canonical,1,canonical,0,opposite_same_wording,GENERATION_BOUNDARY,selected_V_sufficiency,0.07241711765527725,30,4,
confirmation,exp12_config_command_02,config_command,canonical,1,canonical,0,opposite_same_wording,GENERATION_BOUNDARY,selected_V_necessity_loss,0.1275573968887329,30,4,
confirmation,exp12_config_command_02,config_command,canonical,1,canonical,0,opposite_same_wording,GENERATION_BOUNDARY,cross_selected_V_sufficiency,0.0678214356303215,30,4,
confirmation,exp12_config_command_02,config_command,canonical,1,canonical,0,opposite_same_wording,GENERATION_BOUNDARY,same_state_selected_V_control,-0.012067914009094238,30,4,
confirmation,exp12_config_command_02,config_command,canonical,1,canonical,0,opposite_same_wording,GENERATION_BOUNDARY,matched_negative_ISSUE_V_sufficiency,0.0031791478395462036,30,4,
confirmation,exp12_config_command_02,config_command,canonical,1,canonical,0,opposite_same_wording,GENERATION_BOUNDARY,old_absolute_V_sufficiency,0.06819441169500351,30,4,
confirmation,exp12_config_command_02,config_command,canonical,1,canonical,0,opposite_same_wording,SYSTEM_END,runner_up_V_sufficiency,0.010670699179172516,30,4,
confirmation,exp12_config_command_02,config_command,canonical,1,canonical,0,opposite_same_wording,SYSTEM_END,runner_up_V_necessity_loss,2.1951816007494926,30,4,
confirmation,exp12_config_command_02,config_command,canonical,1,canonical,0,opposite_same_wording,GENERATION_BOUNDARY,reader_target_pos_sufficiency,0.07864715903997421,30,4,"0,16,18"
confirmation,exp12_config_command_02,config_command,canonical,1,canonical,0,opposite_same_wording,GENERATION_BOUNDARY,reader_target_pos_necessity,0.07203952223062515,30,4,"0,16,18"
confirmation,exp12_config_command_02,config_command,canonical,1,canonical,0,opposite_same_wording,GENERATION_BOUNDARY,reader_negative_neg_sufficiency,0.0003775954246520996,30,4,"1,17,19"
confirmation,exp12_config_command_02,config_command,canonical,1,canonical,0,opposite_same_wording,GENERATION_BOUNDARY,reader_negative_neg_necessity,-0.0062300413846969604,30,4,"1,17,19"
confirmation,exp12_config_command_02,config_command,canonical,1,canonical,0,opposite_same_wording,GENERATION_BOUNDARY,reader_non_set_sufficiency,-0.0,30,4,"2,3,4,5,6,7,8,9,10,11,12,13,14,15,20,21,22,23,24,25,26,27,28,29,30,31"
confirmation,exp12_config_command_02,config_command,canonical,1,canonical,0,opposite_same_wording,GENERATION_BOUNDARY,reader_non_set_necessity,0.0,30,4,"2,3,4,5,6,7,8,9,10,11,12,13,14,15,20,21,22,23,24,25,26,27,28,29,30,31"
confirmation,exp12_config_command_02,config_command,canonical,1,canonical,0,opposite_same_wording,GENERATION_BOUNDARY,reader_all28_sufficiency,0.07241711765527725,30,4,"0,1,2,3,4,5,6,7,8,9,10,11,12,13,14,15,16,17,18,19,20,21,22,23,24,25,26,27,28,29,30,31"
confirmation,exp12_config_command_02,config_command,canonical,1,canonical,0,opposite_same_wording,GENERATION_BOUNDARY,reader_all28_necessity,0.07241711765527725,30,4,"0,1,2,3,4,5,6,7,8,9,10,11,12,13,14,15,16,17,18,19,20,21,22,23,24,25,26,27,28,29,30,31"
confirmation,exp12_config_command_02,config_command,canonical,1,canonical,0,opposite_same_wording,GENERATION_BOUNDARY,reader_verified_v_effect,0.07241711765527725,30,4,
confirmation,exp12_config_command_02,config_command,canonical,1,canonical,0,opposite_same_wording,GENERATION_BOUNDARY,reader_leakage_ratio,0.0,30,4,
confirmation,exp12_config_command_02,config_command,paraphrase,1,paraphrase,0,opposite_same_wording,GENERATION_BOUNDARY,selected_V_sufficiency,0.056651532649993896,30,4,
confirmation,exp12_config_command_02,config_command,paraphrase,1,paraphrase,0,opposite_same_wording,GENERATION_BOUNDARY,selected_V_necessity_loss,0.13253271579742432,30,4,
confirmation,exp12_config_command_02,config_command,paraphrase,1,paraphrase,0,opposite_same_wording,GENERATION_BOUNDARY,cross_selected_V_sufficiency,0.06053571403026581,30,4,
confirmation,exp12_config_command_02,config_command,paraphrase,1,paraphrase,0,opposite_same_wording,GENERATION_BOUNDARY,same_state_selected_V_control,0.015071786940097809,30,4,
confirmation,exp12_config_command_02,config_command,paraphrase,1,paraphrase,0,opposite_same_wording,GENERATION_BOUNDARY,matched_negative_ISSUE_V_sufficiency,0.0028697624802589417,30,4,
confirmation,exp12_config_command_02,config_command,paraphrase,1,paraphrase,0,opposite_same_wording,GENERATION_BOUNDARY,old_absolute_V_sufficiency,0.049412816762924194,30,4,
confirmation,exp12_config_command_02,config_command,paraphrase,1,paraphrase,0,opposite_same_wording,FINAL_INSTRUCTION_END,runner_up_V_sufficiency,1.646578311920166e-06,30,4,
confirmation,exp12_config_command_02,config_command,paraphrase,1,paraphrase,0,opposite_same_wording,FINAL_INSTRUCTION_END,runner_up_V_necessity_loss,1.7410209774971008,30,4,
confirmation,exp12_config_command_02,config_command,paraphrase,1,paraphrase,0,opposite_same_wording,GENERATION_BOUNDARY,reader_target_pos_sufficiency,0.062210813164711,30,4,"0,16,18"
confirmation,exp12_config_command_02,config_command,paraphrase,1,paraphrase,0,opposite_same_wording,GENERATION_BOUNDARY,reader_target_pos_necessity,0.06674818694591522,30,4,"0,16,18"
confirmation,exp12_config_command_02,config_command,paraphrase,1,paraphrase,0,opposite_same_wording,GENERATION_BOUNDARY,reader_negative_neg_sufficiency,-0.010096654295921326,30,4,"1,17,19"
confirmation,exp12_config_command_02,config_command,paraphrase,1,paraphrase,0,opposite_same_wording,GENERATION_BOUNDARY,reader_negative_neg_necessity,-0.005559280514717102,30,4,"1,17,19"
confirmation,exp12_config_command_02,config_command,paraphrase,1,paraphrase,0,opposite_same_wording,GENERATION_BOUNDARY,reader_non_set_sufficiency,-0.0,30,4,"2,3,4,5,6,7,8,9,10,11,12,13,14,15,20,21,22,23,24,25,26,27,28,29,30,31"
confirmation,exp12_config_command_02,config_command,paraphrase,1,paraphrase,0,opposite_same_wording,GENERATION_BOUNDARY,reader_non_set_necessity,0.0,30,4,"2,3,4,5,6,7,8,9,10,11,12,13,14,15,20,21,22,23,24,25,26,27,28,29,30,31"
confirmation,exp12_config_command_02,config_command,paraphrase,1,paraphrase,0,opposite_same_wording,GENERATION_BOUNDARY,reader_all28_sufficiency,0.056651532649993896,30,4,"0,1,2,3,4,5,6,7,8,9,10,11,12,13,14,15,16,17,18,19,20,21,22,23,24,25,26,27,28,29,30,31"
confirmation,exp12_config_command_02,config_command,paraphrase,1,paraphrase,0,opposite_same_wording,GENERATION_BOUNDARY,reader_all28_necessity,0.056651532649993896,30,4,"0,1,2,3,4,5,6,7,8,9,10,11,12,13,14,15,16,17,18,19,20,21,22,23,24,25,26,27,28,29,30,31"
confirmation,exp12_config_command_02,config_command,paraphrase,1,paraphrase,0,opposite_same_wording,GENERATION_BOUNDARY,reader_verified_v_effect,0.056651532649993896,30,4,
confirmation,exp12_config_command_02,config_command,paraphrase,1,paraphrase,0,opposite_same_wording,GENERATION_BOUNDARY,reader_leakage_ratio,0.0,30,4,
confirmation,exp12_config_command_02,config_command,direct,0,direct,1,direct_opposite_label,USER_END,direct_V_sufficiency,0.022506117820739746,30,4,
confirmation,exp12_config_command_02,config_command,direct,1,direct,0,direct_opposite_label,USER_END,direct_V_sufficiency,0.013979524374008179,30,4,
confirmation,exp12_config_command_04,config_command,canonical,0,canonical,1,opposite_same_wording,GENERATION_BOUNDARY,selected_V_sufficiency,0.10439476370811462,30,4,
confirmation,exp12_config_command_04,config_command,canonical,0,canonical,1,opposite_same_wording,GENERATION_BOUNDARY,selected_V_necessity_loss,0.10442094504833221,30,4,
confirmation,exp12_config_command_04,config_command,canonical,0,canonical,1,opposite_same_wording,GENERATION_BOUNDARY,cross_selected_V_sufficiency,0.07713496685028076,30,4,
confirmation,exp12_config_command_04,config_command,canonical,0,canonical,1,opposite_same_wording,GENERATION_BOUNDARY,same_state_selected_V_control,-0.008604079484939575,30,4,
confirmation,exp12_config_command_04,config_command,canonical,0,canonical,1,opposite_same_wording,GENERATION_BOUNDARY,matched_negative_ISSUE_V_sufficiency,-0.002538710832595825,30,4,
confirmation,exp12_config_command_04,config_command,canonical,0,canonical,1,opposite_same_wording,GENERATION_BOUNDARY,old_absolute_V_sufficiency,0.09556856751441956,30,4,
confirmation,exp12_config_command_04,config_command,canonical,0,canonical,1,opposite_same_wording,SYSTEM_END,runner_up_V_sufficiency,0.0035243332386016846,30,4,
confirmation,exp12_config_command_04,config_command,canonical,0,canonical,1,opposite_same_wording,SYSTEM_END,runner_up_V_necessity_loss,2.174025237560272,30,4,
confirmation,exp12_config_command_04,config_command,canonical,0,canonical,1,opposite_same_wording,GENERATION_BOUNDARY,reader_target_pos_sufficiency,0.11824169754981995,30,4,"0,16,18"
confirmation,exp12_config_command_04,config_command,canonical,0,canonical,1,opposite_same_wording,GENERATION_BOUNDARY,reader_target_pos_necessity,0.12182974815368652,30,4,"0,16,18"
confirmation,exp12_config_command_04,config_command,canonical,0,canonical,1,opposite_same_wording,GENERATION_BOUNDARY,reader_negative_neg_sufficiency,-0.0174349844455719,30,4,"1,17,19"
confirmation,exp12_config_command_04,config_command,canonical,0,canonical,1,opposite_same_wording,GENERATION_BOUNDARY,reader_negative_neg_necessity,-0.013846933841705322,30,4,"1,17,19"
confirmation,exp12_config_command_04,config_command,canonical,0,canonical,1,opposite_same_wording,GENERATION_BOUNDARY,reader_non_set_sufficiency,0.0,30,4,"2,3,4,5,6,7,8,9,10,11,12,13,14,15,20,21,22,23,24,25,26,27,28,29,30,31"
confirmation,exp12_config_command_04,config_command,canonical,0,canonical,1,opposite_same_wording,GENERATION_BOUNDARY,reader_non_set_necessity,0.0,30,4,"2,3,4,5,6,7,8,9,10,11,12,13,14,15,20,21,22,23,24,25,26,27,28,29,30,31"
confirmation,exp12_config_command_04,config_command,canonical,0,canonical,1,opposite_same_wording,GENERATION_BOUNDARY,reader_all28_sufficiency,0.10439476370811462,30,4,"0,1,2,3,4,5,6,7,8,9,10,11,12,13,14,15,16,17,18,19,20,21,22,23,24,25,26,27,28,29,30,31"
confirmation,exp12_config_command_04,config_command,canonical,0,canonical,1,opposite_same_wording,GENERATION_BOUNDARY,reader_all28_necessity,0.10439476370811462,30,4,"0,1,2,3,4,5,6,7,8,9,10,11,12,13,14,15,16,17,18,19,20,21,22,23,24,25,26,27,28,29,30,31"
confirmation,exp12_config_command_04,config_command,canonical,0,canonical,1,opposite_same_wording,GENERATION_BOUNDARY,reader_verified_v_effect,0.10439476370811462,30,4,
confirmation,exp12_config_command_04,config_command,canonical,0,canonical,1,opposite_same_wording,GENERATION_BOUNDARY,reader_leakage_ratio,0.0,30,4,
confirmation,exp12_config_command_04,config_command,paraphrase,0,paraphrase,1,opposite_same_wording,GENERATION_BOUNDARY,selected_V_sufficiency,0.08313769102096558,30,4,
confirmation,exp12_config_command_04,config_command,paraphrase,0,paraphrase,1,opposite_same_wording,GENERATION_BOUNDARY,selected_V_necessity_loss,0.07968783378601074,30,4,
confirmation,exp12_config_command_04,config_command,paraphrase,0,paraphrase,1,opposite_same_wording,GENERATION_BOUNDARY,cross_selected_V_sufficiency,0.12353414297103882,30,4,
confirmation,exp12_config_command_04,config_command,paraphrase,0,paraphrase,1,opposite_same_wording,GENERATION_BOUNDARY,same_state_selected_V_control,0.012415260076522827,30,4,
confirmation,exp12_config_command_04,config_command,paraphrase,0,paraphrase,1,opposite_same_wording,GENERATION_BOUNDARY,matched_negative_ISSUE_V_sufficiency,-0.0005984008312225342,30,4,
confirmation,exp12_config_command_04,config_command,paraphrase,0,paraphrase,1,opposite_same_wording,GENERATION_BOUNDARY,old_absolute_V_sufficiency,0.08073312044143677,30,4,
confirmation,exp12_config_command_04,config_command,paraphrase,0,paraphrase,1,opposite_same_wording,FINAL_INSTRUCTION_END,runner_up_V_sufficiency,0.0012142062187194824,30,4,
confirmation,exp12_config_command_04,config_command,paraphrase,0,paraphrase,1,opposite_same_wording,FINAL_INSTRUCTION_END,runner_up_V_necessity_loss,1.3179878890514374,30,4,
confirmation,exp12_config_command_04,config_command,paraphrase,0,paraphrase,1,opposite_same_wording,GENERATION_BOUNDARY,reader_target_pos_sufficiency,0.09917396306991577,30,4,"0,16,18"
confirmation,exp12_config_command_04,config_command,paraphrase,0,paraphrase,1,opposite_same_wording,GENERATION_BOUNDARY,reader_target_pos_necessity,0.09275010228157043,30,4,"0,16,18"
confirmation,exp12_config_command_04,config_command,paraphrase,0,paraphrase,1,opposite_same_wording,GENERATION_BOUNDARY,reader_negative_neg_sufficiency,-0.009612411260604858,30,4,"1,17,19"
confirmation,exp12_config_command_04,config_command,paraphrase,0,paraphrase,1,opposite_same_wording,GENERATION_BOUNDARY,reader_negative_neg_necessity,-0.016036272048950195,30,4,"1,17,19"
confirmation,exp12_config_command_04,config_command,paraphrase,0,paraphrase,1,opposite_same_wording,GENERATION_BOUNDARY,reader_non_set_sufficiency,0.0,30,4,"2,3,4,5,6,7,8,9,10,11,12,13,14,15,20,21,22,23,24,25,26,27,28,29,30,31"
confirmation,exp12_config_command_04,config_command,paraphrase,0,paraphrase,1,opposite_same_wording,GENERATION_BOUNDARY,reader_non_set_necessity,0.0,30,4,"2,3,4,5,6,7,8,9,10,11,12,13,14,15,20,21,22,23,24,25,26,27,28,29,30,31"
confirmation,exp12_config_command_04,config_command,paraphrase,0,paraphrase,1,opposite_same_wording,GENERATION_BOUNDARY,reader_all28_sufficiency,0.08313769102096558,30,4,"0,1,2,3,4,5,6,7,8,9,10,11,12,13,14,15,16,17,18,19,20,21,22,23,24,25,26,27,28,29,30,31"
confirmation,exp12_config_command_04,config_command,paraphrase,0,paraphrase,1,opposite_same_wording,GENERATION_BOUNDARY,reader_all28_necessity,0.08313769102096558,30,4,"0,1,2,3,4,5,6,7,8,9,10,11,12,13,14,15,16,17,18,19,20,21,22,23,24,25,26,27,28,29,30,31"
confirmation,exp12_config_command_04,config_command,paraphrase,0,paraphrase,1,opposite_same_wording,GENERATION_BOUNDARY,reader_verified_v_effect,0.08313769102096558,30,4,
confirmation,exp12_config_command_04,config_command,paraphrase,0,paraphrase,1,opposite_same_wording,GENERATION_BOUNDARY,reader_leakage_ratio,0.0,30,4,
confirmation,exp12_config_command_04,config_command,canonical,1,canonical,0,opposite_same_wording,GENERATION_BOUNDARY,selected_V_sufficiency,0.05933525413274765,30,4,
confirmation,exp12_config_command_04,config_command,canonical,1,canonical,0,opposite_same_wording,GENERATION_BOUNDARY,selected_V_necessity_loss,0.11255335807800293,30,4,
confirmation,exp12_config_command_04,config_command,canonical,1,canonical,0,opposite_same_wording,GENERATION_BOUNDARY,cross_selected_V_sufficiency,0.053774841129779816,30,4,
confirmation,exp12_config_command_04,config_command,canonical,1,canonical,0,opposite_same_wording,GENERATION_BOUNDARY,same_state_selected_V_control,-0.018459200859069824,30,4,
confirmation,exp12_config_command_04,config_command,canonical,1,canonical,0,opposite_same_wording,GENERATION_BOUNDARY,matched_negative_ISSUE_V_sufficiency,-0.0003236234188079834,30,4,
confirmation,exp12_config_command_04,config_command,canonical,1,canonical,0,opposite_same_wording,GENERATION_BOUNDARY,old_absolute_V_sufficiency,0.05893441289663315,30,4,
confirmation,exp12_config_command_04,config_command,canonical,1,canonical,0,opposite_same_wording,SYSTEM_END,runner_up_V_sufficiency,0.009611628949642181,30,4,
confirmation,exp12_config_command_04,config_command,canonical,1,canonical,0,opposite_same_wording,SYSTEM_END,runner_up_V_necessity_loss,2.058623656630516,30,4,
confirmation,exp12_config_command_04,config_command,canonical,1,canonical,0,opposite_same_wording,GENERATION_BOUNDARY,reader_target_pos_sufficiency,0.0645626112818718,30,4,"0,16,18"
confirmation,exp12_config_command_04,config_command,canonical,1,canonical,0,opposite_same_wording,GENERATION_BOUNDARY,reader_target_pos_necessity,0.0606379359960556,30,4,"0,16,18"
confirmation,exp12_config_command_04,config_command,canonical,1,canonical,0,opposite_same_wording,GENERATION_BOUNDARY,reader_negative_neg_sufficiency,-0.0013026818633079529,30,4,"1,17,19"
confirmation,exp12_config_command_04,config_command,canonical,1,canonical,0,opposite_same_wording,GENERATION_BOUNDARY,reader_negative_neg_necessity,-0.0052273571491241455,30,4,"1,17,19"
confirmation,exp12_config_command_04,config_command,canonical,1,canonical,0,opposite_same_wording,GENERATION_BOUNDARY,reader_non_set_sufficiency,-0.0,30,4,"2,3,4,5,6,7,8,9,10,11,12,13,14,15,20,21,22,23,24,25,26,27,28,29,30,31"
confirmation,exp12_config_command_04,config_command,canonical,1,canonical,0,opposite_same_wording,GENERATION_BOUNDARY,reader_non_set_necessity,0.0,30,4,"2,3,4,5,6,7,8,9,10,11,12,13,14,15,20,21,22,23,24,25,26,27,28,29,30,31"
confirmation,exp12_config_command_04,config_command,canonical,1,canonical,0,opposite_same_wording,GENERATION_BOUNDARY,reader_all28_sufficiency,0.05933525413274765,30,4,"0,1,2,3,4,5,6,7,8,9,10,11,12,13,14,15,16,17,18,19,20,21,22,23,24,25,26,27,28,29,30,31"
confirmation,exp12_config_command_04,config_command,canonical,1,canonical,0,opposite_same_wording,GENERATION_BOUNDARY,reader_all28_necessity,0.05933525413274765,30,4,"0,1,2,3,4,5,6,7,8,9,10,11,12,13,14,15,16,17,18,19,20,21,22,23,24,25,26,27,28,29,30,31"
confirmation,exp12_config_command_04,config_command,canonical,1,canonical,0,opposite_same_wording,GENERATION_BOUNDARY,reader_verified_v_effect,0.05933525413274765,30,4,
confirmation,exp12_config_command_04,config_command,canonical,1,canonical,0,opposite_same_wording,GENERATION_BOUNDARY,reader_leakage_ratio,0.0,30,4,
confirmation,exp12_config_command_04,config_command,paraphrase,1,paraphrase,0,opposite_same_wording,GENERATION_BOUNDARY,selected_V_sufficiency,0.05609065294265747,30,4,
confirmation,exp12_config_command_04,config_command,paraphrase,1,paraphrase,0,opposite_same_wording,GENERATION_BOUNDARY,selected_V_necessity_loss,0.07612359523773193,30,4,
confirmation,exp12_config_command_04,config_command,paraphrase,1,paraphrase,0,opposite_same_wording,GENERATION_BOUNDARY,cross_selected_V_sufficiency,0.07092460989952087,30,4,
confirmation,exp12_config_command_04,config_command,paraphrase,1,paraphrase,0,opposite_same_wording,GENERATION_BOUNDARY,same_state_selected_V_control,0.02249792218208313,30,4,
confirmation,exp12_config_command_04,config_command,paraphrase,1,paraphrase,0,opposite_same_wording,GENERATION_BOUNDARY,matched_negative_ISSUE_V_sufficiency,-0.0026013851165771484,30,4,
confirmation,exp12_config_command_04,config_command,paraphrase,1,paraphrase,0,opposite_same_wording,GENERATION_BOUNDARY,old_absolute_V_sufficiency,0.056100279092788696,30,4,
confirmation,exp12_config_command_04,config_command,paraphrase,1,paraphrase,0,opposite_same_wording,FINAL_INSTRUCTION_END,runner_up_V_sufficiency,-1.1920928955078125e-06,30,4,
confirmation,exp12_config_command_04,config_command,paraphrase,1,paraphrase,0,opposite_same_wording,FINAL_INSTRUCTION_END,runner_up_V_necessity_loss,1.3440056443214417,30,4,
confirmation,exp12_config_command_04,config_command,paraphrase,1,paraphrase,0,opposite_same_wording,GENERATION_BOUNDARY,reader_target_pos_sufficiency,0.06300947070121765,30,4,"0,16,18"
confirmation,exp12_config_command_04,config_command,paraphrase,1,paraphrase,0,opposite_same_wording,GENERATION_BOUNDARY,reader_target_pos_necessity,0.05609196424484253,30,4,"0,16,18"
confirmation,exp12_config_command_04,config_command,paraphrase,1,paraphrase,0,opposite_same_wording,GENERATION_BOUNDARY,reader_negative_neg_sufficiency,-1.3113021850585938e-06,30,4,"1,17,19"
confirmation,exp12_config_command_04,config_command,paraphrase,1,paraphrase,0,opposite_same_wording,GENERATION_BOUNDARY,reader_negative_neg_necessity,-0.006918817758560181,30,4,"1,17,19"
confirmation,exp12_config_command_04,config_command,paraphrase,1,paraphrase,0,opposite_same_wording,GENERATION_BOUNDARY,reader_non_set_sufficiency,-0.0,30,4,"2,3,4,5,6,7,8,9,10,11,12,13,14,15,20,21,22,23,24,25,26,27,28,29,30,31"
confirmation,exp12_config_command_04,config_command,paraphrase,1,paraphrase,0,opposite_same_wording,GENERATION_BOUNDARY,reader_non_set_necessity,0.0,30,4,"2,3,4,5,6,7,8,9,10,11,12,13,14,15,20,21,22,23,24,25,26,27,28,29,30,31"
confirmation,exp12_config_command_04,config_command,paraphrase,1,paraphrase,0,opposite_same_wording,GENERATION_BOUNDARY,reader_all28_sufficiency,0.05609065294265747,30,4,"0,1,2,3,4,5,6,7,8,9,10,11,12,13,14,15,16,17,18,19,20,21,22,23,24,25,26,27,28,29,30,31"
confirmation,exp12_config_command_04,config_command,paraphrase,1,paraphrase,0,opposite_same_wording,GENERATION_BOUNDARY,reader_all28_necessity,0.05609065294265747,30,4,"0,1,2,3,4,5,6,7,8,9,10,11,12,13,14,15,16,17,18,19,20,21,22,23,24,25,26,27,28,29,30,31"
confirmation,exp12_config_command_04,config_command,paraphrase,1,paraphrase,0,opposite_same_wording,GENERATION_BOUNDARY,reader_verified_v_effect,0.05609065294265747,30,4,
confirmation,exp12_config_command_04,config_command,paraphrase,1,paraphrase,0,opposite_same_wording,GENERATION_BOUNDARY,reader_leakage_ratio,0.0,30,4,
confirmation,exp12_config_command_04,config_command,direct,0,direct,1,direct_opposite_label,USER_END,direct_V_sufficiency,0.02153545618057251,30,4,
confirmation,exp12_config_command_04,config_command,direct,1,direct,0,direct_opposite_label,USER_END,direct_V_sufficiency,0.017379850149154663,30,4,
confirmation,exp12_config_command_07,config_command,canonical,0,canonical,1,opposite_same_wording,GENERATION_BOUNDARY,selected_V_sufficiency,0.10716581344604492,30,4,
confirmation,exp12_config_command_07,config_command,canonical,0,canonical,1,opposite_same_wording,GENERATION_BOUNDARY,selected_V_necessity_loss,0.10792724043130875,30,4,
confirmation,exp12_config_command_07,config_command,canonical,0,canonical,1,opposite_same_wording,GENERATION_BOUNDARY,cross_selected_V_sufficiency,0.09869736433029175,30,4,
confirmation,exp12_config_command_07,config_command,canonical,0,canonical,1,opposite_same_wording,GENERATION_BOUNDARY,same_state_selected_V_control,-0.008732259273529053,30,4,
confirmation,exp12_config_command_07,config_command,canonical,0,canonical,1,opposite_same_wording,GENERATION_BOUNDARY,matched_negative_ISSUE_V_sufficiency,-0.001960277557373047,30,4,
confirmation,exp12_config_command_07,config_command,canonical,0,canonical,1,opposite_same_wording,GENERATION_BOUNDARY,old_absolute_V_sufficiency,0.10299906134605408,30,4,
confirmation,exp12_config_command_07,config_command,canonical,0,canonical,1,opposite_same_wording,SYSTEM_END,runner_up_V_sufficiency,0.002329587936401367,30,4,
confirmation,exp12_config_command_07,config_command,canonical,0,canonical,1,opposite_same_wording,SYSTEM_END,runner_up_V_necessity_loss,2.17145324498415,30,4,
confirmation,exp12_config_command_07,config_command,canonical,0,canonical,1,opposite_same_wording,GENERATION_BOUNDARY,reader_target_pos_sufficiency,0.12324118614196777,30,4,"0,16,18"
confirmation,exp12_config_command_07,config_command,canonical,0,canonical,1,opposite_same_wording,GENERATION_BOUNDARY,reader_target_pos_necessity,0.12121173739433289,30,4,"0,16,18"
confirmation,exp12_config_command_07,config_command,canonical,0,canonical,1,opposite_same_wording,GENERATION_BOUNDARY,reader_negative_neg_sufficiency,-0.014045923948287964,30,4,"1,17,19"
confirmation,exp12_config_command_07,config_command,canonical,0,canonical,1,opposite_same_wording,GENERATION_BOUNDARY,reader_negative_neg_necessity,-0.01607537269592285,30,4,"1,17,19"
confirmation,exp12_config_command_07,config_command,canonical,0,canonical,1,opposite_same_wording,GENERATION_BOUNDARY,reader_non_set_sufficiency,0.0,30,4,"2,3,4,5,6,7,8,9,10,11,12,13,14,15,20,21,22,23,24,25,26,27,28,29,30,31"
confirmation,exp12_config_command_07,config_command,canonical,0,canonical,1,opposite_same_wording,GENERATION_BOUNDARY,reader_non_set_necessity,0.0,30,4,"2,3,4,5,6,7,8,9,10,11,12,13,14,15,20,21,22,23,24,25,26,27,28,29,30,31"
confirmation,exp12_config_command_07,config_command,canonical,0,canonical,1,opposite_same_wording,GENERATION_BOUNDARY,reader_all28_sufficiency,0.10716581344604492,30,4,"0,1,2,3,4,5,6,7,8,9,10,11,12,13,14,15,16,17,18,19,20,21,22,23,24,25,26,27,28,29,30,31"
confirmation,exp12_config_command_07,config_command,canonical,0,canonical,1,opposite_same_wording,GENERATION_BOUNDARY,reader_all28_necessity,0.10716581344604492,30,4,"0,1,2,3,4,5,6,7,8,9,10,11,12,13,14,15,16,17,18,19,20,21,22,23,24,25,26,27,28,29,30,31"
confirmation,exp12_config_command_07,config_command,canonical,0,canonical,1,opposite_same_wording,GENERATION_BOUNDARY,reader_verified_v_effect,0.10716581344604492,30,4,
confirmation,exp12_config_command_07,config_command,canonical,0,canonical,1,opposite_same_wording,GENERATION_BOUNDARY,reader_leakage_ratio,0.0,30,4,
confirmation,exp12_config_command_07,config_command,paraphrase,0,paraphrase,1,opposite_same_wording,GENERATION_BOUNDARY,selected_V_sufficiency,0.11439433693885803,30,4,
confirmation,exp12_config_command_07,config_command,paraphrase,0,paraphrase,1,opposite_same_wording,GENERATION_BOUNDARY,selected_V_necessity_loss,0.06860637664794922,30,4,
confirmation,exp12_config_command_07,config_command,paraphrase,0,paraphrase,1,opposite_same_wording,GENERATION_BOUNDARY,cross_selected_V_sufficiency,0.11947423219680786,30,4,
confirmation,exp12_config_command_07,config_command,paraphrase,0,paraphrase,1,opposite_same_wording,GENERATION_BOUNDARY,same_state_selected_V_control,0.01088973879814148,30,4,
confirmation,exp12_config_command_07,config_command,paraphrase,0,paraphrase,1,opposite_same_wording,GENERATION_BOUNDARY,matched_negative_ISSUE_V_sufficiency,-0.0010494887828826904,30,4,
confirmation,exp12_config_command_07,config_command,paraphrase,0,paraphrase,1,opposite_same_wording,GENERATION_BOUNDARY,old_absolute_V_sufficiency,0.10664275288581848,30,4,
confirmation,exp12_config_command_07,config_command,paraphrase,0,paraphrase,1,opposite_same_wording,FINAL_INSTRUCTION_END,runner_up_V_sufficiency,0.0015568137168884277,30,4,
confirmation,exp12_config_command_07,config_command,paraphrase,0,paraphrase,1,opposite_same_wording,FINAL_INSTRUCTION_END,runner_up_V_necessity_loss,1.5589393824338913,30,4,
confirmation,exp12_config_command_07,config_command,paraphrase,0,paraphrase,1,opposite_same_wording,GENERATION_BOUNDARY,reader_target_pos_sufficiency,0.13004723191261292,30,4,"0,16,18"
confirmation,exp12_config_command_07,config_command,paraphrase,0,paraphrase,1,opposite_same_wording,GENERATION_BOUNDARY,reader_target_pos_necessity,0.12586647272109985,30,4,"0,16,18"
confirmation,exp12_config_command_07,config_command,paraphrase,0,paraphrase,1,opposite_same_wording,GENERATION_BOUNDARY,reader_negative_neg_sufficiency,-0.011472135782241821,30,4,"1,17,19"
confirmation,exp12_config_command_07,config_command,paraphrase,0,paraphrase,1,opposite_same_wording,GENERATION_BOUNDARY,reader_negative_neg_necessity,-0.015652894973754883,30,4,"1,17,19"
confirmation,exp12_config_command_07,config_command,paraphrase,0,paraphrase,1,opposite_same_wording,GENERATION_BOUNDARY,reader_non_set_sufficiency,0.0,30,4,"2,3,4,5,6,7,8,9,10,11,12,13,14,15,20,21,22,23,24,25,26,27,28,29,30,31"
confirmation,exp12_config_command_07,config_command,paraphrase,0,paraphrase,1,opposite_same_wording,GENERATION_BOUNDARY,reader_non_set_necessity,0.0,30,4,"2,3,4,5,6,7,8,9,10,11,12,13,14,15,20,21,22,23,24,25,26,27,28,29,30,31"
confirmation,exp12_config_command_07,config_command,paraphrase,0,paraphrase,1,opposite_same_wording,GENERATION_BOUNDARY,reader_all28_sufficiency,0.11439433693885803,30,4,"0,1,2,3,4,5,6,7,8,9,10,11,12,13,14,15,16,17,18,19,20,21,22,23,24,25,26,27,28,29,30,31"
confirmation,exp12_config_command_07,config_command,paraphrase,0,paraphrase,1,opposite_same_wording,GENERATION_BOUNDARY,reader_all28_necessity,0.11439433693885803,30,4,"0,1,2,3,4,5,6,7,8,9,10,11,12,13,14,15,16,17,18,19,20,21,22,23,24,25,26,27,28,29,30,31"
confirmation,exp12_config_command_07,config_command,paraphrase,0,paraphrase,1,opposite_same_wording,GENERATION_BOUNDARY,reader_verified_v_effect,0.11439433693885803,30,4,
confirmation,exp12_config_command_07,config_command,paraphrase,0,paraphrase,1,opposite_same_wording,GENERATION_BOUNDARY,reader_leakage_ratio,0.0,30,4,
confirmation,exp12_config_command_07,config_command,canonical,1,canonical,0,opposite_same_wording,GENERATION_BOUNDARY,selected_V_sufficiency,0.06084556132555008,30,4,
confirmation,exp12_config_command_07,config_command,canonical,1,canonical,0,opposite_same_wording,GENERATION_BOUNDARY,selected_V_necessity_loss,0.1089179515838623,30,4,
confirmation,exp12_config_command_07,config_command,canonical,1,canonical,0,opposite_same_wording,GENERATION_BOUNDARY,cross_selected_V_sufficiency,0.05404523015022278,30,4,
confirmation,exp12_config_command_07,config_command,canonical,1,canonical,0,opposite_same_wording,GENERATION_BOUNDARY,same_state_selected_V_control,-0.01090184599161148,30,4,
confirmation,exp12_config_command_07,config_command,canonical,1,canonical,0,opposite_same_wording,GENERATION_BOUNDARY,matched_negative_ISSUE_V_sufficiency,-0.0007093623280525208,30,4,
confirmation,exp12_config_command_07,config_command,canonical,1,canonical,0,opposite_same_wording,GENERATION_BOUNDARY,old_absolute_V_sufficiency,0.06084774434566498,30,4,
confirmation,exp12_config_command_07,config_command,canonical,1,canonical,0,opposite_same_wording,SYSTEM_END,runner_up_V_sufficiency,0.0032034963369369507,30,4,
confirmation,exp12_config_command_07,config_command,canonical,1,canonical,0,opposite_same_wording,SYSTEM_END,runner_up_V_necessity_loss,2.0812347754836082,30,4,
confirmation,exp12_config_command_07,config_command,canonical,1,canonical,0,opposite_same_wording,GENERATION_BOUNDARY,reader_target_pos_sufficiency,0.06406174600124359,30,4,"0,16,18"
confirmation,exp12_config_command_07,config_command,canonical,1,canonical,0,opposite_same_wording,GENERATION_BOUNDARY,reader_target_pos_necessity,0.06128242611885071,30,4,"0,16,18"
confirmation,exp12_config_command_07,config_command,canonical,1,canonical,0,opposite_same_wording,GENERATION_BOUNDARY,reader_negative_neg_sufficiency,-0.00043686479330062866,30,4,"1,17,19"
confirmation,exp12_config_command_07,config_command,canonical,1,canonical,0,opposite_same_wording,GENERATION_BOUNDARY,reader_negative_neg_necessity,-0.003216184675693512,30,4,"1,17,19"
confirmation,exp12_config_command_07,config_command,canonical,1,canonical,0,opposite_same_wording,GENERATION_BOUNDARY,reader_non_set_sufficiency,-0.0,30,4,"2,3,4,5,6,7,8,9,10,11,12,13,14,15,20,21,22,23,24,25,26,27,28,29,30,31"
confirmation,exp12_config_command_07,config_command,canonical,1,canonical,0,opposite_same_wording,GENERATION_BOUNDARY,reader_non_set_necessity,0.0,30,4,"2,3,4,5,6,7,8,9,10,11,12,13,14,15,20,21,22,23,24,25,26,27,28,29,30,31"
confirmation,exp12_config_command_07,config_command,canonical,1,canonical,0,opposite_same_wording,GENERATION_BOUNDARY,reader_all28_sufficiency,0.06084556132555008,30,4,"0,1,2,3,4,5,6,7,8,9,10,11,12,13,14,15,16,17,18,19,20,21,22,23,24,25,26,27,28,29,30,31"
confirmation,exp12_config_command_07,config_command,canonical,1,canonical,0,opposite_same_wording,GENERATION_BOUNDARY,reader_all28_necessity,0.06084556132555008,30,4,"0,1,2,3,4,5,6,7,8,9,10,11,12,13,14,15,16,17,18,19,20,21,22,23,24,25,26,27,28,29,30,31"
confirmation,exp12_config_command_07,config_command,canonical,1,canonical,0,opposite_same_wording,GENERATION_BOUNDARY,reader_verified_v_effect,0.06084556132555008,30,4,
confirmation,exp12_config_command_07,config_command,canonical,1,canonical,0,opposite_same_wording,GENERATION_BOUNDARY,reader_leakage_ratio,0.0,30,4,
confirmation,exp12_config_command_07,config_command,paraphrase,1,paraphrase,0,opposite_same_wording,GENERATION_BOUNDARY,selected_V_sufficiency,0.04354929178953171,30,4,
confirmation,exp12_config_command_07,config_command,paraphrase,1,paraphrase,0,opposite_same_wording,GENERATION_BOUNDARY,selected_V_necessity_loss,0.0999072790145874,30,4,
confirmation,exp12_config_command_07,config_command,paraphrase,1,paraphrase,0,opposite_same_wording,GENERATION_BOUNDARY,cross_selected_V_sufficiency,0.049995072185993195,30,4,
confirmation,exp12_config_command_07,config_command,paraphrase,1,paraphrase,0,opposite_same_wording,GENERATION_BOUNDARY,same_state_selected_V_control,0.014678217470645905,30,4,
confirmation,exp12_config_command_07,config_command,paraphrase,1,paraphrase,0,opposite_same_wording,GENERATION_BOUNDARY,matched_negative_ISSUE_V_sufficiency,0.0028461292386054993,30,4,
confirmation,exp12_config_command_07,config_command,paraphrase,1,paraphrase,0,opposite_same_wording,GENERATION_BOUNDARY,old_absolute_V_sufficiency,0.043597497045993805,30,4,
confirmation,exp12_config_command_07,config_command,paraphrase,1,paraphrase,0,opposite_same_wording,FINAL_INSTRUCTION_END,runner_up_V_sufficiency,4.509836435317993e-05,30,4,
confirmation,exp12_config_command_07,config_command,paraphrase,1,paraphrase,0,opposite_same_wording,FINAL_INSTRUCTION_END,runner_up_V_necessity_loss,1.5494871065020561,30,4,
confirmation,exp12_config_command_07,config_command,paraphrase,1,paraphrase,0,opposite_same_wording,GENERATION_BOUNDARY,reader_target_pos_sufficiency,0.05082213133573532,30,4,"0,16,18"
confirmation,exp12_config_command_07,config_command,paraphrase,1,paraphrase,0,opposite_same_wording,GENERATION_BOUNDARY,reader_target_pos_necessity,0.04353397339582443,30,4,"0,16,18"
confirmation,exp12_config_command_07,config_command,paraphrase,1,paraphrase,0,opposite_same_wording,GENERATION_BOUNDARY,reader_negative_neg_sufficiency,1.531839370727539e-05,30,4,"1,17,19"
confirmation,exp12_config_command_07,config_command,paraphrase,1,paraphrase,0,opposite_same_wording,GENERATION_BOUNDARY,reader_negative_neg_necessity,-0.007272839546203613,30,4,"1,17,19"
confirmation,exp12_config_command_07,config_command,paraphrase,1,paraphrase,0,opposite_same_wording,GENERATION_BOUNDARY,reader_non_set_sufficiency,-0.0,30,4,"2,3,4,5,6,7,8,9,10,11,12,13,14,15,20,21,22,23,24,25,26,27,28,29,30,31"
confirmation,exp12_config_command_07,config_command,paraphrase,1,paraphrase,0,opposite_same_wording,GENERATION_BOUNDARY,reader_non_set_necessity,0.0,30,4,"2,3,4,5,6,7,8,9,10,11,12,13,14,15,20,21,22,23,24,25,26,27,28,29,30,31"
confirmation,exp12_config_command_07,config_command,paraphrase,1,paraphrase,0,opposite_same_wording,GENERATION_BOUNDARY,reader_all28_sufficiency,0.04354929178953171,30,4,"0,1,2,3,4,5,6,7,8,9,10,11,12,13,14,15,16,17,18,19,20,21,22,23,24,25,26,27,28,29,30,31"
confirmation,exp12_config_command_07,config_command,paraphrase,1,paraphrase,0,opposite_same_wording,GENERATION_BOUNDARY,reader_all28_necessity,0.04354929178953171,30,4,"0,1,2,3,4,5,6,7,8,9,10,11,12,13,14,15,16,17,18,19,20,21,22,23,24,25,26,27,28,29,30,31"
confirmation,exp12_config_command_07,config_command,paraphrase,1,paraphrase,0,opposite_same_wording,GENERATION_BOUNDARY,reader_verified_v_effect,0.04354929178953171,30,4,
confirmation,exp12_config_command_07,config_command,paraphrase,1,paraphrase,0,opposite_same_wording,GENERATION_BOUNDARY,reader_leakage_ratio,0.0,30,4,
confirmation,exp12_config_command_07,config_command,direct,0,direct,1,direct_opposite_label,USER_END,direct_V_sufficiency,0.019215881824493408,30,4,
confirmation,exp12_config_command_07,config_command,direct,1,direct,0,direct_opposite_label,USER_END,direct_V_sufficiency,0.011899113655090332,30,4,
confirmation,exp12_config_command_13,config_command,canonical,0,canonical,1,opposite_same_wording,GENERATION_BOUNDARY,selected_V_sufficiency,0.11753815412521362,30,4,
confirmation,exp12_config_command_13,config_command,canonical,0,canonical,1,opposite_same_wording,GENERATION_BOUNDARY,selected_V_necessity_loss,0.11504471302032471,30,4,
confirmation,exp12_config_command_13,config_command,canonical,0,canonical,1,opposite_same_wording,GENERATION_BOUNDARY,cross_selected_V_sufficiency,0.11642155051231384,30,4,
confirmation,exp12_config_command_13,config_command,canonical,0,canonical,1,opposite_same_wording,GENERATION_BOUNDARY,same_state_selected_V_control,-0.013172119855880737,30,4,
confirmation,exp12_config_command_13,config_command,canonical,0,canonical,1,opposite_same_wording,GENERATION_BOUNDARY,matched_negative_ISSUE_V_sufficiency,-0.0017103850841522217,30,4,
confirmation,exp12_config_command_13,config_command,canonical,0,canonical,1,opposite_same_wording,GENERATION_BOUNDARY,old_absolute_V_sufficiency,0.11214494705200195,30,4,
confirmation,exp12_config_command_13,config_command,canonical,0,canonical,1,opposite_same_wording,SYSTEM_END,runner_up_V_sufficiency,0.01076921820640564,30,4,
confirmation,exp12_config_command_13,config_command,canonical,0,canonical,1,opposite_same_wording,SYSTEM_END,runner_up_V_necessity_loss,2.343191921710968,30,4,
confirmation,exp12_config_command_13,config_command,canonical,0,canonical,1,opposite_same_wording,GENERATION_BOUNDARY,reader_target_pos_sufficiency,0.12836682796478271,30,4,"0,16,18"
confirmation,exp12_config_command_13,config_command,canonical,0,canonical,1,opposite_same_wording,GENERATION_BOUNDARY,reader_target_pos_necessity,0.12640798091888428,30,4,"0,16,18"
confirmation,exp12_config_command_13,config_command,canonical,0,canonical,1,opposite_same_wording,GENERATION_BOUNDARY,reader_negative_neg_sufficiency,-0.008869826793670654,30,4,"1,17,19"
confirmation,exp12_config_command_13,config_command,canonical,0,canonical,1,opposite_same_wording,GENERATION_BOUNDARY,reader_negative_neg_necessity,-0.010828673839569092,30,4,"1,17,19"
confirmation,exp12_config_command_13,config_command,canonical,0,canonical,1,opposite_same_wording,GENERATION_BOUNDARY,reader_non_set_sufficiency,0.0,30,4,"2,3,4,5,6,7,8,9,10,11,12,13,14,15,20,21,22,23,24,25,26,27,28,29,30,31"
confirmation,exp12_config_command_13,config_command,canonical,0,canonical,1,opposite_same_wording,GENERATION_BOUNDARY,reader_non_set_necessity,0.0,30,4,"2,3,4,5,6,7,8,9,10,11,12,13,14,15,20,21,22,23,24,25,26,27,28,29,30,31"
confirmation,exp12_config_command_13,config_command,canonical,0,canonical,1,opposite_same_wording,GENERATION_BOUNDARY,reader_all28_sufficiency,0.11753815412521362,30,4,"0,1,2,3,4,5,6,7,8,9,10,11,12,13,14,15,16,17,18,19,20,21,22,23,24,25,26,27,28,29,30,31"
confirmation,exp12_config_command_13,config_command,canonical,0,canonical,1,opposite_same_wording,GENERATION_BOUNDARY,reader_all28_necessity,0.11753815412521362,30,4,"0,1,2,3,4,5,6,7,8,9,10,11,12,13,14,15,16,17,18,19,20,21,22,23,24,25,26,27,28,29,30,31"
confirmation,exp12_config_command_13,config_command,canonical,0,canonical,1,opposite_same_wording,GENERATION_BOUNDARY,reader_verified_v_effect,0.11753815412521362,30,4,
confirmation,exp12_config_command_13,config_command,canonical,0,canonical,1,opposite_same_wording,GENERATION_BOUNDARY,reader_leakage_ratio,0.0,30,4,
confirmation,exp12_config_command_13,config_command,paraphrase,0,paraphrase,1,opposite_same_wording,GENERATION_BOUNDARY,selected_V_sufficiency,0.1444883942604065,30,4,
confirmation,exp12_config_command_13,config_command,paraphrase,0,paraphrase,1,opposite_same_wording,GENERATION_BOUNDARY,selected_V_necessity_loss,0.08303683996200562,30,4,
confirmation,exp12_config_command_13,config_command,paraphrase,0,paraphrase,1,opposite_same_wording,GENERATION_BOUNDARY,cross_selected_V_sufficiency,0.14382636547088623,30,4,
confirmation,exp12_config_command_13,config_command,paraphrase,0,paraphrase,1,opposite_same_wording,GENERATION_BOUNDARY,same_state_selected_V_control,0.015275835990905762,30,4,
confirmation,exp12_config_command_13,config_command,paraphrase,0,paraphrase,1,opposite_same_wording,GENERATION_BOUNDARY,matched_negative_ISSUE_V_sufficiency,0.0033745169639587402,30,4,
confirmation,exp12_config_command_13,config_command,paraphrase,0,paraphrase,1,opposite_same_wording,GENERATION_BOUNDARY,old_absolute_V_sufficiency,0.13361668586730957,30,4,
confirmation,exp12_config_command_13,config_command,paraphrase,0,paraphrase,1,opposite_same_wording,FINAL_INSTRUCTION_END,runner_up_V_sufficiency,0.002394765615463257,30,4,
confirmation,exp12_config_command_13,config_command,paraphrase,0,paraphrase,1,opposite_same_wording,FINAL_INSTRUCTION_END,runner_up_V_necessity_loss,2.0287428498268127,30,4,
confirmation,exp12_config_command_13,config_command,paraphrase,0,paraphrase,1,opposite_same_wording,GENERATION_BOUNDARY,reader_target_pos_sufficiency,0.16700848937034607,30,4,"0,16,18"
confirmation,exp12_config_command_13,config_command,paraphrase,0,paraphrase,1,opposite_same_wording,GENERATION_BOUNDARY,reader_target_pos_necessity,0.160611093044281,30,4,"0,16,18"
confirmation,exp12_config_command_13,config_command,paraphrase,0,paraphrase,1,opposite_same_wording,GENERATION_BOUNDARY,reader_negative_neg_sufficiency,-0.01612269878387451,30,4,"1,17,19"
confirmation,exp12_config_command_13,config_command,paraphrase,0,paraphrase,1,opposite_same_wording,GENERATION_BOUNDARY,reader_negative_neg_necessity,-0.022520095109939575,30,4,"1,17,19"
confirmation,exp12_config_command_13,config_command,paraphrase,0,paraphrase,1,opposite_same_wording,GENERATION_BOUNDARY,reader_non_set_sufficiency,0.0,30,4,"2,3,4,5,6,7,8,9,10,11,12,13,14,15,20,21,22,23,24,25,26,27,28,29,30,31"
confirmation,exp12_config_command_13,config_command,paraphrase,0,paraphrase,1,opposite_same_wording,GENERATION_BOUNDARY,reader_non_set_necessity,0.0,30,4,"2,3,4,5,6,7,8,9,10,11,12,13,14,15,20,21,22,23,24,25,26,27,28,29,30,31"
confirmation,exp12_config_command_13,config_command,paraphrase,0,paraphrase,1,opposite_same_wording,GENERATION_BOUNDARY,reader_all28_sufficiency,0.1444883942604065,30,4,"0,1,2,3,4,5,6,7,8,9,10,11,12,13,14,15,16,17,18,19,20,21,22,23,24,25,26,27,28,29,30,31"
confirmation,exp12_config_command_13,config_command,paraphrase,0,paraphrase,1,opposite_same_wording,GENERATION_BOUNDARY,reader_all28_necessity,0.1444883942604065,30,4,"0,1,2,3,4,5,6,7,8,9,10,11,12,13,14,15,16,17,18,19,20,21,22,23,24,25,26,27,28,29,30,31"
confirmation,exp12_config_command_13,config_command,paraphrase,0,paraphrase,1,opposite_same_wording,GENERATION_BOUNDARY,reader_verified_v_effect,0.1444883942604065,30,4,
confirmation,exp12_config_command_13,config_command,paraphrase,0,paraphrase,1,opposite_same_wording,GENERATION_BOUNDARY,reader_leakage_ratio,0.0,30,4,
confirmation,exp12_config_command_13,config_command,canonical,1,canonical,0,opposite_same_wording,GENERATION_BOUNDARY,selected_V_sufficiency,0.06521937251091003,30,4,
confirmation,exp12_config_command_13,config_command,canonical,1,canonical,0,opposite_same_wording,GENERATION_BOUNDARY,selected_V_necessity_loss,0.11674627661705017,30,4,
confirmation,exp12_config_command_13,config_command,canonical,1,canonical,0,opposite_same_wording,GENERATION_BOUNDARY,cross_selected_V_sufficiency,0.057595089077949524,30,4,
confirmation,exp12_config_command_13,config_command,canonical,1,canonical,0,opposite_same_wording,GENERATION_BOUNDARY,same_state_selected_V_control,2.8870999813079834e-05,30,4,
confirmation,exp12_config_command_13,config_command,canonical,1,canonical,0,opposite_same_wording,GENERATION_BOUNDARY,matched_negative_ISSUE_V_sufficiency,-0.00017742067575454712,30,4,
confirmation,exp12_config_command_13,config_command,canonical,1,canonical,0,opposite_same_wording,GENERATION_BOUNDARY,old_absolute_V_sufficiency,0.06515102088451385,30,4,
confirmation,exp12_config_command_13,config_command,canonical,1,canonical,0,opposite_same_wording,SYSTEM_END,runner_up_V_sufficiency,0.0046085938811302185,30,4,
confirmation,exp12_config_command_13,config_command,canonical,1,canonical,0,opposite_same_wording,SYSTEM_END,runner_up_V_necessity_loss,2.2429905757308006,30,4,
confirmation,exp12_config_command_13,config_command,canonical,1,canonical,0,opposite_same_wording,GENERATION_BOUNDARY,reader_target_pos_sufficiency,0.07314014434814453,30,4,"0,16,18"
confirmation,exp12_config_command_13,config_command,canonical,1,canonical,0,opposite_same_wording,GENERATION_BOUNDARY,reader_target_pos_necessity,0.07467827945947647,30,4,"0,16,18"
confirmation,exp12_config_command_13,config_command,canonical,1,canonical,0,opposite_same_wording,GENERATION_BOUNDARY,reader_negative_neg_sufficiency,-0.009458906948566437,30,4,"1,17,19"
confirmation,exp12_config_command_13,config_command,canonical,1,canonical,0,opposite_same_wording,GENERATION_BOUNDARY,reader_negative_neg_necessity,-0.007920771837234497,30,4,"1,17,19"
confirmation,exp12_config_command_13,config_command,canonical,1,canonical,0,opposite_same_wording,GENERATION_BOUNDARY,reader_non_set_sufficiency,-0.0,30,4,"2,3,4,5,6,7,8,9,10,11,12,13,14,15,20,21,22,23,24,25,26,27,28,29,30,31"
confirmation,exp12_config_command_13,config_command,canonical,1,canonical,0,opposite_same_wording,GENERATION_BOUNDARY,reader_non_set_necessity,0.0,30,4,"2,3,4,5,6,7,8,9,10,11,12,13,14,15,20,21,22,23,24,25,26,27,28,29,30,31"
confirmation,exp12_config_command_13,config_command,canonical,1,canonical,0,opposite_same_wording,GENERATION_BOUNDARY,reader_all28_sufficiency,0.06521937251091003,30,4,"0,1,2,3,4,5,6,7,8,9,10,11,12,13,14,15,16,17,18,19,20,21,22,23,24,25,26,27,28,29,30,31"
confirmation,exp12_config_command_13,config_command,canonical,1,canonical,0,opposite_same_wording,GENERATION_BOUNDARY,reader_all28_necessity,0.06521937251091003,30,4,"0,1,2,3,4,5,6,7,8,9,10,11,12,13,14,15,16,17,18,19,20,21,22,23,24,25,26,27,28,29,30,31"
confirmation,exp12_config_command_13,config_command,canonical,1,canonical,0,opposite_same_wording,GENERATION_BOUNDARY,reader_verified_v_effect,0.06521937251091003,30,4,
confirmation,exp12_config_command_13,config_command,canonical,1,canonical,0,opposite_same_wording,GENERATION_BOUNDARY,reader_leakage_ratio,0.0,30,4,
confirmation,exp12_config_command_13,config_command,paraphrase,1,paraphrase,0,opposite_same_wording,GENERATION_BOUNDARY,selected_V_sufficiency,0.0627259612083435,30,4,
confirmation,exp12_config_command_13,config_command,paraphrase,1,paraphrase,0,opposite_same_wording,GENERATION_BOUNDARY,selected_V_necessity_loss,0.1300753355026245,30,4,
confirmation,exp12_config_command_13,config_command,paraphrase,1,paraphrase,0,opposite_same_wording,GENERATION_BOUNDARY,cross_selected_V_sufficiency,0.07382813096046448,30,4,
confirmation,exp12_config_command_13,config_command,paraphrase,1,paraphrase,0,opposite_same_wording,GENERATION_BOUNDARY,same_state_selected_V_control,0.006554156541824341,30,4,
confirmation,exp12_config_command_13,config_command,paraphrase,1,paraphrase,0,opposite_same_wording,GENERATION_BOUNDARY,matched_negative_ISSUE_V_sufficiency,-0.0014407634735107422,30,4,
confirmation,exp12_config_command_13,config_command,paraphrase,1,paraphrase,0,opposite_same_wording,GENERATION_BOUNDARY,old_absolute_V_sufficiency,0.06286469101905823,30,4,
confirmation,exp12_config_command_13,config_command,paraphrase,1,paraphrase,0,opposite_same_wording,FINAL_INSTRUCTION_END,runner_up_V_sufficiency,5.453824996948242e-06,30,4,
confirmation,exp12_config_command_13,config_command,paraphrase,1,paraphrase,0,opposite_same_wording,FINAL_INSTRUCTION_END,runner_up_V_necessity_loss,2.0157545506954193,30,4,
confirmation,exp12_config_command_13,config_command,paraphrase,1,paraphrase,0,opposite_same_wording,GENERATION_BOUNDARY,reader_target_pos_sufficiency,0.08386176824569702,30,4,"0,16,18"
confirmation,exp12_config_command_13,config_command,paraphrase,1,paraphrase,0,opposite_same_wording,GENERATION_BOUNDARY,reader_target_pos_necessity,0.07371994853019714,30,4,"0,16,18"
confirmation,exp12_config_command_13,config_command,paraphrase,1,paraphrase,0,opposite_same_wording,GENERATION_BOUNDARY,reader_negative_neg_sufficiency,-0.010993987321853638,30,4,"1,17,19"
confirmation,exp12_config_command_13,config_command,paraphrase,1,paraphrase,0,opposite_same_wording,GENERATION_BOUNDARY,reader_negative_neg_necessity,-0.021135807037353516,30,4,"1,17,19"
confirmation,exp12_config_command_13,config_command,paraphrase,1,paraphrase,0,opposite_same_wording,GENERATION_BOUNDARY,reader_non_set_sufficiency,-0.0,30,4,"2,3,4,5,6,7,8,9,10,11,12,13,14,15,20,21,22,23,24,25,26,27,28,29,30,31"
confirmation,exp12_config_command_13,config_command,paraphrase,1,paraphrase,0,opposite_same_wording,GENERATION_BOUNDARY,reader_non_set_necessity,0.0,30,4,"2,3,4,5,6,7,8,9,10,11,12,13,14,15,20,21,22,23,24,25,26,27,28,29,30,31"
confirmation,exp12_config_command_13,config_command,paraphrase,1,paraphrase,0,opposite_same_wording,GENERATION_BOUNDARY,reader_all28_sufficiency,0.0627259612083435,30,4,"0,1,2,3,4,5,6,7,8,9,10,11,12,13,14,15,16,17,18,19,20,21,22,23,24,25,26,27,28,29,30,31"
confirmation,exp12_config_command_13,config_command,paraphrase,1,paraphrase,0,opposite_same_wording,GENERATION_BOUNDARY,reader_all28_necessity,0.0627259612083435,30,4,"0,1,2,3,4,5,6,7,8,9,10,11,12,13,14,15,16,17,18,19,20,21,22,23,24,25,26,27,28,29,30,31"
confirmation,exp12_config_command_13,config_command,paraphrase,1,paraphrase,0,opposite_same_wording,GENERATION_BOUNDARY,reader_verified_v_effect,0.0627259612083435,30,4,
confirmation,exp12_config_command_13,config_command,paraphrase,1,paraphrase,0,opposite_same_wording,GENERATION_BOUNDARY,reader_leakage_ratio,0.0,30,4,
confirmation,exp12_config_command_13,config_command,direct,0,direct,1,direct_opposite_label,USER_END,direct_V_sufficiency,0.01943230628967285,30,4,
confirmation,exp12_config_command_13,config_command,direct,1,direct,0,direct_opposite_label,USER_END,direct_V_sufficiency,0.015402942895889282,30,4,
confirmation,exp12_config_command_14,config_command,canonical,0,canonical,1,opposite_same_wording,GENERATION_BOUNDARY,selected_V_sufficiency,0.1113915741443634,30,4,
confirmation,exp12_config_command_14,config_command,canonical,0,canonical,1,opposite_same_wording,GENERATION_BOUNDARY,selected_V_necessity_loss,0.11098453402519226,30,4,
confirmation,exp12_config_command_14,config_command,canonical,0,canonical,1,opposite_same_wording,GENERATION_BOUNDARY,cross_selected_V_sufficiency,0.10321727395057678,30,4,
confirmation,exp12_config_command_14,config_command,canonical,0,canonical,1,opposite_same_wording,GENERATION_BOUNDARY,same_state_selected_V_control,-0.011511087417602539,30,4,
confirmation,exp12_config_command_14,config_command,canonical,0,canonical,1,opposite_same_wording,GENERATION_BOUNDARY,matched_negative_ISSUE_V_sufficiency,-0.0073600709438323975,30,4,
confirmation,exp12_config_command_14,config_command,canonical,0,canonical,1,opposite_same_wording,GENERATION_BOUNDARY,old_absolute_V_sufficiency,0.10821998119354248,30,4,
confirmation,exp12_config_command_14,config_command,canonical,0,canonical,1,opposite_same_wording,SYSTEM_END,runner_up_V_sufficiency,0.005427658557891846,30,4,
confirmation,exp12_config_command_14,config_command,canonical,0,canonical,1,opposite_same_wording,SYSTEM_END,runner_up_V_necessity_loss,2.1686704456806183,30,4,
confirmation,exp12_config_command_14,config_command,canonical,0,canonical,1,opposite_same_wording,GENERATION_BOUNDARY,reader_target_pos_sufficiency,0.125461608171463,30,4,"0,16,18"
confirmation,exp12_config_command_14,config_command,canonical,0,canonical,1,opposite_same_wording,GENERATION_BOUNDARY,reader_target_pos_necessity,0.1274021863937378,30,4,"0,16,18"
confirmation,exp12_config_command_14,config_command,canonical,0,canonical,1,opposite_same_wording,GENERATION_BOUNDARY,reader_negative_neg_sufficiency,-0.01601061224937439,30,4,"1,17,19"
confirmation,exp12_config_command_14,config_command,canonical,0,canonical,1,opposite_same_wording,GENERATION_BOUNDARY,reader_negative_neg_necessity,-0.01407003402709961,30,4,"1,17,19"
confirmation,exp12_config_command_14,config_command,canonical,0,canonical,1,opposite_same_wording,GENERATION_BOUNDARY,reader_non_set_sufficiency,0.0,30,4,"2,3,4,5,6,7,8,9,10,11,12,13,14,15,20,21,22,23,24,25,26,27,28,29,30,31"
confirmation,exp12_config_command_14,config_command,canonical,0,canonical,1,opposite_same_wording,GENERATION_BOUNDARY,reader_non_set_necessity,0.0,30,4,"2,3,4,5,6,7,8,9,10,11,12,13,14,15,20,21,22,23,24,25,26,27,28,29,30,31"
confirmation,exp12_config_command_14,config_command,canonical,0,canonical,1,opposite_same_wording,GENERATION_BOUNDARY,reader_all28_sufficiency,0.1113915741443634,30,4,"0,1,2,3,4,5,6,7,8,9,10,11,12,13,14,15,16,17,18,19,20,21,22,23,24,25,26,27,28,29,30,31"
confirmation,exp12_config_command_14,config_command,canonical,0,canonical,1,opposite_same_wording,GENERATION_BOUNDARY,reader_all28_necessity,0.1113915741443634,30,4,"0,1,2,3,4,5,6,7,8,9,10,11,12,13,14,15,16,17,18,19,20,21,22,23,24,25,26,27,28,29,30,31"
confirmation,exp12_config_command_14,config_command,canonical,0,canonical,1,opposite_same_wording,GENERATION_BOUNDARY,reader_verified_v_effect,0.1113915741443634,30,4,
confirmation,exp12_config_command_14,config_command,canonical,0,canonical,1,opposite_same_wording,GENERATION_BOUNDARY,reader_leakage_ratio,0.0,30,4,
confirmation,exp12_config_command_14,config_command,paraphrase,0,paraphrase,1,opposite_same_wording,GENERATION_BOUNDARY,selected_V_sufficiency,0.11919459700584412,30,4,
confirmation,exp12_config_command_14,config_command,paraphrase,0,paraphrase,1,opposite_same_wording,GENERATION_BOUNDARY,selected_V_necessity_loss,0.07091788947582245,30,4,
confirmation,exp12_config_command_14,config_command,paraphrase,0,paraphrase,1,opposite_same_wording,GENERATION_BOUNDARY,cross_selected_V_sufficiency,0.13120496273040771,30,4,
confirmation,exp12_config_command_14,config_command,paraphrase,0,paraphrase,1,opposite_same_wording,GENERATION_BOUNDARY,same_state_selected_V_control,0.018839865922927856,30,4,
confirmation,exp12_config_command_14,config_command,paraphrase,0,paraphrase,1,opposite_same_wording,GENERATION_BOUNDARY,matched_negative_ISSUE_V_sufficiency,-0.0005909204483032227,30,4,
confirmation,exp12_config_command_14,config_command,paraphrase,0,paraphrase,1,opposite_same_wording,GENERATION_BOUNDARY,old_absolute_V_sufficiency,0.11680629849433899,30,4,
confirmation,exp12_config_command_14,config_command,paraphrase,0,paraphrase,1,opposite_same_wording,FINAL_INSTRUCTION_END,runner_up_V_sufficiency,0.002415090799331665,30,4,
confirmation,exp12_config_command_14,config_command,paraphrase,0,paraphrase,1,opposite_same_wording,FINAL_INSTRUCTION_END,runner_up_V_necessity_loss,1.640092745423317,30,4,
confirmation,exp12_config_command_14,config_command,paraphrase,0,paraphrase,1,opposite_same_wording,GENERATION_BOUNDARY,reader_target_pos_sufficiency,0.13763543963432312,30,4,"0,16,18"
confirmation,exp12_config_command_14,config_command,paraphrase,0,paraphrase,1,opposite_same_wording,GENERATION_BOUNDARY,reader_target_pos_necessity,0.1364196538925171,30,4,"0,16,18"
confirmation,exp12_config_command_14,config_command,paraphrase,0,paraphrase,1,opposite_same_wording,GENERATION_BOUNDARY,reader_negative_neg_sufficiency,-0.017225056886672974,30,4,"1,17,19"
confirmation,exp12_config_command_14,config_command,paraphrase,0,paraphrase,1,opposite_same_wording,GENERATION_BOUNDARY,reader_negative_neg_necessity,-0.018440842628479004,30,4,"1,17,19"
confirmation,exp12_config_command_14,config_command,paraphrase,0,paraphrase,1,opposite_same_wording,GENERATION_BOUNDARY,reader_non_set_sufficiency,0.0,30,4,"2,3,4,5,6,7,8,9,10,11,12,13,14,15,20,21,22,23,24,25,26,27,28,29,30,31"
confirmation,exp12_config_command_14,config_command,paraphrase,0,paraphrase,1,opposite_same_wording,GENERATION_BOUNDARY,reader_non_set_necessity,0.0,30,4,"2,3,4,5,6,7,8,9,10,11,12,13,14,15,20,21,22,23,24,25,26,27,28,29,30,31"
confirmation,exp12_config_command_14,config_command,paraphrase,0,paraphrase,1,opposite_same_wording,GENERATION_BOUNDARY,reader_all28_sufficiency,0.11919459700584412,30,4,"0,1,2,3,4,5,6,7,8,9,10,11,12,13,14,15,16,17,18,19,20,21,22,23,24,25,26,27,28,29,30,31"
confirmation,exp12_config_command_14,config_command,paraphrase,0,paraphrase,1,opposite_same_wording,GENERATION_BOUNDARY,reader_all28_necessity,0.11919459700584412,30,4,"0,1,2,3,4,5,6,7,8,9,10,11,12,13,14,15,16,17,18,19,20,21,22,23,24,25,26,27,28,29,30,31"
confirmation,exp12_config_command_14,config_command,paraphrase,0,paraphrase,1,opposite_same_wording,GENERATION_BOUNDARY,reader_verified_v_effect,0.11919459700584412,30,4,
confirmation,exp12_config_command_14,config_command,paraphrase,0,paraphrase,1,opposite_same_wording,GENERATION_BOUNDARY,reader_leakage_ratio,0.0,30,4,
confirmation,exp12_config_command_14,config_command,canonical,1,canonical,0,opposite_same_wording,GENERATION_BOUNDARY,selected_V_sufficiency,0.05805017799139023,30,4,
confirmation,exp12_config_command_14,config_command,canonical,1,canonical,0,opposite_same_wording,GENERATION_BOUNDARY,selected_V_necessity_loss,0.1185833215713501,30,4,
confirmation,exp12_config_command_14,config_command,canonical,1,canonical,0,opposite_same_wording,GENERATION_BOUNDARY,cross_selected_V_sufficiency,0.05341646820306778,30,4,
confirmation,exp12_config_command_14,config_command,canonical,1,canonical,0,opposite_same_wording,GENERATION_BOUNDARY,same_state_selected_V_control,-0.0069947391748428345,30,4,
confirmation,exp12_config_command_14,config_command,canonical,1,canonical,0,opposite_same_wording,GENERATION_BOUNDARY,matched_negative_ISSUE_V_sufficiency,0.0016274824738502502,30,4,
confirmation,exp12_config_command_14,config_command,canonical,1,canonical,0,opposite_same_wording,GENERATION_BOUNDARY,old_absolute_V_sufficiency,0.05933929234743118,30,4,
confirmation,exp12_config_command_14,config_command,canonical,1,canonical,0,opposite_same_wording,SYSTEM_END,runner_up_V_sufficiency,0.0036988630890846252,30,4,
confirmation,exp12_config_command_14,config_command,canonical,1,canonical,0,opposite_same_wording,SYSTEM_END,runner_up_V_necessity_loss,2.0844775587320328,30,4,
confirmation,exp12_config_command_14,config_command,canonical,1,canonical,0,opposite_same_wording,GENERATION_BOUNDARY,reader_target_pos_sufficiency,0.0618651881814003,30,4,"0,16,18"
confirmation,exp12_config_command_14,config_command,canonical,1,canonical,0,opposite_same_wording,GENERATION_BOUNDARY,reader_target_pos_necessity,0.059678755700588226,30,4,"0,16,18"
confirmation,exp12_config_command_14,config_command,canonical,1,canonical,0,opposite_same_wording,GENERATION_BOUNDARY,reader_negative_neg_sufficiency,-0.001628577709197998,30,4,"1,17,19"
confirmation,exp12_config_command_14,config_command,canonical,1,canonical,0,opposite_same_wording,GENERATION_BOUNDARY,reader_negative_neg_necessity,-0.003815010190010071,30,4,"1,17,19"
confirmation,exp12_config_command_14,config_command,canonical,1,canonical,0,opposite_same_wording,GENERATION_BOUNDARY,reader_non_set_sufficiency,-0.0,30,4,"2,3,4,5,6,7,8,9,10,11,12,13,14,15,20,21,22,23,24,25,26,27,28,29,30,31"
confirmation,exp12_config_command_14,config_command,canonical,1,canonical,0,opposite_same_wording,GENERATION_BOUNDARY,reader_non_set_necessity,0.0,30,4,"2,3,4,5,6,7,8,9,10,11,12,13,14,15,20,21,22,23,24,25,26,27,28,29,30,31"
confirmation,exp12_config_command_14,config_command,canonical,1,canonical,0,opposite_same_wording,GENERATION_BOUNDARY,reader_all28_sufficiency,0.05805017799139023,30,4,"0,1,2,3,4,5,6,7,8,9,10,11,12,13,14,15,16,17,18,19,20,21,22,23,24,25,26,27,28,29,30,31"
confirmation,exp12_config_command_14,config_command,canonical,1,canonical,0,opposite_same_wording,GENERATION_BOUNDARY,reader_all28_necessity,0.05805017799139023,30,4,"0,1,2,3,4,5,6,7,8,9,10,11,12,13,14,15,16,17,18,19,20,21,22,23,24,25,26,27,28,29,30,31"
confirmation,exp12_config_command_14,config_command,canonical,1,canonical,0,opposite_same_wording,GENERATION_BOUNDARY,reader_verified_v_effect,0.05805017799139023,30,4,
confirmation,exp12_config_command_14,config_command,canonical,1,canonical,0,opposite_same_wording,GENERATION_BOUNDARY,reader_leakage_ratio,0.0,30,4,
confirmation,exp12_config_command_14,config_command,paraphrase,1,paraphrase,0,opposite_same_wording,GENERATION_BOUNDARY,selected_V_sufficiency,0.05701377987861633,30,4,
confirmation,exp12_config_command_14,config_command,paraphrase,1,paraphrase,0,opposite_same_wording,GENERATION_BOUNDARY,selected_V_necessity_loss,0.11540371179580688,30,4,
confirmation,exp12_config_command_14,config_command,paraphrase,1,paraphrase,0,opposite_same_wording,GENERATION_BOUNDARY,cross_selected_V_sufficiency,0.06680084764957428,30,4,
confirmation,exp12_config_command_14,config_command,paraphrase,1,paraphrase,0,opposite_same_wording,GENERATION_BOUNDARY,same_state_selected_V_control,0.011467307806015015,30,4,
confirmation,exp12_config_command_14,config_command,paraphrase,1,paraphrase,0,opposite_same_wording,GENERATION_BOUNDARY,matched_negative_ISSUE_V_sufficiency,0.002604261040687561,30,4,
confirmation,exp12_config_command_14,config_command,paraphrase,1,paraphrase,0,opposite_same_wording,GENERATION_BOUNDARY,old_absolute_V_sufficiency,0.05701377987861633,30,4,
confirmation,exp12_config_command_14,config_command,paraphrase,1,paraphrase,0,opposite_same_wording,FINAL_INSTRUCTION_END,runner_up_V_sufficiency,0.002628833055496216,30,4,
confirmation,exp12_config_command_14,config_command,paraphrase,1,paraphrase,0,opposite_same_wording,FINAL_INSTRUCTION_END,runner_up_V_necessity_loss,1.6471757292747498,30,4,
confirmation,exp12_config_command_14,config_command,paraphrase,1,paraphrase,0,opposite_same_wording,GENERATION_BOUNDARY,reader_target_pos_sufficiency,0.05659501254558563,30,4,"0,16,18"
confirmation,exp12_config_command_14,config_command,paraphrase,1,paraphrase,0,opposite_same_wording,GENERATION_BOUNDARY,reader_target_pos_necessity,0.057001158595085144,30,4,"0,16,18"
confirmation,exp12_config_command_14,config_command,paraphrase,1,paraphrase,0,opposite_same_wording,GENERATION_BOUNDARY,reader_negative_neg_sufficiency,1.2621283531188965e-05,30,4,"1,17,19"
confirmation,exp12_config_command_14,config_command,paraphrase,1,paraphrase,0,opposite_same_wording,GENERATION_BOUNDARY,reader_negative_neg_necessity,0.0004187673330307007,30,4,"1,17,19"
confirmation,exp12_config_command_14,config_command,paraphrase,1,paraphrase,0,opposite_same_wording,GENERATION_BOUNDARY,reader_non_set_sufficiency,-0.0,30,4,"2,3,4,5,6,7,8,9,10,11,12,13,14,15,20,21,22,23,24,25,26,27,28,29,30,31"
confirmation,exp12_config_command_14,config_command,paraphrase,1,paraphrase,0,opposite_same_wording,GENERATION_BOUNDARY,reader_non_set_necessity,0.0,30,4,"2,3,4,5,6,7,8,9,10,11,12,13,14,15,20,21,22,23,24,25,26,27,28,29,30,31"
confirmation,exp12_config_command_14,config_command,paraphrase,1,paraphrase,0,opposite_same_wording,GENERATION_BOUNDARY,reader_all28_sufficiency,0.05701377987861633,30,4,"0,1,2,3,4,5,6,7,8,9,10,11,12,13,14,15,16,17,18,19,20,21,22,23,24,25,26,27,28,29,30,31"
confirmation,exp12_config_command_14,config_command,paraphrase,1,paraphrase,0,opposite_same_wording,GENERATION_BOUNDARY,reader_all28_necessity,0.05701377987861633,30,4,"0,1,2,3,4,5,6,7,8,9,10,11,12,13,14,15,16,17,18,19,20,21,22,23,24,25,26,27,28,29,30,31"
confirmation,exp12_config_command_14,config_command,paraphrase,1,paraphrase,0,opposite_same_wording,GENERATION_BOUNDARY,reader_verified_v_effect,0.05701377987861633,30,4,
confirmation,exp12_config_command_14,config_command,paraphrase,1,paraphrase,0,opposite_same_wording,GENERATION_BOUNDARY,reader_leakage_ratio,0.0,30,4,
confirmation,exp12_config_command_14,config_command,direct,0,direct,1,direct_opposite_label,USER_END,direct_V_sufficiency,0.020231634378433228,30,4,
confirmation,exp12_config_command_14,config_command,direct,1,direct,0,direct_opposite_label,USER_END,direct_V_sufficiency,0.001955568790435791,30,4,
confirmation,exp12_config_command_15,config_command,canonical,0,canonical,1,opposite_same_wording,GENERATION_BOUNDARY,selected_V_sufficiency,0.10245734453201294,30,4,
confirmation,exp12_config_command_15,config_command,canonical,0,canonical,1,opposite_same_wording,GENERATION_BOUNDARY,selected_V_necessity_loss,0.11621183156967163,30,4,
confirmation,exp12_config_command_15,config_command,canonical,0,canonical,1,opposite_same_wording,GENERATION_BOUNDARY,cross_selected_V_sufficiency,0.11018118262290955,30,4,
confirmation,exp12_config_command_15,config_command,canonical,0,canonical,1,opposite_same_wording,GENERATION_BOUNDARY,same_state_selected_V_control,-0.005651146173477173,30,4,
confirmation,exp12_config_command_15,config_command,canonical,0,canonical,1,opposite_same_wording,GENERATION_BOUNDARY,matched_negative_ISSUE_V_sufficiency,-0.0017425715923309326,30,4,
confirmation,exp12_config_command_15,config_command,canonical,0,canonical,1,opposite_same_wording,GENERATION_BOUNDARY,old_absolute_V_sufficiency,0.10077977180480957,30,4,
confirmation,exp12_config_command_15,config_command,canonical,0,canonical,1,opposite_same_wording,SYSTEM_END,runner_up_V_sufficiency,0.004042506217956543,30,4,
confirmation,exp12_config_command_15,config_command,canonical,0,canonical,1,opposite_same_wording,SYSTEM_END,runner_up_V_necessity_loss,2.186112701892853,30,4,
confirmation,exp12_config_command_15,config_command,canonical,0,canonical,1,opposite_same_wording,GENERATION_BOUNDARY,reader_target_pos_sufficiency,0.11929982900619507,30,4,"0,16,18"
confirmation,exp12_config_command_15,config_command,canonical,0,canonical,1,opposite_same_wording,GENERATION_BOUNDARY,reader_target_pos_necessity,0.11676830053329468,30,4,"0,16,18"
confirmation,exp12_config_command_15,config_command,canonical,0,canonical,1,opposite_same_wording,GENERATION_BOUNDARY,reader_negative_neg_sufficiency,-0.014310956001281738,30,4,"1,17,19"
confirmation,exp12_config_command_15,config_command,canonical,0,canonical,1,opposite_same_wording,GENERATION_BOUNDARY,reader_negative_neg_necessity,-0.01684248447418213,30,4,"1,17,19"
confirmation,exp12_config_command_15,config_command,canonical,0,canonical,1,opposite_same_wording,GENERATION_BOUNDARY,reader_non_set_sufficiency,0.0,30,4,"2,3,4,5,6,7,8,9,10,11,12,13,14,15,20,21,22,23,24,25,26,27,28,29,30,31"
confirmation,exp12_config_command_15,config_command,canonical,0,canonical,1,opposite_same_wording,GENERATION_BOUNDARY,reader_non_set_necessity,0.0,30,4,"2,3,4,5,6,7,8,9,10,11,12,13,14,15,20,21,22,23,24,25,26,27,28,29,30,31"
confirmation,exp12_config_command_15,config_command,canonical,0,canonical,1,opposite_same_wording,GENERATION_BOUNDARY,reader_all28_sufficiency,0.10245734453201294,30,4,"0,1,2,3,4,5,6,7,8,9,10,11,12,13,14,15,16,17,18,19,20,21,22,23,24,25,26,27,28,29,30,31"
confirmation,exp12_config_command_15,config_command,canonical,0,canonical,1,opposite_same_wording,GENERATION_BOUNDARY,reader_all28_necessity,0.10245734453201294,30,4,"0,1,2,3,4,5,6,7,8,9,10,11,12,13,14,15,16,17,18,19,20,21,22,23,24,25,26,27,28,29,30,31"
confirmation,exp12_config_command_15,config_command,canonical,0,canonical,1,opposite_same_wording,GENERATION_BOUNDARY,reader_verified_v_effect,0.10245734453201294,30,4,
confirmation,exp12_config_command_15,config_command,canonical,0,canonical,1,opposite_same_wording,GENERATION_BOUNDARY,reader_leakage_ratio,0.0,30,4,
confirmation,exp12_config_command_15,config_command,paraphrase,0,paraphrase,1,opposite_same_wording,GENERATION_BOUNDARY,selected_V_sufficiency,0.1286889910697937,30,4,
confirmation,exp12_config_command_15,config_command,paraphrase,0,paraphrase,1,opposite_same_wording,GENERATION_BOUNDARY,selected_V_necessity_loss,0.09419992566108704,30,4,
confirmation,exp12_config_command_15,config_command,paraphrase,0,paraphrase,1,opposite_same_wording,GENERATION_BOUNDARY,cross_selected_V_sufficiency,0.12555158138275146,30,4,
confirmation,exp12_config_command_15,config_command,paraphrase,0,paraphrase,1,opposite_same_wording,GENERATION_BOUNDARY,same_state_selected_V_control,0.02052229642868042,30,4,
confirmation,exp12_config_command_15,config_command,paraphrase,0,paraphrase,1,opposite_same_wording,GENERATION_BOUNDARY,matched_negative_ISSUE_V_sufficiency,-0.005389511585235596,30,4,
confirmation,exp12_config_command_15,config_command,paraphrase,0,paraphrase,1,opposite_same_wording,GENERATION_BOUNDARY,old_absolute_V_sufficiency,0.11938014626502991,30,4,
confirmation,exp12_config_command_15,config_command,paraphrase,0,paraphrase,1,opposite_same_wording,FINAL_INSTRUCTION_END,runner_up_V_sufficiency,0.0022336840629577637,30,4,
confirmation,exp12_config_command_15,config_command,paraphrase,0,paraphrase,1,opposite_same_wording,FINAL_INSTRUCTION_END,runner_up_V_necessity_loss,1.8954987674951553,30,4,
confirmation,exp12_config_command_15,config_command,paraphrase,0,paraphrase,1,opposite_same_wording,GENERATION_BOUNDARY,reader_target_pos_sufficiency,0.1420743465423584,30,4,"0,16,18"
confirmation,exp12_config_command_15,config_command,paraphrase,0,paraphrase,1,opposite_same_wording,GENERATION_BOUNDARY,reader_target_pos_necessity,0.14495867490768433,30,4,"0,16,18"
confirmation,exp12_config_command_15,config_command,paraphrase,0,paraphrase,1,opposite_same_wording,GENERATION_BOUNDARY,reader_negative_neg_sufficiency,-0.016269683837890625,30,4,"1,17,19"
confirmation,exp12_config_command_15,config_command,paraphrase,0,paraphrase,1,opposite_same_wording,GENERATION_BOUNDARY,reader_negative_neg_necessity,-0.013385355472564697,30,4,"1,17,19"
confirmation,exp12_config_command_15,config_command,paraphrase,0,paraphrase,1,opposite_same_wording,GENERATION_BOUNDARY,reader_non_set_sufficiency,0.0,30,4,"2,3,4,5,6,7,8,9,10,11,12,13,14,15,20,21,22,23,24,25,26,27,28,29,30,31"
confirmation,exp12_config_command_15,config_command,paraphrase,0,paraphrase,1,opposite_same_wording,GENERATION_BOUNDARY,reader_non_set_necessity,0.0,30,4,"2,3,4,5,6,7,8,9,10,11,12,13,14,15,20,21,22,23,24,25,26,27,28,29,30,31"
confirmation,exp12_config_command_15,config_command,paraphrase,0,paraphrase,1,opposite_same_wording,GENERATION_BOUNDARY,reader_all28_sufficiency,0.1286889910697937,30,4,"0,1,2,3,4,5,6,7,8,9,10,11,12,13,14,15,16,17,18,19,20,21,22,23,24,25,26,27,28,29,30,31"
confirmation,exp12_config_command_15,config_command,paraphrase,0,paraphrase,1,opposite_same_wording,GENERATION_BOUNDARY,reader_all28_necessity,0.1286889910697937,30,4,"0,1,2,3,4,5,6,7,8,9,10,11,12,13,14,15,16,17,18,19,20,21,22,23,24,25,26,27,28,29,30,31"
confirmation,exp12_config_command_15,config_command,paraphrase,0,paraphrase,1,opposite_same_wording,GENERATION_BOUNDARY,reader_verified_v_effect,0.1286889910697937,30,4,
confirmation,exp12_config_command_15,config_command,paraphrase,0,paraphrase,1,opposite_same_wording,GENERATION_BOUNDARY,reader_leakage_ratio,0.0,30,4,
confirmation,exp12_config_command_15,config_command,canonical,1,canonical,0,opposite_same_wording,GENERATION_BOUNDARY,selected_V_sufficiency,0.06529280543327332,30,4,
confirmation,exp12_config_command_15,config_command,canonical,1,canonical,0,opposite_same_wording,GENERATION_BOUNDARY,selected_V_necessity_loss,0.10474085807800293,30,4,
confirmation,exp12_config_command_15,config_command,canonical,1,canonical,0,opposite_same_wording,GENERATION_BOUNDARY,cross_selected_V_sufficiency,0.05818651616573334,30,4,
confirmation,exp12_config_command_15,config_command,canonical,1,canonical,0,opposite_same_wording,GENERATION_BOUNDARY,same_state_selected_V_control,-0.000513419508934021,30,4,
confirmation,exp12_config_command_15,config_command,canonical,1,canonical,0,opposite_same_wording,GENERATION_BOUNDARY,matched_negative_ISSUE_V_sufficiency,0.0010723769664764404,30,4,
confirmation,exp12_config_command_15,config_command,canonical,1,canonical,0,opposite_same_wording,GENERATION_BOUNDARY,old_absolute_V_sufficiency,0.05943179130554199,30,4,
confirmation,exp12_config_command_15,config_command,canonical,1,canonical,0,opposite_same_wording,SYSTEM_END,runner_up_V_sufficiency,0.0025988295674324036,30,4,
confirmation,exp12_config_command_15,config_command,canonical,1,canonical,0,opposite_same_wording,SYSTEM_END,runner_up_V_necessity_loss,2.0918848142027855,30,4,
confirmation,exp12_config_command_15,config_command,canonical,1,canonical,0,opposite_same_wording,GENERATION_BOUNDARY,reader_target_pos_sufficiency,0.0706629753112793,30,4,"0,16,18"
confirmation,exp12_config_command_15,config_command,canonical,1,canonical,0,opposite_same_wording,GENERATION_BOUNDARY,reader_target_pos_necessity,0.07250067591667175,30,4,"0,16,18"
confirmation,exp12_config_command_15,config_command,canonical,1,canonical,0,opposite_same_wording,GENERATION_BOUNDARY,reader_negative_neg_sufficiency,-0.0072078704833984375,30,4,"1,17,19"
confirmation,exp12_config_command_15,config_command,canonical,1,canonical,0,opposite_same_wording,GENERATION_BOUNDARY,reader_negative_neg_necessity,-0.0053701698780059814,30,4,"1,17,19"
confirmation,exp12_config_command_15,config_command,canonical,1,canonical,0,opposite_same_wording,GENERATION_BOUNDARY,reader_non_set_sufficiency,-0.0,30,4,"2,3,4,5,6,7,8,9,10,11,12,13,14,15,20,21,22,23,24,25,26,27,28,29,30,31"
confirmation,exp12_config_command_15,config_command,canonical,1,canonical,0,opposite_same_wording,GENERATION_BOUNDARY,reader_non_set_necessity,0.0,30,4,"2,3,4,5,6,7,8,9,10,11,12,13,14,15,20,21,22,23,24,25,26,27,28,29,30,31"
confirmation,exp12_config_command_15,config_command,canonical,1,canonical,0,opposite_same_wording,GENERATION_BOUNDARY,reader_all28_sufficiency,0.06529280543327332,30,4,"0,1,2,3,4,5,6,7,8,9,10,11,12,13,14,15,16,17,18,19,20,21,22,23,24,25,26,27,28,29,30,31"
confirmation,exp12_config_command_15,config_command,canonical,1,canonical,0,opposite_same_wording,GENERATION_BOUNDARY,reader_all28_necessity,0.06529280543327332,30,4,"0,1,2,3,4,5,6,7,8,9,10,11,12,13,14,15,16,17,18,19,20,21,22,23,24,25,26,27,28,29,30,31"
confirmation,exp12_config_command_15,config_command,canonical,1,canonical,0,opposite_same_wording,GENERATION_BOUNDARY,reader_verified_v_effect,0.06529280543327332,30,4,
confirmation,exp12_config_command_15,config_command,canonical,1,canonical,0,opposite_same_wording,GENERATION_BOUNDARY,reader_leakage_ratio,0.0,30,4,
confirmation,exp12_config_command_15,config_command,paraphrase,1,paraphrase,0,opposite_same_wording,GENERATION_BOUNDARY,selected_V_sufficiency,0.07775519788265228,30,4,
confirmation,exp12_config_command_15,config_command,paraphrase,1,paraphrase,0,opposite_same_wording,GENERATION_BOUNDARY,selected_V_necessity_loss,0.11976450681686401,30,4,
confirmation,exp12_config_command_15,config_command,paraphrase,1,paraphrase,0,opposite_same_wording,GENERATION_BOUNDARY,cross_selected_V_sufficiency,0.08338476717472076,30,4,
confirmation,exp12_config_command_15,config_command,paraphrase,1,paraphrase,0,opposite_same_wording,GENERATION_BOUNDARY,same_state_selected_V_control,0.0070315077900886536,30,4,
confirmation,exp12_config_command_15,config_command,paraphrase,1,paraphrase,0,opposite_same_wording,GENERATION_BOUNDARY,matched_negative_ISSUE_V_sufficiency,2.6844441890716553e-05,30,4,
confirmation,exp12_config_command_15,config_command,paraphrase,1,paraphrase,0,opposite_same_wording,GENERATION_BOUNDARY,old_absolute_V_sufficiency,0.0769297331571579,30,4,
confirmation,exp12_config_command_15,config_command,paraphrase,1,paraphrase,0,opposite_same_wording,FINAL_INSTRUCTION_END,runner_up_V_sufficiency,-2.6710331439971924e-05,30,4,
confirmation,exp12_config_command_15,config_command,paraphrase,1,paraphrase,0,opposite_same_wording,FINAL_INSTRUCTION_END,runner_up_V_necessity_loss,1.850252591073513,30,4,
confirmation,exp12_config_command_15,config_command,paraphrase,1,paraphrase,0,opposite_same_wording,GENERATION_BOUNDARY,reader_target_pos_sufficiency,0.08160552382469177,30,4,"0,16,18"
confirmation,exp12_config_command_15,config_command,paraphrase,1,paraphrase,0,opposite_same_wording,GENERATION_BOUNDARY,reader_target_pos_necessity,0.08742506057024002,30,4,"0,16,18"
confirmation,exp12_config_command_15,config_command,paraphrase,1,paraphrase,0,opposite_same_wording,GENERATION_BOUNDARY,reader_negative_neg_sufficiency,-0.009669862687587738,30,4,"1,17,19"
confirmation,exp12_config_command_15,config_command,paraphrase,1,paraphrase,0,opposite_same_wording,GENERATION_BOUNDARY,reader_negative_neg_necessity,-0.0038503259420394897,30,4,"1,17,19"
confirmation,exp12_config_command_15,config_command,paraphrase,1,paraphrase,0,opposite_same_wording,GENERATION_BOUNDARY,reader_non_set_sufficiency,-0.0,30,4,"2,3,4,5,6,7,8,9,10,11,12,13,14,15,20,21,22,23,24,25,26,27,28,29,30,31"
confirmation,exp12_config_command_15,config_command,paraphrase,1,paraphrase,0,opposite_same_wording,GENERATION_BOUNDARY,reader_non_set_necessity,0.0,30,4,"2,3,4,5,6,7,8,9,10,11,12,13,14,15,20,21,22,23,24,25,26,27,28,29,30,31"
confirmation,exp12_config_command_15,config_command,paraphrase,1,paraphrase,0,opposite_same_wording,GENERATION_BOUNDARY,reader_all28_sufficiency,0.07775519788265228,30,4,"0,1,2,3,4,5,6,7,8,9,10,11,12,13,14,15,16,17,18,19,20,21,22,23,24,25,26,27,28,29,30,31"
confirmation,exp12_config_command_15,config_command,paraphrase,1,paraphrase,0,opposite_same_wording,GENERATION_BOUNDARY,reader_all28_necessity,0.07775519788265228,30,4,"0,1,2,3,4,5,6,7,8,9,10,11,12,13,14,15,16,17,18,19,20,21,22,23,24,25,26,27,28,29,30,31"
confirmation,exp12_config_command_15,config_command,paraphrase,1,paraphrase,0,opposite_same_wording,GENERATION_BOUNDARY,reader_verified_v_effect,0.07775519788265228,30,4,
confirmation,exp12_config_command_15,config_command,paraphrase,1,paraphrase,0,opposite_same_wording,GENERATION_BOUNDARY,reader_leakage_ratio,0.0,30,4,
confirmation,exp12_config_command_15,config_command,direct,0,direct,1,direct_opposite_label,USER_END,direct_V_sufficiency,0.01697295904159546,30,4,
confirmation,exp12_config_command_15,config_command,direct,1,direct,0,direct_opposite_label,USER_END,direct_V_sufficiency,0.011143267154693604,30,4,
confirmation,exp12_docs_code_02,docs_code,canonical,0,canonical,1,opposite_same_wording,GENERATION_BOUNDARY,selected_V_sufficiency,0.19452908635139465,30,4,
confirmation,exp12_docs_code_02,docs_code,canonical,0,canonical,1,opposite_same_wording,GENERATION_BOUNDARY,selected_V_necessity_loss,0.157128787599504,30,4,
confirmation,exp12_docs_code_02,docs_code,canonical,0,canonical,1,opposite_same_wording,GENERATION_BOUNDARY,cross_selected_V_sufficiency,0.20546862483024597,30,4,
confirmation,exp12_docs_code_02,docs_code,canonical,0,canonical,1,opposite_same_wording,GENERATION_BOUNDARY,same_state_selected_V_control,-0.013281166553497314,30,4,
confirmation,exp12_docs_code_02,docs_code,canonical,0,canonical,1,opposite_same_wording,GENERATION_BOUNDARY,matched_negative_ISSUE_V_sufficiency,0.0007810890674591064,30,4,
confirmation,exp12_docs_code_02,docs_code,canonical,0,canonical,1,opposite_same_wording,GENERATION_BOUNDARY,old_absolute_V_sufficiency,0.19140413403511047,30,4,
confirmation,exp12_docs_code_02,docs_code,canonical,0,canonical,1,opposite_same_wording,FINAL_INSTRUCTION_END,runner_up_V_sufficiency,0.004685401916503906,30,4,
confirmation,exp12_docs_code_02,docs_code,canonical,0,canonical,1,opposite_same_wording,FINAL_INSTRUCTION_END,runner_up_V_necessity_loss,3.0348641676828265,30,4,
confirmation,exp12_docs_code_02,docs_code,canonical,0,canonical,1,opposite_same_wording,GENERATION_BOUNDARY,reader_target_pos_sufficiency,0.2304665744304657,30,4,"0,16,18"
confirmation,exp12_docs_code_02,docs_code,canonical,0,canonical,1,opposite_same_wording,GENERATION_BOUNDARY,reader_target_pos_necessity,0.22851529717445374,30,4,"0,16,18"
confirmation,exp12_docs_code_02,docs_code,canonical,0,canonical,1,opposite_same_wording,GENERATION_BOUNDARY,reader_negative_neg_sufficiency,-0.03398621082305908,30,4,"1,17,19"
confirmation,exp12_docs_code_02,docs_code,canonical,0,canonical,1,opposite_same_wording,GENERATION_BOUNDARY,reader_negative_neg_necessity,-0.035937488079071045,30,4,"1,17,19"
confirmation,exp12_docs_code_02,docs_code,canonical,0,canonical,1,opposite_same_wording,GENERATION_BOUNDARY,reader_non_set_sufficiency,0.0,30,4,"2,3,4,5,6,7,8,9,10,11,12,13,14,15,20,21,22,23,24,25,26,27,28,29,30,31"
confirmation,exp12_docs_code_02,docs_code,canonical,0,canonical,1,opposite_same_wording,GENERATION_BOUNDARY,reader_non_set_necessity,0.0,30,4,"2,3,4,5,6,7,8,9,10,11,12,13,14,15,20,21,22,23,24,25,26,27,28,29,30,31"
confirmation,exp12_docs_code_02,docs_code,canonical,0,canonical,1,opposite_same_wording,GENERATION_BOUNDARY,reader_all28_sufficiency,0.19452908635139465,30,4,"0,1,2,3,4,5,6,7,8,9,10,11,12,13,14,15,16,17,18,19,20,21,22,23,24,25,26,27,28,29,30,31"
confirmation,exp12_docs_code_02,docs_code,canonical,0,canonical,1,opposite_same_wording,GENERATION_BOUNDARY,reader_all28_necessity,0.19452908635139465,30,4,"0,1,2,3,4,5,6,7,8,9,10,11,12,13,14,15,16,17,18,19,20,21,22,23,24,25,26,27,28,29,30,31"
confirmation,exp12_docs_code_02,docs_code,canonical,0,canonical,1,opposite_same_wording,GENERATION_BOUNDARY,reader_verified_v_effect,0.19452908635139465,30,4,
confirmation,exp12_docs_code_02,docs_code,canonical,0,canonical,1,opposite_same_wording,GENERATION_BOUNDARY,reader_leakage_ratio,0.0,30,4,
confirmation,exp12_docs_code_02,docs_code,paraphrase,0,paraphrase,1,opposite_same_wording,GENERATION_BOUNDARY,selected_V_sufficiency,0.1453140377998352,30,4,
confirmation,exp12_docs_code_02,docs_code,paraphrase,0,paraphrase,1,opposite_same_wording,GENERATION_BOUNDARY,selected_V_necessity_loss,0.10703082755208015,30,4,
confirmation,exp12_docs_code_02,docs_code,paraphrase,0,paraphrase,1,opposite_same_wording,GENERATION_BOUNDARY,cross_selected_V_sufficiency,0.14687573909759521,30,4,
confirmation,exp12_docs_code_02,docs_code,paraphrase,0,paraphrase,1,opposite_same_wording,GENERATION_BOUNDARY,same_state_selected_V_control,0.009374022483825684,30,4,
confirmation,exp12_docs_code_02,docs_code,paraphrase,0,paraphrase,1,opposite_same_wording,GENERATION_BOUNDARY,matched_negative_ISSUE_V_sufficiency,1.430511474609375e-06,30,4,
confirmation,exp12_docs_code_02,docs_code,paraphrase,0,paraphrase,1,opposite_same_wording,GENERATION_BOUNDARY,old_absolute_V_sufficiency,0.14218831062316895,30,4,
confirmation,exp12_docs_code_02,docs_code,paraphrase,0,paraphrase,1,opposite_same_wording,FINAL_INSTRUCTION_END,runner_up_V_sufficiency,0.001561582088470459,30,4,
confirmation,exp12_docs_code_02,docs_code,paraphrase,0,paraphrase,1,opposite_same_wording,FINAL_INSTRUCTION_END,runner_up_V_necessity_loss,2.6507825888693333,30,4,
confirmation,exp12_docs_code_02,docs_code,paraphrase,0,paraphrase,1,opposite_same_wording,GENERATION_BOUNDARY,reader_target_pos_sufficiency,0.19375157356262207,30,4,"0,16,18"
confirmation,exp12_docs_code_02,docs_code,paraphrase,0,paraphrase,1,opposite_same_wording,GENERATION_BOUNDARY,reader_target_pos_necessity,0.18906289339065552,30,4,"0,16,18"
confirmation,exp12_docs_code_02,docs_code,paraphrase,0,paraphrase,1,opposite_same_wording,GENERATION_BOUNDARY,reader_negative_neg_sufficiency,-0.04374885559082031,30,4,"1,17,19"
confirmation,exp12_docs_code_02,docs_code,paraphrase,0,paraphrase,1,opposite_same_wording,GENERATION_BOUNDARY,reader_negative_neg_necessity,-0.048437535762786865,30,4,"1,17,19"
confirmation,exp12_docs_code_02,docs_code,paraphrase,0,paraphrase,1,opposite_same_wording,GENERATION_BOUNDARY,reader_non_set_sufficiency,0.0,30,4,"2,3,4,5,6,7,8,9,10,11,12,13,14,15,20,21,22,23,24,25,26,27,28,29,30,31"
confirmation,exp12_docs_code_02,docs_code,paraphrase,0,paraphrase,1,opposite_same_wording,GENERATION_BOUNDARY,reader_non_set_necessity,0.0,30,4,"2,3,4,5,6,7,8,9,10,11,12,13,14,15,20,21,22,23,24,25,26,27,28,29,30,31"
confirmation,exp12_docs_code_02,docs_code,paraphrase,0,paraphrase,1,opposite_same_wording,GENERATION_BOUNDARY,reader_all28_sufficiency,0.1453140377998352,30,4,"0,1,2,3,4,5,6,7,8,9,10,11,12,13,14,15,16,17,18,19,20,21,22,23,24,25,26,27,28,29,30,31"
confirmation,exp12_docs_code_02,docs_code,paraphrase,0,paraphrase,1,opposite_same_wording,GENERATION_BOUNDARY,reader_all28_necessity,0.1453140377998352,30,4,"0,1,2,3,4,5,6,7,8,9,10,11,12,13,14,15,16,17,18,19,20,21,22,23,24,25,26,27,28,29,30,31"
confirmation,exp12_docs_code_02,docs_code,paraphrase,0,paraphrase,1,opposite_same_wording,GENERATION_BOUNDARY,reader_verified_v_effect,0.1453140377998352,30,4,
confirmation,exp12_docs_code_02,docs_code,paraphrase,0,paraphrase,1,opposite_same_wording,GENERATION_BOUNDARY,reader_leakage_ratio,0.0,30,4,
confirmation,exp12_docs_code_02,docs_code,canonical,1,canonical,0,opposite_same_wording,GENERATION_BOUNDARY,selected_V_sufficiency,0.1270672045648098,30,4,
confirmation,exp12_docs_code_02,docs_code,canonical,1,canonical,0,opposite_same_wording,GENERATION_BOUNDARY,selected_V_necessity_loss,0.18437474966049194,30,4,
confirmation,exp12_docs_code_02,docs_code,canonical,1,canonical,0,opposite_same_wording,GENERATION_BOUNDARY,cross_selected_V_sufficiency,0.1190483570098877,30,4,
confirmation,exp12_docs_code_02,docs_code,canonical,1,canonical,0,opposite_same_wording,GENERATION_BOUNDARY,same_state_selected_V_control,-0.0009811855852603912,30,4,
confirmation,exp12_docs_code_02,docs_code,canonical,1,canonical,0,opposite_same_wording,GENERATION_BOUNDARY,matched_negative_ISSUE_V_sufficiency,3.4384429454803467e-06,30,4,
confirmation,exp12_docs_code_02,docs_code,canonical,1,canonical,0,opposite_same_wording,GENERATION_BOUNDARY,old_absolute_V_sufficiency,0.1278933733701706,30,4,
confirmation,exp12_docs_code_02,docs_code,canonical,1,canonical,0,opposite_same_wording,FINAL_INSTRUCTION_END,runner_up_V_sufficiency,0.0009812116622924805,30,4,
confirmation,exp12_docs_code_02,docs_code,canonical,1,canonical,0,opposite_same_wording,FINAL_INSTRUCTION_END,runner_up_V_necessity_loss,2.9123006984591484,30,4,
confirmation,exp12_docs_code_02,docs_code,canonical,1,canonical,0,opposite_same_wording,GENERATION_BOUNDARY,reader_target_pos_sufficiency,0.15932394191622734,30,4,"0,16,18"
confirmation,exp12_docs_code_02,docs_code,canonical,1,canonical,0,opposite_same_wording,GENERATION_BOUNDARY,reader_target_pos_necessity,0.14600817300379276,30,4,"0,16,18"
confirmation,exp12_docs_code_02,docs_code,canonical,1,canonical,0,opposite_same_wording,GENERATION_BOUNDARY,reader_negative_neg_sufficiency,-0.018940968438982964,30,4,"1,17,19"
confirmation,exp12_docs_code_02,docs_code,canonical,1,canonical,0,opposite_same_wording,GENERATION_BOUNDARY,reader_negative_neg_necessity,-0.03225673735141754,30,4,"1,17,19"
confirmation,exp12_docs_code_02,docs_code,canonical,1,canonical,0,opposite_same_wording,GENERATION_BOUNDARY,reader_non_set_sufficiency,-0.0,30,4,"2,3,4,5,6,7,8,9,10,11,12,13,14,15,20,21,22,23,24,25,26,27,28,29,30,31"
confirmation,exp12_docs_code_02,docs_code,canonical,1,canonical,0,opposite_same_wording,GENERATION_BOUNDARY,reader_non_set_necessity,0.0,30,4,"2,3,4,5,6,7,8,9,10,11,12,13,14,15,20,21,22,23,24,25,26,27,28,29,30,31"
confirmation,exp12_docs_code_02,docs_code,canonical,1,canonical,0,opposite_same_wording,GENERATION_BOUNDARY,reader_all28_sufficiency,0.1270672045648098,30,4,"0,1,2,3,4,5,6,7,8,9,10,11,12,13,14,15,16,17,18,19,20,21,22,23,24,25,26,27,28,29,30,31"
confirmation,exp12_docs_code_02,docs_code,canonical,1,canonical,0,opposite_same_wording,GENERATION_BOUNDARY,reader_all28_necessity,0.1270672045648098,30,4,"0,1,2,3,4,5,6,7,8,9,10,11,12,13,14,15,16,17,18,19,20,21,22,23,24,25,26,27,28,29,30,31"
confirmation,exp12_docs_code_02,docs_code,canonical,1,canonical,0,opposite_same_wording,GENERATION_BOUNDARY,reader_verified_v_effect,0.1270672045648098,30,4,
confirmation,exp12_docs_code_02,docs_code,canonical,1,canonical,0,opposite_same_wording,GENERATION_BOUNDARY,reader_leakage_ratio,0.0,30,4,
confirmation,exp12_docs_code_02,docs_code,paraphrase,1,paraphrase,0,opposite_same_wording,GENERATION_BOUNDARY,selected_V_sufficiency,0.10781323164701462,30,4,
confirmation,exp12_docs_code_02,docs_code,paraphrase,1,paraphrase,0,opposite_same_wording,GENERATION_BOUNDARY,selected_V_necessity_loss,0.13593757152557373,30,4,
confirmation,exp12_docs_code_02,docs_code,paraphrase,1,paraphrase,0,opposite_same_wording,GENERATION_BOUNDARY,cross_selected_V_sufficiency,0.11328083276748657,30,4,
confirmation,exp12_docs_code_02,docs_code,paraphrase,1,paraphrase,0,opposite_same_wording,GENERATION_BOUNDARY,same_state_selected_V_control,0.0023443885147571564,30,4,
confirmation,exp12_docs_code_02,docs_code,paraphrase,1,paraphrase,0,opposite_same_wording,GENERATION_BOUNDARY,matched_negative_ISSUE_V_sufficiency,-0.0007815882563591003,30,4,
confirmation,exp12_docs_code_02,docs_code,paraphrase,1,paraphrase,0,opposite_same_wording,GENERATION_BOUNDARY,old_absolute_V_sufficiency,0.09375018998980522,30,4,
confirmation,exp12_docs_code_02,docs_code,paraphrase,1,paraphrase,0,opposite_same_wording,FINAL_INSTRUCTION_END,runner_up_V_sufficiency,0.001563042402267456,30,4,
confirmation,exp12_docs_code_02,docs_code,paraphrase,1,paraphrase,0,opposite_same_wording,FINAL_INSTRUCTION_END,runner_up_V_necessity_loss,2.6296885572373867,30,4,
confirmation,exp12_docs_code_02,docs_code,paraphrase,1,paraphrase,0,opposite_same_wording,GENERATION_BOUNDARY,reader_target_pos_sufficiency,0.1265629231929779,30,4,"0,16,18"
confirmation,exp12_docs_code_02,docs_code,paraphrase,1,paraphrase,0,opposite_same_wording,GENERATION_BOUNDARY,reader_target_pos_necessity,0.12812573462724686,30,4,"0,16,18"
confirmation,exp12_docs_code_02,docs_code,paraphrase,1,paraphrase,0,opposite_same_wording,GENERATION_BOUNDARY,reader_negative_neg_sufficiency,-0.02031250298023224,30,4,"1,17,19"
confirmation,exp12_docs_code_02,docs_code,paraphrase,1,paraphrase,0,opposite_same_wording,GENERATION_BOUNDARY,reader_negative_neg_necessity,-0.018749691545963287,30,4,"1,17,19"
confirmation,exp12_docs_code_02,docs_code,paraphrase,1,paraphrase,0,opposite_same_wording,GENERATION_BOUNDARY,reader_non_set_sufficiency,-0.0,30,4,"2,3,4,5,6,7,8,9,10,11,12,13,14,15,20,21,22,23,24,25,26,27,28,29,30,31"
confirmation,exp12_docs_code_02,docs_code,paraphrase,1,paraphrase,0,opposite_same_wording,GENERATION_BOUNDARY,reader_non_set_necessity,0.0,30,4,"2,3,4,5,6,7,8,9,10,11,12,13,14,15,20,21,22,23,24,25,26,27,28,29,30,31"
confirmation,exp12_docs_code_02,docs_code,paraphrase,1,paraphrase,0,opposite_same_wording,GENERATION_BOUNDARY,reader_all28_sufficiency,0.10781323164701462,30,4,"0,1,2,3,4,5,6,7,8,9,10,11,12,13,14,15,16,17,18,19,20,21,22,23,24,25,26,27,28,29,30,31"
confirmation,exp12_docs_code_02,docs_code,paraphrase,1,paraphrase,0,opposite_same_wording,GENERATION_BOUNDARY,reader_all28_necessity,0.10781323164701462,30,4,"0,1,2,3,4,5,6,7,8,9,10,11,12,13,14,15,16,17,18,19,20,21,22,23,24,25,26,27,28,29,30,31"
confirmation,exp12_docs_code_02,docs_code,paraphrase,1,paraphrase,0,opposite_same_wording,GENERATION_BOUNDARY,reader_verified_v_effect,0.10781323164701462,30,4,
confirmation,exp12_docs_code_02,docs_code,paraphrase,1,paraphrase,0,opposite_same_wording,GENERATION_BOUNDARY,reader_leakage_ratio,0.0,30,4,
confirmation,exp12_docs_code_02,docs_code,direct,0,direct,1,direct_opposite_label,USER_END,direct_V_sufficiency,0.025391221046447754,30,4,
confirmation,exp12_docs_code_02,docs_code,direct,1,direct,0,direct_opposite_label,USER_END,direct_V_sufficiency,0.0223233699798584,30,4,
confirmation,exp12_docs_code_04,docs_code,canonical,0,canonical,1,opposite_same_wording,GENERATION_BOUNDARY,selected_V_sufficiency,0.1861008107662201,30,4,
confirmation,exp12_docs_code_04,docs_code,canonical,0,canonical,1,opposite_same_wording,GENERATION_BOUNDARY,selected_V_necessity_loss,0.11364542320370674,30,4,
confirmation,exp12_docs_code_04,docs_code,canonical,0,canonical,1,opposite_same_wording,GENERATION_BOUNDARY,cross_selected_V_sufficiency,0.19690892100334167,30,4,
confirmation,exp12_docs_code_04,docs_code,canonical,0,canonical,1,opposite_same_wording,GENERATION_BOUNDARY,same_state_selected_V_control,-0.006586849689483643,30,4,
confirmation,exp12_docs_code_04,docs_code,canonical,0,canonical,1,opposite_same_wording,GENERATION_BOUNDARY,matched_negative_ISSUE_V_sufficiency,-3.5762786865234375e-07,30,4,
confirmation,exp12_docs_code_04,docs_code,canonical,0,canonical,1,opposite_same_wording,GENERATION_BOUNDARY,old_absolute_V_sufficiency,0.184441477060318,30,4,
confirmation,exp12_docs_code_04,docs_code,canonical,0,canonical,1,opposite_same_wording,FINAL_INSTRUCTION_END,runner_up_V_sufficiency,0.000709235668182373,30,4,
confirmation,exp12_docs_code_04,docs_code,canonical,0,canonical,1,opposite_same_wording,FINAL_INSTRUCTION_END,runner_up_V_necessity_loss,2.502281166613102,30,4,
confirmation,exp12_docs_code_04,docs_code,canonical,0,canonical,1,opposite_same_wording,GENERATION_BOUNDARY,reader_target_pos_sufficiency,0.21196702122688293,30,4,"0,16,18"
confirmation,exp12_docs_code_04,docs_code,canonical,0,canonical,1,opposite_same_wording,GENERATION_BOUNDARY,reader_target_pos_necessity,0.21044689416885376,30,4,"0,16,18"
confirmation,exp12_docs_code_04,docs_code,canonical,0,canonical,1,opposite_same_wording,GENERATION_BOUNDARY,reader_negative_neg_sufficiency,-0.024346083402633667,30,4,"1,17,19"
confirmation,exp12_docs_code_04,docs_code,canonical,0,canonical,1,opposite_same_wording,GENERATION_BOUNDARY,reader_negative_neg_necessity,-0.025866210460662842,30,4,"1,17,19"
confirmation,exp12_docs_code_04,docs_code,canonical,0,canonical,1,opposite_same_wording,GENERATION_BOUNDARY,reader_non_set_sufficiency,0.0,30,4,"2,3,4,5,6,7,8,9,10,11,12,13,14,15,20,21,22,23,24,25,26,27,28,29,30,31"
confirmation,exp12_docs_code_04,docs_code,canonical,0,canonical,1,opposite_same_wording,GENERATION_BOUNDARY,reader_non_set_necessity,0.0,30,4,"2,3,4,5,6,7,8,9,10,11,12,13,14,15,20,21,22,23,24,25,26,27,28,29,30,31"
confirmation,exp12_docs_code_04,docs_code,canonical,0,canonical,1,opposite_same_wording,GENERATION_BOUNDARY,reader_all28_sufficiency,0.1861008107662201,30,4,"0,1,2,3,4,5,6,7,8,9,10,11,12,13,14,15,16,17,18,19,20,21,22,23,24,25,26,27,28,29,30,31"
confirmation,exp12_docs_code_04,docs_code,canonical,0,canonical,1,opposite_same_wording,GENERATION_BOUNDARY,reader_all28_necessity,0.1861008107662201,30,4,"0,1,2,3,4,5,6,7,8,9,10,11,12,13,14,15,16,17,18,19,20,21,22,23,24,25,26,27,28,29,30,31"
confirmation,exp12_docs_code_04,docs_code,canonical,0,canonical,1,opposite_same_wording,GENERATION_BOUNDARY,reader_verified_v_effect,0.1861008107662201,30,4,
confirmation,exp12_docs_code_04,docs_code,canonical,0,canonical,1,opposite_same_wording,GENERATION_BOUNDARY,reader_leakage_ratio,0.0,30,4,
confirmation,exp12_docs_code_04,docs_code,paraphrase,0,paraphrase,1,opposite_same_wording,GENERATION_BOUNDARY,selected_V_sufficiency,0.16712111234664917,30,4,
confirmation,exp12_docs_code_04,docs_code,paraphrase,0,paraphrase,1,opposite_same_wording,GENERATION_BOUNDARY,selected_V_necessity_loss,0.100062794983387,30,4,
confirmation,exp12_docs_code_04,docs_code,paraphrase,0,paraphrase,1,opposite_same_wording,GENERATION_BOUNDARY,cross_selected_V_sufficiency,0.15718591213226318,30,4,
confirmation,exp12_docs_code_04,docs_code,paraphrase,0,paraphrase,1,opposite_same_wording,GENERATION_BOUNDARY,same_state_selected_V_control,0.0011466145515441895,30,4,
confirmation,exp12_docs_code_04,docs_code,paraphrase,0,paraphrase,1,opposite_same_wording,GENERATION_BOUNDARY,matched_negative_ISSUE_V_sufficiency,-7.152557373046875e-06,30,4,
confirmation,exp12_docs_code_04,docs_code,paraphrase,0,paraphrase,1,opposite_same_wording,GENERATION_BOUNDARY,old_absolute_V_sufficiency,0.1671239137649536,30,4,
confirmation,exp12_docs_code_04,docs_code,paraphrase,0,paraphrase,1,opposite_same_wording,FINAL_INSTRUCTION_END,runner_up_V_sufficiency,0.006228148937225342,30,4,
confirmation,exp12_docs_code_04,docs_code,paraphrase,0,paraphrase,1,opposite_same_wording,FINAL_INSTRUCTION_END,runner_up_V_necessity_loss,2.180261306464672,30,4,
confirmation,exp12_docs_code_04,docs_code,paraphrase,0,paraphrase,1,opposite_same_wording,GENERATION_BOUNDARY,reader_target_pos_sufficiency,0.20176231861114502,30,4,"0,16,18"
confirmation,exp12_docs_code_04,docs_code,paraphrase,0,paraphrase,1,opposite_same_wording,GENERATION_BOUNDARY,reader_target_pos_necessity,0.19863766431808472,30,4,"0,16,18"
confirmation,exp12_docs_code_04,docs_code,paraphrase,0,paraphrase,1,opposite_same_wording,GENERATION_BOUNDARY,reader_negative_neg_sufficiency,-0.03151655197143555,30,4,"1,17,19"
confirmation,exp12_docs_code_04,docs_code,paraphrase,0,paraphrase,1,opposite_same_wording,GENERATION_BOUNDARY,reader_negative_neg_necessity,-0.03464120626449585,30,4,"1,17,19"
confirmation,exp12_docs_code_04,docs_code,paraphrase,0,paraphrase,1,opposite_same_wording,GENERATION_BOUNDARY,reader_non_set_sufficiency,0.0,30,4,"2,3,4,5,6,7,8,9,10,11,12,13,14,15,20,21,22,23,24,25,26,27,28,29,30,31"
confirmation,exp12_docs_code_04,docs_code,paraphrase,0,paraphrase,1,opposite_same_wording,GENERATION_BOUNDARY,reader_non_set_necessity,0.0,30,4,"2,3,4,5,6,7,8,9,10,11,12,13,14,15,20,21,22,23,24,25,26,27,28,29,30,31"
confirmation,exp12_docs_code_04,docs_code,paraphrase,0,paraphrase,1,opposite_same_wording,GENERATION_BOUNDARY,reader_all28_sufficiency,0.16712111234664917,30,4,"0,1,2,3,4,5,6,7,8,9,10,11,12,13,14,15,16,17,18,19,20,21,22,23,24,25,26,27,28,29,30,31"
confirmation,exp12_docs_code_04,docs_code,paraphrase,0,paraphrase,1,opposite_same_wording,GENERATION_BOUNDARY,reader_all28_necessity,0.16712111234664917,30,4,"0,1,2,3,4,5,6,7,8,9,10,11,12,13,14,15,16,17,18,19,20,21,22,23,24,25,26,27,28,29,30,31"
confirmation,exp12_docs_code_04,docs_code,paraphrase,0,paraphrase,1,opposite_same_wording,GENERATION_BOUNDARY,reader_verified_v_effect,0.16712111234664917,30,4,
confirmation,exp12_docs_code_04,docs_code,paraphrase,0,paraphrase,1,opposite_same_wording,GENERATION_BOUNDARY,reader_leakage_ratio,0.0,30,4,
confirmation,exp12_docs_code_04,docs_code,canonical,1,canonical,0,opposite_same_wording,GENERATION_BOUNDARY,selected_V_sufficiency,0.10128400474786758,30,4,
confirmation,exp12_docs_code_04,docs_code,canonical,1,canonical,0,opposite_same_wording,GENERATION_BOUNDARY,selected_V_necessity_loss,0.17719247937202454,30,4,
confirmation,exp12_docs_code_04,docs_code,canonical,1,canonical,0,opposite_same_wording,GENERATION_BOUNDARY,cross_selected_V_sufficiency,0.09616119414567947,30,4,
confirmation,exp12_docs_code_04,docs_code,canonical,1,canonical,0,opposite_same_wording,GENERATION_BOUNDARY,same_state_selected_V_control,0.01004531979560852,30,4,
confirmation,exp12_docs_code_04,docs_code,canonical,1,canonical,0,opposite_same_wording,GENERATION_BOUNDARY,matched_negative_ISSUE_V_sufficiency,-0.0004281848669052124,30,4,
confirmation,exp12_docs_code_04,docs_code,canonical,1,canonical,0,opposite_same_wording,GENERATION_BOUNDARY,old_absolute_V_sufficiency,0.10067550837993622,30,4,
confirmation,exp12_docs_code_04,docs_code,canonical,1,canonical,0,opposite_same_wording,FINAL_INSTRUCTION_END,runner_up_V_sufficiency,-0.0008183717727661133,30,4,
confirmation,exp12_docs_code_04,docs_code,canonical,1,canonical,0,opposite_same_wording,FINAL_INSTRUCTION_END,runner_up_V_necessity_loss,2.412104219198227,30,4,
confirmation,exp12_docs_code_04,docs_code,canonical,1,canonical,0,opposite_same_wording,GENERATION_BOUNDARY,reader_target_pos_sufficiency,0.1280454620718956,30,4,"0,16,18"
confirmation,exp12_docs_code_04,docs_code,canonical,1,canonical,0,opposite_same_wording,GENERATION_BOUNDARY,reader_target_pos_necessity,0.11679267883300781,30,4,"0,16,18"
confirmation,exp12_docs_code_04,docs_code,canonical,1,canonical,0,opposite_same_wording,GENERATION_BOUNDARY,reader_negative_neg_sufficiency,-0.015508674085140228,30,4,"1,17,19"
confirmation,exp12_docs_code_04,docs_code,canonical,1,canonical,0,opposite_same_wording,GENERATION_BOUNDARY,reader_negative_neg_necessity,-0.026761457324028015,30,4,"1,17,19"
confirmation,exp12_docs_code_04,docs_code,canonical,1,canonical,0,opposite_same_wording,GENERATION_BOUNDARY,reader_non_set_sufficiency,-0.0,30,4,"2,3,4,5,6,7,8,9,10,11,12,13,14,15,20,21,22,23,24,25,26,27,28,29,30,31"
confirmation,exp12_docs_code_04,docs_code,canonical,1,canonical,0,opposite_same_wording,GENERATION_BOUNDARY,reader_non_set_necessity,0.0,30,4,"2,3,4,5,6,7,8,9,10,11,12,13,14,15,20,21,22,23,24,25,26,27,28,29,30,31"
confirmation,exp12_docs_code_04,docs_code,canonical,1,canonical,0,opposite_same_wording,GENERATION_BOUNDARY,reader_all28_sufficiency,0.10128400474786758,30,4,"0,1,2,3,4,5,6,7,8,9,10,11,12,13,14,15,16,17,18,19,20,21,22,23,24,25,26,27,28,29,30,31"
confirmation,exp12_docs_code_04,docs_code,canonical,1,canonical,0,opposite_same_wording,GENERATION_BOUNDARY,reader_all28_necessity,0.10128400474786758,30,4,"0,1,2,3,4,5,6,7,8,9,10,11,12,13,14,15,16,17,18,19,20,21,22,23,24,25,26,27,28,29,30,31"
confirmation,exp12_docs_code_04,docs_code,canonical,1,canonical,0,opposite_same_wording,GENERATION_BOUNDARY,reader_verified_v_effect,0.10128400474786758,30,4,
confirmation,exp12_docs_code_04,docs_code,canonical,1,canonical,0,opposite_same_wording,GENERATION_BOUNDARY,reader_leakage_ratio,0.0,30,4,
confirmation,exp12_docs_code_04,docs_code,paraphrase,1,paraphrase,0,opposite_same_wording,GENERATION_BOUNDARY,selected_V_sufficiency,0.08632362633943558,30,4,
confirmation,exp12_docs_code_04,docs_code,paraphrase,1,paraphrase,0,opposite_same_wording,GENERATION_BOUNDARY,selected_V_necessity_loss,0.1625881791114807,30,4,
confirmation,exp12_docs_code_04,docs_code,paraphrase,1,paraphrase,0,opposite_same_wording,GENERATION_BOUNDARY,cross_selected_V_sufficiency,0.10137198865413666,30,4,
confirmation,exp12_docs_code_04,docs_code,paraphrase,1,paraphrase,0,opposite_same_wording,GENERATION_BOUNDARY,same_state_selected_V_control,-0.0006905198097229004,30,4,
confirmation,exp12_docs_code_04,docs_code,paraphrase,1,paraphrase,0,opposite_same_wording,GENERATION_BOUNDARY,matched_negative_ISSUE_V_sufficiency,-0.0011817365884780884,30,4,
confirmation,exp12_docs_code_04,docs_code,paraphrase,1,paraphrase,0,opposite_same_wording,GENERATION_BOUNDARY,old_absolute_V_sufficiency,0.08333117514848709,30,4,
confirmation,exp12_docs_code_04,docs_code,paraphrase,1,paraphrase,0,opposite_same_wording,FINAL_INSTRUCTION_END,runner_up_V_sufficiency,-1.7233192920684814e-05,30,4,
confirmation,exp12_docs_code_04,docs_code,paraphrase,1,paraphrase,0,opposite_same_wording,FINAL_INSTRUCTION_END,runner_up_V_necessity_loss,2.1835325956344604,30,4,
confirmation,exp12_docs_code_04,docs_code,paraphrase,1,paraphrase,0,opposite_same_wording,GENERATION_BOUNDARY,reader_target_pos_sufficiency,0.11103358864784241,30,4,"0,16,18"
confirmation,exp12_docs_code_04,docs_code,paraphrase,1,paraphrase,0,opposite_same_wording,GENERATION_BOUNDARY,reader_target_pos_necessity,0.10147266834974289,30,4,"0,16,18"
confirmation,exp12_docs_code_04,docs_code,paraphrase,1,paraphrase,0,opposite_same_wording,GENERATION_BOUNDARY,reader_negative_neg_sufficiency,-0.015149042010307312,30,4,"1,17,19"
confirmation,exp12_docs_code_04,docs_code,paraphrase,1,paraphrase,0,opposite_same_wording,GENERATION_BOUNDARY,reader_negative_neg_necessity,-0.02470996230840683,30,4,"1,17,19"
confirmation,exp12_docs_code_04,docs_code,paraphrase,1,paraphrase,0,opposite_same_wording,GENERATION_BOUNDARY,reader_non_set_sufficiency,-0.0,30,4,"2,3,4,5,6,7,8,9,10,11,12,13,14,15,20,21,22,23,24,25,26,27,28,29,30,31"
confirmation,exp12_docs_code_04,docs_code,paraphrase,1,paraphrase,0,opposite_same_wording,GENERATION_BOUNDARY,reader_non_set_necessity,0.0,30,4,"2,3,4,5,6,7,8,9,10,11,12,13,14,15,20,21,22,23,24,25,26,27,28,29,30,31"
confirmation,exp12_docs_code_04,docs_code,paraphrase,1,paraphrase,0,opposite_same_wording,GENERATION_BOUNDARY,reader_all28_sufficiency,0.08632362633943558,30,4,"0,1,2,3,4,5,6,7,8,9,10,11,12,13,14,15,16,17,18,19,20,21,22,23,24,25,26,27,28,29,30,31"
confirmation,exp12_docs_code_04,docs_code,paraphrase,1,paraphrase,0,opposite_same_wording,GENERATION_BOUNDARY,reader_all28_necessity,0.08632362633943558,30,4,"0,1,2,3,4,5,6,7,8,9,10,11,12,13,14,15,16,17,18,19,20,21,22,23,24,25,26,27,28,29,30,31"
confirmation,exp12_docs_code_04,docs_code,paraphrase,1,paraphrase,0,opposite_same_wording,GENERATION_BOUNDARY,reader_verified_v_effect,0.08632362633943558,30,4,
confirmation,exp12_docs_code_04,docs_code,paraphrase,1,paraphrase,0,opposite_same_wording,GENERATION_BOUNDARY,reader_leakage_ratio,0.0,30,4,
confirmation,exp12_docs_code_04,docs_code,direct,0,direct,1,direct_opposite_label,USER_END,direct_V_sufficiency,0.022213786840438843,30,4,
confirmation,exp12_docs_code_04,docs_code,direct,1,direct,0,direct_opposite_label,USER_END,direct_V_sufficiency,0.026279926300048828,30,4,
confirmation,exp12_docs_code_05,docs_code,canonical,0,canonical,1,opposite_same_wording,GENERATION_BOUNDARY,selected_V_sufficiency,0.18307249248027802,30,4,
confirmation,exp12_docs_code_05,docs_code,canonical,0,canonical,1,opposite_same_wording,GENERATION_BOUNDARY,selected_V_necessity_loss,0.1296127550303936,30,4,
confirmation,exp12_docs_code_05,docs_code,canonical,0,canonical,1,opposite_same_wording,GENERATION_BOUNDARY,cross_selected_V_sufficiency,0.19253477454185486,30,4,
confirmation,exp12_docs_code_05,docs_code,canonical,0,canonical,1,opposite_same_wording,GENERATION_BOUNDARY,same_state_selected_V_control,-0.014181017875671387,30,4,
confirmation,exp12_docs_code_05,docs_code,canonical,0,canonical,1,opposite_same_wording,GENERATION_BOUNDARY,matched_negative_ISSUE_V_sufficiency,0.00012683868408203125,30,4,
confirmation,exp12_docs_code_05,docs_code,canonical,0,canonical,1,opposite_same_wording,GENERATION_BOUNDARY,old_absolute_V_sufficiency,0.18364061415195465,30,4,
confirmation,exp12_docs_code_05,docs_code,canonical,0,canonical,1,opposite_same_wording,FINAL_INSTRUCTION_END,runner_up_V_sufficiency,-0.0013678967952728271,30,4,
confirmation,exp12_docs_code_05,docs_code,canonical,0,canonical,1,opposite_same_wording,FINAL_INSTRUCTION_END,runner_up_V_necessity_loss,2.4221547581255436,30,4,
confirmation,exp12_docs_code_05,docs_code,canonical,0,canonical,1,opposite_same_wording,GENERATION_BOUNDARY,reader_target_pos_sufficiency,0.2093418836593628,30,4,"0,16,18"
confirmation,exp12_docs_code_05,docs_code,canonical,0,canonical,1,opposite_same_wording,GENERATION_BOUNDARY,reader_target_pos_necessity,0.20951081812381744,30,4,"0,16,18"
confirmation,exp12_docs_code_05,docs_code,canonical,0,canonical,1,opposite_same_wording,GENERATION_BOUNDARY,reader_negative_neg_sufficiency,-0.02643832564353943,30,4,"1,17,19"
confirmation,exp12_docs_code_05,docs_code,canonical,0,canonical,1,opposite_same_wording,GENERATION_BOUNDARY,reader_negative_neg_necessity,-0.026269391179084778,30,4,"1,17,19"
confirmation,exp12_docs_code_05,docs_code,canonical,0,canonical,1,opposite_same_wording,GENERATION_BOUNDARY,reader_non_set_sufficiency,0.0,30,4,"2,3,4,5,6,7,8,9,10,11,12,13,14,15,20,21,22,23,24,25,26,27,28,29,30,31"
confirmation,exp12_docs_code_05,docs_code,canonical,0,canonical,1,opposite_same_wording,GENERATION_BOUNDARY,reader_non_set_necessity,0.0,30,4,"2,3,4,5,6,7,8,9,10,11,12,13,14,15,20,21,22,23,24,25,26,27,28,29,30,31"
confirmation,exp12_docs_code_05,docs_code,canonical,0,canonical,1,opposite_same_wording,GENERATION_BOUNDARY,reader_all28_sufficiency,0.18307249248027802,30,4,"0,1,2,3,4,5,6,7,8,9,10,11,12,13,14,15,16,17,18,19,20,21,22,23,24,25,26,27,28,29,30,31"
confirmation,exp12_docs_code_05,docs_code,canonical,0,canonical,1,opposite_same_wording,GENERATION_BOUNDARY,reader_all28_necessity,0.18307249248027802,30,4,"0,1,2,3,4,5,6,7,8,9,10,11,12,13,14,15,16,17,18,19,20,21,22,23,24,25,26,27,28,29,30,31"
confirmation,exp12_docs_code_05,docs_code,canonical,0,canonical,1,opposite_same_wording,GENERATION_BOUNDARY,reader_verified_v_effect,0.18307249248027802,30,4,
confirmation,exp12_docs_code_05,docs_code,canonical,0,canonical,1,opposite_same_wording,GENERATION_BOUNDARY,reader_leakage_ratio,0.0,30,4,
confirmation,exp12_docs_code_05,docs_code,paraphrase,0,paraphrase,1,opposite_same_wording,GENERATION_BOUNDARY,selected_V_sufficiency,0.14762836694717407,30,4,
confirmation,exp12_docs_code_05,docs_code,paraphrase,0,paraphrase,1,opposite_same_wording,GENERATION_BOUNDARY,selected_V_necessity_loss,0.09768543392419815,30,4,
confirmation,exp12_docs_code_05,docs_code,paraphrase,0,paraphrase,1,opposite_same_wording,GENERATION_BOUNDARY,cross_selected_V_sufficiency,0.13981002569198608,30,4,
confirmation,exp12_docs_code_05,docs_code,paraphrase,0,paraphrase,1,opposite_same_wording,GENERATION_BOUNDARY,same_state_selected_V_control,0.018871784210205078,30,4,
confirmation,exp12_docs_code_05,docs_code,paraphrase,0,paraphrase,1,opposite_same_wording,GENERATION_BOUNDARY,matched_negative_ISSUE_V_sufficiency,6.884336471557617e-06,30,4,
confirmation,exp12_docs_code_05,docs_code,paraphrase,0,paraphrase,1,opposite_same_wording,GENERATION_BOUNDARY,old_absolute_V_sufficiency,0.14762812852859497,30,4,
confirmation,exp12_docs_code_05,docs_code,paraphrase,0,paraphrase,1,opposite_same_wording,FINAL_INSTRUCTION_END,runner_up_V_sufficiency,2.294778823852539e-06,30,4,
confirmation,exp12_docs_code_05,docs_code,paraphrase,0,paraphrase,1,opposite_same_wording,FINAL_INSTRUCTION_END,runner_up_V_necessity_loss,2.0025327131152153,30,4,
confirmation,exp12_docs_code_05,docs_code,paraphrase,0,paraphrase,1,opposite_same_wording,GENERATION_BOUNDARY,reader_target_pos_sufficiency,0.18464362621307373,30,4,"0,16,18"
confirmation,exp12_docs_code_05,docs_code,paraphrase,0,paraphrase,1,opposite_same_wording,GENERATION_BOUNDARY,reader_target_pos_necessity,0.1784249246120453,30,4,"0,16,18"
confirmation,exp12_docs_code_05,docs_code,paraphrase,0,paraphrase,1,opposite_same_wording,GENERATION_BOUNDARY,reader_negative_neg_sufficiency,-0.030796557664871216,30,4,"1,17,19"
confirmation,exp12_docs_code_05,docs_code,paraphrase,0,paraphrase,1,opposite_same_wording,GENERATION_BOUNDARY,reader_negative_neg_necessity,-0.03701525926589966,30,4,"1,17,19"
confirmation,exp12_docs_code_05,docs_code,paraphrase,0,paraphrase,1,opposite_same_wording,GENERATION_BOUNDARY,reader_non_set_sufficiency,0.0,30,4,"2,3,4,5,6,7,8,9,10,11,12,13,14,15,20,21,22,23,24,25,26,27,28,29,30,31"
confirmation,exp12_docs_code_05,docs_code,paraphrase,0,paraphrase,1,opposite_same_wording,GENERATION_BOUNDARY,reader_non_set_necessity,0.0,30,4,"2,3,4,5,6,7,8,9,10,11,12,13,14,15,20,21,22,23,24,25,26,27,28,29,30,31"
confirmation,exp12_docs_code_05,docs_code,paraphrase,0,paraphrase,1,opposite_same_wording,GENERATION_BOUNDARY,reader_all28_sufficiency,0.14762836694717407,30,4,"0,1,2,3,4,5,6,7,8,9,10,11,12,13,14,15,16,17,18,19,20,21,22,23,24,25,26,27,28,29,30,31"
confirmation,exp12_docs_code_05,docs_code,paraphrase,0,paraphrase,1,opposite_same_wording,GENERATION_BOUNDARY,reader_all28_necessity,0.14762836694717407,30,4,"0,1,2,3,4,5,6,7,8,9,10,11,12,13,14,15,16,17,18,19,20,21,22,23,24,25,26,27,28,29,30,31"
confirmation,exp12_docs_code_05,docs_code,paraphrase,0,paraphrase,1,opposite_same_wording,GENERATION_BOUNDARY,reader_verified_v_effect,0.14762836694717407,30,4,
confirmation,exp12_docs_code_05,docs_code,paraphrase,0,paraphrase,1,opposite_same_wording,GENERATION_BOUNDARY,reader_leakage_ratio,0.0,30,4,
confirmation,exp12_docs_code_05,docs_code,canonical,1,canonical,0,opposite_same_wording,GENERATION_BOUNDARY,selected_V_sufficiency,0.10877644270658493,30,4,
confirmation,exp12_docs_code_05,docs_code,canonical,1,canonical,0,opposite_same_wording,GENERATION_BOUNDARY,selected_V_necessity_loss,0.17139708995819092,30,4,
confirmation,exp12_docs_code_05,docs_code,canonical,1,canonical,0,opposite_same_wording,GENERATION_BOUNDARY,cross_selected_V_sufficiency,0.09182554483413696,30,4,
confirmation,exp12_docs_code_05,docs_code,canonical,1,canonical,0,opposite_same_wording,GENERATION_BOUNDARY,same_state_selected_V_control,0.007800757884979248,30,4,
confirmation,exp12_docs_code_05,docs_code,canonical,1,canonical,0,opposite_same_wording,GENERATION_BOUNDARY,matched_negative_ISSUE_V_sufficiency,-0.001269519329071045,30,4,
confirmation,exp12_docs_code_05,docs_code,canonical,1,canonical,0,opposite_same_wording,GENERATION_BOUNDARY,old_absolute_V_sufficiency,0.10827956348657608,30,4,
confirmation,exp12_docs_code_05,docs_code,canonical,1,canonical,0,opposite_same_wording,FINAL_INSTRUCTION_END,runner_up_V_sufficiency,0.0006901100277900696,30,4,
confirmation,exp12_docs_code_05,docs_code,canonical,1,canonical,0,opposite_same_wording,FINAL_INSTRUCTION_END,runner_up_V_necessity_loss,2.364179715514183,30,4,
confirmation,exp12_docs_code_05,docs_code,canonical,1,canonical,0,opposite_same_wording,GENERATION_BOUNDARY,reader_target_pos_sufficiency,0.12349299341440201,30,4,"0,16,18"
confirmation,exp12_docs_code_05,docs_code,canonical,1,canonical,0,opposite_same_wording,GENERATION_BOUNDARY,reader_target_pos_necessity,0.121854268014431,30,4,"0,16,18"
confirmation,exp12_docs_code_05,docs_code,canonical,1,canonical,0,opposite_same_wording,GENERATION_BOUNDARY,reader_negative_neg_sufficiency,-0.01307782530784607,30,4,"1,17,19"
confirmation,exp12_docs_code_05,docs_code,canonical,1,canonical,0,opposite_same_wording,GENERATION_BOUNDARY,reader_negative_neg_necessity,-0.014716550707817078,30,4,"1,17,19"
confirmation,exp12_docs_code_05,docs_code,canonical,1,canonical,0,opposite_same_wording,GENERATION_BOUNDARY,reader_non_set_sufficiency,-0.0,30,4,"2,3,4,5,6,7,8,9,10,11,12,13,14,15,20,21,22,23,24,25,26,27,28,29,30,31"
confirmation,exp12_docs_code_05,docs_code,canonical,1,canonical,0,opposite_same_wording,GENERATION_BOUNDARY,reader_non_set_necessity,0.0,30,4,"2,3,4,5,6,7,8,9,10,11,12,13,14,15,20,21,22,23,24,25,26,27,28,29,30,31"
confirmation,exp12_docs_code_05,docs_code,canonical,1,canonical,0,opposite_same_wording,GENERATION_BOUNDARY,reader_all28_sufficiency,0.10877644270658493,30,4,"0,1,2,3,4,5,6,7,8,9,10,11,12,13,14,15,16,17,18,19,20,21,22,23,24,25,26,27,28,29,30,31"
confirmation,exp12_docs_code_05,docs_code,canonical,1,canonical,0,opposite_same_wording,GENERATION_BOUNDARY,reader_all28_necessity,0.10877644270658493,30,4,"0,1,2,3,4,5,6,7,8,9,10,11,12,13,14,15,16,17,18,19,20,21,22,23,24,25,26,27,28,29,30,31"
confirmation,exp12_docs_code_05,docs_code,canonical,1,canonical,0,opposite_same_wording,GENERATION_BOUNDARY,reader_verified_v_effect,0.10877644270658493,30,4,
confirmation,exp12_docs_code_05,docs_code,canonical,1,canonical,0,opposite_same_wording,GENERATION_BOUNDARY,reader_leakage_ratio,0.0,30,4,
confirmation,exp12_docs_code_05,docs_code,paraphrase,1,paraphrase,0,opposite_same_wording,GENERATION_BOUNDARY,selected_V_sufficiency,0.09977486729621887,30,4,
confirmation,exp12_docs_code_05,docs_code,paraphrase,1,paraphrase,0,opposite_same_wording,GENERATION_BOUNDARY,selected_V_necessity_loss,0.148179292678833,30,4,
confirmation,exp12_docs_code_05,docs_code,paraphrase,1,paraphrase,0,opposite_same_wording,GENERATION_BOUNDARY,cross_selected_V_sufficiency,0.11868017911911011,30,4,
confirmation,exp12_docs_code_05,docs_code,paraphrase,1,paraphrase,0,opposite_same_wording,GENERATION_BOUNDARY,same_state_selected_V_control,-5.4486095905303955e-05,30,4,
confirmation,exp12_docs_code_05,docs_code,paraphrase,1,paraphrase,0,opposite_same_wording,GENERATION_BOUNDARY,matched_negative_ISSUE_V_sufficiency,-0.0013673529028892517,30,4,
confirmation,exp12_docs_code_05,docs_code,paraphrase,1,paraphrase,0,opposite_same_wording,GENERATION_BOUNDARY,old_absolute_V_sufficiency,0.09977704286575317,30,4,
confirmation,exp12_docs_code_05,docs_code,paraphrase,1,paraphrase,0,opposite_same_wording,FINAL_INSTRUCTION_END,runner_up_V_sufficiency,0.0014342516660690308,30,4,
confirmation,exp12_docs_code_05,docs_code,paraphrase,1,paraphrase,0,opposite_same_wording,FINAL_INSTRUCTION_END,runner_up_V_necessity_loss,1.9923491850495338,30,4,
confirmation,exp12_docs_code_05,docs_code,paraphrase,1,paraphrase,0,opposite_same_wording,GENERATION_BOUNDARY,reader_target_pos_sufficiency,0.12710291147232056,30,4,"0,16,18"
confirmation,exp12_docs_code_05,docs_code,paraphrase,1,paraphrase,0,opposite_same_wording,GENERATION_BOUNDARY,reader_target_pos_necessity,0.11233948916196823,30,4,"0,16,18"
confirmation,exp12_docs_code_05,docs_code,paraphrase,1,paraphrase,0,opposite_same_wording,GENERATION_BOUNDARY,reader_negative_neg_sufficiency,-0.012564621865749359,30,4,"1,17,19"
confirmation,exp12_docs_code_05,docs_code,paraphrase,1,paraphrase,0,opposite_same_wording,GENERATION_BOUNDARY,reader_negative_neg_necessity,-0.027328044176101685,30,4,"1,17,19"
confirmation,exp12_docs_code_05,docs_code,paraphrase,1,paraphrase,0,opposite_same_wording,GENERATION_BOUNDARY,reader_non_set_sufficiency,-0.0,30,4,"2,3,4,5,6,7,8,9,10,11,12,13,14,15,20,21,22,23,24,25,26,27,28,29,30,31"
confirmation,exp12_docs_code_05,docs_code,paraphrase,1,paraphrase,0,opposite_same_wording,GENERATION_BOUNDARY,reader_non_set_necessity,0.0,30,4,"2,3,4,5,6,7,8,9,10,11,12,13,14,15,20,21,22,23,24,25,26,27,28,29,30,31"
confirmation,exp12_docs_code_05,docs_code,paraphrase,1,paraphrase,0,opposite_same_wording,GENERATION_BOUNDARY,reader_all28_sufficiency,0.09977486729621887,30,4,"0,1,2,3,4,5,6,7,8,9,10,11,12,13,14,15,16,17,18,19,20,21,22,23,24,25,26,27,28,29,30,31"
confirmation,exp12_docs_code_05,docs_code,paraphrase,1,paraphrase,0,opposite_same_wording,GENERATION_BOUNDARY,reader_all28_necessity,0.09977486729621887,30,4,"0,1,2,3,4,5,6,7,8,9,10,11,12,13,14,15,16,17,18,19,20,21,22,23,24,25,26,27,28,29,30,31"
confirmation,exp12_docs_code_05,docs_code,paraphrase,1,paraphrase,0,opposite_same_wording,GENERATION_BOUNDARY,reader_verified_v_effect,0.09977486729621887,30,4,
confirmation,exp12_docs_code_05,docs_code,paraphrase,1,paraphrase,0,opposite_same_wording,GENERATION_BOUNDARY,reader_leakage_ratio,0.0,30,4,
confirmation,exp12_docs_code_05,docs_code,direct,0,direct,1,direct_opposite_label,USER_END,direct_V_sufficiency,0.021269142627716064,30,4,
confirmation,exp12_docs_code_05,docs_code,direct,1,direct,0,direct_opposite_label,USER_END,direct_V_sufficiency,0.02180442214012146,30,4,
confirmation,exp12_docs_code_06,docs_code,canonical,0,canonical,1,opposite_same_wording,GENERATION_BOUNDARY,selected_V_sufficiency,0.22159776091575623,30,4,
confirmation,exp12_docs_code_06,docs_code,canonical,0,canonical,1,opposite_same_wording,GENERATION_BOUNDARY,selected_V_necessity_loss,0.17039327137172222,30,4,
confirmation,exp12_docs_code_06,docs_code,canonical,0,canonical,1,opposite_same_wording,GENERATION_BOUNDARY,cross_selected_V_sufficiency,0.23878467082977295,30,4,
confirmation,exp12_docs_code_06,docs_code,canonical,0,canonical,1,opposite_same_wording,GENERATION_BOUNDARY,same_state_selected_V_control,-0.007018029689788818,30,4,
confirmation,exp12_docs_code_06,docs_code,canonical,0,canonical,1,opposite_same_wording,GENERATION_BOUNDARY,matched_negative_ISSUE_V_sufficiency,0.0007773041725158691,30,4,
confirmation,exp12_docs_code_06,docs_code,canonical,0,canonical,1,opposite_same_wording,GENERATION_BOUNDARY,old_absolute_V_sufficiency,0.226965069770813,30,4,
confirmation,exp12_docs_code_06,docs_code,canonical,0,canonical,1,opposite_same_wording,FINAL_INSTRUCTION_END,runner_up_V_sufficiency,0.0015632808208465576,30,4,
confirmation,exp12_docs_code_06,docs_code,canonical,0,canonical,1,opposite_same_wording,FINAL_INSTRUCTION_END,runner_up_V_necessity_loss,3.242903860285878,30,4,
confirmation,exp12_docs_code_06,docs_code,canonical,0,canonical,1,opposite_same_wording,GENERATION_BOUNDARY,reader_target_pos_sufficiency,0.2573334574699402,30,4,"0,16,18"
confirmation,exp12_docs_code_06,docs_code,canonical,0,canonical,1,opposite_same_wording,GENERATION_BOUNDARY,reader_target_pos_necessity,0.2484622299671173,30,4,"0,16,18"
confirmation,exp12_docs_code_06,docs_code,canonical,0,canonical,1,opposite_same_wording,GENERATION_BOUNDARY,reader_negative_neg_sufficiency,-0.026864469051361084,30,4,"1,17,19"
confirmation,exp12_docs_code_06,docs_code,canonical,0,canonical,1,opposite_same_wording,GENERATION_BOUNDARY,reader_negative_neg_necessity,-0.03573569655418396,30,4,"1,17,19"
confirmation,exp12_docs_code_06,docs_code,canonical,0,canonical,1,opposite_same_wording,GENERATION_BOUNDARY,reader_non_set_sufficiency,0.0,30,4,"2,3,4,5,6,7,8,9,10,11,12,13,14,15,20,21,22,23,24,25,26,27,28,29,30,31"
confirmation,exp12_docs_code_06,docs_code,canonical,0,canonical,1,opposite_same_wording,GENERATION_BOUNDARY,reader_non_set_necessity,0.0,30,4,"2,3,4,5,6,7,8,9,10,11,12,13,14,15,20,21,22,23,24,25,26,27,28,29,30,31"
confirmation,exp12_docs_code_06,docs_code,canonical,0,canonical,1,opposite_same_wording,GENERATION_BOUNDARY,reader_all28_sufficiency,0.22159776091575623,30,4,"0,1,2,3,4,5,6,7,8,9,10,11,12,13,14,15,16,17,18,19,20,21,22,23,24,25,26,27,28,29,30,31"
confirmation,exp12_docs_code_06,docs_code,canonical,0,canonical,1,opposite_same_wording,GENERATION_BOUNDARY,reader_all28_necessity,0.22159776091575623,30,4,"0,1,2,3,4,5,6,7,8,9,10,11,12,13,14,15,16,17,18,19,20,21,22,23,24,25,26,27,28,29,30,31"
confirmation,exp12_docs_code_06,docs_code,canonical,0,canonical,1,opposite_same_wording,GENERATION_BOUNDARY,reader_verified_v_effect,0.22159776091575623,30,4,
confirmation,exp12_docs_code_06,docs_code,canonical,0,canonical,1,opposite_same_wording,GENERATION_BOUNDARY,reader_leakage_ratio,0.0,30,4,
confirmation,exp12_docs_code_06,docs_code,paraphrase,0,paraphrase,1,opposite_same_wording,GENERATION_BOUNDARY,selected_V_sufficiency,0.1866772472858429,30,4,
confirmation,exp12_docs_code_06,docs_code,paraphrase,0,paraphrase,1,opposite_same_wording,GENERATION_BOUNDARY,selected_V_necessity_loss,0.1348200887441635,30,4,
confirmation,exp12_docs_code_06,docs_code,paraphrase,0,paraphrase,1,opposite_same_wording,GENERATION_BOUNDARY,cross_selected_V_sufficiency,0.1741715967655182,30,4,
confirmation,exp12_docs_code_06,docs_code,paraphrase,0,paraphrase,1,opposite_same_wording,GENERATION_BOUNDARY,same_state_selected_V_control,0.001550227403640747,30,4,
confirmation,exp12_docs_code_06,docs_code,paraphrase,0,paraphrase,1,opposite_same_wording,GENERATION_BOUNDARY,matched_negative_ISSUE_V_sufficiency,0.0015731453895568848,30,4,
confirmation,exp12_docs_code_06,docs_code,paraphrase,0,paraphrase,1,opposite_same_wording,GENERATION_BOUNDARY,old_absolute_V_sufficiency,0.1835384964942932,30,4,
confirmation,exp12_docs_code_06,docs_code,paraphrase,0,paraphrase,1,opposite_same_wording,FINAL_INSTRUCTION_END,runner_up_V_sufficiency,0.004678487777709961,30,4,
confirmation,exp12_docs_code_06,docs_code,paraphrase,0,paraphrase,1,opposite_same_wording,FINAL_INSTRUCTION_END,runner_up_V_necessity_loss,3.025794118642807,30,4,
confirmation,exp12_docs_code_06,docs_code,paraphrase,0,paraphrase,1,opposite_same_wording,GENERATION_BOUNDARY,reader_target_pos_sufficiency,0.23334231972694397,30,4,"0,16,18"
confirmation,exp12_docs_code_06,docs_code,paraphrase,0,paraphrase,1,opposite_same_wording,GENERATION_BOUNDARY,reader_target_pos_necessity,0.22173082828521729,30,4,"0,16,18"
confirmation,exp12_docs_code_06,docs_code,paraphrase,0,paraphrase,1,opposite_same_wording,GENERATION_BOUNDARY,reader_negative_neg_sufficiency,-0.03505358099937439,30,4,"1,17,19"
confirmation,exp12_docs_code_06,docs_code,paraphrase,0,paraphrase,1,opposite_same_wording,GENERATION_BOUNDARY,reader_negative_neg_necessity,-0.046665072441101074,30,4,"1,17,19"
confirmation,exp12_docs_code_06,docs_code,paraphrase,0,paraphrase,1,opposite_same_wording,GENERATION_BOUNDARY,reader_non_set_sufficiency,0.0,30,4,"2,3,4,5,6,7,8,9,10,11,12,13,14,15,20,21,22,23,24,25,26,27,28,29,30,31"
confirmation,exp12_docs_code_06,docs_code,paraphrase,0,paraphrase,1,opposite_same_wording,GENERATION_BOUNDARY,reader_non_set_necessity,0.0,30,4,"2,3,4,5,6,7,8,9,10,11,12,13,14,15,20,21,22,23,24,25,26,27,28,29,30,31"
confirmation,exp12_docs_code_06,docs_code,paraphrase,0,paraphrase,1,opposite_same_wording,GENERATION_BOUNDARY,reader_all28_sufficiency,0.1866772472858429,30,4,"0,1,2,3,4,5,6,7,8,9,10,11,12,13,14,15,16,17,18,19,20,21,22,23,24,25,26,27,28,29,30,31"
confirmation,exp12_docs_code_06,docs_code,paraphrase,0,paraphrase,1,opposite_same_wording,GENERATION_BOUNDARY,reader_all28_necessity,0.1866772472858429,30,4,"0,1,2,3,4,5,6,7,8,9,10,11,12,13,14,15,16,17,18,19,20,21,22,23,24,25,26,27,28,29,30,31"
confirmation,exp12_docs_code_06,docs_code,paraphrase,0,paraphrase,1,opposite_same_wording,GENERATION_BOUNDARY,reader_verified_v_effect,0.1866772472858429,30,4,
confirmation,exp12_docs_code_06,docs_code,paraphrase,0,paraphrase,1,opposite_same_wording,GENERATION_BOUNDARY,reader_leakage_ratio,0.0,30,4,
confirmation,exp12_docs_code_06,docs_code,canonical,1,canonical,0,opposite_same_wording,GENERATION_BOUNDARY,selected_V_sufficiency,0.13902759552001953,30,4,
confirmation,exp12_docs_code_06,docs_code,canonical,1,canonical,0,opposite_same_wording,GENERATION_BOUNDARY,selected_V_necessity_loss,0.2052549421787262,30,4,
confirmation,exp12_docs_code_06,docs_code,canonical,1,canonical,0,opposite_same_wording,GENERATION_BOUNDARY,cross_selected_V_sufficiency,0.13311082124710083,30,4,
confirmation,exp12_docs_code_06,docs_code,canonical,1,canonical,0,opposite_same_wording,GENERATION_BOUNDARY,same_state_selected_V_control,0.013913396745920181,30,4,
confirmation,exp12_docs_code_06,docs_code,canonical,1,canonical,0,opposite_same_wording,GENERATION_BOUNDARY,matched_negative_ISSUE_V_sufficiency,0.002049081027507782,30,4,
confirmation,exp12_docs_code_06,docs_code,canonical,1,canonical,0,opposite_same_wording,GENERATION_BOUNDARY,old_absolute_V_sufficiency,0.13866855204105377,30,4,
confirmation,exp12_docs_code_06,docs_code,canonical,1,canonical,0,opposite_same_wording,FINAL_INSTRUCTION_END,runner_up_V_sufficiency,0.00075550377368927,30,4,
confirmation,exp12_docs_code_06,docs_code,canonical,1,canonical,0,opposite_same_wording,FINAL_INSTRUCTION_END,runner_up_V_necessity_loss,3.138202168047428,30,4,
confirmation,exp12_docs_code_06,docs_code,canonical,1,canonical,0,opposite_same_wording,GENERATION_BOUNDARY,reader_target_pos_sufficiency,0.17145787924528122,30,4,"0,16,18"
confirmation,exp12_docs_code_06,docs_code,canonical,1,canonical,0,opposite_same_wording,GENERATION_BOUNDARY,reader_target_pos_necessity,0.15749821439385414,30,4,"0,16,18"
confirmation,exp12_docs_code_06,docs_code,canonical,1,canonical,0,opposite_same_wording,GENERATION_BOUNDARY,reader_negative_neg_sufficiency,-0.01847061887383461,30,4,"1,17,19"
confirmation,exp12_docs_code_06,docs_code,canonical,1,canonical,0,opposite_same_wording,GENERATION_BOUNDARY,reader_negative_neg_necessity,-0.03243028372526169,30,4,"1,17,19"
confirmation,exp12_docs_code_06,docs_code,canonical,1,canonical,0,opposite_same_wording,GENERATION_BOUNDARY,reader_non_set_sufficiency,-0.0,30,4,"2,3,4,5,6,7,8,9,10,11,12,13,14,15,20,21,22,23,24,25,26,27,28,29,30,31"
confirmation,exp12_docs_code_06,docs_code,canonical,1,canonical,0,opposite_same_wording,GENERATION_BOUNDARY,reader_non_set_necessity,0.0,30,4,"2,3,4,5,6,7,8,9,10,11,12,13,14,15,20,21,22,23,24,25,26,27,28,29,30,31"
confirmation,exp12_docs_code_06,docs_code,canonical,1,canonical,0,opposite_same_wording,GENERATION_BOUNDARY,reader_all28_sufficiency,0.13902759552001953,30,4,"0,1,2,3,4,5,6,7,8,9,10,11,12,13,14,15,16,17,18,19,20,21,22,23,24,25,26,27,28,29,30,31"
confirmation,exp12_docs_code_06,docs_code,canonical,1,canonical,0,opposite_same_wording,GENERATION_BOUNDARY,reader_all28_necessity,0.13902759552001953,30,4,"0,1,2,3,4,5,6,7,8,9,10,11,12,13,14,15,16,17,18,19,20,21,22,23,24,25,26,27,28,29,30,31"
confirmation,exp12_docs_code_06,docs_code,canonical,1,canonical,0,opposite_same_wording,GENERATION_BOUNDARY,reader_verified_v_effect,0.13902759552001953,30,4,
confirmation,exp12_docs_code_06,docs_code,canonical,1,canonical,0,opposite_same_wording,GENERATION_BOUNDARY,reader_leakage_ratio,0.0,30,4,
confirmation,exp12_docs_code_06,docs_code,paraphrase,1,paraphrase,0,opposite_same_wording,GENERATION_BOUNDARY,selected_V_sufficiency,0.134220652282238,30,4,
confirmation,exp12_docs_code_06,docs_code,paraphrase,1,paraphrase,0,opposite_same_wording,GENERATION_BOUNDARY,selected_V_necessity_loss,0.17575791478157043,30,4,
confirmation,exp12_docs_code_06,docs_code,paraphrase,1,paraphrase,0,opposite_same_wording,GENERATION_BOUNDARY,cross_selected_V_sufficiency,0.13610320538282394,30,4,
confirmation,exp12_docs_code_06,docs_code,paraphrase,1,paraphrase,0,opposite_same_wording,GENERATION_BOUNDARY,same_state_selected_V_control,-0.0013578906655311584,30,4,
confirmation,exp12_docs_code_06,docs_code,paraphrase,1,paraphrase,0,opposite_same_wording,GENERATION_BOUNDARY,matched_negative_ISSUE_V_sufficiency,0.0021783635020256042,30,4,
confirmation,exp12_docs_code_06,docs_code,paraphrase,1,paraphrase,0,opposite_same_wording,GENERATION_BOUNDARY,old_absolute_V_sufficiency,0.1329217627644539,30,4,
confirmation,exp12_docs_code_06,docs_code,paraphrase,1,paraphrase,0,opposite_same_wording,FINAL_INSTRUCTION_END,runner_up_V_sufficiency,-0.0004078894853591919,30,4,
confirmation,exp12_docs_code_06,docs_code,paraphrase,1,paraphrase,0,opposite_same_wording,FINAL_INSTRUCTION_END,runner_up_V_necessity_loss,3.0446236953139305,30,4,
confirmation,exp12_docs_code_06,docs_code,paraphrase,1,paraphrase,0,opposite_same_wording,GENERATION_BOUNDARY,reader_target_pos_sufficiency,0.16656995564699173,30,4,"0,16,18"
confirmation,exp12_docs_code_06,docs_code,paraphrase,1,paraphrase,0,opposite_same_wording,GENERATION_BOUNDARY,reader_target_pos_necessity,0.15613261610269547,30,4,"0,16,18"
confirmation,exp12_docs_code_06,docs_code,paraphrase,1,paraphrase,0,opposite_same_wording,GENERATION_BOUNDARY,reader_negative_neg_sufficiency,-0.02191196382045746,30,4,"1,17,19"
confirmation,exp12_docs_code_06,docs_code,paraphrase,1,paraphrase,0,opposite_same_wording,GENERATION_BOUNDARY,reader_negative_neg_necessity,-0.03234930336475372,30,4,"1,17,19"
confirmation,exp12_docs_code_06,docs_code,paraphrase,1,paraphrase,0,opposite_same_wording,GENERATION_BOUNDARY,reader_non_set_sufficiency,-0.0,30,4,"2,3,4,5,6,7,8,9,10,11,12,13,14,15,20,21,22,23,24,25,26,27,28,29,30,31"
confirmation,exp12_docs_code_06,docs_code,paraphrase,1,paraphrase,0,opposite_same_wording,GENERATION_BOUNDARY,reader_non_set_necessity,0.0,30,4,"2,3,4,5,6,7,8,9,10,11,12,13,14,15,20,21,22,23,24,25,26,27,28,29,30,31"
confirmation,exp12_docs_code_06,docs_code,paraphrase,1,paraphrase,0,opposite_same_wording,GENERATION_BOUNDARY,reader_all28_sufficiency,0.134220652282238,30,4,"0,1,2,3,4,5,6,7,8,9,10,11,12,13,14,15,16,17,18,19,20,21,22,23,24,25,26,27,28,29,30,31"
confirmation,exp12_docs_code_06,docs_code,paraphrase,1,paraphrase,0,opposite_same_wording,GENERATION_BOUNDARY,reader_all28_necessity,0.134220652282238,30,4,"0,1,2,3,4,5,6,7,8,9,10,11,12,13,14,15,16,17,18,19,20,21,22,23,24,25,26,27,28,29,30,31"
confirmation,exp12_docs_code_06,docs_code,paraphrase,1,paraphrase,0,opposite_same_wording,GENERATION_BOUNDARY,reader_verified_v_effect,0.134220652282238,30,4,
confirmation,exp12_docs_code_06,docs_code,paraphrase,1,paraphrase,0,opposite_same_wording,GENERATION_BOUNDARY,reader_leakage_ratio,0.0,30,4,
confirmation,exp12_docs_code_06,docs_code,direct,0,direct,1,direct_opposite_label,USER_END,direct_V_sufficiency,0.030377864837646484,30,4,
confirmation,exp12_docs_code_06,docs_code,direct,1,direct,0,direct_opposite_label,USER_END,direct_V_sufficiency,0.02638983726501465,30,4,
confirmation,exp12_docs_code_07,docs_code,canonical,0,canonical,1,opposite_same_wording,GENERATION_BOUNDARY,selected_V_sufficiency,0.19671455025672913,30,4,
confirmation,exp12_docs_code_07,docs_code,canonical,0,canonical,1,opposite_same_wording,GENERATION_BOUNDARY,selected_V_necessity_loss,0.13321280479431152,30,4,
confirmation,exp12_docs_code_07,docs_code,canonical,0,canonical,1,opposite_same_wording,GENERATION_BOUNDARY,cross_selected_V_sufficiency,0.20765316486358643,30,4,
confirmation,exp12_docs_code_07,docs_code,canonical,0,canonical,1,opposite_same_wording,GENERATION_BOUNDARY,same_state_selected_V_control,-0.00546833872795105,30,4,
confirmation,exp12_docs_code_07,docs_code,canonical,0,canonical,1,opposite_same_wording,GENERATION_BOUNDARY,matched_negative_ISSUE_V_sufficiency,0.0003903508186340332,30,4,
confirmation,exp12_docs_code_07,docs_code,canonical,0,canonical,1,opposite_same_wording,GENERATION_BOUNDARY,old_absolute_V_sufficiency,0.19400376081466675,30,4,
confirmation,exp12_docs_code_07,docs_code,canonical,0,canonical,1,opposite_same_wording,FINAL_INSTRUCTION_END,runner_up_V_sufficiency,0.0007628500461578369,30,4,
confirmation,exp12_docs_code_07,docs_code,canonical,0,canonical,1,opposite_same_wording,FINAL_INSTRUCTION_END,runner_up_V_necessity_loss,2.578072115778923,30,4,
confirmation,exp12_docs_code_07,docs_code,canonical,0,canonical,1,opposite_same_wording,GENERATION_BOUNDARY,reader_target_pos_sufficiency,0.22549980878829956,30,4,"0,16,18"
confirmation,exp12_docs_code_07,docs_code,canonical,0,canonical,1,opposite_same_wording,GENERATION_BOUNDARY,reader_target_pos_necessity,0.22626560926437378,30,4,"0,16,18"
confirmation,exp12_docs_code_07,docs_code,canonical,0,canonical,1,opposite_same_wording,GENERATION_BOUNDARY,reader_negative_neg_sufficiency,-0.029551059007644653,30,4,"1,17,19"
confirmation,exp12_docs_code_07,docs_code,canonical,0,canonical,1,opposite_same_wording,GENERATION_BOUNDARY,reader_negative_neg_necessity,-0.028785258531570435,30,4,"1,17,19"
confirmation,exp12_docs_code_07,docs_code,canonical,0,canonical,1,opposite_same_wording,GENERATION_BOUNDARY,reader_non_set_sufficiency,0.0,30,4,"2,3,4,5,6,7,8,9,10,11,12,13,14,15,20,21,22,23,24,25,26,27,28,29,30,31"
confirmation,exp12_docs_code_07,docs_code,canonical,0,canonical,1,opposite_same_wording,GENERATION_BOUNDARY,reader_non_set_necessity,0.0,30,4,"2,3,4,5,6,7,8,9,10,11,12,13,14,15,20,21,22,23,24,25,26,27,28,29,30,31"
confirmation,exp12_docs_code_07,docs_code,canonical,0,canonical,1,opposite_same_wording,GENERATION_BOUNDARY,reader_all28_sufficiency,0.19671455025672913,30,4,"0,1,2,3,4,5,6,7,8,9,10,11,12,13,14,15,16,17,18,19,20,21,22,23,24,25,26,27,28,29,30,31"
confirmation,exp12_docs_code_07,docs_code,canonical,0,canonical,1,opposite_same_wording,GENERATION_BOUNDARY,reader_all28_necessity,0.19671455025672913,30,4,"0,1,2,3,4,5,6,7,8,9,10,11,12,13,14,15,16,17,18,19,20,21,22,23,24,25,26,27,28,29,30,31"
confirmation,exp12_docs_code_07,docs_code,canonical,0,canonical,1,opposite_same_wording,GENERATION_BOUNDARY,reader_verified_v_effect,0.19671455025672913,30,4,
confirmation,exp12_docs_code_07,docs_code,canonical,0,canonical,1,opposite_same_wording,GENERATION_BOUNDARY,reader_leakage_ratio,0.0,30,4,
confirmation,exp12_docs_code_07,docs_code,paraphrase,0,paraphrase,1,opposite_same_wording,GENERATION_BOUNDARY,selected_V_sufficiency,0.15574148297309875,30,4,
confirmation,exp12_docs_code_07,docs_code,paraphrase,0,paraphrase,1,opposite_same_wording,GENERATION_BOUNDARY,selected_V_necessity_loss,0.12434136867523193,30,4,
confirmation,exp12_docs_code_07,docs_code,paraphrase,0,paraphrase,1,opposite_same_wording,GENERATION_BOUNDARY,cross_selected_V_sufficiency,0.1399853527545929,30,4,
confirmation,exp12_docs_code_07,docs_code,paraphrase,0,paraphrase,1,opposite_same_wording,GENERATION_BOUNDARY,same_state_selected_V_control,0.004694610834121704,30,4,
confirmation,exp12_docs_code_07,docs_code,paraphrase,0,paraphrase,1,opposite_same_wording,GENERATION_BOUNDARY,matched_negative_ISSUE_V_sufficiency,-5.066394805908203e-07,30,4,
confirmation,exp12_docs_code_07,docs_code,paraphrase,0,paraphrase,1,opposite_same_wording,GENERATION_BOUNDARY,old_absolute_V_sufficiency,0.147799551486969,30,4,
confirmation,exp12_docs_code_07,docs_code,paraphrase,0,paraphrase,1,opposite_same_wording,FINAL_INSTRUCTION_END,runner_up_V_sufficiency,0.0015541315078735352,30,4,
confirmation,exp12_docs_code_07,docs_code,paraphrase,0,paraphrase,1,opposite_same_wording,FINAL_INSTRUCTION_END,runner_up_V_necessity_loss,2.350855141878128,30,4,
confirmation,exp12_docs_code_07,docs_code,paraphrase,0,paraphrase,1,opposite_same_wording,GENERATION_BOUNDARY,reader_target_pos_sufficiency,0.1950598955154419,30,4,"0,16,18"
confirmation,exp12_docs_code_07,docs_code,paraphrase,0,paraphrase,1,opposite_same_wording,GENERATION_BOUNDARY,reader_target_pos_necessity,0.19661575555801392,30,4,"0,16,18"
confirmation,exp12_docs_code_07,docs_code,paraphrase,0,paraphrase,1,opposite_same_wording,GENERATION_BOUNDARY,reader_negative_neg_sufficiency,-0.04087427258491516,30,4,"1,17,19"
confirmation,exp12_docs_code_07,docs_code,paraphrase,0,paraphrase,1,opposite_same_wording,GENERATION_BOUNDARY,reader_negative_neg_necessity,-0.03931841254234314,30,4,"1,17,19"
confirmation,exp12_docs_code_07,docs_code,paraphrase,0,paraphrase,1,opposite_same_wording,GENERATION_BOUNDARY,reader_non_set_sufficiency,0.0,30,4,"2,3,4,5,6,7,8,9,10,11,12,13,14,15,20,21,22,23,24,25,26,27,28,29,30,31"
confirmation,exp12_docs_code_07,docs_code,paraphrase,0,paraphrase,1,opposite_same_wording,GENERATION_BOUNDARY,reader_non_set_necessity,0.0,30,4,"2,3,4,5,6,7,8,9,10,11,12,13,14,15,20,21,22,23,24,25,26,27,28,29,30,31"
confirmation,exp12_docs_code_07,docs_code,paraphrase,0,paraphrase,1,opposite_same_wording,GENERATION_BOUNDARY,reader_all28_sufficiency,0.15574148297309875,30,4,"0,1,2,3,4,5,6,7,8,9,10,11,12,13,14,15,16,17,18,19,20,21,22,23,24,25,26,27,28,29,30,31"
confirmation,exp12_docs_code_07,docs_code,paraphrase,0,paraphrase,1,opposite_same_wording,GENERATION_BOUNDARY,reader_all28_necessity,0.15574148297309875,30,4,"0,1,2,3,4,5,6,7,8,9,10,11,12,13,14,15,16,17,18,19,20,21,22,23,24,25,26,27,28,29,30,31"
confirmation,exp12_docs_code_07,docs_code,paraphrase,0,paraphrase,1,opposite_same_wording,GENERATION_BOUNDARY,reader_verified_v_effect,0.15574148297309875,30,4,
confirmation,exp12_docs_code_07,docs_code,paraphrase,0,paraphrase,1,opposite_same_wording,GENERATION_BOUNDARY,reader_leakage_ratio,0.0,30,4,
confirmation,exp12_docs_code_07,docs_code,canonical,1,canonical,0,opposite_same_wording,GENERATION_BOUNDARY,selected_V_sufficiency,0.1325988993048668,30,4,
confirmation,exp12_docs_code_07,docs_code,canonical,1,canonical,0,opposite_same_wording,GENERATION_BOUNDARY,selected_V_necessity_loss,0.1722741723060608,30,4,
confirmation,exp12_docs_code_07,docs_code,canonical,1,canonical,0,opposite_same_wording,GENERATION_BOUNDARY,cross_selected_V_sufficiency,0.11806199699640274,30,4,
confirmation,exp12_docs_code_07,docs_code,canonical,1,canonical,0,opposite_same_wording,GENERATION_BOUNDARY,same_state_selected_V_control,0.0014020726084709167,30,4,
confirmation,exp12_docs_code_07,docs_code,canonical,1,canonical,0,opposite_same_wording,GENERATION_BOUNDARY,matched_negative_ISSUE_V_sufficiency,-0.0010191500186920166,30,4,
confirmation,exp12_docs_code_07,docs_code,canonical,1,canonical,0,opposite_same_wording,GENERATION_BOUNDARY,old_absolute_V_sufficiency,0.13311045616865158,30,4,
confirmation,exp12_docs_code_07,docs_code,canonical,1,canonical,0,opposite_same_wording,FINAL_INSTRUCTION_END,runner_up_V_sufficiency,0.0004500970244407654,30,4,
confirmation,exp12_docs_code_07,docs_code,canonical,1,canonical,0,opposite_same_wording,FINAL_INSTRUCTION_END,runner_up_V_necessity_loss,2.461650848388672,30,4,
confirmation,exp12_docs_code_07,docs_code,canonical,1,canonical,0,opposite_same_wording,GENERATION_BOUNDARY,reader_target_pos_sufficiency,0.14887017756700516,30,4,"0,16,18"
confirmation,exp12_docs_code_07,docs_code,canonical,1,canonical,0,opposite_same_wording,GENERATION_BOUNDARY,reader_target_pos_necessity,0.13820339739322662,30,4,"0,16,18"
confirmation,exp12_docs_code_07,docs_code,canonical,1,canonical,0,opposite_same_wording,GENERATION_BOUNDARY,reader_negative_neg_sufficiency,-0.005604498088359833,30,4,"1,17,19"
confirmation,exp12_docs_code_07,docs_code,canonical,1,canonical,0,opposite_same_wording,GENERATION_BOUNDARY,reader_negative_neg_necessity,-0.016271278262138367,30,4,"1,17,19"
confirmation,exp12_docs_code_07,docs_code,canonical,1,canonical,0,opposite_same_wording,GENERATION_BOUNDARY,reader_non_set_sufficiency,-0.0,30,4,"2,3,4,5,6,7,8,9,10,11,12,13,14,15,20,21,22,23,24,25,26,27,28,29,30,31"
confirmation,exp12_docs_code_07,docs_code,canonical,1,canonical,0,opposite_same_wording,GENERATION_BOUNDARY,reader_non_set_necessity,0.0,30,4,"2,3,4,5,6,7,8,9,10,11,12,13,14,15,20,21,22,23,24,25,26,27,28,29,30,31"
confirmation,exp12_docs_code_07,docs_code,canonical,1,canonical,0,opposite_same_wording,GENERATION_BOUNDARY,reader_all28_sufficiency,0.1325988993048668,30,4,"0,1,2,3,4,5,6,7,8,9,10,11,12,13,14,15,16,17,18,19,20,21,22,23,24,25,26,27,28,29,30,31"
confirmation,exp12_docs_code_07,docs_code,canonical,1,canonical,0,opposite_same_wording,GENERATION_BOUNDARY,reader_all28_necessity,0.1325988993048668,30,4,"0,1,2,3,4,5,6,7,8,9,10,11,12,13,14,15,16,17,18,19,20,21,22,23,24,25,26,27,28,29,30,31"
confirmation,exp12_docs_code_07,docs_code,canonical,1,canonical,0,opposite_same_wording,GENERATION_BOUNDARY,reader_verified_v_effect,0.1325988993048668,30,4,
confirmation,exp12_docs_code_07,docs_code,canonical,1,canonical,0,opposite_same_wording,GENERATION_BOUNDARY,reader_leakage_ratio,0.0,30,4,
confirmation,exp12_docs_code_07,docs_code,paraphrase,1,paraphrase,0,opposite_same_wording,GENERATION_BOUNDARY,selected_V_sufficiency,0.10780930519104004,30,4,
confirmation,exp12_docs_code_07,docs_code,paraphrase,1,paraphrase,0,opposite_same_wording,GENERATION_BOUNDARY,selected_V_necessity_loss,0.1490699052810669,30,4,
confirmation,exp12_docs_code_07,docs_code,paraphrase,1,paraphrase,0,opposite_same_wording,GENERATION_BOUNDARY,cross_selected_V_sufficiency,0.12237215042114258,30,4,
confirmation,exp12_docs_code_07,docs_code,paraphrase,1,paraphrase,0,opposite_same_wording,GENERATION_BOUNDARY,same_state_selected_V_control,-0.013316154479980469,30,4,
confirmation,exp12_docs_code_07,docs_code,paraphrase,1,paraphrase,0,opposite_same_wording,GENERATION_BOUNDARY,matched_negative_ISSUE_V_sufficiency,0.0012027472257614136,30,4,
confirmation,exp12_docs_code_07,docs_code,paraphrase,1,paraphrase,0,opposite_same_wording,GENERATION_BOUNDARY,old_absolute_V_sufficiency,0.1078094094991684,30,4,
confirmation,exp12_docs_code_07,docs_code,paraphrase,1,paraphrase,0,opposite_same_wording,FINAL_INSTRUCTION_END,runner_up_V_sufficiency,0.0006006360054016113,30,4,
confirmation,exp12_docs_code_07,docs_code,paraphrase,1,paraphrase,0,opposite_same_wording,FINAL_INSTRUCTION_END,runner_up_V_necessity_loss,2.362491935491562,30,4,
confirmation,exp12_docs_code_07,docs_code,paraphrase,1,paraphrase,0,opposite_same_wording,GENERATION_BOUNDARY,reader_target_pos_sufficiency,0.13756513595581055,30,4,"0,16,18"
confirmation,exp12_docs_code_07,docs_code,paraphrase,1,paraphrase,0,opposite_same_wording,GENERATION_BOUNDARY,reader_target_pos_necessity,0.12533195316791534,30,4,"0,16,18"
confirmation,exp12_docs_code_07,docs_code,paraphrase,1,paraphrase,0,opposite_same_wording,GENERATION_BOUNDARY,reader_negative_neg_sufficiency,-0.017522647976875305,30,4,"1,17,19"
confirmation,exp12_docs_code_07,docs_code,paraphrase,1,paraphrase,0,opposite_same_wording,GENERATION_BOUNDARY,reader_negative_neg_necessity,-0.029755830764770508,30,4,"1,17,19"
confirmation,exp12_docs_code_07,docs_code,paraphrase,1,paraphrase,0,opposite_same_wording,GENERATION_BOUNDARY,reader_non_set_sufficiency,-0.0,30,4,"2,3,4,5,6,7,8,9,10,11,12,13,14,15,20,21,22,23,24,25,26,27,28,29,30,31"
confirmation,exp12_docs_code_07,docs_code,paraphrase,1,paraphrase,0,opposite_same_wording,GENERATION_BOUNDARY,reader_non_set_necessity,0.0,30,4,"2,3,4,5,6,7,8,9,10,11,12,13,14,15,20,21,22,23,24,25,26,27,28,29,30,31"
confirmation,exp12_docs_code_07,docs_code,paraphrase,1,paraphrase,0,opposite_same_wording,GENERATION_BOUNDARY,reader_all28_sufficiency,0.10780930519104004,30,4,"0,1,2,3,4,5,6,7,8,9,10,11,12,13,14,15,16,17,18,19,20,21,22,23,24,25,26,27,28,29,30,31"
confirmation,exp12_docs_code_07,docs_code,paraphrase,1,paraphrase,0,opposite_same_wording,GENERATION_BOUNDARY,reader_all28_necessity,0.10780930519104004,30,4,"0,1,2,3,4,5,6,7,8,9,10,11,12,13,14,15,16,17,18,19,20,21,22,23,24,25,26,27,28,29,30,31"
confirmation,exp12_docs_code_07,docs_code,paraphrase,1,paraphrase,0,opposite_same_wording,GENERATION_BOUNDARY,reader_verified_v_effect,0.10780930519104004,30,4,
confirmation,exp12_docs_code_07,docs_code,paraphrase,1,paraphrase,0,opposite_same_wording,GENERATION_BOUNDARY,reader_leakage_ratio,0.0,30,4,
confirmation,exp12_docs_code_07,docs_code,direct,0,direct,1,direct_opposite_label,USER_END,direct_V_sufficiency,0.022782325744628906,30,4,
confirmation,exp12_docs_code_07,docs_code,direct,1,direct,0,direct_opposite_label,USER_END,direct_V_sufficiency,0.02174907922744751,30,4,
confirmation,exp12_docs_code_10,docs_code,canonical,0,canonical,1,opposite_same_wording,GENERATION_BOUNDARY,selected_V_sufficiency,0.20960304141044617,30,4,
confirmation,exp12_docs_code_10,docs_code,canonical,0,canonical,1,opposite_same_wording,GENERATION_BOUNDARY,selected_V_necessity_loss,0.1779695227742195,30,4,
confirmation,exp12_docs_code_10,docs_code,canonical,0,canonical,1,opposite_same_wording,GENERATION_BOUNDARY,cross_selected_V_sufficiency,0.21653375029563904,30,4,
confirmation,exp12_docs_code_10,docs_code,canonical,0,canonical,1,opposite_same_wording,GENERATION_BOUNDARY,same_state_selected_V_control,-0.003639519214630127,30,4,
confirmation,exp12_docs_code_10,docs_code,canonical,0,canonical,1,opposite_same_wording,GENERATION_BOUNDARY,matched_negative_ISSUE_V_sufficiency,3.489851951599121e-05,30,4,
confirmation,exp12_docs_code_10,docs_code,canonical,0,canonical,1,opposite_same_wording,GENERATION_BOUNDARY,old_absolute_V_sufficiency,0.19903847575187683,30,4,
confirmation,exp12_docs_code_10,docs_code,canonical,0,canonical,1,opposite_same_wording,FINAL_INSTRUCTION_END,runner_up_V_sufficiency,0.001455545425415039,30,4,
confirmation,exp12_docs_code_10,docs_code,canonical,0,canonical,1,opposite_same_wording,FINAL_INSTRUCTION_END,runner_up_V_necessity_loss,3.334301609545946,30,4,
confirmation,exp12_docs_code_10,docs_code,canonical,0,canonical,1,opposite_same_wording,GENERATION_BOUNDARY,reader_target_pos_sufficiency,0.24650982022285461,30,4,"0,16,18"
confirmation,exp12_docs_code_10,docs_code,canonical,0,canonical,1,opposite_same_wording,GENERATION_BOUNDARY,reader_target_pos_necessity,0.2393626868724823,30,4,"0,16,18"
confirmation,exp12_docs_code_10,docs_code,canonical,0,canonical,1,opposite_same_wording,GENERATION_BOUNDARY,reader_negative_neg_sufficiency,-0.029759645462036133,30,4,"1,17,19"
confirmation,exp12_docs_code_10,docs_code,canonical,0,canonical,1,opposite_same_wording,GENERATION_BOUNDARY,reader_negative_neg_necessity,-0.03690677881240845,30,4,"1,17,19"
confirmation,exp12_docs_code_10,docs_code,canonical,0,canonical,1,opposite_same_wording,GENERATION_BOUNDARY,reader_non_set_sufficiency,0.0,30,4,"2,3,4,5,6,7,8,9,10,11,12,13,14,15,20,21,22,23,24,25,26,27,28,29,30,31"
confirmation,exp12_docs_code_10,docs_code,canonical,0,canonical,1,opposite_same_wording,GENERATION_BOUNDARY,reader_non_set_necessity,0.0,30,4,"2,3,4,5,6,7,8,9,10,11,12,13,14,15,20,21,22,23,24,25,26,27,28,29,30,31"
confirmation,exp12_docs_code_10,docs_code,canonical,0,canonical,1,opposite_same_wording,GENERATION_BOUNDARY,reader_all28_sufficiency,0.20960304141044617,30,4,"0,1,2,3,4,5,6,7,8,9,10,11,12,13,14,15,16,17,18,19,20,21,22,23,24,25,26,27,28,29,30,31"
confirmation,exp12_docs_code_10,docs_code,canonical,0,canonical,1,opposite_same_wording,GENERATION_BOUNDARY,reader_all28_necessity,0.20960304141044617,30,4,"0,1,2,3,4,5,6,7,8,9,10,11,12,13,14,15,16,17,18,19,20,21,22,23,24,25,26,27,28,29,30,31"
confirmation,exp12_docs_code_10,docs_code,canonical,0,canonical,1,opposite_same_wording,GENERATION_BOUNDARY,reader_verified_v_effect,0.20960304141044617,30,4,
confirmation,exp12_docs_code_10,docs_code,canonical,0,canonical,1,opposite_same_wording,GENERATION_BOUNDARY,reader_leakage_ratio,0.0,30,4,
confirmation,exp12_docs_code_10,docs_code,paraphrase,0,paraphrase,1,opposite_same_wording,GENERATION_BOUNDARY,selected_V_sufficiency,0.16577008366584778,30,4,
confirmation,exp12_docs_code_10,docs_code,paraphrase,0,paraphrase,1,opposite_same_wording,GENERATION_BOUNDARY,selected_V_necessity_loss,0.1357969231903553,30,4,
confirmation,exp12_docs_code_10,docs_code,paraphrase,0,paraphrase,1,opposite_same_wording,GENERATION_BOUNDARY,cross_selected_V_sufficiency,0.15724214911460876,30,4,
confirmation,exp12_docs_code_10,docs_code,paraphrase,0,paraphrase,1,opposite_same_wording,GENERATION_BOUNDARY,same_state_selected_V_control,0.009881556034088135,30,4,
confirmation,exp12_docs_code_10,docs_code,paraphrase,0,paraphrase,1,opposite_same_wording,GENERATION_BOUNDARY,matched_negative_ISSUE_V_sufficiency,-0.0028409957885742188,30,4,
confirmation,exp12_docs_code_10,docs_code,paraphrase,0,paraphrase,1,opposite_same_wording,GENERATION_BOUNDARY,old_absolute_V_sufficiency,0.16293099522590637,30,4,
confirmation,exp12_docs_code_10,docs_code,paraphrase,0,paraphrase,1,opposite_same_wording,FINAL_INSTRUCTION_END,runner_up_V_sufficiency,0.009160131216049194,30,4,
confirmation,exp12_docs_code_10,docs_code,paraphrase,0,paraphrase,1,opposite_same_wording,FINAL_INSTRUCTION_END,runner_up_V_necessity_loss,2.949422087520361,30,4,
confirmation,exp12_docs_code_10,docs_code,paraphrase,0,paraphrase,1,opposite_same_wording,GENERATION_BOUNDARY,reader_target_pos_sufficiency,0.21538874506950378,30,4,"0,16,18"
confirmation,exp12_docs_code_10,docs_code,paraphrase,0,paraphrase,1,opposite_same_wording,GENERATION_BOUNDARY,reader_target_pos_necessity,0.20475617051124573,30,4,"0,16,18"
confirmation,exp12_docs_code_10,docs_code,paraphrase,0,paraphrase,1,opposite_same_wording,GENERATION_BOUNDARY,reader_negative_neg_sufficiency,-0.03898608684539795,30,4,"1,17,19"
confirmation,exp12_docs_code_10,docs_code,paraphrase,0,paraphrase,1,opposite_same_wording,GENERATION_BOUNDARY,reader_negative_neg_necessity,-0.049618661403656006,30,4,"1,17,19"
confirmation,exp12_docs_code_10,docs_code,paraphrase,0,paraphrase,1,opposite_same_wording,GENERATION_BOUNDARY,reader_non_set_sufficiency,0.0,30,4,"2,3,4,5,6,7,8,9,10,11,12,13,14,15,20,21,22,23,24,25,26,27,28,29,30,31"
confirmation,exp12_docs_code_10,docs_code,paraphrase,0,paraphrase,1,opposite_same_wording,GENERATION_BOUNDARY,reader_non_set_necessity,0.0,30,4,"2,3,4,5,6,7,8,9,10,11,12,13,14,15,20,21,22,23,24,25,26,27,28,29,30,31"
confirmation,exp12_docs_code_10,docs_code,paraphrase,0,paraphrase,1,opposite_same_wording,GENERATION_BOUNDARY,reader_all28_sufficiency,0.16577008366584778,30,4,"0,1,2,3,4,5,6,7,8,9,10,11,12,13,14,15,16,17,18,19,20,21,22,23,24,25,26,27,28,29,30,31"
confirmation,exp12_docs_code_10,docs_code,paraphrase,0,paraphrase,1,opposite_same_wording,GENERATION_BOUNDARY,reader_all28_necessity,0.16577008366584778,30,4,"0,1,2,3,4,5,6,7,8,9,10,11,12,13,14,15,16,17,18,19,20,21,22,23,24,25,26,27,28,29,30,31"
confirmation,exp12_docs_code_10,docs_code,paraphrase,0,paraphrase,1,opposite_same_wording,GENERATION_BOUNDARY,reader_verified_v_effect,0.16577008366584778,30,4,
confirmation,exp12_docs_code_10,docs_code,paraphrase,0,paraphrase,1,opposite_same_wording,GENERATION_BOUNDARY,reader_leakage_ratio,0.0,30,4,
confirmation,exp12_docs_code_10,docs_code,canonical,1,canonical,0,opposite_same_wording,GENERATION_BOUNDARY,selected_V_sufficiency,0.1565222553908825,30,4,
confirmation,exp12_docs_code_10,docs_code,canonical,1,canonical,0,opposite_same_wording,GENERATION_BOUNDARY,selected_V_necessity_loss,0.19258418679237366,30,4,
confirmation,exp12_docs_code_10,docs_code,canonical,1,canonical,0,opposite_same_wording,GENERATION_BOUNDARY,cross_selected_V_sufficiency,0.15373840555548668,30,4,
confirmation,exp12_docs_code_10,docs_code,canonical,1,canonical,0,opposite_same_wording,GENERATION_BOUNDARY,same_state_selected_V_control,0.0007362402975559235,30,4,
confirmation,exp12_docs_code_10,docs_code,canonical,1,canonical,0,opposite_same_wording,GENERATION_BOUNDARY,matched_negative_ISSUE_V_sufficiency,-0.00036083534359931946,30,4,
confirmation,exp12_docs_code_10,docs_code,canonical,1,canonical,0,opposite_same_wording,GENERATION_BOUNDARY,old_absolute_V_sufficiency,0.15628134831786156,30,4,
confirmation,exp12_docs_code_10,docs_code,canonical,1,canonical,0,opposite_same_wording,FINAL_INSTRUCTION_END,runner_up_V_sufficiency,-0.000971425324678421,30,4,
confirmation,exp12_docs_code_10,docs_code,canonical,1,canonical,0,opposite_same_wording,FINAL_INSTRUCTION_END,runner_up_V_necessity_loss,3.2245669327676296,30,4,
confirmation,exp12_docs_code_10,docs_code,canonical,1,canonical,0,opposite_same_wording,GENERATION_BOUNDARY,reader_target_pos_sufficiency,0.1822112239897251,30,4,"0,16,18"
confirmation,exp12_docs_code_10,docs_code,canonical,1,canonical,0,opposite_same_wording,GENERATION_BOUNDARY,reader_target_pos_necessity,0.1793057657778263,30,4,"0,16,18"
confirmation,exp12_docs_code_10,docs_code,canonical,1,canonical,0,opposite_same_wording,GENERATION_BOUNDARY,reader_negative_neg_sufficiency,-0.022783510386943817,30,4,"1,17,19"
confirmation,exp12_docs_code_10,docs_code,canonical,1,canonical,0,opposite_same_wording,GENERATION_BOUNDARY,reader_negative_neg_necessity,-0.02568896859884262,30,4,"1,17,19"
confirmation,exp12_docs_code_10,docs_code,canonical,1,canonical,0,opposite_same_wording,GENERATION_BOUNDARY,reader_non_set_sufficiency,-0.0,30,4,"2,3,4,5,6,7,8,9,10,11,12,13,14,15,20,21,22,23,24,25,26,27,28,29,30,31"
confirmation,exp12_docs_code_10,docs_code,canonical,1,canonical,0,opposite_same_wording,GENERATION_BOUNDARY,reader_non_set_necessity,0.0,30,4,"2,3,4,5,6,7,8,9,10,11,12,13,14,15,20,21,22,23,24,25,26,27,28,29,30,31"
confirmation,exp12_docs_code_10,docs_code,canonical,1,canonical,0,opposite_same_wording,GENERATION_BOUNDARY,reader_all28_sufficiency,0.1565222553908825,30,4,"0,1,2,3,4,5,6,7,8,9,10,11,12,13,14,15,16,17,18,19,20,21,22,23,24,25,26,27,28,29,30,31"
confirmation,exp12_docs_code_10,docs_code,canonical,1,canonical,0,opposite_same_wording,GENERATION_BOUNDARY,reader_all28_necessity,0.1565222553908825,30,4,"0,1,2,3,4,5,6,7,8,9,10,11,12,13,14,15,16,17,18,19,20,21,22,23,24,25,26,27,28,29,30,31"
confirmation,exp12_docs_code_10,docs_code,canonical,1,canonical,0,opposite_same_wording,GENERATION_BOUNDARY,reader_verified_v_effect,0.1565222553908825,30,4,
confirmation,exp12_docs_code_10,docs_code,canonical,1,canonical,0,opposite_same_wording,GENERATION_BOUNDARY,reader_leakage_ratio,0.0,30,4,
confirmation,exp12_docs_code_10,docs_code,paraphrase,1,paraphrase,0,opposite_same_wording,GENERATION_BOUNDARY,selected_V_sufficiency,0.12195424363017082,30,4,
confirmation,exp12_docs_code_10,docs_code,paraphrase,1,paraphrase,0,opposite_same_wording,GENERATION_BOUNDARY,selected_V_necessity_loss,0.16579142212867737,30,4,
confirmation,exp12_docs_code_10,docs_code,paraphrase,1,paraphrase,0,opposite_same_wording,GENERATION_BOUNDARY,cross_selected_V_sufficiency,0.13601059094071388,30,4,
confirmation,exp12_docs_code_10,docs_code,paraphrase,1,paraphrase,0,opposite_same_wording,GENERATION_BOUNDARY,same_state_selected_V_control,0.0006620213389396667,30,4,
confirmation,exp12_docs_code_10,docs_code,paraphrase,1,paraphrase,0,opposite_same_wording,GENERATION_BOUNDARY,matched_negative_ISSUE_V_sufficiency,-0.0026572979986667633,30,4,
confirmation,exp12_docs_code_10,docs_code,paraphrase,1,paraphrase,0,opposite_same_wording,GENERATION_BOUNDARY,old_absolute_V_sufficiency,0.13225684687495232,30,4,
confirmation,exp12_docs_code_10,docs_code,paraphrase,1,paraphrase,0,opposite_same_wording,FINAL_INSTRUCTION_END,runner_up_V_sufficiency,-0.011132072657346725,30,4,
confirmation,exp12_docs_code_10,docs_code,paraphrase,1,paraphrase,0,opposite_same_wording,FINAL_INSTRUCTION_END,runner_up_V_necessity_loss,2.9965963810682297,30,4,
confirmation,exp12_docs_code_10,docs_code,paraphrase,1,paraphrase,0,opposite_same_wording,GENERATION_BOUNDARY,reader_target_pos_sufficiency,0.15922098234295845,30,4,"0,16,18"
confirmation,exp12_docs_code_10,docs_code,paraphrase,1,paraphrase,0,opposite_same_wording,GENERATION_BOUNDARY,reader_target_pos_necessity,0.1475566364824772,30,4,"0,16,18"
confirmation,exp12_docs_code_10,docs_code,paraphrase,1,paraphrase,0,opposite_same_wording,GENERATION_BOUNDARY,reader_negative_neg_sufficiency,-0.025602392852306366,30,4,"1,17,19"
confirmation,exp12_docs_code_10,docs_code,paraphrase,1,paraphrase,0,opposite_same_wording,GENERATION_BOUNDARY,reader_negative_neg_necessity,-0.03726673871278763,30,4,"1,17,19"
confirmation,exp12_docs_code_10,docs_code,paraphrase,1,paraphrase,0,opposite_same_wording,GENERATION_BOUNDARY,reader_non_set_sufficiency,-0.0,30,4,"2,3,4,5,6,7,8,9,10,11,12,13,14,15,20,21,22,23,24,25,26,27,28,29,30,31"
confirmation,exp12_docs_code_10,docs_code,paraphrase,1,paraphrase,0,opposite_same_wording,GENERATION_BOUNDARY,reader_non_set_necessity,0.0,30,4,"2,3,4,5,6,7,8,9,10,11,12,13,14,15,20,21,22,23,24,25,26,27,28,29,30,31"
confirmation,exp12_docs_code_10,docs_code,paraphrase,1,paraphrase,0,opposite_same_wording,GENERATION_BOUNDARY,reader_all28_sufficiency,0.12195424363017082,30,4,"0,1,2,3,4,5,6,7,8,9,10,11,12,13,14,15,16,17,18,19,20,21,22,23,24,25,26,27,28,29,30,31"
confirmation,exp12_docs_code_10,docs_code,paraphrase,1,paraphrase,0,opposite_same_wording,GENERATION_BOUNDARY,reader_all28_necessity,0.12195424363017082,30,4,"0,1,2,3,4,5,6,7,8,9,10,11,12,13,14,15,16,17,18,19,20,21,22,23,24,25,26,27,28,29,30,31"
confirmation,exp12_docs_code_10,docs_code,paraphrase,1,paraphrase,0,opposite_same_wording,GENERATION_BOUNDARY,reader_verified_v_effect,0.12195424363017082,30,4,
confirmation,exp12_docs_code_10,docs_code,paraphrase,1,paraphrase,0,opposite_same_wording,GENERATION_BOUNDARY,reader_leakage_ratio,0.0,30,4,
confirmation,exp12_docs_code_10,docs_code,direct,0,direct,1,direct_opposite_label,USER_END,direct_V_sufficiency,0.03194582462310791,30,4,
confirmation,exp12_docs_code_10,docs_code,direct,1,direct,0,direct_opposite_label,USER_END,direct_V_sufficiency,0.023713529109954834,30,4,
confirmation,exp12_docs_code_13,docs_code,canonical,0,canonical,1,opposite_same_wording,GENERATION_BOUNDARY,selected_V_sufficiency,0.1953122615814209,30,4,
confirmation,exp12_docs_code_13,docs_code,canonical,0,canonical,1,opposite_same_wording,GENERATION_BOUNDARY,selected_V_necessity_loss,0.1693333052098751,30,4,
confirmation,exp12_docs_code_13,docs_code,canonical,0,canonical,1,opposite_same_wording,GENERATION_BOUNDARY,cross_selected_V_sufficiency,0.2156248688697815,30,4,
confirmation,exp12_docs_code_13,docs_code,canonical,0,canonical,1,opposite_same_wording,GENERATION_BOUNDARY,same_state_selected_V_control,-0.007031172513961792,30,4,
confirmation,exp12_docs_code_13,docs_code,canonical,0,canonical,1,opposite_same_wording,GENERATION_BOUNDARY,matched_negative_ISSUE_V_sufficiency,-0.0015635192394256592,30,4,
confirmation,exp12_docs_code_13,docs_code,canonical,0,canonical,1,opposite_same_wording,GENERATION_BOUNDARY,old_absolute_V_sufficiency,0.19374966621398926,30,4,
confirmation,exp12_docs_code_13,docs_code,canonical,0,canonical,1,opposite_same_wording,FINAL_INSTRUCTION_END,runner_up_V_sufficiency,0.0031238198280334473,30,4,
confirmation,exp12_docs_code_13,docs_code,canonical,0,canonical,1,opposite_same_wording,FINAL_INSTRUCTION_END,runner_up_V_necessity_loss,2.9916015081107616,30,4,
confirmation,exp12_docs_code_13,docs_code,canonical,0,canonical,1,opposite_same_wording,GENERATION_BOUNDARY,reader_target_pos_sufficiency,0.23437470197677612,30,4,"0,16,18"
confirmation,exp12_docs_code_13,docs_code,canonical,0,canonical,1,opposite_same_wording,GENERATION_BOUNDARY,reader_target_pos_necessity,0.2312500774860382,30,4,"0,16,18"
confirmation,exp12_docs_code_13,docs_code,canonical,0,canonical,1,opposite_same_wording,GENERATION_BOUNDARY,reader_negative_neg_sufficiency,-0.03593781590461731,30,4,"1,17,19"
confirmation,exp12_docs_code_13,docs_code,canonical,0,canonical,1,opposite_same_wording,GENERATION_BOUNDARY,reader_negative_neg_necessity,-0.039062440395355225,30,4,"1,17,19"
confirmation,exp12_docs_code_13,docs_code,canonical,0,canonical,1,opposite_same_wording,GENERATION_BOUNDARY,reader_non_set_sufficiency,0.0,30,4,"2,3,4,5,6,7,8,9,10,11,12,13,14,15,20,21,22,23,24,25,26,27,28,29,30,31"
confirmation,exp12_docs_code_13,docs_code,canonical,0,canonical,1,opposite_same_wording,GENERATION_BOUNDARY,reader_non_set_necessity,0.0,30,4,"2,3,4,5,6,7,8,9,10,11,12,13,14,15,20,21,22,23,24,25,26,27,28,29,30,31"
confirmation,exp12_docs_code_13,docs_code,canonical,0,canonical,1,opposite_same_wording,GENERATION_BOUNDARY,reader_all28_sufficiency,0.1953122615814209,30,4,"0,1,2,3,4,5,6,7,8,9,10,11,12,13,14,15,16,17,18,19,20,21,22,23,24,25,26,27,28,29,30,31"
confirmation,exp12_docs_code_13,docs_code,canonical,0,canonical,1,opposite_same_wording,GENERATION_BOUNDARY,reader_all28_necessity,0.1953122615814209,30,4,"0,1,2,3,4,5,6,7,8,9,10,11,12,13,14,15,16,17,18,19,20,21,22,23,24,25,26,27,28,29,30,31"
confirmation,exp12_docs_code_13,docs_code,canonical,0,canonical,1,opposite_same_wording,GENERATION_BOUNDARY,reader_verified_v_effect,0.1953122615814209,30,4,
confirmation,exp12_docs_code_13,docs_code,canonical,0,canonical,1,opposite_same_wording,GENERATION_BOUNDARY,reader_leakage_ratio,0.0,30,4,
confirmation,exp12_docs_code_13,docs_code,paraphrase,0,paraphrase,1,opposite_same_wording,GENERATION_BOUNDARY,selected_V_sufficiency,0.17031049728393555,30,4,
confirmation,exp12_docs_code_13,docs_code,paraphrase,0,paraphrase,1,opposite_same_wording,GENERATION_BOUNDARY,selected_V_necessity_loss,0.1195310428738594,30,4,
confirmation,exp12_docs_code_13,docs_code,paraphrase,0,paraphrase,1,opposite_same_wording,GENERATION_BOUNDARY,cross_selected_V_sufficiency,0.1546860933303833,30,4,
confirmation,exp12_docs_code_13,docs_code,paraphrase,0,paraphrase,1,opposite_same_wording,GENERATION_BOUNDARY,same_state_selected_V_control,0.010939538478851318,30,4,
confirmation,exp12_docs_code_13,docs_code,paraphrase,0,paraphrase,1,opposite_same_wording,GENERATION_BOUNDARY,matched_negative_ISSUE_V_sufficiency,0.0015627741813659668,30,4,
confirmation,exp12_docs_code_13,docs_code,paraphrase,0,paraphrase,1,opposite_same_wording,GENERATION_BOUNDARY,old_absolute_V_sufficiency,0.16874784231185913,30,4,
confirmation,exp12_docs_code_13,docs_code,paraphrase,0,paraphrase,1,opposite_same_wording,FINAL_INSTRUCTION_END,runner_up_V_sufficiency,0.001560509204864502,30,4,
confirmation,exp12_docs_code_13,docs_code,paraphrase,0,paraphrase,1,opposite_same_wording,FINAL_INSTRUCTION_END,runner_up_V_necessity_loss,2.775781065225601,30,4,
confirmation,exp12_docs_code_13,docs_code,paraphrase,0,paraphrase,1,opposite_same_wording,GENERATION_BOUNDARY,reader_target_pos_sufficiency,0.22031092643737793,30,4,"0,16,18"
confirmation,exp12_docs_code_13,docs_code,paraphrase,0,paraphrase,1,opposite_same_wording,GENERATION_BOUNDARY,reader_target_pos_necessity,0.21953094005584717,30,4,"0,16,18"
confirmation,exp12_docs_code_13,docs_code,paraphrase,0,paraphrase,1,opposite_same_wording,GENERATION_BOUNDARY,reader_negative_neg_sufficiency,-0.04922044277191162,30,4,"1,17,19"
confirmation,exp12_docs_code_13,docs_code,paraphrase,0,paraphrase,1,opposite_same_wording,GENERATION_BOUNDARY,reader_negative_neg_necessity,-0.05000042915344238,30,4,"1,17,19"
confirmation,exp12_docs_code_13,docs_code,paraphrase,0,paraphrase,1,opposite_same_wording,GENERATION_BOUNDARY,reader_non_set_sufficiency,0.0,30,4,"2,3,4,5,6,7,8,9,10,11,12,13,14,15,20,21,22,23,24,25,26,27,28,29,30,31"
confirmation,exp12_docs_code_13,docs_code,paraphrase,0,paraphrase,1,opposite_same_wording,GENERATION_BOUNDARY,reader_non_set_necessity,0.0,30,4,"2,3,4,5,6,7,8,9,10,11,12,13,14,15,20,21,22,23,24,25,26,27,28,29,30,31"
confirmation,exp12_docs_code_13,docs_code,paraphrase,0,paraphrase,1,opposite_same_wording,GENERATION_BOUNDARY,reader_all28_sufficiency,0.17031049728393555,30,4,"0,1,2,3,4,5,6,7,8,9,10,11,12,13,14,15,16,17,18,19,20,21,22,23,24,25,26,27,28,29,30,31"
confirmation,exp12_docs_code_13,docs_code,paraphrase,0,paraphrase,1,opposite_same_wording,GENERATION_BOUNDARY,reader_all28_necessity,0.17031049728393555,30,4,"0,1,2,3,4,5,6,7,8,9,10,11,12,13,14,15,16,17,18,19,20,21,22,23,24,25,26,27,28,29,30,31"
confirmation,exp12_docs_code_13,docs_code,paraphrase,0,paraphrase,1,opposite_same_wording,GENERATION_BOUNDARY,reader_verified_v_effect,0.17031049728393555,30,4,
confirmation,exp12_docs_code_13,docs_code,paraphrase,0,paraphrase,1,opposite_same_wording,GENERATION_BOUNDARY,reader_leakage_ratio,0.0,30,4,
confirmation,exp12_docs_code_13,docs_code,canonical,1,canonical,0,opposite_same_wording,GENERATION_BOUNDARY,selected_V_sufficiency,0.13713077455759048,30,4,
confirmation,exp12_docs_code_13,docs_code,canonical,1,canonical,0,opposite_same_wording,GENERATION_BOUNDARY,selected_V_necessity_loss,0.18046844005584717,30,4,
confirmation,exp12_docs_code_13,docs_code,canonical,1,canonical,0,opposite_same_wording,GENERATION_BOUNDARY,cross_selected_V_sufficiency,0.13322649151086807,30,4,
confirmation,exp12_docs_code_13,docs_code,canonical,1,canonical,0,opposite_same_wording,GENERATION_BOUNDARY,same_state_selected_V_control,0.013684511184692383,30,4,
confirmation,exp12_docs_code_13,docs_code,canonical,1,canonical,0,opposite_same_wording,GENERATION_BOUNDARY,matched_negative_ISSUE_V_sufficiency,-0.002939462661743164,30,4,
confirmation,exp12_docs_code_13,docs_code,canonical,1,canonical,0,opposite_same_wording,GENERATION_BOUNDARY,old_absolute_V_sufficiency,0.13771680742502213,30,4,
confirmation,exp12_docs_code_13,docs_code,canonical,1,canonical,0,opposite_same_wording,FINAL_INSTRUCTION_END,runner_up_V_sufficiency,0.00034168362617492676,30,4,
confirmation,exp12_docs_code_13,docs_code,canonical,1,canonical,0,opposite_same_wording,FINAL_INSTRUCTION_END,runner_up_V_necessity_loss,2.8688471913337708,30,4,
confirmation,exp12_docs_code_13,docs_code,canonical,1,canonical,0,opposite_same_wording,GENERATION_BOUNDARY,reader_target_pos_sufficiency,0.17033661156892776,30,4,"0,16,18"
confirmation,exp12_docs_code_13,docs_code,canonical,1,canonical,0,opposite_same_wording,GENERATION_BOUNDARY,reader_target_pos_necessity,0.15793189406394958,30,4,"0,16,18"
confirmation,exp12_docs_code_13,docs_code,canonical,1,canonical,0,opposite_same_wording,GENERATION_BOUNDARY,reader_negative_neg_sufficiency,-0.0208011195063591,30,4,"1,17,19"
confirmation,exp12_docs_code_13,docs_code,canonical,1,canonical,0,opposite_same_wording,GENERATION_BOUNDARY,reader_negative_neg_necessity,-0.03320583701133728,30,4,"1,17,19"
confirmation,exp12_docs_code_13,docs_code,canonical,1,canonical,0,opposite_same_wording,GENERATION_BOUNDARY,reader_non_set_sufficiency,-0.0,30,4,"2,3,4,5,6,7,8,9,10,11,12,13,14,15,20,21,22,23,24,25,26,27,28,29,30,31"
confirmation,exp12_docs_code_13,docs_code,canonical,1,canonical,0,opposite_same_wording,GENERATION_BOUNDARY,reader_non_set_necessity,0.0,30,4,"2,3,4,5,6,7,8,9,10,11,12,13,14,15,20,21,22,23,24,25,26,27,28,29,30,31"
confirmation,exp12_docs_code_13,docs_code,canonical,1,canonical,0,opposite_same_wording,GENERATION_BOUNDARY,reader_all28_sufficiency,0.13713077455759048,30,4,"0,1,2,3,4,5,6,7,8,9,10,11,12,13,14,15,16,17,18,19,20,21,22,23,24,25,26,27,28,29,30,31"
confirmation,exp12_docs_code_13,docs_code,canonical,1,canonical,0,opposite_same_wording,GENERATION_BOUNDARY,reader_all28_necessity,0.13713077455759048,30,4,"0,1,2,3,4,5,6,7,8,9,10,11,12,13,14,15,16,17,18,19,20,21,22,23,24,25,26,27,28,29,30,31"
confirmation,exp12_docs_code_13,docs_code,canonical,1,canonical,0,opposite_same_wording,GENERATION_BOUNDARY,reader_verified_v_effect,0.13713077455759048,30,4,
confirmation,exp12_docs_code_13,docs_code,canonical,1,canonical,0,opposite_same_wording,GENERATION_BOUNDARY,reader_leakage_ratio,0.0,30,4,
confirmation,exp12_docs_code_13,docs_code,paraphrase,1,paraphrase,0,opposite_same_wording,GENERATION_BOUNDARY,selected_V_sufficiency,0.10546943545341492,30,4,
confirmation,exp12_docs_code_13,docs_code,paraphrase,1,paraphrase,0,opposite_same_wording,GENERATION_BOUNDARY,selected_V_necessity_loss,0.1703130602836609,30,4,
confirmation,exp12_docs_code_13,docs_code,paraphrase,1,paraphrase,0,opposite_same_wording,GENERATION_BOUNDARY,cross_selected_V_sufficiency,0.11093809455633163,30,4,
confirmation,exp12_docs_code_13,docs_code,paraphrase,1,paraphrase,0,opposite_same_wording,GENERATION_BOUNDARY,same_state_selected_V_control,0.0023455768823623657,30,4,
confirmation,exp12_docs_code_13,docs_code,paraphrase,1,paraphrase,0,opposite_same_wording,GENERATION_BOUNDARY,matched_negative_ISSUE_V_sufficiency,0.00234391912817955,30,4,
confirmation,exp12_docs_code_13,docs_code,paraphrase,1,paraphrase,0,opposite_same_wording,GENERATION_BOUNDARY,old_absolute_V_sufficiency,0.09140601754188538,30,4,
confirmation,exp12_docs_code_13,docs_code,paraphrase,1,paraphrase,0,opposite_same_wording,FINAL_INSTRUCTION_END,runner_up_V_sufficiency,0.0007798708975315094,30,4,
confirmation,exp12_docs_code_13,docs_code,paraphrase,1,paraphrase,0,opposite_same_wording,FINAL_INSTRUCTION_END,runner_up_V_necessity_loss,2.7609390132129192,30,4,
confirmation,exp12_docs_code_13,docs_code,paraphrase,1,paraphrase,0,opposite_same_wording,GENERATION_BOUNDARY,reader_target_pos_sufficiency,0.13593538105487823,30,4,"0,16,18"
confirmation,exp12_docs_code_13,docs_code,paraphrase,1,paraphrase,0,opposite_same_wording,GENERATION_BOUNDARY,reader_target_pos_necessity,0.1359398141503334,30,4,"0,16,18"
confirmation,exp12_docs_code_13,docs_code,paraphrase,1,paraphrase,0,opposite_same_wording,GENERATION_BOUNDARY,reader_negative_neg_sufficiency,-0.030470378696918488,30,4,"1,17,19"
confirmation,exp12_docs_code_13,docs_code,paraphrase,1,paraphrase,0,opposite_same_wording,GENERATION_BOUNDARY,reader_negative_neg_necessity,-0.030465945601463318,30,4,"1,17,19"
confirmation,exp12_docs_code_13,docs_code,paraphrase,1,paraphrase,0,opposite_same_wording,GENERATION_BOUNDARY,reader_non_set_sufficiency,-0.0,30,4,"2,3,4,5,6,7,8,9,10,11,12,13,14,15,20,21,22,23,24,25,26,27,28,29,30,31"
confirmation,exp12_docs_code_13,docs_code,paraphrase,1,paraphrase,0,opposite_same_wording,GENERATION_BOUNDARY,reader_non_set_necessity,0.0,30,4,"2,3,4,5,6,7,8,9,10,11,12,13,14,15,20,21,22,23,24,25,26,27,28,29,30,31"
confirmation,exp12_docs_code_13,docs_code,paraphrase,1,paraphrase,0,opposite_same_wording,GENERATION_BOUNDARY,reader_all28_sufficiency,0.10546943545341492,30,4,"0,1,2,3,4,5,6,7,8,9,10,11,12,13,14,15,16,17,18,19,20,21,22,23,24,25,26,27,28,29,30,31"
confirmation,exp12_docs_code_13,docs_code,paraphrase,1,paraphrase,0,opposite_same_wording,GENERATION_BOUNDARY,reader_all28_necessity,0.10546943545341492,30,4,"0,1,2,3,4,5,6,7,8,9,10,11,12,13,14,15,16,17,18,19,20,21,22,23,24,25,26,27,28,29,30,31"
confirmation,exp12_docs_code_13,docs_code,paraphrase,1,paraphrase,0,opposite_same_wording,GENERATION_BOUNDARY,reader_verified_v_effect,0.10546943545341492,30,4,
confirmation,exp12_docs_code_13,docs_code,paraphrase,1,paraphrase,0,opposite_same_wording,GENERATION_BOUNDARY,reader_leakage_ratio,0.0,30,4,
confirmation,exp12_docs_code_13,docs_code,direct,0,direct,1,direct_opposite_label,USER_END,direct_V_sufficiency,0.017578423023223877,30,4,
confirmation,exp12_docs_code_13,docs_code,direct,1,direct,0,direct_opposite_label,USER_END,direct_V_sufficiency,0.015862762928009033,30,4,
confirmation,exp12_docs_code_15,docs_code,canonical,0,canonical,1,opposite_same_wording,GENERATION_BOUNDARY,selected_V_sufficiency,0.20390647649765015,30,4,
confirmation,exp12_docs_code_15,docs_code,canonical,0,canonical,1,opposite_same_wording,GENERATION_BOUNDARY,selected_V_necessity_loss,0.14111909829080105,30,4,
confirmation,exp12_docs_code_15,docs_code,canonical,0,canonical,1,opposite_same_wording,GENERATION_BOUNDARY,cross_selected_V_sufficiency,0.21640872955322266,30,4,
confirmation,exp12_docs_code_15,docs_code,canonical,0,canonical,1,opposite_same_wording,GENERATION_BOUNDARY,same_state_selected_V_control,-0.009375900030136108,30,4,
confirmation,exp12_docs_code_15,docs_code,canonical,0,canonical,1,opposite_same_wording,GENERATION_BOUNDARY,matched_negative_ISSUE_V_sufficiency,0.002344101667404175,30,4,
confirmation,exp12_docs_code_15,docs_code,canonical,0,canonical,1,opposite_same_wording,GENERATION_BOUNDARY,old_absolute_V_sufficiency,0.2007797360420227,30,4,
confirmation,exp12_docs_code_15,docs_code,canonical,0,canonical,1,opposite_same_wording,FINAL_INSTRUCTION_END,runner_up_V_sufficiency,0.0023444294929504395,30,4,
confirmation,exp12_docs_code_15,docs_code,canonical,0,canonical,1,opposite_same_wording,FINAL_INSTRUCTION_END,runner_up_V_necessity_loss,3.049711035564542,30,4,
confirmation,exp12_docs_code_15,docs_code,canonical,0,canonical,1,opposite_same_wording,GENERATION_BOUNDARY,reader_target_pos_sufficiency,0.23828226327896118,30,4,"0,16,18"
confirmation,exp12_docs_code_15,docs_code,canonical,0,canonical,1,opposite_same_wording,GENERATION_BOUNDARY,reader_target_pos_necessity,0.23398452997207642,30,4,"0,16,18"
confirmation,exp12_docs_code_15,docs_code,canonical,0,canonical,1,opposite_same_wording,GENERATION_BOUNDARY,reader_negative_neg_sufficiency,-0.03007805347442627,30,4,"1,17,19"
confirmation,exp12_docs_code_15,docs_code,canonical,0,canonical,1,opposite_same_wording,GENERATION_BOUNDARY,reader_negative_neg_necessity,-0.034375786781311035,30,4,"1,17,19"
confirmation,exp12_docs_code_15,docs_code,canonical,0,canonical,1,opposite_same_wording,GENERATION_BOUNDARY,reader_non_set_sufficiency,0.0,30,4,"2,3,4,5,6,7,8,9,10,11,12,13,14,15,20,21,22,23,24,25,26,27,28,29,30,31"
confirmation,exp12_docs_code_15,docs_code,canonical,0,canonical,1,opposite_same_wording,GENERATION_BOUNDARY,reader_non_set_necessity,0.0,30,4,"2,3,4,5,6,7,8,9,10,11,12,13,14,15,20,21,22,23,24,25,26,27,28,29,30,31"
confirmation,exp12_docs_code_15,docs_code,canonical,0,canonical,1,opposite_same_wording,GENERATION_BOUNDARY,reader_all28_sufficiency,0.20390647649765015,30,4,"0,1,2,3,4,5,6,7,8,9,10,11,12,13,14,15,16,17,18,19,20,21,22,23,24,25,26,27,28,29,30,31"
confirmation,exp12_docs_code_15,docs_code,canonical,0,canonical,1,opposite_same_wording,GENERATION_BOUNDARY,reader_all28_necessity,0.20390647649765015,30,4,"0,1,2,3,4,5,6,7,8,9,10,11,12,13,14,15,16,17,18,19,20,21,22,23,24,25,26,27,28,29,30,31"
confirmation,exp12_docs_code_15,docs_code,canonical,0,canonical,1,opposite_same_wording,GENERATION_BOUNDARY,reader_verified_v_effect,0.20390647649765015,30,4,
confirmation,exp12_docs_code_15,docs_code,canonical,0,canonical,1,opposite_same_wording,GENERATION_BOUNDARY,reader_leakage_ratio,0.0,30,4,
confirmation,exp12_docs_code_15,docs_code,paraphrase,0,paraphrase,1,opposite_same_wording,GENERATION_BOUNDARY,selected_V_sufficiency,0.15781348943710327,30,4,
confirmation,exp12_docs_code_15,docs_code,paraphrase,0,paraphrase,1,opposite_same_wording,GENERATION_BOUNDARY,selected_V_necessity_loss,0.10546965524554253,30,4,
confirmation,exp12_docs_code_15,docs_code,paraphrase,0,paraphrase,1,opposite_same_wording,GENERATION_BOUNDARY,cross_selected_V_sufficiency,0.14843785762786865,30,4,
confirmation,exp12_docs_code_15,docs_code,paraphrase,0,paraphrase,1,opposite_same_wording,GENERATION_BOUNDARY,same_state_selected_V_control,0.01093679666519165,30,4,
confirmation,exp12_docs_code_15,docs_code,paraphrase,0,paraphrase,1,opposite_same_wording,GENERATION_BOUNDARY,matched_negative_ISSUE_V_sufficiency,0.001562356948852539,30,4,
confirmation,exp12_docs_code_15,docs_code,paraphrase,0,paraphrase,1,opposite_same_wording,GENERATION_BOUNDARY,old_absolute_V_sufficiency,0.15781259536743164,30,4,
confirmation,exp12_docs_code_15,docs_code,paraphrase,0,paraphrase,1,opposite_same_wording,FINAL_INSTRUCTION_END,runner_up_V_sufficiency,0.0031262636184692383,30,4,
confirmation,exp12_docs_code_15,docs_code,paraphrase,0,paraphrase,1,opposite_same_wording,FINAL_INSTRUCTION_END,runner_up_V_necessity_loss,2.7328067757189274,30,4,
confirmation,exp12_docs_code_15,docs_code,paraphrase,0,paraphrase,1,opposite_same_wording,GENERATION_BOUNDARY,reader_target_pos_sufficiency,0.19843649864196777,30,4,"0,16,18"
confirmation,exp12_docs_code_15,docs_code,paraphrase,0,paraphrase,1,opposite_same_wording,GENERATION_BOUNDARY,reader_target_pos_necessity,0.20390784740447998,30,4,"0,16,18"
confirmation,exp12_docs_code_15,docs_code,paraphrase,0,paraphrase,1,opposite_same_wording,GENERATION_BOUNDARY,reader_negative_neg_sufficiency,-0.04609435796737671,30,4,"1,17,19"
confirmation,exp12_docs_code_15,docs_code,paraphrase,0,paraphrase,1,opposite_same_wording,GENERATION_BOUNDARY,reader_negative_neg_necessity,-0.0406230092048645,30,4,"1,17,19"
confirmation,exp12_docs_code_15,docs_code,paraphrase,0,paraphrase,1,opposite_same_wording,GENERATION_BOUNDARY,reader_non_set_sufficiency,0.0,30,4,"2,3,4,5,6,7,8,9,10,11,12,13,14,15,20,21,22,23,24,25,26,27,28,29,30,31"
confirmation,exp12_docs_code_15,docs_code,paraphrase,0,paraphrase,1,opposite_same_wording,GENERATION_BOUNDARY,reader_non_set_necessity,0.0,30,4,"2,3,4,5,6,7,8,9,10,11,12,13,14,15,20,21,22,23,24,25,26,27,28,29,30,31"
confirmation,exp12_docs_code_15,docs_code,paraphrase,0,paraphrase,1,opposite_same_wording,GENERATION_BOUNDARY,reader_all28_sufficiency,0.15781348943710327,30,4,"0,1,2,3,4,5,6,7,8,9,10,11,12,13,14,15,16,17,18,19,20,21,22,23,24,25,26,27,28,29,30,31"
confirmation,exp12_docs_code_15,docs_code,paraphrase,0,paraphrase,1,opposite_same_wording,GENERATION_BOUNDARY,reader_all28_necessity,0.15781348943710327,30,4,"0,1,2,3,4,5,6,7,8,9,10,11,12,13,14,15,16,17,18,19,20,21,22,23,24,25,26,27,28,29,30,31"
confirmation,exp12_docs_code_15,docs_code,paraphrase,0,paraphrase,1,opposite_same_wording,GENERATION_BOUNDARY,reader_verified_v_effect,0.15781348943710327,30,4,
confirmation,exp12_docs_code_15,docs_code,paraphrase,0,paraphrase,1,opposite_same_wording,GENERATION_BOUNDARY,reader_leakage_ratio,0.0,30,4,
confirmation,exp12_docs_code_15,docs_code,canonical,1,canonical,0,opposite_same_wording,GENERATION_BOUNDARY,selected_V_sufficiency,0.13975288346409798,30,4,
confirmation,exp12_docs_code_15,docs_code,canonical,1,canonical,0,opposite_same_wording,GENERATION_BOUNDARY,selected_V_necessity_loss,0.1851574182510376,30,4,
confirmation,exp12_docs_code_15,docs_code,canonical,1,canonical,0,opposite_same_wording,GENERATION_BOUNDARY,cross_selected_V_sufficiency,0.13502861186861992,30,4,
confirmation,exp12_docs_code_15,docs_code,canonical,1,canonical,0,opposite_same_wording,GENERATION_BOUNDARY,same_state_selected_V_control,-0.00024354830384254456,30,4,
confirmation,exp12_docs_code_15,docs_code,canonical,1,canonical,0,opposite_same_wording,GENERATION_BOUNDARY,matched_negative_ISSUE_V_sufficiency,0.00014612078666687012,30,4,
confirmation,exp12_docs_code_15,docs_code,canonical,1,canonical,0,opposite_same_wording,GENERATION_BOUNDARY,old_absolute_V_sufficiency,0.13954981788992882,30,4,
confirmation,exp12_docs_code_15,docs_code,canonical,1,canonical,0,opposite_same_wording,FINAL_INSTRUCTION_END,runner_up_V_sufficiency,0.0019517987966537476,30,4,
confirmation,exp12_docs_code_15,docs_code,canonical,1,canonical,0,opposite_same_wording,FINAL_INSTRUCTION_END,runner_up_V_necessity_loss,2.929793309420347,30,4,
confirmation,exp12_docs_code_15,docs_code,canonical,1,canonical,0,opposite_same_wording,GENERATION_BOUNDARY,reader_target_pos_sufficiency,0.1725652627646923,30,4,"0,16,18"
confirmation,exp12_docs_code_15,docs_code,canonical,1,canonical,0,opposite_same_wording,GENERATION_BOUNDARY,reader_target_pos_necessity,0.1579178310930729,30,4,"0,16,18"
confirmation,exp12_docs_code_15,docs_code,canonical,1,canonical,0,opposite_same_wording,GENERATION_BOUNDARY,reader_negative_neg_sufficiency,-0.018164947628974915,30,4,"1,17,19"
confirmation,exp12_docs_code_15,docs_code,canonical,1,canonical,0,opposite_same_wording,GENERATION_BOUNDARY,reader_negative_neg_necessity,-0.03281237930059433,30,4,"1,17,19"
confirmation,exp12_docs_code_15,docs_code,canonical,1,canonical,0,opposite_same_wording,GENERATION_BOUNDARY,reader_non_set_sufficiency,-0.0,30,4,"2,3,4,5,6,7,8,9,10,11,12,13,14,15,20,21,22,23,24,25,26,27,28,29,30,31"
confirmation,exp12_docs_code_15,docs_code,canonical,1,canonical,0,opposite_same_wording,GENERATION_BOUNDARY,reader_non_set_necessity,0.0,30,4,"2,3,4,5,6,7,8,9,10,11,12,13,14,15,20,21,22,23,24,25,26,27,28,29,30,31"
confirmation,exp12_docs_code_15,docs_code,canonical,1,canonical,0,opposite_same_wording,GENERATION_BOUNDARY,reader_all28_sufficiency,0.13975288346409798,30,4,"0,1,2,3,4,5,6,7,8,9,10,11,12,13,14,15,16,17,18,19,20,21,22,23,24,25,26,27,28,29,30,31"
confirmation,exp12_docs_code_15,docs_code,canonical,1,canonical,0,opposite_same_wording,GENERATION_BOUNDARY,reader_all28_necessity,0.13975288346409798,30,4,"0,1,2,3,4,5,6,7,8,9,10,11,12,13,14,15,16,17,18,19,20,21,22,23,24,25,26,27,28,29,30,31"
confirmation,exp12_docs_code_15,docs_code,canonical,1,canonical,0,opposite_same_wording,GENERATION_BOUNDARY,reader_verified_v_effect,0.13975288346409798,30,4,
confirmation,exp12_docs_code_15,docs_code,canonical,1,canonical,0,opposite_same_wording,GENERATION_BOUNDARY,reader_leakage_ratio,0.0,30,4,
confirmation,exp12_docs_code_15,docs_code,paraphrase,1,paraphrase,0,opposite_same_wording,GENERATION_BOUNDARY,selected_V_sufficiency,0.10390621051192284,30,4,
confirmation,exp12_docs_code_15,docs_code,paraphrase,1,paraphrase,0,opposite_same_wording,GENERATION_BOUNDARY,selected_V_necessity_loss,0.1515623927116394,30,4,
confirmation,exp12_docs_code_15,docs_code,paraphrase,1,paraphrase,0,opposite_same_wording,GENERATION_BOUNDARY,cross_selected_V_sufficiency,0.10859393700957298,30,4,
confirmation,exp12_docs_code_15,docs_code,paraphrase,1,paraphrase,0,opposite_same_wording,GENERATION_BOUNDARY,same_state_selected_V_control,-2.5741755962371826e-06,30,4,
confirmation,exp12_docs_code_15,docs_code,paraphrase,1,paraphrase,0,opposite_same_wording,GENERATION_BOUNDARY,matched_negative_ISSUE_V_sufficiency,0.0007803291082382202,30,4,
confirmation,exp12_docs_code_15,docs_code,paraphrase,1,paraphrase,0,opposite_same_wording,GENERATION_BOUNDARY,old_absolute_V_sufficiency,0.10312556847929955,30,4,
confirmation,exp12_docs_code_15,docs_code,paraphrase,1,paraphrase,0,opposite_same_wording,FINAL_INSTRUCTION_END,runner_up_V_sufficiency,0.001565542072057724,30,4,
confirmation,exp12_docs_code_15,docs_code,paraphrase,1,paraphrase,0,opposite_same_wording,FINAL_INSTRUCTION_END,runner_up_V_necessity_loss,2.6976560465991497,30,4,
confirmation,exp12_docs_code_15,docs_code,paraphrase,1,paraphrase,0,opposite_same_wording,GENERATION_BOUNDARY,reader_target_pos_sufficiency,0.12343781813979149,30,4,"0,16,18"
confirmation,exp12_docs_code_15,docs_code,paraphrase,1,paraphrase,0,opposite_same_wording,GENERATION_BOUNDARY,reader_target_pos_necessity,0.1234368234872818,30,4,"0,16,18"
confirmation,exp12_docs_code_15,docs_code,paraphrase,1,paraphrase,0,opposite_same_wording,GENERATION_BOUNDARY,reader_negative_neg_sufficiency,-0.019530612975358963,30,4,"1,17,19"
confirmation,exp12_docs_code_15,docs_code,paraphrase,1,paraphrase,0,opposite_same_wording,GENERATION_BOUNDARY,reader_negative_neg_necessity,-0.019531607627868652,30,4,"1,17,19"
confirmation,exp12_docs_code_15,docs_code,paraphrase,1,paraphrase,0,opposite_same_wording,GENERATION_BOUNDARY,reader_non_set_sufficiency,-0.0,30,4,"2,3,4,5,6,7,8,9,10,11,12,13,14,15,20,21,22,23,24,25,26,27,28,29,30,31"
confirmation,exp12_docs_code_15,docs_code,paraphrase,1,paraphrase,0,opposite_same_wording,GENERATION_BOUNDARY,reader_non_set_necessity,0.0,30,4,"2,3,4,5,6,7,8,9,10,11,12,13,14,15,20,21,22,23,24,25,26,27,28,29,30,31"
confirmation,exp12_docs_code_15,docs_code,paraphrase,1,paraphrase,0,opposite_same_wording,GENERATION_BOUNDARY,reader_all28_sufficiency,0.10390621051192284,30,4,"0,1,2,3,4,5,6,7,8,9,10,11,12,13,14,15,16,17,18,19,20,21,22,23,24,25,26,27,28,29,30,31"
confirmation,exp12_docs_code_15,docs_code,paraphrase,1,paraphrase,0,opposite_same_wording,GENERATION_BOUNDARY,reader_all28_necessity,0.10390621051192284,30,4,"0,1,2,3,4,5,6,7,8,9,10,11,12,13,14,15,16,17,18,19,20,21,22,23,24,25,26,27,28,29,30,31"
confirmation,exp12_docs_code_15,docs_code,paraphrase,1,paraphrase,0,opposite_same_wording,GENERATION_BOUNDARY,reader_verified_v_effect,0.10390621051192284,30,4,
confirmation,exp12_docs_code_15,docs_code,paraphrase,1,paraphrase,0,opposite_same_wording,GENERATION_BOUNDARY,reader_leakage_ratio,0.0,30,4,
confirmation,exp12_docs_code_15,docs_code,direct,0,direct,1,direct_opposite_label,USER_END,direct_V_sufficiency,0.03867059946060181,30,4,
confirmation,exp12_docs_code_15,docs_code,direct,1,direct,0,direct_opposite_label,USER_END,direct_V_sufficiency,0.028877556324005127,30,4,
