task_id,family,wording,label,head,suff,nec
exp12_test_edit_00,test_edit,canonical,0,0,0.0,0.0
exp12_test_edit_00,test_edit,canonical,0,1,0.0,0.0
exp12_test_edit_00,test_edit,canonical,0,2,0.0,0.0
exp12_test_edit_00,test_edit,canonical,0,3,0.0,0.0
exp12_test_edit_00,test_edit,canonical,0,4,0.0,0.0
exp12_test_edit_00,test_edit,canonical,0,5,0.0,0.0
exp12_test_edit_00,test_edit,canonical,0,6,0.0,0.0
exp12_test_edit_00,test_edit,canonical,0,7,0.0,0.0
exp12_test_edit_00,test_edit,canonical,0,8,0.0,0.0
exp12_test_edit_00,test_edit,canonical,0,9,0.0,0.0
exp12_test_edit_00,test_edit,canonical,0,10,0.0,0.0
exp12_test_edit_00,test_edit,canonical,0,11,0.0,0.0
exp12_test_edit_00,test_edit,canonical,0,12,0.0,0.0
exp12_test_edit_00,test_edit,canonical,0,13,0.0,0.0
exp12_test_edit_00,test_edit,canonical,0,14,0.0,0.0
exp12_test_edit_00,test_edit,canonical,0,15,0.0,0.0
exp12_test_edit_00,test_edit,canonical,0,16,0.22414907813072205,0.2268940508365631
exp12_test_edit_00,test_edit,canonical,0,17,-0.0007403641939163208,-5.529820919036865e-05
exp12_test_edit_00,test_edit,canonical,0,18,0.009485945105552673,0.010910183191299438
exp12_test_edit_00,test_edit,canonical,0,19,-0.023963406682014465,-0.02012433111667633
exp12_test_edit_00,test_edit,canonical,0,20,0.0,0.0
exp12_test_edit_00,test_edit,canonical,0,21,0.0,0.0
exp12_test_edit_00,test_edit,canonical,0,22,0.0,0.0
exp12_test_edit_00,test_edit,canonical,0,23,0.0,0.0
exp12_test_edit_00,test_edit,canonical,0,24,0.0,0.0
exp12_test_edit_00,test_edit,canonical,0,25,0.0,0.0
exp12_test_edit_00,test_edit,canonical,0,26,0.0,0.0
exp12_test_edit_00,test_edit,canonical,0,27,0.0,0.0
exp12_test_edit_00,test_edit,canonical,0,28,0.0,0.0
exp12_test_edit_00,test_edit,canonical,0,29,0.0,0.0
exp12_test_edit_00,test_edit,canonical,0,30,0.0,0.0
exp12_test_edit_00,test_edit,canonical,0,31,0.0,0.0
exp12_test_edit_00,test_edit,paraphrase,0,0,0.0,0.0
exp12_test_edit_00,test_edit,paraphrase,0,1,0.0,0.0
exp12_test_edit_00,test_edit,paraphrase,0,2,0.0,0.0
exp12_test_edit_00,test_edit,paraphrase,0,3,0.0,0.0
exp12_test_edit_00,test_edit,paraphrase,0,4,0.0,0.0
exp12_test_edit_00,test_edit,paraphrase,0,5,0.0,0.0
exp12_test_edit_00,test_edit,paraphrase,0,6,0.0,0.0
exp12_test_edit_00,test_edit,paraphrase,0,7,0.0,0.0
exp12_test_edit_00,test_edit,paraphrase,0,8,0.0,0.0
exp12_test_edit_00,test_edit,paraphrase,0,9,0.0,0.0
exp12_test_edit_00,test_edit,paraphrase,0,10,0.0,0.0
exp12_test_edit_00,test_edit,paraphrase,0,11,0.0,0.0
exp12_test_edit_00,test_edit,paraphrase,0,12,0.0,0.0
exp12_test_edit_00,test_edit,paraphrase,0,13,0.0,0.0
exp12_test_edit_00,test_edit,paraphrase,0,14,0.0,0.0
exp12_test_edit_00,test_edit,paraphrase,0,15,0.0,0.0
exp12_test_edit_00,test_edit,paraphrase,0,16,0.2541566267609596,0.24602652341127396
exp12_test_edit_00,test_edit,paraphrase,0,17,0.0007946714758872986,-0.0015983805060386658
exp12_test_edit_00,test_edit,paraphrase,0,18,0.0117354616522789,0.014299318194389343
exp12_test_edit_00,test_edit,paraphrase,0,19,-0.021883249282836914,-0.02613106369972229
exp12_test_edit_00,test_edit,paraphrase,0,20,0.0,0.0
exp12_test_edit_00,test_edit,paraphrase,0,21,0.0,0.0
exp12_test_edit_00,test_edit,paraphrase,0,22,0.0,0.0
exp12_test_edit_00,test_edit,paraphrase,0,23,0.0,0.0
exp12_test_edit_00,test_edit,paraphrase,0,24,0.0,0.0
exp12_test_edit_00,test_edit,paraphrase,0,25,0.0,0.0
exp12_test_edit_00,test_edit,paraphrase,0,26,0.0,0.0
exp12_test_edit_00,test_edit,paraphrase,0,27,0.0,0.0
exp12_test_edit_00,test_edit,paraphrase,0,28,0.0,0.0
exp12_test_edit_00,test_edit,paraphrase,0,29,0.0,0.0
exp12_test_edit_00,test_edit,paraphrase,0,30,0.0,0.0
exp12_test_edit_00,test_edit,paraphrase,0,31,0.0,0.0
exp12_test_edit_00,test_edit,canonical,1,0,-0.0,0.0
exp12_test_edit_00,test_edit,canonical,1,1,-0.0,0.0
exp12_test_edit_00,test_edit,canonical,1,2,-0.0,0.0
exp12_test_edit_00,test_edit,canonical,1,3,-0.0,0.0
exp12_test_edit_00,test_edit,canonical,1,4,-0.0,0.0
exp12_test_edit_00,test_edit,canonical,1,5,-0.0,0.0
exp12_test_edit_00,test_edit,canonical,1,6,-0.0,0.0
exp12_test_edit_00,test_edit,canonical,1,7,-0.0,0.0
exp12_test_edit_00,test_edit,canonical,1,8,-0.0,0.0
exp12_test_edit_00,test_edit,canonical,1,9,-0.0,0.0
exp12_test_edit_00,test_edit,canonical,1,10,-0.0,0.0
exp12_test_edit_00,test_edit,canonical,1,11,-0.0,0.0
exp12_test_edit_00,test_edit,canonical,1,12,-0.0,0.0
exp12_test_edit_00,test_edit,canonical,1,13,-0.0,0.0
exp12_test_edit_00,test_edit,canonical,1,14,-0.0,0.0
exp12_test_edit_00,test_edit,canonical,1,15,-0.0,0.0
exp12_test_edit_00,test_edit,canonical,1,16,0.13396158814430237,0.1285429149866104
exp12_test_edit_00,test_edit,canonical,1,17,-0.0014440268278121948,4.914402961730957e-05
exp12_test_edit_00,test_edit,canonical,1,18,0.004237160086631775,0.010438978672027588
exp12_test_edit_00,test_edit,canonical,1,19,-0.02128671109676361,-0.024140268564224243
exp12_test_edit_00,test_edit,canonical,1,20,-0.0,0.0
exp12_test_edit_00,test_edit,canonical,1,21,-0.0,0.0
exp12_test_edit_00,test_edit,canonical,1,22,-0.0,0.0
exp12_test_edit_00,test_edit,canonical,1,23,-0.0,0.0
exp12_test_edit_00,test_edit,canonical,1,24,-0.0,0.0
exp12_test_edit_00,test_edit,canonical,1,25,-0.0,0.0
exp12_test_edit_00,test_edit,canonical,1,26,-0.0,0.0
exp12_test_edit_00,test_edit,canonical,1,27,-0.0,0.0
exp12_test_edit_00,test_edit,canonical,1,28,-0.0,0.0
exp12_test_edit_00,test_edit,canonical,1,29,-0.0,0.0
exp12_test_edit_00,test_edit,canonical,1,30,-0.0,0.0
exp12_test_edit_00,test_edit,canonical,1,31,-0.0,0.0
exp12_test_edit_00,test_edit,paraphrase,1,0,-0.0,0.0
exp12_test_edit_00,test_edit,paraphrase,1,1,-0.0,0.0
exp12_test_edit_00,test_edit,paraphrase,1,2,-0.0,0.0
exp12_test_edit_00,test_edit,paraphrase,1,3,-0.0,0.0
exp12_test_edit_00,test_edit,paraphrase,1,4,-0.0,0.0
exp12_test_edit_00,test_edit,paraphrase,1,5,-0.0,0.0
exp12_test_edit_00,test_edit,paraphrase,1,6,-0.0,0.0
exp12_test_edit_00,test_edit,paraphrase,1,7,-0.0,0.0
exp12_test_edit_00,test_edit,paraphrase,1,8,-0.0,0.0
exp12_test_edit_00,test_edit,paraphrase,1,9,-0.0,0.0
exp12_test_edit_00,test_edit,paraphrase,1,10,-0.0,0.0
exp12_test_edit_00,test_edit,paraphrase,1,11,-0.0,0.0
exp12_test_edit_00,test_edit,paraphrase,1,12,-0.0,0.0
exp12_test_edit_00,test_edit,paraphrase,1,13,-0.0,0.0
exp12_test_edit_00,test_edit,paraphrase,1,14,-0.0,0.0
exp12_test_edit_00,test_edit,paraphrase,1,15,-0.0,0.0
exp12_test_edit_00,test_edit,paraphrase,1,16,0.21983516216278076,0.20272016525268555
exp12_test_edit_00,test_edit,paraphrase,1,17,-0.0007188022136688232,-0.0015447437763214111
exp12_test_edit_00,test_edit,paraphrase,1,18,0.009862303733825684,0.01685449481010437
exp12_test_edit_00,test_edit,paraphrase,1,19,-0.025792032480239868,-0.04420602321624756
exp12_test_edit_00,test_edit,paraphrase,1,20,-0.0,0.0
exp12_test_edit_00,test_edit,paraphrase,1,21,-0.0,0.0
exp12_test_edit_00,test_edit,paraphrase,1,22,-0.0,0.0
exp12_test_edit_00,test_edit,paraphrase,1,23,-0.0,0.0
exp12_test_edit_00,test_edit,paraphrase,1,24,-0.0,0.0
exp12_test_edit_00,test_edit,paraphrase,1,25,-0.0,0.0
exp12_test_edit_00,test_edit,paraphrase,1,26,-0.0,0.0
exp12_test_edit_00,test_edit,paraphrase,1,27,-0.0,0.0
exp12_test_edit_00,test_edit,paraphrase,1,28,-0.0,0.0
exp12_test_edit_00,test_edit,paraphrase,1,29,-0.0,0.0
exp12_test_edit_00,test_edit,paraphrase,1,30,-0.0,0.0
exp12_test_edit_00,test_edit,paraphrase,1,31,-0.0,0.0
exp12_test_edit_01,test_edit,canonical,0,0,0.0,0.0
exp12_test_edit_01,test_edit,canonical,0,1,0.0,0.0
exp12_test_edit_01,test_edit,canonical,0,2,0.0,0.0
exp12_test_edit_01,test_edit,canonical,0,3,0.0,0.0
exp12_test_edit_01,test_edit,canonical,0,4,0.0,0.0
exp12_test_edit_01,test_edit,canonical,0,5,0.0,0.0
exp12_test_edit_01,test_edit,canonical,0,6,0.0,0.0
exp12_test_edit_01,test_edit,canonical,0,7,0.0,0.0
exp12_test_edit_01,test_edit,canonical,0,8,0.0,0.0
exp12_test_edit_01,test_edit,canonical,0,9,0.0,0.0
exp12_test_edit_01,test_edit,canonical,0,10,0.0,0.0
exp12_test_edit_01,test_edit,canonical,0,11,0.0,0.0
exp12_test_edit_01,test_edit,canonical,0,12,0.0,0.0
exp12_test_edit_01,test_edit,canonical,0,13,0.0,0.0
exp12_test_edit_01,test_edit,canonical,0,14,0.0,0.0
exp12_test_edit_01,test_edit,canonical,0,15,0.0,0.0
exp12_test_edit_01,test_edit,canonical,0,16,0.235433891415596,0.2311103343963623
exp12_test_edit_01,test_edit,canonical,0,17,-0.0008397623896598816,-0.001868128776550293
exp12_test_edit_01,test_edit,canonical,0,18,0.007701478898525238,0.014466047286987305
exp12_test_edit_01,test_edit,canonical,0,19,-0.015665240585803986,-0.023600980639457703
exp12_test_edit_01,test_edit,canonical,0,20,0.0,0.0
exp12_test_edit_01,test_edit,canonical,0,21,0.0,0.0
exp12_test_edit_01,test_edit,canonical,0,22,0.0,0.0
exp12_test_edit_01,test_edit,canonical,0,23,0.0,0.0
exp12_test_edit_01,test_edit,canonical,0,24,0.0,0.0
exp12_test_edit_01,test_edit,canonical,0,25,0.0,0.0
exp12_test_edit_01,test_edit,canonical,0,26,0.0,0.0
exp12_test_edit_01,test_edit,canonical,0,27,0.0,0.0
exp12_test_edit_01,test_edit,canonical,0,28,0.0,0.0
exp12_test_edit_01,test_edit,canonical,0,29,0.0,0.0
exp12_test_edit_01,test_edit,canonical,0,30,0.0,0.0
exp12_test_edit_01,test_edit,canonical,0,31,0.0,0.0
exp12_test_edit_01,test_edit,paraphrase,0,0,0.0,0.0
exp12_test_edit_01,test_edit,paraphrase,0,1,0.0,0.0
exp12_test_edit_01,test_edit,paraphrase,0,2,0.0,0.0
exp12_test_edit_01,test_edit,paraphrase,0,3,0.0,0.0
exp12_test_edit_01,test_edit,paraphrase,0,4,0.0,0.0
exp12_test_edit_01,test_edit,paraphrase,0,5,0.0,0.0
exp12_test_edit_01,test_edit,paraphrase,0,6,0.0,0.0
exp12_test_edit_01,test_edit,paraphrase,0,7,0.0,0.0
exp12_test_edit_01,test_edit,paraphrase,0,8,0.0,0.0
exp12_test_edit_01,test_edit,paraphrase,0,9,0.0,0.0
exp12_test_edit_01,test_edit,paraphrase,0,10,0.0,0.0
exp12_test_edit_01,test_edit,paraphrase,0,11,0.0,0.0
exp12_test_edit_01,test_edit,paraphrase,0,12,0.0,0.0
exp12_test_edit_01,test_edit,paraphrase,0,13,0.0,0.0
exp12_test_edit_01,test_edit,paraphrase,0,14,0.0,0.0
exp12_test_edit_01,test_edit,paraphrase,0,15,0.0,0.0
exp12_test_edit_01,test_edit,paraphrase,0,16,0.2590499520301819,0.25530581176280975
exp12_test_edit_01,test_edit,paraphrase,0,17,-0.0015631988644599915,-0.003130793571472168
exp12_test_edit_01,test_edit,paraphrase,0,18,0.011837475001811981,0.01318386197090149
exp12_test_edit_01,test_edit,paraphrase,0,19,-0.02031989023089409,-0.025532498955726624
exp12_test_edit_01,test_edit,paraphrase,0,20,0.0,0.0
exp12_test_edit_01,test_edit,paraphrase,0,21,0.0,0.0
exp12_test_edit_01,test_edit,paraphrase,0,22,0.0,0.0
exp12_test_edit_01,test_edit,paraphrase,0,23,0.0,0.0
exp12_test_edit_01,test_edit,paraphrase,0,24,0.0,0.0
exp12_test_edit_01,test_edit,paraphrase,0,25,0.0,0.0
exp12_test_edit_01,test_edit,paraphrase,0,26,0.0,0.0
exp12_test_edit_01,test_edit,paraphrase,0,27,0.0,0.0
exp12_test_edit_01,test_edit,paraphrase,0,28,0.0,0.0
exp12_test_edit_01,test_edit,paraphrase,0,29,0.0,0.0
exp12_test_edit_01,test_edit,paraphrase,0,30,0.0,0.0
exp12_test_edit_01,test_edit,paraphrase,0,31,0.0,0.0
exp12_test_edit_01,test_edit,canonical,1,0,-0.0,0.0
exp12_test_edit_01,test_edit,canonical,1,1,-0.0,0.0
exp12_test_edit_01,test_edit,canonical,1,2,-0.0,0.0
exp12_test_edit_01,test_edit,canonical,1,3,-0.0,0.0
exp12_test_edit_01,test_edit,canonical,1,4,-0.0,0.0
exp12_test_edit_01,test_edit,canonical,1,5,-0.0,0.0
exp12_test_edit_01,test_edit,canonical,1,6,-0.0,0.0
exp12_test_edit_01,test_edit,canonical,1,7,-0.0,0.0
exp12_test_edit_01,test_edit,canonical,1,8,-0.0,0.0
exp12_test_edit_01,test_edit,canonical,1,9,-0.0,0.0
exp12_test_edit_01,test_edit,canonical,1,10,-0.0,0.0
exp12_test_edit_01,test_edit,canonical,1,11,-0.0,0.0
exp12_test_edit_01,test_edit,canonical,1,12,-0.0,0.0
exp12_test_edit_01,test_edit,canonical,1,13,-0.0,0.0
exp12_test_edit_01,test_edit,canonical,1,14,-0.0,0.0
exp12_test_edit_01,test_edit,canonical,1,15,-0.0,0.0
exp12_test_edit_01,test_edit,canonical,1,16,0.14526961743831635,0.14530324935913086
exp12_test_edit_01,test_edit,canonical,1,17,-0.0006255656480789185,-0.0014983713626861572
exp12_test_edit_01,test_edit,canonical,1,18,-0.00040265917778015137,0.005855679512023926
exp12_test_edit_01,test_edit,canonical,1,19,-0.01937524974346161,-0.028795868158340454
exp12_test_edit_01,test_edit,canonical,1,20,-0.0,0.0
exp12_test_edit_01,test_edit,canonical,1,21,-0.0,0.0
exp12_test_edit_01,test_edit,canonical,1,22,-0.0,0.0
exp12_test_edit_01,test_edit,canonical,1,23,-0.0,0.0
exp12_test_edit_01,test_edit,canonical,1,24,-0.0,0.0
exp12_test_edit_01,test_edit,canonical,1,25,-0.0,0.0
exp12_test_edit_01,test_edit,canonical,1,26,-0.0,0.0
exp12_test_edit_01,test_edit,canonical,1,27,-0.0,0.0
exp12_test_edit_01,test_edit,canonical,1,28,-0.0,0.0
exp12_test_edit_01,test_edit,canonical,1,29,-0.0,0.0
exp12_test_edit_01,test_edit,canonical,1,30,-0.0,0.0
exp12_test_edit_01,test_edit,canonical,1,31,-0.0,0.0
exp12_test_edit_01,test_edit,paraphrase,1,0,-0.0,0.0
exp12_test_edit_01,test_edit,paraphrase,1,1,-0.0,0.0
exp12_test_edit_01,test_edit,paraphrase,1,2,-0.0,0.0
exp12_test_edit_01,test_edit,paraphrase,1,3,-0.0,0.0
exp12_test_edit_01,test_edit,paraphrase,1,4,-0.0,0.0
exp12_test_edit_01,test_edit,paraphrase,1,5,-0.0,0.0
exp12_test_edit_01,test_edit,paraphrase,1,6,-0.0,0.0
exp12_test_edit_01,test_edit,paraphrase,1,7,-0.0,0.0
exp12_test_edit_01,test_edit,paraphrase,1,8,-0.0,0.0
exp12_test_edit_01,test_edit,paraphrase,1,9,-0.0,0.0
exp12_test_edit_01,test_edit,paraphrase,1,10,-0.0,0.0
exp12_test_edit_01,test_edit,paraphrase,1,11,-0.0,0.0
exp12_test_edit_01,test_edit,paraphrase,1,12,-0.0,0.0
exp12_test_edit_01,test_edit,paraphrase,1,13,-0.0,0.0
exp12_test_edit_01,test_edit,paraphrase,1,14,-0.0,0.0
exp12_test_edit_01,test_edit,paraphrase,1,15,-0.0,0.0
exp12_test_edit_01,test_edit,paraphrase,1,16,0.2092059850692749,0.1976718306541443
exp12_test_edit_01,test_edit,paraphrase,1,17,-0.001542896032333374,-0.0013754665851593018
exp12_test_edit_01,test_edit,paraphrase,1,18,0.0022610723972320557,0.009307533502578735
exp12_test_edit_01,test_edit,paraphrase,1,19,-0.027147918939590454,-0.044013917446136475
exp12_test_edit_01,test_edit,paraphrase,1,20,-0.0,0.0
exp12_test_edit_01,test_edit,paraphrase,1,21,-0.0,0.0
exp12_test_edit_01,test_edit,paraphrase,1,22,-0.0,0.0
exp12_test_edit_01,test_edit,paraphrase,1,23,-0.0,0.0
exp12_test_edit_01,test_edit,paraphrase,1,24,-0.0,0.0
exp12_test_edit_01,test_edit,paraphrase,1,25,-0.0,0.0
exp12_test_edit_01,test_edit,paraphrase,1,26,-0.0,0.0
exp12_test_edit_01,test_edit,paraphrase,1,27,-0.0,0.0
exp12_test_edit_01,test_edit,paraphrase,1,28,-0.0,0.0
exp12_test_edit_01,test_edit,paraphrase,1,29,-0.0,0.0
exp12_test_edit_01,test_edit,paraphrase,1,30,-0.0,0.0
exp12_test_edit_01,test_edit,paraphrase,1,31,-0.0,0.0
exp12_test_edit_03,test_edit,canonical,0,0,0.0,0.0
exp12_test_edit_03,test_edit,canonical,0,1,0.0,0.0
exp12_test_edit_03,test_edit,canonical,0,2,0.0,0.0
exp12_test_edit_03,test_edit,canonical,0,3,0.0,0.0
exp12_test_edit_03,test_edit,canonical,0,4,0.0,0.0
exp12_test_edit_03,test_edit,canonical,0,5,0.0,0.0
exp12_test_edit_03,test_edit,canonical,0,6,0.0,0.0
exp12_test_edit_03,test_edit,canonical,0,7,0.0,0.0
exp12_test_edit_03,test_edit,canonical,0,8,0.0,0.0
exp12_test_edit_03,test_edit,canonical,0,9,0.0,0.0
exp12_test_edit_03,test_edit,canonical,0,10,0.0,0.0
exp12_test_edit_03,test_edit,canonical,0,11,0.0,0.0
exp12_test_edit_03,test_edit,canonical,0,12,0.0,0.0
exp12_test_edit_03,test_edit,canonical,0,13,0.0,0.0
exp12_test_edit_03,test_edit,canonical,0,14,0.0,0.0
exp12_test_edit_03,test_edit,canonical,0,15,0.0,0.0
exp12_test_edit_03,test_edit,canonical,0,16,0.2097654491662979,0.21110018342733383
exp12_test_edit_03,test_edit,canonical,0,17,-0.0007099360227584839,1.8775463104248047e-06
exp12_test_edit_03,test_edit,canonical,0,18,0.007164262235164642,0.012766271829605103
exp12_test_edit_03,test_edit,canonical,0,19,-0.019801028072834015,-0.021181553602218628
exp12_test_edit_03,test_edit,canonical,0,20,0.0,0.0
exp12_test_edit_03,test_edit,canonical,0,21,0.0,0.0
exp12_test_edit_03,test_edit,canonical,0,22,0.0,0.0
exp12_test_edit_03,test_edit,canonical,0,23,0.0,0.0
exp12_test_edit_03,test_edit,canonical,0,24,0.0,0.0
exp12_test_edit_03,test_edit,canonical,0,25,0.0,0.0
exp12_test_edit_03,test_edit,canonical,0,26,0.0,0.0
exp12_test_edit_03,test_edit,canonical,0,27,0.0,0.0
exp12_test_edit_03,test_edit,canonical,0,28,0.0,0.0
exp12_test_edit_03,test_edit,canonical,0,29,0.0,0.0
exp12_test_edit_03,test_edit,canonical,0,30,0.0,0.0
exp12_test_edit_03,test_edit,canonical,0,31,0.0,0.0
exp12_test_edit_03,test_edit,paraphrase,0,0,0.0,0.0
exp12_test_edit_03,test_edit,paraphrase,0,1,0.0,0.0
exp12_test_edit_03,test_edit,paraphrase,0,2,0.0,0.0
exp12_test_edit_03,test_edit,paraphrase,0,3,0.0,0.0
exp12_test_edit_03,test_edit,paraphrase,0,4,0.0,0.0
exp12_test_edit_03,test_edit,paraphrase,0,5,0.0,0.0
exp12_test_edit_03,test_edit,paraphrase,0,6,0.0,0.0
exp12_test_edit_03,test_edit,paraphrase,0,7,0.0,0.0
exp12_test_edit_03,test_edit,paraphrase,0,8,0.0,0.0
exp12_test_edit_03,test_edit,paraphrase,0,9,0.0,0.0
exp12_test_edit_03,test_edit,paraphrase,0,10,0.0,0.0
exp12_test_edit_03,test_edit,paraphrase,0,11,0.0,0.0
exp12_test_edit_03,test_edit,paraphrase,0,12,0.0,0.0
exp12_test_edit_03,test_edit,paraphrase,0,13,0.0,0.0
exp12_test_edit_03,test_edit,paraphrase,0,14,0.0,0.0
exp12_test_edit_03,test_edit,paraphrase,0,15,0.0,0.0
exp12_test_edit_03,test_edit,paraphrase,0,16,0.22496993467211723,0.21617113053798676
exp12_test_edit_03,test_edit,paraphrase,0,17,-0.0012865103781223297,-0.0014049634337425232
exp12_test_edit_03,test_edit,paraphrase,0,18,0.010302022099494934,0.006699696183204651
exp12_test_edit_03,test_edit,paraphrase,0,19,-0.01765335351228714,-0.025068894028663635
exp12_test_edit_03,test_edit,paraphrase,0,20,0.0,0.0
exp12_test_edit_03,test_edit,paraphrase,0,21,0.0,0.0
exp12_test_edit_03,test_edit,paraphrase,0,22,0.0,0.0
exp12_test_edit_03,test_edit,paraphrase,0,23,0.0,0.0
exp12_test_edit_03,test_edit,paraphrase,0,24,0.0,0.0
exp12_test_edit_03,test_edit,paraphrase,0,25,0.0,0.0
exp12_test_edit_03,test_edit,paraphrase,0,26,0.0,0.0
exp12_test_edit_03,test_edit,paraphrase,0,27,0.0,0.0
exp12_test_edit_03,test_edit,paraphrase,0,28,0.0,0.0
exp12_test_edit_03,test_edit,paraphrase,0,29,0.0,0.0
exp12_test_edit_03,test_edit,paraphrase,0,30,0.0,0.0
exp12_test_edit_03,test_edit,paraphrase,0,31,0.0,0.0
exp12_test_edit_03,test_edit,canonical,1,0,-0.0,0.0
exp12_test_edit_03,test_edit,canonical,1,1,-0.0,0.0
exp12_test_edit_03,test_edit,canonical,1,2,-0.0,0.0
exp12_test_edit_03,test_edit,canonical,1,3,-0.0,0.0
exp12_test_edit_03,test_edit,canonical,1,4,-0.0,0.0
exp12_test_edit_03,test_edit,canonical,1,5,-0.0,0.0
exp12_test_edit_03,test_edit,canonical,1,6,-0.0,0.0
exp12_test_edit_03,test_edit,canonical,1,7,-0.0,0.0
exp12_test_edit_03,test_edit,canonical,1,8,-0.0,0.0
exp12_test_edit_03,test_edit,canonical,1,9,-0.0,0.0
exp12_test_edit_03,test_edit,canonical,1,10,-0.0,0.0
exp12_test_edit_03,test_edit,canonical,1,11,-0.0,0.0
exp12_test_edit_03,test_edit,canonical,1,12,-0.0,0.0
exp12_test_edit_03,test_edit,canonical,1,13,-0.0,0.0
exp12_test_edit_03,test_edit,canonical,1,14,-0.0,0.0
exp12_test_edit_03,test_edit,canonical,1,15,-0.0,0.0
exp12_test_edit_03,test_edit,canonical,1,16,0.1435760259628296,0.1308041661977768
exp12_test_edit_03,test_edit,canonical,1,17,-0.0013613998889923096,-0.006468623876571655
exp12_test_edit_03,test_edit,canonical,1,18,0.013952404260635376,0.01063983142375946
exp12_test_edit_03,test_edit,canonical,1,19,-0.017847687005996704,-0.028162673115730286
exp12_test_edit_03,test_edit,canonical,1,20,-0.0,0.0
exp12_test_edit_03,test_edit,canonical,1,21,-0.0,0.0
exp12_test_edit_03,test_edit,canonical,1,22,-0.0,0.0
exp12_test_edit_03,test_edit,canonical,1,23,-0.0,0.0
exp12_test_edit_03,test_edit,canonical,1,24,-0.0,0.0
exp12_test_edit_03,test_edit,canonical,1,25,-0.0,0.0
exp12_test_edit_03,test_edit,canonical,1,26,-0.0,0.0
exp12_test_edit_03,test_edit,canonical,1,27,-0.0,0.0
exp12_test_edit_03,test_edit,canonical,1,28,-0.0,0.0
exp12_test_edit_03,test_edit,canonical,1,29,-0.0,0.0
exp12_test_edit_03,test_edit,canonical,1,30,-0.0,0.0
exp12_test_edit_03,test_edit,canonical,1,31,-0.0,0.0
exp12_test_edit_03,test_edit,paraphrase,1,0,-0.0,0.0
exp12_test_edit_03,test_edit,paraphrase,1,1,-0.0,0.0
exp12_test_edit_03,test_edit,paraphrase,1,2,-0.0,0.0
exp12_test_edit_03,test_edit,paraphrase,1,3,-0.0,0.0
exp12_test_edit_03,test_edit,paraphrase,1,4,-0.0,0.0
exp12_test_edit_03,test_edit,paraphrase,1,5,-0.0,0.0
exp12_test_edit_03,test_edit,paraphrase,1,6,-0.0,0.0
exp12_test_edit_03,test_edit,paraphrase,1,7,-0.0,0.0
exp12_test_edit_03,test_edit,paraphrase,1,8,-0.0,0.0
exp12_test_edit_03,test_edit,paraphrase,1,9,-0.0,0.0
exp12_test_edit_03,test_edit,paraphrase,1,10,-0.0,0.0
exp12_test_edit_03,test_edit,paraphrase,1,11,-0.0,0.0
exp12_test_edit_03,test_edit,paraphrase,1,12,-0.0,0.0
exp12_test_edit_03,test_edit,paraphrase,1,13,-0.0,0.0
exp12_test_edit_03,test_edit,paraphrase,1,14,-0.0,0.0
exp12_test_edit_03,test_edit,paraphrase,1,15,-0.0,0.0
exp12_test_edit_03,test_edit,paraphrase,1,16,0.19819152355194092,0.19164487719535828
exp12_test_edit_03,test_edit,paraphrase,1,17,-0.006309539079666138,-0.0015003681182861328
exp12_test_edit_03,test_edit,paraphrase,1,18,0.009580045938491821,0.009587287902832031
exp12_test_edit_03,test_edit,paraphrase,1,19,-0.029049158096313477,-0.043185412883758545
exp12_test_edit_03,test_edit,paraphrase,1,20,-0.0,0.0
exp12_test_edit_03,test_edit,paraphrase,1,21,-0.0,0.0
exp12_test_edit_03,test_edit,paraphrase,1,22,-0.0,0.0
exp12_test_edit_03,test_edit,paraphrase,1,23,-0.0,0.0
exp12_test_edit_03,test_edit,paraphrase,1,24,-0.0,0.0
exp12_test_edit_03,test_edit,paraphrase,1,25,-0.0,0.0
exp12_test_edit_03,test_edit,paraphrase,1,26,-0.0,0.0
exp12_test_edit_03,test_edit,paraphrase,1,27,-0.0,0.0
exp12_test_edit_03,test_edit,paraphrase,1,28,-0.0,0.0
exp12_test_edit_03,test_edit,paraphrase,1,29,-0.0,0.0
exp12_test_edit_03,test_edit,paraphrase,1,30,-0.0,0.0
exp12_test_edit_03,test_edit,paraphrase,1,31,-0.0,0.0
exp12_test_edit_05,test_edit,canonical,0,0,0.0,0.0
exp12_test_edit_05,test_edit,canonical,0,1,0.0,0.0
exp12_test_edit_05,test_edit,canonical,0,2,0.0,0.0
exp12_test_edit_05,test_edit,canonical,0,3,0.0,0.0
exp12_test_edit_05,test_edit,canonical,0,4,0.0,0.0
exp12_test_edit_05,test_edit,canonical,0,5,0.0,0.0
exp12_test_edit_05,test_edit,canonical,0,6,0.0,0.0
exp12_test_edit_05,test_edit,canonical,0,7,0.0,0.0
exp12_test_edit_05,test_edit,canonical,0,8,0.0,0.0
exp12_test_edit_05,test_edit,canonical,0,9,0.0,0.0
exp12_test_edit_05,test_edit,canonical,0,10,0.0,0.0
exp12_test_edit_05,test_edit,canonical,0,11,0.0,0.0
exp12_test_edit_05,test_edit,canonical,0,12,0.0,0.0
exp12_test_edit_05,test_edit,canonical,0,13,0.0,0.0
exp12_test_edit_05,test_edit,canonical,0,14,0.0,0.0
exp12_test_edit_05,test_edit,canonical,0,15,0.0,0.0
exp12_test_edit_05,test_edit,canonical,0,16,0.23217880725860596,0.22256017476320267
exp12_test_edit_05,test_edit,canonical,0,17,-0.003275267779827118,-0.001572147011756897
exp12_test_edit_05,test_edit,canonical,0,18,0.007086925208568573,0.0055401623249053955
exp12_test_edit_05,test_edit,canonical,0,19,-0.019079603254795074,-0.02020704746246338
exp12_test_edit_05,test_edit,canonical,0,20,0.0,0.0
exp12_test_edit_05,test_edit,canonical,0,21,0.0,0.0
exp12_test_edit_05,test_edit,canonical,0,22,0.0,0.0
exp12_test_edit_05,test_edit,canonical,0,23,0.0,0.0
exp12_test_edit_05,test_edit,canonical,0,24,0.0,0.0
exp12_test_edit_05,test_edit,canonical,0,25,0.0,0.0
exp12_test_edit_05,test_edit,canonical,0,26,0.0,0.0
exp12_test_edit_05,test_edit,canonical,0,27,0.0,0.0
exp12_test_edit_05,test_edit,canonical,0,28,0.0,0.0
exp12_test_edit_05,test_edit,canonical,0,29,0.0,0.0
exp12_test_edit_05,test_edit,canonical,0,30,0.0,0.0
exp12_test_edit_05,test_edit,canonical,0,31,0.0,0.0
exp12_test_edit_05,test_edit,paraphrase,0,0,0.0,0.0
exp12_test_edit_05,test_edit,paraphrase,0,1,0.0,0.0
exp12_test_edit_05,test_edit,paraphrase,0,2,0.0,0.0
exp12_test_edit_05,test_edit,paraphrase,0,3,0.0,0.0
exp12_test_edit_05,test_edit,paraphrase,0,4,0.0,0.0
exp12_test_edit_05,test_edit,paraphrase,0,5,0.0,0.0
exp12_test_edit_05,test_edit,paraphrase,0,6,0.0,0.0
exp12_test_edit_05,test_edit,paraphrase,0,7,0.0,0.0
exp12_test_edit_05,test_edit,paraphrase,0,8,0.0,0.0
exp12_test_edit_05,test_edit,paraphrase,0,9,0.0,0.0
exp12_test_edit_05,test_edit,paraphrase,0,10,0.0,0.0
exp12_test_edit_05,test_edit,paraphrase,0,11,0.0,0.0
exp12_test_edit_05,test_edit,paraphrase,0,12,0.0,0.0
exp12_test_edit_05,test_edit,paraphrase,0,13,0.0,0.0
exp12_test_edit_05,test_edit,paraphrase,0,14,0.0,0.0
exp12_test_edit_05,test_edit,paraphrase,0,15,0.0,0.0
exp12_test_edit_05,test_edit,paraphrase,0,16,0.24397310614585876,0.24108049273490906
exp12_test_edit_05,test_edit,paraphrase,0,17,1.3373792171478271e-05,-0.006962575018405914
exp12_test_edit_05,test_edit,paraphrase,0,18,0.011695675551891327,0.00789160281419754
exp12_test_edit_05,test_edit,paraphrase,0,19,-0.018563605844974518,-0.028834044933319092
exp12_test_edit_05,test_edit,paraphrase,0,20,0.0,0.0
exp12_test_edit_05,test_edit,paraphrase,0,21,0.0,0.0
exp12_test_edit_05,test_edit,paraphrase,0,22,0.0,0.0
exp12_test_edit_05,test_edit,paraphrase,0,23,0.0,0.0
exp12_test_edit_05,test_edit,paraphrase,0,24,0.0,0.0
exp12_test_edit_05,test_edit,paraphrase,0,25,0.0,0.0
exp12_test_edit_05,test_edit,paraphrase,0,26,0.0,0.0
exp12_test_edit_05,test_edit,paraphrase,0,27,0.0,0.0
exp12_test_edit_05,test_edit,paraphrase,0,28,0.0,0.0
exp12_test_edit_05,test_edit,paraphrase,0,29,0.0,0.0
exp12_test_edit_05,test_edit,paraphrase,0,30,0.0,0.0
exp12_test_edit_05,test_edit,paraphrase,0,31,0.0,0.0
exp12_test_edit_05,test_edit,canonical,1,0,-0.0,0.0
exp12_test_edit_05,test_edit,canonical,1,1,-0.0,0.0
exp12_test_edit_05,test_edit,canonical,1,2,-0.0,0.0
exp12_test_edit_05,test_edit,canonical,1,3,-0.0,0.0
exp12_test_edit_05,test_edit,canonical,1,4,-0.0,0.0
exp12_test_edit_05,test_edit,canonical,1,5,-0.0,0.0
exp12_test_edit_05,test_edit,canonical,1,6,-0.0,0.0
exp12_test_edit_05,test_edit,canonical,1,7,-0.0,0.0
exp12_test_edit_05,test_edit,canonical,1,8,-0.0,0.0
exp12_test_edit_05,test_edit,canonical,1,9,-0.0,0.0
exp12_test_edit_05,test_edit,canonical,1,10,-0.0,0.0
exp12_test_edit_05,test_edit,canonical,1,11,-0.0,0.0
exp12_test_edit_05,test_edit,canonical,1,12,-0.0,0.0
exp12_test_edit_05,test_edit,canonical,1,13,-0.0,0.0
exp12_test_edit_05,test_edit,canonical,1,14,-0.0,0.0
exp12_test_edit_05,test_edit,canonical,1,15,-0.0,0.0
exp12_test_edit_05,test_edit,canonical,1,16,0.14467430114746094,0.14748238027095795
exp12_test_edit_05,test_edit,canonical,1,17,-0.01006270945072174,-0.0014838874340057373
exp12_test_edit_05,test_edit,canonical,1,18,0.004980042576789856,0.011890813708305359
exp12_test_edit_05,test_edit,canonical,1,19,-0.017505541443824768,-0.011734023690223694
exp12_test_edit_05,test_edit,canonical,1,20,-0.0,0.0
exp12_test_edit_05,test_edit,canonical,1,21,-0.0,0.0
exp12_test_edit_05,test_edit,canonical,1,22,-0.0,0.0
exp12_test_edit_05,test_edit,canonical,1,23,-0.0,0.0
exp12_test_edit_05,test_edit,canonical,1,24,-0.0,0.0
exp12_test_edit_05,test_edit,canonical,1,25,-0.0,0.0
exp12_test_edit_05,test_edit,canonical,1,26,-0.0,0.0
exp12_test_edit_05,test_edit,canonical,1,27,-0.0,0.0
exp12_test_edit_05,test_edit,canonical,1,28,-0.0,0.0
exp12_test_edit_05,test_edit,canonical,1,29,-0.0,0.0
exp12_test_edit_05,test_edit,canonical,1,30,-0.0,0.0
exp12_test_edit_05,test_edit,canonical,1,31,-0.0,0.0
exp12_test_edit_05,test_edit,paraphrase,1,0,-0.0,0.0
exp12_test_edit_05,test_edit,paraphrase,1,1,-0.0,0.0
exp12_test_edit_05,test_edit,paraphrase,1,2,-0.0,0.0
exp12_test_edit_05,test_edit,paraphrase,1,3,-0.0,0.0
exp12_test_edit_05,test_edit,paraphrase,1,4,-0.0,0.0
exp12_test_edit_05,test_edit,paraphrase,1,5,-0.0,0.0
exp12_test_edit_05,test_edit,paraphrase,1,6,-0.0,0.0
exp12_test_edit_05,test_edit,paraphrase,1,7,-0.0,0.0
exp12_test_edit_05,test_edit,paraphrase,1,8,-0.0,0.0
exp12_test_edit_05,test_edit,paraphrase,1,9,-0.0,0.0
exp12_test_edit_05,test_edit,paraphrase,1,10,-0.0,0.0
exp12_test_edit_05,test_edit,paraphrase,1,11,-0.0,0.0
exp12_test_edit_05,test_edit,paraphrase,1,12,-0.0,0.0
exp12_test_edit_05,test_edit,paraphrase,1,13,-0.0,0.0
exp12_test_edit_05,test_edit,paraphrase,1,14,-0.0,0.0
exp12_test_edit_05,test_edit,paraphrase,1,15,-0.0,0.0
exp12_test_edit_05,test_edit,paraphrase,1,16,0.20919036865234375,0.20518681406974792
exp12_test_edit_05,test_edit,paraphrase,1,17,-0.006836146116256714,-0.007549762725830078
exp12_test_edit_05,test_edit,paraphrase,1,18,0.0029820501804351807,0.010830223560333252
exp12_test_edit_05,test_edit,paraphrase,1,19,-0.029661715030670166,-0.04129090905189514
exp12_test_edit_05,test_edit,paraphrase,1,20,-0.0,0.0
exp12_test_edit_05,test_edit,paraphrase,1,21,-0.0,0.0
exp12_test_edit_05,test_edit,paraphrase,1,22,-0.0,0.0
exp12_test_edit_05,test_edit,paraphrase,1,23,-0.0,0.0
exp12_test_edit_05,test_edit,paraphrase,1,24,-0.0,0.0
exp12_test_edit_05,test_edit,paraphrase,1,25,-0.0,0.0
exp12_test_edit_05,test_edit,paraphrase,1,26,-0.0,0.0
exp12_test_edit_05,test_edit,paraphrase,1,27,-0.0,0.0
exp12_test_edit_05,test_edit,paraphrase,1,28,-0.0,0.0
exp12_test_edit_05,test_edit,paraphrase,1,29,-0.0,0.0
exp12_test_edit_05,test_edit,paraphrase,1,30,-0.0,0.0
exp12_test_edit_05,test_edit,paraphrase,1,31,-0.0,0.0
exp12_test_edit_07,test_edit,canonical,0,0,0.0,0.0
exp12_test_edit_07,test_edit,canonical,0,1,0.0,0.0
exp12_test_edit_07,test_edit,canonical,0,2,0.0,0.0
exp12_test_edit_07,test_edit,canonical,0,3,0.0,0.0
exp12_test_edit_07,test_edit,canonical,0,4,0.0,0.0
exp12_test_edit_07,test_edit,canonical,0,5,0.0,0.0
exp12_test_edit_07,test_edit,canonical,0,6,0.0,0.0
exp12_test_edit_07,test_edit,canonical,0,7,0.0,0.0
exp12_test_edit_07,test_edit,canonical,0,8,0.0,0.0
exp12_test_edit_07,test_edit,canonical,0,9,0.0,0.0
exp12_test_edit_07,test_edit,canonical,0,10,0.0,0.0
exp12_test_edit_07,test_edit,canonical,0,11,0.0,0.0
exp12_test_edit_07,test_edit,canonical,0,12,0.0,0.0
exp12_test_edit_07,test_edit,canonical,0,13,0.0,0.0
exp12_test_edit_07,test_edit,canonical,0,14,0.0,0.0
exp12_test_edit_07,test_edit,canonical,0,15,0.0,0.0
exp12_test_edit_07,test_edit,canonical,0,16,0.23495931178331375,0.22191786766052246
exp12_test_edit_07,test_edit,canonical,0,17,0.000888332724571228,-0.004427507519721985
exp12_test_edit_07,test_edit,canonical,0,18,0.014029212296009064,0.00966864824295044
exp12_test_edit_07,test_edit,canonical,0,19,-0.011163860559463501,-0.021645307540893555
exp12_test_edit_07,test_edit,canonical,0,20,0.0,0.0
exp12_test_edit_07,test_edit,canonical,0,21,0.0,0.0
exp12_test_edit_07,test_edit,canonical,0,22,0.0,0.0
exp12_test_edit_07,test_edit,canonical,0,23,0.0,0.0
exp12_test_edit_07,test_edit,canonical,0,24,0.0,0.0
exp12_test_edit_07,test_edit,canonical,0,25,0.0,0.0
exp12_test_edit_07,test_edit,canonical,0,26,0.0,0.0
exp12_test_edit_07,test_edit,canonical,0,27,0.0,0.0
exp12_test_edit_07,test_edit,canonical,0,28,0.0,0.0
exp12_test_edit_07,test_edit,canonical,0,29,0.0,0.0
exp12_test_edit_07,test_edit,canonical,0,30,0.0,0.0
exp12_test_edit_07,test_edit,canonical,0,31,0.0,0.0
exp12_test_edit_07,test_edit,paraphrase,0,0,0.0,0.0
exp12_test_edit_07,test_edit,paraphrase,0,1,0.0,0.0
exp12_test_edit_07,test_edit,paraphrase,0,2,0.0,0.0
exp12_test_edit_07,test_edit,paraphrase,0,3,0.0,0.0
exp12_test_edit_07,test_edit,paraphrase,0,4,0.0,0.0
exp12_test_edit_07,test_edit,paraphrase,0,5,0.0,0.0
exp12_test_edit_07,test_edit,paraphrase,0,6,0.0,0.0
exp12_test_edit_07,test_edit,paraphrase,0,7,0.0,0.0
exp12_test_edit_07,test_edit,paraphrase,0,8,0.0,0.0
exp12_test_edit_07,test_edit,paraphrase,0,9,0.0,0.0
exp12_test_edit_07,test_edit,paraphrase,0,10,0.0,0.0
exp12_test_edit_07,test_edit,paraphrase,0,11,0.0,0.0
exp12_test_edit_07,test_edit,paraphrase,0,12,0.0,0.0
exp12_test_edit_07,test_edit,paraphrase,0,13,0.0,0.0
exp12_test_edit_07,test_edit,paraphrase,0,14,0.0,0.0
exp12_test_edit_07,test_edit,paraphrase,0,15,0.0,0.0
exp12_test_edit_07,test_edit,paraphrase,0,16,0.248841755092144,0.24342212453484535
exp12_test_edit_07,test_edit,paraphrase,0,17,-0.0029659271240234375,9.951740503311157e-05
exp12_test_edit_07,test_edit,paraphrase,0,18,0.012918345630168915,0.009421132504940033
exp12_test_edit_07,test_edit,paraphrase,0,19,-0.00900232419371605,-0.022303566336631775
exp12_test_edit_07,test_edit,paraphrase,0,20,0.0,0.0
exp12_test_edit_07,test_edit,paraphrase,0,21,0.0,0.0
exp12_test_edit_07,test_edit,paraphrase,0,22,0.0,0.0
exp12_test_edit_07,test_edit,paraphrase,0,23,0.0,0.0
exp12_test_edit_07,test_edit,paraphrase,0,24,0.0,0.0
exp12_test_edit_07,test_edit,paraphrase,0,25,0.0,0.0
exp12_test_edit_07,test_edit,paraphrase,0,26,0.0,0.0
exp12_test_edit_07,test_edit,paraphrase,0,27,0.0,0.0
exp12_test_edit_07,test_edit,paraphrase,0,28,0.0,0.0
exp12_test_edit_07,test_edit,paraphrase,0,29,0.0,0.0
exp12_test_edit_07,test_edit,paraphrase,0,30,0.0,0.0
exp12_test_edit_07,test_edit,paraphrase,0,31,0.0,0.0
exp12_test_edit_07,test_edit,canonical,1,0,-0.0,0.0
exp12_test_edit_07,test_edit,canonical,1,1,-0.0,0.0
exp12_test_edit_07,test_edit,canonical,1,2,-0.0,0.0
exp12_test_edit_07,test_edit,canonical,1,3,-0.0,0.0
exp12_test_edit_07,test_edit,canonical,1,4,-0.0,0.0
exp12_test_edit_07,test_edit,canonical,1,5,-0.0,0.0
exp12_test_edit_07,test_edit,canonical,1,6,-0.0,0.0
exp12_test_edit_07,test_edit,canonical,1,7,-0.0,0.0
exp12_test_edit_07,test_edit,canonical,1,8,-0.0,0.0
exp12_test_edit_07,test_edit,canonical,1,9,-0.0,0.0
exp12_test_edit_07,test_edit,canonical,1,10,-0.0,0.0
exp12_test_edit_07,test_edit,canonical,1,11,-0.0,0.0
exp12_test_edit_07,test_edit,canonical,1,12,-0.0,0.0
exp12_test_edit_07,test_edit,canonical,1,13,-0.0,0.0
exp12_test_edit_07,test_edit,canonical,1,14,-0.0,0.0
exp12_test_edit_07,test_edit,canonical,1,15,-0.0,0.0
exp12_test_edit_07,test_edit,canonical,1,16,0.15496335923671722,0.14182361960411072
exp12_test_edit_07,test_edit,canonical,1,17,0.009542897343635559,-0.00706125795841217
exp12_test_edit_07,test_edit,canonical,1,18,0.013350114226341248,0.01147913932800293
exp12_test_edit_07,test_edit,canonical,1,19,-0.008563801646232605,-0.02227868139743805
exp12_test_edit_07,test_edit,canonical,1,20,-0.0,0.0
exp12_test_edit_07,test_edit,canonical,1,21,-0.0,0.0
exp12_test_edit_07,test_edit,canonical,1,22,-0.0,0.0
exp12_test_edit_07,test_edit,canonical,1,23,-0.0,0.0
exp12_test_edit_07,test_edit,canonical,1,24,-0.0,0.0
exp12_test_edit_07,test_edit,canonical,1,25,-0.0,0.0
exp12_test_edit_07,test_edit,canonical,1,26,-0.0,0.0
exp12_test_edit_07,test_edit,canonical,1,27,-0.0,0.0
exp12_test_edit_07,test_edit,canonical,1,28,-0.0,0.0
exp12_test_edit_07,test_edit,canonical,1,29,-0.0,0.0
exp12_test_edit_07,test_edit,canonical,1,30,-0.0,0.0
exp12_test_edit_07,test_edit,canonical,1,31,-0.0,0.0
exp12_test_edit_07,test_edit,paraphrase,1,0,-0.0,0.0
exp12_test_edit_07,test_edit,paraphrase,1,1,-0.0,0.0
exp12_test_edit_07,test_edit,paraphrase,1,2,-0.0,0.0
exp12_test_edit_07,test_edit,paraphrase,1,3,-0.0,0.0
exp12_test_edit_07,test_edit,paraphrase,1,4,-0.0,0.0
exp12_test_edit_07,test_edit,paraphrase,1,5,-0.0,0.0
exp12_test_edit_07,test_edit,paraphrase,1,6,-0.0,0.0
exp12_test_edit_07,test_edit,paraphrase,1,7,-0.0,0.0
exp12_test_edit_07,test_edit,paraphrase,1,8,-0.0,0.0
exp12_test_edit_07,test_edit,paraphrase,1,9,-0.0,0.0
exp12_test_edit_07,test_edit,paraphrase,1,10,-0.0,0.0
exp12_test_edit_07,test_edit,paraphrase,1,11,-0.0,0.0
exp12_test_edit_07,test_edit,paraphrase,1,12,-0.0,0.0
exp12_test_edit_07,test_edit,paraphrase,1,13,-0.0,0.0
exp12_test_edit_07,test_edit,paraphrase,1,14,-0.0,0.0
exp12_test_edit_07,test_edit,paraphrase,1,15,-0.0,0.0
exp12_test_edit_07,test_edit,paraphrase,1,16,0.21185770630836487,0.20945453643798828
exp12_test_edit_07,test_edit,paraphrase,1,17,-0.0070063769817352295,-4.2498111724853516e-05
exp12_test_edit_07,test_edit,paraphrase,1,18,0.008992195129394531,0.010667860507965088
exp12_test_edit_07,test_edit,paraphrase,1,19,-0.031142503023147583,-0.035023123025894165
exp12_test_edit_07,test_edit,paraphrase,1,20,-0.0,0.0
exp12_test_edit_07,test_edit,paraphrase,1,21,-0.0,0.0
exp12_test_edit_07,test_edit,paraphrase,1,22,-0.0,0.0
exp12_test_edit_07,test_edit,paraphrase,1,23,-0.0,0.0
exp12_test_edit_07,test_edit,paraphrase,1,24,-0.0,0.0
exp12_test_edit_07,test_edit,paraphrase,1,25,-0.0,0.0
exp12_test_edit_07,test_edit,paraphrase,1,26,-0.0,0.0
exp12_test_edit_07,test_edit,paraphrase,1,27,-0.0,0.0
exp12_test_edit_07,test_edit,paraphrase,1,28,-0.0,0.0
exp12_test_edit_07,test_edit,paraphrase,1,29,-0.0,0.0
exp12_test_edit_07,test_edit,paraphrase,1,30,-0.0,0.0
exp12_test_edit_07,test_edit,paraphrase,1,31,-0.0,0.0
exp12_test_edit_08,test_edit,canonical,0,0,0.0,0.0
exp12_test_edit_08,test_edit,canonical,0,1,0.0,0.0
exp12_test_edit_08,test_edit,canonical,0,2,0.0,0.0
exp12_test_edit_08,test_edit,canonical,0,3,0.0,0.0
exp12_test_edit_08,test_edit,canonical,0,4,0.0,0.0
exp12_test_edit_08,test_edit,canonical,0,5,0.0,0.0
exp12_test_edit_08,test_edit,canonical,0,6,0.0,0.0
exp12_test_edit_08,test_edit,canonical,0,7,0.0,0.0
exp12_test_edit_08,test_edit,canonical,0,8,0.0,0.0
exp12_test_edit_08,test_edit,canonical,0,9,0.0,0.0
exp12_test_edit_08,test_edit,canonical,0,10,0.0,0.0
exp12_test_edit_08,test_edit,canonical,0,11,0.0,0.0
exp12_test_edit_08,test_edit,canonical,0,12,0.0,0.0
exp12_test_edit_08,test_edit,canonical,0,13,0.0,0.0
exp12_test_edit_08,test_edit,canonical,0,14,0.0,0.0
exp12_test_edit_08,test_edit,canonical,0,15,0.0,0.0
exp12_test_edit_08,test_edit,canonical,0,16,0.2128530889749527,0.20670635253190994
exp12_test_edit_08,test_edit,canonical,0,17,-0.002296142280101776,-0.0016952455043792725
exp12_test_edit_08,test_edit,canonical,0,18,0.008652463555335999,0.0048806071281433105
exp12_test_edit_08,test_edit,canonical,0,19,-0.024854034185409546,-0.023329854011535645
exp12_test_edit_08,test_edit,canonical,0,20,0.0,0.0
exp12_test_edit_08,test_edit,canonical,0,21,0.0,0.0
exp12_test_edit_08,test_edit,canonical,0,22,0.0,0.0
exp12_test_edit_08,test_edit,canonical,0,23,0.0,0.0
exp12_test_edit_08,test_edit,canonical,0,24,0.0,0.0
exp12_test_edit_08,test_edit,canonical,0,25,0.0,0.0
exp12_test_edit_08,test_edit,canonical,0,26,0.0,0.0
exp12_test_edit_08,test_edit,canonical,0,27,0.0,0.0
exp12_test_edit_08,test_edit,canonical,0,28,0.0,0.0
exp12_test_edit_08,test_edit,canonical,0,29,0.0,0.0
exp12_test_edit_08,test_edit,canonical,0,30,0.0,0.0
exp12_test_edit_08,test_edit,canonical,0,31,0.0,0.0
exp12_test_edit_08,test_edit,paraphrase,0,0,0.0,0.0
exp12_test_edit_08,test_edit,paraphrase,0,1,0.0,0.0
exp12_test_edit_08,test_edit,paraphrase,0,2,0.0,0.0
exp12_test_edit_08,test_edit,paraphrase,0,3,0.0,0.0
exp12_test_edit_08,test_edit,paraphrase,0,4,0.0,0.0
exp12_test_edit_08,test_edit,paraphrase,0,5,0.0,0.0
exp12_test_edit_08,test_edit,paraphrase,0,6,0.0,0.0
exp12_test_edit_08,test_edit,paraphrase,0,7,0.0,0.0
exp12_test_edit_08,test_edit,paraphrase,0,8,0.0,0.0
exp12_test_edit_08,test_edit,paraphrase,0,9,0.0,0.0
exp12_test_edit_08,test_edit,paraphrase,0,10,0.0,0.0
exp12_test_edit_08,test_edit,paraphrase,0,11,0.0,0.0
exp12_test_edit_08,test_edit,paraphrase,0,12,0.0,0.0
exp12_test_edit_08,test_edit,paraphrase,0,13,0.0,0.0
exp12_test_edit_08,test_edit,paraphrase,0,14,0.0,0.0
exp12_test_edit_08,test_edit,paraphrase,0,15,0.0,0.0
exp12_test_edit_08,test_edit,paraphrase,0,16,0.25267255306243896,0.24697986990213394
exp12_test_edit_08,test_edit,paraphrase,0,17,-0.0007637068629264832,-0.00263947993516922
exp12_test_edit_08,test_edit,paraphrase,0,18,0.01309087872505188,0.013299182057380676
exp12_test_edit_08,test_edit,paraphrase,0,19,-0.016447320580482483,-0.02155143767595291
exp12_test_edit_08,test_edit,paraphrase,0,20,0.0,0.0
exp12_test_edit_08,test_edit,paraphrase,0,21,0.0,0.0
exp12_test_edit_08,test_edit,paraphrase,0,22,0.0,0.0
exp12_test_edit_08,test_edit,paraphrase,0,23,0.0,0.0
exp12_test_edit_08,test_edit,paraphrase,0,24,0.0,0.0
exp12_test_edit_08,test_edit,paraphrase,0,25,0.0,0.0
exp12_test_edit_08,test_edit,paraphrase,0,26,0.0,0.0
exp12_test_edit_08,test_edit,paraphrase,0,27,0.0,0.0
exp12_test_edit_08,test_edit,paraphrase,0,28,0.0,0.0
exp12_test_edit_08,test_edit,paraphrase,0,29,0.0,0.0
exp12_test_edit_08,test_edit,paraphrase,0,30,0.0,0.0
exp12_test_edit_08,test_edit,paraphrase,0,31,0.0,0.0
exp12_test_edit_08,test_edit,canonical,1,0,-0.0,0.0
exp12_test_edit_08,test_edit,canonical,1,1,-0.0,0.0
exp12_test_edit_08,test_edit,canonical,1,2,-0.0,0.0
exp12_test_edit_08,test_edit,canonical,1,3,-0.0,0.0
exp12_test_edit_08,test_edit,canonical,1,4,-0.0,0.0
exp12_test_edit_08,test_edit,canonical,1,5,-0.0,0.0
exp12_test_edit_08,test_edit,canonical,1,6,-0.0,0.0
exp12_test_edit_08,test_edit,canonical,1,7,-0.0,0.0
exp12_test_edit_08,test_edit,canonical,1,8,-0.0,0.0
exp12_test_edit_08,test_edit,canonical,1,9,-0.0,0.0
exp12_test_edit_08,test_edit,canonical,1,10,-0.0,0.0
exp12_test_edit_08,test_edit,canonical,1,11,-0.0,0.0
exp12_test_edit_08,test_edit,canonical,1,12,-0.0,0.0
exp12_test_edit_08,test_edit,canonical,1,13,-0.0,0.0
exp12_test_edit_08,test_edit,canonical,1,14,-0.0,0.0
exp12_test_edit_08,test_edit,canonical,1,15,-0.0,0.0
exp12_test_edit_08,test_edit,canonical,1,16,0.14656899869441986,0.13975848257541656
exp12_test_edit_08,test_edit,canonical,1,17,-0.0007635056972503662,-0.001704573631286621
exp12_test_edit_08,test_edit,canonical,1,18,0.015871241688728333,0.010446816682815552
exp12_test_edit_08,test_edit,canonical,1,19,-0.0080803781747818,-0.016775459051132202
exp12_test_edit_08,test_edit,canonical,1,20,-0.0,0.0
exp12_test_edit_08,test_edit,canonical,1,21,-0.0,0.0
exp12_test_edit_08,test_edit,canonical,1,22,-0.0,0.0
exp12_test_edit_08,test_edit,canonical,1,23,-0.0,0.0
exp12_test_edit_08,test_edit,canonical,1,24,-0.0,0.0
exp12_test_edit_08,test_edit,canonical,1,25,-0.0,0.0
exp12_test_edit_08,test_edit,canonical,1,26,-0.0,0.0
exp12_test_edit_08,test_edit,canonical,1,27,-0.0,0.0
exp12_test_edit_08,test_edit,canonical,1,28,-0.0,0.0
exp12_test_edit_08,test_edit,canonical,1,29,-0.0,0.0
exp12_test_edit_08,test_edit,canonical,1,30,-0.0,0.0
exp12_test_edit_08,test_edit,canonical,1,31,-0.0,0.0
exp12_test_edit_08,test_edit,paraphrase,1,0,-0.0,0.0
exp12_test_edit_08,test_edit,paraphrase,1,1,-0.0,0.0
exp12_test_edit_08,test_edit,paraphrase,1,2,-0.0,0.0
exp12_test_edit_08,test_edit,paraphrase,1,3,-0.0,0.0
exp12_test_edit_08,test_edit,paraphrase,1,4,-0.0,0.0
exp12_test_edit_08,test_edit,paraphrase,1,5,-0.0,0.0
exp12_test_edit_08,test_edit,paraphrase,1,6,-0.0,0.0
exp12_test_edit_08,test_edit,paraphrase,1,7,-0.0,0.0
exp12_test_edit_08,test_edit,paraphrase,1,8,-0.0,0.0
exp12_test_edit_08,test_edit,paraphrase,1,9,-0.0,0.0
exp12_test_edit_08,test_edit,paraphrase,1,10,-0.0,0.0
exp12_test_edit_08,test_edit,paraphrase,1,11,-0.0,0.0
exp12_test_edit_08,test_edit,paraphrase,1,12,-0.0,0.0
exp12_test_edit_08,test_edit,paraphrase,1,13,-0.0,0.0
exp12_test_edit_08,test_edit,paraphrase,1,14,-0.0,0.0
exp12_test_edit_08,test_edit,paraphrase,1,15,-0.0,0.0
exp12_test_edit_08,test_edit,paraphrase,1,16,0.21681484580039978,0.21287119388580322
exp12_test_edit_08,test_edit,paraphrase,1,17,-0.006874591112136841,-0.0014905035495758057
exp12_test_edit_08,test_edit,paraphrase,1,18,0.0037640035152435303,0.009197115898132324
exp12_test_edit_08,test_edit,paraphrase,1,19,-0.031158894300460815,-0.04276350140571594
exp12_test_edit_08,test_edit,paraphrase,1,20,-0.0,0.0
exp12_test_edit_08,test_edit,paraphrase,1,21,-0.0,0.0
exp12_test_edit_08,test_edit,paraphrase,1,22,-0.0,0.0
exp12_test_edit_08,test_edit,paraphrase,1,23,-0.0,0.0
exp12_test_edit_08,test_edit,paraphrase,1,24,-0.0,0.0
exp12_test_edit_08,test_edit,paraphrase,1,25,-0.0,0.0
exp12_test_edit_08,test_edit,paraphrase,1,26,-0.0,0.0
exp12_test_edit_08,test_edit,paraphrase,1,27,-0.0,0.0
exp12_test_edit_08,test_edit,paraphrase,1,28,-0.0,0.0
exp12_test_edit_08,test_edit,paraphrase,1,29,-0.0,0.0
exp12_test_edit_08,test_edit,paraphrase,1,30,-0.0,0.0
exp12_test_edit_08,test_edit,paraphrase,1,31,-0.0,0.0
exp12_test_edit_09,test_edit,canonical,0,0,0.0,0.0
exp12_test_edit_09,test_edit,canonical,0,1,0.0,0.0
exp12_test_edit_09,test_edit,canonical,0,2,0.0,0.0
exp12_test_edit_09,test_edit,canonical,0,3,0.0,0.0
exp12_test_edit_09,test_edit,canonical,0,4,0.0,0.0
exp12_test_edit_09,test_edit,canonical,0,5,0.0,0.0
exp12_test_edit_09,test_edit,canonical,0,6,0.0,0.0
exp12_test_edit_09,test_edit,canonical,0,7,0.0,0.0
exp12_test_edit_09,test_edit,canonical,0,8,0.0,0.0
exp12_test_edit_09,test_edit,canonical,0,9,0.0,0.0
exp12_test_edit_09,test_edit,canonical,0,10,0.0,0.0
exp12_test_edit_09,test_edit,canonical,0,11,0.0,0.0
exp12_test_edit_09,test_edit,canonical,0,12,0.0,0.0
exp12_test_edit_09,test_edit,canonical,0,13,0.0,0.0
exp12_test_edit_09,test_edit,canonical,0,14,0.0,0.0
exp12_test_edit_09,test_edit,canonical,0,15,0.0,0.0
exp12_test_edit_09,test_edit,canonical,0,16,0.20170573145151138,0.19836020469665527
exp12_test_edit_09,test_edit,canonical,0,17,-0.0065932497382164,-0.0028384625911712646
exp12_test_edit_09,test_edit,canonical,0,18,0.007791481912136078,0.007100924849510193
exp12_test_edit_09,test_edit,canonical,0,19,-0.01881767064332962,-0.02125367522239685
exp12_test_edit_09,test_edit,canonical,0,20,0.0,0.0
exp12_test_edit_09,test_edit,canonical,0,21,0.0,0.0
exp12_test_edit_09,test_edit,canonical,0,22,0.0,0.0
exp12_test_edit_09,test_edit,canonical,0,23,0.0,0.0
exp12_test_edit_09,test_edit,canonical,0,24,0.0,0.0
exp12_test_edit_09,test_edit,canonical,0,25,0.0,0.0
exp12_test_edit_09,test_edit,canonical,0,26,0.0,0.0
exp12_test_edit_09,test_edit,canonical,0,27,0.0,0.0
exp12_test_edit_09,test_edit,canonical,0,28,0.0,0.0
exp12_test_edit_09,test_edit,canonical,0,29,0.0,0.0
exp12_test_edit_09,test_edit,canonical,0,30,0.0,0.0
exp12_test_edit_09,test_edit,canonical,0,31,0.0,0.0
exp12_test_edit_09,test_edit,paraphrase,0,0,0.0,0.0
exp12_test_edit_09,test_edit,paraphrase,0,1,0.0,0.0
exp12_test_edit_09,test_edit,paraphrase,0,2,0.0,0.0
exp12_test_edit_09,test_edit,paraphrase,0,3,0.0,0.0
exp12_test_edit_09,test_edit,paraphrase,0,4,0.0,0.0
exp12_test_edit_09,test_edit,paraphrase,0,5,0.0,0.0
exp12_test_edit_09,test_edit,paraphrase,0,6,0.0,0.0
exp12_test_edit_09,test_edit,paraphrase,0,7,0.0,0.0
exp12_test_edit_09,test_edit,paraphrase,0,8,0.0,0.0
exp12_test_edit_09,test_edit,paraphrase,0,9,0.0,0.0
exp12_test_edit_09,test_edit,paraphrase,0,10,0.0,0.0
exp12_test_edit_09,test_edit,paraphrase,0,11,0.0,0.0
exp12_test_edit_09,test_edit,paraphrase,0,12,0.0,0.0
exp12_test_edit_09,test_edit,paraphrase,0,13,0.0,0.0
exp12_test_edit_09,test_edit,paraphrase,0,14,0.0,0.0
exp12_test_edit_09,test_edit,paraphrase,0,15,0.0,0.0
exp12_test_edit_09,test_edit,paraphrase,0,16,0.2159804105758667,0.21619614213705063
exp12_test_edit_09,test_edit,paraphrase,0,17,-0.0007380247116088867,-0.0013866350054740906
exp12_test_edit_09,test_edit,paraphrase,0,18,0.008973203599452972,0.013095177710056305
exp12_test_edit_09,test_edit,paraphrase,0,19,-0.019793599843978882,-0.02653861790895462
exp12_test_edit_09,test_edit,paraphrase,0,20,0.0,0.0
exp12_test_edit_09,test_edit,paraphrase,0,21,0.0,0.0
exp12_test_edit_09,test_edit,paraphrase,0,22,0.0,0.0
exp12_test_edit_09,test_edit,paraphrase,0,23,0.0,0.0
exp12_test_edit_09,test_edit,paraphrase,0,24,0.0,0.0
exp12_test_edit_09,test_edit,paraphrase,0,25,0.0,0.0
exp12_test_edit_09,test_edit,paraphrase,0,26,0.0,0.0
exp12_test_edit_09,test_edit,paraphrase,0,27,0.0,0.0
exp12_test_edit_09,test_edit,paraphrase,0,28,0.0,0.0
exp12_test_edit_09,test_edit,paraphrase,0,29,0.0,0.0
exp12_test_edit_09,test_edit,paraphrase,0,30,0.0,0.0
exp12_test_edit_09,test_edit,paraphrase,0,31,0.0,0.0
exp12_test_edit_09,test_edit,canonical,1,0,-0.0,0.0
exp12_test_edit_09,test_edit,canonical,1,1,-0.0,0.0
exp12_test_edit_09,test_edit,canonical,1,2,-0.0,0.0
exp12_test_edit_09,test_edit,canonical,1,3,-0.0,0.0
exp12_test_edit_09,test_edit,canonical,1,4,-0.0,0.0
exp12_test_edit_09,test_edit,canonical,1,5,-0.0,0.0
exp12_test_edit_09,test_edit,canonical,1,6,-0.0,0.0
exp12_test_edit_09,test_edit,canonical,1,7,-0.0,0.0
exp12_test_edit_09,test_edit,canonical,1,8,-0.0,0.0
exp12_test_edit_09,test_edit,canonical,1,9,-0.0,0.0
exp12_test_edit_09,test_edit,canonical,1,10,-0.0,0.0
exp12_test_edit_09,test_edit,canonical,1,11,-0.0,0.0
exp12_test_edit_09,test_edit,canonical,1,12,-0.0,0.0
exp12_test_edit_09,test_edit,canonical,1,13,-0.0,0.0
exp12_test_edit_09,test_edit,canonical,1,14,-0.0,0.0
exp12_test_edit_09,test_edit,canonical,1,15,-0.0,0.0
exp12_test_edit_09,test_edit,canonical,1,16,0.1362289935350418,0.13930249214172363
exp12_test_edit_09,test_edit,canonical,1,17,-0.0012704730033874512,-0.001500546932220459
exp12_test_edit_09,test_edit,canonical,1,18,-0.0005479753017425537,0.0161573588848114
exp12_test_edit_09,test_edit,canonical,1,19,-0.01889011263847351,-0.022051483392715454
exp12_test_edit_09,test_edit,canonical,1,20,-0.0,0.0
exp12_test_edit_09,test_edit,canonical,1,21,-0.0,0.0
exp12_test_edit_09,test_edit,canonical,1,22,-0.0,0.0
exp12_test_edit_09,test_edit,canonical,1,23,-0.0,0.0
exp12_test_edit_09,test_edit,canonical,1,24,-0.0,0.0
exp12_test_edit_09,test_edit,canonical,1,25,-0.0,0.0
exp12_test_edit_09,test_edit,canonical,1,26,-0.0,0.0
exp12_test_edit_09,test_edit,canonical,1,27,-0.0,0.0
exp12_test_edit_09,test_edit,canonical,1,28,-0.0,0.0
exp12_test_edit_09,test_edit,canonical,1,29,-0.0,0.0
exp12_test_edit_09,test_edit,canonical,1,30,-0.0,0.0
exp12_test_edit_09,test_edit,canonical,1,31,-0.0,0.0
exp12_test_edit_09,test_edit,paraphrase,1,0,-0.0,0.0
exp12_test_edit_09,test_edit,paraphrase,1,1,-0.0,0.0
exp12_test_edit_09,test_edit,paraphrase,1,2,-0.0,0.0
exp12_test_edit_09,test_edit,paraphrase,1,3,-0.0,0.0
exp12_test_edit_09,test_edit,paraphrase,1,4,-0.0,0.0
exp12_test_edit_09,test_edit,paraphrase,1,5,-0.0,0.0
exp12_test_edit_09,test_edit,paraphrase,1,6,-0.0,0.0
exp12_test_edit_09,test_edit,paraphrase,1,7,-0.0,0.0
exp12_test_edit_09,test_edit,paraphrase,1,8,-0.0,0.0
exp12_test_edit_09,test_edit,paraphrase,1,9,-0.0,0.0
exp12_test_edit_09,test_edit,paraphrase,1,10,-0.0,0.0
exp12_test_edit_09,test_edit,paraphrase,1,11,-0.0,0.0
exp12_test_edit_09,test_edit,paraphrase,1,12,-0.0,0.0
exp12_test_edit_09,test_edit,paraphrase,1,13,-0.0,0.0
exp12_test_edit_09,test_edit,paraphrase,1,14,-0.0,0.0
exp12_test_edit_09,test_edit,paraphrase,1,15,-0.0,0.0
exp12_test_edit_09,test_edit,paraphrase,1,16,0.19029533863067627,0.17981815338134766
exp12_test_edit_09,test_edit,paraphrase,1,17,-4.5686960220336914e-05,-0.0070078372955322266
exp12_test_edit_09,test_edit,paraphrase,1,18,0.008987903594970703,0.004163950681686401
exp12_test_edit_09,test_edit,paraphrase,1,19,-0.024078011512756348,-0.04725274443626404
exp12_test_edit_09,test_edit,paraphrase,1,20,-0.0,0.0
exp12_test_edit_09,test_edit,paraphrase,1,21,-0.0,0.0
exp12_test_edit_09,test_edit,paraphrase,1,22,-0.0,0.0
exp12_test_edit_09,test_edit,paraphrase,1,23,-0.0,0.0
exp12_test_edit_09,test_edit,paraphrase,1,24,-0.0,0.0
exp12_test_edit_09,test_edit,paraphrase,1,25,-0.0,0.0
exp12_test_edit_09,test_edit,paraphrase,1,26,-0.0,0.0
exp12_test_edit_09,test_edit,paraphrase,1,27,-0.0,0.0
exp12_test_edit_09,test_edit,paraphrase,1,28,-0.0,0.0
exp12_test_edit_09,test_edit,paraphrase,1,29,-0.0,0.0
exp12_test_edit_09,test_edit,paraphrase,1,30,-0.0,0.0
exp12_test_edit_09,test_edit,paraphrase,1,31,-0.0,0.0
exp12_test_edit_15,test_edit,canonical,0,0,0.0,0.0
exp12_test_edit_15,test_edit,canonical,0,1,0.0,0.0
exp12_test_edit_15,test_edit,canonical,0,2,0.0,0.0
exp12_test_edit_15,test_edit,canonical,0,3,0.0,0.0
exp12_test_edit_15,test_edit,canonical,0,4,0.0,0.0
exp12_test_edit_15,test_edit,canonical,0,5,0.0,0.0
exp12_test_edit_15,test_edit,canonical,0,6,0.0,0.0
exp12_test_edit_15,test_edit,canonical,0,7,0.0,0.0
exp12_test_edit_15,test_edit,canonical,0,8,0.0,0.0
exp12_test_edit_15,test_edit,canonical,0,9,0.0,0.0
exp12_test_edit_15,test_edit,canonical,0,10,0.0,0.0
exp12_test_edit_15,test_edit,canonical,0,11,0.0,0.0
exp12_test_edit_15,test_edit,canonical,0,12,0.0,0.0
exp12_test_edit_15,test_edit,canonical,0,13,0.0,0.0
exp12_test_edit_15,test_edit,canonical,0,14,0.0,0.0
exp12_test_edit_15,test_edit,canonical,0,15,0.0,0.0
exp12_test_edit_15,test_edit,canonical,0,16,0.2312687337398529,0.23084622621536255
exp12_test_edit_15,test_edit,canonical,0,17,-0.003125131130218506,-0.0031604617834091187
exp12_test_edit_15,test_edit,canonical,0,18,0.007142961025238037,0.012559071183204651
exp12_test_edit_15,test_edit,canonical,0,19,-0.017970815300941467,-0.017328321933746338
exp12_test_edit_15,test_edit,canonical,0,20,0.0,0.0
exp12_test_edit_15,test_edit,canonical,0,21,0.0,0.0
exp12_test_edit_15,test_edit,canonical,0,22,0.0,0.0
exp12_test_edit_15,test_edit,canonical,0,23,0.0,0.0
exp12_test_edit_15,test_edit,canonical,0,24,0.0,0.0
exp12_test_edit_15,test_edit,canonical,0,25,0.0,0.0
exp12_test_edit_15,test_edit,canonical,0,26,0.0,0.0
exp12_test_edit_15,test_edit,canonical,0,27,0.0,0.0
exp12_test_edit_15,test_edit,canonical,0,28,0.0,0.0
exp12_test_edit_15,test_edit,canonical,0,29,0.0,0.0
exp12_test_edit_15,test_edit,canonical,0,30,0.0,0.0
exp12_test_edit_15,test_edit,canonical,0,31,0.0,0.0
exp12_test_edit_15,test_edit,paraphrase,0,0,0.0,0.0
exp12_test_edit_15,test_edit,paraphrase,0,1,0.0,0.0
exp12_test_edit_15,test_edit,paraphrase,0,2,0.0,0.0
exp12_test_edit_15,test_edit,paraphrase,0,3,0.0,0.0
exp12_test_edit_15,test_edit,paraphrase,0,4,0.0,0.0
exp12_test_edit_15,test_edit,paraphrase,0,5,0.0,0.0
exp12_test_edit_15,test_edit,paraphrase,0,6,0.0,0.0
exp12_test_edit_15,test_edit,paraphrase,0,7,0.0,0.0
exp12_test_edit_15,test_edit,paraphrase,0,8,0.0,0.0
exp12_test_edit_15,test_edit,paraphrase,0,9,0.0,0.0
exp12_test_edit_15,test_edit,paraphrase,0,10,0.0,0.0
exp12_test_edit_15,test_edit,paraphrase,0,11,0.0,0.0
exp12_test_edit_15,test_edit,paraphrase,0,12,0.0,0.0
exp12_test_edit_15,test_edit,paraphrase,0,13,0.0,0.0
exp12_test_edit_15,test_edit,paraphrase,0,14,0.0,0.0
exp12_test_edit_15,test_edit,paraphrase,0,15,0.0,0.0
exp12_test_edit_15,test_edit,paraphrase,0,16,0.24204741418361664,0.2343171089887619
exp12_test_edit_15,test_edit,paraphrase,0,17,-0.0007717162370681763,-0.004430919885635376
exp12_test_edit_15,test_edit,paraphrase,0,18,0.00780196487903595,0.010949835181236267
exp12_test_edit_15,test_edit,paraphrase,0,19,-0.02221357822418213,-0.024990692734718323
exp12_test_edit_15,test_edit,paraphrase,0,20,0.0,0.0
exp12_test_edit_15,test_edit,paraphrase,0,21,0.0,0.0
exp12_test_edit_15,test_edit,paraphrase,0,22,0.0,0.0
exp12_test_edit_15,test_edit,paraphrase,0,23,0.0,0.0
exp12_test_edit_15,test_edit,paraphrase,0,24,0.0,0.0
exp12_test_edit_15,test_edit,paraphrase,0,25,0.0,0.0
exp12_test_edit_15,test_edit,paraphrase,0,26,0.0,0.0
exp12_test_edit_15,test_edit,paraphrase,0,27,0.0,0.0
exp12_test_edit_15,test_edit,paraphrase,0,28,0.0,0.0
exp12_test_edit_15,test_edit,paraphrase,0,29,0.0,0.0
exp12_test_edit_15,test_edit,paraphrase,0,30,0.0,0.0
exp12_test_edit_15,test_edit,paraphrase,0,31,0.0,0.0
exp12_test_edit_15,test_edit,canonical,1,0,-0.0,0.0
exp12_test_edit_15,test_edit,canonical,1,1,-0.0,0.0
exp12_test_edit_15,test_edit,canonical,1,2,-0.0,0.0
exp12_test_edit_15,test_edit,canonical,1,3,-0.0,0.0
exp12_test_edit_15,test_edit,canonical,1,4,-0.0,0.0
exp12_test_edit_15,test_edit,canonical,1,5,-0.0,0.0
exp12_test_edit_15,test_edit,canonical,1,6,-0.0,0.0
exp12_test_edit_15,test_edit,canonical,1,7,-0.0,0.0
exp12_test_edit_15,test_edit,canonical,1,8,-0.0,0.0
exp12_test_edit_15,test_edit,canonical,1,9,-0.0,0.0
exp12_test_edit_15,test_edit,canonical,1,10,-0.0,0.0
exp12_test_edit_15,test_edit,canonical,1,11,-0.0,0.0
exp12_test_edit_15,test_edit,canonical,1,12,-0.0,0.0
exp12_test_edit_15,test_edit,canonical,1,13,-0.0,0.0
exp12_test_edit_15,test_edit,canonical,1,14,-0.0,0.0
exp12_test_edit_15,test_edit,canonical,1,15,-0.0,0.0
exp12_test_edit_15,test_edit,canonical,1,16,0.13579225540161133,0.13834449648857117
exp12_test_edit_15,test_edit,canonical,1,17,-0.000783383846282959,-0.00572541356086731
exp12_test_edit_15,test_edit,canonical,1,18,0.003200829029083252,0.011583477258682251
exp12_test_edit_15,test_edit,canonical,1,19,-0.02013052999973297,-0.02283748984336853
exp12_test_edit_15,test_edit,canonical,1,20,-0.0,0.0
exp12_test_edit_15,test_edit,canonical,1,21,-0.0,0.0
exp12_test_edit_15,test_edit,canonical,1,22,-0.0,0.0
exp12_test_edit_15,test_edit,canonical,1,23,-0.0,0.0
exp12_test_edit_15,test_edit,canonical,1,24,-0.0,0.0
exp12_test_edit_15,test_edit,canonical,1,25,-0.0,0.0
exp12_test_edit_15,test_edit,canonical,1,26,-0.0,0.0
exp12_test_edit_15,test_edit,canonical,1,27,-0.0,0.0
exp12_test_edit_15,test_edit,canonical,1,28,-0.0,0.0
exp12_test_edit_15,test_edit,canonical,1,29,-0.0,0.0
exp12_test_edit_15,test_edit,canonical,1,30,-0.0,0.0
exp12_test_edit_15,test_edit,canonical,1,31,-0.0,0.0
exp12_test_edit_15,test_edit,paraphrase,1,0,-0.0,0.0
exp12_test_edit_15,test_edit,paraphrase,1,1,-0.0,0.0
exp12_test_edit_15,test_edit,paraphrase,1,2,-0.0,0.0
exp12_test_edit_15,test_edit,paraphrase,1,3,-0.0,0.0
exp12_test_edit_15,test_edit,paraphrase,1,4,-0.0,0.0
exp12_test_edit_15,test_edit,paraphrase,1,5,-0.0,0.0
exp12_test_edit_15,test_edit,paraphrase,1,6,-0.0,0.0
exp12_test_edit_15,test_edit,paraphrase,1,7,-0.0,0.0
exp12_test_edit_15,test_edit,paraphrase,1,8,-0.0,0.0
exp12_test_edit_15,test_edit,paraphrase,1,9,-0.0,0.0
exp12_test_edit_15,test_edit,paraphrase,1,10,-0.0,0.0
exp12_test_edit_15,test_edit,paraphrase,1,11,-0.0,0.0
exp12_test_edit_15,test_edit,paraphrase,1,12,-0.0,0.0
exp12_test_edit_15,test_edit,paraphrase,1,13,-0.0,0.0
exp12_test_edit_15,test_edit,paraphrase,1,14,-0.0,0.0
exp12_test_edit_15,test_edit,paraphrase,1,15,-0.0,0.0
exp12_test_edit_15,test_edit,paraphrase,1,16,0.20371201634407043,0.19364705681800842
exp12_test_edit_15,test_edit,paraphrase,1,17,-0.00024881958961486816,-0.0008631050586700439
exp12_test_edit_15,test_edit,paraphrase,1,18,0.008879661560058594,0.00995662808418274
exp12_test_edit_15,test_edit,paraphrase,1,19,-0.024281233549118042,-0.042795419692993164
exp12_test_edit_15,test_edit,paraphrase,1,20,-0.0,0.0
exp12_test_edit_15,test_edit,paraphrase,1,21,-0.0,0.0
exp12_test_edit_15,test_edit,paraphrase,1,22,-0.0,0.0
exp12_test_edit_15,test_edit,paraphrase,1,23,-0.0,0.0
exp12_test_edit_15,test_edit,paraphrase,1,24,-0.0,0.0
exp12_test_edit_15,test_edit,paraphrase,1,25,-0.0,0.0
exp12_test_edit_15,test_edit,paraphrase,1,26,-0.0,0.0
exp12_test_edit_15,test_edit,paraphrase,1,27,-0.0,0.0
exp12_test_edit_15,test_edit,paraphrase,1,28,-0.0,0.0
exp12_test_edit_15,test_edit,paraphrase,1,29,-0.0,0.0
exp12_test_edit_15,test_edit,paraphrase,1,30,-0.0,0.0
exp12_test_edit_15,test_edit,paraphrase,1,31,-0.0,0.0
exp12_search_edit_01,search_edit,canonical,0,0,0.0,0.0
exp12_search_edit_01,search_edit,canonical,0,1,0.0,0.0
exp12_search_edit_01,search_edit,canonical,0,2,0.0,0.0
exp12_search_edit_01,search_edit,canonical,0,3,0.0,0.0
exp12_search_edit_01,search_edit,canonical,0,4,0.0,0.0
exp12_search_edit_01,search_edit,canonical,0,5,0.0,0.0
exp12_search_edit_01,search_edit,canonical,0,6,0.0,0.0
exp12_search_edit_01,search_edit,canonical,0,7,0.0,0.0
exp12_search_edit_01,search_edit,canonical,0,8,0.0,0.0
exp12_search_edit_01,search_edit,canonical,0,9,0.0,0.0
exp12_search_edit_01,search_edit,canonical,0,10,0.0,0.0
exp12_search_edit_01,search_edit,canonical,0,11,0.0,0.0
exp12_search_edit_01,search_edit,canonical,0,12,0.0,0.0
exp12_search_edit_01,search_edit,canonical,0,13,0.0,0.0
exp12_search_edit_01,search_edit,canonical,0,14,0.0,0.0
exp12_search_edit_01,search_edit,canonical,0,15,0.0,0.0
exp12_search_edit_01,search_edit,canonical,0,16,0.14292770624160767,0.1358863115310669
exp12_search_edit_01,search_edit,canonical,0,17,0.006253480911254883,-0.007814466953277588
exp12_search_edit_01,search_edit,canonical,0,18,0.02578413486480713,0.01873236894607544
exp12_search_edit_01,search_edit,canonical,0,19,-0.01014012098312378,-0.023328661918640137
exp12_search_edit_01,search_edit,canonical,0,20,0.0,0.0
exp12_search_edit_01,search_edit,canonical,0,21,0.0,0.0
exp12_search_edit_01,search_edit,canonical,0,22,0.0,0.0
exp12_search_edit_01,search_edit,canonical,0,23,0.0,0.0
exp12_search_edit_01,search_edit,canonical,0,24,0.0,0.0
exp12_search_edit_01,search_edit,canonical,0,25,0.0,0.0
exp12_search_edit_01,search_edit,canonical,0,26,0.0,0.0
exp12_search_edit_01,search_edit,canonical,0,27,0.0,0.0
exp12_search_edit_01,search_edit,canonical,0,28,0.0,0.0
exp12_search_edit_01,search_edit,canonical,0,29,0.0,0.0
exp12_search_edit_01,search_edit,canonical,0,30,0.0,0.0
exp12_search_edit_01,search_edit,canonical,0,31,0.0,0.0
exp12_search_edit_01,search_edit,paraphrase,0,0,0.0,0.0
exp12_search_edit_01,search_edit,paraphrase,0,1,0.0,0.0
exp12_search_edit_01,search_edit,paraphrase,0,2,0.0,0.0
exp12_search_edit_01,search_edit,paraphrase,0,3,0.0,0.0
exp12_search_edit_01,search_edit,paraphrase,0,4,0.0,0.0
exp12_search_edit_01,search_edit,paraphrase,0,5,0.0,0.0
exp12_search_edit_01,search_edit,paraphrase,0,6,0.0,0.0
exp12_search_edit_01,search_edit,paraphrase,0,7,0.0,0.0
exp12_search_edit_01,search_edit,paraphrase,0,8,0.0,0.0
exp12_search_edit_01,search_edit,paraphrase,0,9,0.0,0.0
exp12_search_edit_01,search_edit,paraphrase,0,10,0.0,0.0
exp12_search_edit_01,search_edit,paraphrase,0,11,0.0,0.0
exp12_search_edit_01,search_edit,paraphrase,0,12,0.0,0.0
exp12_search_edit_01,search_edit,paraphrase,0,13,0.0,0.0
exp12_search_edit_01,search_edit,paraphrase,0,14,0.0,0.0
exp12_search_edit_01,search_edit,paraphrase,0,15,0.0,0.0
exp12_search_edit_01,search_edit,paraphrase,0,16,0.11862224340438843,0.1263987421989441
exp12_search_edit_01,search_edit,paraphrase,0,17,-0.0015610754489898682,-0.0015617012977600098
exp12_search_edit_01,search_edit,paraphrase,0,18,0.018715202808380127,0.017158299684524536
exp12_search_edit_01,search_edit,paraphrase,0,19,-0.029648631811141968,-0.029659807682037354
exp12_search_edit_01,search_edit,paraphrase,0,20,0.0,0.0
exp12_search_edit_01,search_edit,paraphrase,0,21,0.0,0.0
exp12_search_edit_01,search_edit,paraphrase,0,22,0.0,0.0
exp12_search_edit_01,search_edit,paraphrase,0,23,0.0,0.0
exp12_search_edit_01,search_edit,paraphrase,0,24,0.0,0.0
exp12_search_edit_01,search_edit,paraphrase,0,25,0.0,0.0
exp12_search_edit_01,search_edit,paraphrase,0,26,0.0,0.0
exp12_search_edit_01,search_edit,paraphrase,0,27,0.0,0.0
exp12_search_edit_01,search_edit,paraphrase,0,28,0.0,0.0
exp12_search_edit_01,search_edit,paraphrase,0,29,0.0,0.0
exp12_search_edit_01,search_edit,paraphrase,0,30,0.0,0.0
exp12_search_edit_01,search_edit,paraphrase,0,31,0.0,0.0
exp12_search_edit_01,search_edit,canonical,1,0,-0.0,0.0
exp12_search_edit_01,search_edit,canonical,1,1,-0.0,0.0
exp12_search_edit_01,search_edit,canonical,1,2,-0.0,0.0
exp12_search_edit_01,search_edit,canonical,1,3,-0.0,0.0
exp12_search_edit_01,search_edit,canonical,1,4,-0.0,0.0
exp12_search_edit_01,search_edit,canonical,1,5,-0.0,0.0
exp12_search_edit_01,search_edit,canonical,1,6,-0.0,0.0
exp12_search_edit_01,search_edit,canonical,1,7,-0.0,0.0
exp12_search_edit_01,search_edit,canonical,1,8,-0.0,0.0
exp12_search_edit_01,search_edit,canonical,1,9,-0.0,0.0
exp12_search_edit_01,search_edit,canonical,1,10,-0.0,0.0
exp12_search_edit_01,search_edit,canonical,1,11,-0.0,0.0
exp12_search_edit_01,search_edit,canonical,1,12,-0.0,0.0
exp12_search_edit_01,search_edit,canonical,1,13,-0.0,0.0
exp12_search_edit_01,search_edit,canonical,1,14,-0.0,0.0
exp12_search_edit_01,search_edit,canonical,1,15,-0.0,0.0
exp12_search_edit_01,search_edit,canonical,1,16,0.20065069198608398,0.20275431871414185
exp12_search_edit_01,search_edit,canonical,1,17,-0.00456082820892334,0.0004905164241790771
exp12_search_edit_01,search_edit,canonical,1,18,0.017197906970977783,0.027007460594177246
exp12_search_edit_01,search_edit,canonical,1,19,-0.030057713389396667,-0.020441651344299316
exp12_search_edit_01,search_edit,canonical,1,20,-0.0,0.0
exp12_search_edit_01,search_edit,canonical,1,21,-0.0,0.0
exp12_search_edit_01,search_edit,canonical,1,22,-0.0,0.0
exp12_search_edit_01,search_edit,canonical,1,23,-0.0,0.0
exp12_search_edit_01,search_edit,canonical,1,24,-0.0,0.0
exp12_search_edit_01,search_edit,canonical,1,25,-0.0,0.0
exp12_search_edit_01,search_edit,canonical,1,26,-0.0,0.0
exp12_search_edit_01,search_edit,canonical,1,27,-0.0,0.0
exp12_search_edit_01,search_edit,canonical,1,28,-0.0,0.0
exp12_search_edit_01,search_edit,canonical,1,29,-0.0,0.0
exp12_search_edit_01,search_edit,canonical,1,30,-0.0,0.0
exp12_search_edit_01,search_edit,canonical,1,31,-0.0,0.0
exp12_search_edit_01,search_edit,paraphrase,1,0,-0.0,0.0
exp12_search_edit_01,search_edit,paraphrase,1,1,-0.0,0.0
exp12_search_edit_01,search_edit,paraphrase,1,2,-0.0,0.0
exp12_search_edit_01,search_edit,paraphrase,1,3,-0.0,0.0
exp12_search_edit_01,search_edit,paraphrase,1,4,-0.0,0.0
exp12_search_edit_01,search_edit,paraphrase,1,5,-0.0,0.0
exp12_search_edit_01,search_edit,paraphrase,1,6,-0.0,0.0
exp12_search_edit_01,search_edit,paraphrase,1,7,-0.0,0.0
exp12_search_edit_01,search_edit,paraphrase,1,8,-0.0,0.0
exp12_search_edit_01,search_edit,paraphrase,1,9,-0.0,0.0
exp12_search_edit_01,search_edit,paraphrase,1,10,-0.0,0.0
exp12_search_edit_01,search_edit,paraphrase,1,11,-0.0,0.0
exp12_search_edit_01,search_edit,paraphrase,1,12,-0.0,0.0
exp12_search_edit_01,search_edit,paraphrase,1,13,-0.0,0.0
exp12_search_edit_01,search_edit,paraphrase,1,14,-0.0,0.0
exp12_search_edit_01,search_edit,paraphrase,1,15,-0.0,0.0
exp12_search_edit_01,search_edit,paraphrase,1,16,0.1784648820757866,0.18011607974767685
exp12_search_edit_01,search_edit,paraphrase,1,17,-0.0014691948890686035,0.0004817545413970947
exp12_search_edit_01,search_edit,paraphrase,1,18,0.01713448017835617,0.020179450511932373
exp12_search_edit_01,search_edit,paraphrase,1,19,-0.023272186517715454,-0.03656545281410217
exp12_search_edit_01,search_edit,paraphrase,1,20,-0.0,0.0
exp12_search_edit_01,search_edit,paraphrase,1,21,-0.0,0.0
exp12_search_edit_01,search_edit,paraphrase,1,22,-0.0,0.0
exp12_search_edit_01,search_edit,paraphrase,1,23,-0.0,0.0
exp12_search_edit_01,search_edit,paraphrase,1,24,-0.0,0.0
exp12_search_edit_01,search_edit,paraphrase,1,25,-0.0,0.0
exp12_search_edit_01,search_edit,paraphrase,1,26,-0.0,0.0
exp12_search_edit_01,search_edit,paraphrase,1,27,-0.0,0.0
exp12_search_edit_01,search_edit,paraphrase,1,28,-0.0,0.0
exp12_search_edit_01,search_edit,paraphrase,1,29,-0.0,0.0
exp12_search_edit_01,search_edit,paraphrase,1,30,-0.0,0.0
exp12_search_edit_01,search_edit,paraphrase,1,31,-0.0,0.0
exp12_search_edit_03,search_edit,canonical,0,0,0.0,0.0
exp12_search_edit_03,search_edit,canonical,0,1,0.0,0.0
exp12_search_edit_03,search_edit,canonical,0,2,0.0,0.0
exp12_search_edit_03,search_edit,canonical,0,3,0.0,0.0
exp12_search_edit_03,search_edit,canonical,0,4,0.0,0.0
exp12_search_edit_03,search_edit,canonical,0,5,0.0,0.0
exp12_search_edit_03,search_edit,canonical,0,6,0.0,0.0
exp12_search_edit_03,search_edit,canonical,0,7,0.0,0.0
exp12_search_edit_03,search_edit,canonical,0,8,0.0,0.0
exp12_search_edit_03,search_edit,canonical,0,9,0.0,0.0
exp12_search_edit_03,search_edit,canonical,0,10,0.0,0.0
exp12_search_edit_03,search_edit,canonical,0,11,0.0,0.0
exp12_search_edit_03,search_edit,canonical,0,12,0.0,0.0
exp12_search_edit_03,search_edit,canonical,0,13,0.0,0.0
exp12_search_edit_03,search_edit,canonical,0,14,0.0,0.0
exp12_search_edit_03,search_edit,canonical,0,15,0.0,0.0
exp12_search_edit_03,search_edit,canonical,0,16,0.12637275457382202,0.1249268651008606
exp12_search_edit_03,search_edit,canonical,0,17,6.556510925292969e-07,4.172325134277344e-06
exp12_search_edit_03,search_edit,canonical,0,18,0.016323566436767578,0.017744600772857666
exp12_search_edit_03,search_edit,canonical,0,19,-0.009943008422851562,-0.019178450107574463
exp12_search_edit_03,search_edit,canonical,0,20,0.0,0.0
exp12_search_edit_03,search_edit,canonical,0,21,0.0,0.0
exp12_search_edit_03,search_edit,canonical,0,22,0.0,0.0
exp12_search_edit_03,search_edit,canonical,0,23,0.0,0.0
exp12_search_edit_03,search_edit,canonical,0,24,0.0,0.0
exp12_search_edit_03,search_edit,canonical,0,25,0.0,0.0
exp12_search_edit_03,search_edit,canonical,0,26,0.0,0.0
exp12_search_edit_03,search_edit,canonical,0,27,0.0,0.0
exp12_search_edit_03,search_edit,canonical,0,28,0.0,0.0
exp12_search_edit_03,search_edit,canonical,0,29,0.0,0.0
exp12_search_edit_03,search_edit,canonical,0,30,0.0,0.0
exp12_search_edit_03,search_edit,canonical,0,31,0.0,0.0
exp12_search_edit_03,search_edit,paraphrase,0,0,0.0,0.0
exp12_search_edit_03,search_edit,paraphrase,0,1,0.0,0.0
exp12_search_edit_03,search_edit,paraphrase,0,2,0.0,0.0
exp12_search_edit_03,search_edit,paraphrase,0,3,0.0,0.0
exp12_search_edit_03,search_edit,paraphrase,0,4,0.0,0.0
exp12_search_edit_03,search_edit,paraphrase,0,5,0.0,0.0
exp12_search_edit_03,search_edit,paraphrase,0,6,0.0,0.0
exp12_search_edit_03,search_edit,paraphrase,0,7,0.0,0.0
exp12_search_edit_03,search_edit,paraphrase,0,8,0.0,0.0
exp12_search_edit_03,search_edit,paraphrase,0,9,0.0,0.0
exp12_search_edit_03,search_edit,paraphrase,0,10,0.0,0.0
exp12_search_edit_03,search_edit,paraphrase,0,11,0.0,0.0
exp12_search_edit_03,search_edit,paraphrase,0,12,0.0,0.0
exp12_search_edit_03,search_edit,paraphrase,0,13,0.0,0.0
exp12_search_edit_03,search_edit,paraphrase,0,14,0.0,0.0
exp12_search_edit_03,search_edit,paraphrase,0,15,0.0,0.0
exp12_search_edit_03,search_edit,paraphrase,0,16,0.13409006595611572,0.13548696041107178
exp12_search_edit_03,search_edit,paraphrase,0,17,-0.007769286632537842,7.867813110351562e-06
exp12_search_edit_03,search_edit,paraphrase,0,18,0.009942770004272461,0.017725586891174316
exp12_search_edit_03,search_edit,paraphrase,0,19,-0.03543984889984131,-0.029009580612182617
exp12_search_edit_03,search_edit,paraphrase,0,20,0.0,0.0
exp12_search_edit_03,search_edit,paraphrase,0,21,0.0,0.0
exp12_search_edit_03,search_edit,paraphrase,0,22,0.0,0.0
exp12_search_edit_03,search_edit,paraphrase,0,23,0.0,0.0
exp12_search_edit_03,search_edit,paraphrase,0,24,0.0,0.0
exp12_search_edit_03,search_edit,paraphrase,0,25,0.0,0.0
exp12_search_edit_03,search_edit,paraphrase,0,26,0.0,0.0
exp12_search_edit_03,search_edit,paraphrase,0,27,0.0,0.0
exp12_search_edit_03,search_edit,paraphrase,0,28,0.0,0.0
exp12_search_edit_03,search_edit,paraphrase,0,29,0.0,0.0
exp12_search_edit_03,search_edit,paraphrase,0,30,0.0,0.0
exp12_search_edit_03,search_edit,paraphrase,0,31,0.0,0.0
exp12_search_edit_03,search_edit,canonical,1,0,-0.0,0.0
exp12_search_edit_03,search_edit,canonical,1,1,-0.0,0.0
exp12_search_edit_03,search_edit,canonical,1,2,-0.0,0.0
exp12_search_edit_03,search_edit,canonical,1,3,-0.0,0.0
exp12_search_edit_03,search_edit,canonical,1,4,-0.0,0.0
exp12_search_edit_03,search_edit,canonical,1,5,-0.0,0.0
exp12_search_edit_03,search_edit,canonical,1,6,-0.0,0.0
exp12_search_edit_03,search_edit,canonical,1,7,-0.0,0.0
exp12_search_edit_03,search_edit,canonical,1,8,-0.0,0.0
exp12_search_edit_03,search_edit,canonical,1,9,-0.0,0.0
exp12_search_edit_03,search_edit,canonical,1,10,-0.0,0.0
exp12_search_edit_03,search_edit,canonical,1,11,-0.0,0.0
exp12_search_edit_03,search_edit,canonical,1,12,-0.0,0.0
exp12_search_edit_03,search_edit,canonical,1,13,-0.0,0.0
exp12_search_edit_03,search_edit,canonical,1,14,-0.0,0.0
exp12_search_edit_03,search_edit,canonical,1,15,-0.0,0.0
exp12_search_edit_03,search_edit,canonical,1,16,0.18789035081863403,0.1821400225162506
exp12_search_edit_03,search_edit,canonical,1,17,-5.692243576049805e-06,-0.0010194778442382812
exp12_search_edit_03,search_edit,canonical,1,18,0.020856261253356934,0.02361103892326355
exp12_search_edit_03,search_edit,canonical,1,19,-0.01797977089881897,-0.025628387928009033
exp12_search_edit_03,search_edit,canonical,1,20,-0.0,0.0
exp12_search_edit_03,search_edit,canonical,1,21,-0.0,0.0
exp12_search_edit_03,search_edit,canonical,1,22,-0.0,0.0
exp12_search_edit_03,search_edit,canonical,1,23,-0.0,0.0
exp12_search_edit_03,search_edit,canonical,1,24,-0.0,0.0
exp12_search_edit_03,search_edit,canonical,1,25,-0.0,0.0
exp12_search_edit_03,search_edit,canonical,1,26,-0.0,0.0
exp12_search_edit_03,search_edit,canonical,1,27,-0.0,0.0
exp12_search_edit_03,search_edit,canonical,1,28,-0.0,0.0
exp12_search_edit_03,search_edit,canonical,1,29,-0.0,0.0
exp12_search_edit_03,search_edit,canonical,1,30,-0.0,0.0
exp12_search_edit_03,search_edit,canonical,1,31,-0.0,0.0
exp12_search_edit_03,search_edit,paraphrase,1,0,-0.0,0.0
exp12_search_edit_03,search_edit,paraphrase,1,1,-0.0,0.0
exp12_search_edit_03,search_edit,paraphrase,1,2,-0.0,0.0
exp12_search_edit_03,search_edit,paraphrase,1,3,-0.0,0.0
exp12_search_edit_03,search_edit,paraphrase,1,4,-0.0,0.0
exp12_search_edit_03,search_edit,paraphrase,1,5,-0.0,0.0
exp12_search_edit_03,search_edit,paraphrase,1,6,-0.0,0.0
exp12_search_edit_03,search_edit,paraphrase,1,7,-0.0,0.0
exp12_search_edit_03,search_edit,paraphrase,1,8,-0.0,0.0
exp12_search_edit_03,search_edit,paraphrase,1,9,-0.0,0.0
exp12_search_edit_03,search_edit,paraphrase,1,10,-0.0,0.0
exp12_search_edit_03,search_edit,paraphrase,1,11,-0.0,0.0
exp12_search_edit_03,search_edit,paraphrase,1,12,-0.0,0.0
exp12_search_edit_03,search_edit,paraphrase,1,13,-0.0,0.0
exp12_search_edit_03,search_edit,paraphrase,1,14,-0.0,0.0
exp12_search_edit_03,search_edit,paraphrase,1,15,-0.0,0.0
exp12_search_edit_03,search_edit,paraphrase,1,16,0.16772649437189102,0.1639424003660679
exp12_search_edit_03,search_edit,paraphrase,1,17,-6.411224603652954e-05,-1.564621925354004e-06
exp12_search_edit_03,search_edit,paraphrase,1,18,0.004892926663160324,0.017094507813453674
exp12_search_edit_03,search_edit,paraphrase,1,19,-0.02198205143213272,-0.03674357384443283
exp12_search_edit_03,search_edit,paraphrase,1,20,-0.0,0.0
exp12_search_edit_03,search_edit,paraphrase,1,21,-0.0,0.0
exp12_search_edit_03,search_edit,paraphrase,1,22,-0.0,0.0
exp12_search_edit_03,search_edit,paraphrase,1,23,-0.0,0.0
exp12_search_edit_03,search_edit,paraphrase,1,24,-0.0,0.0
exp12_search_edit_03,search_edit,paraphrase,1,25,-0.0,0.0
exp12_search_edit_03,search_edit,paraphrase,1,26,-0.0,0.0
exp12_search_edit_03,search_edit,paraphrase,1,27,-0.0,0.0
exp12_search_edit_03,search_edit,paraphrase,1,28,-0.0,0.0
exp12_search_edit_03,search_edit,paraphrase,1,29,-0.0,0.0
exp12_search_edit_03,search_edit,paraphrase,1,30,-0.0,0.0
exp12_search_edit_03,search_edit,paraphrase,1,31,-0.0,0.0
exp12_search_edit_05,search_edit,canonical,0,0,0.0,0.0
exp12_search_edit_05,search_edit,canonical,0,1,0.0,0.0
exp12_search_edit_05,search_edit,canonical,0,2,0.0,0.0
exp12_search_edit_05,search_edit,canonical,0,3,0.0,0.0
exp12_search_edit_05,search_edit,canonical,0,4,0.0,0.0
exp12_search_edit_05,search_edit,canonical,0,5,0.0,0.0
exp12_search_edit_05,search_edit,canonical,0,6,0.0,0.0
exp12_search_edit_05,search_edit,canonical,0,7,0.0,0.0
exp12_search_edit_05,search_edit,canonical,0,8,0.0,0.0
exp12_search_edit_05,search_edit,canonical,0,9,0.0,0.0
exp12_search_edit_05,search_edit,canonical,0,10,0.0,0.0
exp12_search_edit_05,search_edit,canonical,0,11,0.0,0.0
exp12_search_edit_05,search_edit,canonical,0,12,0.0,0.0
exp12_search_edit_05,search_edit,canonical,0,13,0.0,0.0
exp12_search_edit_05,search_edit,canonical,0,14,0.0,0.0
exp12_search_edit_05,search_edit,canonical,0,15,0.0,0.0
exp12_search_edit_05,search_edit,canonical,0,16,0.14521574974060059,0.134283185005188
exp12_search_edit_05,search_edit,canonical,0,17,1.4662742614746094e-05,-2.2292137145996094e-05
exp12_search_edit_05,search_edit,canonical,0,18,0.028069257736206055,0.018735826015472412
exp12_search_edit_05,search_edit,canonical,0,19,-0.017169415950775146,-0.01872915029525757
exp12_search_edit_05,search_edit,canonical,0,20,0.0,0.0
exp12_search_edit_05,search_edit,canonical,0,21,0.0,0.0
exp12_search_edit_05,search_edit,canonical,0,22,0.0,0.0
exp12_search_edit_05,search_edit,canonical,0,23,0.0,0.0
exp12_search_edit_05,search_edit,canonical,0,24,0.0,0.0
exp12_search_edit_05,search_edit,canonical,0,25,0.0,0.0
exp12_search_edit_05,search_edit,canonical,0,26,0.0,0.0
exp12_search_edit_05,search_edit,canonical,0,27,0.0,0.0
exp12_search_edit_05,search_edit,canonical,0,28,0.0,0.0
exp12_search_edit_05,search_edit,canonical,0,29,0.0,0.0
exp12_search_edit_05,search_edit,canonical,0,30,0.0,0.0
exp12_search_edit_05,search_edit,canonical,0,31,0.0,0.0
exp12_search_edit_05,search_edit,paraphrase,0,0,0.0,0.0
exp12_search_edit_05,search_edit,paraphrase,0,1,0.0,0.0
exp12_search_edit_05,search_edit,paraphrase,0,2,0.0,0.0
exp12_search_edit_05,search_edit,paraphrase,0,3,0.0,0.0
exp12_search_edit_05,search_edit,paraphrase,0,4,0.0,0.0
exp12_search_edit_05,search_edit,paraphrase,0,5,0.0,0.0
exp12_search_edit_05,search_edit,paraphrase,0,6,0.0,0.0
exp12_search_edit_05,search_edit,paraphrase,0,7,0.0,0.0
exp12_search_edit_05,search_edit,paraphrase,0,8,0.0,0.0
exp12_search_edit_05,search_edit,paraphrase,0,9,0.0,0.0
exp12_search_edit_05,search_edit,paraphrase,0,10,0.0,0.0
exp12_search_edit_05,search_edit,paraphrase,0,11,0.0,0.0
exp12_search_edit_05,search_edit,paraphrase,0,12,0.0,0.0
exp12_search_edit_05,search_edit,paraphrase,0,13,0.0,0.0
exp12_search_edit_05,search_edit,paraphrase,0,14,0.0,0.0
exp12_search_edit_05,search_edit,paraphrase,0,15,0.0,0.0
exp12_search_edit_05,search_edit,paraphrase,0,16,0.1342305839061737,0.1342162787914276
exp12_search_edit_05,search_edit,paraphrase,0,17,-0.001553654670715332,-0.0030477046966552734
exp12_search_edit_05,search_edit,paraphrase,0,18,0.017150908708572388,0.018720954656600952
exp12_search_edit_05,search_edit,paraphrase,0,19,-0.0280931293964386,-0.031150102615356445
exp12_search_edit_05,search_edit,paraphrase,0,20,0.0,0.0
exp12_search_edit_05,search_edit,paraphrase,0,21,0.0,0.0
exp12_search_edit_05,search_edit,paraphrase,0,22,0.0,0.0
exp12_search_edit_05,search_edit,paraphrase,0,23,0.0,0.0
exp12_search_edit_05,search_edit,paraphrase,0,24,0.0,0.0
exp12_search_edit_05,search_edit,paraphrase,0,25,0.0,0.0
exp12_search_edit_05,search_edit,paraphrase,0,26,0.0,0.0
exp12_search_edit_05,search_edit,paraphrase,0,27,0.0,0.0
exp12_search_edit_05,search_edit,paraphrase,0,28,0.0,0.0
exp12_search_edit_05,search_edit,paraphrase,0,29,0.0,0.0
exp12_search_edit_05,search_edit,paraphrase,0,30,0.0,0.0
exp12_search_edit_05,search_edit,paraphrase,0,31,0.0,0.0
exp12_search_edit_05,search_edit,canonical,1,0,-0.0,0.0
exp12_search_edit_05,search_edit,canonical,1,1,-0.0,0.0
exp12_search_edit_05,search_edit,canonical,1,2,-0.0,0.0
exp12_search_edit_05,search_edit,canonical,1,3,-0.0,0.0
exp12_search_edit_05,search_edit,canonical,1,4,-0.0,0.0
exp12_search_edit_05,search_edit,canonical,1,5,-0.0,0.0
exp12_search_edit_05,search_edit,canonical,1,6,-0.0,0.0
exp12_search_edit_05,search_edit,canonical,1,7,-0.0,0.0
exp12_search_edit_05,search_edit,canonical,1,8,-0.0,0.0
exp12_search_edit_05,search_edit,canonical,1,9,-0.0,0.0
exp12_search_edit_05,search_edit,canonical,1,10,-0.0,0.0
exp12_search_edit_05,search_edit,canonical,1,11,-0.0,0.0
exp12_search_edit_05,search_edit,canonical,1,12,-0.0,0.0
exp12_search_edit_05,search_edit,canonical,1,13,-0.0,0.0
exp12_search_edit_05,search_edit,canonical,1,14,-0.0,0.0
exp12_search_edit_05,search_edit,canonical,1,15,-0.0,0.0
exp12_search_edit_05,search_edit,canonical,1,16,0.20848292112350464,0.20953498780727386
exp12_search_edit_05,search_edit,canonical,1,17,-0.0017694830894470215,-0.007323205471038818
exp12_search_edit_05,search_edit,canonical,1,18,0.014491692185401917,0.020548075437545776
exp12_search_edit_05,search_edit,canonical,1,19,-0.03054182231426239,-0.026383519172668457
exp12_search_edit_05,search_edit,canonical,1,20,-0.0,0.0
exp12_search_edit_05,search_edit,canonical,1,21,-0.0,0.0
exp12_search_edit_05,search_edit,canonical,1,22,-0.0,0.0
exp12_search_edit_05,search_edit,canonical,1,23,-0.0,0.0
exp12_search_edit_05,search_edit,canonical,1,24,-0.0,0.0
exp12_search_edit_05,search_edit,canonical,1,25,-0.0,0.0
exp12_search_edit_05,search_edit,canonical,1,26,-0.0,0.0
exp12_search_edit_05,search_edit,canonical,1,27,-0.0,0.0
exp12_search_edit_05,search_edit,canonical,1,28,-0.0,0.0
exp12_search_edit_05,search_edit,canonical,1,29,-0.0,0.0
exp12_search_edit_05,search_edit,canonical,1,30,-0.0,0.0
exp12_search_edit_05,search_edit,canonical,1,31,-0.0,0.0
exp12_search_edit_05,search_edit,paraphrase,1,0,-0.0,0.0
exp12_search_edit_05,search_edit,paraphrase,1,1,-0.0,0.0
exp12_search_edit_05,search_edit,paraphrase,1,2,-0.0,0.0
exp12_search_edit_05,search_edit,paraphrase,1,3,-0.0,0.0
exp12_search_edit_05,search_edit,paraphrase,1,4,-0.0,0.0
exp12_search_edit_05,search_edit,paraphrase,1,5,-0.0,0.0
exp12_search_edit_05,search_edit,paraphrase,1,6,-0.0,0.0
exp12_search_edit_05,search_edit,paraphrase,1,7,-0.0,0.0
exp12_search_edit_05,search_edit,paraphrase,1,8,-0.0,0.0
exp12_search_edit_05,search_edit,paraphrase,1,9,-0.0,0.0
exp12_search_edit_05,search_edit,paraphrase,1,10,-0.0,0.0
exp12_search_edit_05,search_edit,paraphrase,1,11,-0.0,0.0
exp12_search_edit_05,search_edit,paraphrase,1,12,-0.0,0.0
exp12_search_edit_05,search_edit,paraphrase,1,13,-0.0,0.0
exp12_search_edit_05,search_edit,paraphrase,1,14,-0.0,0.0
exp12_search_edit_05,search_edit,paraphrase,1,15,-0.0,0.0
exp12_search_edit_05,search_edit,paraphrase,1,16,0.1671968586742878,0.17279667034745216
exp12_search_edit_05,search_edit,paraphrase,1,17,-0.0019569620490074158,0.012252669781446457
exp12_search_edit_05,search_edit,paraphrase,1,18,0.018655672669410706,0.020071648061275482
exp12_search_edit_05,search_edit,paraphrase,1,19,-0.026562733575701714,-0.025841787457466125
exp12_search_edit_05,search_edit,paraphrase,1,20,-0.0,0.0
exp12_search_edit_05,search_edit,paraphrase,1,21,-0.0,0.0
exp12_search_edit_05,search_edit,paraphrase,1,22,-0.0,0.0
exp12_search_edit_05,search_edit,paraphrase,1,23,-0.0,0.0
exp12_search_edit_05,search_edit,paraphrase,1,24,-0.0,0.0
exp12_search_edit_05,search_edit,paraphrase,1,25,-0.0,0.0
exp12_search_edit_05,search_edit,paraphrase,1,26,-0.0,0.0
exp12_search_edit_05,search_edit,paraphrase,1,27,-0.0,0.0
exp12_search_edit_05,search_edit,paraphrase,1,28,-0.0,0.0
exp12_search_edit_05,search_edit,paraphrase,1,29,-0.0,0.0
exp12_search_edit_05,search_edit,paraphrase,1,30,-0.0,0.0
exp12_search_edit_05,search_edit,paraphrase,1,31,-0.0,0.0
exp12_search_edit_09,search_edit,canonical,0,0,0.0,0.0
exp12_search_edit_09,search_edit,canonical,0,1,0.0,0.0
exp12_search_edit_09,search_edit,canonical,0,2,0.0,0.0
exp12_search_edit_09,search_edit,canonical,0,3,0.0,0.0
exp12_search_edit_09,search_edit,canonical,0,4,0.0,0.0
exp12_search_edit_09,search_edit,canonical,0,5,0.0,0.0
exp12_search_edit_09,search_edit,canonical,0,6,0.0,0.0
exp12_search_edit_09,search_edit,canonical,0,7,0.0,0.0
exp12_search_edit_09,search_edit,canonical,0,8,0.0,0.0
exp12_search_edit_09,search_edit,canonical,0,9,0.0,0.0
exp12_search_edit_09,search_edit,canonical,0,10,0.0,0.0
exp12_search_edit_09,search_edit,canonical,0,11,0.0,0.0
exp12_search_edit_09,search_edit,canonical,0,12,0.0,0.0
exp12_search_edit_09,search_edit,canonical,0,13,0.0,0.0
exp12_search_edit_09,search_edit,canonical,0,14,0.0,0.0
exp12_search_edit_09,search_edit,canonical,0,15,0.0,0.0
exp12_search_edit_09,search_edit,canonical,0,16,0.13180464506149292,0.1303853988647461
exp12_search_edit_09,search_edit,canonical,0,17,-0.007789671421051025,0.0014323592185974121
exp12_search_edit_09,search_edit,canonical,0,18,0.016312062740325928,0.017727315425872803
exp12_search_edit_09,search_edit,canonical,0,19,-0.018442928791046143,-0.017712891101837158
exp12_search_edit_09,search_edit,canonical,0,20,0.0,0.0
exp12_search_edit_09,search_edit,canonical,0,21,0.0,0.0
exp12_search_edit_09,search_edit,canonical,0,22,0.0,0.0
exp12_search_edit_09,search_edit,canonical,0,23,0.0,0.0
exp12_search_edit_09,search_edit,canonical,0,24,0.0,0.0
exp12_search_edit_09,search_edit,canonical,0,25,0.0,0.0
exp12_search_edit_09,search_edit,canonical,0,26,0.0,0.0
exp12_search_edit_09,search_edit,canonical,0,27,0.0,0.0
exp12_search_edit_09,search_edit,canonical,0,28,0.0,0.0
exp12_search_edit_09,search_edit,canonical,0,29,0.0,0.0
exp12_search_edit_09,search_edit,canonical,0,30,0.0,0.0
exp12_search_edit_09,search_edit,canonical,0,31,0.0,0.0
exp12_search_edit_09,search_edit,paraphrase,0,0,0.0,0.0
exp12_search_edit_09,search_edit,paraphrase,0,1,0.0,0.0
exp12_search_edit_09,search_edit,paraphrase,0,2,0.0,0.0
exp12_search_edit_09,search_edit,paraphrase,0,3,0.0,0.0
exp12_search_edit_09,search_edit,paraphrase,0,4,0.0,0.0
exp12_search_edit_09,search_edit,paraphrase,0,5,0.0,0.0
exp12_search_edit_09,search_edit,paraphrase,0,6,0.0,0.0
exp12_search_edit_09,search_edit,paraphrase,0,7,0.0,0.0
exp12_search_edit_09,search_edit,paraphrase,0,8,0.0,0.0
exp12_search_edit_09,search_edit,paraphrase,0,9,0.0,0.0
exp12_search_edit_09,search_edit,paraphrase,0,10,0.0,0.0
exp12_search_edit_09,search_edit,paraphrase,0,11,0.0,0.0
exp12_search_edit_09,search_edit,paraphrase,0,12,0.0,0.0
exp12_search_edit_09,search_edit,paraphrase,0,13,0.0,0.0
exp12_search_edit_09,search_edit,paraphrase,0,14,0.0,0.0
exp12_search_edit_09,search_edit,paraphrase,0,15,0.0,0.0
exp12_search_edit_09,search_edit,paraphrase,0,16,0.13393095135688782,0.12617060542106628
exp12_search_edit_09,search_edit,paraphrase,0,17,-0.0014167726039886475,-0.00776025652885437
exp12_search_edit_09,search_edit,paraphrase,0,18,0.017682284116744995,0.012777596712112427
exp12_search_edit_09,search_edit,paraphrase,0,19,-0.023357033729553223,-0.031146734952926636
exp12_search_edit_09,search_edit,paraphrase,0,20,0.0,0.0
exp12_search_edit_09,search_edit,paraphrase,0,21,0.0,0.0
exp12_search_edit_09,search_edit,paraphrase,0,22,0.0,0.0
exp12_search_edit_09,search_edit,paraphrase,0,23,0.0,0.0
exp12_search_edit_09,search_edit,paraphrase,0,24,0.0,0.0
exp12_search_edit_09,search_edit,paraphrase,0,25,0.0,0.0
exp12_search_edit_09,search_edit,paraphrase,0,26,0.0,0.0
exp12_search_edit_09,search_edit,paraphrase,0,27,0.0,0.0
exp12_search_edit_09,search_edit,paraphrase,0,28,0.0,0.0
exp12_search_edit_09,search_edit,paraphrase,0,29,0.0,0.0
exp12_search_edit_09,search_edit,paraphrase,0,30,0.0,0.0
exp12_search_edit_09,search_edit,paraphrase,0,31,0.0,0.0
exp12_search_edit_09,search_edit,canonical,1,0,-0.0,0.0
exp12_search_edit_09,search_edit,canonical,1,1,-0.0,0.0
exp12_search_edit_09,search_edit,canonical,1,2,-0.0,0.0
exp12_search_edit_09,search_edit,canonical,1,3,-0.0,0.0
exp12_search_edit_09,search_edit,canonical,1,4,-0.0,0.0
exp12_search_edit_09,search_edit,canonical,1,5,-0.0,0.0
exp12_search_edit_09,search_edit,canonical,1,6,-0.0,0.0
exp12_search_edit_09,search_edit,canonical,1,7,-0.0,0.0
exp12_search_edit_09,search_edit,canonical,1,8,-0.0,0.0
exp12_search_edit_09,search_edit,canonical,1,9,-0.0,0.0
exp12_search_edit_09,search_edit,canonical,1,10,-0.0,0.0
exp12_search_edit_09,search_edit,canonical,1,11,-0.0,0.0
exp12_search_edit_09,search_edit,canonical,1,12,-0.0,0.0
exp12_search_edit_09,search_edit,canonical,1,13,-0.0,0.0
exp12_search_edit_09,search_edit,canonical,1,14,-0.0,0.0
exp12_search_edit_09,search_edit,canonical,1,15,-0.0,0.0
exp12_search_edit_09,search_edit,canonical,1,16,0.19391386210918427,0.18744362890720367
exp12_search_edit_09,search_edit,canonical,1,17,-0.0028159022331237793,-0.0007213950157165527
exp12_search_edit_09,search_edit,canonical,1,18,0.017993032932281494,0.027149677276611328
exp12_search_edit_09,search_edit,canonical,1,19,-0.025076717138290405,-0.02486521005630493
exp12_search_edit_09,search_edit,canonical,1,20,-0.0,0.0
exp12_search_edit_09,search_edit,canonical,1,21,-0.0,0.0
exp12_search_edit_09,search_edit,canonical,1,22,-0.0,0.0
exp12_search_edit_09,search_edit,canonical,1,23,-0.0,0.0
exp12_search_edit_09,search_edit,canonical,1,24,-0.0,0.0
exp12_search_edit_09,search_edit,canonical,1,25,-0.0,0.0
exp12_search_edit_09,search_edit,canonical,1,26,-0.0,0.0
exp12_search_edit_09,search_edit,canonical,1,27,-0.0,0.0
exp12_search_edit_09,search_edit,canonical,1,28,-0.0,0.0
exp12_search_edit_09,search_edit,canonical,1,29,-0.0,0.0
exp12_search_edit_09,search_edit,canonical,1,30,-0.0,0.0
exp12_search_edit_09,search_edit,canonical,1,31,-0.0,0.0
exp12_search_edit_09,search_edit,paraphrase,1,0,-0.0,0.0
exp12_search_edit_09,search_edit,paraphrase,1,1,-0.0,0.0
exp12_search_edit_09,search_edit,paraphrase,1,2,-0.0,0.0
exp12_search_edit_09,search_edit,paraphrase,1,3,-0.0,0.0
exp12_search_edit_09,search_edit,paraphrase,1,4,-0.0,0.0
exp12_search_edit_09,search_edit,paraphrase,1,5,-0.0,0.0
exp12_search_edit_09,search_edit,paraphrase,1,6,-0.0,0.0
exp12_search_edit_09,search_edit,paraphrase,1,7,-0.0,0.0
exp12_search_edit_09,search_edit,paraphrase,1,8,-0.0,0.0
exp12_search_edit_09,search_edit,paraphrase,1,9,-0.0,0.0
exp12_search_edit_09,search_edit,paraphrase,1,10,-0.0,0.0
exp12_search_edit_09,search_edit,paraphrase,1,11,-0.0,0.0
exp12_search_edit_09,search_edit,paraphrase,1,12,-0.0,0.0
exp12_search_edit_09,search_edit,paraphrase,1,13,-0.0,0.0
exp12_search_edit_09,search_edit,paraphrase,1,14,-0.0,0.0
exp12_search_edit_09,search_edit,paraphrase,1,15,-0.0,0.0
exp12_search_edit_09,search_edit,paraphrase,1,16,0.1772885713726282,0.160712206736207
exp12_search_edit_09,search_edit,paraphrase,1,17,-0.0010446608066558838,-0.0029301270842552185
exp12_search_edit_09,search_edit,paraphrase,1,18,0.018358707427978516,0.0028070583939552307
exp12_search_edit_09,search_edit,paraphrase,1,19,-0.025935636833310127,-0.03908529132604599
exp12_search_edit_09,search_edit,paraphrase,1,20,-0.0,0.0
exp12_search_edit_09,search_edit,paraphrase,1,21,-0.0,0.0
exp12_search_edit_09,search_edit,paraphrase,1,22,-0.0,0.0
exp12_search_edit_09,search_edit,paraphrase,1,23,-0.0,0.0
exp12_search_edit_09,search_edit,paraphrase,1,24,-0.0,0.0
exp12_search_edit_09,search_edit,paraphrase,1,25,-0.0,0.0
exp12_search_edit_09,search_edit,paraphrase,1,26,-0.0,0.0
exp12_search_edit_09,search_edit,paraphrase,1,27,-0.0,0.0
exp12_search_edit_09,search_edit,paraphrase,1,28,-0.0,0.0
exp12_search_edit_09,search_edit,paraphrase,1,29,-0.0,0.0
exp12_search_edit_09,search_edit,paraphrase,1,30,-0.0,0.0
exp12_search_edit_09,search_edit,paraphrase,1,31,-0.0,0.0
exp12_search_edit_10,search_edit,canonical,0,0,0.0,0.0
exp12_search_edit_10,search_edit,canonical,0,1,0.0,0.0
exp12_search_edit_10,search_edit,canonical,0,2,0.0,0.0
exp12_search_edit_10,search_edit,canonical,0,3,0.0,0.0
exp12_search_edit_10,search_edit,canonical,0,4,0.0,0.0
exp12_search_edit_10,search_edit,canonical,0,5,0.0,0.0
exp12_search_edit_10,search_edit,canonical,0,6,0.0,0.0
exp12_search_edit_10,search_edit,canonical,0,7,0.0,0.0
exp12_search_edit_10,search_edit,canonical,0,8,0.0,0.0
exp12_search_edit_10,search_edit,canonical,0,9,0.0,0.0
exp12_search_edit_10,search_edit,canonical,0,10,0.0,0.0
exp12_search_edit_10,search_edit,canonical,0,11,0.0,0.0
exp12_search_edit_10,search_edit,canonical,0,12,0.0,0.0
exp12_search_edit_10,search_edit,canonical,0,13,0.0,0.0
exp12_search_edit_10,search_edit,canonical,0,14,0.0,0.0
exp12_search_edit_10,search_edit,canonical,0,15,0.0,0.0
exp12_search_edit_10,search_edit,canonical,0,16,0.12471222877502441,0.13538771867752075
exp12_search_edit_10,search_edit,canonical,0,17,-0.0014296174049377441,-0.001418471336364746
exp12_search_edit_10,search_edit,canonical,0,18,0.016340792179107666,0.025538265705108643
exp12_search_edit_10,search_edit,canonical,0,19,-0.017744600772857666,-0.017753183841705322
exp12_search_edit_10,search_edit,canonical,0,20,0.0,0.0
exp12_search_edit_10,search_edit,canonical,0,21,0.0,0.0
exp12_search_edit_10,search_edit,canonical,0,22,0.0,0.0
exp12_search_edit_10,search_edit,canonical,0,23,0.0,0.0
exp12_search_edit_10,search_edit,canonical,0,24,0.0,0.0
exp12_search_edit_10,search_edit,canonical,0,25,0.0,0.0
exp12_search_edit_10,search_edit,canonical,0,26,0.0,0.0
exp12_search_edit_10,search_edit,canonical,0,27,0.0,0.0
exp12_search_edit_10,search_edit,canonical,0,28,0.0,0.0
exp12_search_edit_10,search_edit,canonical,0,29,0.0,0.0
exp12_search_edit_10,search_edit,canonical,0,30,0.0,0.0
exp12_search_edit_10,search_edit,canonical,0,31,0.0,0.0
exp12_search_edit_10,search_edit,paraphrase,0,0,0.0,0.0
exp12_search_edit_10,search_edit,paraphrase,0,1,0.0,0.0
exp12_search_edit_10,search_edit,paraphrase,0,2,0.0,0.0
exp12_search_edit_10,search_edit,paraphrase,0,3,0.0,0.0
exp12_search_edit_10,search_edit,paraphrase,0,4,0.0,0.0
exp12_search_edit_10,search_edit,paraphrase,0,5,0.0,0.0
exp12_search_edit_10,search_edit,paraphrase,0,6,0.0,0.0
exp12_search_edit_10,search_edit,paraphrase,0,7,0.0,0.0
exp12_search_edit_10,search_edit,paraphrase,0,8,0.0,0.0
exp12_search_edit_10,search_edit,paraphrase,0,9,0.0,0.0
exp12_search_edit_10,search_edit,paraphrase,0,10,0.0,0.0
exp12_search_edit_10,search_edit,paraphrase,0,11,0.0,0.0
exp12_search_edit_10,search_edit,paraphrase,0,12,0.0,0.0
exp12_search_edit_10,search_edit,paraphrase,0,13,0.0,0.0
exp12_search_edit_10,search_edit,paraphrase,0,14,0.0,0.0
exp12_search_edit_10,search_edit,paraphrase,0,15,0.0,0.0
exp12_search_edit_10,search_edit,paraphrase,0,16,0.12678635120391846,0.11761903762817383
exp12_search_edit_10,search_edit,paraphrase,0,17,-1.1920928955078125e-06,2.2649765014648438e-06
exp12_search_edit_10,search_edit,paraphrase,0,18,0.01767754554748535,0.01769241690635681
exp12_search_edit_10,search_edit,paraphrase,0,19,-0.023354291915893555,-0.032557904720306396
exp12_search_edit_10,search_edit,paraphrase,0,20,0.0,0.0
exp12_search_edit_10,search_edit,paraphrase,0,21,0.0,0.0
exp12_search_edit_10,search_edit,paraphrase,0,22,0.0,0.0
exp12_search_edit_10,search_edit,paraphrase,0,23,0.0,0.0
exp12_search_edit_10,search_edit,paraphrase,0,24,0.0,0.0
exp12_search_edit_10,search_edit,paraphrase,0,25,0.0,0.0
exp12_search_edit_10,search_edit,paraphrase,0,26,0.0,0.0
exp12_search_edit_10,search_edit,paraphrase,0,27,0.0,0.0
exp12_search_edit_10,search_edit,paraphrase,0,28,0.0,0.0
exp12_search_edit_10,search_edit,paraphrase,0,29,0.0,0.0
exp12_search_edit_10,search_edit,paraphrase,0,30,0.0,0.0
exp12_search_edit_10,search_edit,paraphrase,0,31,0.0,0.0
exp12_search_edit_10,search_edit,canonical,1,0,-0.0,0.0
exp12_search_edit_10,search_edit,canonical,1,1,-0.0,0.0
exp12_search_edit_10,search_edit,canonical,1,2,-0.0,0.0
exp12_search_edit_10,search_edit,canonical,1,3,-0.0,0.0
exp12_search_edit_10,search_edit,canonical,1,4,-0.0,0.0
exp12_search_edit_10,search_edit,canonical,1,5,-0.0,0.0
exp12_search_edit_10,search_edit,canonical,1,6,-0.0,0.0
exp12_search_edit_10,search_edit,canonical,1,7,-0.0,0.0
exp12_search_edit_10,search_edit,canonical,1,8,-0.0,0.0
exp12_search_edit_10,search_edit,canonical,1,9,-0.0,0.0
exp12_search_edit_10,search_edit,canonical,1,10,-0.0,0.0
exp12_search_edit_10,search_edit,canonical,1,11,-0.0,0.0
exp12_search_edit_10,search_edit,canonical,1,12,-0.0,0.0
exp12_search_edit_10,search_edit,canonical,1,13,-0.0,0.0
exp12_search_edit_10,search_edit,canonical,1,14,-0.0,0.0
exp12_search_edit_10,search_edit,canonical,1,15,-0.0,0.0
exp12_search_edit_10,search_edit,canonical,1,16,0.18174725770950317,0.19039691984653473
exp12_search_edit_10,search_edit,canonical,1,17,-0.0029341429471969604,5.8770179748535156e-05
exp12_search_edit_10,search_edit,canonical,1,18,0.018823295831680298,0.022887468338012695
exp12_search_edit_10,search_edit,canonical,1,19,-0.024873852729797363,-0.01884537935256958
exp12_search_edit_10,search_edit,canonical,1,20,-0.0,0.0
exp12_search_edit_10,search_edit,canonical,1,21,-0.0,0.0
exp12_search_edit_10,search_edit,canonical,1,22,-0.0,0.0
exp12_search_edit_10,search_edit,canonical,1,23,-0.0,0.0
exp12_search_edit_10,search_edit,canonical,1,24,-0.0,0.0
exp12_search_edit_10,search_edit,canonical,1,25,-0.0,0.0
exp12_search_edit_10,search_edit,canonical,1,26,-0.0,0.0
exp12_search_edit_10,search_edit,canonical,1,27,-0.0,0.0
exp12_search_edit_10,search_edit,canonical,1,28,-0.0,0.0
exp12_search_edit_10,search_edit,canonical,1,29,-0.0,0.0
exp12_search_edit_10,search_edit,canonical,1,30,-0.0,0.0
exp12_search_edit_10,search_edit,canonical,1,31,-0.0,0.0
exp12_search_edit_10,search_edit,paraphrase,1,0,-0.0,0.0
exp12_search_edit_10,search_edit,paraphrase,1,1,-0.0,0.0
exp12_search_edit_10,search_edit,paraphrase,1,2,-0.0,0.0
exp12_search_edit_10,search_edit,paraphrase,1,3,-0.0,0.0
exp12_search_edit_10,search_edit,paraphrase,1,4,-0.0,0.0
exp12_search_edit_10,search_edit,paraphrase,1,5,-0.0,0.0
exp12_search_edit_10,search_edit,paraphrase,1,6,-0.0,0.0
exp12_search_edit_10,search_edit,paraphrase,1,7,-0.0,0.0
exp12_search_edit_10,search_edit,paraphrase,1,8,-0.0,0.0
exp12_search_edit_10,search_edit,paraphrase,1,9,-0.0,0.0
exp12_search_edit_10,search_edit,paraphrase,1,10,-0.0,0.0
exp12_search_edit_10,search_edit,paraphrase,1,11,-0.0,0.0
exp12_search_edit_10,search_edit,paraphrase,1,12,-0.0,0.0
exp12_search_edit_10,search_edit,paraphrase,1,13,-0.0,0.0
exp12_search_edit_10,search_edit,paraphrase,1,14,-0.0,0.0
exp12_search_edit_10,search_edit,paraphrase,1,15,-0.0,0.0
exp12_search_edit_10,search_edit,paraphrase,1,16,0.17059500887989998,0.16855550557374954
exp12_search_edit_10,search_edit,paraphrase,1,17,1.0505318641662598e-06,-0.0009790658950805664
exp12_search_edit_10,search_edit,paraphrase,1,18,0.006863478571176529,0.002808772027492523
exp12_search_edit_10,search_edit,paraphrase,1,19,-0.02166897803544998,-0.03748340159654617
exp12_search_edit_10,search_edit,paraphrase,1,20,-0.0,0.0
exp12_search_edit_10,search_edit,paraphrase,1,21,-0.0,0.0
exp12_search_edit_10,search_edit,paraphrase,1,22,-0.0,0.0
exp12_search_edit_10,search_edit,paraphrase,1,23,-0.0,0.0
exp12_search_edit_10,search_edit,paraphrase,1,24,-0.0,0.0
exp12_search_edit_10,search_edit,paraphrase,1,25,-0.0,0.0
exp12_search_edit_10,search_edit,paraphrase,1,26,-0.0,0.0
exp12_search_edit_10,search_edit,paraphrase,1,27,-0.0,0.0
exp12_search_edit_10,search_edit,paraphrase,1,28,-0.0,0.0
exp12_search_edit_10,search_edit,paraphrase,1,29,-0.0,0.0
exp12_search_edit_10,search_edit,paraphrase,1,30,-0.0,0.0
exp12_search_edit_10,search_edit,paraphrase,1,31,-0.0,0.0
exp12_search_edit_12,search_edit,canonical,0,0,0.0,0.0
exp12_search_edit_12,search_edit,canonical,0,1,0.0,0.0
exp12_search_edit_12,search_edit,canonical,0,2,0.0,0.0
exp12_search_edit_12,search_edit,canonical,0,3,0.0,0.0
exp12_search_edit_12,search_edit,canonical,0,4,0.0,0.0
exp12_search_edit_12,search_edit,canonical,0,5,0.0,0.0
exp12_search_edit_12,search_edit,canonical,0,6,0.0,0.0
exp12_search_edit_12,search_edit,canonical,0,7,0.0,0.0
exp12_search_edit_12,search_edit,canonical,0,8,0.0,0.0
exp12_search_edit_12,search_edit,canonical,0,9,0.0,0.0
exp12_search_edit_12,search_edit,canonical,0,10,0.0,0.0
exp12_search_edit_12,search_edit,canonical,0,11,0.0,0.0
exp12_search_edit_12,search_edit,canonical,0,12,0.0,0.0
exp12_search_edit_12,search_edit,canonical,0,13,0.0,0.0
exp12_search_edit_12,search_edit,canonical,0,14,0.0,0.0
exp12_search_edit_12,search_edit,canonical,0,15,0.0,0.0
exp12_search_edit_12,search_edit,canonical,0,16,0.12065517902374268,0.12703979015350342
exp12_search_edit_12,search_edit,canonical,0,17,-0.0014018416404724121,-0.0014199614524841309
exp12_search_edit_12,search_edit,canonical,0,18,0.016324222087860107,0.024135112762451172
exp12_search_edit_12,search_edit,canonical,0,19,-0.019139528274536133,-0.01279449462890625
exp12_search_edit_12,search_edit,canonical,0,20,0.0,0.0
exp12_search_edit_12,search_edit,canonical,0,21,0.0,0.0
exp12_search_edit_12,search_edit,canonical,0,22,0.0,0.0
exp12_search_edit_12,search_edit,canonical,0,23,0.0,0.0
exp12_search_edit_12,search_edit,canonical,0,24,0.0,0.0
exp12_search_edit_12,search_edit,canonical,0,25,0.0,0.0
exp12_search_edit_12,search_edit,canonical,0,26,0.0,0.0
exp12_search_edit_12,search_edit,canonical,0,27,0.0,0.0
exp12_search_edit_12,search_edit,canonical,0,28,0.0,0.0
exp12_search_edit_12,search_edit,canonical,0,29,0.0,0.0
exp12_search_edit_12,search_edit,canonical,0,30,0.0,0.0
exp12_search_edit_12,search_edit,canonical,0,31,0.0,0.0
exp12_search_edit_12,search_edit,paraphrase,0,0,0.0,0.0
exp12_search_edit_12,search_edit,paraphrase,0,1,0.0,0.0
exp12_search_edit_12,search_edit,paraphrase,0,2,0.0,0.0
exp12_search_edit_12,search_edit,paraphrase,0,3,0.0,0.0
exp12_search_edit_12,search_edit,paraphrase,0,4,0.0,0.0
exp12_search_edit_12,search_edit,paraphrase,0,5,0.0,0.0
exp12_search_edit_12,search_edit,paraphrase,0,6,0.0,0.0
exp12_search_edit_12,search_edit,paraphrase,0,7,0.0,0.0
exp12_search_edit_12,search_edit,paraphrase,0,8,0.0,0.0
exp12_search_edit_12,search_edit,paraphrase,0,9,0.0,0.0
exp12_search_edit_12,search_edit,paraphrase,0,10,0.0,0.0
exp12_search_edit_12,search_edit,paraphrase,0,11,0.0,0.0
exp12_search_edit_12,search_edit,paraphrase,0,12,0.0,0.0
exp12_search_edit_12,search_edit,paraphrase,0,13,0.0,0.0
exp12_search_edit_12,search_edit,paraphrase,0,14,0.0,0.0
exp12_search_edit_12,search_edit,paraphrase,0,15,0.0,0.0
exp12_search_edit_12,search_edit,paraphrase,0,16,0.13090306520462036,0.1246022880077362
exp12_search_edit_12,search_edit,paraphrase,0,17,-0.0014169812202453613,-0.0014165639877319336
exp12_search_edit_12,search_edit,paraphrase,0,18,0.007100492715835571,0.01766321063041687
exp12_search_edit_12,search_edit,paraphrase,0,19,-0.019164204597473145,-0.024760514497756958
exp12_search_edit_12,search_edit,paraphrase,0,20,0.0,0.0
exp12_search_edit_12,search_edit,paraphrase,0,21,0.0,0.0
exp12_search_edit_12,search_edit,paraphrase,0,22,0.0,0.0
exp12_search_edit_12,search_edit,paraphrase,0,23,0.0,0.0
exp12_search_edit_12,search_edit,paraphrase,0,24,0.0,0.0
exp12_search_edit_12,search_edit,paraphrase,0,25,0.0,0.0
exp12_search_edit_12,search_edit,paraphrase,0,26,0.0,0.0
exp12_search_edit_12,search_edit,paraphrase,0,27,0.0,0.0
exp12_search_edit_12,search_edit,paraphrase,0,28,0.0,0.0
exp12_search_edit_12,search_edit,paraphrase,0,29,0.0,0.0
exp12_search_edit_12,search_edit,paraphrase,0,30,0.0,0.0
exp12_search_edit_12,search_edit,paraphrase,0,31,0.0,0.0
exp12_search_edit_12,search_edit,canonical,1,0,-0.0,0.0
exp12_search_edit_12,search_edit,canonical,1,1,-0.0,0.0
exp12_search_edit_12,search_edit,canonical,1,2,-0.0,0.0
exp12_search_edit_12,search_edit,canonical,1,3,-0.0,0.0
exp12_search_edit_12,search_edit,canonical,1,4,-0.0,0.0
exp12_search_edit_12,search_edit,canonical,1,5,-0.0,0.0
exp12_search_edit_12,search_edit,canonical,1,6,-0.0,0.0
exp12_search_edit_12,search_edit,canonical,1,7,-0.0,0.0
exp12_search_edit_12,search_edit,canonical,1,8,-0.0,0.0
exp12_search_edit_12,search_edit,canonical,1,9,-0.0,0.0
exp12_search_edit_12,search_edit,canonical,1,10,-0.0,0.0
exp12_search_edit_12,search_edit,canonical,1,11,-0.0,0.0
exp12_search_edit_12,search_edit,canonical,1,12,-0.0,0.0
exp12_search_edit_12,search_edit,canonical,1,13,-0.0,0.0
exp12_search_edit_12,search_edit,canonical,1,14,-0.0,0.0
exp12_search_edit_12,search_edit,canonical,1,15,-0.0,0.0
exp12_search_edit_12,search_edit,canonical,1,16,0.18725106120109558,0.19188673794269562
exp12_search_edit_12,search_edit,canonical,1,17,-0.0010074973106384277,-0.005270540714263916
exp12_search_edit_12,search_edit,canonical,1,18,0.020738840103149414,0.02131327986717224
exp12_search_edit_12,search_edit,canonical,1,19,-0.016930267214775085,-0.028005361557006836
exp12_search_edit_12,search_edit,canonical,1,20,-0.0,0.0
exp12_search_edit_12,search_edit,canonical,1,21,-0.0,0.0
exp12_search_edit_12,search_edit,canonical,1,22,-0.0,0.0
exp12_search_edit_12,search_edit,canonical,1,23,-0.0,0.0
exp12_search_edit_12,search_edit,canonical,1,24,-0.0,0.0
exp12_search_edit_12,search_edit,canonical,1,25,-0.0,0.0
exp12_search_edit_12,search_edit,canonical,1,26,-0.0,0.0
exp12_search_edit_12,search_edit,canonical,1,27,-0.0,0.0
exp12_search_edit_12,search_edit,canonical,1,28,-0.0,0.0
exp12_search_edit_12,search_edit,canonical,1,29,-0.0,0.0
exp12_search_edit_12,search_edit,canonical,1,30,-0.0,0.0
exp12_search_edit_12,search_edit,canonical,1,31,-0.0,0.0
exp12_search_edit_12,search_edit,paraphrase,1,0,-0.0,0.0
exp12_search_edit_12,search_edit,paraphrase,1,1,-0.0,0.0
exp12_search_edit_12,search_edit,paraphrase,1,2,-0.0,0.0
exp12_search_edit_12,search_edit,paraphrase,1,3,-0.0,0.0
exp12_search_edit_12,search_edit,paraphrase,1,4,-0.0,0.0
exp12_search_edit_12,search_edit,paraphrase,1,5,-0.0,0.0
exp12_search_edit_12,search_edit,paraphrase,1,6,-0.0,0.0
exp12_search_edit_12,search_edit,paraphrase,1,7,-0.0,0.0
exp12_search_edit_12,search_edit,paraphrase,1,8,-0.0,0.0
exp12_search_edit_12,search_edit,paraphrase,1,9,-0.0,0.0
exp12_search_edit_12,search_edit,paraphrase,1,10,-0.0,0.0
exp12_search_edit_12,search_edit,paraphrase,1,11,-0.0,0.0
exp12_search_edit_12,search_edit,paraphrase,1,12,-0.0,0.0
exp12_search_edit_12,search_edit,paraphrase,1,13,-0.0,0.0
exp12_search_edit_12,search_edit,paraphrase,1,14,-0.0,0.0
exp12_search_edit_12,search_edit,paraphrase,1,15,-0.0,0.0
exp12_search_edit_12,search_edit,paraphrase,1,16,0.1695965640246868,0.15220539644360542
exp12_search_edit_12,search_edit,paraphrase,1,17,-1.564621925354004e-07,0.0019527077674865723
exp12_search_edit_12,search_edit,paraphrase,1,18,0.018220823258161545,0.00586729496717453
exp12_search_edit_12,search_edit,paraphrase,1,19,-0.02517259493470192,-0.023268774151802063
exp12_search_edit_12,search_edit,paraphrase,1,20,-0.0,0.0
exp12_search_edit_12,search_edit,paraphrase,1,21,-0.0,0.0
exp12_search_edit_12,search_edit,paraphrase,1,22,-0.0,0.0
exp12_search_edit_12,search_edit,paraphrase,1,23,-0.0,0.0
exp12_search_edit_12,search_edit,paraphrase,1,24,-0.0,0.0
exp12_search_edit_12,search_edit,paraphrase,1,25,-0.0,0.0
exp12_search_edit_12,search_edit,paraphrase,1,26,-0.0,0.0
exp12_search_edit_12,search_edit,paraphrase,1,27,-0.0,0.0
exp12_search_edit_12,search_edit,paraphrase,1,28,-0.0,0.0
exp12_search_edit_12,search_edit,paraphrase,1,29,-0.0,0.0
exp12_search_edit_12,search_edit,paraphrase,1,30,-0.0,0.0
exp12_search_edit_12,search_edit,paraphrase,1,31,-0.0,0.0
exp12_search_edit_13,search_edit,canonical,0,0,0.0,0.0
exp12_search_edit_13,search_edit,canonical,0,1,0.0,0.0
exp12_search_edit_13,search_edit,canonical,0,2,0.0,0.0
exp12_search_edit_13,search_edit,canonical,0,3,0.0,0.0
exp12_search_edit_13,search_edit,canonical,0,4,0.0,0.0
exp12_search_edit_13,search_edit,canonical,0,5,0.0,0.0
exp12_search_edit_13,search_edit,canonical,0,6,0.0,0.0
exp12_search_edit_13,search_edit,canonical,0,7,0.0,0.0
exp12_search_edit_13,search_edit,canonical,0,8,0.0,0.0
exp12_search_edit_13,search_edit,canonical,0,9,0.0,0.0
exp12_search_edit_13,search_edit,canonical,0,10,0.0,0.0
exp12_search_edit_13,search_edit,canonical,0,11,0.0,0.0
exp12_search_edit_13,search_edit,canonical,0,12,0.0,0.0
exp12_search_edit_13,search_edit,canonical,0,13,0.0,0.0
exp12_search_edit_13,search_edit,canonical,0,14,0.0,0.0
exp12_search_edit_13,search_edit,canonical,0,15,0.0,0.0
exp12_search_edit_13,search_edit,canonical,0,16,0.13115370273590088,0.13274091482162476
exp12_search_edit_13,search_edit,canonical,0,17,-0.009366333484649658,-0.0015631914138793945
exp12_search_edit_13,search_edit,canonical,0,18,0.018722236156463623,0.018749654293060303
exp12_search_edit_13,search_edit,canonical,0,19,-0.01873648166656494,-0.018723249435424805
exp12_search_edit_13,search_edit,canonical,0,20,0.0,0.0
exp12_search_edit_13,search_edit,canonical,0,21,0.0,0.0
exp12_search_edit_13,search_edit,canonical,0,22,0.0,0.0
exp12_search_edit_13,search_edit,canonical,0,23,0.0,0.0
exp12_search_edit_13,search_edit,canonical,0,24,0.0,0.0
exp12_search_edit_13,search_edit,canonical,0,25,0.0,0.0
exp12_search_edit_13,search_edit,canonical,0,26,0.0,0.0
exp12_search_edit_13,search_edit,canonical,0,27,0.0,0.0
exp12_search_edit_13,search_edit,canonical,0,28,0.0,0.0
exp12_search_edit_13,search_edit,canonical,0,29,0.0,0.0
exp12_search_edit_13,search_edit,canonical,0,30,0.0,0.0
exp12_search_edit_13,search_edit,canonical,0,31,0.0,0.0
exp12_search_edit_13,search_edit,paraphrase,0,0,0.0,0.0
exp12_search_edit_13,search_edit,paraphrase,0,1,0.0,0.0
exp12_search_edit_13,search_edit,paraphrase,0,2,0.0,0.0
exp12_search_edit_13,search_edit,paraphrase,0,3,0.0,0.0
exp12_search_edit_13,search_edit,paraphrase,0,4,0.0,0.0
exp12_search_edit_13,search_edit,paraphrase,0,5,0.0,0.0
exp12_search_edit_13,search_edit,paraphrase,0,6,0.0,0.0
exp12_search_edit_13,search_edit,paraphrase,0,7,0.0,0.0
exp12_search_edit_13,search_edit,paraphrase,0,8,0.0,0.0
exp12_search_edit_13,search_edit,paraphrase,0,9,0.0,0.0
exp12_search_edit_13,search_edit,paraphrase,0,10,0.0,0.0
exp12_search_edit_13,search_edit,paraphrase,0,11,0.0,0.0
exp12_search_edit_13,search_edit,paraphrase,0,12,0.0,0.0
exp12_search_edit_13,search_edit,paraphrase,0,13,0.0,0.0
exp12_search_edit_13,search_edit,paraphrase,0,14,0.0,0.0
exp12_search_edit_13,search_edit,paraphrase,0,15,0.0,0.0
exp12_search_edit_13,search_edit,paraphrase,0,16,0.13704538345336914,0.13704746961593628
exp12_search_edit_13,search_edit,paraphrase,0,17,-0.0015621185302734375,-0.0015601515769958496
exp12_search_edit_13,search_edit,paraphrase,0,18,0.02636370062828064,0.01866653561592102
exp12_search_edit_13,search_edit,paraphrase,0,19,-0.020309478044509888,-0.02648642659187317
exp12_search_edit_13,search_edit,paraphrase,0,20,0.0,0.0
exp12_search_edit_13,search_edit,paraphrase,0,21,0.0,0.0
exp12_search_edit_13,search_edit,paraphrase,0,22,0.0,0.0
exp12_search_edit_13,search_edit,paraphrase,0,23,0.0,0.0
exp12_search_edit_13,search_edit,paraphrase,0,24,0.0,0.0
exp12_search_edit_13,search_edit,paraphrase,0,25,0.0,0.0
exp12_search_edit_13,search_edit,paraphrase,0,26,0.0,0.0
exp12_search_edit_13,search_edit,paraphrase,0,27,0.0,0.0
exp12_search_edit_13,search_edit,paraphrase,0,28,0.0,0.0
exp12_search_edit_13,search_edit,paraphrase,0,29,0.0,0.0
exp12_search_edit_13,search_edit,paraphrase,0,30,0.0,0.0
exp12_search_edit_13,search_edit,paraphrase,0,31,0.0,0.0
exp12_search_edit_13,search_edit,canonical,1,0,-0.0,0.0
exp12_search_edit_13,search_edit,canonical,1,1,-0.0,0.0
exp12_search_edit_13,search_edit,canonical,1,2,-0.0,0.0
exp12_search_edit_13,search_edit,canonical,1,3,-0.0,0.0
exp12_search_edit_13,search_edit,canonical,1,4,-0.0,0.0
exp12_search_edit_13,search_edit,canonical,1,5,-0.0,0.0
exp12_search_edit_13,search_edit,canonical,1,6,-0.0,0.0
exp12_search_edit_13,search_edit,canonical,1,7,-0.0,0.0
exp12_search_edit_13,search_edit,canonical,1,8,-0.0,0.0
exp12_search_edit_13,search_edit,canonical,1,9,-0.0,0.0
exp12_search_edit_13,search_edit,canonical,1,10,-0.0,0.0
exp12_search_edit_13,search_edit,canonical,1,11,-0.0,0.0
exp12_search_edit_13,search_edit,canonical,1,12,-0.0,0.0
exp12_search_edit_13,search_edit,canonical,1,13,-0.0,0.0
exp12_search_edit_13,search_edit,canonical,1,14,-0.0,0.0
exp12_search_edit_13,search_edit,canonical,1,15,-0.0,0.0
exp12_search_edit_13,search_edit,canonical,1,16,0.19382859766483307,0.20274467766284943
exp12_search_edit_13,search_edit,canonical,1,17,-0.003929242491722107,-0.0014668703079223633
exp12_search_edit_13,search_edit,canonical,1,18,0.015302225947380066,0.028214842081069946
exp12_search_edit_13,search_edit,canonical,1,19,-0.02725246548652649,-0.02818337082862854
exp12_search_edit_13,search_edit,canonical,1,20,-0.0,0.0
exp12_search_edit_13,search_edit,canonical,1,21,-0.0,0.0
exp12_search_edit_13,search_edit,canonical,1,22,-0.0,0.0
exp12_search_edit_13,search_edit,canonical,1,23,-0.0,0.0
exp12_search_edit_13,search_edit,canonical,1,24,-0.0,0.0
exp12_search_edit_13,search_edit,canonical,1,25,-0.0,0.0
exp12_search_edit_13,search_edit,canonical,1,26,-0.0,0.0
exp12_search_edit_13,search_edit,canonical,1,27,-0.0,0.0
exp12_search_edit_13,search_edit,canonical,1,28,-0.0,0.0
exp12_search_edit_13,search_edit,canonical,1,29,-0.0,0.0
exp12_search_edit_13,search_edit,canonical,1,30,-0.0,0.0
exp12_search_edit_13,search_edit,canonical,1,31,-0.0,0.0
exp12_search_edit_13,search_edit,paraphrase,1,0,-0.0,0.0
exp12_search_edit_13,search_edit,paraphrase,1,1,-0.0,0.0
exp12_search_edit_13,search_edit,paraphrase,1,2,-0.0,0.0
exp12_search_edit_13,search_edit,paraphrase,1,3,-0.0,0.0
exp12_search_edit_13,search_edit,paraphrase,1,4,-0.0,0.0
exp12_search_edit_13,search_edit,paraphrase,1,5,-0.0,0.0
exp12_search_edit_13,search_edit,paraphrase,1,6,-0.0,0.0
exp12_search_edit_13,search_edit,paraphrase,1,7,-0.0,0.0
exp12_search_edit_13,search_edit,paraphrase,1,8,-0.0,0.0
exp12_search_edit_13,search_edit,paraphrase,1,9,-0.0,0.0
exp12_search_edit_13,search_edit,paraphrase,1,10,-0.0,0.0
exp12_search_edit_13,search_edit,paraphrase,1,11,-0.0,0.0
exp12_search_edit_13,search_edit,paraphrase,1,12,-0.0,0.0
exp12_search_edit_13,search_edit,paraphrase,1,13,-0.0,0.0
exp12_search_edit_13,search_edit,paraphrase,1,14,-0.0,0.0
exp12_search_edit_13,search_edit,paraphrase,1,15,-0.0,0.0
exp12_search_edit_13,search_edit,paraphrase,1,16,0.17389030009508133,0.1776040829718113
exp12_search_edit_13,search_edit,paraphrase,1,17,-0.0010289102792739868,0.0009763240814208984
exp12_search_edit_13,search_edit,paraphrase,1,18,0.004957452416419983,0.020888589322566986
exp12_search_edit_13,search_edit,paraphrase,1,19,-0.025424659252166748,-0.020929522812366486
exp12_search_edit_13,search_edit,paraphrase,1,20,-0.0,0.0
exp12_search_edit_13,search_edit,paraphrase,1,21,-0.0,0.0
exp12_search_edit_13,search_edit,paraphrase,1,22,-0.0,0.0
exp12_search_edit_13,search_edit,paraphrase,1,23,-0.0,0.0
exp12_search_edit_13,search_edit,paraphrase,1,24,-0.0,0.0
exp12_search_edit_13,search_edit,paraphrase,1,25,-0.0,0.0
exp12_search_edit_13,search_edit,paraphrase,1,26,-0.0,0.0
exp12_search_edit_13,search_edit,paraphrase,1,27,-0.0,0.0
exp12_search_edit_13,search_edit,paraphrase,1,28,-0.0,0.0
exp12_search_edit_13,search_edit,paraphrase,1,29,-0.0,0.0
exp12_search_edit_13,search_edit,paraphrase,1,30,-0.0,0.0
exp12_search_edit_13,search_edit,paraphrase,1,31,-0.0,0.0
exp12_search_edit_15,search_edit,canonical,0,0,0.0,0.0
exp12_search_edit_15,search_edit,canonical,0,1,0.0,0.0
exp12_search_edit_15,search_edit,canonical,0,2,0.0,0.0
exp12_search_edit_15,search_edit,canonical,0,3,0.0,0.0
exp12_search_edit_15,search_edit,canonical,0,4,0.0,0.0
exp12_search_edit_15,search_edit,canonical,0,5,0.0,0.0
exp12_search_edit_15,search_edit,canonical,0,6,0.0,0.0
exp12_search_edit_15,search_edit,canonical,0,7,0.0,0.0
exp12_search_edit_15,search_edit,canonical,0,8,0.0,0.0
exp12_search_edit_15,search_edit,canonical,0,9,0.0,0.0
exp12_search_edit_15,search_edit,canonical,0,10,0.0,0.0
exp12_search_edit_15,search_edit,canonical,0,11,0.0,0.0
exp12_search_edit_15,search_edit,canonical,0,12,0.0,0.0
exp12_search_edit_15,search_edit,canonical,0,13,0.0,0.0
exp12_search_edit_15,search_edit,canonical,0,14,0.0,0.0
exp12_search_edit_15,search_edit,canonical,0,15,0.0,0.0
exp12_search_edit_15,search_edit,canonical,0,16,0.12671160697937012,0.12289535999298096
exp12_search_edit_15,search_edit,canonical,0,17,2.384185791015625e-06,-6.794929504394531e-06
exp12_search_edit_15,search_edit,canonical,0,18,0.016315758228302002,0.026376783847808838
exp12_search_edit_15,search_edit,canonical,0,19,-0.019436895847320557,-0.016315460205078125
exp12_search_edit_15,search_edit,canonical,0,20,0.0,0.0
exp12_search_edit_15,search_edit,canonical,0,21,0.0,0.0
exp12_search_edit_15,search_edit,canonical,0,22,0.0,0.0
exp12_search_edit_15,search_edit,canonical,0,23,0.0,0.0
exp12_search_edit_15,search_edit,canonical,0,24,0.0,0.0
exp12_search_edit_15,search_edit,canonical,0,25,0.0,0.0
exp12_search_edit_15,search_edit,canonical,0,26,0.0,0.0
exp12_search_edit_15,search_edit,canonical,0,27,0.0,0.0
exp12_search_edit_15,search_edit,canonical,0,28,0.0,0.0
exp12_search_edit_15,search_edit,canonical,0,29,0.0,0.0
exp12_search_edit_15,search_edit,canonical,0,30,0.0,0.0
exp12_search_edit_15,search_edit,canonical,0,31,0.0,0.0
exp12_search_edit_15,search_edit,paraphrase,0,0,0.0,0.0
exp12_search_edit_15,search_edit,paraphrase,0,1,0.0,0.0
exp12_search_edit_15,search_edit,paraphrase,0,2,0.0,0.0
exp12_search_edit_15,search_edit,paraphrase,0,3,0.0,0.0
exp12_search_edit_15,search_edit,paraphrase,0,4,0.0,0.0
exp12_search_edit_15,search_edit,paraphrase,0,5,0.0,0.0
exp12_search_edit_15,search_edit,paraphrase,0,6,0.0,0.0
exp12_search_edit_15,search_edit,paraphrase,0,7,0.0,0.0
exp12_search_edit_15,search_edit,paraphrase,0,8,0.0,0.0
exp12_search_edit_15,search_edit,paraphrase,0,9,0.0,0.0
exp12_search_edit_15,search_edit,paraphrase,0,10,0.0,0.0
exp12_search_edit_15,search_edit,paraphrase,0,11,0.0,0.0
exp12_search_edit_15,search_edit,paraphrase,0,12,0.0,0.0
exp12_search_edit_15,search_edit,paraphrase,0,13,0.0,0.0
exp12_search_edit_15,search_edit,paraphrase,0,14,0.0,0.0
exp12_search_edit_15,search_edit,paraphrase,0,15,0.0,0.0
exp12_search_edit_15,search_edit,paraphrase,0,16,0.12481707334518433,0.12460991740226746
exp12_search_edit_15,search_edit,paraphrase,0,17,-0.0015626847743988037,-0.001564323902130127
exp12_search_edit_15,search_edit,paraphrase,0,18,0.016308456659317017,0.010937362909317017
exp12_search_edit_15,search_edit,paraphrase,0,19,-0.028598934412002563,-0.030171573162078857
exp12_search_edit_15,search_edit,paraphrase,0,20,0.0,0.0
exp12_search_edit_15,search_edit,paraphrase,0,21,0.0,0.0
exp12_search_edit_15,search_edit,paraphrase,0,22,0.0,0.0
exp12_search_edit_15,search_edit,paraphrase,0,23,0.0,0.0
exp12_search_edit_15,search_edit,paraphrase,0,24,0.0,0.0
exp12_search_edit_15,search_edit,paraphrase,0,25,0.0,0.0
exp12_search_edit_15,search_edit,paraphrase,0,26,0.0,0.0
exp12_search_edit_15,search_edit,paraphrase,0,27,0.0,0.0
exp12_search_edit_15,search_edit,paraphrase,0,28,0.0,0.0
exp12_search_edit_15,search_edit,paraphrase,0,29,0.0,0.0
exp12_search_edit_15,search_edit,paraphrase,0,30,0.0,0.0
exp12_search_edit_15,search_edit,paraphrase,0,31,0.0,0.0
exp12_search_edit_15,search_edit,canonical,1,0,-0.0,0.0
exp12_search_edit_15,search_edit,canonical,1,1,-0.0,0.0
exp12_search_edit_15,search_edit,canonical,1,2,-0.0,0.0
exp12_search_edit_15,search_edit,canonical,1,3,-0.0,0.0
exp12_search_edit_15,search_edit,canonical,1,4,-0.0,0.0
exp12_search_edit_15,search_edit,canonical,1,5,-0.0,0.0
exp12_search_edit_15,search_edit,canonical,1,6,-0.0,0.0
exp12_search_edit_15,search_edit,canonical,1,7,-0.0,0.0
exp12_search_edit_15,search_edit,canonical,1,8,-0.0,0.0
exp12_search_edit_15,search_edit,canonical,1,9,-0.0,0.0
exp12_search_edit_15,search_edit,canonical,1,10,-0.0,0.0
exp12_search_edit_15,search_edit,canonical,1,11,-0.0,0.0
exp12_search_edit_15,search_edit,canonical,1,12,-0.0,0.0
exp12_search_edit_15,search_edit,canonical,1,13,-0.0,0.0
exp12_search_edit_15,search_edit,canonical,1,14,-0.0,0.0
exp12_search_edit_15,search_edit,canonical,1,15,-0.0,0.0
exp12_search_edit_15,search_edit,canonical,1,16,0.19839268922805786,0.19211454689502716
exp12_search_edit_15,search_edit,canonical,1,17,-3.4570693969726562e-06,-0.0013042688369750977
exp12_search_edit_15,search_edit,canonical,1,18,0.020496100187301636,0.021519482135772705
exp12_search_edit_15,search_edit,canonical,1,19,-0.018771827220916748,-0.025806933641433716
exp12_search_edit_15,search_edit,canonical,1,20,-0.0,0.0
exp12_search_edit_15,search_edit,canonical,1,21,-0.0,0.0
exp12_search_edit_15,search_edit,canonical,1,22,-0.0,0.0
exp12_search_edit_15,search_edit,canonical,1,23,-0.0,0.0
exp12_search_edit_15,search_edit,canonical,1,24,-0.0,0.0
exp12_search_edit_15,search_edit,canonical,1,25,-0.0,0.0
exp12_search_edit_15,search_edit,canonical,1,26,-0.0,0.0
exp12_search_edit_15,search_edit,canonical,1,27,-0.0,0.0
exp12_search_edit_15,search_edit,canonical,1,28,-0.0,0.0
exp12_search_edit_15,search_edit,canonical,1,29,-0.0,0.0
exp12_search_edit_15,search_edit,canonical,1,30,-0.0,0.0
exp12_search_edit_15,search_edit,canonical,1,31,-0.0,0.0
exp12_search_edit_15,search_edit,paraphrase,1,0,-0.0,0.0
exp12_search_edit_15,search_edit,paraphrase,1,1,-0.0,0.0
exp12_search_edit_15,search_edit,paraphrase,1,2,-0.0,0.0
exp12_search_edit_15,search_edit,paraphrase,1,3,-0.0,0.0
exp12_search_edit_15,search_edit,paraphrase,1,4,-0.0,0.0
exp12_search_edit_15,search_edit,paraphrase,1,5,-0.0,0.0
exp12_search_edit_15,search_edit,paraphrase,1,6,-0.0,0.0
exp12_search_edit_15,search_edit,paraphrase,1,7,-0.0,0.0
exp12_search_edit_15,search_edit,paraphrase,1,8,-0.0,0.0
exp12_search_edit_15,search_edit,paraphrase,1,9,-0.0,0.0
exp12_search_edit_15,search_edit,paraphrase,1,10,-0.0,0.0
exp12_search_edit_15,search_edit,paraphrase,1,11,-0.0,0.0
exp12_search_edit_15,search_edit,paraphrase,1,12,-0.0,0.0
exp12_search_edit_15,search_edit,paraphrase,1,13,-0.0,0.0
exp12_search_edit_15,search_edit,paraphrase,1,14,-0.0,0.0
exp12_search_edit_15,search_edit,paraphrase,1,15,-0.0,0.0
exp12_search_edit_15,search_edit,paraphrase,1,16,0.1390130203217268,0.12745109759271145
exp12_search_edit_15,search_edit,paraphrase,1,17,0.011784562841057777,-0.0017707347869873047
exp12_search_edit_15,search_edit,paraphrase,1,18,0.018729468807578087,0.0034732110798358917
exp12_search_edit_15,search_edit,paraphrase,1,19,-0.02224148064851761,-0.020237311720848083
exp12_search_edit_15,search_edit,paraphrase,1,20,-0.0,0.0
exp12_search_edit_15,search_edit,paraphrase,1,21,-0.0,0.0
exp12_search_edit_15,search_edit,paraphrase,1,22,-0.0,0.0
exp12_search_edit_15,search_edit,paraphrase,1,23,-0.0,0.0
exp12_search_edit_15,search_edit,paraphrase,1,24,-0.0,0.0
exp12_search_edit_15,search_edit,paraphrase,1,25,-0.0,0.0
exp12_search_edit_15,search_edit,paraphrase,1,26,-0.0,0.0
exp12_search_edit_15,search_edit,paraphrase,1,27,-0.0,0.0
exp12_search_edit_15,search_edit,paraphrase,1,28,-0.0,0.0
exp12_search_edit_15,search_edit,paraphrase,1,29,-0.0,0.0
exp12_search_edit_15,search_edit,paraphrase,1,30,-0.0,0.0
exp12_search_edit_15,search_edit,paraphrase,1,31,-0.0,0.0
exp12_config_command_03,config_command,canonical,0,0,0.0,0.0
exp12_config_command_03,config_command,canonical,0,1,0.0,0.0
exp12_config_command_03,config_command,canonical,0,2,0.0,0.0
exp12_config_command_03,config_command,canonical,0,3,0.0,0.0
exp12_config_command_03,config_command,canonical,0,4,0.0,0.0
exp12_config_command_03,config_command,canonical,0,5,0.0,0.0
exp12_config_command_03,config_command,canonical,0,6,0.0,0.0
exp12_config_command_03,config_command,canonical,0,7,0.0,0.0
exp12_config_command_03,config_command,canonical,0,8,0.0,0.0
exp12_config_command_03,config_command,canonical,0,9,0.0,0.0
exp12_config_command_03,config_command,canonical,0,10,0.0,0.0
exp12_config_command_03,config_command,canonical,0,11,0.0,0.0
exp12_config_command_03,config_command,canonical,0,12,0.0,0.0
exp12_config_command_03,config_command,canonical,0,13,0.0,0.0
exp12_config_command_03,config_command,canonical,0,14,0.0,0.0
exp12_config_command_03,config_command,canonical,0,15,0.0,0.0
exp12_config_command_03,config_command,canonical,0,16,0.09250980615615845,0.09057873487472534
exp12_config_command_03,config_command,canonical,0,17,0.0005318820476531982,0.002602815628051758
exp12_config_command_03,config_command,canonical,0,18,0.004506945610046387,0.005802035331726074
exp12_config_command_03,config_command,canonical,0,19,-0.013552218675613403,-0.017183393239974976
exp12_config_command_03,config_command,canonical,0,20,0.0,0.0
exp12_config_command_03,config_command,canonical,0,21,0.0,0.0
exp12_config_command_03,config_command,canonical,0,22,0.0,0.0
exp12_config_command_03,config_command,canonical,0,23,0.0,0.0
exp12_config_command_03,config_command,canonical,0,24,0.0,0.0
exp12_config_command_03,config_command,canonical,0,25,0.0,0.0
exp12_config_command_03,config_command,canonical,0,26,0.0,0.0
exp12_config_command_03,config_command,canonical,0,27,0.0,0.0
exp12_config_command_03,config_command,canonical,0,28,0.0,0.0
exp12_config_command_03,config_command,canonical,0,29,0.0,0.0
exp12_config_command_03,config_command,canonical,0,30,0.0,0.0
exp12_config_command_03,config_command,canonical,0,31,0.0,0.0
exp12_config_command_03,config_command,paraphrase,0,0,0.0,0.0
exp12_config_command_03,config_command,paraphrase,0,1,0.0,0.0
exp12_config_command_03,config_command,paraphrase,0,2,0.0,0.0
exp12_config_command_03,config_command,paraphrase,0,3,0.0,0.0
exp12_config_command_03,config_command,paraphrase,0,4,0.0,0.0
exp12_config_command_03,config_command,paraphrase,0,5,0.0,0.0
exp12_config_command_03,config_command,paraphrase,0,6,0.0,0.0
exp12_config_command_03,config_command,paraphrase,0,7,0.0,0.0
exp12_config_command_03,config_command,paraphrase,0,8,0.0,0.0
exp12_config_command_03,config_command,paraphrase,0,9,0.0,0.0
exp12_config_command_03,config_command,paraphrase,0,10,0.0,0.0
exp12_config_command_03,config_command,paraphrase,0,11,0.0,0.0
exp12_config_command_03,config_command,paraphrase,0,12,0.0,0.0
exp12_config_command_03,config_command,paraphrase,0,13,0.0,0.0
exp12_config_command_03,config_command,paraphrase,0,14,0.0,0.0
exp12_config_command_03,config_command,paraphrase,0,15,0.0,0.0
exp12_config_command_03,config_command,paraphrase,0,16,0.12193435430526733,0.1181536316871643
exp12_config_command_03,config_command,paraphrase,0,17,0.002119094133377075,-0.0011318325996398926
exp12_config_command_03,config_command,paraphrase,0,18,0.0067774951457977295,0.008306920528411865
exp12_config_command_03,config_command,paraphrase,0,19,-0.010905712842941284,-0.020932674407958984
exp12_config_command_03,config_command,paraphrase,0,20,0.0,0.0
exp12_config_command_03,config_command,paraphrase,0,21,0.0,0.0
exp12_config_command_03,config_command,paraphrase,0,22,0.0,0.0
exp12_config_command_03,config_command,paraphrase,0,23,0.0,0.0
exp12_config_command_03,config_command,paraphrase,0,24,0.0,0.0
exp12_config_command_03,config_command,paraphrase,0,25,0.0,0.0
exp12_config_command_03,config_command,paraphrase,0,26,0.0,0.0
exp12_config_command_03,config_command,paraphrase,0,27,0.0,0.0
exp12_config_command_03,config_command,paraphrase,0,28,0.0,0.0
exp12_config_command_03,config_command,paraphrase,0,29,0.0,0.0
exp12_config_command_03,config_command,paraphrase,0,30,0.0,0.0
exp12_config_command_03,config_command,paraphrase,0,31,0.0,0.0
exp12_config_command_03,config_command,canonical,1,0,-0.0,0.0
exp12_config_command_03,config_command,canonical,1,1,-0.0,0.0
exp12_config_command_03,config_command,canonical,1,2,-0.0,0.0
exp12_config_command_03,config_command,canonical,1,3,-0.0,0.0
exp12_config_command_03,config_command,canonical,1,4,-0.0,0.0
exp12_config_command_03,config_command,canonical,1,5,-0.0,0.0
exp12_config_command_03,config_command,canonical,1,6,-0.0,0.0
exp12_config_command_03,config_command,canonical,1,7,-0.0,0.0
exp12_config_command_03,config_command,canonical,1,8,-0.0,0.0
exp12_config_command_03,config_command,canonical,1,9,-0.0,0.0
exp12_config_command_03,config_command,canonical,1,10,-0.0,0.0
exp12_config_command_03,config_command,canonical,1,11,-0.0,0.0
exp12_config_command_03,config_command,canonical,1,12,-0.0,0.0
exp12_config_command_03,config_command,canonical,1,13,-0.0,0.0
exp12_config_command_03,config_command,canonical,1,14,-0.0,0.0
exp12_config_command_03,config_command,canonical,1,15,-0.0,0.0
exp12_config_command_03,config_command,canonical,1,16,0.06021660566329956,0.06472549587488174
exp12_config_command_03,config_command,canonical,1,17,0.0016324818134307861,0.0011576786637306213
exp12_config_command_03,config_command,canonical,1,18,0.0009824484586715698,0.007854215800762177
exp12_config_command_03,config_command,canonical,1,19,-0.00030750781297683716,-0.0003443881869316101
exp12_config_command_03,config_command,canonical,1,20,-0.0,0.0
exp12_config_command_03,config_command,canonical,1,21,-0.0,0.0
exp12_config_command_03,config_command,canonical,1,22,-0.0,0.0
exp12_config_command_03,config_command,canonical,1,23,-0.0,0.0
exp12_config_command_03,config_command,canonical,1,24,-0.0,0.0
exp12_config_command_03,config_command,canonical,1,25,-0.0,0.0
exp12_config_command_03,config_command,canonical,1,26,-0.0,0.0
exp12_config_command_03,config_command,canonical,1,27,-0.0,0.0
exp12_config_command_03,config_command,canonical,1,28,-0.0,0.0
exp12_config_command_03,config_command,canonical,1,29,-0.0,0.0
exp12_config_command_03,config_command,canonical,1,30,-0.0,0.0
exp12_config_command_03,config_command,canonical,1,31,-0.0,0.0
exp12_config_command_03,config_command,paraphrase,1,0,-0.0,0.0
exp12_config_command_03,config_command,paraphrase,1,1,-0.0,0.0
exp12_config_command_03,config_command,paraphrase,1,2,-0.0,0.0
exp12_config_command_03,config_command,paraphrase,1,3,-0.0,0.0
exp12_config_command_03,config_command,paraphrase,1,4,-0.0,0.0
exp12_config_command_03,config_command,paraphrase,1,5,-0.0,0.0
exp12_config_command_03,config_command,paraphrase,1,6,-0.0,0.0
exp12_config_command_03,config_command,paraphrase,1,7,-0.0,0.0
exp12_config_command_03,config_command,paraphrase,1,8,-0.0,0.0
exp12_config_command_03,config_command,paraphrase,1,9,-0.0,0.0
exp12_config_command_03,config_command,paraphrase,1,10,-0.0,0.0
exp12_config_command_03,config_command,paraphrase,1,11,-0.0,0.0
exp12_config_command_03,config_command,paraphrase,1,12,-0.0,0.0
exp12_config_command_03,config_command,paraphrase,1,13,-0.0,0.0
exp12_config_command_03,config_command,paraphrase,1,14,-0.0,0.0
exp12_config_command_03,config_command,paraphrase,1,15,-0.0,0.0
exp12_config_command_03,config_command,paraphrase,1,16,0.07760559022426605,0.072002112865448
exp12_config_command_03,config_command,paraphrase,1,17,-1.0952353477478027e-05,3.441423177719116e-05
exp12_config_command_03,config_command,paraphrase,1,18,0.010351359844207764,0.00641169399023056
exp12_config_command_03,config_command,paraphrase,1,19,-3.477931022644043e-05,-0.004316061735153198
exp12_config_command_03,config_command,paraphrase,1,20,-0.0,0.0
exp12_config_command_03,config_command,paraphrase,1,21,-0.0,0.0
exp12_config_command_03,config_command,paraphrase,1,22,-0.0,0.0
exp12_config_command_03,config_command,paraphrase,1,23,-0.0,0.0
exp12_config_command_03,config_command,paraphrase,1,24,-0.0,0.0
exp12_config_command_03,config_command,paraphrase,1,25,-0.0,0.0
exp12_config_command_03,config_command,paraphrase,1,26,-0.0,0.0
exp12_config_command_03,config_command,paraphrase,1,27,-0.0,0.0
exp12_config_command_03,config_command,paraphrase,1,28,-0.0,0.0
exp12_config_command_03,config_command,paraphrase,1,29,-0.0,0.0
exp12_config_command_03,config_command,paraphrase,1,30,-0.0,0.0
exp12_config_command_03,config_command,paraphrase,1,31,-0.0,0.0
exp12_config_command_05,config_command,canonical,0,0,0.0,0.0
exp12_config_command_05,config_command,canonical,0,1,0.0,0.0
exp12_config_command_05,config_command,canonical,0,2,0.0,0.0
exp12_config_command_05,config_command,canonical,0,3,0.0,0.0
exp12_config_command_05,config_command,canonical,0,4,0.0,0.0
exp12_config_command_05,config_command,canonical,0,5,0.0,0.0
exp12_config_command_05,config_command,canonical,0,6,0.0,0.0
exp12_config_command_05,config_command,canonical,0,7,0.0,0.0
exp12_config_command_05,config_command,canonical,0,8,0.0,0.0
exp12_config_command_05,config_command,canonical,0,9,0.0,0.0
exp12_config_command_05,config_command,canonical,0,10,0.0,0.0
exp12_config_command_05,config_command,canonical,0,11,0.0,0.0
exp12_config_command_05,config_command,canonical,0,12,0.0,0.0
exp12_config_command_05,config_command,canonical,0,13,0.0,0.0
exp12_config_command_05,config_command,canonical,0,14,0.0,0.0
exp12_config_command_05,config_command,canonical,0,15,0.0,0.0
exp12_config_command_05,config_command,canonical,0,16,0.12608879804611206,0.12533658742904663
exp12_config_command_05,config_command,canonical,0,17,-0.0007465779781341553,-0.00854995846748352
exp12_config_command_05,config_command,canonical,0,18,0.00909501314163208,0.008540838956832886
exp12_config_command_05,config_command,canonical,0,19,-0.013628900051116943,-0.01828598976135254
exp12_config_command_05,config_command,canonical,0,20,0.0,0.0
exp12_config_command_05,config_command,canonical,0,21,0.0,0.0
exp12_config_command_05,config_command,canonical,0,22,0.0,0.0
exp12_config_command_05,config_command,canonical,0,23,0.0,0.0
exp12_config_command_05,config_command,canonical,0,24,0.0,0.0
exp12_config_command_05,config_command,canonical,0,25,0.0,0.0
exp12_config_command_05,config_command,canonical,0,26,0.0,0.0
exp12_config_command_05,config_command,canonical,0,27,0.0,0.0
exp12_config_command_05,config_command,canonical,0,28,0.0,0.0
exp12_config_command_05,config_command,canonical,0,29,0.0,0.0
exp12_config_command_05,config_command,canonical,0,30,0.0,0.0
exp12_config_command_05,config_command,canonical,0,31,0.0,0.0
exp12_config_command_05,config_command,paraphrase,0,0,0.0,0.0
exp12_config_command_05,config_command,paraphrase,0,1,0.0,0.0
exp12_config_command_05,config_command,paraphrase,0,2,0.0,0.0
exp12_config_command_05,config_command,paraphrase,0,3,0.0,0.0
exp12_config_command_05,config_command,paraphrase,0,4,0.0,0.0
exp12_config_command_05,config_command,paraphrase,0,5,0.0,0.0
exp12_config_command_05,config_command,paraphrase,0,6,0.0,0.0
exp12_config_command_05,config_command,paraphrase,0,7,0.0,0.0
exp12_config_command_05,config_command,paraphrase,0,8,0.0,0.0
exp12_config_command_05,config_command,paraphrase,0,9,0.0,0.0
exp12_config_command_05,config_command,paraphrase,0,10,0.0,0.0
exp12_config_command_05,config_command,paraphrase,0,11,0.0,0.0
exp12_config_command_05,config_command,paraphrase,0,12,0.0,0.0
exp12_config_command_05,config_command,paraphrase,0,13,0.0,0.0
exp12_config_command_05,config_command,paraphrase,0,14,0.0,0.0
exp12_config_command_05,config_command,paraphrase,0,15,0.0,0.0
exp12_config_command_05,config_command,paraphrase,0,16,0.14227432012557983,0.13992688059806824
exp12_config_command_05,config_command,paraphrase,0,17,-0.0012056231498718262,-0.0011890828609466553
exp12_config_command_05,config_command,paraphrase,0,18,0.012892544269561768,0.015330195426940918
exp12_config_command_05,config_command,paraphrase,0,19,-0.011421889066696167,-0.015624195337295532
exp12_config_command_05,config_command,paraphrase,0,20,0.0,0.0
exp12_config_command_05,config_command,paraphrase,0,21,0.0,0.0
exp12_config_command_05,config_command,paraphrase,0,22,0.0,0.0
exp12_config_command_05,config_command,paraphrase,0,23,0.0,0.0
exp12_config_command_05,config_command,paraphrase,0,24,0.0,0.0
exp12_config_command_05,config_command,paraphrase,0,25,0.0,0.0
exp12_config_command_05,config_command,paraphrase,0,26,0.0,0.0
exp12_config_command_05,config_command,paraphrase,0,27,0.0,0.0
exp12_config_command_05,config_command,paraphrase,0,28,0.0,0.0
exp12_config_command_05,config_command,paraphrase,0,29,0.0,0.0
exp12_config_command_05,config_command,paraphrase,0,30,0.0,0.0
exp12_config_command_05,config_command,paraphrase,0,31,0.0,0.0
exp12_config_command_05,config_command,canonical,1,0,-0.0,0.0
exp12_config_command_05,config_command,canonical,1,1,-0.0,0.0
exp12_config_command_05,config_command,canonical,1,2,-0.0,0.0
exp12_config_command_05,config_command,canonical,1,3,-0.0,0.0
exp12_config_command_05,config_command,canonical,1,4,-0.0,0.0
exp12_config_command_05,config_command,canonical,1,5,-0.0,0.0
exp12_config_command_05,config_command,canonical,1,6,-0.0,0.0
exp12_config_command_05,config_command,canonical,1,7,-0.0,0.0
exp12_config_command_05,config_command,canonical,1,8,-0.0,0.0
exp12_config_command_05,config_command,canonical,1,9,-0.0,0.0
exp12_config_command_05,config_command,canonical,1,10,-0.0,0.0
exp12_config_command_05,config_command,canonical,1,11,-0.0,0.0
exp12_config_command_05,config_command,canonical,1,12,-0.0,0.0
exp12_config_command_05,config_command,canonical,1,13,-0.0,0.0
exp12_config_command_05,config_command,canonical,1,14,-0.0,0.0
exp12_config_command_05,config_command,canonical,1,15,-0.0,0.0
exp12_config_command_05,config_command,canonical,1,16,0.06677679717540741,0.0688052847981453
exp12_config_command_05,config_command,canonical,1,17,-0.0017709657549858093,-0.000357702374458313
exp12_config_command_05,config_command,canonical,1,18,-0.0017624422907829285,0.007061019539833069
exp12_config_command_05,config_command,canonical,1,19,-0.0025869235396385193,-0.002223283052444458
exp12_config_command_05,config_command,canonical,1,20,-0.0,0.0
exp12_config_command_05,config_command,canonical,1,21,-0.0,0.0
exp12_config_command_05,config_command,canonical,1,22,-0.0,0.0
exp12_config_command_05,config_command,canonical,1,23,-0.0,0.0
exp12_config_command_05,config_command,canonical,1,24,-0.0,0.0
exp12_config_command_05,config_command,canonical,1,25,-0.0,0.0
exp12_config_command_05,config_command,canonical,1,26,-0.0,0.0
exp12_config_command_05,config_command,canonical,1,27,-0.0,0.0
exp12_config_command_05,config_command,canonical,1,28,-0.0,0.0
exp12_config_command_05,config_command,canonical,1,29,-0.0,0.0
exp12_config_command_05,config_command,canonical,1,30,-0.0,0.0
exp12_config_command_05,config_command,canonical,1,31,-0.0,0.0
exp12_config_command_05,config_command,paraphrase,1,0,-0.0,0.0
exp12_config_command_05,config_command,paraphrase,1,1,-0.0,0.0
exp12_config_command_05,config_command,paraphrase,1,2,-0.0,0.0
exp12_config_command_05,config_command,paraphrase,1,3,-0.0,0.0
exp12_config_command_05,config_command,paraphrase,1,4,-0.0,0.0
exp12_config_command_05,config_command,paraphrase,1,5,-0.0,0.0
exp12_config_command_05,config_command,paraphrase,1,6,-0.0,0.0
exp12_config_command_05,config_command,paraphrase,1,7,-0.0,0.0
exp12_config_command_05,config_command,paraphrase,1,8,-0.0,0.0
exp12_config_command_05,config_command,paraphrase,1,9,-0.0,0.0
exp12_config_command_05,config_command,paraphrase,1,10,-0.0,0.0
exp12_config_command_05,config_command,paraphrase,1,11,-0.0,0.0
exp12_config_command_05,config_command,paraphrase,1,12,-0.0,0.0
exp12_config_command_05,config_command,paraphrase,1,13,-0.0,0.0
exp12_config_command_05,config_command,paraphrase,1,14,-0.0,0.0
exp12_config_command_05,config_command,paraphrase,1,15,-0.0,0.0
exp12_config_command_05,config_command,paraphrase,1,16,0.0845475047826767,0.0830889418721199
exp12_config_command_05,config_command,paraphrase,1,17,-0.0013843029737472534,0.0014072507619857788
exp12_config_command_05,config_command,paraphrase,1,18,0.0014379322528839111,0.004976101219654083
exp12_config_command_05,config_command,paraphrase,1,19,-0.0014068782329559326,-0.005004286766052246
exp12_config_command_05,config_command,paraphrase,1,20,-0.0,0.0
exp12_config_command_05,config_command,paraphrase,1,21,-0.0,0.0
exp12_config_command_05,config_command,paraphrase,1,22,-0.0,0.0
exp12_config_command_05,config_command,paraphrase,1,23,-0.0,0.0
exp12_config_command_05,config_command,paraphrase,1,24,-0.0,0.0
exp12_config_command_05,config_command,paraphrase,1,25,-0.0,0.0
exp12_config_command_05,config_command,paraphrase,1,26,-0.0,0.0
exp12_config_command_05,config_command,paraphrase,1,27,-0.0,0.0
exp12_config_command_05,config_command,paraphrase,1,28,-0.0,0.0
exp12_config_command_05,config_command,paraphrase,1,29,-0.0,0.0
exp12_config_command_05,config_command,paraphrase,1,30,-0.0,0.0
exp12_config_command_05,config_command,paraphrase,1,31,-0.0,0.0
exp12_config_command_06,config_command,canonical,0,0,0.0,0.0
exp12_config_command_06,config_command,canonical,0,1,0.0,0.0
exp12_config_command_06,config_command,canonical,0,2,0.0,0.0
exp12_config_command_06,config_command,canonical,0,3,0.0,0.0
exp12_config_command_06,config_command,canonical,0,4,0.0,0.0
exp12_config_command_06,config_command,canonical,0,5,0.0,0.0
exp12_config_command_06,config_command,canonical,0,6,0.0,0.0
exp12_config_command_06,config_command,canonical,0,7,0.0,0.0
exp12_config_command_06,config_command,canonical,0,8,0.0,0.0
exp12_config_command_06,config_command,canonical,0,9,0.0,0.0
exp12_config_command_06,config_command,canonical,0,10,0.0,0.0
exp12_config_command_06,config_command,canonical,0,11,0.0,0.0
exp12_config_command_06,config_command,canonical,0,12,0.0,0.0
exp12_config_command_06,config_command,canonical,0,13,0.0,0.0
exp12_config_command_06,config_command,canonical,0,14,0.0,0.0
exp12_config_command_06,config_command,canonical,0,15,0.0,0.0
exp12_config_command_06,config_command,canonical,0,16,0.11716923117637634,0.11896288394927979
exp12_config_command_06,config_command,canonical,0,17,-0.0015002787113189697,-1.2010335922241211e-05
exp12_config_command_06,config_command,canonical,0,18,0.011538326740264893,0.01587808132171631
exp12_config_command_06,config_command,canonical,0,19,-0.01589706540107727,-0.017712444067001343
exp12_config_command_06,config_command,canonical,0,20,0.0,0.0
exp12_config_command_06,config_command,canonical,0,21,0.0,0.0
exp12_config_command_06,config_command,canonical,0,22,0.0,0.0
exp12_config_command_06,config_command,canonical,0,23,0.0,0.0
exp12_config_command_06,config_command,canonical,0,24,0.0,0.0
exp12_config_command_06,config_command,canonical,0,25,0.0,0.0
exp12_config_command_06,config_command,canonical,0,26,0.0,0.0
exp12_config_command_06,config_command,canonical,0,27,0.0,0.0
exp12_config_command_06,config_command,canonical,0,28,0.0,0.0
exp12_config_command_06,config_command,canonical,0,29,0.0,0.0
exp12_config_command_06,config_command,canonical,0,30,0.0,0.0
exp12_config_command_06,config_command,canonical,0,31,0.0,0.0
exp12_config_command_06,config_command,paraphrase,0,0,0.0,0.0
exp12_config_command_06,config_command,paraphrase,0,1,0.0,0.0
exp12_config_command_06,config_command,paraphrase,0,2,0.0,0.0
exp12_config_command_06,config_command,paraphrase,0,3,0.0,0.0
exp12_config_command_06,config_command,paraphrase,0,4,0.0,0.0
exp12_config_command_06,config_command,paraphrase,0,5,0.0,0.0
exp12_config_command_06,config_command,paraphrase,0,6,0.0,0.0
exp12_config_command_06,config_command,paraphrase,0,7,0.0,0.0
exp12_config_command_06,config_command,paraphrase,0,8,0.0,0.0
exp12_config_command_06,config_command,paraphrase,0,9,0.0,0.0
exp12_config_command_06,config_command,paraphrase,0,10,0.0,0.0
exp12_config_command_06,config_command,paraphrase,0,11,0.0,0.0
exp12_config_command_06,config_command,paraphrase,0,12,0.0,0.0
exp12_config_command_06,config_command,paraphrase,0,13,0.0,0.0
exp12_config_command_06,config_command,paraphrase,0,14,0.0,0.0
exp12_config_command_06,config_command,paraphrase,0,15,0.0,0.0
exp12_config_command_06,config_command,paraphrase,0,16,0.12941285967826843,0.12761181592941284
exp12_config_command_06,config_command,paraphrase,0,17,-0.0006056129932403564,-0.0024063289165496826
exp12_config_command_06,config_command,paraphrase,0,18,0.013495445251464844,0.009615182876586914
exp12_config_command_06,config_command,paraphrase,0,19,-0.009607106447219849,-0.020099371671676636
exp12_config_command_06,config_command,paraphrase,0,20,0.0,0.0
exp12_config_command_06,config_command,paraphrase,0,21,0.0,0.0
exp12_config_command_06,config_command,paraphrase,0,22,0.0,0.0
exp12_config_command_06,config_command,paraphrase,0,23,0.0,0.0
exp12_config_command_06,config_command,paraphrase,0,24,0.0,0.0
exp12_config_command_06,config_command,paraphrase,0,25,0.0,0.0
exp12_config_command_06,config_command,paraphrase,0,26,0.0,0.0
exp12_config_command_06,config_command,paraphrase,0,27,0.0,0.0
exp12_config_command_06,config_command,paraphrase,0,28,0.0,0.0
exp12_config_command_06,config_command,paraphrase,0,29,0.0,0.0
exp12_config_command_06,config_command,paraphrase,0,30,0.0,0.0
exp12_config_command_06,config_command,paraphrase,0,31,0.0,0.0
exp12_config_command_06,config_command,canonical,1,0,-0.0,0.0
exp12_config_command_06,config_command,canonical,1,1,-0.0,0.0
exp12_config_command_06,config_command,canonical,1,2,-0.0,0.0
exp12_config_command_06,config_command,canonical,1,3,-0.0,0.0
exp12_config_command_06,config_command,canonical,1,4,-0.0,0.0
exp12_config_command_06,config_command,canonical,1,5,-0.0,0.0
exp12_config_command_06,config_command,canonical,1,6,-0.0,0.0
exp12_config_command_06,config_command,canonical,1,7,-0.0,0.0
exp12_config_command_06,config_command,canonical,1,8,-0.0,0.0
exp12_config_command_06,config_command,canonical,1,9,-0.0,0.0
exp12_config_command_06,config_command,canonical,1,10,-0.0,0.0
exp12_config_command_06,config_command,canonical,1,11,-0.0,0.0
exp12_config_command_06,config_command,canonical,1,12,-0.0,0.0
exp12_config_command_06,config_command,canonical,1,13,-0.0,0.0
exp12_config_command_06,config_command,canonical,1,14,-0.0,0.0
exp12_config_command_06,config_command,canonical,1,15,-0.0,0.0
exp12_config_command_06,config_command,canonical,1,16,0.07066351175308228,0.07136798650026321
exp12_config_command_06,config_command,canonical,1,17,-0.00265628844499588,-0.0010653287172317505
exp12_config_command_06,config_command,canonical,1,18,0.00842864066362381,0.005466878414154053
exp12_config_command_06,config_command,canonical,1,19,-0.0037756413221359253,-0.0067306458950042725
exp12_config_command_06,config_command,canonical,1,20,-0.0,0.0
exp12_config_command_06,config_command,canonical,1,21,-0.0,0.0
exp12_config_command_06,config_command,canonical,1,22,-0.0,0.0
exp12_config_command_06,config_command,canonical,1,23,-0.0,0.0
exp12_config_command_06,config_command,canonical,1,24,-0.0,0.0
exp12_config_command_06,config_command,canonical,1,25,-0.0,0.0
exp12_config_command_06,config_command,canonical,1,26,-0.0,0.0
exp12_config_command_06,config_command,canonical,1,27,-0.0,0.0
exp12_config_command_06,config_command,canonical,1,28,-0.0,0.0
exp12_config_command_06,config_command,canonical,1,29,-0.0,0.0
exp12_config_command_06,config_command,canonical,1,30,-0.0,0.0
exp12_config_command_06,config_command,canonical,1,31,-0.0,0.0
exp12_config_command_06,config_command,paraphrase,1,0,-0.0,0.0
exp12_config_command_06,config_command,paraphrase,1,1,-0.0,0.0
exp12_config_command_06,config_command,paraphrase,1,2,-0.0,0.0
exp12_config_command_06,config_command,paraphrase,1,3,-0.0,0.0
exp12_config_command_06,config_command,paraphrase,1,4,-0.0,0.0
exp12_config_command_06,config_command,paraphrase,1,5,-0.0,0.0
exp12_config_command_06,config_command,paraphrase,1,6,-0.0,0.0
exp12_config_command_06,config_command,paraphrase,1,7,-0.0,0.0
exp12_config_command_06,config_command,paraphrase,1,8,-0.0,0.0
exp12_config_command_06,config_command,paraphrase,1,9,-0.0,0.0
exp12_config_command_06,config_command,paraphrase,1,10,-0.0,0.0
exp12_config_command_06,config_command,paraphrase,1,11,-0.0,0.0
exp12_config_command_06,config_command,paraphrase,1,12,-0.0,0.0
exp12_config_command_06,config_command,paraphrase,1,13,-0.0,0.0
exp12_config_command_06,config_command,paraphrase,1,14,-0.0,0.0
exp12_config_command_06,config_command,paraphrase,1,15,-0.0,0.0
exp12_config_command_06,config_command,paraphrase,1,16,0.06978602707386017,0.06777019798755646
exp12_config_command_06,config_command,paraphrase,1,17,7.241964340209961e-06,-0.004872456192970276
exp12_config_command_06,config_command,paraphrase,1,18,0.0049484968185424805,0.004876717925071716
exp12_config_command_06,config_command,paraphrase,1,19,-0.007810235023498535,-0.012609481811523438
exp12_config_command_06,config_command,paraphrase,1,20,-0.0,0.0
exp12_config_command_06,config_command,paraphrase,1,21,-0.0,0.0
exp12_config_command_06,config_command,paraphrase,1,22,-0.0,0.0
exp12_config_command_06,config_command,paraphrase,1,23,-0.0,0.0
exp12_config_command_06,config_command,paraphrase,1,24,-0.0,0.0
exp12_config_command_06,config_command,paraphrase,1,25,-0.0,0.0
exp12_config_command_06,config_command,paraphrase,1,26,-0.0,0.0
exp12_config_command_06,config_command,paraphrase,1,27,-0.0,0.0
exp12_config_command_06,config_command,paraphrase,1,28,-0.0,0.0
exp12_config_command_06,config_command,paraphrase,1,29,-0.0,0.0
exp12_config_command_06,config_command,paraphrase,1,30,-0.0,0.0
exp12_config_command_06,config_command,paraphrase,1,31,-0.0,0.0
exp12_config_command_08,config_command,canonical,0,0,0.0,0.0
exp12_config_command_08,config_command,canonical,0,1,0.0,0.0
exp12_config_command_08,config_command,canonical,0,2,0.0,0.0
exp12_config_command_08,config_command,canonical,0,3,0.0,0.0
exp12_config_command_08,config_command,canonical,0,4,0.0,0.0
exp12_config_command_08,config_command,canonical,0,5,0.0,0.0
exp12_config_command_08,config_command,canonical,0,6,0.0,0.0
exp12_config_command_08,config_command,canonical,0,7,0.0,0.0
exp12_config_command_08,config_command,canonical,0,8,0.0,0.0
exp12_config_command_08,config_command,canonical,0,9,0.0,0.0
exp12_config_command_08,config_command,canonical,0,10,0.0,0.0
exp12_config_command_08,config_command,canonical,0,11,0.0,0.0
exp12_config_command_08,config_command,canonical,0,12,0.0,0.0
exp12_config_command_08,config_command,canonical,0,13,0.0,0.0
exp12_config_command_08,config_command,canonical,0,14,0.0,0.0
exp12_config_command_08,config_command,canonical,0,15,0.0,0.0
exp12_config_command_08,config_command,canonical,0,16,0.1096862256526947,0.11065945029258728
exp12_config_command_08,config_command,canonical,0,17,-0.0013957619667053223,-0.0011209547519683838
exp12_config_command_08,config_command,canonical,0,18,0.005999743938446045,0.012959659099578857
exp12_config_command_08,config_command,canonical,0,19,-0.009273380041122437,-0.015147775411605835
exp12_config_command_08,config_command,canonical,0,20,0.0,0.0
exp12_config_command_08,config_command,canonical,0,21,0.0,0.0
exp12_config_command_08,config_command,canonical,0,22,0.0,0.0
exp12_config_command_08,config_command,canonical,0,23,0.0,0.0
exp12_config_command_08,config_command,canonical,0,24,0.0,0.0
exp12_config_command_08,config_command,canonical,0,25,0.0,0.0
exp12_config_command_08,config_command,canonical,0,26,0.0,0.0
exp12_config_command_08,config_command,canonical,0,27,0.0,0.0
exp12_config_command_08,config_command,canonical,0,28,0.0,0.0
exp12_config_command_08,config_command,canonical,0,29,0.0,0.0
exp12_config_command_08,config_command,canonical,0,30,0.0,0.0
exp12_config_command_08,config_command,canonical,0,31,0.0,0.0
exp12_config_command_08,config_command,paraphrase,0,0,0.0,0.0
exp12_config_command_08,config_command,paraphrase,0,1,0.0,0.0
exp12_config_command_08,config_command,paraphrase,0,2,0.0,0.0
exp12_config_command_08,config_command,paraphrase,0,3,0.0,0.0
exp12_config_command_08,config_command,paraphrase,0,4,0.0,0.0
exp12_config_command_08,config_command,paraphrase,0,5,0.0,0.0
exp12_config_command_08,config_command,paraphrase,0,6,0.0,0.0
exp12_config_command_08,config_command,paraphrase,0,7,0.0,0.0
exp12_config_command_08,config_command,paraphrase,0,8,0.0,0.0
exp12_config_command_08,config_command,paraphrase,0,9,0.0,0.0
exp12_config_command_08,config_command,paraphrase,0,10,0.0,0.0
exp12_config_command_08,config_command,paraphrase,0,11,0.0,0.0
exp12_config_command_08,config_command,paraphrase,0,12,0.0,0.0
exp12_config_command_08,config_command,paraphrase,0,13,0.0,0.0
exp12_config_command_08,config_command,paraphrase,0,14,0.0,0.0
exp12_config_command_08,config_command,paraphrase,0,15,0.0,0.0
exp12_config_command_08,config_command,paraphrase,0,16,0.1311054229736328,0.12862256169319153
exp12_config_command_08,config_command,paraphrase,0,17,0.0008297264575958252,0.0034322738647460938
exp12_config_command_08,config_command,paraphrase,0,18,0.013764560222625732,0.013762980699539185
exp12_config_command_08,config_command,paraphrase,0,19,-0.010076403617858887,-0.014568448066711426
exp12_config_command_08,config_command,paraphrase,0,20,0.0,0.0
exp12_config_command_08,config_command,paraphrase,0,21,0.0,0.0
exp12_config_command_08,config_command,paraphrase,0,22,0.0,0.0
exp12_config_command_08,config_command,paraphrase,0,23,0.0,0.0
exp12_config_command_08,config_command,paraphrase,0,24,0.0,0.0
exp12_config_command_08,config_command,paraphrase,0,25,0.0,0.0
exp12_config_command_08,config_command,paraphrase,0,26,0.0,0.0
exp12_config_command_08,config_command,paraphrase,0,27,0.0,0.0
exp12_config_command_08,config_command,paraphrase,0,28,0.0,0.0
exp12_config_command_08,config_command,paraphrase,0,29,0.0,0.0
exp12_config_command_08,config_command,paraphrase,0,30,0.0,0.0
exp12_config_command_08,config_command,paraphrase,0,31,0.0,0.0
exp12_config_command_08,config_command,canonical,1,0,-0.0,0.0
exp12_config_command_08,config_command,canonical,1,1,-0.0,0.0
exp12_config_command_08,config_command,canonical,1,2,-0.0,0.0
exp12_config_command_08,config_command,canonical,1,3,-0.0,0.0
exp12_config_command_08,config_command,canonical,1,4,-0.0,0.0
exp12_config_command_08,config_command,canonical,1,5,-0.0,0.0
exp12_config_command_08,config_command,canonical,1,6,-0.0,0.0
exp12_config_command_08,config_command,canonical,1,7,-0.0,0.0
exp12_config_command_08,config_command,canonical,1,8,-0.0,0.0
exp12_config_command_08,config_command,canonical,1,9,-0.0,0.0
exp12_config_command_08,config_command,canonical,1,10,-0.0,0.0
exp12_config_command_08,config_command,canonical,1,11,-0.0,0.0
exp12_config_command_08,config_command,canonical,1,12,-0.0,0.0
exp12_config_command_08,config_command,canonical,1,13,-0.0,0.0
exp12_config_command_08,config_command,canonical,1,14,-0.0,0.0
exp12_config_command_08,config_command,canonical,1,15,-0.0,0.0
exp12_config_command_08,config_command,canonical,1,16,0.06661354750394821,0.06944435089826584
exp12_config_command_08,config_command,canonical,1,17,-0.0014339238405227661,0.0010660439729690552
exp12_config_command_08,config_command,canonical,1,18,0.00034572184085845947,0.008344486355781555
exp12_config_command_08,config_command,canonical,1,19,-0.002503924071788788,0.0010626167058944702
exp12_config_command_08,config_command,canonical,1,20,-0.0,0.0
exp12_config_command_08,config_command,canonical,1,21,-0.0,0.0
exp12_config_command_08,config_command,canonical,1,22,-0.0,0.0
exp12_config_command_08,config_command,canonical,1,23,-0.0,0.0
exp12_config_command_08,config_command,canonical,1,24,-0.0,0.0
exp12_config_command_08,config_command,canonical,1,25,-0.0,0.0
exp12_config_command_08,config_command,canonical,1,26,-0.0,0.0
exp12_config_command_08,config_command,canonical,1,27,-0.0,0.0
exp12_config_command_08,config_command,canonical,1,28,-0.0,0.0
exp12_config_command_08,config_command,canonical,1,29,-0.0,0.0
exp12_config_command_08,config_command,canonical,1,30,-0.0,0.0
exp12_config_command_08,config_command,canonical,1,31,-0.0,0.0
exp12_config_command_08,config_command,paraphrase,1,0,-0.0,0.0
exp12_config_command_08,config_command,paraphrase,1,1,-0.0,0.0
exp12_config_command_08,config_command,paraphrase,1,2,-0.0,0.0
exp12_config_command_08,config_command,paraphrase,1,3,-0.0,0.0
exp12_config_command_08,config_command,paraphrase,1,4,-0.0,0.0
exp12_config_command_08,config_command,paraphrase,1,5,-0.0,0.0
exp12_config_command_08,config_command,paraphrase,1,6,-0.0,0.0
exp12_config_command_08,config_command,paraphrase,1,7,-0.0,0.0
exp12_config_command_08,config_command,paraphrase,1,8,-0.0,0.0
exp12_config_command_08,config_command,paraphrase,1,9,-0.0,0.0
exp12_config_command_08,config_command,paraphrase,1,10,-0.0,0.0
exp12_config_command_08,config_command,paraphrase,1,11,-0.0,0.0
exp12_config_command_08,config_command,paraphrase,1,12,-0.0,0.0
exp12_config_command_08,config_command,paraphrase,1,13,-0.0,0.0
exp12_config_command_08,config_command,paraphrase,1,14,-0.0,0.0
exp12_config_command_08,config_command,paraphrase,1,15,-0.0,0.0
exp12_config_command_08,config_command,paraphrase,1,16,0.05514286458492279,0.06148479878902435
exp12_config_command_08,config_command,paraphrase,1,17,1.341104507446289e-07,-0.0028412193059921265
exp12_config_command_08,config_command,paraphrase,1,18,1.4796853065490723e-05,0.006309449672698975
exp12_config_command_08,config_command,paraphrase,1,19,-0.004625484347343445,-0.005684852600097656
exp12_config_command_08,config_command,paraphrase,1,20,-0.0,0.0
exp12_config_command_08,config_command,paraphrase,1,21,-0.0,0.0
exp12_config_command_08,config_command,paraphrase,1,22,-0.0,0.0
exp12_config_command_08,config_command,paraphrase,1,23,-0.0,0.0
exp12_config_command_08,config_command,paraphrase,1,24,-0.0,0.0
exp12_config_command_08,config_command,paraphrase,1,25,-0.0,0.0
exp12_config_command_08,config_command,paraphrase,1,26,-0.0,0.0
exp12_config_command_08,config_command,paraphrase,1,27,-0.0,0.0
exp12_config_command_08,config_command,paraphrase,1,28,-0.0,0.0
exp12_config_command_08,config_command,paraphrase,1,29,-0.0,0.0
exp12_config_command_08,config_command,paraphrase,1,30,-0.0,0.0
exp12_config_command_08,config_command,paraphrase,1,31,-0.0,0.0
exp12_config_command_09,config_command,canonical,0,0,0.0,0.0
exp12_config_command_09,config_command,canonical,0,1,0.0,0.0
exp12_config_command_09,config_command,canonical,0,2,0.0,0.0
exp12_config_command_09,config_command,canonical,0,3,0.0,0.0
exp12_config_command_09,config_command,canonical,0,4,0.0,0.0
exp12_config_command_09,config_command,canonical,0,5,0.0,0.0
exp12_config_command_09,config_command,canonical,0,6,0.0,0.0
exp12_config_command_09,config_command,canonical,0,7,0.0,0.0
exp12_config_command_09,config_command,canonical,0,8,0.0,0.0
exp12_config_command_09,config_command,canonical,0,9,0.0,0.0
exp12_config_command_09,config_command,canonical,0,10,0.0,0.0
exp12_config_command_09,config_command,canonical,0,11,0.0,0.0
exp12_config_command_09,config_command,canonical,0,12,0.0,0.0
exp12_config_command_09,config_command,canonical,0,13,0.0,0.0
exp12_config_command_09,config_command,canonical,0,14,0.0,0.0
exp12_config_command_09,config_command,canonical,0,15,0.0,0.0
exp12_config_command_09,config_command,canonical,0,16,0.10244333744049072,0.09585028886795044
exp12_config_command_09,config_command,canonical,0,17,-0.0006462931632995605,-0.0011318325996398926
exp12_config_command_09,config_command,canonical,0,18,0.011744916439056396,0.008969217538833618
exp12_config_command_09,config_command,canonical,0,19,-0.01029813289642334,-0.016314834356307983
exp12_config_command_09,config_command,canonical,0,20,0.0,0.0
exp12_config_command_09,config_command,canonical,0,21,0.0,0.0
exp12_config_command_09,config_command,canonical,0,22,0.0,0.0
exp12_config_command_09,config_command,canonical,0,23,0.0,0.0
exp12_config_command_09,config_command,canonical,0,24,0.0,0.0
exp12_config_command_09,config_command,canonical,0,25,0.0,0.0
exp12_config_command_09,config_command,canonical,0,26,0.0,0.0
exp12_config_command_09,config_command,canonical,0,27,0.0,0.0
exp12_config_command_09,config_command,canonical,0,28,0.0,0.0
exp12_config_command_09,config_command,canonical,0,29,0.0,0.0
exp12_config_command_09,config_command,canonical,0,30,0.0,0.0
exp12_config_command_09,config_command,canonical,0,31,0.0,0.0
exp12_config_command_09,config_command,paraphrase,0,0,0.0,0.0
exp12_config_command_09,config_command,paraphrase,0,1,0.0,0.0
exp12_config_command_09,config_command,paraphrase,0,2,0.0,0.0
exp12_config_command_09,config_command,paraphrase,0,3,0.0,0.0
exp12_config_command_09,config_command,paraphrase,0,4,0.0,0.0
exp12_config_command_09,config_command,paraphrase,0,5,0.0,0.0
exp12_config_command_09,config_command,paraphrase,0,6,0.0,0.0
exp12_config_command_09,config_command,paraphrase,0,7,0.0,0.0
exp12_config_command_09,config_command,paraphrase,0,8,0.0,0.0
exp12_config_command_09,config_command,paraphrase,0,9,0.0,0.0
exp12_config_command_09,config_command,paraphrase,0,10,0.0,0.0
exp12_config_command_09,config_command,paraphrase,0,11,0.0,0.0
exp12_config_command_09,config_command,paraphrase,0,12,0.0,0.0
exp12_config_command_09,config_command,paraphrase,0,13,0.0,0.0
exp12_config_command_09,config_command,paraphrase,0,14,0.0,0.0
exp12_config_command_09,config_command,paraphrase,0,15,0.0,0.0
exp12_config_command_09,config_command,paraphrase,0,16,0.08911478519439697,0.09170317649841309
exp12_config_command_09,config_command,paraphrase,0,17,-0.0005581378936767578,-3.9905309677124023e-05
exp12_config_command_09,config_command,paraphrase,0,18,0.00789836049079895,0.008973151445388794
exp12_config_command_09,config_command,paraphrase,0,19,-0.008962124586105347,-0.015325099229812622
exp12_config_command_09,config_command,paraphrase,0,20,0.0,0.0
exp12_config_command_09,config_command,paraphrase,0,21,0.0,0.0
exp12_config_command_09,config_command,paraphrase,0,22,0.0,0.0
exp12_config_command_09,config_command,paraphrase,0,23,0.0,0.0
exp12_config_command_09,config_command,paraphrase,0,24,0.0,0.0
exp12_config_command_09,config_command,paraphrase,0,25,0.0,0.0
exp12_config_command_09,config_command,paraphrase,0,26,0.0,0.0
exp12_config_command_09,config_command,paraphrase,0,27,0.0,0.0
exp12_config_command_09,config_command,paraphrase,0,28,0.0,0.0
exp12_config_command_09,config_command,paraphrase,0,29,0.0,0.0
exp12_config_command_09,config_command,paraphrase,0,30,0.0,0.0
exp12_config_command_09,config_command,paraphrase,0,31,0.0,0.0
exp12_config_command_09,config_command,canonical,1,0,-0.0,0.0
exp12_config_command_09,config_command,canonical,1,1,-0.0,0.0
exp12_config_command_09,config_command,canonical,1,2,-0.0,0.0
exp12_config_command_09,config_command,canonical,1,3,-0.0,0.0
exp12_config_command_09,config_command,canonical,1,4,-0.0,0.0
exp12_config_command_09,config_command,canonical,1,5,-0.0,0.0
exp12_config_command_09,config_command,canonical,1,6,-0.0,0.0
exp12_config_command_09,config_command,canonical,1,7,-0.0,0.0
exp12_config_command_09,config_command,canonical,1,8,-0.0,0.0
exp12_config_command_09,config_command,canonical,1,9,-0.0,0.0
exp12_config_command_09,config_command,canonical,1,10,-0.0,0.0
exp12_config_command_09,config_command,canonical,1,11,-0.0,0.0
exp12_config_command_09,config_command,canonical,1,12,-0.0,0.0
exp12_config_command_09,config_command,canonical,1,13,-0.0,0.0
exp12_config_command_09,config_command,canonical,1,14,-0.0,0.0
exp12_config_command_09,config_command,canonical,1,15,-0.0,0.0
exp12_config_command_09,config_command,canonical,1,16,0.0703820064663887,0.07070815563201904
exp12_config_command_09,config_command,canonical,1,17,-0.0019567906856536865,0.0003229379653930664
exp12_config_command_09,config_command,canonical,1,18,0.001834273338317871,0.005784980952739716
exp12_config_command_09,config_command,canonical,1,19,-0.0035829469561576843,-0.0022810474038124084
exp12_config_command_09,config_command,canonical,1,20,-0.0,0.0
exp12_config_command_09,config_command,canonical,1,21,-0.0,0.0
exp12_config_command_09,config_command,canonical,1,22,-0.0,0.0
exp12_config_command_09,config_command,canonical,1,23,-0.0,0.0
exp12_config_command_09,config_command,canonical,1,24,-0.0,0.0
exp12_config_command_09,config_command,canonical,1,25,-0.0,0.0
exp12_config_command_09,config_command,canonical,1,26,-0.0,0.0
exp12_config_command_09,config_command,canonical,1,27,-0.0,0.0
exp12_config_command_09,config_command,canonical,1,28,-0.0,0.0
exp12_config_command_09,config_command,canonical,1,29,-0.0,0.0
exp12_config_command_09,config_command,canonical,1,30,-0.0,0.0
exp12_config_command_09,config_command,canonical,1,31,-0.0,0.0
exp12_config_command_09,config_command,paraphrase,1,0,-0.0,0.0
exp12_config_command_09,config_command,paraphrase,1,1,-0.0,0.0
exp12_config_command_09,config_command,paraphrase,1,2,-0.0,0.0
exp12_config_command_09,config_command,paraphrase,1,3,-0.0,0.0
exp12_config_command_09,config_command,paraphrase,1,4,-0.0,0.0
exp12_config_command_09,config_command,paraphrase,1,5,-0.0,0.0
exp12_config_command_09,config_command,paraphrase,1,6,-0.0,0.0
exp12_config_command_09,config_command,paraphrase,1,7,-0.0,0.0
exp12_config_command_09,config_command,paraphrase,1,8,-0.0,0.0
exp12_config_command_09,config_command,paraphrase,1,9,-0.0,0.0
exp12_config_command_09,config_command,paraphrase,1,10,-0.0,0.0
exp12_config_command_09,config_command,paraphrase,1,11,-0.0,0.0
exp12_config_command_09,config_command,paraphrase,1,12,-0.0,0.0
exp12_config_command_09,config_command,paraphrase,1,13,-0.0,0.0
exp12_config_command_09,config_command,paraphrase,1,14,-0.0,0.0
exp12_config_command_09,config_command,paraphrase,1,15,-0.0,0.0
exp12_config_command_09,config_command,paraphrase,1,16,0.062158018350601196,0.062210142612457275
exp12_config_command_09,config_command,paraphrase,1,17,-2.7760863304138184e-05,-9.268522262573242e-06
exp12_config_command_09,config_command,paraphrase,1,18,0.004470109939575195,0.004473894834518433
exp12_config_command_09,config_command,paraphrase,1,19,-3.364682197570801e-05,-0.004491865634918213
exp12_config_command_09,config_command,paraphrase,1,20,-0.0,0.0
exp12_config_command_09,config_command,paraphrase,1,21,-0.0,0.0
exp12_config_command_09,config_command,paraphrase,1,22,-0.0,0.0
exp12_config_command_09,config_command,paraphrase,1,23,-0.0,0.0
exp12_config_command_09,config_command,paraphrase,1,24,-0.0,0.0
exp12_config_command_09,config_command,paraphrase,1,25,-0.0,0.0
exp12_config_command_09,config_command,paraphrase,1,26,-0.0,0.0
exp12_config_command_09,config_command,paraphrase,1,27,-0.0,0.0
exp12_config_command_09,config_command,paraphrase,1,28,-0.0,0.0
exp12_config_command_09,config_command,paraphrase,1,29,-0.0,0.0
exp12_config_command_09,config_command,paraphrase,1,30,-0.0,0.0
exp12_config_command_09,config_command,paraphrase,1,31,-0.0,0.0
exp12_config_command_10,config_command,canonical,0,0,0.0,0.0
exp12_config_command_10,config_command,canonical,0,1,0.0,0.0
exp12_config_command_10,config_command,canonical,0,2,0.0,0.0
exp12_config_command_10,config_command,canonical,0,3,0.0,0.0
exp12_config_command_10,config_command,canonical,0,4,0.0,0.0
exp12_config_command_10,config_command,canonical,0,5,0.0,0.0
exp12_config_command_10,config_command,canonical,0,6,0.0,0.0
exp12_config_command_10,config_command,canonical,0,7,0.0,0.0
exp12_config_command_10,config_command,canonical,0,8,0.0,0.0
exp12_config_command_10,config_command,canonical,0,9,0.0,0.0
exp12_config_command_10,config_command,canonical,0,10,0.0,0.0
exp12_config_command_10,config_command,canonical,0,11,0.0,0.0
exp12_config_command_10,config_command,canonical,0,12,0.0,0.0
exp12_config_command_10,config_command,canonical,0,13,0.0,0.0
exp12_config_command_10,config_command,canonical,0,14,0.0,0.0
exp12_config_command_10,config_command,canonical,0,15,0.0,0.0
exp12_config_command_10,config_command,canonical,0,16,0.09501394629478455,0.09515586495399475
exp12_config_command_10,config_command,canonical,0,17,-0.0013946294784545898,-0.0005176961421966553
exp12_config_command_10,config_command,canonical,0,18,0.010502457618713379,0.007811099290847778
exp12_config_command_10,config_command,canonical,0,19,-0.015114247798919678,-0.015813708305358887
exp12_config_command_10,config_command,canonical,0,20,0.0,0.0
exp12_config_command_10,config_command,canonical,0,21,0.0,0.0
exp12_config_command_10,config_command,canonical,0,22,0.0,0.0
exp12_config_command_10,config_command,canonical,0,23,0.0,0.0
exp12_config_command_10,config_command,canonical,0,24,0.0,0.0
exp12_config_command_10,config_command,canonical,0,25,0.0,0.0
exp12_config_command_10,config_command,canonical,0,26,0.0,0.0
exp12_config_command_10,config_command,canonical,0,27,0.0,0.0
exp12_config_command_10,config_command,canonical,0,28,0.0,0.0
exp12_config_command_10,config_command,canonical,0,29,0.0,0.0
exp12_config_command_10,config_command,canonical,0,30,0.0,0.0
exp12_config_command_10,config_command,canonical,0,31,0.0,0.0
exp12_config_command_10,config_command,paraphrase,0,0,0.0,0.0
exp12_config_command_10,config_command,paraphrase,0,1,0.0,0.0
exp12_config_command_10,config_command,paraphrase,0,2,0.0,0.0
exp12_config_command_10,config_command,paraphrase,0,3,0.0,0.0
exp12_config_command_10,config_command,paraphrase,0,4,0.0,0.0
exp12_config_command_10,config_command,paraphrase,0,5,0.0,0.0
exp12_config_command_10,config_command,paraphrase,0,6,0.0,0.0
exp12_config_command_10,config_command,paraphrase,0,7,0.0,0.0
exp12_config_command_10,config_command,paraphrase,0,8,0.0,0.0
exp12_config_command_10,config_command,paraphrase,0,9,0.0,0.0
exp12_config_command_10,config_command,paraphrase,0,10,0.0,0.0
exp12_config_command_10,config_command,paraphrase,0,11,0.0,0.0
exp12_config_command_10,config_command,paraphrase,0,12,0.0,0.0
exp12_config_command_10,config_command,paraphrase,0,13,0.0,0.0
exp12_config_command_10,config_command,paraphrase,0,14,0.0,0.0
exp12_config_command_10,config_command,paraphrase,0,15,0.0,0.0
exp12_config_command_10,config_command,paraphrase,0,16,0.10994276404380798,0.11221253871917725
exp12_config_command_10,config_command,paraphrase,0,17,-0.0016784071922302246,4.5865774154663086e-05
exp12_config_command_10,config_command,paraphrase,0,18,0.0050685107707977295,0.015298724174499512
exp12_config_command_10,config_command,paraphrase,0,19,-0.011166483163833618,-0.013342618942260742
exp12_config_command_10,config_command,paraphrase,0,20,0.0,0.0
exp12_config_command_10,config_command,paraphrase,0,21,0.0,0.0
exp12_config_command_10,config_command,paraphrase,0,22,0.0,0.0
exp12_config_command_10,config_command,paraphrase,0,23,0.0,0.0
exp12_config_command_10,config_command,paraphrase,0,24,0.0,0.0
exp12_config_command_10,config_command,paraphrase,0,25,0.0,0.0
exp12_config_command_10,config_command,paraphrase,0,26,0.0,0.0
exp12_config_command_10,config_command,paraphrase,0,27,0.0,0.0
exp12_config_command_10,config_command,paraphrase,0,28,0.0,0.0
exp12_config_command_10,config_command,paraphrase,0,29,0.0,0.0
exp12_config_command_10,config_command,paraphrase,0,30,0.0,0.0
exp12_config_command_10,config_command,paraphrase,0,31,0.0,0.0
exp12_config_command_10,config_command,canonical,1,0,-0.0,0.0
exp12_config_command_10,config_command,canonical,1,1,-0.0,0.0
exp12_config_command_10,config_command,canonical,1,2,-0.0,0.0
exp12_config_command_10,config_command,canonical,1,3,-0.0,0.0
exp12_config_command_10,config_command,canonical,1,4,-0.0,0.0
exp12_config_command_10,config_command,canonical,1,5,-0.0,0.0
exp12_config_command_10,config_command,canonical,1,6,-0.0,0.0
exp12_config_command_10,config_command,canonical,1,7,-0.0,0.0
exp12_config_command_10,config_command,canonical,1,8,-0.0,0.0
exp12_config_command_10,config_command,canonical,1,9,-0.0,0.0
exp12_config_command_10,config_command,canonical,1,10,-0.0,0.0
exp12_config_command_10,config_command,canonical,1,11,-0.0,0.0
exp12_config_command_10,config_command,canonical,1,12,-0.0,0.0
exp12_config_command_10,config_command,canonical,1,13,-0.0,0.0
exp12_config_command_10,config_command,canonical,1,14,-0.0,0.0
exp12_config_command_10,config_command,canonical,1,15,-0.0,0.0
exp12_config_command_10,config_command,canonical,1,16,0.06305977702140808,0.06322033703327179
exp12_config_command_10,config_command,canonical,1,17,-0.0003268122673034668,0.0009724125266075134
exp12_config_command_10,config_command,canonical,1,18,0.010248556733131409,0.005026310682296753
exp12_config_command_10,config_command,canonical,1,19,-0.0016291961073875427,-0.006887905299663544
exp12_config_command_10,config_command,canonical,1,20,-0.0,0.0
exp12_config_command_10,config_command,canonical,1,21,-0.0,0.0
exp12_config_command_10,config_command,canonical,1,22,-0.0,0.0
exp12_config_command_10,config_command,canonical,1,23,-0.0,0.0
exp12_config_command_10,config_command,canonical,1,24,-0.0,0.0
exp12_config_command_10,config_command,canonical,1,25,-0.0,0.0
exp12_config_command_10,config_command,canonical,1,26,-0.0,0.0
exp12_config_command_10,config_command,canonical,1,27,-0.0,0.0
exp12_config_command_10,config_command,canonical,1,28,-0.0,0.0
exp12_config_command_10,config_command,canonical,1,29,-0.0,0.0
exp12_config_command_10,config_command,canonical,1,30,-0.0,0.0
exp12_config_command_10,config_command,canonical,1,31,-0.0,0.0
exp12_config_command_10,config_command,paraphrase,1,0,-0.0,0.0
exp12_config_command_10,config_command,paraphrase,1,1,-0.0,0.0
exp12_config_command_10,config_command,paraphrase,1,2,-0.0,0.0
exp12_config_command_10,config_command,paraphrase,1,3,-0.0,0.0
exp12_config_command_10,config_command,paraphrase,1,4,-0.0,0.0
exp12_config_command_10,config_command,paraphrase,1,5,-0.0,0.0
exp12_config_command_10,config_command,paraphrase,1,6,-0.0,0.0
exp12_config_command_10,config_command,paraphrase,1,7,-0.0,0.0
exp12_config_command_10,config_command,paraphrase,1,8,-0.0,0.0
exp12_config_command_10,config_command,paraphrase,1,9,-0.0,0.0
exp12_config_command_10,config_command,paraphrase,1,10,-0.0,0.0
exp12_config_command_10,config_command,paraphrase,1,11,-0.0,0.0
exp12_config_command_10,config_command,paraphrase,1,12,-0.0,0.0
exp12_config_command_10,config_command,paraphrase,1,13,-0.0,0.0
exp12_config_command_10,config_command,paraphrase,1,14,-0.0,0.0
exp12_config_command_10,config_command,paraphrase,1,15,-0.0,0.0
exp12_config_command_10,config_command,paraphrase,1,16,0.04646431654691696,0.05101190507411957
exp12_config_command_10,config_command,paraphrase,1,17,-0.0026031136512756348,-3.528594970703125e-05
exp12_config_command_10,config_command,paraphrase,1,18,-0.002606309950351715,0.004555985331535339
exp12_config_command_10,config_command,paraphrase,1,19,-0.007225632667541504,-0.0026147812604904175
exp12_config_command_10,config_command,paraphrase,1,20,-0.0,0.0
exp12_config_command_10,config_command,paraphrase,1,21,-0.0,0.0
exp12_config_command_10,config_command,paraphrase,1,22,-0.0,0.0
exp12_config_command_10,config_command,paraphrase,1,23,-0.0,0.0
exp12_config_command_10,config_command,paraphrase,1,24,-0.0,0.0
exp12_config_command_10,config_command,paraphrase,1,25,-0.0,0.0
exp12_config_command_10,config_command,paraphrase,1,26,-0.0,0.0
exp12_config_command_10,config_command,paraphrase,1,27,-0.0,0.0
exp12_config_command_10,config_command,paraphrase,1,28,-0.0,0.0
exp12_config_command_10,config_command,paraphrase,1,29,-0.0,0.0
exp12_config_command_10,config_command,paraphrase,1,30,-0.0,0.0
exp12_config_command_10,config_command,paraphrase,1,31,-0.0,0.0
exp12_config_command_11,config_command,canonical,0,0,0.0,0.0
exp12_config_command_11,config_command,canonical,0,1,0.0,0.0
exp12_config_command_11,config_command,canonical,0,2,0.0,0.0
exp12_config_command_11,config_command,canonical,0,3,0.0,0.0
exp12_config_command_11,config_command,canonical,0,4,0.0,0.0
exp12_config_command_11,config_command,canonical,0,5,0.0,0.0
exp12_config_command_11,config_command,canonical,0,6,0.0,0.0
exp12_config_command_11,config_command,canonical,0,7,0.0,0.0
exp12_config_command_11,config_command,canonical,0,8,0.0,0.0
exp12_config_command_11,config_command,canonical,0,9,0.0,0.0
exp12_config_command_11,config_command,canonical,0,10,0.0,0.0
exp12_config_command_11,config_command,canonical,0,11,0.0,0.0
exp12_config_command_11,config_command,canonical,0,12,0.0,0.0
exp12_config_command_11,config_command,canonical,0,13,0.0,0.0
exp12_config_command_11,config_command,canonical,0,14,0.0,0.0
exp12_config_command_11,config_command,canonical,0,15,0.0,0.0
exp12_config_command_11,config_command,canonical,0,16,0.10022944211959839,0.09430322051048279
exp12_config_command_11,config_command,canonical,0,17,-0.0011379122734069824,-0.0005880892276763916
exp12_config_command_11,config_command,canonical,0,18,0.011878430843353271,0.00780642032623291
exp12_config_command_11,config_command,canonical,0,19,-0.007697463035583496,-0.01639464497566223
exp12_config_command_11,config_command,canonical,0,20,0.0,0.0
exp12_config_command_11,config_command,canonical,0,21,0.0,0.0
exp12_config_command_11,config_command,canonical,0,22,0.0,0.0
exp12_config_command_11,config_command,canonical,0,23,0.0,0.0
exp12_config_command_11,config_command,canonical,0,24,0.0,0.0
exp12_config_command_11,config_command,canonical,0,25,0.0,0.0
exp12_config_command_11,config_command,canonical,0,26,0.0,0.0
exp12_config_command_11,config_command,canonical,0,27,0.0,0.0
exp12_config_command_11,config_command,canonical,0,28,0.0,0.0
exp12_config_command_11,config_command,canonical,0,29,0.0,0.0
exp12_config_command_11,config_command,canonical,0,30,0.0,0.0
exp12_config_command_11,config_command,canonical,0,31,0.0,0.0
exp12_config_command_11,config_command,paraphrase,0,0,0.0,0.0
exp12_config_command_11,config_command,paraphrase,0,1,0.0,0.0
exp12_config_command_11,config_command,paraphrase,0,2,0.0,0.0
exp12_config_command_11,config_command,paraphrase,0,3,0.0,0.0
exp12_config_command_11,config_command,paraphrase,0,4,0.0,0.0
exp12_config_command_11,config_command,paraphrase,0,5,0.0,0.0
exp12_config_command_11,config_command,paraphrase,0,6,0.0,0.0
exp12_config_command_11,config_command,paraphrase,0,7,0.0,0.0
exp12_config_command_11,config_command,paraphrase,0,8,0.0,0.0
exp12_config_command_11,config_command,paraphrase,0,9,0.0,0.0
exp12_config_command_11,config_command,paraphrase,0,10,0.0,0.0
exp12_config_command_11,config_command,paraphrase,0,11,0.0,0.0
exp12_config_command_11,config_command,paraphrase,0,12,0.0,0.0
exp12_config_command_11,config_command,paraphrase,0,13,0.0,0.0
exp12_config_command_11,config_command,paraphrase,0,14,0.0,0.0
exp12_config_command_11,config_command,paraphrase,0,15,0.0,0.0
exp12_config_command_11,config_command,paraphrase,0,16,0.11885091662406921,0.11663097143173218
exp12_config_command_11,config_command,paraphrase,0,17,-8.851289749145508e-06,8.910894393920898e-06
exp12_config_command_11,config_command,paraphrase,0,18,0.006135135889053345,0.008936643600463867
exp12_config_command_11,config_command,paraphrase,0,19,-0.014142036437988281,-0.016321897506713867
exp12_config_command_11,config_command,paraphrase,0,20,0.0,0.0
exp12_config_command_11,config_command,paraphrase,0,21,0.0,0.0
exp12_config_command_11,config_command,paraphrase,0,22,0.0,0.0
exp12_config_command_11,config_command,paraphrase,0,23,0.0,0.0
exp12_config_command_11,config_command,paraphrase,0,24,0.0,0.0
exp12_config_command_11,config_command,paraphrase,0,25,0.0,0.0
exp12_config_command_11,config_command,paraphrase,0,26,0.0,0.0
exp12_config_command_11,config_command,paraphrase,0,27,0.0,0.0
exp12_config_command_11,config_command,paraphrase,0,28,0.0,0.0
exp12_config_command_11,config_command,paraphrase,0,29,0.0,0.0
exp12_config_command_11,config_command,paraphrase,0,30,0.0,0.0
exp12_config_command_11,config_command,paraphrase,0,31,0.0,0.0
exp12_config_command_11,config_command,canonical,1,0,-0.0,0.0
exp12_config_command_11,config_command,canonical,1,1,-0.0,0.0
exp12_config_command_11,config_command,canonical,1,2,-0.0,0.0
exp12_config_command_11,config_command,canonical,1,3,-0.0,0.0
exp12_config_command_11,config_command,canonical,1,4,-0.0,0.0
exp12_config_command_11,config_command,canonical,1,5,-0.0,0.0
exp12_config_command_11,config_command,canonical,1,6,-0.0,0.0
exp12_config_command_11,config_command,canonical,1,7,-0.0,0.0
exp12_config_command_11,config_command,canonical,1,8,-0.0,0.0
exp12_config_command_11,config_command,canonical,1,9,-0.0,0.0
exp12_config_command_11,config_command,canonical,1,10,-0.0,0.0
exp12_config_command_11,config_command,canonical,1,11,-0.0,0.0
exp12_config_command_11,config_command,canonical,1,12,-0.0,0.0
exp12_config_command_11,config_command,canonical,1,13,-0.0,0.0
exp12_config_command_11,config_command,canonical,1,14,-0.0,0.0
exp12_config_command_11,config_command,canonical,1,15,-0.0,0.0
exp12_config_command_11,config_command,canonical,1,16,0.06508398056030273,0.06605622917413712
exp12_config_command_11,config_command,canonical,1,17,0.0009681656956672668,-2.8312206268310547e-07
exp12_config_command_11,config_command,canonical,1,18,0.0009764581918716431,0.004073008894920349
exp12_config_command_11,config_command,canonical,1,19,0.0009722113609313965,-0.005057826638221741
exp12_config_command_11,config_command,canonical,1,20,-0.0,0.0
exp12_config_command_11,config_command,canonical,1,21,-0.0,0.0
exp12_config_command_11,config_command,canonical,1,22,-0.0,0.0
exp12_config_command_11,config_command,canonical,1,23,-0.0,0.0
exp12_config_command_11,config_command,canonical,1,24,-0.0,0.0
exp12_config_command_11,config_command,canonical,1,25,-0.0,0.0
exp12_config_command_11,config_command,canonical,1,26,-0.0,0.0
exp12_config_command_11,config_command,canonical,1,27,-0.0,0.0
exp12_config_command_11,config_command,canonical,1,28,-0.0,0.0
exp12_config_command_11,config_command,canonical,1,29,-0.0,0.0
exp12_config_command_11,config_command,canonical,1,30,-0.0,0.0
exp12_config_command_11,config_command,canonical,1,31,-0.0,0.0
exp12_config_command_11,config_command,paraphrase,1,0,-0.0,0.0
exp12_config_command_11,config_command,paraphrase,1,1,-0.0,0.0
exp12_config_command_11,config_command,paraphrase,1,2,-0.0,0.0
exp12_config_command_11,config_command,paraphrase,1,3,-0.0,0.0
exp12_config_command_11,config_command,paraphrase,1,4,-0.0,0.0
exp12_config_command_11,config_command,paraphrase,1,5,-0.0,0.0
exp12_config_command_11,config_command,paraphrase,1,6,-0.0,0.0
exp12_config_command_11,config_command,paraphrase,1,7,-0.0,0.0
exp12_config_command_11,config_command,paraphrase,1,8,-0.0,0.0
exp12_config_command_11,config_command,paraphrase,1,9,-0.0,0.0
exp12_config_command_11,config_command,paraphrase,1,10,-0.0,0.0
exp12_config_command_11,config_command,paraphrase,1,11,-0.0,0.0
exp12_config_command_11,config_command,paraphrase,1,12,-0.0,0.0
exp12_config_command_11,config_command,paraphrase,1,13,-0.0,0.0
exp12_config_command_11,config_command,paraphrase,1,14,-0.0,0.0
exp12_config_command_11,config_command,paraphrase,1,15,-0.0,0.0
exp12_config_command_11,config_command,paraphrase,1,16,0.07655499130487442,0.06938020139932632
exp12_config_command_11,config_command,paraphrase,1,17,6.109476089477539e-07,-0.0026008933782577515
exp12_config_command_11,config_command,paraphrase,1,18,0.0012956410646438599,0.0032631009817123413
exp12_config_command_11,config_command,paraphrase,1,19,3.133714199066162e-05,-0.007199898362159729
exp12_config_command_11,config_command,paraphrase,1,20,-0.0,0.0
exp12_config_command_11,config_command,paraphrase,1,21,-0.0,0.0
exp12_config_command_11,config_command,paraphrase,1,22,-0.0,0.0
exp12_config_command_11,config_command,paraphrase,1,23,-0.0,0.0
exp12_config_command_11,config_command,paraphrase,1,24,-0.0,0.0
exp12_config_command_11,config_command,paraphrase,1,25,-0.0,0.0
exp12_config_command_11,config_command,paraphrase,1,26,-0.0,0.0
exp12_config_command_11,config_command,paraphrase,1,27,-0.0,0.0
exp12_config_command_11,config_command,paraphrase,1,28,-0.0,0.0
exp12_config_command_11,config_command,paraphrase,1,29,-0.0,0.0
exp12_config_command_11,config_command,paraphrase,1,30,-0.0,0.0
exp12_config_command_11,config_command,paraphrase,1,31,-0.0,0.0
exp12_config_command_12,config_command,canonical,0,0,0.0,0.0
exp12_config_command_12,config_command,canonical,0,1,0.0,0.0
exp12_config_command_12,config_command,canonical,0,2,0.0,0.0
exp12_config_command_12,config_command,canonical,0,3,0.0,0.0
exp12_config_command_12,config_command,canonical,0,4,0.0,0.0
exp12_config_command_12,config_command,canonical,0,5,0.0,0.0
exp12_config_command_12,config_command,canonical,0,6,0.0,0.0
exp12_config_command_12,config_command,canonical,0,7,0.0,0.0
exp12_config_command_12,config_command,canonical,0,8,0.0,0.0
exp12_config_command_12,config_command,canonical,0,9,0.0,0.0
exp12_config_command_12,config_command,canonical,0,10,0.0,0.0
exp12_config_command_12,config_command,canonical,0,11,0.0,0.0
exp12_config_command_12,config_command,canonical,0,12,0.0,0.0
exp12_config_command_12,config_command,canonical,0,13,0.0,0.0
exp12_config_command_12,config_command,canonical,0,14,0.0,0.0
exp12_config_command_12,config_command,canonical,0,15,0.0,0.0
exp12_config_command_12,config_command,canonical,0,16,0.11513713002204895,0.11542192101478577
exp12_config_command_12,config_command,canonical,0,17,-0.00027999281883239746,-0.000555187463760376
exp12_config_command_12,config_command,canonical,0,18,0.012445777654647827,0.01300916075706482
exp12_config_command_12,config_command,canonical,0,19,-0.007972031831741333,-0.010597199201583862
exp12_config_command_12,config_command,canonical,0,20,0.0,0.0
exp12_config_command_12,config_command,canonical,0,21,0.0,0.0
exp12_config_command_12,config_command,canonical,0,22,0.0,0.0
exp12_config_command_12,config_command,canonical,0,23,0.0,0.0
exp12_config_command_12,config_command,canonical,0,24,0.0,0.0
exp12_config_command_12,config_command,canonical,0,25,0.0,0.0
exp12_config_command_12,config_command,canonical,0,26,0.0,0.0
exp12_config_command_12,config_command,canonical,0,27,0.0,0.0
exp12_config_command_12,config_command,canonical,0,28,0.0,0.0
exp12_config_command_12,config_command,canonical,0,29,0.0,0.0
exp12_config_command_12,config_command,canonical,0,30,0.0,0.0
exp12_config_command_12,config_command,canonical,0,31,0.0,0.0
exp12_config_command_12,config_command,paraphrase,0,0,0.0,0.0
exp12_config_command_12,config_command,paraphrase,0,1,0.0,0.0
exp12_config_command_12,config_command,paraphrase,0,2,0.0,0.0
exp12_config_command_12,config_command,paraphrase,0,3,0.0,0.0
exp12_config_command_12,config_command,paraphrase,0,4,0.0,0.0
exp12_config_command_12,config_command,paraphrase,0,5,0.0,0.0
exp12_config_command_12,config_command,paraphrase,0,6,0.0,0.0
exp12_config_command_12,config_command,paraphrase,0,7,0.0,0.0
exp12_config_command_12,config_command,paraphrase,0,8,0.0,0.0
exp12_config_command_12,config_command,paraphrase,0,9,0.0,0.0
exp12_config_command_12,config_command,paraphrase,0,10,0.0,0.0
exp12_config_command_12,config_command,paraphrase,0,11,0.0,0.0
exp12_config_command_12,config_command,paraphrase,0,12,0.0,0.0
exp12_config_command_12,config_command,paraphrase,0,13,0.0,0.0
exp12_config_command_12,config_command,paraphrase,0,14,0.0,0.0
exp12_config_command_12,config_command,paraphrase,0,15,0.0,0.0
exp12_config_command_12,config_command,paraphrase,0,16,0.11457955837249756,0.11630904674530029
exp12_config_command_12,config_command,paraphrase,0,17,-0.0011160969734191895,0.0011143982410430908
exp12_config_command_12,config_command,paraphrase,0,18,0.012526512145996094,0.016978561878204346
exp12_config_command_12,config_command,paraphrase,0,19,-0.008939921855926514,-0.011240005493164062
exp12_config_command_12,config_command,paraphrase,0,20,0.0,0.0
exp12_config_command_12,config_command,paraphrase,0,21,0.0,0.0
exp12_config_command_12,config_command,paraphrase,0,22,0.0,0.0
exp12_config_command_12,config_command,paraphrase,0,23,0.0,0.0
exp12_config_command_12,config_command,paraphrase,0,24,0.0,0.0
exp12_config_command_12,config_command,paraphrase,0,25,0.0,0.0
exp12_config_command_12,config_command,paraphrase,0,26,0.0,0.0
exp12_config_command_12,config_command,paraphrase,0,27,0.0,0.0
exp12_config_command_12,config_command,paraphrase,0,28,0.0,0.0
exp12_config_command_12,config_command,paraphrase,0,29,0.0,0.0
exp12_config_command_12,config_command,paraphrase,0,30,0.0,0.0
exp12_config_command_12,config_command,paraphrase,0,31,0.0,0.0
exp12_config_command_12,config_command,canonical,1,0,-0.0,0.0
exp12_config_command_12,config_command,canonical,1,1,-0.0,0.0
exp12_config_command_12,config_command,canonical,1,2,-0.0,0.0
exp12_config_command_12,config_command,canonical,1,3,-0.0,0.0
exp12_config_command_12,config_command,canonical,1,4,-0.0,0.0
exp12_config_command_12,config_command,canonical,1,5,-0.0,0.0
exp12_config_command_12,config_command,canonical,1,6,-0.0,0.0
exp12_config_command_12,config_command,canonical,1,7,-0.0,0.0
exp12_config_command_12,config_command,canonical,1,8,-0.0,0.0
exp12_config_command_12,config_command,canonical,1,9,-0.0,0.0
exp12_config_command_12,config_command,canonical,1,10,-0.0,0.0
exp12_config_command_12,config_command,canonical,1,11,-0.0,0.0
exp12_config_command_12,config_command,canonical,1,12,-0.0,0.0
exp12_config_command_12,config_command,canonical,1,13,-0.0,0.0
exp12_config_command_12,config_command,canonical,1,14,-0.0,0.0
exp12_config_command_12,config_command,canonical,1,15,-0.0,0.0
exp12_config_command_12,config_command,canonical,1,16,0.06555767357349396,0.06296317279338837
exp12_config_command_12,config_command,canonical,1,17,-0.0004341304302215576,-0.0038845837116241455
exp12_config_command_12,config_command,canonical,1,18,0.00021682679653167725,0.003416702151298523
exp12_config_command_12,config_command,canonical,1,19,-0.005995959043502808,-0.005341961979866028
exp12_config_command_12,config_command,canonical,1,20,-0.0,0.0
exp12_config_command_12,config_command,canonical,1,21,-0.0,0.0
exp12_config_command_12,config_command,canonical,1,22,-0.0,0.0
exp12_config_command_12,config_command,canonical,1,23,-0.0,0.0
exp12_config_command_12,config_command,canonical,1,24,-0.0,0.0
exp12_config_command_12,config_command,canonical,1,25,-0.0,0.0
exp12_config_command_12,config_command,canonical,1,26,-0.0,0.0
exp12_config_command_12,config_command,canonical,1,27,-0.0,0.0
exp12_config_command_12,config_command,canonical,1,28,-0.0,0.0
exp12_config_command_12,config_command,canonical,1,29,-0.0,0.0
exp12_config_command_12,config_command,canonical,1,30,-0.0,0.0
exp12_config_command_12,config_command,canonical,1,31,-0.0,0.0
exp12_config_command_12,config_command,paraphrase,1,0,-0.0,0.0
exp12_config_command_12,config_command,paraphrase,1,1,-0.0,0.0
exp12_config_command_12,config_command,paraphrase,1,2,-0.0,0.0
exp12_config_command_12,config_command,paraphrase,1,3,-0.0,0.0
exp12_config_command_12,config_command,paraphrase,1,4,-0.0,0.0
exp12_config_command_12,config_command,paraphrase,1,5,-0.0,0.0
exp12_config_command_12,config_command,paraphrase,1,6,-0.0,0.0
exp12_config_command_12,config_command,paraphrase,1,7,-0.0,0.0
exp12_config_command_12,config_command,paraphrase,1,8,-0.0,0.0
exp12_config_command_12,config_command,paraphrase,1,9,-0.0,0.0
exp12_config_command_12,config_command,paraphrase,1,10,-0.0,0.0
exp12_config_command_12,config_command,paraphrase,1,11,-0.0,0.0
exp12_config_command_12,config_command,paraphrase,1,12,-0.0,0.0
exp12_config_command_12,config_command,paraphrase,1,13,-0.0,0.0
exp12_config_command_12,config_command,paraphrase,1,14,-0.0,0.0
exp12_config_command_12,config_command,paraphrase,1,15,-0.0,0.0
exp12_config_command_12,config_command,paraphrase,1,16,0.06899659335613251,0.06901142001152039
exp12_config_command_12,config_command,paraphrase,1,17,9.834766387939453e-07,2.9802322387695312e-08
exp12_config_command_12,config_command,paraphrase,1,18,0.007262855768203735,0.004486560821533203
exp12_config_command_12,config_command,paraphrase,1,19,2.0936131477355957e-05,-0.00708732008934021
exp12_config_command_12,config_command,paraphrase,1,20,-0.0,0.0
exp12_config_command_12,config_command,paraphrase,1,21,-0.0,0.0
exp12_config_command_12,config_command,paraphrase,1,22,-0.0,0.0
exp12_config_command_12,config_command,paraphrase,1,23,-0.0,0.0
exp12_config_command_12,config_command,paraphrase,1,24,-0.0,0.0
exp12_config_command_12,config_command,paraphrase,1,25,-0.0,0.0
exp12_config_command_12,config_command,paraphrase,1,26,-0.0,0.0
exp12_config_command_12,config_command,paraphrase,1,27,-0.0,0.0
exp12_config_command_12,config_command,paraphrase,1,28,-0.0,0.0
exp12_config_command_12,config_command,paraphrase,1,29,-0.0,0.0
exp12_config_command_12,config_command,paraphrase,1,30,-0.0,0.0
exp12_config_command_12,config_command,paraphrase,1,31,-0.0,0.0
exp12_docs_code_00,docs_code,canonical,0,0,0.0,0.0
exp12_docs_code_00,docs_code,canonical,0,1,0.0,0.0
exp12_docs_code_00,docs_code,canonical,0,2,0.0,0.0
exp12_docs_code_00,docs_code,canonical,0,3,0.0,0.0
exp12_docs_code_00,docs_code,canonical,0,4,0.0,0.0
exp12_docs_code_00,docs_code,canonical,0,5,0.0,0.0
exp12_docs_code_00,docs_code,canonical,0,6,0.0,0.0
exp12_docs_code_00,docs_code,canonical,0,7,0.0,0.0
exp12_docs_code_00,docs_code,canonical,0,8,0.0,0.0
exp12_docs_code_00,docs_code,canonical,0,9,0.0,0.0
exp12_docs_code_00,docs_code,canonical,0,10,0.0,0.0
exp12_docs_code_00,docs_code,canonical,0,11,0.0,0.0
exp12_docs_code_00,docs_code,canonical,0,12,0.0,0.0
exp12_docs_code_00,docs_code,canonical,0,13,0.0,0.0
exp12_docs_code_00,docs_code,canonical,0,14,0.0,0.0
exp12_docs_code_00,docs_code,canonical,0,15,0.0,0.0
exp12_docs_code_00,docs_code,canonical,0,16,0.18295428156852722,0.18140414357185364
exp12_docs_code_00,docs_code,canonical,0,17,-0.00156325101852417,-0.0015509426593780518
exp12_docs_code_00,docs_code,canonical,0,18,0.025155186653137207,0.025546878576278687
exp12_docs_code_00,docs_code,canonical,0,19,-0.031848520040512085,-0.03176969289779663
exp12_docs_code_00,docs_code,canonical,0,20,0.0,0.0
exp12_docs_code_00,docs_code,canonical,0,21,0.0,0.0
exp12_docs_code_00,docs_code,canonical,0,22,0.0,0.0
exp12_docs_code_00,docs_code,canonical,0,23,0.0,0.0
exp12_docs_code_00,docs_code,canonical,0,24,0.0,0.0
exp12_docs_code_00,docs_code,canonical,0,25,0.0,0.0
exp12_docs_code_00,docs_code,canonical,0,26,0.0,0.0
exp12_docs_code_00,docs_code,canonical,0,27,0.0,0.0
exp12_docs_code_00,docs_code,canonical,0,28,0.0,0.0
exp12_docs_code_00,docs_code,canonical,0,29,0.0,0.0
exp12_docs_code_00,docs_code,canonical,0,30,0.0,0.0
exp12_docs_code_00,docs_code,canonical,0,31,0.0,0.0
exp12_docs_code_00,docs_code,paraphrase,0,0,0.0,0.0
exp12_docs_code_00,docs_code,paraphrase,0,1,0.0,0.0
exp12_docs_code_00,docs_code,paraphrase,0,2,0.0,0.0
exp12_docs_code_00,docs_code,paraphrase,0,3,0.0,0.0
exp12_docs_code_00,docs_code,paraphrase,0,4,0.0,0.0
exp12_docs_code_00,docs_code,paraphrase,0,5,0.0,0.0
exp12_docs_code_00,docs_code,paraphrase,0,6,0.0,0.0
exp12_docs_code_00,docs_code,paraphrase,0,7,0.0,0.0
exp12_docs_code_00,docs_code,paraphrase,0,8,0.0,0.0
exp12_docs_code_00,docs_code,paraphrase,0,9,0.0,0.0
exp12_docs_code_00,docs_code,paraphrase,0,10,0.0,0.0
exp12_docs_code_00,docs_code,paraphrase,0,11,0.0,0.0
exp12_docs_code_00,docs_code,paraphrase,0,12,0.0,0.0
exp12_docs_code_00,docs_code,paraphrase,0,13,0.0,0.0
exp12_docs_code_00,docs_code,paraphrase,0,14,0.0,0.0
exp12_docs_code_00,docs_code,paraphrase,0,15,0.0,0.0
exp12_docs_code_00,docs_code,paraphrase,0,16,0.16466429829597473,0.16156670451164246
exp12_docs_code_00,docs_code,paraphrase,0,17,-0.0015667378902435303,1.4901161193847656e-07
exp12_docs_code_00,docs_code,paraphrase,0,18,0.016683727502822876,0.020885854959487915
exp12_docs_code_00,docs_code,paraphrase,0,19,-0.034104615449905396,-0.04583212733268738
exp12_docs_code_00,docs_code,paraphrase,0,20,0.0,0.0
exp12_docs_code_00,docs_code,paraphrase,0,21,0.0,0.0
exp12_docs_code_00,docs_code,paraphrase,0,22,0.0,0.0
exp12_docs_code_00,docs_code,paraphrase,0,23,0.0,0.0
exp12_docs_code_00,docs_code,paraphrase,0,24,0.0,0.0
exp12_docs_code_00,docs_code,paraphrase,0,25,0.0,0.0
exp12_docs_code_00,docs_code,paraphrase,0,26,0.0,0.0
exp12_docs_code_00,docs_code,paraphrase,0,27,0.0,0.0
exp12_docs_code_00,docs_code,paraphrase,0,28,0.0,0.0
exp12_docs_code_00,docs_code,paraphrase,0,29,0.0,0.0
exp12_docs_code_00,docs_code,paraphrase,0,30,0.0,0.0
exp12_docs_code_00,docs_code,paraphrase,0,31,0.0,0.0
exp12_docs_code_00,docs_code,canonical,1,0,-0.0,0.0
exp12_docs_code_00,docs_code,canonical,1,1,-0.0,0.0
exp12_docs_code_00,docs_code,canonical,1,2,-0.0,0.0
exp12_docs_code_00,docs_code,canonical,1,3,-0.0,0.0
exp12_docs_code_00,docs_code,canonical,1,4,-0.0,0.0
exp12_docs_code_00,docs_code,canonical,1,5,-0.0,0.0
exp12_docs_code_00,docs_code,canonical,1,6,-0.0,0.0
exp12_docs_code_00,docs_code,canonical,1,7,-0.0,0.0
exp12_docs_code_00,docs_code,canonical,1,8,-0.0,0.0
exp12_docs_code_00,docs_code,canonical,1,9,-0.0,0.0
exp12_docs_code_00,docs_code,canonical,1,10,-0.0,0.0
exp12_docs_code_00,docs_code,canonical,1,11,-0.0,0.0
exp12_docs_code_00,docs_code,canonical,1,12,-0.0,0.0
exp12_docs_code_00,docs_code,canonical,1,13,-0.0,0.0
exp12_docs_code_00,docs_code,canonical,1,14,-0.0,0.0
exp12_docs_code_00,docs_code,canonical,1,15,-0.0,0.0
exp12_docs_code_00,docs_code,canonical,1,16,0.1231229156255722,0.11290295422077179
exp12_docs_code_00,docs_code,canonical,1,17,-0.00024356693029403687,-0.0020809918642044067
exp12_docs_code_00,docs_code,canonical,1,18,0.013881690800189972,0.01509973406791687
exp12_docs_code_00,docs_code,canonical,1,19,-0.015770383179187775,-0.02860504388809204
exp12_docs_code_00,docs_code,canonical,1,20,-0.0,0.0
exp12_docs_code_00,docs_code,canonical,1,21,-0.0,0.0
exp12_docs_code_00,docs_code,canonical,1,22,-0.0,0.0
exp12_docs_code_00,docs_code,canonical,1,23,-0.0,0.0
exp12_docs_code_00,docs_code,canonical,1,24,-0.0,0.0
exp12_docs_code_00,docs_code,canonical,1,25,-0.0,0.0
exp12_docs_code_00,docs_code,canonical,1,26,-0.0,0.0
exp12_docs_code_00,docs_code,canonical,1,27,-0.0,0.0
exp12_docs_code_00,docs_code,canonical,1,28,-0.0,0.0
exp12_docs_code_00,docs_code,canonical,1,29,-0.0,0.0
exp12_docs_code_00,docs_code,canonical,1,30,-0.0,0.0
exp12_docs_code_00,docs_code,canonical,1,31,-0.0,0.0
exp12_docs_code_00,docs_code,paraphrase,1,0,-0.0,0.0
exp12_docs_code_00,docs_code,paraphrase,1,1,-0.0,0.0
exp12_docs_code_00,docs_code,paraphrase,1,2,-0.0,0.0
exp12_docs_code_00,docs_code,paraphrase,1,3,-0.0,0.0
exp12_docs_code_00,docs_code,paraphrase,1,4,-0.0,0.0
exp12_docs_code_00,docs_code,paraphrase,1,5,-0.0,0.0
exp12_docs_code_00,docs_code,paraphrase,1,6,-0.0,0.0
exp12_docs_code_00,docs_code,paraphrase,1,7,-0.0,0.0
exp12_docs_code_00,docs_code,paraphrase,1,8,-0.0,0.0
exp12_docs_code_00,docs_code,paraphrase,1,9,-0.0,0.0
exp12_docs_code_00,docs_code,paraphrase,1,10,-0.0,0.0
exp12_docs_code_00,docs_code,paraphrase,1,11,-0.0,0.0
exp12_docs_code_00,docs_code,paraphrase,1,12,-0.0,0.0
exp12_docs_code_00,docs_code,paraphrase,1,13,-0.0,0.0
exp12_docs_code_00,docs_code,paraphrase,1,14,-0.0,0.0
exp12_docs_code_00,docs_code,paraphrase,1,15,-0.0,0.0
exp12_docs_code_00,docs_code,paraphrase,1,16,0.10368779301643372,0.10135096311569214
exp12_docs_code_00,docs_code,paraphrase,1,17,-0.011394403874874115,-0.0007317215204238892
exp12_docs_code_00,docs_code,paraphrase,1,18,0.0014874264597892761,0.012849941849708557
exp12_docs_code_00,docs_code,paraphrase,1,19,-0.013914860785007477,-0.015149548649787903
exp12_docs_code_00,docs_code,paraphrase,1,20,-0.0,0.0
exp12_docs_code_00,docs_code,paraphrase,1,21,-0.0,0.0
exp12_docs_code_00,docs_code,paraphrase,1,22,-0.0,0.0
exp12_docs_code_00,docs_code,paraphrase,1,23,-0.0,0.0
exp12_docs_code_00,docs_code,paraphrase,1,24,-0.0,0.0
exp12_docs_code_00,docs_code,paraphrase,1,25,-0.0,0.0
exp12_docs_code_00,docs_code,paraphrase,1,26,-0.0,0.0
exp12_docs_code_00,docs_code,paraphrase,1,27,-0.0,0.0
exp12_docs_code_00,docs_code,paraphrase,1,28,-0.0,0.0
exp12_docs_code_00,docs_code,paraphrase,1,29,-0.0,0.0
exp12_docs_code_00,docs_code,paraphrase,1,30,-0.0,0.0
exp12_docs_code_00,docs_code,paraphrase,1,31,-0.0,0.0
exp12_docs_code_01,docs_code,canonical,0,0,0.0,0.0
exp12_docs_code_01,docs_code,canonical,0,1,0.0,0.0
exp12_docs_code_01,docs_code,canonical,0,2,0.0,0.0
exp12_docs_code_01,docs_code,canonical,0,3,0.0,0.0
exp12_docs_code_01,docs_code,canonical,0,4,0.0,0.0
exp12_docs_code_01,docs_code,canonical,0,5,0.0,0.0
exp12_docs_code_01,docs_code,canonical,0,6,0.0,0.0
exp12_docs_code_01,docs_code,canonical,0,7,0.0,0.0
exp12_docs_code_01,docs_code,canonical,0,8,0.0,0.0
exp12_docs_code_01,docs_code,canonical,0,9,0.0,0.0
exp12_docs_code_01,docs_code,canonical,0,10,0.0,0.0
exp12_docs_code_01,docs_code,canonical,0,11,0.0,0.0
exp12_docs_code_01,docs_code,canonical,0,12,0.0,0.0
exp12_docs_code_01,docs_code,canonical,0,13,0.0,0.0
exp12_docs_code_01,docs_code,canonical,0,14,0.0,0.0
exp12_docs_code_01,docs_code,canonical,0,15,0.0,0.0
exp12_docs_code_01,docs_code,canonical,0,16,0.19929003715515137,0.19734397530555725
exp12_docs_code_01,docs_code,canonical,0,17,-0.0007763206958770752,-0.003124922513961792
exp12_docs_code_01,docs_code,canonical,0,18,0.029750436544418335,0.03269803524017334
exp12_docs_code_01,docs_code,canonical,0,19,-0.024829566478729248,-0.03011283278465271
exp12_docs_code_01,docs_code,canonical,0,20,0.0,0.0
exp12_docs_code_01,docs_code,canonical,0,21,0.0,0.0
exp12_docs_code_01,docs_code,canonical,0,22,0.0,0.0
exp12_docs_code_01,docs_code,canonical,0,23,0.0,0.0
exp12_docs_code_01,docs_code,canonical,0,24,0.0,0.0
exp12_docs_code_01,docs_code,canonical,0,25,0.0,0.0
exp12_docs_code_01,docs_code,canonical,0,26,0.0,0.0
exp12_docs_code_01,docs_code,canonical,0,27,0.0,0.0
exp12_docs_code_01,docs_code,canonical,0,28,0.0,0.0
exp12_docs_code_01,docs_code,canonical,0,29,0.0,0.0
exp12_docs_code_01,docs_code,canonical,0,30,0.0,0.0
exp12_docs_code_01,docs_code,canonical,0,31,0.0,0.0
exp12_docs_code_01,docs_code,paraphrase,0,0,0.0,0.0
exp12_docs_code_01,docs_code,paraphrase,0,1,0.0,0.0
exp12_docs_code_01,docs_code,paraphrase,0,2,0.0,0.0
exp12_docs_code_01,docs_code,paraphrase,0,3,0.0,0.0
exp12_docs_code_01,docs_code,paraphrase,0,4,0.0,0.0
exp12_docs_code_01,docs_code,paraphrase,0,5,0.0,0.0
exp12_docs_code_01,docs_code,paraphrase,0,6,0.0,0.0
exp12_docs_code_01,docs_code,paraphrase,0,7,0.0,0.0
exp12_docs_code_01,docs_code,paraphrase,0,8,0.0,0.0
exp12_docs_code_01,docs_code,paraphrase,0,9,0.0,0.0
exp12_docs_code_01,docs_code,paraphrase,0,10,0.0,0.0
exp12_docs_code_01,docs_code,paraphrase,0,11,0.0,0.0
exp12_docs_code_01,docs_code,paraphrase,0,12,0.0,0.0
exp12_docs_code_01,docs_code,paraphrase,0,13,0.0,0.0
exp12_docs_code_01,docs_code,paraphrase,0,14,0.0,0.0
exp12_docs_code_01,docs_code,paraphrase,0,15,0.0,0.0
exp12_docs_code_01,docs_code,paraphrase,0,16,0.20431426167488098,0.2027510106563568
exp12_docs_code_01,docs_code,paraphrase,0,17,-5.960464477539063e-08,-0.0015671849250793457
exp12_docs_code_01,docs_code,paraphrase,0,18,0.021317243576049805,0.02699524164199829
exp12_docs_code_01,docs_code,paraphrase,0,19,-0.03532826900482178,-0.04106232523918152
exp12_docs_code_01,docs_code,paraphrase,0,20,0.0,0.0
exp12_docs_code_01,docs_code,paraphrase,0,21,0.0,0.0
exp12_docs_code_01,docs_code,paraphrase,0,22,0.0,0.0
exp12_docs_code_01,docs_code,paraphrase,0,23,0.0,0.0
exp12_docs_code_01,docs_code,paraphrase,0,24,0.0,0.0
exp12_docs_code_01,docs_code,paraphrase,0,25,0.0,0.0
exp12_docs_code_01,docs_code,paraphrase,0,26,0.0,0.0
exp12_docs_code_01,docs_code,paraphrase,0,27,0.0,0.0
exp12_docs_code_01,docs_code,paraphrase,0,28,0.0,0.0
exp12_docs_code_01,docs_code,paraphrase,0,29,0.0,0.0
exp12_docs_code_01,docs_code,paraphrase,0,30,0.0,0.0
exp12_docs_code_01,docs_code,paraphrase,0,31,0.0,0.0
exp12_docs_code_01,docs_code,canonical,1,0,-0.0,0.0
exp12_docs_code_01,docs_code,canonical,1,1,-0.0,0.0
exp12_docs_code_01,docs_code,canonical,1,2,-0.0,0.0
exp12_docs_code_01,docs_code,canonical,1,3,-0.0,0.0
exp12_docs_code_01,docs_code,canonical,1,4,-0.0,0.0
exp12_docs_code_01,docs_code,canonical,1,5,-0.0,0.0
exp12_docs_code_01,docs_code,canonical,1,6,-0.0,0.0
exp12_docs_code_01,docs_code,canonical,1,7,-0.0,0.0
exp12_docs_code_01,docs_code,canonical,1,8,-0.0,0.0
exp12_docs_code_01,docs_code,canonical,1,9,-0.0,0.0
exp12_docs_code_01,docs_code,canonical,1,10,-0.0,0.0
exp12_docs_code_01,docs_code,canonical,1,11,-0.0,0.0
exp12_docs_code_01,docs_code,canonical,1,12,-0.0,0.0
exp12_docs_code_01,docs_code,canonical,1,13,-0.0,0.0
exp12_docs_code_01,docs_code,canonical,1,14,-0.0,0.0
exp12_docs_code_01,docs_code,canonical,1,15,-0.0,0.0
exp12_docs_code_01,docs_code,canonical,1,16,0.14797747135162354,0.12980551272630692
exp12_docs_code_01,docs_code,canonical,1,17,0.001397252082824707,-0.0032496601343154907
exp12_docs_code_01,docs_code,canonical,1,18,0.019258558750152588,0.013123854994773865
exp12_docs_code_01,docs_code,canonical,1,19,-0.013500727713108063,-0.030839204788208008
exp12_docs_code_01,docs_code,canonical,1,20,-0.0,0.0
exp12_docs_code_01,docs_code,canonical,1,21,-0.0,0.0
exp12_docs_code_01,docs_code,canonical,1,22,-0.0,0.0
exp12_docs_code_01,docs_code,canonical,1,23,-0.0,0.0
exp12_docs_code_01,docs_code,canonical,1,24,-0.0,0.0
exp12_docs_code_01,docs_code,canonical,1,25,-0.0,0.0
exp12_docs_code_01,docs_code,canonical,1,26,-0.0,0.0
exp12_docs_code_01,docs_code,canonical,1,27,-0.0,0.0
exp12_docs_code_01,docs_code,canonical,1,28,-0.0,0.0
exp12_docs_code_01,docs_code,canonical,1,29,-0.0,0.0
exp12_docs_code_01,docs_code,canonical,1,30,-0.0,0.0
exp12_docs_code_01,docs_code,canonical,1,31,-0.0,0.0
exp12_docs_code_01,docs_code,paraphrase,1,0,-0.0,0.0
exp12_docs_code_01,docs_code,paraphrase,1,1,-0.0,0.0
exp12_docs_code_01,docs_code,paraphrase,1,2,-0.0,0.0
exp12_docs_code_01,docs_code,paraphrase,1,3,-0.0,0.0
exp12_docs_code_01,docs_code,paraphrase,1,4,-0.0,0.0
exp12_docs_code_01,docs_code,paraphrase,1,5,-0.0,0.0
exp12_docs_code_01,docs_code,paraphrase,1,6,-0.0,0.0
exp12_docs_code_01,docs_code,paraphrase,1,7,-0.0,0.0
exp12_docs_code_01,docs_code,paraphrase,1,8,-0.0,0.0
exp12_docs_code_01,docs_code,paraphrase,1,9,-0.0,0.0
exp12_docs_code_01,docs_code,paraphrase,1,10,-0.0,0.0
exp12_docs_code_01,docs_code,paraphrase,1,11,-0.0,0.0
exp12_docs_code_01,docs_code,paraphrase,1,12,-0.0,0.0
exp12_docs_code_01,docs_code,paraphrase,1,13,-0.0,0.0
exp12_docs_code_01,docs_code,paraphrase,1,14,-0.0,0.0
exp12_docs_code_01,docs_code,paraphrase,1,15,-0.0,0.0
exp12_docs_code_01,docs_code,paraphrase,1,16,0.14587005227804184,0.13472255319356918
exp12_docs_code_01,docs_code,paraphrase,1,17,-0.002598792314529419,0.0006968677043914795
exp12_docs_code_01,docs_code,paraphrase,1,18,0.01564040780067444,0.002812594175338745
exp12_docs_code_01,docs_code,paraphrase,1,19,-0.018036991357803345,-0.03022916615009308
exp12_docs_code_01,docs_code,paraphrase,1,20,-0.0,0.0
exp12_docs_code_01,docs_code,paraphrase,1,21,-0.0,0.0
exp12_docs_code_01,docs_code,paraphrase,1,22,-0.0,0.0
exp12_docs_code_01,docs_code,paraphrase,1,23,-0.0,0.0
exp12_docs_code_01,docs_code,paraphrase,1,24,-0.0,0.0
exp12_docs_code_01,docs_code,paraphrase,1,25,-0.0,0.0
exp12_docs_code_01,docs_code,paraphrase,1,26,-0.0,0.0
exp12_docs_code_01,docs_code,paraphrase,1,27,-0.0,0.0
exp12_docs_code_01,docs_code,paraphrase,1,28,-0.0,0.0
exp12_docs_code_01,docs_code,paraphrase,1,29,-0.0,0.0
exp12_docs_code_01,docs_code,paraphrase,1,30,-0.0,0.0
exp12_docs_code_01,docs_code,paraphrase,1,31,-0.0,0.0
exp12_docs_code_03,docs_code,canonical,0,0,0.0,0.0
exp12_docs_code_03,docs_code,canonical,0,1,0.0,0.0
exp12_docs_code_03,docs_code,canonical,0,2,0.0,0.0
exp12_docs_code_03,docs_code,canonical,0,3,0.0,0.0
exp12_docs_code_03,docs_code,canonical,0,4,0.0,0.0
exp12_docs_code_03,docs_code,canonical,0,5,0.0,0.0
exp12_docs_code_03,docs_code,canonical,0,6,0.0,0.0
exp12_docs_code_03,docs_code,canonical,0,7,0.0,0.0
exp12_docs_code_03,docs_code,canonical,0,8,0.0,0.0
exp12_docs_code_03,docs_code,canonical,0,9,0.0,0.0
exp12_docs_code_03,docs_code,canonical,0,10,0.0,0.0
exp12_docs_code_03,docs_code,canonical,0,11,0.0,0.0
exp12_docs_code_03,docs_code,canonical,0,12,0.0,0.0
exp12_docs_code_03,docs_code,canonical,0,13,0.0,0.0
exp12_docs_code_03,docs_code,canonical,0,14,0.0,0.0
exp12_docs_code_03,docs_code,canonical,0,15,0.0,0.0
exp12_docs_code_03,docs_code,canonical,0,16,0.1684788130223751,0.17137743160128593
exp12_docs_code_03,docs_code,canonical,0,17,-0.0022382810711860657,-0.0013037621974945068
exp12_docs_code_03,docs_code,canonical,0,18,0.02808728814125061,0.029010597616434097
exp12_docs_code_03,docs_code,canonical,0,19,-0.035290151834487915,-0.03592458367347717
exp12_docs_code_03,docs_code,canonical,0,20,0.0,0.0
exp12_docs_code_03,docs_code,canonical,0,21,0.0,0.0
exp12_docs_code_03,docs_code,canonical,0,22,0.0,0.0
exp12_docs_code_03,docs_code,canonical,0,23,0.0,0.0
exp12_docs_code_03,docs_code,canonical,0,24,0.0,0.0
exp12_docs_code_03,docs_code,canonical,0,25,0.0,0.0
exp12_docs_code_03,docs_code,canonical,0,26,0.0,0.0
exp12_docs_code_03,docs_code,canonical,0,27,0.0,0.0
exp12_docs_code_03,docs_code,canonical,0,28,0.0,0.0
exp12_docs_code_03,docs_code,canonical,0,29,0.0,0.0
exp12_docs_code_03,docs_code,canonical,0,30,0.0,0.0
exp12_docs_code_03,docs_code,canonical,0,31,0.0,0.0
exp12_docs_code_03,docs_code,paraphrase,0,0,0.0,0.0
exp12_docs_code_03,docs_code,paraphrase,0,1,0.0,0.0
exp12_docs_code_03,docs_code,paraphrase,0,2,0.0,0.0
exp12_docs_code_03,docs_code,paraphrase,0,3,0.0,0.0
exp12_docs_code_03,docs_code,paraphrase,0,4,0.0,0.0
exp12_docs_code_03,docs_code,paraphrase,0,5,0.0,0.0
exp12_docs_code_03,docs_code,paraphrase,0,6,0.0,0.0
exp12_docs_code_03,docs_code,paraphrase,0,7,0.0,0.0
exp12_docs_code_03,docs_code,paraphrase,0,8,0.0,0.0
exp12_docs_code_03,docs_code,paraphrase,0,9,0.0,0.0
exp12_docs_code_03,docs_code,paraphrase,0,10,0.0,0.0
exp12_docs_code_03,docs_code,paraphrase,0,11,0.0,0.0
exp12_docs_code_03,docs_code,paraphrase,0,12,0.0,0.0
exp12_docs_code_03,docs_code,paraphrase,0,13,0.0,0.0
exp12_docs_code_03,docs_code,paraphrase,0,14,0.0,0.0
exp12_docs_code_03,docs_code,paraphrase,0,15,0.0,0.0
exp12_docs_code_03,docs_code,paraphrase,0,16,0.18984311819076538,0.18558203428983688
exp12_docs_code_03,docs_code,paraphrase,0,17,0.00048329681158065796,-0.002263858914375305
exp12_docs_code_03,docs_code,paraphrase,0,18,0.01894490420818329,0.026458725333213806
exp12_docs_code_03,docs_code,paraphrase,0,19,-0.03744848817586899,-0.043297842144966125
exp12_docs_code_03,docs_code,paraphrase,0,20,0.0,0.0
exp12_docs_code_03,docs_code,paraphrase,0,21,0.0,0.0
exp12_docs_code_03,docs_code,paraphrase,0,22,0.0,0.0
exp12_docs_code_03,docs_code,paraphrase,0,23,0.0,0.0
exp12_docs_code_03,docs_code,paraphrase,0,24,0.0,0.0
exp12_docs_code_03,docs_code,paraphrase,0,25,0.0,0.0
exp12_docs_code_03,docs_code,paraphrase,0,26,0.0,0.0
exp12_docs_code_03,docs_code,paraphrase,0,27,0.0,0.0
exp12_docs_code_03,docs_code,paraphrase,0,28,0.0,0.0
exp12_docs_code_03,docs_code,paraphrase,0,29,0.0,0.0
exp12_docs_code_03,docs_code,paraphrase,0,30,0.0,0.0
exp12_docs_code_03,docs_code,paraphrase,0,31,0.0,0.0
exp12_docs_code_03,docs_code,canonical,1,0,-0.0,0.0
exp12_docs_code_03,docs_code,canonical,1,1,-0.0,0.0
exp12_docs_code_03,docs_code,canonical,1,2,-0.0,0.0
exp12_docs_code_03,docs_code,canonical,1,3,-0.0,0.0
exp12_docs_code_03,docs_code,canonical,1,4,-0.0,0.0
exp12_docs_code_03,docs_code,canonical,1,5,-0.0,0.0
exp12_docs_code_03,docs_code,canonical,1,6,-0.0,0.0
exp12_docs_code_03,docs_code,canonical,1,7,-0.0,0.0
exp12_docs_code_03,docs_code,canonical,1,8,-0.0,0.0
exp12_docs_code_03,docs_code,canonical,1,9,-0.0,0.0
exp12_docs_code_03,docs_code,canonical,1,10,-0.0,0.0
exp12_docs_code_03,docs_code,canonical,1,11,-0.0,0.0
exp12_docs_code_03,docs_code,canonical,1,12,-0.0,0.0
exp12_docs_code_03,docs_code,canonical,1,13,-0.0,0.0
exp12_docs_code_03,docs_code,canonical,1,14,-0.0,0.0
exp12_docs_code_03,docs_code,canonical,1,15,-0.0,0.0
exp12_docs_code_03,docs_code,canonical,1,16,0.14408355206251144,0.13290522247552872
exp12_docs_code_03,docs_code,canonical,1,17,-0.002148456871509552,-0.004100501537322998
exp12_docs_code_03,docs_code,canonical,1,18,0.005139082670211792,0.008074924349784851
exp12_docs_code_03,docs_code,canonical,1,19,-0.02074132114648819,-0.035521671175956726
exp12_docs_code_03,docs_code,canonical,1,20,-0.0,0.0
exp12_docs_code_03,docs_code,canonical,1,21,-0.0,0.0
exp12_docs_code_03,docs_code,canonical,1,22,-0.0,0.0
exp12_docs_code_03,docs_code,canonical,1,23,-0.0,0.0
exp12_docs_code_03,docs_code,canonical,1,24,-0.0,0.0
exp12_docs_code_03,docs_code,canonical,1,25,-0.0,0.0
exp12_docs_code_03,docs_code,canonical,1,26,-0.0,0.0
exp12_docs_code_03,docs_code,canonical,1,27,-0.0,0.0
exp12_docs_code_03,docs_code,canonical,1,28,-0.0,0.0
exp12_docs_code_03,docs_code,canonical,1,29,-0.0,0.0
exp12_docs_code_03,docs_code,canonical,1,30,-0.0,0.0
exp12_docs_code_03,docs_code,canonical,1,31,-0.0,0.0
exp12_docs_code_03,docs_code,paraphrase,1,0,-0.0,0.0
exp12_docs_code_03,docs_code,paraphrase,1,1,-0.0,0.0
exp12_docs_code_03,docs_code,paraphrase,1,2,-0.0,0.0
exp12_docs_code_03,docs_code,paraphrase,1,3,-0.0,0.0
exp12_docs_code_03,docs_code,paraphrase,1,4,-0.0,0.0
exp12_docs_code_03,docs_code,paraphrase,1,5,-0.0,0.0
exp12_docs_code_03,docs_code,paraphrase,1,6,-0.0,0.0
exp12_docs_code_03,docs_code,paraphrase,1,7,-0.0,0.0
exp12_docs_code_03,docs_code,paraphrase,1,8,-0.0,0.0
exp12_docs_code_03,docs_code,paraphrase,1,9,-0.0,0.0
exp12_docs_code_03,docs_code,paraphrase,1,10,-0.0,0.0
exp12_docs_code_03,docs_code,paraphrase,1,11,-0.0,0.0
exp12_docs_code_03,docs_code,paraphrase,1,12,-0.0,0.0
exp12_docs_code_03,docs_code,paraphrase,1,13,-0.0,0.0
exp12_docs_code_03,docs_code,paraphrase,1,14,-0.0,0.0
exp12_docs_code_03,docs_code,paraphrase,1,15,-0.0,0.0
exp12_docs_code_03,docs_code,paraphrase,1,16,0.12087935954332352,0.1316104754805565
exp12_docs_code_03,docs_code,paraphrase,1,17,-0.00039508193731307983,-0.0007809847593307495
exp12_docs_code_03,docs_code,paraphrase,1,18,0.00823405385017395,0.01875375211238861
exp12_docs_code_03,docs_code,paraphrase,1,19,-0.01935524493455887,-0.018731795251369476
exp12_docs_code_03,docs_code,paraphrase,1,20,-0.0,0.0
exp12_docs_code_03,docs_code,paraphrase,1,21,-0.0,0.0
exp12_docs_code_03,docs_code,paraphrase,1,22,-0.0,0.0
exp12_docs_code_03,docs_code,paraphrase,1,23,-0.0,0.0
exp12_docs_code_03,docs_code,paraphrase,1,24,-0.0,0.0
exp12_docs_code_03,docs_code,paraphrase,1,25,-0.0,0.0
exp12_docs_code_03,docs_code,paraphrase,1,26,-0.0,0.0
exp12_docs_code_03,docs_code,paraphrase,1,27,-0.0,0.0
exp12_docs_code_03,docs_code,paraphrase,1,28,-0.0,0.0
exp12_docs_code_03,docs_code,paraphrase,1,29,-0.0,0.0
exp12_docs_code_03,docs_code,paraphrase,1,30,-0.0,0.0
exp12_docs_code_03,docs_code,paraphrase,1,31,-0.0,0.0
exp12_docs_code_08,docs_code,canonical,0,0,0.0,0.0
exp12_docs_code_08,docs_code,canonical,0,1,0.0,0.0
exp12_docs_code_08,docs_code,canonical,0,2,0.0,0.0
exp12_docs_code_08,docs_code,canonical,0,3,0.0,0.0
exp12_docs_code_08,docs_code,canonical,0,4,0.0,0.0
exp12_docs_code_08,docs_code,canonical,0,5,0.0,0.0
exp12_docs_code_08,docs_code,canonical,0,6,0.0,0.0
exp12_docs_code_08,docs_code,canonical,0,7,0.0,0.0
exp12_docs_code_08,docs_code,canonical,0,8,0.0,0.0
exp12_docs_code_08,docs_code,canonical,0,9,0.0,0.0
exp12_docs_code_08,docs_code,canonical,0,10,0.0,0.0
exp12_docs_code_08,docs_code,canonical,0,11,0.0,0.0
exp12_docs_code_08,docs_code,canonical,0,12,0.0,0.0
exp12_docs_code_08,docs_code,canonical,0,13,0.0,0.0
exp12_docs_code_08,docs_code,canonical,0,14,0.0,0.0
exp12_docs_code_08,docs_code,canonical,0,15,0.0,0.0
exp12_docs_code_08,docs_code,canonical,0,16,0.19465890526771545,0.19097506999969482
exp12_docs_code_08,docs_code,canonical,0,17,0.002644658088684082,-0.0015642046928405762
exp12_docs_code_08,docs_code,canonical,0,18,0.029250264167785645,0.027106493711471558
exp12_docs_code_08,docs_code,canonical,0,19,-0.02186262607574463,-0.0286252498626709
exp12_docs_code_08,docs_code,canonical,0,20,0.0,0.0
exp12_docs_code_08,docs_code,canonical,0,21,0.0,0.0
exp12_docs_code_08,docs_code,canonical,0,22,0.0,0.0
exp12_docs_code_08,docs_code,canonical,0,23,0.0,0.0
exp12_docs_code_08,docs_code,canonical,0,24,0.0,0.0
exp12_docs_code_08,docs_code,canonical,0,25,0.0,0.0
exp12_docs_code_08,docs_code,canonical,0,26,0.0,0.0
exp12_docs_code_08,docs_code,canonical,0,27,0.0,0.0
exp12_docs_code_08,docs_code,canonical,0,28,0.0,0.0
exp12_docs_code_08,docs_code,canonical,0,29,0.0,0.0
exp12_docs_code_08,docs_code,canonical,0,30,0.0,0.0
exp12_docs_code_08,docs_code,canonical,0,31,0.0,0.0
exp12_docs_code_08,docs_code,paraphrase,0,0,0.0,0.0
exp12_docs_code_08,docs_code,paraphrase,0,1,0.0,0.0
exp12_docs_code_08,docs_code,paraphrase,0,2,0.0,0.0
exp12_docs_code_08,docs_code,paraphrase,0,3,0.0,0.0
exp12_docs_code_08,docs_code,paraphrase,0,4,0.0,0.0
exp12_docs_code_08,docs_code,paraphrase,0,5,0.0,0.0
exp12_docs_code_08,docs_code,paraphrase,0,6,0.0,0.0
exp12_docs_code_08,docs_code,paraphrase,0,7,0.0,0.0
exp12_docs_code_08,docs_code,paraphrase,0,8,0.0,0.0
exp12_docs_code_08,docs_code,paraphrase,0,9,0.0,0.0
exp12_docs_code_08,docs_code,paraphrase,0,10,0.0,0.0
exp12_docs_code_08,docs_code,paraphrase,0,11,0.0,0.0
exp12_docs_code_08,docs_code,paraphrase,0,12,0.0,0.0
exp12_docs_code_08,docs_code,paraphrase,0,13,0.0,0.0
exp12_docs_code_08,docs_code,paraphrase,0,14,0.0,0.0
exp12_docs_code_08,docs_code,paraphrase,0,15,0.0,0.0
exp12_docs_code_08,docs_code,paraphrase,0,16,0.16808360815048218,0.1640118956565857
exp12_docs_code_08,docs_code,paraphrase,0,17,-0.0015674829483032227,-0.0031291842460632324
exp12_docs_code_08,docs_code,paraphrase,0,18,0.018242716789245605,0.023955464363098145
exp12_docs_code_08,docs_code,paraphrase,0,19,-0.03214174509048462,-0.0427091121673584
exp12_docs_code_08,docs_code,paraphrase,0,20,0.0,0.0
exp12_docs_code_08,docs_code,paraphrase,0,21,0.0,0.0
exp12_docs_code_08,docs_code,paraphrase,0,22,0.0,0.0
exp12_docs_code_08,docs_code,paraphrase,0,23,0.0,0.0
exp12_docs_code_08,docs_code,paraphrase,0,24,0.0,0.0
exp12_docs_code_08,docs_code,paraphrase,0,25,0.0,0.0
exp12_docs_code_08,docs_code,paraphrase,0,26,0.0,0.0
exp12_docs_code_08,docs_code,paraphrase,0,27,0.0,0.0
exp12_docs_code_08,docs_code,paraphrase,0,28,0.0,0.0
exp12_docs_code_08,docs_code,paraphrase,0,29,0.0,0.0
exp12_docs_code_08,docs_code,paraphrase,0,30,0.0,0.0
exp12_docs_code_08,docs_code,paraphrase,0,31,0.0,0.0
exp12_docs_code_08,docs_code,canonical,1,0,-0.0,0.0
exp12_docs_code_08,docs_code,canonical,1,1,-0.0,0.0
exp12_docs_code_08,docs_code,canonical,1,2,-0.0,0.0
exp12_docs_code_08,docs_code,canonical,1,3,-0.0,0.0
exp12_docs_code_08,docs_code,canonical,1,4,-0.0,0.0
exp12_docs_code_08,docs_code,canonical,1,5,-0.0,0.0
exp12_docs_code_08,docs_code,canonical,1,6,-0.0,0.0
exp12_docs_code_08,docs_code,canonical,1,7,-0.0,0.0
exp12_docs_code_08,docs_code,canonical,1,8,-0.0,0.0
exp12_docs_code_08,docs_code,canonical,1,9,-0.0,0.0
exp12_docs_code_08,docs_code,canonical,1,10,-0.0,0.0
exp12_docs_code_08,docs_code,canonical,1,11,-0.0,0.0
exp12_docs_code_08,docs_code,canonical,1,12,-0.0,0.0
exp12_docs_code_08,docs_code,canonical,1,13,-0.0,0.0
exp12_docs_code_08,docs_code,canonical,1,14,-0.0,0.0
exp12_docs_code_08,docs_code,canonical,1,15,-0.0,0.0
exp12_docs_code_08,docs_code,canonical,1,16,0.11853800341486931,0.11753878742456436
exp12_docs_code_08,docs_code,canonical,1,17,-0.010418854653835297,-0.00037888437509536743
exp12_docs_code_08,docs_code,canonical,1,18,0.002621229737997055,0.014121286571025848
exp12_docs_code_08,docs_code,canonical,1,19,-0.014130160212516785,-0.026268698275089264
exp12_docs_code_08,docs_code,canonical,1,20,-0.0,0.0
exp12_docs_code_08,docs_code,canonical,1,21,-0.0,0.0
exp12_docs_code_08,docs_code,canonical,1,22,-0.0,0.0
exp12_docs_code_08,docs_code,canonical,1,23,-0.0,0.0
exp12_docs_code_08,docs_code,canonical,1,24,-0.0,0.0
exp12_docs_code_08,docs_code,canonical,1,25,-0.0,0.0
exp12_docs_code_08,docs_code,canonical,1,26,-0.0,0.0
exp12_docs_code_08,docs_code,canonical,1,27,-0.0,0.0
exp12_docs_code_08,docs_code,canonical,1,28,-0.0,0.0
exp12_docs_code_08,docs_code,canonical,1,29,-0.0,0.0
exp12_docs_code_08,docs_code,canonical,1,30,-0.0,0.0
exp12_docs_code_08,docs_code,canonical,1,31,-0.0,0.0
exp12_docs_code_08,docs_code,paraphrase,1,0,-0.0,0.0
exp12_docs_code_08,docs_code,paraphrase,1,1,-0.0,0.0
exp12_docs_code_08,docs_code,paraphrase,1,2,-0.0,0.0
exp12_docs_code_08,docs_code,paraphrase,1,3,-0.0,0.0
exp12_docs_code_08,docs_code,paraphrase,1,4,-0.0,0.0
exp12_docs_code_08,docs_code,paraphrase,1,5,-0.0,0.0
exp12_docs_code_08,docs_code,paraphrase,1,6,-0.0,0.0
exp12_docs_code_08,docs_code,paraphrase,1,7,-0.0,0.0
exp12_docs_code_08,docs_code,paraphrase,1,8,-0.0,0.0
exp12_docs_code_08,docs_code,paraphrase,1,9,-0.0,0.0
exp12_docs_code_08,docs_code,paraphrase,1,10,-0.0,0.0
exp12_docs_code_08,docs_code,paraphrase,1,11,-0.0,0.0
exp12_docs_code_08,docs_code,paraphrase,1,12,-0.0,0.0
exp12_docs_code_08,docs_code,paraphrase,1,13,-0.0,0.0
exp12_docs_code_08,docs_code,paraphrase,1,14,-0.0,0.0
exp12_docs_code_08,docs_code,paraphrase,1,15,-0.0,0.0
exp12_docs_code_08,docs_code,paraphrase,1,16,0.10566918551921844,0.10265110433101654
exp12_docs_code_08,docs_code,paraphrase,1,17,4.678219556808472e-05,0.0005474239587783813
exp12_docs_code_08,docs_code,paraphrase,1,18,0.013213470578193665,0.01236008107662201
exp12_docs_code_08,docs_code,paraphrase,1,19,-0.011951401829719543,-0.025493234395980835
exp12_docs_code_08,docs_code,paraphrase,1,20,-0.0,0.0
exp12_docs_code_08,docs_code,paraphrase,1,21,-0.0,0.0
exp12_docs_code_08,docs_code,paraphrase,1,22,-0.0,0.0
exp12_docs_code_08,docs_code,paraphrase,1,23,-0.0,0.0
exp12_docs_code_08,docs_code,paraphrase,1,24,-0.0,0.0
exp12_docs_code_08,docs_code,paraphrase,1,25,-0.0,0.0
exp12_docs_code_08,docs_code,paraphrase,1,26,-0.0,0.0
exp12_docs_code_08,docs_code,paraphrase,1,27,-0.0,0.0
exp12_docs_code_08,docs_code,paraphrase,1,28,-0.0,0.0
exp12_docs_code_08,docs_code,paraphrase,1,29,-0.0,0.0
exp12_docs_code_08,docs_code,paraphrase,1,30,-0.0,0.0
exp12_docs_code_08,docs_code,paraphrase,1,31,-0.0,0.0
exp12_docs_code_09,docs_code,canonical,0,0,0.0,0.0
exp12_docs_code_09,docs_code,canonical,0,1,0.0,0.0
exp12_docs_code_09,docs_code,canonical,0,2,0.0,0.0
exp12_docs_code_09,docs_code,canonical,0,3,0.0,0.0
exp12_docs_code_09,docs_code,canonical,0,4,0.0,0.0
exp12_docs_code_09,docs_code,canonical,0,5,0.0,0.0
exp12_docs_code_09,docs_code,canonical,0,6,0.0,0.0
exp12_docs_code_09,docs_code,canonical,0,7,0.0,0.0
exp12_docs_code_09,docs_code,canonical,0,8,0.0,0.0
exp12_docs_code_09,docs_code,canonical,0,9,0.0,0.0
exp12_docs_code_09,docs_code,canonical,0,10,0.0,0.0
exp12_docs_code_09,docs_code,canonical,0,11,0.0,0.0
exp12_docs_code_09,docs_code,canonical,0,12,0.0,0.0
exp12_docs_code_09,docs_code,canonical,0,13,0.0,0.0
exp12_docs_code_09,docs_code,canonical,0,14,0.0,0.0
exp12_docs_code_09,docs_code,canonical,0,15,0.0,0.0
exp12_docs_code_09,docs_code,canonical,0,16,0.16008630394935608,0.16532772779464722
exp12_docs_code_09,docs_code,canonical,0,17,-0.00595623254776001,-4.76837158203125e-07
exp12_docs_code_09,docs_code,canonical,0,18,0.023985475301742554,0.02957206964492798
exp12_docs_code_09,docs_code,canonical,0,19,-0.0254095196723938,-0.025392234325408936
exp12_docs_code_09,docs_code,canonical,0,20,0.0,0.0
exp12_docs_code_09,docs_code,canonical,0,21,0.0,0.0
exp12_docs_code_09,docs_code,canonical,0,22,0.0,0.0
exp12_docs_code_09,docs_code,canonical,0,23,0.0,0.0
exp12_docs_code_09,docs_code,canonical,0,24,0.0,0.0
exp12_docs_code_09,docs_code,canonical,0,25,0.0,0.0
exp12_docs_code_09,docs_code,canonical,0,26,0.0,0.0
exp12_docs_code_09,docs_code,canonical,0,27,0.0,0.0
exp12_docs_code_09,docs_code,canonical,0,28,0.0,0.0
exp12_docs_code_09,docs_code,canonical,0,29,0.0,0.0
exp12_docs_code_09,docs_code,canonical,0,30,0.0,0.0
exp12_docs_code_09,docs_code,canonical,0,31,0.0,0.0
exp12_docs_code_09,docs_code,paraphrase,0,0,0.0,0.0
exp12_docs_code_09,docs_code,paraphrase,0,1,0.0,0.0
exp12_docs_code_09,docs_code,paraphrase,0,2,0.0,0.0
exp12_docs_code_09,docs_code,paraphrase,0,3,0.0,0.0
exp12_docs_code_09,docs_code,paraphrase,0,4,0.0,0.0
exp12_docs_code_09,docs_code,paraphrase,0,5,0.0,0.0
exp12_docs_code_09,docs_code,paraphrase,0,6,0.0,0.0
exp12_docs_code_09,docs_code,paraphrase,0,7,0.0,0.0
exp12_docs_code_09,docs_code,paraphrase,0,8,0.0,0.0
exp12_docs_code_09,docs_code,paraphrase,0,9,0.0,0.0
exp12_docs_code_09,docs_code,paraphrase,0,10,0.0,0.0
exp12_docs_code_09,docs_code,paraphrase,0,11,0.0,0.0
exp12_docs_code_09,docs_code,paraphrase,0,12,0.0,0.0
exp12_docs_code_09,docs_code,paraphrase,0,13,0.0,0.0
exp12_docs_code_09,docs_code,paraphrase,0,14,0.0,0.0
exp12_docs_code_09,docs_code,paraphrase,0,15,0.0,0.0
exp12_docs_code_09,docs_code,paraphrase,0,16,0.14842280745506287,0.1442435085773468
exp12_docs_code_09,docs_code,paraphrase,0,17,-0.0013925731182098389,5.21540641784668e-06
exp12_docs_code_09,docs_code,paraphrase,0,18,0.02113056182861328,0.01547577977180481
exp12_docs_code_09,docs_code,paraphrase,0,19,-0.0353129506111145,-0.03390157222747803
exp12_docs_code_09,docs_code,paraphrase,0,20,0.0,0.0
exp12_docs_code_09,docs_code,paraphrase,0,21,0.0,0.0
exp12_docs_code_09,docs_code,paraphrase,0,22,0.0,0.0
exp12_docs_code_09,docs_code,paraphrase,0,23,0.0,0.0
exp12_docs_code_09,docs_code,paraphrase,0,24,0.0,0.0
exp12_docs_code_09,docs_code,paraphrase,0,25,0.0,0.0
exp12_docs_code_09,docs_code,paraphrase,0,26,0.0,0.0
exp12_docs_code_09,docs_code,paraphrase,0,27,0.0,0.0
exp12_docs_code_09,docs_code,paraphrase,0,28,0.0,0.0
exp12_docs_code_09,docs_code,paraphrase,0,29,0.0,0.0
exp12_docs_code_09,docs_code,paraphrase,0,30,0.0,0.0
exp12_docs_code_09,docs_code,paraphrase,0,31,0.0,0.0
exp12_docs_code_09,docs_code,canonical,1,0,-0.0,0.0
exp12_docs_code_09,docs_code,canonical,1,1,-0.0,0.0
exp12_docs_code_09,docs_code,canonical,1,2,-0.0,0.0
exp12_docs_code_09,docs_code,canonical,1,3,-0.0,0.0
exp12_docs_code_09,docs_code,canonical,1,4,-0.0,0.0
exp12_docs_code_09,docs_code,canonical,1,5,-0.0,0.0
exp12_docs_code_09,docs_code,canonical,1,6,-0.0,0.0
exp12_docs_code_09,docs_code,canonical,1,7,-0.0,0.0
exp12_docs_code_09,docs_code,canonical,1,8,-0.0,0.0
exp12_docs_code_09,docs_code,canonical,1,9,-0.0,0.0
exp12_docs_code_09,docs_code,canonical,1,10,-0.0,0.0
exp12_docs_code_09,docs_code,canonical,1,11,-0.0,0.0
exp12_docs_code_09,docs_code,canonical,1,12,-0.0,0.0
exp12_docs_code_09,docs_code,canonical,1,13,-0.0,0.0
exp12_docs_code_09,docs_code,canonical,1,14,-0.0,0.0
exp12_docs_code_09,docs_code,canonical,1,15,-0.0,0.0
exp12_docs_code_09,docs_code,canonical,1,16,0.11723630502820015,0.10567603632807732
exp12_docs_code_09,docs_code,canonical,1,17,0.001126158982515335,-0.00040696561336517334
exp12_docs_code_09,docs_code,canonical,1,18,0.01377108320593834,0.013530291616916656
exp12_docs_code_09,docs_code,canonical,1,19,-0.013883475214242935,-0.023329980671405792
exp12_docs_code_09,docs_code,canonical,1,20,-0.0,0.0
exp12_docs_code_09,docs_code,canonical,1,21,-0.0,0.0
exp12_docs_code_09,docs_code,canonical,1,22,-0.0,0.0
exp12_docs_code_09,docs_code,canonical,1,23,-0.0,0.0
exp12_docs_code_09,docs_code,canonical,1,24,-0.0,0.0
exp12_docs_code_09,docs_code,canonical,1,25,-0.0,0.0
exp12_docs_code_09,docs_code,canonical,1,26,-0.0,0.0
exp12_docs_code_09,docs_code,canonical,1,27,-0.0,0.0
exp12_docs_code_09,docs_code,canonical,1,28,-0.0,0.0
exp12_docs_code_09,docs_code,canonical,1,29,-0.0,0.0
exp12_docs_code_09,docs_code,canonical,1,30,-0.0,0.0
exp12_docs_code_09,docs_code,canonical,1,31,-0.0,0.0
exp12_docs_code_09,docs_code,paraphrase,1,0,-0.0,0.0
exp12_docs_code_09,docs_code,paraphrase,1,1,-0.0,0.0
exp12_docs_code_09,docs_code,paraphrase,1,2,-0.0,0.0
exp12_docs_code_09,docs_code,paraphrase,1,3,-0.0,0.0
exp12_docs_code_09,docs_code,paraphrase,1,4,-0.0,0.0
exp12_docs_code_09,docs_code,paraphrase,1,5,-0.0,0.0
exp12_docs_code_09,docs_code,paraphrase,1,6,-0.0,0.0
exp12_docs_code_09,docs_code,paraphrase,1,7,-0.0,0.0
exp12_docs_code_09,docs_code,paraphrase,1,8,-0.0,0.0
exp12_docs_code_09,docs_code,paraphrase,1,9,-0.0,0.0
exp12_docs_code_09,docs_code,paraphrase,1,10,-0.0,0.0
exp12_docs_code_09,docs_code,paraphrase,1,11,-0.0,0.0
exp12_docs_code_09,docs_code,paraphrase,1,12,-0.0,0.0
exp12_docs_code_09,docs_code,paraphrase,1,13,-0.0,0.0
exp12_docs_code_09,docs_code,paraphrase,1,14,-0.0,0.0
exp12_docs_code_09,docs_code,paraphrase,1,15,-0.0,0.0
exp12_docs_code_09,docs_code,paraphrase,1,16,0.09333126991987228,0.09333769604563713
exp12_docs_code_09,docs_code,paraphrase,1,17,-0.0005208104848861694,-0.0005122125148773193
exp12_docs_code_09,docs_code,paraphrase,1,18,0.001039654016494751,0.014609374105930328
exp12_docs_code_09,docs_code,paraphrase,1,19,-0.01598631590604782,-0.024417638778686523
exp12_docs_code_09,docs_code,paraphrase,1,20,-0.0,0.0
exp12_docs_code_09,docs_code,paraphrase,1,21,-0.0,0.0
exp12_docs_code_09,docs_code,paraphrase,1,22,-0.0,0.0
exp12_docs_code_09,docs_code,paraphrase,1,23,-0.0,0.0
exp12_docs_code_09,docs_code,paraphrase,1,24,-0.0,0.0
exp12_docs_code_09,docs_code,paraphrase,1,25,-0.0,0.0
exp12_docs_code_09,docs_code,paraphrase,1,26,-0.0,0.0
exp12_docs_code_09,docs_code,paraphrase,1,27,-0.0,0.0
exp12_docs_code_09,docs_code,paraphrase,1,28,-0.0,0.0
exp12_docs_code_09,docs_code,paraphrase,1,29,-0.0,0.0
exp12_docs_code_09,docs_code,paraphrase,1,30,-0.0,0.0
exp12_docs_code_09,docs_code,paraphrase,1,31,-0.0,0.0
exp12_docs_code_11,docs_code,canonical,0,0,0.0,0.0
exp12_docs_code_11,docs_code,canonical,0,1,0.0,0.0
exp12_docs_code_11,docs_code,canonical,0,2,0.0,0.0
exp12_docs_code_11,docs_code,canonical,0,3,0.0,0.0
exp12_docs_code_11,docs_code,canonical,0,4,0.0,0.0
exp12_docs_code_11,docs_code,canonical,0,5,0.0,0.0
exp12_docs_code_11,docs_code,canonical,0,6,0.0,0.0
exp12_docs_code_11,docs_code,canonical,0,7,0.0,0.0
exp12_docs_code_11,docs_code,canonical,0,8,0.0,0.0
exp12_docs_code_11,docs_code,canonical,0,9,0.0,0.0
exp12_docs_code_11,docs_code,canonical,0,10,0.0,0.0
exp12_docs_code_11,docs_code,canonical,0,11,0.0,0.0
exp12_docs_code_11,docs_code,canonical,0,12,0.0,0.0
exp12_docs_code_11,docs_code,canonical,0,13,0.0,0.0
exp12_docs_code_11,docs_code,canonical,0,14,0.0,0.0
exp12_docs_code_11,docs_code,canonical,0,15,0.0,0.0
exp12_docs_code_11,docs_code,canonical,0,16,0.18117961287498474,0.17561492323875427
exp12_docs_code_11,docs_code,canonical,0,17,-0.0020968616008758545,-0.002838134765625
exp12_docs_code_11,docs_code,canonical,0,18,0.030108004808425903,0.030082732439041138
exp12_docs_code_11,docs_code,canonical,0,19,-0.030334442853927612,-0.033786118030548096
exp12_docs_code_11,docs_code,canonical,0,20,0.0,0.0
exp12_docs_code_11,docs_code,canonical,0,21,0.0,0.0
exp12_docs_code_11,docs_code,canonical,0,22,0.0,0.0
exp12_docs_code_11,docs_code,canonical,0,23,0.0,0.0
exp12_docs_code_11,docs_code,canonical,0,24,0.0,0.0
exp12_docs_code_11,docs_code,canonical,0,25,0.0,0.0
exp12_docs_code_11,docs_code,canonical,0,26,0.0,0.0
exp12_docs_code_11,docs_code,canonical,0,27,0.0,0.0
exp12_docs_code_11,docs_code,canonical,0,28,0.0,0.0
exp12_docs_code_11,docs_code,canonical,0,29,0.0,0.0
exp12_docs_code_11,docs_code,canonical,0,30,0.0,0.0
exp12_docs_code_11,docs_code,canonical,0,31,0.0,0.0
exp12_docs_code_11,docs_code,paraphrase,0,0,0.0,0.0
exp12_docs_code_11,docs_code,paraphrase,0,1,0.0,0.0
exp12_docs_code_11,docs_code,paraphrase,0,2,0.0,0.0
exp12_docs_code_11,docs_code,paraphrase,0,3,0.0,0.0
exp12_docs_code_11,docs_code,paraphrase,0,4,0.0,0.0
exp12_docs_code_11,docs_code,paraphrase,0,5,0.0,0.0
exp12_docs_code_11,docs_code,paraphrase,0,6,0.0,0.0
exp12_docs_code_11,docs_code,paraphrase,0,7,0.0,0.0
exp12_docs_code_11,docs_code,paraphrase,0,8,0.0,0.0
exp12_docs_code_11,docs_code,paraphrase,0,9,0.0,0.0
exp12_docs_code_11,docs_code,paraphrase,0,10,0.0,0.0
exp12_docs_code_11,docs_code,paraphrase,0,11,0.0,0.0
exp12_docs_code_11,docs_code,paraphrase,0,12,0.0,0.0
exp12_docs_code_11,docs_code,paraphrase,0,13,0.0,0.0
exp12_docs_code_11,docs_code,paraphrase,0,14,0.0,0.0
exp12_docs_code_11,docs_code,paraphrase,0,15,0.0,0.0
exp12_docs_code_11,docs_code,paraphrase,0,16,0.18593880534172058,0.181691512465477
exp12_docs_code_11,docs_code,paraphrase,0,17,-0.0014124661684036255,5.841255187988281e-06
exp12_docs_code_11,docs_code,paraphrase,0,18,0.026570245623588562,0.02945670485496521
exp12_docs_code_11,docs_code,paraphrase,0,19,-0.0312269926071167,-0.037460386753082275
exp12_docs_code_11,docs_code,paraphrase,0,20,0.0,0.0
exp12_docs_code_11,docs_code,paraphrase,0,21,0.0,0.0
exp12_docs_code_11,docs_code,paraphrase,0,22,0.0,0.0
exp12_docs_code_11,docs_code,paraphrase,0,23,0.0,0.0
exp12_docs_code_11,docs_code,paraphrase,0,24,0.0,0.0
exp12_docs_code_11,docs_code,paraphrase,0,25,0.0,0.0
exp12_docs_code_11,docs_code,paraphrase,0,26,0.0,0.0
exp12_docs_code_11,docs_code,paraphrase,0,27,0.0,0.0
exp12_docs_code_11,docs_code,paraphrase,0,28,0.0,0.0
exp12_docs_code_11,docs_code,paraphrase,0,29,0.0,0.0
exp12_docs_code_11,docs_code,paraphrase,0,30,0.0,0.0
exp12_docs_code_11,docs_code,paraphrase,0,31,0.0,0.0
exp12_docs_code_11,docs_code,canonical,1,0,-0.0,0.0
exp12_docs_code_11,docs_code,canonical,1,1,-0.0,0.0
exp12_docs_code_11,docs_code,canonical,1,2,-0.0,0.0
exp12_docs_code_11,docs_code,canonical,1,3,-0.0,0.0
exp12_docs_code_11,docs_code,canonical,1,4,-0.0,0.0
exp12_docs_code_11,docs_code,canonical,1,5,-0.0,0.0
exp12_docs_code_11,docs_code,canonical,1,6,-0.0,0.0
exp12_docs_code_11,docs_code,canonical,1,7,-0.0,0.0
exp12_docs_code_11,docs_code,canonical,1,8,-0.0,0.0
exp12_docs_code_11,docs_code,canonical,1,9,-0.0,0.0
exp12_docs_code_11,docs_code,canonical,1,10,-0.0,0.0
exp12_docs_code_11,docs_code,canonical,1,11,-0.0,0.0
exp12_docs_code_11,docs_code,canonical,1,12,-0.0,0.0
exp12_docs_code_11,docs_code,canonical,1,13,-0.0,0.0
exp12_docs_code_11,docs_code,canonical,1,14,-0.0,0.0
exp12_docs_code_11,docs_code,canonical,1,15,-0.0,0.0
exp12_docs_code_11,docs_code,canonical,1,16,0.14070969820022583,0.14084302261471748
exp12_docs_code_11,docs_code,canonical,1,17,-0.0014477446675300598,-0.0023447200655937195
exp12_docs_code_11,docs_code,canonical,1,18,0.006131365895271301,0.01954636722803116
exp12_docs_code_11,docs_code,canonical,1,19,-0.019101843237876892,-0.028981409966945648
exp12_docs_code_11,docs_code,canonical,1,20,-0.0,0.0
exp12_docs_code_11,docs_code,canonical,1,21,-0.0,0.0
exp12_docs_code_11,docs_code,canonical,1,22,-0.0,0.0
exp12_docs_code_11,docs_code,canonical,1,23,-0.0,0.0
exp12_docs_code_11,docs_code,canonical,1,24,-0.0,0.0
exp12_docs_code_11,docs_code,canonical,1,25,-0.0,0.0
exp12_docs_code_11,docs_code,canonical,1,26,-0.0,0.0
exp12_docs_code_11,docs_code,canonical,1,27,-0.0,0.0
exp12_docs_code_11,docs_code,canonical,1,28,-0.0,0.0
exp12_docs_code_11,docs_code,canonical,1,29,-0.0,0.0
exp12_docs_code_11,docs_code,canonical,1,30,-0.0,0.0
exp12_docs_code_11,docs_code,canonical,1,31,-0.0,0.0
exp12_docs_code_11,docs_code,paraphrase,1,0,-0.0,0.0
exp12_docs_code_11,docs_code,paraphrase,1,1,-0.0,0.0
exp12_docs_code_11,docs_code,paraphrase,1,2,-0.0,0.0
exp12_docs_code_11,docs_code,paraphrase,1,3,-0.0,0.0
exp12_docs_code_11,docs_code,paraphrase,1,4,-0.0,0.0
exp12_docs_code_11,docs_code,paraphrase,1,5,-0.0,0.0
exp12_docs_code_11,docs_code,paraphrase,1,6,-0.0,0.0
exp12_docs_code_11,docs_code,paraphrase,1,7,-0.0,0.0
exp12_docs_code_11,docs_code,paraphrase,1,8,-0.0,0.0
exp12_docs_code_11,docs_code,paraphrase,1,9,-0.0,0.0
exp12_docs_code_11,docs_code,paraphrase,1,10,-0.0,0.0
exp12_docs_code_11,docs_code,paraphrase,1,11,-0.0,0.0
exp12_docs_code_11,docs_code,paraphrase,1,12,-0.0,0.0
exp12_docs_code_11,docs_code,paraphrase,1,13,-0.0,0.0
exp12_docs_code_11,docs_code,paraphrase,1,14,-0.0,0.0
exp12_docs_code_11,docs_code,paraphrase,1,15,-0.0,0.0
exp12_docs_code_11,docs_code,paraphrase,1,16,0.13050102442502975,0.12759602069854736
exp12_docs_code_11,docs_code,paraphrase,1,17,-0.001131165772676468,-0.002349063754081726
exp12_docs_code_11,docs_code,paraphrase,1,18,0.004312664270401001,0.0062625110149383545
exp12_docs_code_11,docs_code,paraphrase,1,19,-0.01910899206995964,-0.03378237038850784
exp12_docs_code_11,docs_code,paraphrase,1,20,-0.0,0.0
exp12_docs_code_11,docs_code,paraphrase,1,21,-0.0,0.0
exp12_docs_code_11,docs_code,paraphrase,1,22,-0.0,0.0
exp12_docs_code_11,docs_code,paraphrase,1,23,-0.0,0.0
exp12_docs_code_11,docs_code,paraphrase,1,24,-0.0,0.0
exp12_docs_code_11,docs_code,paraphrase,1,25,-0.0,0.0
exp12_docs_code_11,docs_code,paraphrase,1,26,-0.0,0.0
exp12_docs_code_11,docs_code,paraphrase,1,27,-0.0,0.0
exp12_docs_code_11,docs_code,paraphrase,1,28,-0.0,0.0
exp12_docs_code_11,docs_code,paraphrase,1,29,-0.0,0.0
exp12_docs_code_11,docs_code,paraphrase,1,30,-0.0,0.0
exp12_docs_code_11,docs_code,paraphrase,1,31,-0.0,0.0
exp12_docs_code_12,docs_code,canonical,0,0,0.0,0.0
exp12_docs_code_12,docs_code,canonical,0,1,0.0,0.0
exp12_docs_code_12,docs_code,canonical,0,2,0.0,0.0
exp12_docs_code_12,docs_code,canonical,0,3,0.0,0.0
exp12_docs_code_12,docs_code,canonical,0,4,0.0,0.0
exp12_docs_code_12,docs_code,canonical,0,5,0.0,0.0
exp12_docs_code_12,docs_code,canonical,0,6,0.0,0.0
exp12_docs_code_12,docs_code,canonical,0,7,0.0,0.0
exp12_docs_code_12,docs_code,canonical,0,8,0.0,0.0
exp12_docs_code_12,docs_code,canonical,0,9,0.0,0.0
exp12_docs_code_12,docs_code,canonical,0,10,0.0,0.0
exp12_docs_code_12,docs_code,canonical,0,11,0.0,0.0
exp12_docs_code_12,docs_code,canonical,0,12,0.0,0.0
exp12_docs_code_12,docs_code,canonical,0,13,0.0,0.0
exp12_docs_code_12,docs_code,canonical,0,14,0.0,0.0
exp12_docs_code_12,docs_code,canonical,0,15,0.0,0.0
exp12_docs_code_12,docs_code,canonical,0,16,0.1729491651058197,0.1722365915775299
exp12_docs_code_12,docs_code,canonical,0,17,-0.00034293532371520996,-0.0014200210571289062
exp12_docs_code_12,docs_code,canonical,0,18,0.030641019344329834,0.03005257248878479
exp12_docs_code_12,docs_code,canonical,0,19,-0.026653528213500977,-0.026465386152267456
exp12_docs_code_12,docs_code,canonical,0,20,0.0,0.0
exp12_docs_code_12,docs_code,canonical,0,21,0.0,0.0
exp12_docs_code_12,docs_code,canonical,0,22,0.0,0.0
exp12_docs_code_12,docs_code,canonical,0,23,0.0,0.0
exp12_docs_code_12,docs_code,canonical,0,24,0.0,0.0
exp12_docs_code_12,docs_code,canonical,0,25,0.0,0.0
exp12_docs_code_12,docs_code,canonical,0,26,0.0,0.0
exp12_docs_code_12,docs_code,canonical,0,27,0.0,0.0
exp12_docs_code_12,docs_code,canonical,0,28,0.0,0.0
exp12_docs_code_12,docs_code,canonical,0,29,0.0,0.0
exp12_docs_code_12,docs_code,canonical,0,30,0.0,0.0
exp12_docs_code_12,docs_code,canonical,0,31,0.0,0.0
exp12_docs_code_12,docs_code,paraphrase,0,0,0.0,0.0
exp12_docs_code_12,docs_code,paraphrase,0,1,0.0,0.0
exp12_docs_code_12,docs_code,paraphrase,0,2,0.0,0.0
exp12_docs_code_12,docs_code,paraphrase,0,3,0.0,0.0
exp12_docs_code_12,docs_code,paraphrase,0,4,0.0,0.0
exp12_docs_code_12,docs_code,paraphrase,0,5,0.0,0.0
exp12_docs_code_12,docs_code,paraphrase,0,6,0.0,0.0
exp12_docs_code_12,docs_code,paraphrase,0,7,0.0,0.0
exp12_docs_code_12,docs_code,paraphrase,0,8,0.0,0.0
exp12_docs_code_12,docs_code,paraphrase,0,9,0.0,0.0
exp12_docs_code_12,docs_code,paraphrase,0,10,0.0,0.0
exp12_docs_code_12,docs_code,paraphrase,0,11,0.0,0.0
exp12_docs_code_12,docs_code,paraphrase,0,12,0.0,0.0
exp12_docs_code_12,docs_code,paraphrase,0,13,0.0,0.0
exp12_docs_code_12,docs_code,paraphrase,0,14,0.0,0.0
exp12_docs_code_12,docs_code,paraphrase,0,15,0.0,0.0
exp12_docs_code_12,docs_code,paraphrase,0,16,0.15297353267669678,0.1522432565689087
exp12_docs_code_12,docs_code,paraphrase,0,17,-0.001421213150024414,-0.006233155727386475
exp12_docs_code_12,docs_code,paraphrase,0,18,0.016170978546142578,0.01759028434753418
exp12_docs_code_12,docs_code,paraphrase,0,19,-0.035894036293029785,-0.03803396224975586
exp12_docs_code_12,docs_code,paraphrase,0,20,0.0,0.0
exp12_docs_code_12,docs_code,paraphrase,0,21,0.0,0.0
exp12_docs_code_12,docs_code,paraphrase,0,22,0.0,0.0
exp12_docs_code_12,docs_code,paraphrase,0,23,0.0,0.0
exp12_docs_code_12,docs_code,paraphrase,0,24,0.0,0.0
exp12_docs_code_12,docs_code,paraphrase,0,25,0.0,0.0
exp12_docs_code_12,docs_code,paraphrase,0,26,0.0,0.0
exp12_docs_code_12,docs_code,paraphrase,0,27,0.0,0.0
exp12_docs_code_12,docs_code,paraphrase,0,28,0.0,0.0
exp12_docs_code_12,docs_code,paraphrase,0,29,0.0,0.0
exp12_docs_code_12,docs_code,paraphrase,0,30,0.0,0.0
exp12_docs_code_12,docs_code,paraphrase,0,31,0.0,0.0
exp12_docs_code_12,docs_code,canonical,1,0,-0.0,0.0
exp12_docs_code_12,docs_code,canonical,1,1,-0.0,0.0
exp12_docs_code_12,docs_code,canonical,1,2,-0.0,0.0
exp12_docs_code_12,docs_code,canonical,1,3,-0.0,0.0
exp12_docs_code_12,docs_code,canonical,1,4,-0.0,0.0
exp12_docs_code_12,docs_code,canonical,1,5,-0.0,0.0
exp12_docs_code_12,docs_code,canonical,1,6,-0.0,0.0
exp12_docs_code_12,docs_code,canonical,1,7,-0.0,0.0
exp12_docs_code_12,docs_code,canonical,1,8,-0.0,0.0
exp12_docs_code_12,docs_code,canonical,1,9,-0.0,0.0
exp12_docs_code_12,docs_code,canonical,1,10,-0.0,0.0
exp12_docs_code_12,docs_code,canonical,1,11,-0.0,0.0
exp12_docs_code_12,docs_code,canonical,1,12,-0.0,0.0
exp12_docs_code_12,docs_code,canonical,1,13,-0.0,0.0
exp12_docs_code_12,docs_code,canonical,1,14,-0.0,0.0
exp12_docs_code_12,docs_code,canonical,1,15,-0.0,0.0
exp12_docs_code_12,docs_code,canonical,1,16,0.11691240221261978,0.1299923025071621
exp12_docs_code_12,docs_code,canonical,1,17,-0.011685289442539215,-0.00046353787183761597
exp12_docs_code_12,docs_code,canonical,1,18,0.004330433905124664,0.015767879784107208
exp12_docs_code_12,docs_code,canonical,1,19,-0.014986421912908554,-0.015099667012691498
exp12_docs_code_12,docs_code,canonical,1,20,-0.0,0.0
exp12_docs_code_12,docs_code,canonical,1,21,-0.0,0.0
exp12_docs_code_12,docs_code,canonical,1,22,-0.0,0.0
exp12_docs_code_12,docs_code,canonical,1,23,-0.0,0.0
exp12_docs_code_12,docs_code,canonical,1,24,-0.0,0.0
exp12_docs_code_12,docs_code,canonical,1,25,-0.0,0.0
exp12_docs_code_12,docs_code,canonical,1,26,-0.0,0.0
exp12_docs_code_12,docs_code,canonical,1,27,-0.0,0.0
exp12_docs_code_12,docs_code,canonical,1,28,-0.0,0.0
exp12_docs_code_12,docs_code,canonical,1,29,-0.0,0.0
exp12_docs_code_12,docs_code,canonical,1,30,-0.0,0.0
exp12_docs_code_12,docs_code,canonical,1,31,-0.0,0.0
exp12_docs_code_12,docs_code,paraphrase,1,0,-0.0,0.0
exp12_docs_code_12,docs_code,paraphrase,1,1,-0.0,0.0
exp12_docs_code_12,docs_code,paraphrase,1,2,-0.0,0.0
exp12_docs_code_12,docs_code,paraphrase,1,3,-0.0,0.0
exp12_docs_code_12,docs_code,paraphrase,1,4,-0.0,0.0
exp12_docs_code_12,docs_code,paraphrase,1,5,-0.0,0.0
exp12_docs_code_12,docs_code,paraphrase,1,6,-0.0,0.0
exp12_docs_code_12,docs_code,paraphrase,1,7,-0.0,0.0
exp12_docs_code_12,docs_code,paraphrase,1,8,-0.0,0.0
exp12_docs_code_12,docs_code,paraphrase,1,9,-0.0,0.0
exp12_docs_code_12,docs_code,paraphrase,1,10,-0.0,0.0
exp12_docs_code_12,docs_code,paraphrase,1,11,-0.0,0.0
exp12_docs_code_12,docs_code,paraphrase,1,12,-0.0,0.0
exp12_docs_code_12,docs_code,paraphrase,1,13,-0.0,0.0
exp12_docs_code_12,docs_code,paraphrase,1,14,-0.0,0.0
exp12_docs_code_12,docs_code,paraphrase,1,15,-0.0,0.0
exp12_docs_code_12,docs_code,paraphrase,1,16,0.10002880543470383,0.09787900745868683
exp12_docs_code_12,docs_code,paraphrase,1,17,-4.0978193283081055e-07,-0.0019840672612190247
exp12_docs_code_12,docs_code,paraphrase,1,18,0.002985730767250061,0.0016008466482162476
exp12_docs_code_12,docs_code,paraphrase,1,19,-0.012276165187358856,-0.02732761949300766
exp12_docs_code_12,docs_code,paraphrase,1,20,-0.0,0.0
exp12_docs_code_12,docs_code,paraphrase,1,21,-0.0,0.0
exp12_docs_code_12,docs_code,paraphrase,1,22,-0.0,0.0
exp12_docs_code_12,docs_code,paraphrase,1,23,-0.0,0.0
exp12_docs_code_12,docs_code,paraphrase,1,24,-0.0,0.0
exp12_docs_code_12,docs_code,paraphrase,1,25,-0.0,0.0
exp12_docs_code_12,docs_code,paraphrase,1,26,-0.0,0.0
exp12_docs_code_12,docs_code,paraphrase,1,27,-0.0,0.0
exp12_docs_code_12,docs_code,paraphrase,1,28,-0.0,0.0
exp12_docs_code_12,docs_code,paraphrase,1,29,-0.0,0.0
exp12_docs_code_12,docs_code,paraphrase,1,30,-0.0,0.0
exp12_docs_code_12,docs_code,paraphrase,1,31,-0.0,0.0
exp12_docs_code_14,docs_code,canonical,0,0,0.0,0.0
exp12_docs_code_14,docs_code,canonical,0,1,0.0,0.0
exp12_docs_code_14,docs_code,canonical,0,2,0.0,0.0
exp12_docs_code_14,docs_code,canonical,0,3,0.0,0.0
exp12_docs_code_14,docs_code,canonical,0,4,0.0,0.0
exp12_docs_code_14,docs_code,canonical,0,5,0.0,0.0
exp12_docs_code_14,docs_code,canonical,0,6,0.0,0.0
exp12_docs_code_14,docs_code,canonical,0,7,0.0,0.0
exp12_docs_code_14,docs_code,canonical,0,8,0.0,0.0
exp12_docs_code_14,docs_code,canonical,0,9,0.0,0.0
exp12_docs_code_14,docs_code,canonical,0,10,0.0,0.0
exp12_docs_code_14,docs_code,canonical,0,11,0.0,0.0
exp12_docs_code_14,docs_code,canonical,0,12,0.0,0.0
exp12_docs_code_14,docs_code,canonical,0,13,0.0,0.0
exp12_docs_code_14,docs_code,canonical,0,14,0.0,0.0
exp12_docs_code_14,docs_code,canonical,0,15,0.0,0.0
exp12_docs_code_14,docs_code,canonical,0,16,0.19500792026519775,0.18890780210494995
exp12_docs_code_14,docs_code,canonical,0,17,-0.0014365911483764648,5.960464477539063e-08
exp12_docs_code_14,docs_code,canonical,0,18,0.03466516733169556,0.028079330921173096
exp12_docs_code_14,docs_code,canonical,0,19,-0.025045335292816162,-0.03117305040359497
exp12_docs_code_14,docs_code,canonical,0,20,0.0,0.0
exp12_docs_code_14,docs_code,canonical,0,21,0.0,0.0
exp12_docs_code_14,docs_code,canonical,0,22,0.0,0.0
exp12_docs_code_14,docs_code,canonical,0,23,0.0,0.0
exp12_docs_code_14,docs_code,canonical,0,24,0.0,0.0
exp12_docs_code_14,docs_code,canonical,0,25,0.0,0.0
exp12_docs_code_14,docs_code,canonical,0,26,0.0,0.0
exp12_docs_code_14,docs_code,canonical,0,27,0.0,0.0
exp12_docs_code_14,docs_code,canonical,0,28,0.0,0.0
exp12_docs_code_14,docs_code,canonical,0,29,0.0,0.0
exp12_docs_code_14,docs_code,canonical,0,30,0.0,0.0
exp12_docs_code_14,docs_code,canonical,0,31,0.0,0.0
exp12_docs_code_14,docs_code,paraphrase,0,0,0.0,0.0
exp12_docs_code_14,docs_code,paraphrase,0,1,0.0,0.0
exp12_docs_code_14,docs_code,paraphrase,0,2,0.0,0.0
exp12_docs_code_14,docs_code,paraphrase,0,3,0.0,0.0
exp12_docs_code_14,docs_code,paraphrase,0,4,0.0,0.0
exp12_docs_code_14,docs_code,paraphrase,0,5,0.0,0.0
exp12_docs_code_14,docs_code,paraphrase,0,6,0.0,0.0
exp12_docs_code_14,docs_code,paraphrase,0,7,0.0,0.0
exp12_docs_code_14,docs_code,paraphrase,0,8,0.0,0.0
exp12_docs_code_14,docs_code,paraphrase,0,9,0.0,0.0
exp12_docs_code_14,docs_code,paraphrase,0,10,0.0,0.0
exp12_docs_code_14,docs_code,paraphrase,0,11,0.0,0.0
exp12_docs_code_14,docs_code,paraphrase,0,12,0.0,0.0
exp12_docs_code_14,docs_code,paraphrase,0,13,0.0,0.0
exp12_docs_code_14,docs_code,paraphrase,0,14,0.0,0.0
exp12_docs_code_14,docs_code,paraphrase,0,15,0.0,0.0
exp12_docs_code_14,docs_code,paraphrase,0,16,0.16775637865066528,0.16081559658050537
exp12_docs_code_14,docs_code,paraphrase,0,17,-0.0014199614524841309,-0.0014073848724365234
exp12_docs_code_14,docs_code,paraphrase,0,18,0.02382194995880127,0.016887128353118896
exp12_docs_code_14,docs_code,paraphrase,0,19,-0.035183727741241455,-0.03660726547241211
exp12_docs_code_14,docs_code,paraphrase,0,20,0.0,0.0
exp12_docs_code_14,docs_code,paraphrase,0,21,0.0,0.0
exp12_docs_code_14,docs_code,paraphrase,0,22,0.0,0.0
exp12_docs_code_14,docs_code,paraphrase,0,23,0.0,0.0
exp12_docs_code_14,docs_code,paraphrase,0,24,0.0,0.0
exp12_docs_code_14,docs_code,paraphrase,0,25,0.0,0.0
exp12_docs_code_14,docs_code,paraphrase,0,26,0.0,0.0
exp12_docs_code_14,docs_code,paraphrase,0,27,0.0,0.0
exp12_docs_code_14,docs_code,paraphrase,0,28,0.0,0.0
exp12_docs_code_14,docs_code,paraphrase,0,29,0.0,0.0
exp12_docs_code_14,docs_code,paraphrase,0,30,0.0,0.0
exp12_docs_code_14,docs_code,paraphrase,0,31,0.0,0.0
exp12_docs_code_14,docs_code,canonical,1,0,-0.0,0.0
exp12_docs_code_14,docs_code,canonical,1,1,-0.0,0.0
exp12_docs_code_14,docs_code,canonical,1,2,-0.0,0.0
exp12_docs_code_14,docs_code,canonical,1,3,-0.0,0.0
exp12_docs_code_14,docs_code,canonical,1,4,-0.0,0.0
exp12_docs_code_14,docs_code,canonical,1,5,-0.0,0.0
exp12_docs_code_14,docs_code,canonical,1,6,-0.0,0.0
exp12_docs_code_14,docs_code,canonical,1,7,-0.0,0.0
exp12_docs_code_14,docs_code,canonical,1,8,-0.0,0.0
exp12_docs_code_14,docs_code,canonical,1,9,-0.0,0.0
exp12_docs_code_14,docs_code,canonical,1,10,-0.0,0.0
exp12_docs_code_14,docs_code,canonical,1,11,-0.0,0.0
exp12_docs_code_14,docs_code,canonical,1,12,-0.0,0.0
exp12_docs_code_14,docs_code,canonical,1,13,-0.0,0.0
exp12_docs_code_14,docs_code,canonical,1,14,-0.0,0.0
exp12_docs_code_14,docs_code,canonical,1,15,-0.0,0.0
exp12_docs_code_14,docs_code,canonical,1,16,0.1593073084950447,0.14797630533576012
exp12_docs_code_14,docs_code,canonical,1,17,-0.0002710074186325073,-0.0013008713722229004
exp12_docs_code_14,docs_code,canonical,1,18,0.020826946943998337,0.018187522888183594
exp12_docs_code_14,docs_code,canonical,1,19,-0.01906372606754303,-0.017864465713500977
exp12_docs_code_14,docs_code,canonical,1,20,-0.0,0.0
exp12_docs_code_14,docs_code,canonical,1,21,-0.0,0.0
exp12_docs_code_14,docs_code,canonical,1,22,-0.0,0.0
exp12_docs_code_14,docs_code,canonical,1,23,-0.0,0.0
exp12_docs_code_14,docs_code,canonical,1,24,-0.0,0.0
exp12_docs_code_14,docs_code,canonical,1,25,-0.0,0.0
exp12_docs_code_14,docs_code,canonical,1,26,-0.0,0.0
exp12_docs_code_14,docs_code,canonical,1,27,-0.0,0.0
exp12_docs_code_14,docs_code,canonical,1,28,-0.0,0.0
exp12_docs_code_14,docs_code,canonical,1,29,-0.0,0.0
exp12_docs_code_14,docs_code,canonical,1,30,-0.0,0.0
exp12_docs_code_14,docs_code,canonical,1,31,-0.0,0.0
exp12_docs_code_14,docs_code,paraphrase,1,0,-0.0,0.0
exp12_docs_code_14,docs_code,paraphrase,1,1,-0.0,0.0
exp12_docs_code_14,docs_code,paraphrase,1,2,-0.0,0.0
exp12_docs_code_14,docs_code,paraphrase,1,3,-0.0,0.0
exp12_docs_code_14,docs_code,paraphrase,1,4,-0.0,0.0
exp12_docs_code_14,docs_code,paraphrase,1,5,-0.0,0.0
exp12_docs_code_14,docs_code,paraphrase,1,6,-0.0,0.0
exp12_docs_code_14,docs_code,paraphrase,1,7,-0.0,0.0
exp12_docs_code_14,docs_code,paraphrase,1,8,-0.0,0.0
exp12_docs_code_14,docs_code,paraphrase,1,9,-0.0,0.0
exp12_docs_code_14,docs_code,paraphrase,1,10,-0.0,0.0
exp12_docs_code_14,docs_code,paraphrase,1,11,-0.0,0.0
exp12_docs_code_14,docs_code,paraphrase,1,12,-0.0,0.0
exp12_docs_code_14,docs_code,paraphrase,1,13,-0.0,0.0
exp12_docs_code_14,docs_code,paraphrase,1,14,-0.0,0.0
exp12_docs_code_14,docs_code,paraphrase,1,15,-0.0,0.0
exp12_docs_code_14,docs_code,paraphrase,1,16,0.1412738412618637,0.13969840854406357
exp12_docs_code_14,docs_code,paraphrase,1,17,0.000857524573802948,-0.0017349421977996826
exp12_docs_code_14,docs_code,paraphrase,1,18,0.004776790738105774,0.015606217086315155
exp12_docs_code_14,docs_code,paraphrase,1,19,-0.017031535506248474,-0.019890479743480682
exp12_docs_code_14,docs_code,paraphrase,1,20,-0.0,0.0
exp12_docs_code_14,docs_code,paraphrase,1,21,-0.0,0.0
exp12_docs_code_14,docs_code,paraphrase,1,22,-0.0,0.0
exp12_docs_code_14,docs_code,paraphrase,1,23,-0.0,0.0
exp12_docs_code_14,docs_code,paraphrase,1,24,-0.0,0.0
exp12_docs_code_14,docs_code,paraphrase,1,25,-0.0,0.0
exp12_docs_code_14,docs_code,paraphrase,1,26,-0.0,0.0
exp12_docs_code_14,docs_code,paraphrase,1,27,-0.0,0.0
exp12_docs_code_14,docs_code,paraphrase,1,28,-0.0,0.0
exp12_docs_code_14,docs_code,paraphrase,1,29,-0.0,0.0
exp12_docs_code_14,docs_code,paraphrase,1,30,-0.0,0.0
exp12_docs_code_14,docs_code,paraphrase,1,31,-0.0,0.0
