phase,task_id,family,recipient_wording,recipient_label,donor_wording,donor_label,relation,anchor,metric,value,source_L,kv_head,readers
discovery,exp12_test_edit_00,test_edit,canonical,0,canonical,1,opposite_same_wording,SKILL_END,V_sufficiency,0.0007503032684326172,30,4,
discovery,exp12_test_edit_00,test_edit,canonical,0,canonical,1,opposite_same_wording,SKILL_END,V_necessity_loss,0.000825151801109314,30,4,
discovery,exp12_test_edit_00,test_edit,canonical,1,canonical,0,opposite_same_wording,SKILL_END,V_sufficiency,-0.0022661536931991577,30,4,
discovery,exp12_test_edit_00,test_edit,canonical,1,canonical,0,opposite_same_wording,SKILL_END,V_necessity_loss,-0.0017577111721038818,30,4,
discovery,exp12_test_edit_01,test_edit,canonical,0,canonical,1,opposite_same_wording,SKILL_END,V_sufficiency,-0.0014739632606506348,30,4,
discovery,exp12_test_edit_01,test_edit,canonical,0,canonical,1,opposite_same_wording,SKILL_END,V_necessity_loss,-0.0030296146869659424,30,4,
discovery,exp12_test_edit_01,test_edit,canonical,1,canonical,0,opposite_same_wording,SKILL_END,V_sufficiency,-0.0013131201267242432,30,4,
discovery,exp12_test_edit_01,test_edit,canonical,1,canonical,0,opposite_same_wording,SKILL_END,V_necessity_loss,-0.00589694082736969,30,4,
discovery,exp12_test_edit_03,test_edit,canonical,0,canonical,1,opposite_same_wording,SKILL_END,V_sufficiency,0.0014205873012542725,30,4,
discovery,exp12_test_edit_03,test_edit,canonical,0,canonical,1,opposite_same_wording,SKILL_END,V_necessity_loss,-0.002769775688648224,30,4,
discovery,exp12_test_edit_03,test_edit,canonical,1,canonical,0,opposite_same_wording,SKILL_END,V_sufficiency,0.000788569450378418,30,4,
discovery,exp12_test_edit_03,test_edit,canonical,1,canonical,0,opposite_same_wording,SKILL_END,V_necessity_loss,0.001067042350769043,30,4,
discovery,exp12_test_edit_05,test_edit,canonical,0,canonical,1,opposite_same_wording,SKILL_END,V_sufficiency,-0.0016459226608276367,30,4,
discovery,exp12_test_edit_05,test_edit,canonical,0,canonical,1,opposite_same_wording,SKILL_END,V_necessity_loss,-0.001016460359096527,30,4,
discovery,exp12_test_edit_05,test_edit,canonical,1,canonical,0,opposite_same_wording,SKILL_END,V_sufficiency,-0.009534686803817749,30,4,
discovery,exp12_test_edit_05,test_edit,canonical,1,canonical,0,opposite_same_wording,SKILL_END,V_necessity_loss,-0.008093670010566711,30,4,
discovery,exp12_test_edit_07,test_edit,canonical,0,canonical,1,opposite_same_wording,SKILL_END,V_sufficiency,-2.755969762802124e-05,30,4,
discovery,exp12_test_edit_07,test_edit,canonical,0,canonical,1,opposite_same_wording,SKILL_END,V_necessity_loss,-0.004606775939464569,30,4,
discovery,exp12_test_edit_07,test_edit,canonical,1,canonical,0,opposite_same_wording,SKILL_END,V_sufficiency,0.00024475157260894775,30,4,
discovery,exp12_test_edit_07,test_edit,canonical,1,canonical,0,opposite_same_wording,SKILL_END,V_necessity_loss,-0.00959622859954834,30,4,
discovery,exp12_test_edit_08,test_edit,canonical,0,canonical,1,opposite_same_wording,SKILL_END,V_sufficiency,-0.0023068562150001526,30,4,
discovery,exp12_test_edit_08,test_edit,canonical,0,canonical,1,opposite_same_wording,SKILL_END,V_necessity_loss,-0.000741228461265564,30,4,
discovery,exp12_test_edit_08,test_edit,canonical,1,canonical,0,opposite_same_wording,SKILL_END,V_sufficiency,-0.0008899718523025513,30,4,
discovery,exp12_test_edit_08,test_edit,canonical,1,canonical,0,opposite_same_wording,SKILL_END,V_necessity_loss,-0.0007784664630889893,30,4,
discovery,exp12_test_edit_09,test_edit,canonical,0,canonical,1,opposite_same_wording,SKILL_END,V_sufficiency,0.0006224215030670166,30,4,
discovery,exp12_test_edit_09,test_edit,canonical,0,canonical,1,opposite_same_wording,SKILL_END,V_necessity_loss,-0.007295288145542145,30,4,
discovery,exp12_test_edit_09,test_edit,canonical,1,canonical,0,opposite_same_wording,SKILL_END,V_sufficiency,-0.00206911563873291,30,4,
discovery,exp12_test_edit_09,test_edit,canonical,1,canonical,0,opposite_same_wording,SKILL_END,V_necessity_loss,-0.0005345195531845093,30,4,
discovery,exp12_test_edit_15,test_edit,canonical,0,canonical,1,opposite_same_wording,SKILL_END,V_sufficiency,-0.000555083155632019,30,4,
discovery,exp12_test_edit_15,test_edit,canonical,0,canonical,1,opposite_same_wording,SKILL_END,V_necessity_loss,0.0015619993209838867,30,4,
discovery,exp12_test_edit_15,test_edit,canonical,1,canonical,0,opposite_same_wording,SKILL_END,V_sufficiency,-0.0015301108360290527,30,4,
discovery,exp12_test_edit_15,test_edit,canonical,1,canonical,0,opposite_same_wording,SKILL_END,V_necessity_loss,-0.002816304564476013,30,4,
discovery,exp12_test_edit_00,test_edit,canonical,0,canonical,1,opposite_same_wording,SYSTEM_END,V_sufficiency,0.0015332996845245361,30,4,
discovery,exp12_test_edit_00,test_edit,canonical,0,canonical,1,opposite_same_wording,SYSTEM_END,V_necessity_loss,0.0015354454517364502,30,4,
discovery,exp12_test_edit_00,test_edit,canonical,1,canonical,0,opposite_same_wording,SYSTEM_END,V_sufficiency,0.0013809055089950562,30,4,
discovery,exp12_test_edit_00,test_edit,canonical,1,canonical,0,opposite_same_wording,SYSTEM_END,V_necessity_loss,0.00029593706130981445,30,4,
discovery,exp12_test_edit_01,test_edit,canonical,0,canonical,1,opposite_same_wording,SYSTEM_END,V_sufficiency,-0.0014741122722625732,30,4,
discovery,exp12_test_edit_01,test_edit,canonical,0,canonical,1,opposite_same_wording,SYSTEM_END,V_necessity_loss,0.00312592089176178,30,4,
discovery,exp12_test_edit_01,test_edit,canonical,1,canonical,0,opposite_same_wording,SYSTEM_END,V_sufficiency,0.0005051344633102417,30,4,
discovery,exp12_test_edit_01,test_edit,canonical,1,canonical,0,opposite_same_wording,SYSTEM_END,V_necessity_loss,2.9519200325012207e-05,30,4,
discovery,exp12_test_edit_03,test_edit,canonical,0,canonical,1,opposite_same_wording,SYSTEM_END,V_sufficiency,-0.0007096603512763977,30,4,
discovery,exp12_test_edit_03,test_edit,canonical,0,canonical,1,opposite_same_wording,SYSTEM_END,V_necessity_loss,-1.043081283569336e-07,30,4,
discovery,exp12_test_edit_03,test_edit,canonical,1,canonical,0,opposite_same_wording,SYSTEM_END,V_sufficiency,0.0019371509552001953,30,4,
discovery,exp12_test_edit_03,test_edit,canonical,1,canonical,0,opposite_same_wording,SYSTEM_END,V_necessity_loss,0.0010764896869659424,30,4,
discovery,exp12_test_edit_05,test_edit,canonical,0,canonical,1,opposite_same_wording,SYSTEM_END,V_sufficiency,-0.0001483336091041565,30,4,
discovery,exp12_test_edit_05,test_edit,canonical,0,canonical,1,opposite_same_wording,SYSTEM_END,V_necessity_loss,0.0006948783993721008,30,4,
discovery,exp12_test_edit_05,test_edit,canonical,1,canonical,0,opposite_same_wording,SYSTEM_END,V_sufficiency,0.004144072532653809,30,4,
discovery,exp12_test_edit_05,test_edit,canonical,1,canonical,0,opposite_same_wording,SYSTEM_END,V_necessity_loss,-0.0007495135068893433,30,4,
discovery,exp12_test_edit_07,test_edit,canonical,0,canonical,1,opposite_same_wording,SYSTEM_END,V_sufficiency,0.001527830958366394,30,4,
discovery,exp12_test_edit_07,test_edit,canonical,0,canonical,1,opposite_same_wording,SYSTEM_END,V_necessity_loss,0.00029943883419036865,30,4,
discovery,exp12_test_edit_07,test_edit,canonical,1,canonical,0,opposite_same_wording,SYSTEM_END,V_sufficiency,0.012515366077423096,30,4,
discovery,exp12_test_edit_07,test_edit,canonical,1,canonical,0,opposite_same_wording,SYSTEM_END,V_necessity_loss,0.011771857738494873,30,4,
discovery,exp12_test_edit_08,test_edit,canonical,0,canonical,1,opposite_same_wording,SYSTEM_END,V_sufficiency,4.017353057861328e-05,30,4,
discovery,exp12_test_edit_08,test_edit,canonical,0,canonical,1,opposite_same_wording,SYSTEM_END,V_necessity_loss,0.0008092522621154785,30,4,
discovery,exp12_test_edit_08,test_edit,canonical,1,canonical,0,opposite_same_wording,SYSTEM_END,V_sufficiency,0.011532261967658997,30,4,
discovery,exp12_test_edit_08,test_edit,canonical,1,canonical,0,opposite_same_wording,SYSTEM_END,V_necessity_loss,0.01004984974861145,30,4,
discovery,exp12_test_edit_09,test_edit,canonical,0,canonical,1,opposite_same_wording,SYSTEM_END,V_sufficiency,-0.00014513731002807617,30,4,
discovery,exp12_test_edit_09,test_edit,canonical,0,canonical,1,opposite_same_wording,SYSTEM_END,V_necessity_loss,-1.8030405044555664e-06,30,4,
discovery,exp12_test_edit_09,test_edit,canonical,1,canonical,0,opposite_same_wording,SYSTEM_END,V_sufficiency,-5.887448787689209e-05,30,4,
discovery,exp12_test_edit_09,test_edit,canonical,1,canonical,0,opposite_same_wording,SYSTEM_END,V_necessity_loss,0.0005731731653213501,30,4,
discovery,exp12_test_edit_15,test_edit,canonical,0,canonical,1,opposite_same_wording,SYSTEM_END,V_sufficiency,-0.0012921541929244995,30,4,
discovery,exp12_test_edit_15,test_edit,canonical,0,canonical,1,opposite_same_wording,SYSTEM_END,V_necessity_loss,3.2782554626464844e-07,30,4,
discovery,exp12_test_edit_15,test_edit,canonical,1,canonical,0,opposite_same_wording,SYSTEM_END,V_sufficiency,-0.00018167495727539062,30,4,
discovery,exp12_test_edit_15,test_edit,canonical,1,canonical,0,opposite_same_wording,SYSTEM_END,V_necessity_loss,0.0013357549905776978,30,4,
discovery,exp12_test_edit_00,test_edit,canonical,0,canonical,1,opposite_same_wording,ISSUE_END,V_sufficiency,-0.004059627652168274,30,4,
discovery,exp12_test_edit_00,test_edit,canonical,0,canonical,1,opposite_same_wording,ISSUE_END,V_necessity_loss,0.0006231218576431274,30,4,
discovery,exp12_test_edit_00,test_edit,canonical,1,canonical,0,opposite_same_wording,ISSUE_END,V_sufficiency,-0.00019137561321258545,30,4,
discovery,exp12_test_edit_00,test_edit,canonical,1,canonical,0,opposite_same_wording,ISSUE_END,V_necessity_loss,3.9637088775634766e-06,30,4,
discovery,exp12_test_edit_01,test_edit,canonical,0,canonical,1,opposite_same_wording,ISSUE_END,V_sufficiency,0.001568526029586792,30,4,
discovery,exp12_test_edit_01,test_edit,canonical,0,canonical,1,opposite_same_wording,ISSUE_END,V_necessity_loss,-0.0014694184064865112,30,4,
discovery,exp12_test_edit_01,test_edit,canonical,1,canonical,0,opposite_same_wording,ISSUE_END,V_sufficiency,-4.877150058746338e-05,30,4,
discovery,exp12_test_edit_01,test_edit,canonical,1,canonical,0,opposite_same_wording,ISSUE_END,V_necessity_loss,0.0012799948453903198,30,4,
discovery,exp12_test_edit_03,test_edit,canonical,0,canonical,1,opposite_same_wording,ISSUE_END,V_sufficiency,0.001478545367717743,30,4,
discovery,exp12_test_edit_03,test_edit,canonical,0,canonical,1,opposite_same_wording,ISSUE_END,V_necessity_loss,0.0014211013913154602,30,4,
discovery,exp12_test_edit_03,test_edit,canonical,1,canonical,0,opposite_same_wording,ISSUE_END,V_sufficiency,0.00022554397583007812,30,4,
discovery,exp12_test_edit_03,test_edit,canonical,1,canonical,0,opposite_same_wording,ISSUE_END,V_necessity_loss,-0.0016945898532867432,30,4,
discovery,exp12_test_edit_05,test_edit,canonical,0,canonical,1,opposite_same_wording,ISSUE_END,V_sufficiency,0.0007843747735023499,30,4,
discovery,exp12_test_edit_05,test_edit,canonical,0,canonical,1,opposite_same_wording,ISSUE_END,V_necessity_loss,0.002346023917198181,30,4,
discovery,exp12_test_edit_05,test_edit,canonical,1,canonical,0,opposite_same_wording,ISSUE_END,V_sufficiency,0.0009753704071044922,30,4,
discovery,exp12_test_edit_05,test_edit,canonical,1,canonical,0,opposite_same_wording,ISSUE_END,V_necessity_loss,1.4573335647583008e-05,30,4,
discovery,exp12_test_edit_07,test_edit,canonical,0,canonical,1,opposite_same_wording,ISSUE_END,V_sufficiency,0.007703155279159546,30,4,
discovery,exp12_test_edit_07,test_edit,canonical,0,canonical,1,opposite_same_wording,ISSUE_END,V_necessity_loss,0.002234824001789093,30,4,
discovery,exp12_test_edit_07,test_edit,canonical,1,canonical,0,opposite_same_wording,ISSUE_END,V_sufficiency,0.010456234216690063,30,4,
discovery,exp12_test_edit_07,test_edit,canonical,1,canonical,0,opposite_same_wording,ISSUE_END,V_necessity_loss,-0.0009073019027709961,30,4,
discovery,exp12_test_edit_08,test_edit,canonical,0,canonical,1,opposite_same_wording,ISSUE_END,V_sufficiency,-0.0015658065676689148,30,4,
discovery,exp12_test_edit_08,test_edit,canonical,0,canonical,1,opposite_same_wording,ISSUE_END,V_necessity_loss,0.0007616952061653137,30,4,
discovery,exp12_test_edit_08,test_edit,canonical,1,canonical,0,opposite_same_wording,ISSUE_END,V_sufficiency,0.009260714054107666,30,4,
discovery,exp12_test_edit_08,test_edit,canonical,1,canonical,0,opposite_same_wording,ISSUE_END,V_necessity_loss,0.010628819465637207,30,4,
discovery,exp12_test_edit_09,test_edit,canonical,0,canonical,1,opposite_same_wording,ISSUE_END,V_sufficiency,-1.4901161193847656e-07,30,4,
discovery,exp12_test_edit_09,test_edit,canonical,0,canonical,1,opposite_same_wording,ISSUE_END,V_necessity_loss,0.001409880816936493,30,4,
discovery,exp12_test_edit_09,test_edit,canonical,1,canonical,0,opposite_same_wording,ISSUE_END,V_sufficiency,-2.6434659957885742e-05,30,4,
discovery,exp12_test_edit_09,test_edit,canonical,1,canonical,0,opposite_same_wording,ISSUE_END,V_necessity_loss,0.013994812965393066,30,4,
discovery,exp12_test_edit_15,test_edit,canonical,0,canonical,1,opposite_same_wording,ISSUE_END,V_sufficiency,-0.00046882033348083496,30,4,
discovery,exp12_test_edit_15,test_edit,canonical,0,canonical,1,opposite_same_wording,ISSUE_END,V_necessity_loss,0.0015962421894073486,30,4,
discovery,exp12_test_edit_15,test_edit,canonical,1,canonical,0,opposite_same_wording,ISSUE_END,V_sufficiency,-3.14563512802124e-05,30,4,
discovery,exp12_test_edit_15,test_edit,canonical,1,canonical,0,opposite_same_wording,ISSUE_END,V_necessity_loss,0.0007210671901702881,30,4,
discovery,exp12_test_edit_00,test_edit,canonical,0,canonical,1,opposite_same_wording,DETAIL_END,V_sufficiency,0.0008323937654495239,30,4,
discovery,exp12_test_edit_00,test_edit,canonical,0,canonical,1,opposite_same_wording,DETAIL_END,V_necessity_loss,0.0006380826234817505,30,4,
discovery,exp12_test_edit_00,test_edit,canonical,1,canonical,0,opposite_same_wording,DETAIL_END,V_sufficiency,-4.589557647705078e-06,30,4,
discovery,exp12_test_edit_00,test_edit,canonical,1,canonical,0,opposite_same_wording,DETAIL_END,V_necessity_loss,0.00148068368434906,30,4,
discovery,exp12_test_edit_01,test_edit,canonical,0,canonical,1,opposite_same_wording,DETAIL_END,V_sufficiency,-0.002405703067779541,30,4,
discovery,exp12_test_edit_01,test_edit,canonical,0,canonical,1,opposite_same_wording,DETAIL_END,V_necessity_loss,0.0007821246981620789,30,4,
discovery,exp12_test_edit_01,test_edit,canonical,1,canonical,0,opposite_same_wording,DETAIL_END,V_sufficiency,0.00022274255752563477,30,4,
discovery,exp12_test_edit_01,test_edit,canonical,1,canonical,0,opposite_same_wording,DETAIL_END,V_necessity_loss,-0.002420574426651001,30,4,
discovery,exp12_test_edit_03,test_edit,canonical,0,canonical,1,opposite_same_wording,DETAIL_END,V_sufficiency,0.000768519937992096,30,4,
discovery,exp12_test_edit_03,test_edit,canonical,0,canonical,1,opposite_same_wording,DETAIL_END,V_necessity_loss,-6.332993507385254e-07,30,4,
discovery,exp12_test_edit_03,test_edit,canonical,1,canonical,0,opposite_same_wording,DETAIL_END,V_sufficiency,5.3882598876953125e-05,30,4,
discovery,exp12_test_edit_03,test_edit,canonical,1,canonical,0,opposite_same_wording,DETAIL_END,V_necessity_loss,0.001230776309967041,30,4,
discovery,exp12_test_edit_05,test_edit,canonical,0,canonical,1,opposite_same_wording,DETAIL_END,V_sufficiency,-0.0001443326473236084,30,4,
discovery,exp12_test_edit_05,test_edit,canonical,0,canonical,1,opposite_same_wording,DETAIL_END,V_necessity_loss,0.0008171871304512024,30,4,
discovery,exp12_test_edit_05,test_edit,canonical,1,canonical,0,opposite_same_wording,DETAIL_END,V_sufficiency,0.001503586769104004,30,4,
discovery,exp12_test_edit_05,test_edit,canonical,1,canonical,0,opposite_same_wording,DETAIL_END,V_necessity_loss,0.0023434311151504517,30,4,
discovery,exp12_test_edit_07,test_edit,canonical,0,canonical,1,opposite_same_wording,DETAIL_END,V_sufficiency,0.006922990083694458,30,4,
discovery,exp12_test_edit_07,test_edit,canonical,0,canonical,1,opposite_same_wording,DETAIL_END,V_necessity_loss,-0.004635706543922424,30,4,
discovery,exp12_test_edit_07,test_edit,canonical,1,canonical,0,opposite_same_wording,DETAIL_END,V_sufficiency,1.2099742889404297e-05,30,4,
discovery,exp12_test_edit_07,test_edit,canonical,1,canonical,0,opposite_same_wording,DETAIL_END,V_necessity_loss,0.00012950599193572998,30,4,
discovery,exp12_test_edit_08,test_edit,canonical,0,canonical,1,opposite_same_wording,DETAIL_END,V_sufficiency,-0.0015653148293495178,30,4,
discovery,exp12_test_edit_08,test_edit,canonical,0,canonical,1,opposite_same_wording,DETAIL_END,V_necessity_loss,-0.0007768422365188599,30,4,
discovery,exp12_test_edit_08,test_edit,canonical,1,canonical,0,opposite_same_wording,DETAIL_END,V_sufficiency,0.009444713592529297,30,4,
discovery,exp12_test_edit_08,test_edit,canonical,1,canonical,0,opposite_same_wording,DETAIL_END,V_necessity_loss,-4.750490188598633e-05,30,4,
discovery,exp12_test_edit_09,test_edit,canonical,0,canonical,1,opposite_same_wording,DETAIL_END,V_sufficiency,-0.002131536602973938,30,4,
discovery,exp12_test_edit_09,test_edit,canonical,0,canonical,1,opposite_same_wording,DETAIL_END,V_necessity_loss,-0.0007103756070137024,30,4,
discovery,exp12_test_edit_09,test_edit,canonical,1,canonical,0,opposite_same_wording,DETAIL_END,V_sufficiency,-0.0005932450294494629,30,4,
discovery,exp12_test_edit_09,test_edit,canonical,1,canonical,0,opposite_same_wording,DETAIL_END,V_necessity_loss,-0.0038029104471206665,30,4,
discovery,exp12_test_edit_15,test_edit,canonical,0,canonical,1,opposite_same_wording,DETAIL_END,V_sufficiency,0.0001068115234375,30,4,
discovery,exp12_test_edit_15,test_edit,canonical,0,canonical,1,opposite_same_wording,DETAIL_END,V_necessity_loss,-0.00367698073387146,30,4,
discovery,exp12_test_edit_15,test_edit,canonical,1,canonical,0,opposite_same_wording,DETAIL_END,V_sufficiency,-8.307397365570068e-05,30,4,
discovery,exp12_test_edit_15,test_edit,canonical,1,canonical,0,opposite_same_wording,DETAIL_END,V_necessity_loss,-0.0006175786256790161,30,4,
discovery,exp12_test_edit_00,test_edit,canonical,0,canonical,1,opposite_same_wording,ACTION0_END,V_sufficiency,-3.451108932495117e-05,30,4,
discovery,exp12_test_edit_00,test_edit,canonical,0,canonical,1,opposite_same_wording,ACTION0_END,V_necessity_loss,-0.0007822811603546143,30,4,
discovery,exp12_test_edit_00,test_edit,canonical,1,canonical,0,opposite_same_wording,ACTION0_END,V_sufficiency,0.0011717230081558228,30,4,
discovery,exp12_test_edit_00,test_edit,canonical,1,canonical,0,opposite_same_wording,ACTION0_END,V_necessity_loss,0.000742793083190918,30,4,
discovery,exp12_test_edit_01,test_edit,canonical,0,canonical,1,opposite_same_wording,ACTION0_END,V_sufficiency,-0.00011660158634185791,30,4,
discovery,exp12_test_edit_01,test_edit,canonical,0,canonical,1,opposite_same_wording,ACTION0_END,V_necessity_loss,-0.0007850676774978638,30,4,
discovery,exp12_test_edit_01,test_edit,canonical,1,canonical,0,opposite_same_wording,ACTION0_END,V_sufficiency,-0.00023643672466278076,30,4,
discovery,exp12_test_edit_01,test_edit,canonical,1,canonical,0,opposite_same_wording,ACTION0_END,V_necessity_loss,-0.0033353418111801147,30,4,
discovery,exp12_test_edit_03,test_edit,canonical,0,canonical,1,opposite_same_wording,ACTION0_END,V_sufficiency,0.0007684677839279175,30,4,
discovery,exp12_test_edit_03,test_edit,canonical,0,canonical,1,opposite_same_wording,ACTION0_END,V_necessity_loss,-0.000592447817325592,30,4,
discovery,exp12_test_edit_03,test_edit,canonical,1,canonical,0,opposite_same_wording,ACTION0_END,V_sufficiency,-0.0004268735647201538,30,4,
discovery,exp12_test_edit_03,test_edit,canonical,1,canonical,0,opposite_same_wording,ACTION0_END,V_necessity_loss,0.0007990598678588867,30,4,
discovery,exp12_test_edit_05,test_edit,canonical,0,canonical,1,opposite_same_wording,ACTION0_END,V_sufficiency,4.03672456741333e-05,30,4,
discovery,exp12_test_edit_05,test_edit,canonical,0,canonical,1,opposite_same_wording,ACTION0_END,V_necessity_loss,-0.001559630036354065,30,4,
discovery,exp12_test_edit_05,test_edit,canonical,1,canonical,0,opposite_same_wording,ACTION0_END,V_sufficiency,0.0002279430627822876,30,4,
discovery,exp12_test_edit_05,test_edit,canonical,1,canonical,0,opposite_same_wording,ACTION0_END,V_necessity_loss,0.004818782210350037,30,4,
discovery,exp12_test_edit_07,test_edit,canonical,0,canonical,1,opposite_same_wording,ACTION0_END,V_sufficiency,-0.0007771477103233337,30,4,
discovery,exp12_test_edit_07,test_edit,canonical,0,canonical,1,opposite_same_wording,ACTION0_END,V_necessity_loss,0.001186966896057129,30,4,
discovery,exp12_test_edit_07,test_edit,canonical,1,canonical,0,opposite_same_wording,ACTION0_END,V_sufficiency,0.01051446795463562,30,4,
discovery,exp12_test_edit_07,test_edit,canonical,1,canonical,0,opposite_same_wording,ACTION0_END,V_necessity_loss,0.011048898100852966,30,4,
discovery,exp12_test_edit_08,test_edit,canonical,0,canonical,1,opposite_same_wording,ACTION0_END,V_sufficiency,2.473592758178711e-06,30,4,
discovery,exp12_test_edit_08,test_edit,canonical,0,canonical,1,opposite_same_wording,ACTION0_END,V_necessity_loss,-0.0016240328550338745,30,4,
discovery,exp12_test_edit_08,test_edit,canonical,1,canonical,0,opposite_same_wording,ACTION0_END,V_sufficiency,-5.984306335449219e-05,30,4,
discovery,exp12_test_edit_08,test_edit,canonical,1,canonical,0,opposite_same_wording,ACTION0_END,V_necessity_loss,0.011860206723213196,30,4,
discovery,exp12_test_edit_09,test_edit,canonical,0,canonical,1,opposite_same_wording,ACTION0_END,V_sufficiency,-0.005962483584880829,30,4,
discovery,exp12_test_edit_09,test_edit,canonical,0,canonical,1,opposite_same_wording,ACTION0_END,V_necessity_loss,0.0014221668243408203,30,4,
discovery,exp12_test_edit_09,test_edit,canonical,1,canonical,0,opposite_same_wording,ACTION0_END,V_sufficiency,0.0005080699920654297,30,4,
discovery,exp12_test_edit_09,test_edit,canonical,1,canonical,0,opposite_same_wording,ACTION0_END,V_necessity_loss,-0.004225730895996094,30,4,
discovery,exp12_test_edit_15,test_edit,canonical,0,canonical,1,opposite_same_wording,ACTION0_END,V_sufficiency,-0.0006706267595291138,30,4,
discovery,exp12_test_edit_15,test_edit,canonical,0,canonical,1,opposite_same_wording,ACTION0_END,V_necessity_loss,-9.5367431640625e-07,30,4,
discovery,exp12_test_edit_15,test_edit,canonical,1,canonical,0,opposite_same_wording,ACTION0_END,V_sufficiency,0.001452818512916565,30,4,
discovery,exp12_test_edit_15,test_edit,canonical,1,canonical,0,opposite_same_wording,ACTION0_END,V_necessity_loss,-0.0007572025060653687,30,4,
discovery,exp12_test_edit_00,test_edit,canonical,0,canonical,1,opposite_same_wording,ACTION1_END,V_sufficiency,-8.668005466461182e-05,30,4,
discovery,exp12_test_edit_00,test_edit,canonical,0,canonical,1,opposite_same_wording,ACTION1_END,V_necessity_loss,0.0008421242237091064,30,4,
discovery,exp12_test_edit_00,test_edit,canonical,1,canonical,0,opposite_same_wording,ACTION1_END,V_sufficiency,-0.0006874054670333862,30,4,
discovery,exp12_test_edit_00,test_edit,canonical,1,canonical,0,opposite_same_wording,ACTION1_END,V_necessity_loss,-6.0170888900756836e-05,30,4,
discovery,exp12_test_edit_01,test_edit,canonical,0,canonical,1,opposite_same_wording,ACTION1_END,V_sufficiency,-0.0015854313969612122,30,4,
discovery,exp12_test_edit_01,test_edit,canonical,0,canonical,1,opposite_same_wording,ACTION1_END,V_necessity_loss,0.00018522143363952637,30,4,
discovery,exp12_test_edit_01,test_edit,canonical,1,canonical,0,opposite_same_wording,ACTION1_END,V_sufficiency,0.00017523765563964844,30,4,
discovery,exp12_test_edit_01,test_edit,canonical,1,canonical,0,opposite_same_wording,ACTION1_END,V_necessity_loss,-0.00017799437046051025,30,4,
discovery,exp12_test_edit_03,test_edit,canonical,0,canonical,1,opposite_same_wording,ACTION1_END,V_sufficiency,0.0014215931296348572,30,4,
discovery,exp12_test_edit_03,test_edit,canonical,0,canonical,1,opposite_same_wording,ACTION1_END,V_necessity_loss,-0.0006538257002830505,30,4,
discovery,exp12_test_edit_03,test_edit,canonical,1,canonical,0,opposite_same_wording,ACTION1_END,V_sufficiency,-0.00042484700679779053,30,4,
discovery,exp12_test_edit_03,test_edit,canonical,1,canonical,0,opposite_same_wording,ACTION1_END,V_necessity_loss,-0.0007519274950027466,30,4,
discovery,exp12_test_edit_05,test_edit,canonical,0,canonical,1,opposite_same_wording,ACTION1_END,V_sufficiency,-0.000824950635433197,30,4,
discovery,exp12_test_edit_05,test_edit,canonical,0,canonical,1,opposite_same_wording,ACTION1_END,V_necessity_loss,0.0006446689367294312,30,4,
discovery,exp12_test_edit_05,test_edit,canonical,1,canonical,0,opposite_same_wording,ACTION1_END,V_sufficiency,-0.010268256068229675,30,4,
discovery,exp12_test_edit_05,test_edit,canonical,1,canonical,0,opposite_same_wording,ACTION1_END,V_necessity_loss,-0.00020767748355865479,30,4,
discovery,exp12_test_edit_07,test_edit,canonical,0,canonical,1,opposite_same_wording,ACTION1_END,V_sufficiency,0.007058762013912201,30,4,
discovery,exp12_test_edit_07,test_edit,canonical,0,canonical,1,opposite_same_wording,ACTION1_END,V_necessity_loss,0.0015611574053764343,30,4,
discovery,exp12_test_edit_07,test_edit,canonical,1,canonical,0,opposite_same_wording,ACTION1_END,V_sufficiency,1.5974044799804688e-05,30,4,
discovery,exp12_test_edit_07,test_edit,canonical,1,canonical,0,opposite_same_wording,ACTION1_END,V_necessity_loss,0.00017715990543365479,30,4,
discovery,exp12_test_edit_08,test_edit,canonical,0,canonical,1,opposite_same_wording,ACTION1_END,V_sufficiency,-7.425248622894287e-05,30,4,
discovery,exp12_test_edit_08,test_edit,canonical,0,canonical,1,opposite_same_wording,ACTION1_END,V_necessity_loss,-0.0007814988493919373,30,4,
discovery,exp12_test_edit_08,test_edit,canonical,1,canonical,0,opposite_same_wording,ACTION1_END,V_sufficiency,0.010660216212272644,30,4,
discovery,exp12_test_edit_08,test_edit,canonical,1,canonical,0,opposite_same_wording,ACTION1_END,V_necessity_loss,3.5434961318969727e-05,30,4,
discovery,exp12_test_edit_09,test_edit,canonical,0,canonical,1,opposite_same_wording,ACTION1_END,V_sufficiency,-0.006593011319637299,30,4,
discovery,exp12_test_edit_09,test_edit,canonical,0,canonical,1,opposite_same_wording,ACTION1_END,V_necessity_loss,-0.00014402717351913452,30,4,
discovery,exp12_test_edit_09,test_edit,canonical,1,canonical,0,opposite_same_wording,ACTION1_END,V_sufficiency,-8.940696716308594e-07,30,4,
discovery,exp12_test_edit_09,test_edit,canonical,1,canonical,0,opposite_same_wording,ACTION1_END,V_necessity_loss,0.009348124265670776,30,4,
discovery,exp12_test_edit_15,test_edit,canonical,0,canonical,1,opposite_same_wording,ACTION1_END,V_sufficiency,-0.0006661862134933472,30,4,
discovery,exp12_test_edit_15,test_edit,canonical,0,canonical,1,opposite_same_wording,ACTION1_END,V_necessity_loss,-0.0007562339305877686,30,4,
discovery,exp12_test_edit_15,test_edit,canonical,1,canonical,0,opposite_same_wording,ACTION1_END,V_sufficiency,0.001357734203338623,30,4,
discovery,exp12_test_edit_15,test_edit,canonical,1,canonical,0,opposite_same_wording,ACTION1_END,V_necessity_loss,-0.01147790253162384,30,4,
discovery,exp12_test_edit_00,test_edit,canonical,0,canonical,1,opposite_same_wording,FINAL_INSTRUCTION_END,V_sufficiency,0.0016101747751235962,30,4,
discovery,exp12_test_edit_00,test_edit,canonical,0,canonical,1,opposite_same_wording,FINAL_INSTRUCTION_END,V_necessity_loss,-0.0015550553798675537,30,4,
discovery,exp12_test_edit_00,test_edit,canonical,1,canonical,0,opposite_same_wording,FINAL_INSTRUCTION_END,V_sufficiency,0.00204254686832428,30,4,
discovery,exp12_test_edit_00,test_edit,canonical,1,canonical,0,opposite_same_wording,FINAL_INSTRUCTION_END,V_necessity_loss,0.0037360340356826782,30,4,
discovery,exp12_test_edit_01,test_edit,canonical,0,canonical,1,opposite_same_wording,FINAL_INSTRUCTION_END,V_sufficiency,-5.297362804412842e-05,30,4,
discovery,exp12_test_edit_01,test_edit,canonical,0,canonical,1,opposite_same_wording,FINAL_INSTRUCTION_END,V_necessity_loss,-0.002184741199016571,30,4,
discovery,exp12_test_edit_01,test_edit,canonical,1,canonical,0,opposite_same_wording,FINAL_INSTRUCTION_END,V_sufficiency,0.0023905932903289795,30,4,
discovery,exp12_test_edit_01,test_edit,canonical,1,canonical,0,opposite_same_wording,FINAL_INSTRUCTION_END,V_necessity_loss,0.002820998430252075,30,4,
discovery,exp12_test_edit_03,test_edit,canonical,0,canonical,1,opposite_same_wording,FINAL_INSTRUCTION_END,V_sufficiency,0.0007681176066398621,30,4,
discovery,exp12_test_edit_03,test_edit,canonical,0,canonical,1,opposite_same_wording,FINAL_INSTRUCTION_END,V_necessity_loss,-0.0013625770807266235,30,4,
discovery,exp12_test_edit_03,test_edit,canonical,1,canonical,0,opposite_same_wording,FINAL_INSTRUCTION_END,V_sufficiency,0.0030872374773025513,30,4,
discovery,exp12_test_edit_03,test_edit,canonical,1,canonical,0,opposite_same_wording,FINAL_INSTRUCTION_END,V_necessity_loss,0.0058647990226745605,30,4,
discovery,exp12_test_edit_05,test_edit,canonical,0,canonical,1,opposite_same_wording,FINAL_INSTRUCTION_END,V_sufficiency,0.0007851868867874146,30,4,
discovery,exp12_test_edit_05,test_edit,canonical,0,canonical,1,opposite_same_wording,FINAL_INSTRUCTION_END,V_necessity_loss,-0.002345435321331024,30,4,
discovery,exp12_test_edit_05,test_edit,canonical,1,canonical,0,opposite_same_wording,FINAL_INSTRUCTION_END,V_sufficiency,0.004980191588401794,30,4,
discovery,exp12_test_edit_05,test_edit,canonical,1,canonical,0,opposite_same_wording,FINAL_INSTRUCTION_END,V_necessity_loss,0.0028108060359954834,30,4,
discovery,exp12_test_edit_07,test_edit,canonical,0,canonical,1,opposite_same_wording,FINAL_INSTRUCTION_END,V_sufficiency,0.007839404046535492,30,4,
discovery,exp12_test_edit_07,test_edit,canonical,0,canonical,1,opposite_same_wording,FINAL_INSTRUCTION_END,V_necessity_loss,-0.006934806704521179,30,4,
discovery,exp12_test_edit_07,test_edit,canonical,1,canonical,0,opposite_same_wording,FINAL_INSTRUCTION_END,V_sufficiency,0.012638658285140991,30,4,
discovery,exp12_test_edit_07,test_edit,canonical,1,canonical,0,opposite_same_wording,FINAL_INSTRUCTION_END,V_necessity_loss,0.003622189164161682,30,4,
discovery,exp12_test_edit_08,test_edit,canonical,0,canonical,1,opposite_same_wording,FINAL_INSTRUCTION_END,V_sufficiency,0.0015541911125183105,30,4,
discovery,exp12_test_edit_08,test_edit,canonical,0,canonical,1,opposite_same_wording,FINAL_INSTRUCTION_END,V_necessity_loss,0.0007822290062904358,30,4,
discovery,exp12_test_edit_08,test_edit,canonical,1,canonical,0,opposite_same_wording,FINAL_INSTRUCTION_END,V_sufficiency,0.013621330261230469,30,4,
discovery,exp12_test_edit_08,test_edit,canonical,1,canonical,0,opposite_same_wording,FINAL_INSTRUCTION_END,V_necessity_loss,0.005201295018196106,30,4,
discovery,exp12_test_edit_09,test_edit,canonical,0,canonical,1,opposite_same_wording,FINAL_INSTRUCTION_END,V_sufficiency,0.0006231367588043213,30,4,
discovery,exp12_test_edit_09,test_edit,canonical,0,canonical,1,opposite_same_wording,FINAL_INSTRUCTION_END,V_necessity_loss,0.00657973438501358,30,4,
discovery,exp12_test_edit_09,test_edit,canonical,1,canonical,0,opposite_same_wording,FINAL_INSTRUCTION_END,V_sufficiency,-0.00127410888671875,30,4,
discovery,exp12_test_edit_09,test_edit,canonical,1,canonical,0,opposite_same_wording,FINAL_INSTRUCTION_END,V_necessity_loss,0.01548837125301361,30,4,
discovery,exp12_test_edit_15,test_edit,canonical,0,canonical,1,opposite_same_wording,FINAL_INSTRUCTION_END,V_sufficiency,0.0017093420028686523,30,4,
discovery,exp12_test_edit_15,test_edit,canonical,0,canonical,1,opposite_same_wording,FINAL_INSTRUCTION_END,V_necessity_loss,0.00115966796875,30,4,
discovery,exp12_test_edit_15,test_edit,canonical,1,canonical,0,opposite_same_wording,FINAL_INSTRUCTION_END,V_sufficiency,0.0020429641008377075,30,4,
discovery,exp12_test_edit_15,test_edit,canonical,1,canonical,0,opposite_same_wording,FINAL_INSTRUCTION_END,V_necessity_loss,0.012995824217796326,30,4,
discovery,exp12_test_edit_00,test_edit,canonical,0,canonical,1,opposite_same_wording,USER_END,V_sufficiency,0.0016101747751235962,30,4,
discovery,exp12_test_edit_00,test_edit,canonical,0,canonical,1,opposite_same_wording,USER_END,V_necessity_loss,-0.0015550553798675537,30,4,
discovery,exp12_test_edit_00,test_edit,canonical,1,canonical,0,opposite_same_wording,USER_END,V_sufficiency,0.00204254686832428,30,4,
discovery,exp12_test_edit_00,test_edit,canonical,1,canonical,0,opposite_same_wording,USER_END,V_necessity_loss,0.0037360340356826782,30,4,
discovery,exp12_test_edit_01,test_edit,canonical,0,canonical,1,opposite_same_wording,USER_END,V_sufficiency,-5.297362804412842e-05,30,4,
discovery,exp12_test_edit_01,test_edit,canonical,0,canonical,1,opposite_same_wording,USER_END,V_necessity_loss,-0.002184741199016571,30,4,
discovery,exp12_test_edit_01,test_edit,canonical,1,canonical,0,opposite_same_wording,USER_END,V_sufficiency,0.0023905932903289795,30,4,
discovery,exp12_test_edit_01,test_edit,canonical,1,canonical,0,opposite_same_wording,USER_END,V_necessity_loss,0.002820998430252075,30,4,
discovery,exp12_test_edit_03,test_edit,canonical,0,canonical,1,opposite_same_wording,USER_END,V_sufficiency,0.0007681176066398621,30,4,
discovery,exp12_test_edit_03,test_edit,canonical,0,canonical,1,opposite_same_wording,USER_END,V_necessity_loss,-0.0013625770807266235,30,4,
discovery,exp12_test_edit_03,test_edit,canonical,1,canonical,0,opposite_same_wording,USER_END,V_sufficiency,0.0030872374773025513,30,4,
discovery,exp12_test_edit_03,test_edit,canonical,1,canonical,0,opposite_same_wording,USER_END,V_necessity_loss,0.0058647990226745605,30,4,
discovery,exp12_test_edit_05,test_edit,canonical,0,canonical,1,opposite_same_wording,USER_END,V_sufficiency,0.0007851868867874146,30,4,
discovery,exp12_test_edit_05,test_edit,canonical,0,canonical,1,opposite_same_wording,USER_END,V_necessity_loss,-0.002345435321331024,30,4,
discovery,exp12_test_edit_05,test_edit,canonical,1,canonical,0,opposite_same_wording,USER_END,V_sufficiency,0.004980191588401794,30,4,
discovery,exp12_test_edit_05,test_edit,canonical,1,canonical,0,opposite_same_wording,USER_END,V_necessity_loss,0.0028108060359954834,30,4,
discovery,exp12_test_edit_07,test_edit,canonical,0,canonical,1,opposite_same_wording,USER_END,V_sufficiency,0.007839404046535492,30,4,
discovery,exp12_test_edit_07,test_edit,canonical,0,canonical,1,opposite_same_wording,USER_END,V_necessity_loss,-0.006934806704521179,30,4,
discovery,exp12_test_edit_07,test_edit,canonical,1,canonical,0,opposite_same_wording,USER_END,V_sufficiency,0.012638658285140991,30,4,
discovery,exp12_test_edit_07,test_edit,canonical,1,canonical,0,opposite_same_wording,USER_END,V_necessity_loss,0.003622189164161682,30,4,
discovery,exp12_test_edit_08,test_edit,canonical,0,canonical,1,opposite_same_wording,USER_END,V_sufficiency,0.0015541911125183105,30,4,
discovery,exp12_test_edit_08,test_edit,canonical,0,canonical,1,opposite_same_wording,USER_END,V_necessity_loss,0.0007822290062904358,30,4,
discovery,exp12_test_edit_08,test_edit,canonical,1,canonical,0,opposite_same_wording,USER_END,V_sufficiency,0.013621330261230469,30,4,
discovery,exp12_test_edit_08,test_edit,canonical,1,canonical,0,opposite_same_wording,USER_END,V_necessity_loss,0.005201295018196106,30,4,
discovery,exp12_test_edit_09,test_edit,canonical,0,canonical,1,opposite_same_wording,USER_END,V_sufficiency,0.0006231367588043213,30,4,
discovery,exp12_test_edit_09,test_edit,canonical,0,canonical,1,opposite_same_wording,USER_END,V_necessity_loss,0.00657973438501358,30,4,
discovery,exp12_test_edit_09,test_edit,canonical,1,canonical,0,opposite_same_wording,USER_END,V_sufficiency,-0.00127410888671875,30,4,
discovery,exp12_test_edit_09,test_edit,canonical,1,canonical,0,opposite_same_wording,USER_END,V_necessity_loss,0.01548837125301361,30,4,
discovery,exp12_test_edit_15,test_edit,canonical,0,canonical,1,opposite_same_wording,USER_END,V_sufficiency,0.0017093420028686523,30,4,
discovery,exp12_test_edit_15,test_edit,canonical,0,canonical,1,opposite_same_wording,USER_END,V_necessity_loss,0.00115966796875,30,4,
discovery,exp12_test_edit_15,test_edit,canonical,1,canonical,0,opposite_same_wording,USER_END,V_sufficiency,0.0020429641008377075,30,4,
discovery,exp12_test_edit_15,test_edit,canonical,1,canonical,0,opposite_same_wording,USER_END,V_necessity_loss,0.012995824217796326,30,4,
discovery,exp12_test_edit_00,test_edit,canonical,0,canonical,1,opposite_same_wording,GENERATION_BOUNDARY,V_sufficiency,0.21496662497520447,30,4,
discovery,exp12_test_edit_00,test_edit,canonical,0,canonical,1,opposite_same_wording,GENERATION_BOUNDARY,V_necessity_loss,0.17593638598918915,30,4,
discovery,exp12_test_edit_00,test_edit,canonical,1,canonical,0,opposite_same_wording,GENERATION_BOUNDARY,V_sufficiency,0.1204659640789032,30,4,
discovery,exp12_test_edit_00,test_edit,canonical,1,canonical,0,opposite_same_wording,GENERATION_BOUNDARY,V_necessity_loss,0.20793110132217407,30,4,
discovery,exp12_test_edit_01,test_edit,canonical,0,canonical,1,opposite_same_wording,GENERATION_BOUNDARY,V_sufficiency,0.22294698655605316,30,4,
discovery,exp12_test_edit_01,test_edit,canonical,0,canonical,1,opposite_same_wording,GENERATION_BOUNDARY,V_necessity_loss,0.1769193559885025,30,4,
discovery,exp12_test_edit_01,test_edit,canonical,1,canonical,0,opposite_same_wording,GENERATION_BOUNDARY,V_sufficiency,0.12484322488307953,30,4,
discovery,exp12_test_edit_01,test_edit,canonical,1,canonical,0,opposite_same_wording,GENERATION_BOUNDARY,V_necessity_loss,0.20396213233470917,30,4,
discovery,exp12_test_edit_03,test_edit,canonical,0,canonical,1,opposite_same_wording,GENERATION_BOUNDARY,V_sufficiency,0.19840151071548462,30,4,
discovery,exp12_test_edit_03,test_edit,canonical,0,canonical,1,opposite_same_wording,GENERATION_BOUNDARY,V_necessity_loss,0.17367228865623474,30,4,
discovery,exp12_test_edit_03,test_edit,canonical,1,canonical,0,opposite_same_wording,GENERATION_BOUNDARY,V_sufficiency,0.12488166987895966,30,4,
discovery,exp12_test_edit_03,test_edit,canonical,1,canonical,0,opposite_same_wording,GENERATION_BOUNDARY,V_necessity_loss,0.19462928920984268,30,4,
discovery,exp12_test_edit_05,test_edit,canonical,0,canonical,1,opposite_same_wording,GENERATION_BOUNDARY,V_sufficiency,0.2158307433128357,30,4,
discovery,exp12_test_edit_05,test_edit,canonical,0,canonical,1,opposite_same_wording,GENERATION_BOUNDARY,V_necessity_loss,0.18102313578128815,30,4,
discovery,exp12_test_edit_05,test_edit,canonical,1,canonical,0,opposite_same_wording,GENERATION_BOUNDARY,V_sufficiency,0.13270245492458344,30,4,
discovery,exp12_test_edit_05,test_edit,canonical,1,canonical,0,opposite_same_wording,GENERATION_BOUNDARY,V_necessity_loss,0.2049412727355957,30,4,
discovery,exp12_test_edit_07,test_edit,canonical,0,canonical,1,opposite_same_wording,GENERATION_BOUNDARY,V_sufficiency,0.21720517426729202,30,4,
discovery,exp12_test_edit_07,test_edit,canonical,0,canonical,1,opposite_same_wording,GENERATION_BOUNDARY,V_necessity_loss,0.185017392039299,30,4,
discovery,exp12_test_edit_07,test_edit,canonical,1,canonical,0,opposite_same_wording,GENERATION_BOUNDARY,V_sufficiency,0.13599275052547455,30,4,
discovery,exp12_test_edit_07,test_edit,canonical,1,canonical,0,opposite_same_wording,GENERATION_BOUNDARY,V_necessity_loss,0.208785779774189,30,4,
discovery,exp12_test_edit_08,test_edit,canonical,0,canonical,1,opposite_same_wording,GENERATION_BOUNDARY,V_sufficiency,0.20039527118206024,30,4,
discovery,exp12_test_edit_08,test_edit,canonical,0,canonical,1,opposite_same_wording,GENERATION_BOUNDARY,V_necessity_loss,0.17683346569538116,30,4,
discovery,exp12_test_edit_08,test_edit,canonical,1,canonical,0,opposite_same_wording,GENERATION_BOUNDARY,V_sufficiency,0.13442187011241913,30,4,
discovery,exp12_test_edit_08,test_edit,canonical,1,canonical,0,opposite_same_wording,GENERATION_BOUNDARY,V_necessity_loss,0.20072270929813385,30,4,
discovery,exp12_test_edit_09,test_edit,canonical,0,canonical,1,opposite_same_wording,GENERATION_BOUNDARY,V_sufficiency,0.18488333374261856,30,4,
discovery,exp12_test_edit_09,test_edit,canonical,0,canonical,1,opposite_same_wording,GENERATION_BOUNDARY,V_necessity_loss,0.1807122379541397,30,4,
discovery,exp12_test_edit_09,test_edit,canonical,1,canonical,0,opposite_same_wording,GENERATION_BOUNDARY,V_sufficiency,0.12376444041728973,30,4,
discovery,exp12_test_edit_09,test_edit,canonical,1,canonical,0,opposite_same_wording,GENERATION_BOUNDARY,V_necessity_loss,0.1811966449022293,30,4,
discovery,exp12_test_edit_15,test_edit,canonical,0,canonical,1,opposite_same_wording,GENERATION_BOUNDARY,V_sufficiency,0.2203603982925415,30,4,
discovery,exp12_test_edit_15,test_edit,canonical,0,canonical,1,opposite_same_wording,GENERATION_BOUNDARY,V_necessity_loss,0.17374466359615326,30,4,
discovery,exp12_test_edit_15,test_edit,canonical,1,canonical,0,opposite_same_wording,GENERATION_BOUNDARY,V_sufficiency,0.1223326027393341,30,4,
discovery,exp12_test_edit_15,test_edit,canonical,1,canonical,0,opposite_same_wording,GENERATION_BOUNDARY,V_necessity_loss,0.19991488009691238,30,4,
discovery,exp12_test_edit_00,test_edit,paraphrase,0,paraphrase,1,opposite_same_wording,SKILL_END,V_sufficiency,0.0008044764399528503,30,4,
discovery,exp12_test_edit_00,test_edit,paraphrase,0,paraphrase,1,opposite_same_wording,SKILL_END,V_necessity_loss,0.0008061900734901428,30,4,
discovery,exp12_test_edit_00,test_edit,paraphrase,1,paraphrase,0,opposite_same_wording,SKILL_END,V_sufficiency,0.0061120688915252686,30,4,
discovery,exp12_test_edit_00,test_edit,paraphrase,1,paraphrase,0,opposite_same_wording,SKILL_END,V_necessity_loss,8.940696716308594e-08,30,4,
discovery,exp12_test_edit_01,test_edit,paraphrase,0,paraphrase,1,opposite_same_wording,SKILL_END,V_sufficiency,-0.0016289576888084412,30,4,
discovery,exp12_test_edit_01,test_edit,paraphrase,0,paraphrase,1,opposite_same_wording,SKILL_END,V_necessity_loss,-0.004625406116247177,30,4,
discovery,exp12_test_edit_01,test_edit,paraphrase,1,paraphrase,0,opposite_same_wording,SKILL_END,V_sufficiency,-0.0008412301540374756,30,4,
discovery,exp12_test_edit_01,test_edit,paraphrase,1,paraphrase,0,opposite_same_wording,SKILL_END,V_necessity_loss,-6.237626075744629e-05,30,4,
discovery,exp12_test_edit_03,test_edit,paraphrase,0,paraphrase,1,opposite_same_wording,SKILL_END,V_sufficiency,0.0008433200418949127,30,4,
discovery,exp12_test_edit_03,test_edit,paraphrase,0,paraphrase,1,opposite_same_wording,SKILL_END,V_necessity_loss,6.49765133857727e-05,30,4,
discovery,exp12_test_edit_03,test_edit,paraphrase,1,paraphrase,0,opposite_same_wording,SKILL_END,V_sufficiency,0.0006026029586791992,30,4,
discovery,exp12_test_edit_03,test_edit,paraphrase,1,paraphrase,0,opposite_same_wording,SKILL_END,V_necessity_loss,-0.0013592839241027832,30,4,
discovery,exp12_test_edit_05,test_edit,paraphrase,0,paraphrase,1,opposite_same_wording,SKILL_END,V_sufficiency,-0.005300469696521759,30,4,
discovery,exp12_test_edit_05,test_edit,paraphrase,0,paraphrase,1,opposite_same_wording,SKILL_END,V_necessity_loss,0.0036554932594299316,30,4,
discovery,exp12_test_edit_05,test_edit,paraphrase,1,paraphrase,0,opposite_same_wording,SKILL_END,V_sufficiency,-6.902217864990234e-05,30,4,
discovery,exp12_test_edit_05,test_edit,paraphrase,1,paraphrase,0,opposite_same_wording,SKILL_END,V_necessity_loss,-2.8908252716064453e-06,30,4,
discovery,exp12_test_edit_07,test_edit,paraphrase,0,paraphrase,1,opposite_same_wording,SKILL_END,V_sufficiency,-0.002196449786424637,30,4,
discovery,exp12_test_edit_07,test_edit,paraphrase,0,paraphrase,1,opposite_same_wording,SKILL_END,V_necessity_loss,0.001286834478378296,30,4,
discovery,exp12_test_edit_07,test_edit,paraphrase,1,paraphrase,0,opposite_same_wording,SKILL_END,V_sufficiency,-9.745359420776367e-06,30,4,
discovery,exp12_test_edit_07,test_edit,paraphrase,1,paraphrase,0,opposite_same_wording,SKILL_END,V_necessity_loss,1.3113021850585938e-05,30,4,
discovery,exp12_test_edit_08,test_edit,paraphrase,0,paraphrase,1,opposite_same_wording,SKILL_END,V_sufficiency,-2.9422342777252197e-05,30,4,
discovery,exp12_test_edit_08,test_edit,paraphrase,0,paraphrase,1,opposite_same_wording,SKILL_END,V_necessity_loss,-0.0035233721137046814,30,4,
discovery,exp12_test_edit_08,test_edit,paraphrase,1,paraphrase,0,opposite_same_wording,SKILL_END,V_sufficiency,-7.212162017822266e-06,30,4,
discovery,exp12_test_edit_08,test_edit,paraphrase,1,paraphrase,0,opposite_same_wording,SKILL_END,V_necessity_loss,0.0014951229095458984,30,4,
discovery,exp12_test_edit_09,test_edit,paraphrase,0,paraphrase,1,opposite_same_wording,SKILL_END,V_sufficiency,-0.000728994607925415,30,4,
discovery,exp12_test_edit_09,test_edit,paraphrase,0,paraphrase,1,opposite_same_wording,SKILL_END,V_necessity_loss,0.0010373666882514954,30,4,
discovery,exp12_test_edit_09,test_edit,paraphrase,1,paraphrase,0,opposite_same_wording,SKILL_END,V_sufficiency,-0.0013217329978942871,30,4,
discovery,exp12_test_edit_09,test_edit,paraphrase,1,paraphrase,0,opposite_same_wording,SKILL_END,V_necessity_loss,-0.006858617067337036,30,4,
discovery,exp12_test_edit_15,test_edit,paraphrase,0,paraphrase,1,opposite_same_wording,SKILL_END,V_sufficiency,-0.0007819831371307373,30,4,
discovery,exp12_test_edit_15,test_edit,paraphrase,0,paraphrase,1,opposite_same_wording,SKILL_END,V_necessity_loss,0.0007715895771980286,30,4,
discovery,exp12_test_edit_15,test_edit,paraphrase,1,paraphrase,0,opposite_same_wording,SKILL_END,V_sufficiency,0.0006377995014190674,30,4,
discovery,exp12_test_edit_15,test_edit,paraphrase,1,paraphrase,0,opposite_same_wording,SKILL_END,V_necessity_loss,8.940696716308594e-06,30,4,
discovery,exp12_test_edit_00,test_edit,paraphrase,0,paraphrase,1,opposite_same_wording,SYSTEM_END,V_sufficiency,0.0023891404271125793,30,4,
discovery,exp12_test_edit_00,test_edit,paraphrase,0,paraphrase,1,opposite_same_wording,SYSTEM_END,V_necessity_loss,6.0655176639556885e-05,30,4,
discovery,exp12_test_edit_00,test_edit,paraphrase,1,paraphrase,0,opposite_same_wording,SYSTEM_END,V_sufficiency,0.006867259740829468,30,4,
discovery,exp12_test_edit_00,test_edit,paraphrase,1,paraphrase,0,opposite_same_wording,SYSTEM_END,V_necessity_loss,0.0008665621280670166,30,4,
discovery,exp12_test_edit_01,test_edit,paraphrase,0,paraphrase,1,opposite_same_wording,SYSTEM_END,V_sufficiency,0.0007508620619773865,30,4,
discovery,exp12_test_edit_01,test_edit,paraphrase,0,paraphrase,1,opposite_same_wording,SYSTEM_END,V_necessity_loss,-0.004647057503461838,30,4,
discovery,exp12_test_edit_01,test_edit,paraphrase,1,paraphrase,0,opposite_same_wording,SYSTEM_END,V_sufficiency,-0.0007551610469818115,30,4,
discovery,exp12_test_edit_01,test_edit,paraphrase,1,paraphrase,0,opposite_same_wording,SYSTEM_END,V_necessity_loss,1.946091651916504e-05,30,4,
discovery,exp12_test_edit_03,test_edit,paraphrase,0,paraphrase,1,opposite_same_wording,SYSTEM_END,V_sufficiency,-0.00030153244733810425,30,4,
discovery,exp12_test_edit_03,test_edit,paraphrase,0,paraphrase,1,opposite_same_wording,SYSTEM_END,V_necessity_loss,-0.0011837854981422424,30,4,
discovery,exp12_test_edit_03,test_edit,paraphrase,1,paraphrase,0,opposite_same_wording,SYSTEM_END,V_sufficiency,-0.006248921155929565,30,4,
discovery,exp12_test_edit_03,test_edit,paraphrase,1,paraphrase,0,opposite_same_wording,SYSTEM_END,V_necessity_loss,0.0007284879684448242,30,4,
discovery,exp12_test_edit_05,test_edit,paraphrase,0,paraphrase,1,opposite_same_wording,SYSTEM_END,V_sufficiency,-0.0029077082872390747,30,4,
discovery,exp12_test_edit_05,test_edit,paraphrase,0,paraphrase,1,opposite_same_wording,SYSTEM_END,V_necessity_loss,0.0008368268609046936,30,4,
discovery,exp12_test_edit_05,test_edit,paraphrase,1,paraphrase,0,opposite_same_wording,SYSTEM_END,V_sufficiency,-0.006178170442581177,30,4,
discovery,exp12_test_edit_05,test_edit,paraphrase,1,paraphrase,0,opposite_same_wording,SYSTEM_END,V_necessity_loss,0.0022155940532684326,30,4,
discovery,exp12_test_edit_07,test_edit,paraphrase,0,paraphrase,1,opposite_same_wording,SYSTEM_END,V_sufficiency,0.001463189721107483,30,4,
discovery,exp12_test_edit_07,test_edit,paraphrase,0,paraphrase,1,opposite_same_wording,SYSTEM_END,V_necessity_loss,-0.0023820661008358,30,4,
discovery,exp12_test_edit_07,test_edit,paraphrase,1,paraphrase,0,opposite_same_wording,SYSTEM_END,V_sufficiency,0.0008030533790588379,30,4,
discovery,exp12_test_edit_07,test_edit,paraphrase,1,paraphrase,0,opposite_same_wording,SYSTEM_END,V_necessity_loss,0.0001806318759918213,30,4,
discovery,exp12_test_edit_08,test_edit,paraphrase,0,paraphrase,1,opposite_same_wording,SYSTEM_END,V_sufficiency,0.0059438422322273254,30,4,
discovery,exp12_test_edit_08,test_edit,paraphrase,0,paraphrase,1,opposite_same_wording,SYSTEM_END,V_necessity_loss,0.0008070021867752075,30,4,
discovery,exp12_test_edit_08,test_edit,paraphrase,1,paraphrase,0,opposite_same_wording,SYSTEM_END,V_sufficiency,-5.125999450683594e-06,30,4,
discovery,exp12_test_edit_08,test_edit,paraphrase,1,paraphrase,0,opposite_same_wording,SYSTEM_END,V_necessity_loss,7.510185241699219e-06,30,4,
discovery,exp12_test_edit_09,test_edit,paraphrase,0,paraphrase,1,opposite_same_wording,SYSTEM_END,V_sufficiency,0.0014044567942619324,30,4,
discovery,exp12_test_edit_09,test_edit,paraphrase,0,paraphrase,1,opposite_same_wording,SYSTEM_END,V_necessity_loss,0.0006224438548088074,30,4,
discovery,exp12_test_edit_09,test_edit,paraphrase,1,paraphrase,0,opposite_same_wording,SYSTEM_END,V_sufficiency,0.0013925433158874512,30,4,
discovery,exp12_test_edit_09,test_edit,paraphrase,1,paraphrase,0,opposite_same_wording,SYSTEM_END,V_necessity_loss,0.000722050666809082,30,4,
discovery,exp12_test_edit_15,test_edit,paraphrase,0,paraphrase,1,opposite_same_wording,SYSTEM_END,V_sufficiency,0.001531064510345459,30,4,
discovery,exp12_test_edit_15,test_edit,paraphrase,0,paraphrase,1,opposite_same_wording,SYSTEM_END,V_necessity_loss,0.0015540942549705505,30,4,
discovery,exp12_test_edit_15,test_edit,paraphrase,1,paraphrase,0,opposite_same_wording,SYSTEM_END,V_sufficiency,0.001401454210281372,30,4,
discovery,exp12_test_edit_15,test_edit,paraphrase,1,paraphrase,0,opposite_same_wording,SYSTEM_END,V_necessity_loss,0.0007448196411132812,30,4,
discovery,exp12_test_edit_00,test_edit,paraphrase,0,paraphrase,1,opposite_same_wording,ISSUE_END,V_sufficiency,0.002377338707447052,30,4,
discovery,exp12_test_edit_00,test_edit,paraphrase,0,paraphrase,1,opposite_same_wording,ISSUE_END,V_necessity_loss,0.00072430819272995,30,4,
discovery,exp12_test_edit_00,test_edit,paraphrase,1,paraphrase,0,opposite_same_wording,ISSUE_END,V_sufficiency,0.006096154451370239,30,4,
discovery,exp12_test_edit_00,test_edit,paraphrase,1,paraphrase,0,opposite_same_wording,ISSUE_END,V_necessity_loss,0.004640549421310425,30,4,
discovery,exp12_test_edit_01,test_edit,paraphrase,0,paraphrase,1,opposite_same_wording,ISSUE_END,V_sufficiency,-0.0008133538067340851,30,4,
discovery,exp12_test_edit_01,test_edit,paraphrase,0,paraphrase,1,opposite_same_wording,ISSUE_END,V_necessity_loss,1.2934207916259766e-05,30,4,
discovery,exp12_test_edit_01,test_edit,paraphrase,1,paraphrase,0,opposite_same_wording,ISSUE_END,V_sufficiency,-0.000726550817489624,30,4,
discovery,exp12_test_edit_01,test_edit,paraphrase,1,paraphrase,0,opposite_same_wording,ISSUE_END,V_necessity_loss,0.0001710653305053711,30,4,
discovery,exp12_test_edit_03,test_edit,paraphrase,0,paraphrase,1,opposite_same_wording,ISSUE_END,V_sufficiency,-0.00025439634919166565,30,4,
discovery,exp12_test_edit_03,test_edit,paraphrase,0,paraphrase,1,opposite_same_wording,ISSUE_END,V_necessity_loss,0.0007066167891025543,30,4,
discovery,exp12_test_edit_03,test_edit,paraphrase,1,paraphrase,0,opposite_same_wording,ISSUE_END,V_sufficiency,-7.867813110351562e-06,30,4,
discovery,exp12_test_edit_03,test_edit,paraphrase,1,paraphrase,0,opposite_same_wording,ISSUE_END,V_necessity_loss,0.0006771981716156006,30,4,
discovery,exp12_test_edit_05,test_edit,paraphrase,0,paraphrase,1,opposite_same_wording,ISSUE_END,V_sufficiency,0.0015172064304351807,30,4,
discovery,exp12_test_edit_05,test_edit,paraphrase,0,paraphrase,1,opposite_same_wording,ISSUE_END,V_necessity_loss,-0.008683040738105774,30,4,
discovery,exp12_test_edit_05,test_edit,paraphrase,1,paraphrase,0,opposite_same_wording,ISSUE_END,V_sufficiency,-0.0007278323173522949,30,4,
discovery,exp12_test_edit_05,test_edit,paraphrase,1,paraphrase,0,opposite_same_wording,ISSUE_END,V_necessity_loss,-0.006123602390289307,30,4,
discovery,exp12_test_edit_07,test_edit,paraphrase,0,paraphrase,1,opposite_same_wording,ISSUE_END,V_sufficiency,0.0022520609200000763,30,4,
discovery,exp12_test_edit_07,test_edit,paraphrase,0,paraphrase,1,opposite_same_wording,ISSUE_END,V_necessity_loss,0.0013466402888298035,30,4,
discovery,exp12_test_edit_07,test_edit,paraphrase,1,paraphrase,0,opposite_same_wording,ISSUE_END,V_sufficiency,-0.00012350082397460938,30,4,
discovery,exp12_test_edit_07,test_edit,paraphrase,1,paraphrase,0,opposite_same_wording,ISSUE_END,V_necessity_loss,-4.914402961730957e-05,30,4,
discovery,exp12_test_edit_08,test_edit,paraphrase,0,paraphrase,1,opposite_same_wording,ISSUE_END,V_sufficiency,0.0007853731513023376,30,4,
discovery,exp12_test_edit_08,test_edit,paraphrase,0,paraphrase,1,opposite_same_wording,ISSUE_END,V_necessity_loss,0.0034807175397872925,30,4,
discovery,exp12_test_edit_08,test_edit,paraphrase,1,paraphrase,0,opposite_same_wording,ISSUE_END,V_sufficiency,0.0007496476173400879,30,4,
discovery,exp12_test_edit_08,test_edit,paraphrase,1,paraphrase,0,opposite_same_wording,ISSUE_END,V_necessity_loss,5.662441253662109e-06,30,4,
discovery,exp12_test_edit_09,test_edit,paraphrase,0,paraphrase,1,opposite_same_wording,ISSUE_END,V_sufficiency,-0.0007290542125701904,30,4,
discovery,exp12_test_edit_09,test_edit,paraphrase,0,paraphrase,1,opposite_same_wording,ISSUE_END,V_necessity_loss,1.934915781021118e-05,30,4,
discovery,exp12_test_edit_09,test_edit,paraphrase,1,paraphrase,0,opposite_same_wording,ISSUE_END,V_sufficiency,1.1622905731201172e-05,30,4,
discovery,exp12_test_edit_09,test_edit,paraphrase,1,paraphrase,0,opposite_same_wording,ISSUE_END,V_necessity_loss,-0.000702202320098877,30,4,
discovery,exp12_test_edit_15,test_edit,paraphrase,0,paraphrase,1,opposite_same_wording,ISSUE_END,V_sufficiency,-0.0006543919444084167,30,4,
discovery,exp12_test_edit_15,test_edit,paraphrase,0,paraphrase,1,opposite_same_wording,ISSUE_END,V_necessity_loss,0.0011633038520812988,30,4,
discovery,exp12_test_edit_15,test_edit,paraphrase,1,paraphrase,0,opposite_same_wording,ISSUE_END,V_sufficiency,0.0007282495498657227,30,4,
discovery,exp12_test_edit_15,test_edit,paraphrase,1,paraphrase,0,opposite_same_wording,ISSUE_END,V_necessity_loss,0.006134361028671265,30,4,
discovery,exp12_test_edit_00,test_edit,paraphrase,0,paraphrase,1,opposite_same_wording,DETAIL_END,V_sufficiency,-6.854534149169922e-07,30,4,
discovery,exp12_test_edit_00,test_edit,paraphrase,0,paraphrase,1,opposite_same_wording,DETAIL_END,V_necessity_loss,0.0007555261254310608,30,4,
discovery,exp12_test_edit_00,test_edit,paraphrase,1,paraphrase,0,opposite_same_wording,DETAIL_END,V_sufficiency,0.0007718801498413086,30,4,
discovery,exp12_test_edit_00,test_edit,paraphrase,1,paraphrase,0,opposite_same_wording,DETAIL_END,V_necessity_loss,0.005337268114089966,30,4,
discovery,exp12_test_edit_01,test_edit,paraphrase,0,paraphrase,1,opposite_same_wording,DETAIL_END,V_sufficiency,-1.3932585716247559e-06,30,4,
discovery,exp12_test_edit_01,test_edit,paraphrase,0,paraphrase,1,opposite_same_wording,DETAIL_END,V_necessity_loss,2.339482307434082e-06,30,4,
discovery,exp12_test_edit_01,test_edit,paraphrase,1,paraphrase,0,opposite_same_wording,DETAIL_END,V_sufficiency,-1.1444091796875e-05,30,4,
discovery,exp12_test_edit_01,test_edit,paraphrase,1,paraphrase,0,opposite_same_wording,DETAIL_END,V_necessity_loss,0.000820845365524292,30,4,
discovery,exp12_test_edit_03,test_edit,paraphrase,0,paraphrase,1,opposite_same_wording,DETAIL_END,V_sufficiency,0.00014029070734977722,30,4,
discovery,exp12_test_edit_03,test_edit,paraphrase,0,paraphrase,1,opposite_same_wording,DETAIL_END,V_necessity_loss,-0.0017387010157108307,30,4,
discovery,exp12_test_edit_03,test_edit,paraphrase,1,paraphrase,0,opposite_same_wording,DETAIL_END,V_sufficiency,0.0006723999977111816,30,4,
discovery,exp12_test_edit_03,test_edit,paraphrase,1,paraphrase,0,opposite_same_wording,DETAIL_END,V_necessity_loss,2.9206275939941406e-06,30,4,
discovery,exp12_test_edit_05,test_edit,paraphrase,0,paraphrase,1,opposite_same_wording,DETAIL_END,V_sufficiency,-0.0045221224427223206,30,4,
discovery,exp12_test_edit_05,test_edit,paraphrase,0,paraphrase,1,opposite_same_wording,DETAIL_END,V_necessity_loss,-0.005329981446266174,30,4,
discovery,exp12_test_edit_05,test_edit,paraphrase,1,paraphrase,0,opposite_same_wording,DETAIL_END,V_sufficiency,0.0007385313510894775,30,4,
discovery,exp12_test_edit_05,test_edit,paraphrase,1,paraphrase,0,opposite_same_wording,DETAIL_END,V_necessity_loss,-0.0007505118846893311,30,4,
discovery,exp12_test_edit_07,test_edit,paraphrase,0,paraphrase,1,opposite_same_wording,DETAIL_END,V_sufficiency,0.0023462995886802673,30,4,
discovery,exp12_test_edit_07,test_edit,paraphrase,0,paraphrase,1,opposite_same_wording,DETAIL_END,V_necessity_loss,0.0016444437205791473,30,4,
discovery,exp12_test_edit_07,test_edit,paraphrase,1,paraphrase,0,opposite_same_wording,DETAIL_END,V_sufficiency,5.2869319915771484e-05,30,4,
discovery,exp12_test_edit_07,test_edit,paraphrase,1,paraphrase,0,opposite_same_wording,DETAIL_END,V_necessity_loss,-2.92360782623291e-05,30,4,
discovery,exp12_test_edit_08,test_edit,paraphrase,0,paraphrase,1,opposite_same_wording,DETAIL_END,V_sufficiency,0.0015810877084732056,30,4,
discovery,exp12_test_edit_08,test_edit,paraphrase,0,paraphrase,1,opposite_same_wording,DETAIL_END,V_necessity_loss,-0.0007686838507652283,30,4,
discovery,exp12_test_edit_08,test_edit,paraphrase,1,paraphrase,0,opposite_same_wording,DETAIL_END,V_sufficiency,1.4513731002807617e-05,30,4,
discovery,exp12_test_edit_08,test_edit,paraphrase,1,paraphrase,0,opposite_same_wording,DETAIL_END,V_necessity_loss,1.3500452041625977e-05,30,4,
discovery,exp12_test_edit_09,test_edit,paraphrase,0,paraphrase,1,opposite_same_wording,DETAIL_END,V_sufficiency,0.002511650323867798,30,4,
discovery,exp12_test_edit_09,test_edit,paraphrase,0,paraphrase,1,opposite_same_wording,DETAIL_END,V_necessity_loss,-0.0007896497845649719,30,4,
discovery,exp12_test_edit_09,test_edit,paraphrase,1,paraphrase,0,opposite_same_wording,DETAIL_END,V_sufficiency,0.0006088912487030029,30,4,
discovery,exp12_test_edit_09,test_edit,paraphrase,1,paraphrase,0,opposite_same_wording,DETAIL_END,V_necessity_loss,-9.179115295410156e-06,30,4,
discovery,exp12_test_edit_15,test_edit,paraphrase,0,paraphrase,1,opposite_same_wording,DETAIL_END,V_sufficiency,0.001529686152935028,30,4,
discovery,exp12_test_edit_15,test_edit,paraphrase,0,paraphrase,1,opposite_same_wording,DETAIL_END,V_necessity_loss,6.467103958129883e-06,30,4,
discovery,exp12_test_edit_15,test_edit,paraphrase,1,paraphrase,0,opposite_same_wording,DETAIL_END,V_sufficiency,6.288290023803711e-06,30,4,
discovery,exp12_test_edit_15,test_edit,paraphrase,1,paraphrase,0,opposite_same_wording,DETAIL_END,V_necessity_loss,-0.005330950021743774,30,4,
discovery,exp12_test_edit_00,test_edit,paraphrase,0,paraphrase,1,opposite_same_wording,ACTION0_END,V_sufficiency,-0.0007848218083381653,30,4,
discovery,exp12_test_edit_00,test_edit,paraphrase,0,paraphrase,1,opposite_same_wording,ACTION0_END,V_necessity_loss,0.0008084028959274292,30,4,
discovery,exp12_test_edit_00,test_edit,paraphrase,1,paraphrase,0,opposite_same_wording,ACTION0_END,V_sufficiency,8.016824722290039e-06,30,4,
discovery,exp12_test_edit_00,test_edit,paraphrase,1,paraphrase,0,opposite_same_wording,ACTION0_END,V_necessity_loss,-0.0001105964183807373,30,4,
discovery,exp12_test_edit_01,test_edit,paraphrase,0,paraphrase,1,opposite_same_wording,ACTION0_END,V_sufficiency,-0.0015332810580730438,30,4,
discovery,exp12_test_edit_01,test_edit,paraphrase,0,paraphrase,1,opposite_same_wording,ACTION0_END,V_necessity_loss,-3.396719694137573e-05,30,4,
discovery,exp12_test_edit_01,test_edit,paraphrase,1,paraphrase,0,opposite_same_wording,ACTION0_END,V_sufficiency,4.836916923522949e-05,30,4,
discovery,exp12_test_edit_01,test_edit,paraphrase,1,paraphrase,0,opposite_same_wording,ACTION0_END,V_necessity_loss,-9.104609489440918e-05,30,4,
discovery,exp12_test_edit_03,test_edit,paraphrase,0,paraphrase,1,opposite_same_wording,ACTION0_END,V_sufficiency,0.00010920315980911255,30,4,
discovery,exp12_test_edit_03,test_edit,paraphrase,0,paraphrase,1,opposite_same_wording,ACTION0_END,V_necessity_loss,-0.0014162324368953705,30,4,
discovery,exp12_test_edit_03,test_edit,paraphrase,1,paraphrase,0,opposite_same_wording,ACTION0_END,V_sufficiency,0.0006742179393768311,30,4,
discovery,exp12_test_edit_03,test_edit,paraphrase,1,paraphrase,0,opposite_same_wording,ACTION0_END,V_necessity_loss,-0.0007452964782714844,30,4,
discovery,exp12_test_edit_05,test_edit,paraphrase,0,paraphrase,1,opposite_same_wording,ACTION0_END,V_sufficiency,0.0008156672120094299,30,4,
discovery,exp12_test_edit_05,test_edit,paraphrase,0,paraphrase,1,opposite_same_wording,ACTION0_END,V_necessity_loss,1.0505318641662598e-06,30,4,
discovery,exp12_test_edit_05,test_edit,paraphrase,1,paraphrase,0,opposite_same_wording,ACTION0_END,V_sufficiency,1.5944242477416992e-05,30,4,
discovery,exp12_test_edit_05,test_edit,paraphrase,1,paraphrase,0,opposite_same_wording,ACTION0_END,V_necessity_loss,-1.239776611328125e-05,30,4,
discovery,exp12_test_edit_07,test_edit,paraphrase,0,paraphrase,1,opposite_same_wording,ACTION0_END,V_sufficiency,0.001523427665233612,30,4,
discovery,exp12_test_edit_07,test_edit,paraphrase,0,paraphrase,1,opposite_same_wording,ACTION0_END,V_necessity_loss,0.000854838639497757,30,4,
discovery,exp12_test_edit_07,test_edit,paraphrase,1,paraphrase,0,opposite_same_wording,ACTION0_END,V_sufficiency,5.91278076171875e-05,30,4,
discovery,exp12_test_edit_07,test_edit,paraphrase,1,paraphrase,0,opposite_same_wording,ACTION0_END,V_necessity_loss,0.0007431209087371826,30,4,
discovery,exp12_test_edit_08,test_edit,paraphrase,0,paraphrase,1,opposite_same_wording,ACTION0_END,V_sufficiency,0.0051666200160980225,30,4,
discovery,exp12_test_edit_08,test_edit,paraphrase,0,paraphrase,1,opposite_same_wording,ACTION0_END,V_necessity_loss,-0.0007979646325111389,30,4,
discovery,exp12_test_edit_08,test_edit,paraphrase,1,paraphrase,0,opposite_same_wording,ACTION0_END,V_sufficiency,0.0007376372814178467,30,4,
discovery,exp12_test_edit_08,test_edit,paraphrase,1,paraphrase,0,opposite_same_wording,ACTION0_END,V_necessity_loss,0.0007409155368804932,30,4,
discovery,exp12_test_edit_09,test_edit,paraphrase,0,paraphrase,1,opposite_same_wording,ACTION0_END,V_sufficiency,-2.6308000087738037e-05,30,4,
discovery,exp12_test_edit_09,test_edit,paraphrase,0,paraphrase,1,opposite_same_wording,ACTION0_END,V_necessity_loss,0.001421116292476654,30,4,
discovery,exp12_test_edit_09,test_edit,paraphrase,1,paraphrase,0,opposite_same_wording,ACTION0_END,V_sufficiency,-2.8848648071289062e-05,30,4,
discovery,exp12_test_edit_09,test_edit,paraphrase,1,paraphrase,0,opposite_same_wording,ACTION0_END,V_necessity_loss,1.6003847122192383e-05,30,4,
discovery,exp12_test_edit_15,test_edit,paraphrase,0,paraphrase,1,opposite_same_wording,ACTION0_END,V_sufficiency,-1.944601535797119e-06,30,4,
discovery,exp12_test_edit_15,test_edit,paraphrase,0,paraphrase,1,opposite_same_wording,ACTION0_END,V_necessity_loss,-0.0007814690470695496,30,4,
discovery,exp12_test_edit_15,test_edit,paraphrase,1,paraphrase,0,opposite_same_wording,ACTION0_END,V_sufficiency,0.0007477104663848877,30,4,
discovery,exp12_test_edit_15,test_edit,paraphrase,1,paraphrase,0,opposite_same_wording,ACTION0_END,V_necessity_loss,-3.1888484954833984e-06,30,4,
discovery,exp12_test_edit_00,test_edit,paraphrase,0,paraphrase,1,opposite_same_wording,ACTION1_END,V_sufficiency,0.0008314922451972961,30,4,
discovery,exp12_test_edit_00,test_edit,paraphrase,0,paraphrase,1,opposite_same_wording,ACTION1_END,V_necessity_loss,-0.0023576095700263977,30,4,
discovery,exp12_test_edit_00,test_edit,paraphrase,1,paraphrase,0,opposite_same_wording,ACTION1_END,V_sufficiency,1.9222497940063477e-05,30,4,
discovery,exp12_test_edit_00,test_edit,paraphrase,1,paraphrase,0,opposite_same_wording,ACTION1_END,V_necessity_loss,-0.006101638078689575,30,4,
discovery,exp12_test_edit_01,test_edit,paraphrase,0,paraphrase,1,opposite_same_wording,ACTION1_END,V_sufficiency,-0.004652008414268494,30,4,
discovery,exp12_test_edit_01,test_edit,paraphrase,0,paraphrase,1,opposite_same_wording,ACTION1_END,V_necessity_loss,3.6407262086868286e-05,30,4,
discovery,exp12_test_edit_01,test_edit,paraphrase,1,paraphrase,0,opposite_same_wording,ACTION1_END,V_sufficiency,-3.0517578125e-05,30,4,
discovery,exp12_test_edit_01,test_edit,paraphrase,1,paraphrase,0,opposite_same_wording,ACTION1_END,V_necessity_loss,-0.011799931526184082,30,4,
discovery,exp12_test_edit_03,test_edit,paraphrase,0,paraphrase,1,opposite_same_wording,ACTION1_END,V_sufficiency,0.0008179806172847748,30,4,
discovery,exp12_test_edit_03,test_edit,paraphrase,0,paraphrase,1,opposite_same_wording,ACTION1_END,V_necessity_loss,-0.0007339790463447571,30,4,
discovery,exp12_test_edit_03,test_edit,paraphrase,1,paraphrase,0,opposite_same_wording,ACTION1_END,V_sufficiency,0.000125199556350708,30,4,
discovery,exp12_test_edit_03,test_edit,paraphrase,1,paraphrase,0,opposite_same_wording,ACTION1_END,V_necessity_loss,0.0007983744144439697,30,4,
discovery,exp12_test_edit_05,test_edit,paraphrase,0,paraphrase,1,opposite_same_wording,ACTION1_END,V_sufficiency,0.0042288899421691895,30,4,
discovery,exp12_test_edit_05,test_edit,paraphrase,0,paraphrase,1,opposite_same_wording,ACTION1_END,V_necessity_loss,-2.7865171432495117e-05,30,4,
discovery,exp12_test_edit_05,test_edit,paraphrase,1,paraphrase,0,opposite_same_wording,ACTION1_END,V_sufficiency,-4.857778549194336e-06,30,4,
discovery,exp12_test_edit_05,test_edit,paraphrase,1,paraphrase,0,opposite_same_wording,ACTION1_END,V_necessity_loss,0.0008273720741271973,30,4,
discovery,exp12_test_edit_07,test_edit,paraphrase,0,paraphrase,1,opposite_same_wording,ACTION1_END,V_sufficiency,-0.0021988004446029663,30,4,
discovery,exp12_test_edit_07,test_edit,paraphrase,0,paraphrase,1,opposite_same_wording,ACTION1_END,V_necessity_loss,4.221498966217041e-05,30,4,
discovery,exp12_test_edit_07,test_edit,paraphrase,1,paraphrase,0,opposite_same_wording,ACTION1_END,V_sufficiency,-0.00012868642807006836,30,4,
discovery,exp12_test_edit_07,test_edit,paraphrase,1,paraphrase,0,opposite_same_wording,ACTION1_END,V_necessity_loss,0.0006502866744995117,30,4,
discovery,exp12_test_edit_08,test_edit,paraphrase,0,paraphrase,1,opposite_same_wording,ACTION1_END,V_sufficiency,0.006023183465003967,30,4,
discovery,exp12_test_edit_08,test_edit,paraphrase,0,paraphrase,1,opposite_same_wording,ACTION1_END,V_necessity_loss,4.775822162628174e-05,30,4,
discovery,exp12_test_edit_08,test_edit,paraphrase,1,paraphrase,0,opposite_same_wording,ACTION1_END,V_sufficiency,-0.005371570587158203,30,4,
discovery,exp12_test_edit_08,test_edit,paraphrase,1,paraphrase,0,opposite_same_wording,ACTION1_END,V_necessity_loss,-0.0007439851760864258,30,4,
discovery,exp12_test_edit_09,test_edit,paraphrase,0,paraphrase,1,opposite_same_wording,ACTION1_END,V_sufficiency,-1.68532133102417e-05,30,4,
discovery,exp12_test_edit_09,test_edit,paraphrase,0,paraphrase,1,opposite_same_wording,ACTION1_END,V_necessity_loss,0.007893837988376617,30,4,
discovery,exp12_test_edit_09,test_edit,paraphrase,1,paraphrase,0,opposite_same_wording,ACTION1_END,V_sufficiency,0.0007762610912322998,30,4,
discovery,exp12_test_edit_09,test_edit,paraphrase,1,paraphrase,0,opposite_same_wording,ACTION1_END,V_necessity_loss,0.0005974173545837402,30,4,
discovery,exp12_test_edit_15,test_edit,paraphrase,0,paraphrase,1,opposite_same_wording,ACTION1_END,V_sufficiency,-0.0007740184664726257,30,4,
discovery,exp12_test_edit_15,test_edit,paraphrase,0,paraphrase,1,opposite_same_wording,ACTION1_END,V_necessity_loss,-0.0026308223605155945,30,4,
discovery,exp12_test_edit_15,test_edit,paraphrase,1,paraphrase,0,opposite_same_wording,ACTION1_END,V_sufficiency,0.0006577670574188232,30,4,
discovery,exp12_test_edit_15,test_edit,paraphrase,1,paraphrase,0,opposite_same_wording,ACTION1_END,V_necessity_loss,-0.0007483363151550293,30,4,
discovery,exp12_test_edit_00,test_edit,paraphrase,0,paraphrase,1,opposite_same_wording,FINAL_INSTRUCTION_END,V_sufficiency,0.001610495150089264,30,4,
discovery,exp12_test_edit_00,test_edit,paraphrase,0,paraphrase,1,opposite_same_wording,FINAL_INSTRUCTION_END,V_necessity_loss,2.057105302810669e-05,30,4,
discovery,exp12_test_edit_00,test_edit,paraphrase,1,paraphrase,0,opposite_same_wording,FINAL_INSTRUCTION_END,V_sufficiency,0.007663518190383911,30,4,
discovery,exp12_test_edit_00,test_edit,paraphrase,1,paraphrase,0,opposite_same_wording,FINAL_INSTRUCTION_END,V_necessity_loss,0.0014724135398864746,30,4,
discovery,exp12_test_edit_01,test_edit,paraphrase,0,paraphrase,1,opposite_same_wording,FINAL_INSTRUCTION_END,V_sufficiency,-0.003843046724796295,30,4,
discovery,exp12_test_edit_01,test_edit,paraphrase,0,paraphrase,1,opposite_same_wording,FINAL_INSTRUCTION_END,V_necessity_loss,-0.0015880949795246124,30,4,
discovery,exp12_test_edit_01,test_edit,paraphrase,1,paraphrase,0,opposite_same_wording,FINAL_INSTRUCTION_END,V_sufficiency,1.239776611328125e-05,30,4,
discovery,exp12_test_edit_01,test_edit,paraphrase,1,paraphrase,0,opposite_same_wording,FINAL_INSTRUCTION_END,V_necessity_loss,0.0007650852203369141,30,4,
discovery,exp12_test_edit_03,test_edit,paraphrase,0,paraphrase,1,opposite_same_wording,FINAL_INSTRUCTION_END,V_sufficiency,0.0028764866292476654,30,4,
discovery,exp12_test_edit_03,test_edit,paraphrase,0,paraphrase,1,opposite_same_wording,FINAL_INSTRUCTION_END,V_necessity_loss,-0.0007942803204059601,30,4,
discovery,exp12_test_edit_03,test_edit,paraphrase,1,paraphrase,0,opposite_same_wording,FINAL_INSTRUCTION_END,V_sufficiency,0.0020760297775268555,30,4,
discovery,exp12_test_edit_03,test_edit,paraphrase,1,paraphrase,0,opposite_same_wording,FINAL_INSTRUCTION_END,V_necessity_loss,0.007651150226593018,30,4,
discovery,exp12_test_edit_05,test_edit,paraphrase,0,paraphrase,1,opposite_same_wording,FINAL_INSTRUCTION_END,V_sufficiency,-0.002133868634700775,30,4,
discovery,exp12_test_edit_05,test_edit,paraphrase,0,paraphrase,1,opposite_same_wording,FINAL_INSTRUCTION_END,V_necessity_loss,0.0034544914960861206,30,4,
discovery,exp12_test_edit_05,test_edit,paraphrase,1,paraphrase,0,opposite_same_wording,FINAL_INSTRUCTION_END,V_sufficiency,0.002251952886581421,30,4,
discovery,exp12_test_edit_05,test_edit,paraphrase,1,paraphrase,0,opposite_same_wording,FINAL_INSTRUCTION_END,V_necessity_loss,0.0030413269996643066,30,4,
discovery,exp12_test_edit_07,test_edit,paraphrase,0,paraphrase,1,opposite_same_wording,FINAL_INSTRUCTION_END,V_sufficiency,-0.0006645582616329193,30,4,
discovery,exp12_test_edit_07,test_edit,paraphrase,0,paraphrase,1,opposite_same_wording,FINAL_INSTRUCTION_END,V_necessity_loss,0.006518907845020294,30,4,
discovery,exp12_test_edit_07,test_edit,paraphrase,1,paraphrase,0,opposite_same_wording,FINAL_INSTRUCTION_END,V_sufficiency,0.0006215274333953857,30,4,
discovery,exp12_test_edit_07,test_edit,paraphrase,1,paraphrase,0,opposite_same_wording,FINAL_INSTRUCTION_END,V_necessity_loss,0.008362174034118652,30,4,
discovery,exp12_test_edit_08,test_edit,paraphrase,0,paraphrase,1,opposite_same_wording,FINAL_INSTRUCTION_END,V_sufficiency,0.0023300647735595703,30,4,
discovery,exp12_test_edit_08,test_edit,paraphrase,0,paraphrase,1,opposite_same_wording,FINAL_INSTRUCTION_END,V_necessity_loss,-0.0019051730632781982,30,4,
discovery,exp12_test_edit_08,test_edit,paraphrase,1,paraphrase,0,opposite_same_wording,FINAL_INSTRUCTION_END,V_sufficiency,0.0014787912368774414,30,4,
discovery,exp12_test_edit_08,test_edit,paraphrase,1,paraphrase,0,opposite_same_wording,FINAL_INSTRUCTION_END,V_necessity_loss,0.01423075795173645,30,4,
discovery,exp12_test_edit_09,test_edit,paraphrase,0,paraphrase,1,opposite_same_wording,FINAL_INSTRUCTION_END,V_sufficiency,0.006128691136837006,30,4,
discovery,exp12_test_edit_09,test_edit,paraphrase,0,paraphrase,1,opposite_same_wording,FINAL_INSTRUCTION_END,V_necessity_loss,0.0007695481181144714,30,4,
discovery,exp12_test_edit_09,test_edit,paraphrase,1,paraphrase,0,opposite_same_wording,FINAL_INSTRUCTION_END,V_sufficiency,0.006927758455276489,30,4,
discovery,exp12_test_edit_09,test_edit,paraphrase,1,paraphrase,0,opposite_same_wording,FINAL_INSTRUCTION_END,V_necessity_loss,0.008363038301467896,30,4,
discovery,exp12_test_edit_15,test_edit,paraphrase,0,paraphrase,1,opposite_same_wording,FINAL_INSTRUCTION_END,V_sufficiency,0.0007788911461830139,30,4,
discovery,exp12_test_edit_15,test_edit,paraphrase,0,paraphrase,1,opposite_same_wording,FINAL_INSTRUCTION_END,V_necessity_loss,0.001561485230922699,30,4,
discovery,exp12_test_edit_15,test_edit,paraphrase,1,paraphrase,0,opposite_same_wording,FINAL_INSTRUCTION_END,V_sufficiency,0.0013123750686645508,30,4,
discovery,exp12_test_edit_15,test_edit,paraphrase,1,paraphrase,0,opposite_same_wording,FINAL_INSTRUCTION_END,V_necessity_loss,0.007637619972229004,30,4,
discovery,exp12_test_edit_00,test_edit,paraphrase,0,paraphrase,1,opposite_same_wording,USER_END,V_sufficiency,0.001610495150089264,30,4,
discovery,exp12_test_edit_00,test_edit,paraphrase,0,paraphrase,1,opposite_same_wording,USER_END,V_necessity_loss,2.057105302810669e-05,30,4,
discovery,exp12_test_edit_00,test_edit,paraphrase,1,paraphrase,0,opposite_same_wording,USER_END,V_sufficiency,0.007663518190383911,30,4,
discovery,exp12_test_edit_00,test_edit,paraphrase,1,paraphrase,0,opposite_same_wording,USER_END,V_necessity_loss,0.0014724135398864746,30,4,
discovery,exp12_test_edit_01,test_edit,paraphrase,0,paraphrase,1,opposite_same_wording,USER_END,V_sufficiency,-0.003843046724796295,30,4,
discovery,exp12_test_edit_01,test_edit,paraphrase,0,paraphrase,1,opposite_same_wording,USER_END,V_necessity_loss,-0.0015880949795246124,30,4,
discovery,exp12_test_edit_01,test_edit,paraphrase,1,paraphrase,0,opposite_same_wording,USER_END,V_sufficiency,1.239776611328125e-05,30,4,
discovery,exp12_test_edit_01,test_edit,paraphrase,1,paraphrase,0,opposite_same_wording,USER_END,V_necessity_loss,0.0007650852203369141,30,4,
discovery,exp12_test_edit_03,test_edit,paraphrase,0,paraphrase,1,opposite_same_wording,USER_END,V_sufficiency,0.0028764866292476654,30,4,
discovery,exp12_test_edit_03,test_edit,paraphrase,0,paraphrase,1,opposite_same_wording,USER_END,V_necessity_loss,-0.0007942803204059601,30,4,
discovery,exp12_test_edit_03,test_edit,paraphrase,1,paraphrase,0,opposite_same_wording,USER_END,V_sufficiency,0.0020760297775268555,30,4,
discovery,exp12_test_edit_03,test_edit,paraphrase,1,paraphrase,0,opposite_same_wording,USER_END,V_necessity_loss,0.007651150226593018,30,4,
discovery,exp12_test_edit_05,test_edit,paraphrase,0,paraphrase,1,opposite_same_wording,USER_END,V_sufficiency,-0.002133868634700775,30,4,
discovery,exp12_test_edit_05,test_edit,paraphrase,0,paraphrase,1,opposite_same_wording,USER_END,V_necessity_loss,0.0034544914960861206,30,4,
discovery,exp12_test_edit_05,test_edit,paraphrase,1,paraphrase,0,opposite_same_wording,USER_END,V_sufficiency,0.002251952886581421,30,4,
discovery,exp12_test_edit_05,test_edit,paraphrase,1,paraphrase,0,opposite_same_wording,USER_END,V_necessity_loss,0.0030413269996643066,30,4,
discovery,exp12_test_edit_07,test_edit,paraphrase,0,paraphrase,1,opposite_same_wording,USER_END,V_sufficiency,-0.0006645582616329193,30,4,
discovery,exp12_test_edit_07,test_edit,paraphrase,0,paraphrase,1,opposite_same_wording,USER_END,V_necessity_loss,0.006518907845020294,30,4,
discovery,exp12_test_edit_07,test_edit,paraphrase,1,paraphrase,0,opposite_same_wording,USER_END,V_sufficiency,0.0006215274333953857,30,4,
discovery,exp12_test_edit_07,test_edit,paraphrase,1,paraphrase,0,opposite_same_wording,USER_END,V_necessity_loss,0.008362174034118652,30,4,
discovery,exp12_test_edit_08,test_edit,paraphrase,0,paraphrase,1,opposite_same_wording,USER_END,V_sufficiency,0.0023300647735595703,30,4,
discovery,exp12_test_edit_08,test_edit,paraphrase,0,paraphrase,1,opposite_same_wording,USER_END,V_necessity_loss,-0.0019051730632781982,30,4,
discovery,exp12_test_edit_08,test_edit,paraphrase,1,paraphrase,0,opposite_same_wording,USER_END,V_sufficiency,0.0014787912368774414,30,4,
discovery,exp12_test_edit_08,test_edit,paraphrase,1,paraphrase,0,opposite_same_wording,USER_END,V_necessity_loss,0.01423075795173645,30,4,
discovery,exp12_test_edit_09,test_edit,paraphrase,0,paraphrase,1,opposite_same_wording,USER_END,V_sufficiency,0.006128691136837006,30,4,
discovery,exp12_test_edit_09,test_edit,paraphrase,0,paraphrase,1,opposite_same_wording,USER_END,V_necessity_loss,0.0007695481181144714,30,4,
discovery,exp12_test_edit_09,test_edit,paraphrase,1,paraphrase,0,opposite_same_wording,USER_END,V_sufficiency,0.006927758455276489,30,4,
discovery,exp12_test_edit_09,test_edit,paraphrase,1,paraphrase,0,opposite_same_wording,USER_END,V_necessity_loss,0.008363038301467896,30,4,
discovery,exp12_test_edit_15,test_edit,paraphrase,0,paraphrase,1,opposite_same_wording,USER_END,V_sufficiency,0.0007788911461830139,30,4,
discovery,exp12_test_edit_15,test_edit,paraphrase,0,paraphrase,1,opposite_same_wording,USER_END,V_necessity_loss,0.001561485230922699,30,4,
discovery,exp12_test_edit_15,test_edit,paraphrase,1,paraphrase,0,opposite_same_wording,USER_END,V_sufficiency,0.0013123750686645508,30,4,
discovery,exp12_test_edit_15,test_edit,paraphrase,1,paraphrase,0,opposite_same_wording,USER_END,V_necessity_loss,0.007637619972229004,30,4,
discovery,exp12_test_edit_00,test_edit,paraphrase,0,paraphrase,1,opposite_same_wording,GENERATION_BOUNDARY,V_sufficiency,0.23510005325078964,30,4,
discovery,exp12_test_edit_00,test_edit,paraphrase,0,paraphrase,1,opposite_same_wording,GENERATION_BOUNDARY,V_necessity_loss,0.19670501351356506,30,4,
discovery,exp12_test_edit_00,test_edit,paraphrase,1,paraphrase,0,opposite_same_wording,GENERATION_BOUNDARY,V_sufficiency,0.17854991555213928,30,4,
discovery,exp12_test_edit_00,test_edit,paraphrase,1,paraphrase,0,opposite_same_wording,GENERATION_BOUNDARY,V_necessity_loss,0.2274300679564476,30,4,
discovery,exp12_test_edit_01,test_edit,paraphrase,0,paraphrase,1,opposite_same_wording,GENERATION_BOUNDARY,V_sufficiency,0.24125562608242035,30,4,
discovery,exp12_test_edit_01,test_edit,paraphrase,0,paraphrase,1,opposite_same_wording,GENERATION_BOUNDARY,V_necessity_loss,0.20514553785324097,30,4,
discovery,exp12_test_edit_01,test_edit,paraphrase,1,paraphrase,0,opposite_same_wording,GENERATION_BOUNDARY,V_sufficiency,0.17437967658042908,30,4,
discovery,exp12_test_edit_01,test_edit,paraphrase,1,paraphrase,0,opposite_same_wording,GENERATION_BOUNDARY,V_necessity_loss,0.24181614071130753,30,4,
discovery,exp12_test_edit_03,test_edit,paraphrase,0,paraphrase,1,opposite_same_wording,GENERATION_BOUNDARY,V_sufficiency,0.2077413909137249,30,4,
discovery,exp12_test_edit_03,test_edit,paraphrase,0,paraphrase,1,opposite_same_wording,GENERATION_BOUNDARY,V_necessity_loss,0.17905691266059875,30,4,
discovery,exp12_test_edit_03,test_edit,paraphrase,1,paraphrase,0,opposite_same_wording,GENERATION_BOUNDARY,V_sufficiency,0.16338971257209778,30,4,
discovery,exp12_test_edit_03,test_edit,paraphrase,1,paraphrase,0,opposite_same_wording,GENERATION_BOUNDARY,V_necessity_loss,0.2053249180316925,30,4,
discovery,exp12_test_edit_05,test_edit,paraphrase,0,paraphrase,1,opposite_same_wording,GENERATION_BOUNDARY,V_sufficiency,0.22954858094453812,30,4,
discovery,exp12_test_edit_05,test_edit,paraphrase,0,paraphrase,1,opposite_same_wording,GENERATION_BOUNDARY,V_necessity_loss,0.2018367350101471,30,4,
discovery,exp12_test_edit_05,test_edit,paraphrase,1,paraphrase,0,opposite_same_wording,GENERATION_BOUNDARY,V_sufficiency,0.17710432410240173,30,4,
discovery,exp12_test_edit_05,test_edit,paraphrase,1,paraphrase,0,opposite_same_wording,GENERATION_BOUNDARY,V_necessity_loss,0.21488752216100693,30,4,
discovery,exp12_test_edit_07,test_edit,paraphrase,0,paraphrase,1,opposite_same_wording,GENERATION_BOUNDARY,V_sufficiency,0.23415297269821167,30,4,
discovery,exp12_test_edit_07,test_edit,paraphrase,0,paraphrase,1,opposite_same_wording,GENERATION_BOUNDARY,V_necessity_loss,0.20671817660331726,30,4,
discovery,exp12_test_edit_07,test_edit,paraphrase,1,paraphrase,0,opposite_same_wording,GENERATION_BOUNDARY,V_sufficiency,0.1798011064529419,30,4,
discovery,exp12_test_edit_07,test_edit,paraphrase,1,paraphrase,0,opposite_same_wording,GENERATION_BOUNDARY,V_necessity_loss,0.22457290440797806,30,4,
discovery,exp12_test_edit_08,test_edit,paraphrase,0,paraphrase,1,opposite_same_wording,GENERATION_BOUNDARY,V_sufficiency,0.23682837933301926,30,4,
discovery,exp12_test_edit_08,test_edit,paraphrase,0,paraphrase,1,opposite_same_wording,GENERATION_BOUNDARY,V_necessity_loss,0.1870260238647461,30,4,
discovery,exp12_test_edit_08,test_edit,paraphrase,1,paraphrase,0,opposite_same_wording,GENERATION_BOUNDARY,V_sufficiency,0.18325376510620117,30,4,
discovery,exp12_test_edit_08,test_edit,paraphrase,1,paraphrase,0,opposite_same_wording,GENERATION_BOUNDARY,V_necessity_loss,0.23229951411485672,30,4,
discovery,exp12_test_edit_09,test_edit,paraphrase,0,paraphrase,1,opposite_same_wording,GENERATION_BOUNDARY,V_sufficiency,0.20023278146982193,30,4,
discovery,exp12_test_edit_09,test_edit,paraphrase,0,paraphrase,1,opposite_same_wording,GENERATION_BOUNDARY,V_necessity_loss,0.17847797274589539,30,4,
discovery,exp12_test_edit_09,test_edit,paraphrase,1,paraphrase,0,opposite_same_wording,GENERATION_BOUNDARY,V_sufficiency,0.157079815864563,30,4,
discovery,exp12_test_edit_09,test_edit,paraphrase,1,paraphrase,0,opposite_same_wording,GENERATION_BOUNDARY,V_necessity_loss,0.19349971413612366,30,4,
discovery,exp12_test_edit_15,test_edit,paraphrase,0,paraphrase,1,opposite_same_wording,GENERATION_BOUNDARY,V_sufficiency,0.22648461163043976,30,4,
discovery,exp12_test_edit_15,test_edit,paraphrase,0,paraphrase,1,opposite_same_wording,GENERATION_BOUNDARY,V_necessity_loss,0.19409021735191345,30,4,
discovery,exp12_test_edit_15,test_edit,paraphrase,1,paraphrase,0,opposite_same_wording,GENERATION_BOUNDARY,V_sufficiency,0.17159640789031982,30,4,
discovery,exp12_test_edit_15,test_edit,paraphrase,1,paraphrase,0,opposite_same_wording,GENERATION_BOUNDARY,V_necessity_loss,0.21930573880672455,30,4,
discovery,exp12_search_edit_01,search_edit,canonical,0,canonical,1,opposite_same_wording,SKILL_END,V_sufficiency,0.008601963520050049,30,4,
discovery,exp12_search_edit_01,search_edit,canonical,0,canonical,1,opposite_same_wording,SKILL_END,V_necessity_loss,-0.0031328797340393066,30,4,
discovery,exp12_search_edit_01,search_edit,canonical,1,canonical,0,opposite_same_wording,SKILL_END,V_sufficiency,-0.004563003778457642,30,4,
discovery,exp12_search_edit_01,search_edit,canonical,1,canonical,0,opposite_same_wording,SKILL_END,V_necessity_loss,-0.0009061098098754883,30,4,
discovery,exp12_search_edit_03,search_edit,canonical,0,canonical,1,opposite_same_wording,SKILL_END,V_sufficiency,-0.001417994499206543,30,4,
discovery,exp12_search_edit_03,search_edit,canonical,0,canonical,1,opposite_same_wording,SKILL_END,V_necessity_loss,-7.152557373046875e-07,30,4,
discovery,exp12_search_edit_03,search_edit,canonical,1,canonical,0,opposite_same_wording,SKILL_END,V_sufficiency,-0.001917034387588501,30,4,
discovery,exp12_search_edit_03,search_edit,canonical,1,canonical,0,opposite_same_wording,SKILL_END,V_necessity_loss,-0.000980675220489502,30,4,
discovery,exp12_search_edit_05,search_edit,canonical,0,canonical,1,opposite_same_wording,SKILL_END,V_sufficiency,0.006235182285308838,30,4,
discovery,exp12_search_edit_05,search_edit,canonical,0,canonical,1,opposite_same_wording,SKILL_END,V_necessity_loss,0.007786929607391357,30,4,
discovery,exp12_search_edit_05,search_edit,canonical,1,canonical,0,opposite_same_wording,SKILL_END,V_sufficiency,-0.000791594386100769,30,4,
discovery,exp12_search_edit_05,search_edit,canonical,1,canonical,0,opposite_same_wording,SKILL_END,V_necessity_loss,-0.0076208412647247314,30,4,
discovery,exp12_search_edit_09,search_edit,canonical,0,canonical,1,opposite_same_wording,SKILL_END,V_sufficiency,-0.0007102489471435547,30,4,
discovery,exp12_search_edit_09,search_edit,canonical,0,canonical,1,opposite_same_wording,SKILL_END,V_necessity_loss,-0.005468964576721191,30,4,
discovery,exp12_search_edit_09,search_edit,canonical,1,canonical,0,opposite_same_wording,SKILL_END,V_sufficiency,0.0010638236999511719,30,4,
discovery,exp12_search_edit_09,search_edit,canonical,1,canonical,0,opposite_same_wording,SKILL_END,V_necessity_loss,-0.008986696600914001,30,4,
discovery,exp12_search_edit_10,search_edit,canonical,0,canonical,1,opposite_same_wording,SKILL_END,V_sufficiency,-2.1457672119140625e-06,30,4,
discovery,exp12_search_edit_10,search_edit,canonical,0,canonical,1,opposite_same_wording,SKILL_END,V_necessity_loss,0.0007120370864868164,30,4,
discovery,exp12_search_edit_10,search_edit,canonical,1,canonical,0,opposite_same_wording,SKILL_END,V_sufficiency,0.0009779632091522217,30,4,
discovery,exp12_search_edit_10,search_edit,canonical,1,canonical,0,opposite_same_wording,SKILL_END,V_necessity_loss,0.0009799748659133911,30,4,
discovery,exp12_search_edit_12,search_edit,canonical,0,canonical,1,opposite_same_wording,SKILL_END,V_sufficiency,-0.002829253673553467,30,4,
discovery,exp12_search_edit_12,search_edit,canonical,0,canonical,1,opposite_same_wording,SKILL_END,V_necessity_loss,-4.410743713378906e-06,30,4,
discovery,exp12_search_edit_12,search_edit,canonical,1,canonical,0,opposite_same_wording,SKILL_END,V_sufficiency,-0.003998905420303345,30,4,
discovery,exp12_search_edit_12,search_edit,canonical,1,canonical,0,opposite_same_wording,SKILL_END,V_necessity_loss,-0.0029268860816955566,30,4,
discovery,exp12_search_edit_13,search_edit,canonical,0,canonical,1,opposite_same_wording,SKILL_END,V_sufficiency,-0.010926783084869385,30,4,
discovery,exp12_search_edit_13,search_edit,canonical,0,canonical,1,opposite_same_wording,SKILL_END,V_necessity_loss,-0.001574873924255371,30,4,
discovery,exp12_search_edit_13,search_edit,canonical,1,canonical,0,opposite_same_wording,SKILL_END,V_sufficiency,-0.0018357932567596436,30,4,
discovery,exp12_search_edit_13,search_edit,canonical,1,canonical,0,opposite_same_wording,SKILL_END,V_necessity_loss,-0.008433297276496887,30,4,
discovery,exp12_search_edit_15,search_edit,canonical,0,canonical,1,opposite_same_wording,SKILL_END,V_sufficiency,1.6093254089355469e-06,30,4,
discovery,exp12_search_edit_15,search_edit,canonical,0,canonical,1,opposite_same_wording,SKILL_END,V_necessity_loss,0.0015639066696166992,30,4,
discovery,exp12_search_edit_15,search_edit,canonical,1,canonical,0,opposite_same_wording,SKILL_END,V_sufficiency,0.0034733563661575317,30,4,
discovery,exp12_search_edit_15,search_edit,canonical,1,canonical,0,opposite_same_wording,SKILL_END,V_necessity_loss,0.0017380714416503906,30,4,
discovery,exp12_search_edit_01,search_edit,canonical,0,canonical,1,opposite_same_wording,SYSTEM_END,V_sufficiency,0.010167419910430908,30,4,
discovery,exp12_search_edit_01,search_edit,canonical,0,canonical,1,opposite_same_wording,SYSTEM_END,V_necessity_loss,0.003902256488800049,30,4,
discovery,exp12_search_edit_01,search_edit,canonical,1,canonical,0,opposite_same_wording,SYSTEM_END,V_sufficiency,0.002819150686264038,30,4,
discovery,exp12_search_edit_01,search_edit,canonical,1,canonical,0,opposite_same_wording,SYSTEM_END,V_necessity_loss,-0.010344743728637695,30,4,
discovery,exp12_search_edit_03,search_edit,canonical,0,canonical,1,opposite_same_wording,SYSTEM_END,V_sufficiency,1.0132789611816406e-06,30,4,
discovery,exp12_search_edit_03,search_edit,canonical,0,canonical,1,opposite_same_wording,SYSTEM_END,V_necessity_loss,1.2516975402832031e-06,30,4,
discovery,exp12_search_edit_03,search_edit,canonical,1,canonical,0,opposite_same_wording,SYSTEM_END,V_sufficiency,0.0009587705135345459,30,4,
discovery,exp12_search_edit_03,search_edit,canonical,1,canonical,0,opposite_same_wording,SYSTEM_END,V_necessity_loss,0.0010339170694351196,30,4,
discovery,exp12_search_edit_05,search_edit,canonical,0,canonical,1,opposite_same_wording,SYSTEM_END,V_sufficiency,0.012487828731536865,30,4,
discovery,exp12_search_edit_05,search_edit,canonical,0,canonical,1,opposite_same_wording,SYSTEM_END,V_necessity_loss,0.010954499244689941,30,4,
discovery,exp12_search_edit_05,search_edit,canonical,1,canonical,0,opposite_same_wording,SYSTEM_END,V_sufficiency,-0.0056490302085876465,30,4,
discovery,exp12_search_edit_05,search_edit,canonical,1,canonical,0,opposite_same_wording,SYSTEM_END,V_necessity_loss,0.005855754017829895,30,4,
discovery,exp12_search_edit_09,search_edit,canonical,0,canonical,1,opposite_same_wording,SYSTEM_END,V_sufficiency,0.0014203190803527832,30,4,
discovery,exp12_search_edit_09,search_edit,canonical,0,canonical,1,opposite_same_wording,SYSTEM_END,V_necessity_loss,0.00919198989868164,30,4,
discovery,exp12_search_edit_09,search_edit,canonical,1,canonical,0,opposite_same_wording,SYSTEM_END,V_sufficiency,0.0030142515897750854,30,4,
discovery,exp12_search_edit_09,search_edit,canonical,1,canonical,0,opposite_same_wording,SYSTEM_END,V_necessity_loss,0.0018484145402908325,30,4,
discovery,exp12_search_edit_10,search_edit,canonical,0,canonical,1,opposite_same_wording,SYSTEM_END,V_sufficiency,-0.0014214515686035156,30,4,
discovery,exp12_search_edit_10,search_edit,canonical,0,canonical,1,opposite_same_wording,SYSTEM_END,V_necessity_loss,0.0014123320579528809,30,4,
discovery,exp12_search_edit_10,search_edit,canonical,1,canonical,0,opposite_same_wording,SYSTEM_END,V_sufficiency,0.0009752064943313599,30,4,
discovery,exp12_search_edit_10,search_edit,canonical,1,canonical,0,opposite_same_wording,SYSTEM_END,V_necessity_loss,0.000996232032775879,30,4,
discovery,exp12_search_edit_12,search_edit,canonical,0,canonical,1,opposite_same_wording,SYSTEM_END,V_sufficiency,2.7000904083251953e-05,30,4,
discovery,exp12_search_edit_12,search_edit,canonical,0,canonical,1,opposite_same_wording,SYSTEM_END,V_necessity_loss,0.0028344392776489258,30,4,
discovery,exp12_search_edit_12,search_edit,canonical,1,canonical,0,opposite_same_wording,SYSTEM_END,V_sufficiency,2.0071864128112793e-05,30,4,
discovery,exp12_search_edit_12,search_edit,canonical,1,canonical,0,opposite_same_wording,SYSTEM_END,V_necessity_loss,0.0010170936584472656,30,4,
discovery,exp12_search_edit_13,search_edit,canonical,0,canonical,1,opposite_same_wording,SYSTEM_END,V_sufficiency,0.0031180381774902344,30,4,
discovery,exp12_search_edit_13,search_edit,canonical,0,canonical,1,opposite_same_wording,SYSTEM_END,V_necessity_loss,-0.007807016372680664,30,4,
discovery,exp12_search_edit_13,search_edit,canonical,1,canonical,0,opposite_same_wording,SYSTEM_END,V_sufficiency,-0.0009776502847671509,30,4,
discovery,exp12_search_edit_13,search_edit,canonical,1,canonical,0,opposite_same_wording,SYSTEM_END,V_necessity_loss,-5.513429641723633e-07,30,4,
discovery,exp12_search_edit_15,search_edit,canonical,0,canonical,1,opposite_same_wording,SYSTEM_END,V_sufficiency,1.7285346984863281e-06,30,4,
discovery,exp12_search_edit_15,search_edit,canonical,0,canonical,1,opposite_same_wording,SYSTEM_END,V_necessity_loss,0.0031198859214782715,30,4,
discovery,exp12_search_edit_15,search_edit,canonical,1,canonical,0,opposite_same_wording,SYSTEM_END,V_sufficiency,0.0008655339479446411,30,4,
discovery,exp12_search_edit_15,search_edit,canonical,1,canonical,0,opposite_same_wording,SYSTEM_END,V_necessity_loss,-8.061528205871582e-06,30,4,
discovery,exp12_search_edit_01,search_edit,canonical,0,canonical,1,opposite_same_wording,ISSUE_END,V_sufficiency,0.007815778255462646,30,4,
discovery,exp12_search_edit_01,search_edit,canonical,0,canonical,1,opposite_same_wording,ISSUE_END,V_necessity_loss,4.76837158203125e-06,30,4,
discovery,exp12_search_edit_01,search_edit,canonical,1,canonical,0,opposite_same_wording,ISSUE_END,V_sufficiency,-0.0007328987121582031,30,4,
discovery,exp12_search_edit_01,search_edit,canonical,1,canonical,0,opposite_same_wording,ISSUE_END,V_necessity_loss,-0.004496589303016663,30,4,
discovery,exp12_search_edit_03,search_edit,canonical,0,canonical,1,opposite_same_wording,ISSUE_END,V_sufficiency,8.344650268554688e-07,30,4,
discovery,exp12_search_edit_03,search_edit,canonical,0,canonical,1,opposite_same_wording,ISSUE_END,V_necessity_loss,-3.516674041748047e-06,30,4,
discovery,exp12_search_edit_03,search_edit,canonical,1,canonical,0,opposite_same_wording,ISSUE_END,V_sufficiency,4.3213367462158203e-07,30,4,
discovery,exp12_search_edit_03,search_edit,canonical,1,canonical,0,opposite_same_wording,ISSUE_END,V_necessity_loss,-0.0029659420251846313,30,4,
discovery,exp12_search_edit_05,search_edit,canonical,0,canonical,1,opposite_same_wording,ISSUE_END,V_sufficiency,1.9371509552001953e-05,30,4,
discovery,exp12_search_edit_05,search_edit,canonical,0,canonical,1,opposite_same_wording,ISSUE_END,V_necessity_loss,0.007775545120239258,30,4,
discovery,exp12_search_edit_05,search_edit,canonical,1,canonical,0,opposite_same_wording,ISSUE_END,V_sufficiency,-0.0009740740060806274,30,4,
discovery,exp12_search_edit_05,search_edit,canonical,1,canonical,0,opposite_same_wording,ISSUE_END,V_necessity_loss,0.003750920295715332,30,4,
discovery,exp12_search_edit_09,search_edit,canonical,0,canonical,1,opposite_same_wording,ISSUE_END,V_sufficiency,-1.6093254089355469e-06,30,4,
discovery,exp12_search_edit_09,search_edit,canonical,0,canonical,1,opposite_same_wording,ISSUE_END,V_necessity_loss,0.007789671421051025,30,4,
discovery,exp12_search_edit_09,search_edit,canonical,1,canonical,0,opposite_same_wording,ISSUE_END,V_sufficiency,0.008005872368812561,30,4,
discovery,exp12_search_edit_09,search_edit,canonical,1,canonical,0,opposite_same_wording,ISSUE_END,V_necessity_loss,-0.0015902668237686157,30,4,
discovery,exp12_search_edit_10,search_edit,canonical,0,canonical,1,opposite_same_wording,ISSUE_END,V_sufficiency,4.673004150390625e-05,30,4,
discovery,exp12_search_edit_10,search_edit,canonical,0,canonical,1,opposite_same_wording,ISSUE_END,V_necessity_loss,-0.001430809497833252,30,4,
discovery,exp12_search_edit_10,search_edit,canonical,1,canonical,0,opposite_same_wording,ISSUE_END,V_sufficiency,-0.0019535869359970093,30,4,
discovery,exp12_search_edit_10,search_edit,canonical,1,canonical,0,opposite_same_wording,ISSUE_END,V_necessity_loss,0.0029259026050567627,30,4,
discovery,exp12_search_edit_12,search_edit,canonical,0,canonical,1,opposite_same_wording,ISSUE_END,V_sufficiency,-0.0028325915336608887,30,4,
discovery,exp12_search_edit_12,search_edit,canonical,0,canonical,1,opposite_same_wording,ISSUE_END,V_necessity_loss,-0.0028405189514160156,30,4,
discovery,exp12_search_edit_12,search_edit,canonical,1,canonical,0,opposite_same_wording,ISSUE_END,V_sufficiency,0.0009775310754776,30,4,
discovery,exp12_search_edit_12,search_edit,canonical,1,canonical,0,opposite_same_wording,ISSUE_END,V_necessity_loss,0.0009876489639282227,30,4,
discovery,exp12_search_edit_13,search_edit,canonical,0,canonical,1,opposite_same_wording,ISSUE_END,V_sufficiency,5.066394805908203e-06,30,4,
discovery,exp12_search_edit_13,search_edit,canonical,0,canonical,1,opposite_same_wording,ISSUE_END,V_necessity_loss,1.6748905181884766e-05,30,4,
discovery,exp12_search_edit_13,search_edit,canonical,1,canonical,0,opposite_same_wording,ISSUE_END,V_sufficiency,-0.0019530802965164185,30,4,
discovery,exp12_search_edit_13,search_edit,canonical,1,canonical,0,opposite_same_wording,ISSUE_END,V_necessity_loss,-0.0008912831544876099,30,4,
discovery,exp12_search_edit_15,search_edit,canonical,0,canonical,1,opposite_same_wording,ISSUE_END,V_sufficiency,0.0,30,4,
discovery,exp12_search_edit_15,search_edit,canonical,0,canonical,1,opposite_same_wording,ISSUE_END,V_necessity_loss,-0.0015641450881958008,30,4,
discovery,exp12_search_edit_15,search_edit,canonical,1,canonical,0,opposite_same_wording,ISSUE_END,V_sufficiency,0.002606317400932312,30,4,
discovery,exp12_search_edit_15,search_edit,canonical,1,canonical,0,opposite_same_wording,ISSUE_END,V_necessity_loss,1.3262033462524414e-06,30,4,
discovery,exp12_search_edit_01,search_edit,canonical,0,canonical,1,opposite_same_wording,DETAIL_END,V_sufficiency,0.008601546287536621,30,4,
discovery,exp12_search_edit_01,search_edit,canonical,0,canonical,1,opposite_same_wording,DETAIL_END,V_necessity_loss,-0.008584558963775635,30,4,
discovery,exp12_search_edit_01,search_edit,canonical,1,canonical,0,opposite_same_wording,DETAIL_END,V_sufficiency,-0.00452856719493866,30,4,
discovery,exp12_search_edit_01,search_edit,canonical,1,canonical,0,opposite_same_wording,DETAIL_END,V_necessity_loss,-0.001024201512336731,30,4,
discovery,exp12_search_edit_03,search_edit,canonical,0,canonical,1,opposite_same_wording,DETAIL_END,V_sufficiency,-2.384185791015625e-07,30,4,
discovery,exp12_search_edit_03,search_edit,canonical,0,canonical,1,opposite_same_wording,DETAIL_END,V_necessity_loss,6.556510925292969e-07,30,4,
discovery,exp12_search_edit_03,search_edit,canonical,1,canonical,0,opposite_same_wording,DETAIL_END,V_sufficiency,0.0009801089763641357,30,4,
discovery,exp12_search_edit_03,search_edit,canonical,1,canonical,0,opposite_same_wording,DETAIL_END,V_necessity_loss,0.006965264678001404,30,4,
discovery,exp12_search_edit_05,search_edit,canonical,0,canonical,1,opposite_same_wording,DETAIL_END,V_sufficiency,0.009362399578094482,30,4,
discovery,exp12_search_edit_05,search_edit,canonical,0,canonical,1,opposite_same_wording,DETAIL_END,V_necessity_loss,1.5795230865478516e-05,30,4,
discovery,exp12_search_edit_05,search_edit,canonical,1,canonical,0,opposite_same_wording,DETAIL_END,V_sufficiency,-0.0036980360746383667,30,4,
discovery,exp12_search_edit_05,search_edit,canonical,1,canonical,0,opposite_same_wording,DETAIL_END,V_necessity_loss,0.0019290447235107422,30,4,
discovery,exp12_search_edit_09,search_edit,canonical,0,canonical,1,opposite_same_wording,DETAIL_END,V_sufficiency,-2.384185791015625e-07,30,4,
discovery,exp12_search_edit_09,search_edit,canonical,0,canonical,1,opposite_same_wording,DETAIL_END,V_necessity_loss,-0.0040583014488220215,30,4,
discovery,exp12_search_edit_09,search_edit,canonical,1,canonical,0,opposite_same_wording,DETAIL_END,V_sufficiency,-0.0008668750524520874,30,4,
discovery,exp12_search_edit_09,search_edit,canonical,1,canonical,0,opposite_same_wording,DETAIL_END,V_necessity_loss,0.002570435404777527,30,4,
discovery,exp12_search_edit_10,search_edit,canonical,0,canonical,1,opposite_same_wording,DETAIL_END,V_sufficiency,-0.001423954963684082,30,4,
discovery,exp12_search_edit_10,search_edit,canonical,0,canonical,1,opposite_same_wording,DETAIL_END,V_necessity_loss,0.0021122097969055176,30,4,
discovery,exp12_search_edit_10,search_edit,canonical,1,canonical,0,opposite_same_wording,DETAIL_END,V_sufficiency,0.0009730160236358643,30,4,
discovery,exp12_search_edit_10,search_edit,canonical,1,canonical,0,opposite_same_wording,DETAIL_END,V_necessity_loss,0.000977545976638794,30,4,
discovery,exp12_search_edit_12,search_edit,canonical,0,canonical,1,opposite_same_wording,DETAIL_END,V_sufficiency,-0.0014052987098693848,30,4,
discovery,exp12_search_edit_12,search_edit,canonical,0,canonical,1,opposite_same_wording,DETAIL_END,V_necessity_loss,-0.0014486312866210938,30,4,
discovery,exp12_search_edit_12,search_edit,canonical,1,canonical,0,opposite_same_wording,DETAIL_END,V_sufficiency,1.774728298187256e-05,30,4,
discovery,exp12_search_edit_12,search_edit,canonical,1,canonical,0,opposite_same_wording,DETAIL_END,V_necessity_loss,0.0019530802965164185,30,4,
discovery,exp12_search_edit_13,search_edit,canonical,0,canonical,1,opposite_same_wording,DETAIL_END,V_sufficiency,0.0015624761581420898,30,4,
discovery,exp12_search_edit_13,search_edit,canonical,0,canonical,1,opposite_same_wording,DETAIL_END,V_necessity_loss,-0.0077918171882629395,30,4,
discovery,exp12_search_edit_13,search_edit,canonical,1,canonical,0,opposite_same_wording,DETAIL_END,V_sufficiency,-0.0028463900089263916,30,4,
discovery,exp12_search_edit_13,search_edit,canonical,1,canonical,0,opposite_same_wording,DETAIL_END,V_necessity_loss,0.004325240850448608,30,4,
discovery,exp12_search_edit_15,search_edit,canonical,0,canonical,1,opposite_same_wording,DETAIL_END,V_sufficiency,-0.001562654972076416,30,4,
discovery,exp12_search_edit_15,search_edit,canonical,0,canonical,1,opposite_same_wording,DETAIL_END,V_necessity_loss,3.635883331298828e-06,30,4,
discovery,exp12_search_edit_15,search_edit,canonical,1,canonical,0,opposite_same_wording,DETAIL_END,V_sufficiency,0.003461882472038269,30,4,
discovery,exp12_search_edit_15,search_edit,canonical,1,canonical,0,opposite_same_wording,DETAIL_END,V_necessity_loss,-0.0008719414472579956,30,4,
discovery,exp12_search_edit_01,search_edit,canonical,0,canonical,1,opposite_same_wording,ACTION0_END,V_sufficiency,-0.0007818937301635742,30,4,
discovery,exp12_search_edit_01,search_edit,canonical,0,canonical,1,opposite_same_wording,ACTION0_END,V_necessity_loss,0.0007808804512023926,30,4,
discovery,exp12_search_edit_01,search_edit,canonical,1,canonical,0,opposite_same_wording,ACTION0_END,V_sufficiency,0.0028963685035705566,30,4,
discovery,exp12_search_edit_01,search_edit,canonical,1,canonical,0,opposite_same_wording,ACTION0_END,V_necessity_loss,0.0019492805004119873,30,4,
discovery,exp12_search_edit_03,search_edit,canonical,0,canonical,1,opposite_same_wording,ACTION0_END,V_sufficiency,4.76837158203125e-07,30,4,
discovery,exp12_search_edit_03,search_edit,canonical,0,canonical,1,opposite_same_wording,ACTION0_END,V_necessity_loss,0.007773756980895996,30,4,
discovery,exp12_search_edit_03,search_edit,canonical,1,canonical,0,opposite_same_wording,ACTION0_END,V_sufficiency,-3.2633543014526367e-06,30,4,
discovery,exp12_search_edit_03,search_edit,canonical,1,canonical,0,opposite_same_wording,ACTION0_END,V_necessity_loss,0.0009938180446624756,30,4,
discovery,exp12_search_edit_05,search_edit,canonical,0,canonical,1,opposite_same_wording,ACTION0_END,V_sufficiency,0.003145933151245117,30,4,
discovery,exp12_search_edit_05,search_edit,canonical,0,canonical,1,opposite_same_wording,ACTION0_END,V_necessity_loss,-0.006232142448425293,30,4,
discovery,exp12_search_edit_05,search_edit,canonical,1,canonical,0,opposite_same_wording,ACTION0_END,V_sufficiency,0.0009940862655639648,30,4,
discovery,exp12_search_edit_05,search_edit,canonical,1,canonical,0,opposite_same_wording,ACTION0_END,V_necessity_loss,0.0009777545928955078,30,4,
discovery,exp12_search_edit_09,search_edit,canonical,0,canonical,1,opposite_same_wording,ACTION0_END,V_sufficiency,-0.0014199018478393555,30,4,
discovery,exp12_search_edit_09,search_edit,canonical,0,canonical,1,opposite_same_wording,ACTION0_END,V_necessity_loss,-0.005468249320983887,30,4,
discovery,exp12_search_edit_09,search_edit,canonical,1,canonical,0,opposite_same_wording,ACTION0_END,V_sufficiency,0.000984787940979004,30,4,
discovery,exp12_search_edit_09,search_edit,canonical,1,canonical,0,opposite_same_wording,ACTION0_END,V_necessity_loss,-0.006033465266227722,30,4,
discovery,exp12_search_edit_10,search_edit,canonical,0,canonical,1,opposite_same_wording,ACTION0_END,V_sufficiency,-0.0014267563819885254,30,4,
discovery,exp12_search_edit_10,search_edit,canonical,0,canonical,1,opposite_same_wording,ACTION0_END,V_necessity_loss,-0.0006973147392272949,30,4,
discovery,exp12_search_edit_10,search_edit,canonical,1,canonical,0,opposite_same_wording,ACTION0_END,V_sufficiency,-7.599592208862305e-07,30,4,
discovery,exp12_search_edit_10,search_edit,canonical,1,canonical,0,opposite_same_wording,ACTION0_END,V_necessity_loss,2.2202730178833008e-06,30,4,
discovery,exp12_search_edit_12,search_edit,canonical,0,canonical,1,opposite_same_wording,ACTION0_END,V_sufficiency,-0.0014113783836364746,30,4,
discovery,exp12_search_edit_12,search_edit,canonical,0,canonical,1,opposite_same_wording,ACTION0_END,V_necessity_loss,3.5762786865234375e-07,30,4,
discovery,exp12_search_edit_12,search_edit,canonical,1,canonical,0,opposite_same_wording,ACTION0_END,V_sufficiency,0.001955270767211914,30,4,
discovery,exp12_search_edit_12,search_edit,canonical,1,canonical,0,opposite_same_wording,ACTION0_END,V_necessity_loss,-0.00793507695198059,30,4,
discovery,exp12_search_edit_13,search_edit,canonical,0,canonical,1,opposite_same_wording,ACTION0_END,V_sufficiency,-0.007799983024597168,30,4,
discovery,exp12_search_edit_13,search_edit,canonical,0,canonical,1,opposite_same_wording,ACTION0_END,V_necessity_loss,-1.3947486877441406e-05,30,4,
discovery,exp12_search_edit_13,search_edit,canonical,1,canonical,0,opposite_same_wording,ACTION0_END,V_sufficiency,2.0712614059448242e-06,30,4,
discovery,exp12_search_edit_13,search_edit,canonical,1,canonical,0,opposite_same_wording,ACTION0_END,V_necessity_loss,-0.002918139100074768,30,4,
discovery,exp12_search_edit_15,search_edit,canonical,0,canonical,1,opposite_same_wording,ACTION0_END,V_sufficiency,0.0015645027160644531,30,4,
discovery,exp12_search_edit_15,search_edit,canonical,0,canonical,1,opposite_same_wording,ACTION0_END,V_necessity_loss,-4.947185516357422e-06,30,4,
discovery,exp12_search_edit_15,search_edit,canonical,1,canonical,0,opposite_same_wording,ACTION0_END,V_sufficiency,0.001717209815979004,30,4,
discovery,exp12_search_edit_15,search_edit,canonical,1,canonical,0,opposite_same_wording,ACTION0_END,V_necessity_loss,-0.002591922879219055,30,4,
discovery,exp12_search_edit_01,search_edit,canonical,0,canonical,1,opposite_same_wording,ACTION1_END,V_sufficiency,0.0007950067520141602,30,4,
discovery,exp12_search_edit_01,search_edit,canonical,0,canonical,1,opposite_same_wording,ACTION1_END,V_necessity_loss,-0.0015575289726257324,30,4,
discovery,exp12_search_edit_01,search_edit,canonical,1,canonical,0,opposite_same_wording,ACTION1_END,V_sufficiency,0.0019110441207885742,30,4,
discovery,exp12_search_edit_01,search_edit,canonical,1,canonical,0,opposite_same_wording,ACTION1_END,V_necessity_loss,-0.0019548386335372925,30,4,
discovery,exp12_search_edit_03,search_edit,canonical,0,canonical,1,opposite_same_wording,ACTION1_END,V_sufficiency,3.2782554626464844e-06,30,4,
discovery,exp12_search_edit_03,search_edit,canonical,0,canonical,1,opposite_same_wording,ACTION1_END,V_necessity_loss,0.007799029350280762,30,4,
discovery,exp12_search_edit_03,search_edit,canonical,1,canonical,0,opposite_same_wording,ACTION1_END,V_sufficiency,-0.0009616166353225708,30,4,
discovery,exp12_search_edit_03,search_edit,canonical,1,canonical,0,opposite_same_wording,ACTION1_END,V_necessity_loss,-0.0028943121433258057,30,4,
discovery,exp12_search_edit_05,search_edit,canonical,0,canonical,1,opposite_same_wording,ACTION1_END,V_sufficiency,-3.039836883544922e-06,30,4,
discovery,exp12_search_edit_05,search_edit,canonical,0,canonical,1,opposite_same_wording,ACTION1_END,V_necessity_loss,-4.827976226806641e-06,30,4,
discovery,exp12_search_edit_05,search_edit,canonical,1,canonical,0,opposite_same_wording,ACTION1_END,V_sufficiency,-0.0009779036045074463,30,4,
discovery,exp12_search_edit_05,search_edit,canonical,1,canonical,0,opposite_same_wording,ACTION1_END,V_necessity_loss,-0.002911671996116638,30,4,
discovery,exp12_search_edit_09,search_edit,canonical,0,canonical,1,opposite_same_wording,ACTION1_END,V_sufficiency,-0.007791340351104736,30,4,
discovery,exp12_search_edit_09,search_edit,canonical,0,canonical,1,opposite_same_wording,ACTION1_END,V_necessity_loss,6.556510925292969e-07,30,4,
discovery,exp12_search_edit_09,search_edit,canonical,1,canonical,0,opposite_same_wording,ACTION1_END,V_sufficiency,-0.0019445717334747314,30,4,
discovery,exp12_search_edit_09,search_edit,canonical,1,canonical,0,opposite_same_wording,ACTION1_END,V_necessity_loss,0.0008372962474822998,30,4,
discovery,exp12_search_edit_10,search_edit,canonical,0,canonical,1,opposite_same_wording,ACTION1_END,V_sufficiency,-1.6391277313232422e-05,30,4,
discovery,exp12_search_edit_10,search_edit,canonical,0,canonical,1,opposite_same_wording,ACTION1_END,V_necessity_loss,0.002830803394317627,30,4,
discovery,exp12_search_edit_10,search_edit,canonical,1,canonical,0,opposite_same_wording,ACTION1_END,V_sufficiency,-0.002932325005531311,30,4,
discovery,exp12_search_edit_10,search_edit,canonical,1,canonical,0,opposite_same_wording,ACTION1_END,V_necessity_loss,0.0,30,4,
discovery,exp12_search_edit_12,search_edit,canonical,0,canonical,1,opposite_same_wording,ACTION1_END,V_sufficiency,-0.002825140953063965,30,4,
discovery,exp12_search_edit_12,search_edit,canonical,0,canonical,1,opposite_same_wording,ACTION1_END,V_necessity_loss,-0.0014365315437316895,30,4,
discovery,exp12_search_edit_12,search_edit,canonical,1,canonical,0,opposite_same_wording,ACTION1_END,V_sufficiency,0.000995740294456482,30,4,
discovery,exp12_search_edit_12,search_edit,canonical,1,canonical,0,opposite_same_wording,ACTION1_END,V_necessity_loss,1.6927719116210938e-05,30,4,
discovery,exp12_search_edit_13,search_edit,canonical,0,canonical,1,opposite_same_wording,ACTION1_END,V_sufficiency,-0.007799327373504639,30,4,
discovery,exp12_search_edit_13,search_edit,canonical,0,canonical,1,opposite_same_wording,ACTION1_END,V_necessity_loss,-3.7550926208496094e-06,30,4,
discovery,exp12_search_edit_13,search_edit,canonical,1,canonical,0,opposite_same_wording,ACTION1_END,V_sufficiency,-0.002930968999862671,30,4,
discovery,exp12_search_edit_13,search_edit,canonical,1,canonical,0,opposite_same_wording,ACTION1_END,V_necessity_loss,-0.006548449397087097,30,4,
discovery,exp12_search_edit_15,search_edit,canonical,0,canonical,1,opposite_same_wording,ACTION1_END,V_sufficiency,-0.0015624165534973145,30,4,
discovery,exp12_search_edit_15,search_edit,canonical,0,canonical,1,opposite_same_wording,ACTION1_END,V_necessity_loss,-0.0015628933906555176,30,4,
discovery,exp12_search_edit_15,search_edit,canonical,1,canonical,0,opposite_same_wording,ACTION1_END,V_sufficiency,0.0008732527494430542,30,4,
discovery,exp12_search_edit_15,search_edit,canonical,1,canonical,0,opposite_same_wording,ACTION1_END,V_necessity_loss,-0.002612754702568054,30,4,
discovery,exp12_search_edit_01,search_edit,canonical,0,canonical,1,opposite_same_wording,FINAL_INSTRUCTION_END,V_sufficiency,0.010159730911254883,30,4,
discovery,exp12_search_edit_01,search_edit,canonical,0,canonical,1,opposite_same_wording,FINAL_INSTRUCTION_END,V_necessity_loss,0.003128230571746826,30,4,
discovery,exp12_search_edit_01,search_edit,canonical,1,canonical,0,opposite_same_wording,FINAL_INSTRUCTION_END,V_sufficiency,0.003906458616256714,30,4,
discovery,exp12_search_edit_01,search_edit,canonical,1,canonical,0,opposite_same_wording,FINAL_INSTRUCTION_END,V_necessity_loss,0.001941397786140442,30,4,
discovery,exp12_search_edit_03,search_edit,canonical,0,canonical,1,opposite_same_wording,FINAL_INSTRUCTION_END,V_sufficiency,0.00922459363937378,30,4,
discovery,exp12_search_edit_03,search_edit,canonical,0,canonical,1,opposite_same_wording,FINAL_INSTRUCTION_END,V_necessity_loss,0.010639667510986328,30,4,
discovery,exp12_search_edit_03,search_edit,canonical,1,canonical,0,opposite_same_wording,FINAL_INSTRUCTION_END,V_sufficiency,0.0019740015268325806,30,4,
discovery,exp12_search_edit_03,search_edit,canonical,1,canonical,0,opposite_same_wording,FINAL_INSTRUCTION_END,V_necessity_loss,0.005063921213150024,30,4,
discovery,exp12_search_edit_05,search_edit,canonical,0,canonical,1,opposite_same_wording,FINAL_INSTRUCTION_END,V_sufficiency,0.0031281113624572754,30,4,
discovery,exp12_search_edit_05,search_edit,canonical,0,canonical,1,opposite_same_wording,FINAL_INSTRUCTION_END,V_necessity_loss,0.004683494567871094,30,4,
discovery,exp12_search_edit_05,search_edit,canonical,1,canonical,0,opposite_same_wording,FINAL_INSTRUCTION_END,V_sufficiency,-0.0017510801553726196,30,4,
discovery,exp12_search_edit_05,search_edit,canonical,1,canonical,0,opposite_same_wording,FINAL_INSTRUCTION_END,V_necessity_loss,0.0038245022296905518,30,4,
discovery,exp12_search_edit_09,search_edit,canonical,0,canonical,1,opposite_same_wording,FINAL_INSTRUCTION_END,V_sufficiency,0.001418769359588623,30,4,
discovery,exp12_search_edit_09,search_edit,canonical,0,canonical,1,opposite_same_wording,FINAL_INSTRUCTION_END,V_necessity_loss,0.00426095724105835,30,4,
discovery,exp12_search_edit_09,search_edit,canonical,1,canonical,0,opposite_same_wording,FINAL_INSTRUCTION_END,V_sufficiency,0.00011461973190307617,30,4,
discovery,exp12_search_edit_09,search_edit,canonical,1,canonical,0,opposite_same_wording,FINAL_INSTRUCTION_END,V_necessity_loss,0.001955747604370117,30,4,
discovery,exp12_search_edit_10,search_edit,canonical,0,canonical,1,opposite_same_wording,FINAL_INSTRUCTION_END,V_sufficiency,0.0014389753341674805,30,4,
discovery,exp12_search_edit_10,search_edit,canonical,0,canonical,1,opposite_same_wording,FINAL_INSTRUCTION_END,V_necessity_loss,0.0028405189514160156,30,4,
discovery,exp12_search_edit_10,search_edit,canonical,1,canonical,0,opposite_same_wording,FINAL_INSTRUCTION_END,V_sufficiency,-0.0019504278898239136,30,4,
discovery,exp12_search_edit_10,search_edit,canonical,1,canonical,0,opposite_same_wording,FINAL_INSTRUCTION_END,V_necessity_loss,0.0009710192680358887,30,4,
discovery,exp12_search_edit_12,search_edit,canonical,0,canonical,1,opposite_same_wording,FINAL_INSTRUCTION_END,V_sufficiency,-1.4066696166992188e-05,30,4,
discovery,exp12_search_edit_12,search_edit,canonical,0,canonical,1,opposite_same_wording,FINAL_INSTRUCTION_END,V_necessity_loss,0.004262208938598633,30,4,
discovery,exp12_search_edit_12,search_edit,canonical,1,canonical,0,opposite_same_wording,FINAL_INSTRUCTION_END,V_sufficiency,0.00795532763004303,30,4,
discovery,exp12_search_edit_12,search_edit,canonical,1,canonical,0,opposite_same_wording,FINAL_INSTRUCTION_END,V_necessity_loss,-3.203749656677246e-05,30,4,
discovery,exp12_search_edit_13,search_edit,canonical,0,canonical,1,opposite_same_wording,FINAL_INSTRUCTION_END,V_sufficiency,0.0015387535095214844,30,4,
discovery,exp12_search_edit_13,search_edit,canonical,0,canonical,1,opposite_same_wording,FINAL_INSTRUCTION_END,V_necessity_loss,-0.004670679569244385,30,4,
discovery,exp12_search_edit_13,search_edit,canonical,1,canonical,0,opposite_same_wording,FINAL_INSTRUCTION_END,V_sufficiency,-0.0009733736515045166,30,4,
discovery,exp12_search_edit_13,search_edit,canonical,1,canonical,0,opposite_same_wording,FINAL_INSTRUCTION_END,V_necessity_loss,-6.370246410369873e-05,30,4,
discovery,exp12_search_edit_15,search_edit,canonical,0,canonical,1,opposite_same_wording,FINAL_INSTRUCTION_END,V_sufficiency,0.0015649199485778809,30,4,
discovery,exp12_search_edit_15,search_edit,canonical,0,canonical,1,opposite_same_wording,FINAL_INSTRUCTION_END,V_necessity_loss,0.00156480073928833,30,4,
discovery,exp12_search_edit_15,search_edit,canonical,1,canonical,0,opposite_same_wording,FINAL_INSTRUCTION_END,V_sufficiency,0.008072271943092346,30,4,
discovery,exp12_search_edit_15,search_edit,canonical,1,canonical,0,opposite_same_wording,FINAL_INSTRUCTION_END,V_necessity_loss,0.007182985544204712,30,4,
discovery,exp12_search_edit_01,search_edit,canonical,0,canonical,1,opposite_same_wording,USER_END,V_sufficiency,0.010159730911254883,30,4,
discovery,exp12_search_edit_01,search_edit,canonical,0,canonical,1,opposite_same_wording,USER_END,V_necessity_loss,0.003128230571746826,30,4,
discovery,exp12_search_edit_01,search_edit,canonical,1,canonical,0,opposite_same_wording,USER_END,V_sufficiency,0.003906458616256714,30,4,
discovery,exp12_search_edit_01,search_edit,canonical,1,canonical,0,opposite_same_wording,USER_END,V_necessity_loss,0.001941397786140442,30,4,
discovery,exp12_search_edit_03,search_edit,canonical,0,canonical,1,opposite_same_wording,USER_END,V_sufficiency,0.00922459363937378,30,4,
discovery,exp12_search_edit_03,search_edit,canonical,0,canonical,1,opposite_same_wording,USER_END,V_necessity_loss,0.010639667510986328,30,4,
discovery,exp12_search_edit_03,search_edit,canonical,1,canonical,0,opposite_same_wording,USER_END,V_sufficiency,0.0019740015268325806,30,4,
discovery,exp12_search_edit_03,search_edit,canonical,1,canonical,0,opposite_same_wording,USER_END,V_necessity_loss,0.005063921213150024,30,4,
discovery,exp12_search_edit_05,search_edit,canonical,0,canonical,1,opposite_same_wording,USER_END,V_sufficiency,0.0031281113624572754,30,4,
discovery,exp12_search_edit_05,search_edit,canonical,0,canonical,1,opposite_same_wording,USER_END,V_necessity_loss,0.004683494567871094,30,4,
discovery,exp12_search_edit_05,search_edit,canonical,1,canonical,0,opposite_same_wording,USER_END,V_sufficiency,-0.0017510801553726196,30,4,
discovery,exp12_search_edit_05,search_edit,canonical,1,canonical,0,opposite_same_wording,USER_END,V_necessity_loss,0.0038245022296905518,30,4,
discovery,exp12_search_edit_09,search_edit,canonical,0,canonical,1,opposite_same_wording,USER_END,V_sufficiency,0.001418769359588623,30,4,
discovery,exp12_search_edit_09,search_edit,canonical,0,canonical,1,opposite_same_wording,USER_END,V_necessity_loss,0.00426095724105835,30,4,
discovery,exp12_search_edit_09,search_edit,canonical,1,canonical,0,opposite_same_wording,USER_END,V_sufficiency,0.00011461973190307617,30,4,
discovery,exp12_search_edit_09,search_edit,canonical,1,canonical,0,opposite_same_wording,USER_END,V_necessity_loss,0.001955747604370117,30,4,
discovery,exp12_search_edit_10,search_edit,canonical,0,canonical,1,opposite_same_wording,USER_END,V_sufficiency,0.0014389753341674805,30,4,
discovery,exp12_search_edit_10,search_edit,canonical,0,canonical,1,opposite_same_wording,USER_END,V_necessity_loss,0.0028405189514160156,30,4,
discovery,exp12_search_edit_10,search_edit,canonical,1,canonical,0,opposite_same_wording,USER_END,V_sufficiency,-0.0019504278898239136,30,4,
discovery,exp12_search_edit_10,search_edit,canonical,1,canonical,0,opposite_same_wording,USER_END,V_necessity_loss,0.0009710192680358887,30,4,
discovery,exp12_search_edit_12,search_edit,canonical,0,canonical,1,opposite_same_wording,USER_END,V_sufficiency,-1.4066696166992188e-05,30,4,
discovery,exp12_search_edit_12,search_edit,canonical,0,canonical,1,opposite_same_wording,USER_END,V_necessity_loss,0.004262208938598633,30,4,
discovery,exp12_search_edit_12,search_edit,canonical,1,canonical,0,opposite_same_wording,USER_END,V_sufficiency,0.00795532763004303,30,4,
discovery,exp12_search_edit_12,search_edit,canonical,1,canonical,0,opposite_same_wording,USER_END,V_necessity_loss,-3.203749656677246e-05,30,4,
discovery,exp12_search_edit_13,search_edit,canonical,0,canonical,1,opposite_same_wording,USER_END,V_sufficiency,0.0015387535095214844,30,4,
discovery,exp12_search_edit_13,search_edit,canonical,0,canonical,1,opposite_same_wording,USER_END,V_necessity_loss,-0.004670679569244385,30,4,
discovery,exp12_search_edit_13,search_edit,canonical,1,canonical,0,opposite_same_wording,USER_END,V_sufficiency,-0.0009733736515045166,30,4,
discovery,exp12_search_edit_13,search_edit,canonical,1,canonical,0,opposite_same_wording,USER_END,V_necessity_loss,-6.370246410369873e-05,30,4,
discovery,exp12_search_edit_15,search_edit,canonical,0,canonical,1,opposite_same_wording,USER_END,V_sufficiency,0.0015649199485778809,30,4,
discovery,exp12_search_edit_15,search_edit,canonical,0,canonical,1,opposite_same_wording,USER_END,V_necessity_loss,0.00156480073928833,30,4,
discovery,exp12_search_edit_15,search_edit,canonical,1,canonical,0,opposite_same_wording,USER_END,V_sufficiency,0.008072271943092346,30,4,
discovery,exp12_search_edit_15,search_edit,canonical,1,canonical,0,opposite_same_wording,USER_END,V_necessity_loss,0.007182985544204712,30,4,
discovery,exp12_search_edit_01,search_edit,canonical,0,canonical,1,opposite_same_wording,GENERATION_BOUNDARY,V_sufficiency,0.14292454719543457,30,4,
discovery,exp12_search_edit_01,search_edit,canonical,0,canonical,1,opposite_same_wording,GENERATION_BOUNDARY,V_necessity_loss,0.23440037667751312,30,4,
discovery,exp12_search_edit_01,search_edit,canonical,1,canonical,0,opposite_same_wording,GENERATION_BOUNDARY,V_sufficiency,0.20112410187721252,30,4,
discovery,exp12_search_edit_01,search_edit,canonical,1,canonical,0,opposite_same_wording,GENERATION_BOUNDARY,V_necessity_loss,0.12796509265899658,30,4,
discovery,exp12_search_edit_03,search_edit,canonical,0,canonical,1,opposite_same_wording,GENERATION_BOUNDARY,V_sufficiency,0.12208700180053711,30,4,
discovery,exp12_search_edit_03,search_edit,canonical,0,canonical,1,opposite_same_wording,GENERATION_BOUNDARY,V_necessity_loss,0.21365344524383545,30,4,
discovery,exp12_search_edit_03,search_edit,canonical,1,canonical,0,opposite_same_wording,GENERATION_BOUNDARY,V_sufficiency,0.1831257939338684,30,4,
discovery,exp12_search_edit_03,search_edit,canonical,1,canonical,0,opposite_same_wording,GENERATION_BOUNDARY,V_necessity_loss,0.12055134773254395,30,4,
discovery,exp12_search_edit_05,search_edit,canonical,0,canonical,1,opposite_same_wording,GENERATION_BOUNDARY,V_sufficiency,0.14207416772842407,30,4,
discovery,exp12_search_edit_05,search_edit,canonical,0,canonical,1,opposite_same_wording,GENERATION_BOUNDARY,V_necessity_loss,0.2376430183649063,30,4,
discovery,exp12_search_edit_05,search_edit,canonical,1,canonical,0,opposite_same_wording,GENERATION_BOUNDARY,V_sufficiency,0.20115512609481812,30,4,
discovery,exp12_search_edit_05,search_edit,canonical,1,canonical,0,opposite_same_wording,GENERATION_BOUNDARY,V_necessity_loss,0.12638407945632935,30,4,
discovery,exp12_search_edit_09,search_edit,canonical,0,canonical,1,opposite_same_wording,GENERATION_BOUNDARY,V_sufficiency,0.1289636492729187,30,4,
discovery,exp12_search_edit_09,search_edit,canonical,0,canonical,1,opposite_same_wording,GENERATION_BOUNDARY,V_necessity_loss,0.2180255502462387,30,4,
discovery,exp12_search_edit_09,search_edit,canonical,1,canonical,0,opposite_same_wording,GENERATION_BOUNDARY,V_sufficiency,0.188396617770195,30,4,
discovery,exp12_search_edit_09,search_edit,canonical,1,canonical,0,opposite_same_wording,GENERATION_BOUNDARY,V_necessity_loss,0.11358612775802612,30,4,
discovery,exp12_search_edit_10,search_edit,canonical,0,canonical,1,opposite_same_wording,GENERATION_BOUNDARY,V_sufficiency,0.13251358270645142,30,4,
discovery,exp12_search_edit_10,search_edit,canonical,0,canonical,1,opposite_same_wording,GENERATION_BOUNDARY,V_necessity_loss,0.21594096720218658,30,4,
discovery,exp12_search_edit_10,search_edit,canonical,1,canonical,0,opposite_same_wording,GENERATION_BOUNDARY,V_sufficiency,0.18046528100967407,30,4,
discovery,exp12_search_edit_10,search_edit,canonical,1,canonical,0,opposite_same_wording,GENERATION_BOUNDARY,V_necessity_loss,0.11362278461456299,30,4,
discovery,exp12_search_edit_12,search_edit,canonical,0,canonical,1,opposite_same_wording,GENERATION_BOUNDARY,V_sufficiency,0.12561583518981934,30,4,
discovery,exp12_search_edit_12,search_edit,canonical,0,canonical,1,opposite_same_wording,GENERATION_BOUNDARY,V_necessity_loss,0.20719216763973236,30,4,
discovery,exp12_search_edit_12,search_edit,canonical,1,canonical,0,opposite_same_wording,GENERATION_BOUNDARY,V_sufficiency,0.18490946292877197,30,4,
discovery,exp12_search_edit_12,search_edit,canonical,1,canonical,0,opposite_same_wording,GENERATION_BOUNDARY,V_necessity_loss,0.1107100248336792,30,4,
discovery,exp12_search_edit_13,search_edit,canonical,0,canonical,1,opposite_same_wording,GENERATION_BOUNDARY,V_sufficiency,0.13116711378097534,30,4,
discovery,exp12_search_edit_13,search_edit,canonical,0,canonical,1,opposite_same_wording,GENERATION_BOUNDARY,V_necessity_loss,0.22947466373443604,30,4,
discovery,exp12_search_edit_13,search_edit,canonical,1,canonical,0,opposite_same_wording,GENERATION_BOUNDARY,V_sufficiency,0.19626407325267792,30,4,
discovery,exp12_search_edit_13,search_edit,canonical,1,canonical,0,opposite_same_wording,GENERATION_BOUNDARY,V_necessity_loss,0.1263580322265625,30,4,
discovery,exp12_search_edit_15,search_edit,canonical,0,canonical,1,opposite_same_wording,GENERATION_BOUNDARY,V_sufficiency,0.12670785188674927,30,4,
discovery,exp12_search_edit_15,search_edit,canonical,0,canonical,1,opposite_same_wording,GENERATION_BOUNDARY,V_necessity_loss,0.22441063821315765,30,4,
discovery,exp12_search_edit_15,search_edit,canonical,1,canonical,0,opposite_same_wording,GENERATION_BOUNDARY,V_sufficiency,0.19297906756401062,30,4,
discovery,exp12_search_edit_15,search_edit,canonical,1,canonical,0,opposite_same_wording,GENERATION_BOUNDARY,V_necessity_loss,0.1050296425819397,30,4,
discovery,exp12_search_edit_01,search_edit,paraphrase,0,paraphrase,1,opposite_same_wording,SKILL_END,V_sufficiency,1.1026859283447266e-06,30,4,
discovery,exp12_search_edit_01,search_edit,paraphrase,0,paraphrase,1,opposite_same_wording,SKILL_END,V_necessity_loss,0.0015631914138793945,30,4,
discovery,exp12_search_edit_01,search_edit,paraphrase,1,paraphrase,0,opposite_same_wording,SKILL_END,V_sufficiency,-0.002816513180732727,30,4,
discovery,exp12_search_edit_01,search_edit,paraphrase,1,paraphrase,0,opposite_same_wording,SKILL_END,V_necessity_loss,-0.0012237951159477234,30,4,
discovery,exp12_search_edit_03,search_edit,paraphrase,0,paraphrase,1,opposite_same_wording,SKILL_END,V_sufficiency,-0.007776796817779541,30,4,
discovery,exp12_search_edit_03,search_edit,paraphrase,0,paraphrase,1,opposite_same_wording,SKILL_END,V_necessity_loss,0.007776021957397461,30,4,
discovery,exp12_search_edit_03,search_edit,paraphrase,1,paraphrase,0,opposite_same_wording,SKILL_END,V_sufficiency,0.0019529946148395538,30,4,
discovery,exp12_search_edit_03,search_edit,paraphrase,1,paraphrase,0,opposite_same_wording,SKILL_END,V_necessity_loss,-0.002929363399744034,30,4,
discovery,exp12_search_edit_05,search_edit,paraphrase,0,paraphrase,1,opposite_same_wording,SKILL_END,V_sufficiency,-0.004597842693328857,30,4,
discovery,exp12_search_edit_05,search_edit,paraphrase,0,paraphrase,1,opposite_same_wording,SKILL_END,V_necessity_loss,-1.1920928955078125e-07,30,4,
discovery,exp12_search_edit_05,search_edit,paraphrase,1,paraphrase,0,opposite_same_wording,SKILL_END,V_sufficiency,-0.0009803101420402527,30,4,
discovery,exp12_search_edit_05,search_edit,paraphrase,1,paraphrase,0,opposite_same_wording,SKILL_END,V_necessity_loss,1.862645149230957e-07,30,4,
discovery,exp12_search_edit_09,search_edit,paraphrase,0,paraphrase,1,opposite_same_wording,SKILL_END,V_sufficiency,-3.8743019104003906e-07,30,4,
discovery,exp12_search_edit_09,search_edit,paraphrase,0,paraphrase,1,opposite_same_wording,SKILL_END,V_necessity_loss,-3.0100345611572266e-06,30,4,
discovery,exp12_search_edit_09,search_edit,paraphrase,1,paraphrase,0,opposite_same_wording,SKILL_END,V_sufficiency,1.73225998878479e-07,30,4,
discovery,exp12_search_edit_09,search_edit,paraphrase,1,paraphrase,0,opposite_same_wording,SKILL_END,V_necessity_loss,0.0019529834389686584,30,4,
discovery,exp12_search_edit_10,search_edit,paraphrase,0,paraphrase,1,opposite_same_wording,SKILL_END,V_sufficiency,-0.007731050252914429,30,4,
discovery,exp12_search_edit_10,search_edit,paraphrase,0,paraphrase,1,opposite_same_wording,SKILL_END,V_necessity_loss,0.00284653902053833,30,4,
discovery,exp12_search_edit_10,search_edit,paraphrase,1,paraphrase,0,opposite_same_wording,SKILL_END,V_sufficiency,0.0029494427144527435,30,4,
discovery,exp12_search_edit_10,search_edit,paraphrase,1,paraphrase,0,opposite_same_wording,SKILL_END,V_necessity_loss,-0.002926696091890335,30,4,
discovery,exp12_search_edit_12,search_edit,paraphrase,0,paraphrase,1,opposite_same_wording,SKILL_END,V_sufficiency,-0.0014095306396484375,30,4,
discovery,exp12_search_edit_12,search_edit,paraphrase,0,paraphrase,1,opposite_same_wording,SKILL_END,V_necessity_loss,-0.0014206767082214355,30,4,
discovery,exp12_search_edit_12,search_edit,paraphrase,1,paraphrase,0,opposite_same_wording,SKILL_END,V_sufficiency,0.0009079165756702423,30,4,
discovery,exp12_search_edit_12,search_edit,paraphrase,1,paraphrase,0,opposite_same_wording,SKILL_END,V_necessity_loss,-0.0019492805004119873,30,4,
discovery,exp12_search_edit_13,search_edit,paraphrase,0,paraphrase,1,opposite_same_wording,SKILL_END,V_sufficiency,-0.0015643835067749023,30,4,
discovery,exp12_search_edit_13,search_edit,paraphrase,0,paraphrase,1,opposite_same_wording,SKILL_END,V_necessity_loss,0.001562356948852539,30,4,
discovery,exp12_search_edit_13,search_edit,paraphrase,1,paraphrase,0,opposite_same_wording,SKILL_END,V_sufficiency,0.0001927800476551056,30,4,
discovery,exp12_search_edit_13,search_edit,paraphrase,1,paraphrase,0,opposite_same_wording,SKILL_END,V_necessity_loss,-0.0016464553773403168,30,4,
discovery,exp12_search_edit_15,search_edit,paraphrase,0,paraphrase,1,opposite_same_wording,SKILL_END,V_sufficiency,1.7583370208740234e-06,30,4,
discovery,exp12_search_edit_15,search_edit,paraphrase,0,paraphrase,1,opposite_same_wording,SKILL_END,V_necessity_loss,-0.0015625059604644775,30,4,
discovery,exp12_search_edit_15,search_edit,paraphrase,1,paraphrase,0,opposite_same_wording,SKILL_END,V_sufficiency,-7.022172212600708e-07,30,4,
discovery,exp12_search_edit_15,search_edit,paraphrase,1,paraphrase,0,opposite_same_wording,SKILL_END,V_necessity_loss,-0.001734873279929161,30,4,
discovery,exp12_search_edit_01,search_edit,paraphrase,0,paraphrase,1,opposite_same_wording,SYSTEM_END,V_sufficiency,0.0015627145767211914,30,4,
discovery,exp12_search_edit_01,search_edit,paraphrase,0,paraphrase,1,opposite_same_wording,SYSTEM_END,V_necessity_loss,0.0015644729137420654,30,4,
discovery,exp12_search_edit_01,search_edit,paraphrase,1,paraphrase,0,opposite_same_wording,SYSTEM_END,V_sufficiency,0.0004858747124671936,30,4,
discovery,exp12_search_edit_01,search_edit,paraphrase,1,paraphrase,0,opposite_same_wording,SYSTEM_END,V_necessity_loss,-0.002065137028694153,30,4,
discovery,exp12_search_edit_03,search_edit,paraphrase,0,paraphrase,1,opposite_same_wording,SYSTEM_END,V_sufficiency,-0.006355702877044678,30,4,
discovery,exp12_search_edit_03,search_edit,paraphrase,0,paraphrase,1,opposite_same_wording,SYSTEM_END,V_necessity_loss,0.0028350353240966797,30,4,
discovery,exp12_search_edit_03,search_edit,paraphrase,1,paraphrase,0,opposite_same_wording,SYSTEM_END,V_sufficiency,0.0019596032798290253,30,4,
discovery,exp12_search_edit_03,search_edit,paraphrase,1,paraphrase,0,opposite_same_wording,SYSTEM_END,V_necessity_loss,-5.9001147747039795e-05,30,4,
discovery,exp12_search_edit_05,search_edit,paraphrase,0,paraphrase,1,opposite_same_wording,SYSTEM_END,V_sufficiency,-8.374452590942383e-06,30,4,
discovery,exp12_search_edit_05,search_edit,paraphrase,0,paraphrase,1,opposite_same_wording,SYSTEM_END,V_necessity_loss,-1.3977289199829102e-05,30,4,
discovery,exp12_search_edit_05,search_edit,paraphrase,1,paraphrase,0,opposite_same_wording,SYSTEM_END,V_sufficiency,-3.330409526824951e-06,30,4,
discovery,exp12_search_edit_05,search_edit,paraphrase,1,paraphrase,0,opposite_same_wording,SYSTEM_END,V_necessity_loss,1.0058283805847168e-07,30,4,
discovery,exp12_search_edit_09,search_edit,paraphrase,0,paraphrase,1,opposite_same_wording,SYSTEM_END,V_sufficiency,3.933906555175781e-06,30,4,
discovery,exp12_search_edit_09,search_edit,paraphrase,0,paraphrase,1,opposite_same_wording,SYSTEM_END,V_necessity_loss,-0.00141984224319458,30,4,
discovery,exp12_search_edit_09,search_edit,paraphrase,1,paraphrase,0,opposite_same_wording,SYSTEM_END,V_sufficiency,-0.0010446179658174515,30,4,
discovery,exp12_search_edit_09,search_edit,paraphrase,1,paraphrase,0,opposite_same_wording,SYSTEM_END,V_necessity_loss,0.0019533056765794754,30,4,
discovery,exp12_search_edit_10,search_edit,paraphrase,0,paraphrase,1,opposite_same_wording,SYSTEM_END,V_sufficiency,0.0014213025569915771,30,4,
discovery,exp12_search_edit_10,search_edit,paraphrase,0,paraphrase,1,opposite_same_wording,SYSTEM_END,V_necessity_loss,0.010570704936981201,30,4,
discovery,exp12_search_edit_10,search_edit,paraphrase,1,paraphrase,0,opposite_same_wording,SYSTEM_END,V_sufficiency,0.0019546672701835632,30,4,
discovery,exp12_search_edit_10,search_edit,paraphrase,1,paraphrase,0,opposite_same_wording,SYSTEM_END,V_necessity_loss,0.0019526183605194092,30,4,
discovery,exp12_search_edit_12,search_edit,paraphrase,0,paraphrase,1,opposite_same_wording,SYSTEM_END,V_sufficiency,-0.0014184415340423584,30,4,
discovery,exp12_search_edit_12,search_edit,paraphrase,0,paraphrase,1,opposite_same_wording,SYSTEM_END,V_necessity_loss,0.0014169812202453613,30,4,
discovery,exp12_search_edit_12,search_edit,paraphrase,1,paraphrase,0,opposite_same_wording,SYSTEM_END,V_sufficiency,0.0018852315843105316,30,4,
discovery,exp12_search_edit_12,search_edit,paraphrase,1,paraphrase,0,opposite_same_wording,SYSTEM_END,V_necessity_loss,-7.26059079170227e-05,30,4,
discovery,exp12_search_edit_13,search_edit,paraphrase,0,paraphrase,1,opposite_same_wording,SYSTEM_END,V_sufficiency,0.001560211181640625,30,4,
discovery,exp12_search_edit_13,search_edit,paraphrase,0,paraphrase,1,opposite_same_wording,SYSTEM_END,V_necessity_loss,0.0031252503395080566,30,4,
discovery,exp12_search_edit_13,search_edit,paraphrase,1,paraphrase,0,opposite_same_wording,SYSTEM_END,V_sufficiency,0.0019082613289356232,30,4,
discovery,exp12_search_edit_13,search_edit,paraphrase,1,paraphrase,0,opposite_same_wording,SYSTEM_END,V_necessity_loss,-0.0006877966225147247,30,4,
discovery,exp12_search_edit_15,search_edit,paraphrase,0,paraphrase,1,opposite_same_wording,SYSTEM_END,V_sufficiency,0.0015624463558197021,30,4,
discovery,exp12_search_edit_15,search_edit,paraphrase,0,paraphrase,1,opposite_same_wording,SYSTEM_END,V_necessity_loss,-0.0015625357627868652,30,4,
discovery,exp12_search_edit_15,search_edit,paraphrase,1,paraphrase,0,opposite_same_wording,SYSTEM_END,V_sufficiency,-0.0017355456948280334,30,4,
discovery,exp12_search_edit_15,search_edit,paraphrase,1,paraphrase,0,opposite_same_wording,SYSTEM_END,V_necessity_loss,0.013521486893296242,30,4,
discovery,exp12_search_edit_01,search_edit,paraphrase,0,paraphrase,1,opposite_same_wording,ISSUE_END,V_sufficiency,-0.0015610754489898682,30,4,
discovery,exp12_search_edit_01,search_edit,paraphrase,0,paraphrase,1,opposite_same_wording,ISSUE_END,V_necessity_loss,0.0015610456466674805,30,4,
discovery,exp12_search_edit_01,search_edit,paraphrase,1,paraphrase,0,opposite_same_wording,ISSUE_END,V_sufficiency,0.001217082142829895,30,4,
discovery,exp12_search_edit_01,search_edit,paraphrase,1,paraphrase,0,opposite_same_wording,ISSUE_END,V_necessity_loss,8.93324613571167e-05,30,4,
discovery,exp12_search_edit_03,search_edit,paraphrase,0,paraphrase,1,opposite_same_wording,ISSUE_END,V_sufficiency,-0.009189307689666748,30,4,
discovery,exp12_search_edit_03,search_edit,paraphrase,0,paraphrase,1,opposite_same_wording,ISSUE_END,V_necessity_loss,0.00416111946105957,30,4,
discovery,exp12_search_edit_03,search_edit,paraphrase,1,paraphrase,0,opposite_same_wording,ISSUE_END,V_sufficiency,-0.0009746551513671875,30,4,
discovery,exp12_search_edit_03,search_edit,paraphrase,1,paraphrase,0,opposite_same_wording,ISSUE_END,V_necessity_loss,3.982335329055786e-06,30,4,
discovery,exp12_search_edit_05,search_edit,paraphrase,0,paraphrase,1,opposite_same_wording,ISSUE_END,V_sufficiency,-0.0015683770179748535,30,4,
discovery,exp12_search_edit_05,search_edit,paraphrase,0,paraphrase,1,opposite_same_wording,ISSUE_END,V_necessity_loss,0.0015372633934020996,30,4,
discovery,exp12_search_edit_05,search_edit,paraphrase,1,paraphrase,0,opposite_same_wording,ISSUE_END,V_sufficiency,-4.030764102935791e-06,30,4,
discovery,exp12_search_edit_05,search_edit,paraphrase,1,paraphrase,0,opposite_same_wording,ISSUE_END,V_necessity_loss,-0.0009763613343238831,30,4,
discovery,exp12_search_edit_09,search_edit,paraphrase,0,paraphrase,1,opposite_same_wording,ISSUE_END,V_sufficiency,-2.086162567138672e-07,30,4,
discovery,exp12_search_edit_09,search_edit,paraphrase,0,paraphrase,1,opposite_same_wording,ISSUE_END,V_necessity_loss,0.0014241337776184082,30,4,
discovery,exp12_search_edit_09,search_edit,paraphrase,1,paraphrase,0,opposite_same_wording,ISSUE_END,V_sufficiency,0.015559941530227661,30,4,
discovery,exp12_search_edit_09,search_edit,paraphrase,1,paraphrase,0,opposite_same_wording,ISSUE_END,V_necessity_loss,-0.0019536837935447693,30,4,
discovery,exp12_search_edit_10,search_edit,paraphrase,0,paraphrase,1,opposite_same_wording,ISSUE_END,V_sufficiency,-2.294778823852539e-06,30,4,
discovery,exp12_search_edit_10,search_edit,paraphrase,0,paraphrase,1,opposite_same_wording,ISSUE_END,V_necessity_loss,1.996755599975586e-06,30,4,
discovery,exp12_search_edit_10,search_edit,paraphrase,1,paraphrase,0,opposite_same_wording,ISSUE_END,V_sufficiency,0.003912482410669327,30,4,
discovery,exp12_search_edit_10,search_edit,paraphrase,1,paraphrase,0,opposite_same_wording,ISSUE_END,V_necessity_loss,0.0019314996898174286,30,4,
discovery,exp12_search_edit_12,search_edit,paraphrase,0,paraphrase,1,opposite_same_wording,ISSUE_END,V_sufficiency,-0.0014179050922393799,30,4,
discovery,exp12_search_edit_12,search_edit,paraphrase,0,paraphrase,1,opposite_same_wording,ISSUE_END,V_necessity_loss,-0.0014167428016662598,30,4,
discovery,exp12_search_edit_12,search_edit,paraphrase,1,paraphrase,0,opposite_same_wording,ISSUE_END,V_sufficiency,0.0019527040421962738,30,4,
discovery,exp12_search_edit_12,search_edit,paraphrase,1,paraphrase,0,opposite_same_wording,ISSUE_END,V_necessity_loss,3.919005393981934e-06,30,4,
discovery,exp12_search_edit_13,search_edit,paraphrase,0,paraphrase,1,opposite_same_wording,ISSUE_END,V_sufficiency,-0.001562565565109253,30,4,
discovery,exp12_search_edit_13,search_edit,paraphrase,0,paraphrase,1,opposite_same_wording,ISSUE_END,V_necessity_loss,0.003123253583908081,30,4,
discovery,exp12_search_edit_13,search_edit,paraphrase,1,paraphrase,0,opposite_same_wording,ISSUE_END,V_sufficiency,-4.5787543058395386e-05,30,4,
discovery,exp12_search_edit_13,search_edit,paraphrase,1,paraphrase,0,opposite_same_wording,ISSUE_END,V_necessity_loss,0.0009754858911037445,30,4,
discovery,exp12_search_edit_15,search_edit,paraphrase,0,paraphrase,1,opposite_same_wording,ISSUE_END,V_sufficiency,5.960464477539063e-08,30,4,
discovery,exp12_search_edit_15,search_edit,paraphrase,0,paraphrase,1,opposite_same_wording,ISSUE_END,V_necessity_loss,0.0015625357627868652,30,4,
discovery,exp12_search_edit_15,search_edit,paraphrase,1,paraphrase,0,opposite_same_wording,ISSUE_END,V_sufficiency,-1.3578683137893677e-06,30,4,
discovery,exp12_search_edit_15,search_edit,paraphrase,1,paraphrase,0,opposite_same_wording,ISSUE_END,V_necessity_loss,-0.015257561579346657,30,4,
discovery,exp12_search_edit_01,search_edit,paraphrase,0,paraphrase,1,opposite_same_wording,DETAIL_END,V_sufficiency,1.996755599975586e-06,30,4,
discovery,exp12_search_edit_01,search_edit,paraphrase,0,paraphrase,1,opposite_same_wording,DETAIL_END,V_necessity_loss,-4.76837158203125e-07,30,4,
discovery,exp12_search_edit_01,search_edit,paraphrase,1,paraphrase,0,opposite_same_wording,DETAIL_END,V_sufficiency,-0.0002650320529937744,30,4,
discovery,exp12_search_edit_01,search_edit,paraphrase,1,paraphrase,0,opposite_same_wording,DETAIL_END,V_necessity_loss,0.0018403232097625732,30,4,
discovery,exp12_search_edit_03,search_edit,paraphrase,0,paraphrase,1,opposite_same_wording,DETAIL_END,V_sufficiency,-0.00777667760848999,30,4,
discovery,exp12_search_edit_03,search_edit,paraphrase,0,paraphrase,1,opposite_same_wording,DETAIL_END,V_necessity_loss,1.7881393432617188e-07,30,4,
discovery,exp12_search_edit_03,search_edit,paraphrase,1,paraphrase,0,opposite_same_wording,DETAIL_END,V_sufficiency,0.0019541680812835693,30,4,
discovery,exp12_search_edit_03,search_edit,paraphrase,1,paraphrase,0,opposite_same_wording,DETAIL_END,V_necessity_loss,0.0009784959256649017,30,4,
discovery,exp12_search_edit_05,search_edit,paraphrase,0,paraphrase,1,opposite_same_wording,DETAIL_END,V_sufficiency,-0.001565784215927124,30,4,
discovery,exp12_search_edit_05,search_edit,paraphrase,0,paraphrase,1,opposite_same_wording,DETAIL_END,V_necessity_loss,-1.4901161193847656e-07,30,4,
discovery,exp12_search_edit_05,search_edit,paraphrase,1,paraphrase,0,opposite_same_wording,DETAIL_END,V_sufficiency,-0.0009796135127544403,30,4,
discovery,exp12_search_edit_05,search_edit,paraphrase,1,paraphrase,0,opposite_same_wording,DETAIL_END,V_necessity_loss,0.0029306337237358093,30,4,
discovery,exp12_search_edit_09,search_edit,paraphrase,0,paraphrase,1,opposite_same_wording,DETAIL_END,V_sufficiency,0.001416325569152832,30,4,
discovery,exp12_search_edit_09,search_edit,paraphrase,0,paraphrase,1,opposite_same_wording,DETAIL_END,V_necessity_loss,-7.748603820800781e-06,30,4,
discovery,exp12_search_edit_09,search_edit,paraphrase,1,paraphrase,0,opposite_same_wording,DETAIL_END,V_sufficiency,0.013545466586947441,30,4,
discovery,exp12_search_edit_09,search_edit,paraphrase,1,paraphrase,0,opposite_same_wording,DETAIL_END,V_necessity_loss,0.01444539800286293,30,4,
discovery,exp12_search_edit_10,search_edit,paraphrase,0,paraphrase,1,opposite_same_wording,DETAIL_END,V_sufficiency,1.6987323760986328e-06,30,4,
discovery,exp12_search_edit_10,search_edit,paraphrase,0,paraphrase,1,opposite_same_wording,DETAIL_END,V_necessity_loss,-0.0014195144176483154,30,4,
discovery,exp12_search_edit_10,search_edit,paraphrase,1,paraphrase,0,opposite_same_wording,DETAIL_END,V_sufficiency,0.0009980909526348114,30,4,
discovery,exp12_search_edit_10,search_edit,paraphrase,1,paraphrase,0,opposite_same_wording,DETAIL_END,V_necessity_loss,-4.76837158203125e-07,30,4,
discovery,exp12_search_edit_12,search_edit,paraphrase,0,paraphrase,1,opposite_same_wording,DETAIL_END,V_sufficiency,-0.0014116168022155762,30,4,
discovery,exp12_search_edit_12,search_edit,paraphrase,0,paraphrase,1,opposite_same_wording,DETAIL_END,V_necessity_loss,0.0014156699180603027,30,4,
discovery,exp12_search_edit_12,search_edit,paraphrase,1,paraphrase,0,opposite_same_wording,DETAIL_END,V_sufficiency,0.002860870212316513,30,4,
discovery,exp12_search_edit_12,search_edit,paraphrase,1,paraphrase,0,opposite_same_wording,DETAIL_END,V_necessity_loss,-0.0009811632335186005,30,4,
discovery,exp12_search_edit_13,search_edit,paraphrase,0,paraphrase,1,opposite_same_wording,DETAIL_END,V_sufficiency,-0.0015618503093719482,30,4,
discovery,exp12_search_edit_13,search_edit,paraphrase,0,paraphrase,1,opposite_same_wording,DETAIL_END,V_necessity_loss,1.7881393432617188e-07,30,4,
discovery,exp12_search_edit_13,search_edit,paraphrase,1,paraphrase,0,opposite_same_wording,DETAIL_END,V_sufficiency,-0.0009059049189090729,30,4,
discovery,exp12_search_edit_13,search_edit,paraphrase,1,paraphrase,0,opposite_same_wording,DETAIL_END,V_necessity_loss,7.11679458618164e-05,30,4,
discovery,exp12_search_edit_15,search_edit,paraphrase,0,paraphrase,1,opposite_same_wording,DETAIL_END,V_sufficiency,-0.0015625953674316406,30,4,
discovery,exp12_search_edit_15,search_edit,paraphrase,0,paraphrase,1,opposite_same_wording,DETAIL_END,V_necessity_loss,-0.0015626847743988037,30,4,
discovery,exp12_search_edit_15,search_edit,paraphrase,1,paraphrase,0,opposite_same_wording,DETAIL_END,V_sufficiency,0.011783918365836143,30,4,
discovery,exp12_search_edit_15,search_edit,paraphrase,1,paraphrase,0,opposite_same_wording,DETAIL_END,V_necessity_loss,0.003471769392490387,30,4,
discovery,exp12_search_edit_01,search_edit,paraphrase,0,paraphrase,1,opposite_same_wording,ACTION0_END,V_sufficiency,1.4901161193847656e-07,30,4,
discovery,exp12_search_edit_01,search_edit,paraphrase,0,paraphrase,1,opposite_same_wording,ACTION0_END,V_necessity_loss,-0.0093422532081604,30,4,
discovery,exp12_search_edit_01,search_edit,paraphrase,1,paraphrase,0,opposite_same_wording,ACTION0_END,V_sufficiency,-8.828938007354736e-06,30,4,
discovery,exp12_search_edit_01,search_edit,paraphrase,1,paraphrase,0,opposite_same_wording,ACTION0_END,V_necessity_loss,-0.0010484009981155396,30,4,
discovery,exp12_search_edit_03,search_edit,paraphrase,0,paraphrase,1,opposite_same_wording,ACTION0_END,V_sufficiency,-0.006343483924865723,30,4,
discovery,exp12_search_edit_03,search_edit,paraphrase,0,paraphrase,1,opposite_same_wording,ACTION0_END,V_necessity_loss,0.0014109611511230469,30,4,
discovery,exp12_search_edit_03,search_edit,paraphrase,1,paraphrase,0,opposite_same_wording,ACTION0_END,V_sufficiency,0.001953117549419403,30,4,
discovery,exp12_search_edit_03,search_edit,paraphrase,1,paraphrase,0,opposite_same_wording,ACTION0_END,V_necessity_loss,-1.039355993270874e-06,30,4,
discovery,exp12_search_edit_05,search_edit,paraphrase,0,paraphrase,1,opposite_same_wording,ACTION0_END,V_sufficiency,-0.0015656650066375732,30,4,
discovery,exp12_search_edit_05,search_edit,paraphrase,0,paraphrase,1,opposite_same_wording,ACTION0_END,V_necessity_loss,-0.0015625059604644775,30,4,
discovery,exp12_search_edit_05,search_edit,paraphrase,1,paraphrase,0,opposite_same_wording,ACTION0_END,V_sufficiency,-0.001956544816493988,30,4,
discovery,exp12_search_edit_05,search_edit,paraphrase,1,paraphrase,0,opposite_same_wording,ACTION0_END,V_necessity_loss,0.0019536465406417847,30,4,
discovery,exp12_search_edit_09,search_edit,paraphrase,0,paraphrase,1,opposite_same_wording,ACTION0_END,V_sufficiency,4.32133674621582e-06,30,4,
discovery,exp12_search_edit_09,search_edit,paraphrase,0,paraphrase,1,opposite_same_wording,ACTION0_END,V_necessity_loss,-0.002840697765350342,30,4,
discovery,exp12_search_edit_09,search_edit,paraphrase,1,paraphrase,0,opposite_same_wording,ACTION0_END,V_sufficiency,-6.784871220588684e-05,30,4,
discovery,exp12_search_edit_09,search_edit,paraphrase,1,paraphrase,0,opposite_same_wording,ACTION0_END,V_necessity_loss,0.0017935875803232193,30,4,
discovery,exp12_search_edit_10,search_edit,paraphrase,0,paraphrase,1,opposite_same_wording,ACTION0_END,V_sufficiency,0.0014193058013916016,30,4,
discovery,exp12_search_edit_10,search_edit,paraphrase,0,paraphrase,1,opposite_same_wording,ACTION0_END,V_necessity_loss,-4.112720489501953e-06,30,4,
discovery,exp12_search_edit_10,search_edit,paraphrase,1,paraphrase,0,opposite_same_wording,ACTION0_END,V_sufficiency,0.0019554831087589264,30,4,
discovery,exp12_search_edit_10,search_edit,paraphrase,1,paraphrase,0,opposite_same_wording,ACTION0_END,V_necessity_loss,0.0025220774114131927,30,4,
discovery,exp12_search_edit_12,search_edit,paraphrase,0,paraphrase,1,opposite_same_wording,ACTION0_END,V_sufficiency,-0.0014162957668304443,30,4,
discovery,exp12_search_edit_12,search_edit,paraphrase,0,paraphrase,1,opposite_same_wording,ACTION0_END,V_necessity_loss,0.0014196932315826416,30,4,
discovery,exp12_search_edit_12,search_edit,paraphrase,1,paraphrase,0,opposite_same_wording,ACTION0_END,V_sufficiency,0.0009044148027896881,30,4,
discovery,exp12_search_edit_12,search_edit,paraphrase,1,paraphrase,0,opposite_same_wording,ACTION0_END,V_necessity_loss,3.6135315895080566e-06,30,4,
discovery,exp12_search_edit_13,search_edit,paraphrase,0,paraphrase,1,opposite_same_wording,ACTION0_END,V_sufficiency,4.470348358154297e-07,30,4,
discovery,exp12_search_edit_13,search_edit,paraphrase,0,paraphrase,1,opposite_same_wording,ACTION0_END,V_necessity_loss,9.834766387939453e-07,30,4,
discovery,exp12_search_edit_13,search_edit,paraphrase,1,paraphrase,0,opposite_same_wording,ACTION0_END,V_sufficiency,0.0009244754910469055,30,4,
discovery,exp12_search_edit_13,search_edit,paraphrase,1,paraphrase,0,opposite_same_wording,ACTION0_END,V_necessity_loss,-0.0029330141842365265,30,4,
discovery,exp12_search_edit_15,search_edit,paraphrase,0,paraphrase,1,opposite_same_wording,ACTION0_END,V_sufficiency,1.4901161193847656e-07,30,4,
discovery,exp12_search_edit_15,search_edit,paraphrase,0,paraphrase,1,opposite_same_wording,ACTION0_END,V_necessity_loss,-0.0015575885772705078,30,4,
discovery,exp12_search_edit_15,search_edit,paraphrase,1,paraphrase,0,opposite_same_wording,ACTION0_END,V_sufficiency,0.013521621003746986,30,4,
discovery,exp12_search_edit_15,search_edit,paraphrase,1,paraphrase,0,opposite_same_wording,ACTION0_END,V_necessity_loss,-0.0020375847816467285,30,4,
discovery,exp12_search_edit_01,search_edit,paraphrase,0,paraphrase,1,opposite_same_wording,ACTION1_END,V_sufficiency,-0.0015627145767211914,30,4,
discovery,exp12_search_edit_01,search_edit,paraphrase,0,paraphrase,1,opposite_same_wording,ACTION1_END,V_necessity_loss,-0.0015731453895568848,30,4,
discovery,exp12_search_edit_01,search_edit,paraphrase,1,paraphrase,0,opposite_same_wording,ACTION1_END,V_sufficiency,0.000714816153049469,30,4,
discovery,exp12_search_edit_01,search_edit,paraphrase,1,paraphrase,0,opposite_same_wording,ACTION1_END,V_necessity_loss,-1.1235475540161133e-05,30,4,
discovery,exp12_search_edit_03,search_edit,paraphrase,0,paraphrase,1,opposite_same_wording,ACTION1_END,V_sufficiency,-0.007771968841552734,30,4,
discovery,exp12_search_edit_03,search_edit,paraphrase,0,paraphrase,1,opposite_same_wording,ACTION1_END,V_necessity_loss,-0.00415349006652832,30,4,
discovery,exp12_search_edit_03,search_edit,paraphrase,1,paraphrase,0,opposite_same_wording,ACTION1_END,V_sufficiency,0.0018896497786045074,30,4,
discovery,exp12_search_edit_03,search_edit,paraphrase,1,paraphrase,0,opposite_same_wording,ACTION1_END,V_necessity_loss,0.0029304400086402893,30,4,
discovery,exp12_search_edit_05,search_edit,paraphrase,0,paraphrase,1,opposite_same_wording,ACTION1_END,V_sufficiency,-0.001567929983139038,30,4,
discovery,exp12_search_edit_05,search_edit,paraphrase,0,paraphrase,1,opposite_same_wording,ACTION1_END,V_necessity_loss,-1.0877847671508789e-05,30,4,
discovery,exp12_search_edit_05,search_edit,paraphrase,1,paraphrase,0,opposite_same_wording,ACTION1_END,V_sufficiency,-0.0019562654197216034,30,4,
discovery,exp12_search_edit_05,search_edit,paraphrase,1,paraphrase,0,opposite_same_wording,ACTION1_END,V_necessity_loss,0.0008528456091880798,30,4,
discovery,exp12_search_edit_09,search_edit,paraphrase,0,paraphrase,1,opposite_same_wording,ACTION1_END,V_sufficiency,0.0014162659645080566,30,4,
discovery,exp12_search_edit_09,search_edit,paraphrase,0,paraphrase,1,opposite_same_wording,ACTION1_END,V_necessity_loss,-0.0014200806617736816,30,4,
discovery,exp12_search_edit_09,search_edit,paraphrase,1,paraphrase,0,opposite_same_wording,ACTION1_END,V_sufficiency,0.014521874487400055,30,4,
discovery,exp12_search_edit_09,search_edit,paraphrase,1,paraphrase,0,opposite_same_wording,ACTION1_END,V_necessity_loss,0.00015081651508808136,30,4,
discovery,exp12_search_edit_10,search_edit,paraphrase,0,paraphrase,1,opposite_same_wording,ACTION1_END,V_sufficiency,0.0014180541038513184,30,4,
discovery,exp12_search_edit_10,search_edit,paraphrase,0,paraphrase,1,opposite_same_wording,ACTION1_END,V_necessity_loss,0.0014126300811767578,30,4,
discovery,exp12_search_edit_10,search_edit,paraphrase,1,paraphrase,0,opposite_same_wording,ACTION1_END,V_sufficiency,0.00195419043302536,30,4,
discovery,exp12_search_edit_10,search_edit,paraphrase,1,paraphrase,0,opposite_same_wording,ACTION1_END,V_necessity_loss,0.0009769462049007416,30,4,
discovery,exp12_search_edit_12,search_edit,paraphrase,0,paraphrase,1,opposite_same_wording,ACTION1_END,V_sufficiency,-0.002828747034072876,30,4,
discovery,exp12_search_edit_12,search_edit,paraphrase,0,paraphrase,1,opposite_same_wording,ACTION1_END,V_necessity_loss,0.001419663429260254,30,4,
discovery,exp12_search_edit_12,search_edit,paraphrase,1,paraphrase,0,opposite_same_wording,ACTION1_END,V_sufficiency,-7.238984107971191e-05,30,4,
discovery,exp12_search_edit_12,search_edit,paraphrase,1,paraphrase,0,opposite_same_wording,ACTION1_END,V_necessity_loss,-0.0009589232504367828,30,4,
discovery,exp12_search_edit_13,search_edit,paraphrase,0,paraphrase,1,opposite_same_wording,ACTION1_END,V_sufficiency,4.470348358154297e-07,30,4,
discovery,exp12_search_edit_13,search_edit,paraphrase,0,paraphrase,1,opposite_same_wording,ACTION1_END,V_necessity_loss,0.0015650391578674316,30,4,
discovery,exp12_search_edit_13,search_edit,paraphrase,1,paraphrase,0,opposite_same_wording,ACTION1_END,V_sufficiency,-0.001022040843963623,30,4,
discovery,exp12_search_edit_13,search_edit,paraphrase,1,paraphrase,0,opposite_same_wording,ACTION1_END,V_necessity_loss,0.015427377074956894,30,4,
discovery,exp12_search_edit_15,search_edit,paraphrase,0,paraphrase,1,opposite_same_wording,ACTION1_END,V_sufficiency,-0.0013550221920013428,30,4,
discovery,exp12_search_edit_15,search_edit,paraphrase,0,paraphrase,1,opposite_same_wording,ACTION1_END,V_necessity_loss,0.0015653669834136963,30,4,
discovery,exp12_search_edit_15,search_edit,paraphrase,1,paraphrase,0,opposite_same_wording,ACTION1_END,V_sufficiency,0.01351984404027462,30,4,
discovery,exp12_search_edit_15,search_edit,paraphrase,1,paraphrase,0,opposite_same_wording,ACTION1_END,V_necessity_loss,0.00030283257365226746,30,4,
discovery,exp12_search_edit_01,search_edit,paraphrase,0,paraphrase,1,opposite_same_wording,FINAL_INSTRUCTION_END,V_sufficiency,0.004687249660491943,30,4,
discovery,exp12_search_edit_01,search_edit,paraphrase,0,paraphrase,1,opposite_same_wording,FINAL_INSTRUCTION_END,V_necessity_loss,0.009337544441223145,30,4,
discovery,exp12_search_edit_01,search_edit,paraphrase,1,paraphrase,0,opposite_same_wording,FINAL_INSTRUCTION_END,V_sufficiency,0.0006581619381904602,30,4,
discovery,exp12_search_edit_01,search_edit,paraphrase,1,paraphrase,0,opposite_same_wording,FINAL_INSTRUCTION_END,V_necessity_loss,0.001958489418029785,30,4,
discovery,exp12_search_edit_03,search_edit,paraphrase,0,paraphrase,1,opposite_same_wording,FINAL_INSTRUCTION_END,V_sufficiency,-0.004928290843963623,30,4,
discovery,exp12_search_edit_03,search_edit,paraphrase,0,paraphrase,1,opposite_same_wording,FINAL_INSTRUCTION_END,V_necessity_loss,0.002831757068634033,30,4,
discovery,exp12_search_edit_03,search_edit,paraphrase,1,paraphrase,0,opposite_same_wording,FINAL_INSTRUCTION_END,V_sufficiency,0.0019593387842178345,30,4,
discovery,exp12_search_edit_03,search_edit,paraphrase,1,paraphrase,0,opposite_same_wording,FINAL_INSTRUCTION_END,V_necessity_loss,-0.0013715438544750214,30,4,
discovery,exp12_search_edit_05,search_edit,paraphrase,0,paraphrase,1,opposite_same_wording,FINAL_INSTRUCTION_END,V_sufficiency,-3.1888484954833984e-06,30,4,
discovery,exp12_search_edit_05,search_edit,paraphrase,0,paraphrase,1,opposite_same_wording,FINAL_INSTRUCTION_END,V_necessity_loss,8.046627044677734e-07,30,4,
discovery,exp12_search_edit_05,search_edit,paraphrase,1,paraphrase,0,opposite_same_wording,FINAL_INSTRUCTION_END,V_sufficiency,-0.001956414431333542,30,4,
discovery,exp12_search_edit_05,search_edit,paraphrase,1,paraphrase,0,opposite_same_wording,FINAL_INSTRUCTION_END,V_necessity_loss,0.0019075535237789154,30,4,
discovery,exp12_search_edit_09,search_edit,paraphrase,0,paraphrase,1,opposite_same_wording,FINAL_INSTRUCTION_END,V_sufficiency,0.0042608678340911865,30,4,
discovery,exp12_search_edit_09,search_edit,paraphrase,0,paraphrase,1,opposite_same_wording,FINAL_INSTRUCTION_END,V_necessity_loss,0.0014253854751586914,30,4,
discovery,exp12_search_edit_09,search_edit,paraphrase,1,paraphrase,0,opposite_same_wording,FINAL_INSTRUCTION_END,V_sufficiency,0.015422983095049858,30,4,
discovery,exp12_search_edit_09,search_edit,paraphrase,1,paraphrase,0,opposite_same_wording,FINAL_INSTRUCTION_END,V_necessity_loss,0.0009807590395212173,30,4,
discovery,exp12_search_edit_10,search_edit,paraphrase,0,paraphrase,1,opposite_same_wording,FINAL_INSTRUCTION_END,V_sufficiency,0.004265457391738892,30,4,
discovery,exp12_search_edit_10,search_edit,paraphrase,0,paraphrase,1,opposite_same_wording,FINAL_INSTRUCTION_END,V_necessity_loss,0.0014190077781677246,30,4,
discovery,exp12_search_edit_10,search_edit,paraphrase,1,paraphrase,0,opposite_same_wording,FINAL_INSTRUCTION_END,V_sufficiency,0.0019595958292484283,30,4,
discovery,exp12_search_edit_10,search_edit,paraphrase,1,paraphrase,0,opposite_same_wording,FINAL_INSTRUCTION_END,V_necessity_loss,0.0009832866489887238,30,4,
discovery,exp12_search_edit_12,search_edit,paraphrase,0,paraphrase,1,opposite_same_wording,FINAL_INSTRUCTION_END,V_sufficiency,2.205371856689453e-06,30,4,
discovery,exp12_search_edit_12,search_edit,paraphrase,0,paraphrase,1,opposite_same_wording,FINAL_INSTRUCTION_END,V_necessity_loss,6.8247318267822266e-06,30,4,
discovery,exp12_search_edit_12,search_edit,paraphrase,1,paraphrase,0,opposite_same_wording,FINAL_INSTRUCTION_END,V_sufficiency,0.0028616487979888916,30,4,
discovery,exp12_search_edit_12,search_edit,paraphrase,1,paraphrase,0,opposite_same_wording,FINAL_INSTRUCTION_END,V_necessity_loss,0.0009763725101947784,30,4,
discovery,exp12_search_edit_13,search_edit,paraphrase,0,paraphrase,1,opposite_same_wording,FINAL_INSTRUCTION_END,V_sufficiency,0.0015628933906555176,30,4,
discovery,exp12_search_edit_13,search_edit,paraphrase,0,paraphrase,1,opposite_same_wording,FINAL_INSTRUCTION_END,V_necessity_loss,-4.76837158203125e-07,30,4,
discovery,exp12_search_edit_13,search_edit,paraphrase,1,paraphrase,0,opposite_same_wording,FINAL_INSTRUCTION_END,V_sufficiency,0.0010024011135101318,30,4,
discovery,exp12_search_edit_13,search_edit,paraphrase,1,paraphrase,0,opposite_same_wording,FINAL_INSTRUCTION_END,V_necessity_loss,-0.0007869154214859009,30,4,
discovery,exp12_search_edit_15,search_edit,paraphrase,0,paraphrase,1,opposite_same_wording,FINAL_INSTRUCTION_END,V_sufficiency,0.001770108938217163,30,4,
discovery,exp12_search_edit_15,search_edit,paraphrase,0,paraphrase,1,opposite_same_wording,FINAL_INSTRUCTION_END,V_necessity_loss,2.9802322387695312e-08,30,4,
discovery,exp12_search_edit_15,search_edit,paraphrase,1,paraphrase,0,opposite_same_wording,FINAL_INSTRUCTION_END,V_sufficiency,0.01525702141225338,30,4,
discovery,exp12_search_edit_15,search_edit,paraphrase,1,paraphrase,0,opposite_same_wording,FINAL_INSTRUCTION_END,V_necessity_loss,0.0020463094115257263,30,4,
discovery,exp12_search_edit_01,search_edit,paraphrase,0,paraphrase,1,opposite_same_wording,USER_END,V_sufficiency,0.004687249660491943,30,4,
discovery,exp12_search_edit_01,search_edit,paraphrase,0,paraphrase,1,opposite_same_wording,USER_END,V_necessity_loss,0.009337544441223145,30,4,
discovery,exp12_search_edit_01,search_edit,paraphrase,1,paraphrase,0,opposite_same_wording,USER_END,V_sufficiency,0.0006581619381904602,30,4,
discovery,exp12_search_edit_01,search_edit,paraphrase,1,paraphrase,0,opposite_same_wording,USER_END,V_necessity_loss,0.001958489418029785,30,4,
discovery,exp12_search_edit_03,search_edit,paraphrase,0,paraphrase,1,opposite_same_wording,USER_END,V_sufficiency,-0.004928290843963623,30,4,
discovery,exp12_search_edit_03,search_edit,paraphrase,0,paraphrase,1,opposite_same_wording,USER_END,V_necessity_loss,0.002831757068634033,30,4,
discovery,exp12_search_edit_03,search_edit,paraphrase,1,paraphrase,0,opposite_same_wording,USER_END,V_sufficiency,0.0019593387842178345,30,4,
discovery,exp12_search_edit_03,search_edit,paraphrase,1,paraphrase,0,opposite_same_wording,USER_END,V_necessity_loss,-0.0013715438544750214,30,4,
discovery,exp12_search_edit_05,search_edit,paraphrase,0,paraphrase,1,opposite_same_wording,USER_END,V_sufficiency,-3.1888484954833984e-06,30,4,
discovery,exp12_search_edit_05,search_edit,paraphrase,0,paraphrase,1,opposite_same_wording,USER_END,V_necessity_loss,8.046627044677734e-07,30,4,
discovery,exp12_search_edit_05,search_edit,paraphrase,1,paraphrase,0,opposite_same_wording,USER_END,V_sufficiency,-0.001956414431333542,30,4,
discovery,exp12_search_edit_05,search_edit,paraphrase,1,paraphrase,0,opposite_same_wording,USER_END,V_necessity_loss,0.0019075535237789154,30,4,
discovery,exp12_search_edit_09,search_edit,paraphrase,0,paraphrase,1,opposite_same_wording,USER_END,V_sufficiency,0.0042608678340911865,30,4,
discovery,exp12_search_edit_09,search_edit,paraphrase,0,paraphrase,1,opposite_same_wording,USER_END,V_necessity_loss,0.0014253854751586914,30,4,
discovery,exp12_search_edit_09,search_edit,paraphrase,1,paraphrase,0,opposite_same_wording,USER_END,V_sufficiency,0.015422983095049858,30,4,
discovery,exp12_search_edit_09,search_edit,paraphrase,1,paraphrase,0,opposite_same_wording,USER_END,V_necessity_loss,0.0009807590395212173,30,4,
discovery,exp12_search_edit_10,search_edit,paraphrase,0,paraphrase,1,opposite_same_wording,USER_END,V_sufficiency,0.004265457391738892,30,4,
discovery,exp12_search_edit_10,search_edit,paraphrase,0,paraphrase,1,opposite_same_wording,USER_END,V_necessity_loss,0.0014190077781677246,30,4,
discovery,exp12_search_edit_10,search_edit,paraphrase,1,paraphrase,0,opposite_same_wording,USER_END,V_sufficiency,0.0019595958292484283,30,4,
discovery,exp12_search_edit_10,search_edit,paraphrase,1,paraphrase,0,opposite_same_wording,USER_END,V_necessity_loss,0.0009832866489887238,30,4,
discovery,exp12_search_edit_12,search_edit,paraphrase,0,paraphrase,1,opposite_same_wording,USER_END,V_sufficiency,2.205371856689453e-06,30,4,
discovery,exp12_search_edit_12,search_edit,paraphrase,0,paraphrase,1,opposite_same_wording,USER_END,V_necessity_loss,6.8247318267822266e-06,30,4,
discovery,exp12_search_edit_12,search_edit,paraphrase,1,paraphrase,0,opposite_same_wording,USER_END,V_sufficiency,0.0028616487979888916,30,4,
discovery,exp12_search_edit_12,search_edit,paraphrase,1,paraphrase,0,opposite_same_wording,USER_END,V_necessity_loss,0.0009763725101947784,30,4,
discovery,exp12_search_edit_13,search_edit,paraphrase,0,paraphrase,1,opposite_same_wording,USER_END,V_sufficiency,0.0015628933906555176,30,4,
discovery,exp12_search_edit_13,search_edit,paraphrase,0,paraphrase,1,opposite_same_wording,USER_END,V_necessity_loss,-4.76837158203125e-07,30,4,
discovery,exp12_search_edit_13,search_edit,paraphrase,1,paraphrase,0,opposite_same_wording,USER_END,V_sufficiency,0.0010024011135101318,30,4,
discovery,exp12_search_edit_13,search_edit,paraphrase,1,paraphrase,0,opposite_same_wording,USER_END,V_necessity_loss,-0.0007869154214859009,30,4,
discovery,exp12_search_edit_15,search_edit,paraphrase,0,paraphrase,1,opposite_same_wording,USER_END,V_sufficiency,0.001770108938217163,30,4,
discovery,exp12_search_edit_15,search_edit,paraphrase,0,paraphrase,1,opposite_same_wording,USER_END,V_necessity_loss,2.9802322387695312e-08,30,4,
discovery,exp12_search_edit_15,search_edit,paraphrase,1,paraphrase,0,opposite_same_wording,USER_END,V_sufficiency,0.01525702141225338,30,4,
discovery,exp12_search_edit_15,search_edit,paraphrase,1,paraphrase,0,opposite_same_wording,USER_END,V_necessity_loss,0.0020463094115257263,30,4,
discovery,exp12_search_edit_01,search_edit,paraphrase,0,paraphrase,1,opposite_same_wording,GENERATION_BOUNDARY,V_sufficiency,0.10768699645996094,30,4,
discovery,exp12_search_edit_01,search_edit,paraphrase,0,paraphrase,1,opposite_same_wording,GENERATION_BOUNDARY,V_necessity_loss,0.1925795078277588,30,4,
discovery,exp12_search_edit_01,search_edit,paraphrase,1,paraphrase,0,opposite_same_wording,GENERATION_BOUNDARY,V_sufficiency,0.1590600237250328,30,4,
discovery,exp12_search_edit_01,search_edit,paraphrase,1,paraphrase,0,opposite_same_wording,GENERATION_BOUNDARY,V_necessity_loss,0.12180072069168091,30,4,
discovery,exp12_search_edit_03,search_edit,paraphrase,0,paraphrase,1,opposite_same_wording,GENERATION_BOUNDARY,V_sufficiency,0.11635798215866089,30,4,
discovery,exp12_search_edit_03,search_edit,paraphrase,0,paraphrase,1,opposite_same_wording,GENERATION_BOUNDARY,V_necessity_loss,0.1681893691420555,30,4,
discovery,exp12_search_edit_03,search_edit,paraphrase,1,paraphrase,0,opposite_same_wording,GENERATION_BOUNDARY,V_sufficiency,0.14391353726387024,30,4,
discovery,exp12_search_edit_03,search_edit,paraphrase,1,paraphrase,0,opposite_same_wording,GENERATION_BOUNDARY,V_necessity_loss,0.11570388078689575,30,4,
discovery,exp12_search_edit_05,search_edit,paraphrase,0,paraphrase,1,opposite_same_wording,GENERATION_BOUNDARY,V_sufficiency,0.12024340033531189,30,4,
discovery,exp12_search_edit_05,search_edit,paraphrase,0,paraphrase,1,opposite_same_wording,GENERATION_BOUNDARY,V_necessity_loss,0.1831296868622303,30,4,
discovery,exp12_search_edit_05,search_edit,paraphrase,1,paraphrase,0,opposite_same_wording,GENERATION_BOUNDARY,V_sufficiency,0.1491708941757679,30,4,
discovery,exp12_search_edit_05,search_edit,paraphrase,1,paraphrase,0,opposite_same_wording,GENERATION_BOUNDARY,V_necessity_loss,0.12181264162063599,30,4,
discovery,exp12_search_edit_09,search_edit,paraphrase,0,paraphrase,1,opposite_same_wording,GENERATION_BOUNDARY,V_sufficiency,0.11906737089157104,30,4,
discovery,exp12_search_edit_09,search_edit,paraphrase,0,paraphrase,1,opposite_same_wording,GENERATION_BOUNDARY,V_necessity_loss,0.17984332889318466,30,4,
discovery,exp12_search_edit_09,search_edit,paraphrase,1,paraphrase,0,opposite_same_wording,GENERATION_BOUNDARY,V_sufficiency,0.15467883832752705,30,4,
discovery,exp12_search_edit_09,search_edit,paraphrase,1,paraphrase,0,opposite_same_wording,GENERATION_BOUNDARY,V_necessity_loss,0.12628793716430664,30,4,
discovery,exp12_search_edit_10,search_edit,paraphrase,0,paraphrase,1,opposite_same_wording,GENERATION_BOUNDARY,V_sufficiency,0.10909360647201538,30,4,
discovery,exp12_search_edit_10,search_edit,paraphrase,0,paraphrase,1,opposite_same_wording,GENERATION_BOUNDARY,V_necessity_loss,0.17004352807998657,30,4,
discovery,exp12_search_edit_10,search_edit,paraphrase,1,paraphrase,0,opposite_same_wording,GENERATION_BOUNDARY,V_sufficiency,0.14787502959370613,30,4,
discovery,exp12_search_edit_10,search_edit,paraphrase,1,paraphrase,0,opposite_same_wording,GENERATION_BOUNDARY,V_necessity_loss,0.11132538318634033,30,4,
discovery,exp12_search_edit_12,search_edit,paraphrase,0,paraphrase,1,opposite_same_wording,GENERATION_BOUNDARY,V_sufficiency,0.11323681473731995,30,4,
discovery,exp12_search_edit_12,search_edit,paraphrase,0,paraphrase,1,opposite_same_wording,GENERATION_BOUNDARY,V_necessity_loss,0.1767447665333748,30,4,
discovery,exp12_search_edit_12,search_edit,paraphrase,1,paraphrase,0,opposite_same_wording,GENERATION_BOUNDARY,V_sufficiency,0.1482880301773548,30,4,
discovery,exp12_search_edit_12,search_edit,paraphrase,1,paraphrase,0,opposite_same_wording,GENERATION_BOUNDARY,V_necessity_loss,0.11983200907707214,30,4,
discovery,exp12_search_edit_13,search_edit,paraphrase,0,paraphrase,1,opposite_same_wording,GENERATION_BOUNDARY,V_sufficiency,0.12766999006271362,30,4,
discovery,exp12_search_edit_13,search_edit,paraphrase,0,paraphrase,1,opposite_same_wording,GENERATION_BOUNDARY,V_necessity_loss,0.1787935569882393,30,4,
discovery,exp12_search_edit_13,search_edit,paraphrase,1,paraphrase,0,opposite_same_wording,GENERATION_BOUNDARY,V_sufficiency,0.15504403412342072,30,4,
discovery,exp12_search_edit_13,search_edit,paraphrase,1,paraphrase,0,opposite_same_wording,GENERATION_BOUNDARY,V_necessity_loss,0.11699327826499939,30,4,
discovery,exp12_search_edit_15,search_edit,paraphrase,0,paraphrase,1,opposite_same_wording,GENERATION_BOUNDARY,V_sufficiency,0.11231723427772522,30,4,
discovery,exp12_search_edit_15,search_edit,paraphrase,0,paraphrase,1,opposite_same_wording,GENERATION_BOUNDARY,V_necessity_loss,0.15626709163188934,30,4,
discovery,exp12_search_edit_15,search_edit,paraphrase,1,paraphrase,0,opposite_same_wording,GENERATION_BOUNDARY,V_sufficiency,0.12223798595368862,30,4,
discovery,exp12_search_edit_15,search_edit,paraphrase,1,paraphrase,0,opposite_same_wording,GENERATION_BOUNDARY,V_necessity_loss,0.11614525318145752,30,4,
discovery,exp12_config_command_03,config_command,canonical,0,canonical,1,opposite_same_wording,SKILL_END,V_sufficiency,-0.00018838047981262207,30,4,
discovery,exp12_config_command_03,config_command,canonical,0,canonical,1,opposite_same_wording,SKILL_END,V_necessity_loss,0.0009067058563232422,30,4,
discovery,exp12_config_command_03,config_command,canonical,1,canonical,0,opposite_same_wording,SKILL_END,V_sufficiency,0.001326344907283783,30,4,
discovery,exp12_config_command_03,config_command,canonical,1,canonical,0,opposite_same_wording,SKILL_END,V_necessity_loss,-0.0010588020086288452,30,4,
discovery,exp12_config_command_05,config_command,canonical,0,canonical,1,opposite_same_wording,SKILL_END,V_sufficiency,-0.005966544151306152,30,4,
discovery,exp12_config_command_05,config_command,canonical,0,canonical,1,opposite_same_wording,SKILL_END,V_necessity_loss,-0.0018714666366577148,30,4,
discovery,exp12_config_command_05,config_command,canonical,1,canonical,0,opposite_same_wording,SKILL_END,V_sufficiency,-0.002125464379787445,30,4,
discovery,exp12_config_command_05,config_command,canonical,1,canonical,0,opposite_same_wording,SKILL_END,V_necessity_loss,-0.001065269112586975,30,4,
discovery,exp12_config_command_06,config_command,canonical,0,canonical,1,opposite_same_wording,SKILL_END,V_sufficiency,-0.001654505729675293,30,4,
discovery,exp12_config_command_06,config_command,canonical,0,canonical,1,opposite_same_wording,SKILL_END,V_necessity_loss,-0.00015118718147277832,30,4,
discovery,exp12_config_command_06,config_command,canonical,1,canonical,0,opposite_same_wording,SKILL_END,V_sufficiency,-0.001590624451637268,30,4,
discovery,exp12_config_command_06,config_command,canonical,1,canonical,0,opposite_same_wording,SKILL_END,V_necessity_loss,-0.010614193975925446,30,4,
discovery,exp12_config_command_08,config_command,canonical,0,canonical,1,opposite_same_wording,SKILL_END,V_sufficiency,0.000832974910736084,30,4,
discovery,exp12_config_command_08,config_command,canonical,0,canonical,1,opposite_same_wording,SKILL_END,V_necessity_loss,0.0011077821254730225,30,4,
discovery,exp12_config_command_08,config_command,canonical,1,canonical,0,opposite_same_wording,SKILL_END,V_sufficiency,-0.00038370490074157715,30,4,
discovery,exp12_config_command_08,config_command,canonical,1,canonical,0,opposite_same_wording,SKILL_END,V_necessity_loss,-0.00035756826400756836,30,4,
discovery,exp12_config_command_09,config_command,canonical,0,canonical,1,opposite_same_wording,SKILL_END,V_sufficiency,0.005464494228363037,30,4,
discovery,exp12_config_command_09,config_command,canonical,0,canonical,1,opposite_same_wording,SKILL_END,V_necessity_loss,-0.0008327364921569824,30,4,
discovery,exp12_config_command_09,config_command,canonical,1,canonical,0,opposite_same_wording,SKILL_END,V_sufficiency,-0.00128936767578125,30,4,
discovery,exp12_config_command_09,config_command,canonical,1,canonical,0,opposite_same_wording,SKILL_END,V_necessity_loss,0.000992700457572937,30,4,
discovery,exp12_config_command_10,config_command,canonical,0,canonical,1,opposite_same_wording,SKILL_END,V_sufficiency,-0.0019554495811462402,30,4,
discovery,exp12_config_command_10,config_command,canonical,0,canonical,1,opposite_same_wording,SKILL_END,V_necessity_loss,0.0007112324237823486,30,4,
discovery,exp12_config_command_10,config_command,canonical,1,canonical,0,opposite_same_wording,SKILL_END,V_sufficiency,-0.0006849393248558044,30,4,
discovery,exp12_config_command_10,config_command,canonical,1,canonical,0,opposite_same_wording,SKILL_END,V_necessity_loss,-0.0013047754764556885,30,4,
discovery,exp12_config_command_11,config_command,canonical,0,canonical,1,opposite_same_wording,SKILL_END,V_sufficiency,0.00014221668243408203,30,4,
discovery,exp12_config_command_11,config_command,canonical,0,canonical,1,opposite_same_wording,SKILL_END,V_necessity_loss,0.00041961669921875,30,4,
discovery,exp12_config_command_11,config_command,canonical,1,canonical,0,opposite_same_wording,SKILL_END,V_sufficiency,0.0016281157732009888,30,4,
discovery,exp12_config_command_11,config_command,canonical,1,canonical,0,opposite_same_wording,SKILL_END,V_necessity_loss,-0.0011051073670387268,30,4,
discovery,exp12_config_command_12,config_command,canonical,0,canonical,1,opposite_same_wording,SKILL_END,V_sufficiency,0.0051908791065216064,30,4,
discovery,exp12_config_command_12,config_command,canonical,0,canonical,1,opposite_same_wording,SKILL_END,V_necessity_loss,-0.0005595982074737549,30,4,
discovery,exp12_config_command_12,config_command,canonical,1,canonical,0,opposite_same_wording,SKILL_END,V_sufficiency,-0.004589498043060303,30,4,
discovery,exp12_config_command_12,config_command,canonical,1,canonical,0,opposite_same_wording,SKILL_END,V_necessity_loss,-0.004572615027427673,30,4,
discovery,exp12_config_command_03,config_command,canonical,0,canonical,1,opposite_same_wording,SYSTEM_END,V_sufficiency,0.001314014196395874,30,4,
discovery,exp12_config_command_03,config_command,canonical,0,canonical,1,opposite_same_wording,SYSTEM_END,V_necessity_loss,0.01965084671974182,30,4,
discovery,exp12_config_command_03,config_command,canonical,1,canonical,0,opposite_same_wording,SYSTEM_END,V_sufficiency,0.0035773590207099915,30,4,
discovery,exp12_config_command_03,config_command,canonical,1,canonical,0,opposite_same_wording,SYSTEM_END,V_necessity_loss,0.0003045424818992615,30,4,
discovery,exp12_config_command_05,config_command,canonical,0,canonical,1,opposite_same_wording,SYSTEM_END,V_sufficiency,0.0022572875022888184,30,4,
discovery,exp12_config_command_05,config_command,canonical,0,canonical,1,opposite_same_wording,SYSTEM_END,V_necessity_loss,0.02422153949737549,30,4,
discovery,exp12_config_command_05,config_command,canonical,1,canonical,0,opposite_same_wording,SYSTEM_END,V_sufficiency,0.012494057416915894,30,4,
discovery,exp12_config_command_05,config_command,canonical,1,canonical,0,opposite_same_wording,SYSTEM_END,V_necessity_loss,0.0015963837504386902,30,4,
discovery,exp12_config_command_06,config_command,canonical,0,canonical,1,opposite_same_wording,SYSTEM_END,V_sufficiency,0.0016494989395141602,30,4,
discovery,exp12_config_command_06,config_command,canonical,0,canonical,1,opposite_same_wording,SYSTEM_END,V_necessity_loss,0.024389714002609253,30,4,
discovery,exp12_config_command_06,config_command,canonical,1,canonical,0,opposite_same_wording,SYSTEM_END,V_sufficiency,0.0023104697465896606,30,4,
discovery,exp12_config_command_06,config_command,canonical,1,canonical,0,opposite_same_wording,SYSTEM_END,V_necessity_loss,0.0007091090083122253,30,4,
discovery,exp12_config_command_08,config_command,canonical,0,canonical,1,opposite_same_wording,SYSTEM_END,V_sufficiency,0.008451879024505615,30,4,
discovery,exp12_config_command_08,config_command,canonical,0,canonical,1,opposite_same_wording,SYSTEM_END,V_necessity_loss,0.033077389001846313,30,4,
discovery,exp12_config_command_08,config_command,canonical,1,canonical,0,opposite_same_wording,SYSTEM_END,V_sufficiency,0.010166361927986145,30,4,
discovery,exp12_config_command_08,config_command,canonical,1,canonical,0,opposite_same_wording,SYSTEM_END,V_necessity_loss,0.0010632649064064026,30,4,
discovery,exp12_config_command_09,config_command,canonical,0,canonical,1,opposite_same_wording,SYSTEM_END,V_sufficiency,0.010007023811340332,30,4,
discovery,exp12_config_command_09,config_command,canonical,0,canonical,1,opposite_same_wording,SYSTEM_END,V_necessity_loss,0.023387938737869263,30,4,
discovery,exp12_config_command_09,config_command,canonical,1,canonical,0,opposite_same_wording,SYSTEM_END,V_sufficiency,0.0008549988269805908,30,4,
discovery,exp12_config_command_09,config_command,canonical,1,canonical,0,opposite_same_wording,SYSTEM_END,V_necessity_loss,0.0032704100012779236,30,4,
discovery,exp12_config_command_10,config_command,canonical,0,canonical,1,opposite_same_wording,SYSTEM_END,V_sufficiency,0.005272597074508667,30,4,
discovery,exp12_config_command_10,config_command,canonical,0,canonical,1,opposite_same_wording,SYSTEM_END,V_necessity_loss,0.03188222646713257,30,4,
discovery,exp12_config_command_10,config_command,canonical,1,canonical,0,opposite_same_wording,SYSTEM_END,V_sufficiency,0.0013152435421943665,30,4,
discovery,exp12_config_command_10,config_command,canonical,1,canonical,0,opposite_same_wording,SYSTEM_END,V_necessity_loss,0.008518747985363007,30,4,
discovery,exp12_config_command_11,config_command,canonical,0,canonical,1,opposite_same_wording,SYSTEM_END,V_sufficiency,0.0033474862575531006,30,4,
discovery,exp12_config_command_11,config_command,canonical,0,canonical,1,opposite_same_wording,SYSTEM_END,V_necessity_loss,0.01873636245727539,30,4,
discovery,exp12_config_command_11,config_command,canonical,1,canonical,0,opposite_same_wording,SYSTEM_END,V_sufficiency,0.0016276687383651733,30,4,
discovery,exp12_config_command_11,config_command,canonical,1,canonical,0,opposite_same_wording,SYSTEM_END,V_necessity_loss,-0.0006543919444084167,30,4,
discovery,exp12_config_command_12,config_command,canonical,0,canonical,1,opposite_same_wording,SYSTEM_END,V_sufficiency,0.008817672729492188,30,4,
discovery,exp12_config_command_12,config_command,canonical,0,canonical,1,opposite_same_wording,SYSTEM_END,V_necessity_loss,0.023325979709625244,30,4,
discovery,exp12_config_command_12,config_command,canonical,1,canonical,0,opposite_same_wording,SYSTEM_END,V_sufficiency,0.004583925008773804,30,4,
discovery,exp12_config_command_12,config_command,canonical,1,canonical,0,opposite_same_wording,SYSTEM_END,V_necessity_loss,0.0011830031871795654,30,4,
discovery,exp12_config_command_03,config_command,canonical,0,canonical,1,opposite_same_wording,ISSUE_END,V_sufficiency,-0.0017464756965637207,30,4,
discovery,exp12_config_command_03,config_command,canonical,0,canonical,1,opposite_same_wording,ISSUE_END,V_necessity_loss,-0.00039193034172058105,30,4,
discovery,exp12_config_command_03,config_command,canonical,1,canonical,0,opposite_same_wording,ISSUE_END,V_sufficiency,0.0003339126706123352,30,4,
discovery,exp12_config_command_03,config_command,canonical,1,canonical,0,opposite_same_wording,ISSUE_END,V_necessity_loss,-0.0003246590495109558,30,4,
discovery,exp12_config_command_05,config_command,canonical,0,canonical,1,opposite_same_wording,ISSUE_END,V_sufficiency,-0.0007500648498535156,30,4,
discovery,exp12_config_command_05,config_command,canonical,0,canonical,1,opposite_same_wording,ISSUE_END,V_necessity_loss,-0.002253592014312744,30,4,
discovery,exp12_config_command_05,config_command,canonical,1,canonical,0,opposite_same_wording,ISSUE_END,V_sufficiency,2.346932888031006e-06,30,4,
discovery,exp12_config_command_05,config_command,canonical,1,canonical,0,opposite_same_wording,ISSUE_END,V_necessity_loss,0.0017725154757499695,30,4,
discovery,exp12_config_command_06,config_command,canonical,0,canonical,1,opposite_same_wording,ISSUE_END,V_sufficiency,-0.0013494789600372314,30,4,
discovery,exp12_config_command_06,config_command,canonical,0,canonical,1,opposite_same_wording,ISSUE_END,V_necessity_loss,-0.00030356645584106445,30,4,
discovery,exp12_config_command_06,config_command,canonical,1,canonical,0,opposite_same_wording,ISSUE_END,V_sufficiency,-0.002484053373336792,30,4,
discovery,exp12_config_command_06,config_command,canonical,1,canonical,0,opposite_same_wording,ISSUE_END,V_necessity_loss,-0.001421801745891571,30,4,
discovery,exp12_config_command_08,config_command,canonical,0,canonical,1,opposite_same_wording,ISSUE_END,V_sufficiency,0.0032919347286224365,30,4,
discovery,exp12_config_command_08,config_command,canonical,0,canonical,1,opposite_same_wording,ISSUE_END,V_necessity_loss,0.0002719461917877197,30,4,
discovery,exp12_config_command_08,config_command,canonical,1,canonical,0,opposite_same_wording,ISSUE_END,V_sufficiency,-0.0014335066080093384,30,4,
discovery,exp12_config_command_08,config_command,canonical,1,canonical,0,opposite_same_wording,ISSUE_END,V_necessity_loss,-0.000711195170879364,30,4,
discovery,exp12_config_command_09,config_command,canonical,0,canonical,1,opposite_same_wording,ISSUE_END,V_sufficiency,0.0034505128860473633,30,4,
discovery,exp12_config_command_09,config_command,canonical,0,canonical,1,opposite_same_wording,ISSUE_END,V_necessity_loss,-0.0012656450271606445,30,4,
discovery,exp12_config_command_09,config_command,canonical,1,canonical,0,opposite_same_wording,ISSUE_END,V_sufficiency,0.0003232508897781372,30,4,
discovery,exp12_config_command_09,config_command,canonical,1,canonical,0,opposite_same_wording,ISSUE_END,V_necessity_loss,0.001303642988204956,30,4,
discovery,exp12_config_command_10,config_command,canonical,0,canonical,1,opposite_same_wording,ISSUE_END,V_sufficiency,-0.0016824305057525635,30,4,
discovery,exp12_config_command_10,config_command,canonical,0,canonical,1,opposite_same_wording,ISSUE_END,V_necessity_loss,-8.07642936706543e-06,30,4,
discovery,exp12_config_command_10,config_command,canonical,1,canonical,0,opposite_same_wording,ISSUE_END,V_sufficiency,-0.00020437687635421753,30,4,
discovery,exp12_config_command_10,config_command,canonical,1,canonical,0,opposite_same_wording,ISSUE_END,V_necessity_loss,0.008000299334526062,30,4,
discovery,exp12_config_command_11,config_command,canonical,0,canonical,1,opposite_same_wording,ISSUE_END,V_sufficiency,-0.0009968876838684082,30,4,
discovery,exp12_config_command_11,config_command,canonical,0,canonical,1,opposite_same_wording,ISSUE_END,V_necessity_loss,-0.0010954737663269043,30,4,
discovery,exp12_config_command_11,config_command,canonical,1,canonical,0,opposite_same_wording,ISSUE_END,V_sufficiency,0.0003233402967453003,30,4,
discovery,exp12_config_command_11,config_command,canonical,1,canonical,0,opposite_same_wording,ISSUE_END,V_necessity_loss,-0.0003296583890914917,30,4,
discovery,exp12_config_command_12,config_command,canonical,0,canonical,1,opposite_same_wording,ISSUE_END,V_sufficiency,0.0032156705856323242,30,4,
discovery,exp12_config_command_12,config_command,canonical,0,canonical,1,opposite_same_wording,ISSUE_END,V_necessity_loss,-0.0005378425121307373,30,4,
discovery,exp12_config_command_12,config_command,canonical,1,canonical,0,opposite_same_wording,ISSUE_END,V_sufficiency,8.046627044677734e-07,30,4,
discovery,exp12_config_command_12,config_command,canonical,1,canonical,0,opposite_same_wording,ISSUE_END,V_necessity_loss,-0.0012996792793273926,30,4,
discovery,exp12_config_command_03,config_command,canonical,0,canonical,1,opposite_same_wording,DETAIL_END,V_sufficiency,0.0007275044918060303,30,4,
discovery,exp12_config_command_03,config_command,canonical,0,canonical,1,opposite_same_wording,DETAIL_END,V_necessity_loss,-0.0005125999450683594,30,4,
discovery,exp12_config_command_03,config_command,canonical,1,canonical,0,opposite_same_wording,DETAIL_END,V_sufficiency,0.00032927095890045166,30,4,
discovery,exp12_config_command_03,config_command,canonical,1,canonical,0,opposite_same_wording,DETAIL_END,V_necessity_loss,0.0009621605277061462,30,4,
discovery,exp12_config_command_05,config_command,canonical,0,canonical,1,opposite_same_wording,DETAIL_END,V_sufficiency,-7.009506225585938e-05,30,4,
discovery,exp12_config_command_05,config_command,canonical,0,canonical,1,opposite_same_wording,DETAIL_END,V_necessity_loss,0.0006782710552215576,30,4,
discovery,exp12_config_command_05,config_command,canonical,1,canonical,0,opposite_same_wording,DETAIL_END,V_sufficiency,0.0008898600935935974,30,4,
discovery,exp12_config_command_05,config_command,canonical,1,canonical,0,opposite_same_wording,DETAIL_END,V_necessity_loss,-0.0005342736840248108,30,4,
discovery,exp12_config_command_06,config_command,canonical,0,canonical,1,opposite_same_wording,DETAIL_END,V_sufficiency,-0.00015029311180114746,30,4,
discovery,exp12_config_command_06,config_command,canonical,0,canonical,1,opposite_same_wording,DETAIL_END,V_necessity_loss,0.0005927085876464844,30,4,
discovery,exp12_config_command_06,config_command,canonical,1,canonical,0,opposite_same_wording,DETAIL_END,V_sufficiency,-0.0024778619408607483,30,4,
discovery,exp12_config_command_06,config_command,canonical,1,canonical,0,opposite_same_wording,DETAIL_END,V_necessity_loss,0.0005370005965232849,30,4,
discovery,exp12_config_command_08,config_command,canonical,0,canonical,1,opposite_same_wording,DETAIL_END,V_sufficiency,-0.0006961226463317871,30,4,
discovery,exp12_config_command_08,config_command,canonical,0,canonical,1,opposite_same_wording,DETAIL_END,V_necessity_loss,-0.0007013380527496338,30,4,
discovery,exp12_config_command_08,config_command,canonical,1,canonical,0,opposite_same_wording,DETAIL_END,V_sufficiency,-0.002146691083908081,30,4,
discovery,exp12_config_command_08,config_command,canonical,1,canonical,0,opposite_same_wording,DETAIL_END,V_necessity_loss,0.0006944164633750916,30,4,
discovery,exp12_config_command_09,config_command,canonical,0,canonical,1,opposite_same_wording,DETAIL_END,V_sufficiency,0.005330711603164673,30,4,
discovery,exp12_config_command_09,config_command,canonical,0,canonical,1,opposite_same_wording,DETAIL_END,V_necessity_loss,-0.0016096830368041992,30,4,
discovery,exp12_config_command_09,config_command,canonical,1,canonical,0,opposite_same_wording,DETAIL_END,V_sufficiency,-1.6763806343078613e-06,30,4,
discovery,exp12_config_command_09,config_command,canonical,1,canonical,0,opposite_same_wording,DETAIL_END,V_necessity_loss,-0.0019413009285926819,30,4,
discovery,exp12_config_command_10,config_command,canonical,0,canonical,1,opposite_same_wording,DETAIL_END,V_sufficiency,-0.0006969571113586426,30,4,
discovery,exp12_config_command_10,config_command,canonical,0,canonical,1,opposite_same_wording,DETAIL_END,V_necessity_loss,0.00041937828063964844,30,4,
discovery,exp12_config_command_10,config_command,canonical,1,canonical,0,opposite_same_wording,DETAIL_END,V_sufficiency,-0.0017913058400154114,30,4,
discovery,exp12_config_command_10,config_command,canonical,1,canonical,0,opposite_same_wording,DETAIL_END,V_necessity_loss,0.0004617646336555481,30,4,
discovery,exp12_config_command_11,config_command,canonical,0,canonical,1,opposite_same_wording,DETAIL_END,V_sufficiency,0.0002803504467010498,30,4,
discovery,exp12_config_command_11,config_command,canonical,0,canonical,1,opposite_same_wording,DETAIL_END,V_necessity_loss,-0.00013977289199829102,30,4,
discovery,exp12_config_command_11,config_command,canonical,1,canonical,0,opposite_same_wording,DETAIL_END,V_sufficiency,0.0019507408142089844,30,4,
discovery,exp12_config_command_11,config_command,canonical,1,canonical,0,opposite_same_wording,DETAIL_END,V_necessity_loss,0.0008165761828422546,30,4,
discovery,exp12_config_command_12,config_command,canonical,0,canonical,1,opposite_same_wording,DETAIL_END,V_sufficiency,2.86102294921875e-06,30,4,
discovery,exp12_config_command_12,config_command,canonical,0,canonical,1,opposite_same_wording,DETAIL_END,V_necessity_loss,0.006029009819030762,30,4,
discovery,exp12_config_command_12,config_command,canonical,1,canonical,0,opposite_same_wording,DETAIL_END,V_sufficiency,-0.0001118779182434082,30,4,
discovery,exp12_config_command_12,config_command,canonical,1,canonical,0,opposite_same_wording,DETAIL_END,V_necessity_loss,0.0003290325403213501,30,4,
discovery,exp12_config_command_03,config_command,canonical,0,canonical,1,opposite_same_wording,ACTION0_END,V_sufficiency,7.259845733642578e-05,30,4,
discovery,exp12_config_command_03,config_command,canonical,0,canonical,1,opposite_same_wording,ACTION0_END,V_necessity_loss,0.0016394853591918945,30,4,
discovery,exp12_config_command_03,config_command,canonical,1,canonical,0,opposite_same_wording,ACTION0_END,V_sufficiency,-0.0011231377720832825,30,4,
discovery,exp12_config_command_03,config_command,canonical,1,canonical,0,opposite_same_wording,ACTION0_END,V_necessity_loss,-0.00032119452953338623,30,4,
discovery,exp12_config_command_05,config_command,canonical,0,canonical,1,opposite_same_wording,ACTION0_END,V_sufficiency,-0.0002256333827972412,30,4,
discovery,exp12_config_command_05,config_command,canonical,0,canonical,1,opposite_same_wording,ACTION0_END,V_necessity_loss,-0.0017221271991729736,30,4,
discovery,exp12_config_command_05,config_command,canonical,1,canonical,0,opposite_same_wording,ACTION0_END,V_sufficiency,-0.00017501413822174072,30,4,
discovery,exp12_config_command_05,config_command,canonical,1,canonical,0,opposite_same_wording,ACTION0_END,V_necessity_loss,0.0012384429574012756,30,4,
discovery,exp12_config_command_06,config_command,canonical,0,canonical,1,opposite_same_wording,ACTION0_END,V_sufficiency,5.424022674560547e-06,30,4,
discovery,exp12_config_command_06,config_command,canonical,0,canonical,1,opposite_same_wording,ACTION0_END,V_necessity_loss,0.00015044212341308594,30,4,
discovery,exp12_config_command_06,config_command,canonical,1,canonical,0,opposite_same_wording,ACTION0_END,V_sufficiency,-0.000879727303981781,30,4,
discovery,exp12_config_command_06,config_command,canonical,1,canonical,0,opposite_same_wording,ACTION0_END,V_necessity_loss,0.0008881315588951111,30,4,
discovery,exp12_config_command_08,config_command,canonical,0,canonical,1,opposite_same_wording,ACTION0_END,V_sufficiency,-0.0011155903339385986,30,4,
discovery,exp12_config_command_08,config_command,canonical,0,canonical,1,opposite_same_wording,ACTION0_END,V_necessity_loss,0.0011137723922729492,30,4,
discovery,exp12_config_command_08,config_command,canonical,1,canonical,0,opposite_same_wording,ACTION0_END,V_sufficiency,-0.0014225244522094727,30,4,
discovery,exp12_config_command_08,config_command,canonical,1,canonical,0,opposite_same_wording,ACTION0_END,V_necessity_loss,-0.0007219314575195312,30,4,
discovery,exp12_config_command_09,config_command,canonical,0,canonical,1,opposite_same_wording,ACTION0_END,V_sufficiency,-0.0008681714534759521,30,4,
discovery,exp12_config_command_09,config_command,canonical,0,canonical,1,opposite_same_wording,ACTION0_END,V_necessity_loss,-0.0005044043064117432,30,4,
discovery,exp12_config_command_09,config_command,canonical,1,canonical,0,opposite_same_wording,ACTION0_END,V_sufficiency,-0.0003253147006034851,30,4,
discovery,exp12_config_command_09,config_command,canonical,1,canonical,0,opposite_same_wording,ACTION0_END,V_necessity_loss,7.525086402893066e-07,30,4,
discovery,exp12_config_command_10,config_command,canonical,0,canonical,1,opposite_same_wording,ACTION0_END,V_sufficiency,-0.0001475214958190918,30,4,
discovery,exp12_config_command_10,config_command,canonical,0,canonical,1,opposite_same_wording,ACTION0_END,V_necessity_loss,-0.0002860724925994873,30,4,
discovery,exp12_config_command_10,config_command,canonical,1,canonical,0,opposite_same_wording,ACTION0_END,V_sufficiency,-0.0003296956419944763,30,4,
discovery,exp12_config_command_10,config_command,canonical,1,canonical,0,opposite_same_wording,ACTION0_END,V_necessity_loss,0.0015875324606895447,30,4,
discovery,exp12_config_command_11,config_command,canonical,0,canonical,1,opposite_same_wording,ACTION0_END,V_sufficiency,-0.0003021359443664551,30,4,
discovery,exp12_config_command_11,config_command,canonical,0,canonical,1,opposite_same_wording,ACTION0_END,V_necessity_loss,-1.6689300537109375e-06,30,4,
discovery,exp12_config_command_11,config_command,canonical,1,canonical,0,opposite_same_wording,ACTION0_END,V_sufficiency,0.0016259700059890747,30,4,
discovery,exp12_config_command_11,config_command,canonical,1,canonical,0,opposite_same_wording,ACTION0_END,V_necessity_loss,-0.00032535940408706665,30,4,
discovery,exp12_config_command_12,config_command,canonical,0,canonical,1,opposite_same_wording,ACTION0_END,V_sufficiency,0.0002808570861816406,30,4,
discovery,exp12_config_command_12,config_command,canonical,0,canonical,1,opposite_same_wording,ACTION0_END,V_necessity_loss,-0.00027883052825927734,30,4,
discovery,exp12_config_command_12,config_command,canonical,1,canonical,0,opposite_same_wording,ACTION0_END,V_sufficiency,-0.003283783793449402,30,4,
discovery,exp12_config_command_12,config_command,canonical,1,canonical,0,opposite_same_wording,ACTION0_END,V_necessity_loss,0.003177136182785034,30,4,
discovery,exp12_config_command_03,config_command,canonical,0,canonical,1,opposite_same_wording,ACTION1_END,V_sufficiency,0.00020059943199157715,30,4,
discovery,exp12_config_command_03,config_command,canonical,0,canonical,1,opposite_same_wording,ACTION1_END,V_necessity_loss,1.2993812561035156e-05,30,4,
discovery,exp12_config_command_03,config_command,canonical,1,canonical,0,opposite_same_wording,ACTION1_END,V_sufficiency,1.874566078186035e-05,30,4,
discovery,exp12_config_command_03,config_command,canonical,1,canonical,0,opposite_same_wording,ACTION1_END,V_necessity_loss,-0.0016433373093605042,30,4,
discovery,exp12_config_command_05,config_command,canonical,0,canonical,1,opposite_same_wording,ACTION1_END,V_sufficiency,0.0006068050861358643,30,4,
discovery,exp12_config_command_05,config_command,canonical,0,canonical,1,opposite_same_wording,ACTION1_END,V_necessity_loss,7.516145706176758e-05,30,4,
discovery,exp12_config_command_05,config_command,canonical,1,canonical,0,opposite_same_wording,ACTION1_END,V_sufficiency,-0.0005305111408233643,30,4,
discovery,exp12_config_command_05,config_command,canonical,1,canonical,0,opposite_same_wording,ACTION1_END,V_necessity_loss,0.00017814338207244873,30,4,
discovery,exp12_config_command_06,config_command,canonical,0,canonical,1,opposite_same_wording,ACTION1_END,V_sufficiency,-0.0003013908863067627,30,4,
discovery,exp12_config_command_06,config_command,canonical,0,canonical,1,opposite_same_wording,ACTION1_END,V_necessity_loss,0.0001532137393951416,30,4,
discovery,exp12_config_command_06,config_command,canonical,1,canonical,0,opposite_same_wording,ACTION1_END,V_sufficiency,-0.0008161216974258423,30,4,
discovery,exp12_config_command_06,config_command,canonical,1,canonical,0,opposite_same_wording,ACTION1_END,V_necessity_loss,-0.00017105787992477417,30,4,
discovery,exp12_config_command_08,config_command,canonical,0,canonical,1,opposite_same_wording,ACTION1_END,V_sufficiency,-0.0008356571197509766,30,4,
discovery,exp12_config_command_08,config_command,canonical,0,canonical,1,opposite_same_wording,ACTION1_END,V_necessity_loss,-1.049041748046875e-05,30,4,
discovery,exp12_config_command_08,config_command,canonical,1,canonical,0,opposite_same_wording,ACTION1_END,V_sufficiency,-0.00037222355604171753,30,4,
discovery,exp12_config_command_08,config_command,canonical,1,canonical,0,opposite_same_wording,ACTION1_END,V_necessity_loss,0.0007054582238197327,30,4,
discovery,exp12_config_command_09,config_command,canonical,0,canonical,1,opposite_same_wording,ACTION1_END,V_sufficiency,0.0048317015171051025,30,4,
discovery,exp12_config_command_09,config_command,canonical,0,canonical,1,opposite_same_wording,ACTION1_END,V_necessity_loss,-0.00035372376441955566,30,4,
discovery,exp12_config_command_09,config_command,canonical,1,canonical,0,opposite_same_wording,ACTION1_END,V_sufficiency,-0.0013014525175094604,30,4,
discovery,exp12_config_command_09,config_command,canonical,1,canonical,0,opposite_same_wording,ACTION1_END,V_necessity_loss,1.5124678611755371e-06,30,4,
discovery,exp12_config_command_10,config_command,canonical,0,canonical,1,opposite_same_wording,ACTION1_END,V_sufficiency,-0.0006990730762481689,30,4,
discovery,exp12_config_command_10,config_command,canonical,0,canonical,1,opposite_same_wording,ACTION1_END,V_necessity_loss,0.0004247725009918213,30,4,
discovery,exp12_config_command_10,config_command,canonical,1,canonical,0,opposite_same_wording,ACTION1_END,V_sufficiency,-0.0008124187588691711,30,4,
discovery,exp12_config_command_10,config_command,canonical,1,canonical,0,opposite_same_wording,ACTION1_END,V_necessity_loss,-0.0003219395875930786,30,4,
discovery,exp12_config_command_11,config_command,canonical,0,canonical,1,opposite_same_wording,ACTION1_END,V_sufficiency,-0.000555187463760376,30,4,
discovery,exp12_config_command_11,config_command,canonical,0,canonical,1,opposite_same_wording,ACTION1_END,V_necessity_loss,-0.00016126036643981934,30,4,
discovery,exp12_config_command_11,config_command,canonical,1,canonical,0,opposite_same_wording,ACTION1_END,V_sufficiency,0.0003228187561035156,30,4,
discovery,exp12_config_command_11,config_command,canonical,1,canonical,0,opposite_same_wording,ACTION1_END,V_necessity_loss,0.0009696260094642639,30,4,
discovery,exp12_config_command_12,config_command,canonical,0,canonical,1,opposite_same_wording,ACTION1_END,V_sufficiency,0.00027829408645629883,30,4,
discovery,exp12_config_command_12,config_command,canonical,0,canonical,1,opposite_same_wording,ACTION1_END,V_necessity_loss,-5.066394805908203e-07,30,4,
discovery,exp12_config_command_12,config_command,canonical,1,canonical,0,opposite_same_wording,ACTION1_END,V_sufficiency,-0.0006514638662338257,30,4,
discovery,exp12_config_command_12,config_command,canonical,1,canonical,0,opposite_same_wording,ACTION1_END,V_necessity_loss,-0.003927305340766907,30,4,
discovery,exp12_config_command_03,config_command,canonical,0,canonical,1,opposite_same_wording,FINAL_INSTRUCTION_END,V_sufficiency,0.00300559401512146,30,4,
discovery,exp12_config_command_03,config_command,canonical,0,canonical,1,opposite_same_wording,FINAL_INSTRUCTION_END,V_necessity_loss,0.00637662410736084,30,4,
discovery,exp12_config_command_03,config_command,canonical,1,canonical,0,opposite_same_wording,FINAL_INSTRUCTION_END,V_sufficiency,0.00019092857837677002,30,4,
discovery,exp12_config_command_03,config_command,canonical,1,canonical,0,opposite_same_wording,FINAL_INSTRUCTION_END,V_necessity_loss,-2.7574598789215088e-05,30,4,
discovery,exp12_config_command_05,config_command,canonical,0,canonical,1,opposite_same_wording,FINAL_INSTRUCTION_END,V_sufficiency,0.0041311681270599365,30,4,
discovery,exp12_config_command_05,config_command,canonical,0,canonical,1,opposite_same_wording,FINAL_INSTRUCTION_END,V_necessity_loss,0.008185029029846191,30,4,
discovery,exp12_config_command_05,config_command,canonical,1,canonical,0,opposite_same_wording,FINAL_INSTRUCTION_END,V_sufficiency,0.0004365295171737671,30,4,
discovery,exp12_config_command_05,config_command,canonical,1,canonical,0,opposite_same_wording,FINAL_INSTRUCTION_END,V_necessity_loss,0.0006233230233192444,30,4,
discovery,exp12_config_command_06,config_command,canonical,0,canonical,1,opposite_same_wording,FINAL_INSTRUCTION_END,V_sufficiency,0.0034559965133666992,30,4,
discovery,exp12_config_command_06,config_command,canonical,0,canonical,1,opposite_same_wording,FINAL_INSTRUCTION_END,V_necessity_loss,0.017238706350326538,30,4,
discovery,exp12_config_command_06,config_command,canonical,1,canonical,0,opposite_same_wording,FINAL_INSTRUCTION_END,V_sufficiency,0.008623115718364716,30,4,
discovery,exp12_config_command_06,config_command,canonical,1,canonical,0,opposite_same_wording,FINAL_INSTRUCTION_END,V_necessity_loss,0.000543445348739624,30,4,
discovery,exp12_config_command_08,config_command,canonical,0,canonical,1,opposite_same_wording,FINAL_INSTRUCTION_END,V_sufficiency,0.001387864351272583,30,4,
discovery,exp12_config_command_08,config_command,canonical,0,canonical,1,opposite_same_wording,FINAL_INSTRUCTION_END,V_necessity_loss,0.005868464708328247,30,4,
discovery,exp12_config_command_08,config_command,canonical,1,canonical,0,opposite_same_wording,FINAL_INSTRUCTION_END,V_sufficiency,-0.0003861561417579651,30,4,
discovery,exp12_config_command_08,config_command,canonical,1,canonical,0,opposite_same_wording,FINAL_INSTRUCTION_END,V_necessity_loss,-0.000712662935256958,30,4,
discovery,exp12_config_command_09,config_command,canonical,0,canonical,1,opposite_same_wording,FINAL_INSTRUCTION_END,V_sufficiency,0.009508877992630005,30,4,
discovery,exp12_config_command_09,config_command,canonical,0,canonical,1,opposite_same_wording,FINAL_INSTRUCTION_END,V_necessity_loss,0.009478360414505005,30,4,
discovery,exp12_config_command_09,config_command,canonical,1,canonical,0,opposite_same_wording,FINAL_INSTRUCTION_END,V_sufficiency,1.1377036571502686e-05,30,4,
discovery,exp12_config_command_09,config_command,canonical,1,canonical,0,opposite_same_wording,FINAL_INSTRUCTION_END,V_necessity_loss,0.0005035102367401123,30,4,
discovery,exp12_config_command_10,config_command,canonical,0,canonical,1,opposite_same_wording,FINAL_INSTRUCTION_END,V_sufficiency,0.0032061338424682617,30,4,
discovery,exp12_config_command_10,config_command,canonical,0,canonical,1,opposite_same_wording,FINAL_INSTRUCTION_END,V_necessity_loss,0.00837630033493042,30,4,
discovery,exp12_config_command_10,config_command,canonical,1,canonical,0,opposite_same_wording,FINAL_INSTRUCTION_END,V_sufficiency,-2.9928982257843018e-05,30,4,
discovery,exp12_config_command_10,config_command,canonical,1,canonical,0,opposite_same_wording,FINAL_INSTRUCTION_END,V_necessity_loss,-2.5197863578796387e-05,30,4,
discovery,exp12_config_command_11,config_command,canonical,0,canonical,1,opposite_same_wording,FINAL_INSTRUCTION_END,V_sufficiency,0.0027902722358703613,30,4,
discovery,exp12_config_command_11,config_command,canonical,0,canonical,1,opposite_same_wording,FINAL_INSTRUCTION_END,V_necessity_loss,0.006415247917175293,30,4,
discovery,exp12_config_command_11,config_command,canonical,1,canonical,0,opposite_same_wording,FINAL_INSTRUCTION_END,V_sufficiency,0.0012992173433303833,30,4,
discovery,exp12_config_command_11,config_command,canonical,1,canonical,0,opposite_same_wording,FINAL_INSTRUCTION_END,V_necessity_loss,-0.0014672651886940002,30,4,
discovery,exp12_config_command_12,config_command,canonical,0,canonical,1,opposite_same_wording,FINAL_INSTRUCTION_END,V_sufficiency,0.007702231407165527,30,4,
discovery,exp12_config_command_12,config_command,canonical,0,canonical,1,opposite_same_wording,FINAL_INSTRUCTION_END,V_necessity_loss,0.0052825212478637695,30,4,
discovery,exp12_config_command_12,config_command,canonical,1,canonical,0,opposite_same_wording,FINAL_INSTRUCTION_END,V_sufficiency,-0.000980183482170105,30,4,
discovery,exp12_config_command_12,config_command,canonical,1,canonical,0,opposite_same_wording,FINAL_INSTRUCTION_END,V_necessity_loss,0.006540343165397644,30,4,
discovery,exp12_config_command_03,config_command,canonical,0,canonical,1,opposite_same_wording,USER_END,V_sufficiency,0.00300559401512146,30,4,
discovery,exp12_config_command_03,config_command,canonical,0,canonical,1,opposite_same_wording,USER_END,V_necessity_loss,0.00637662410736084,30,4,
discovery,exp12_config_command_03,config_command,canonical,1,canonical,0,opposite_same_wording,USER_END,V_sufficiency,0.00019092857837677002,30,4,
discovery,exp12_config_command_03,config_command,canonical,1,canonical,0,opposite_same_wording,USER_END,V_necessity_loss,-2.7574598789215088e-05,30,4,
discovery,exp12_config_command_05,config_command,canonical,0,canonical,1,opposite_same_wording,USER_END,V_sufficiency,0.0041311681270599365,30,4,
discovery,exp12_config_command_05,config_command,canonical,0,canonical,1,opposite_same_wording,USER_END,V_necessity_loss,0.008185029029846191,30,4,
discovery,exp12_config_command_05,config_command,canonical,1,canonical,0,opposite_same_wording,USER_END,V_sufficiency,0.0004365295171737671,30,4,
discovery,exp12_config_command_05,config_command,canonical,1,canonical,0,opposite_same_wording,USER_END,V_necessity_loss,0.0006233230233192444,30,4,
discovery,exp12_config_command_06,config_command,canonical,0,canonical,1,opposite_same_wording,USER_END,V_sufficiency,0.0034559965133666992,30,4,
discovery,exp12_config_command_06,config_command,canonical,0,canonical,1,opposite_same_wording,USER_END,V_necessity_loss,0.017238706350326538,30,4,
discovery,exp12_config_command_06,config_command,canonical,1,canonical,0,opposite_same_wording,USER_END,V_sufficiency,0.008623115718364716,30,4,
discovery,exp12_config_command_06,config_command,canonical,1,canonical,0,opposite_same_wording,USER_END,V_necessity_loss,0.000543445348739624,30,4,
discovery,exp12_config_command_08,config_command,canonical,0,canonical,1,opposite_same_wording,USER_END,V_sufficiency,0.001387864351272583,30,4,
discovery,exp12_config_command_08,config_command,canonical,0,canonical,1,opposite_same_wording,USER_END,V_necessity_loss,0.005868464708328247,30,4,
discovery,exp12_config_command_08,config_command,canonical,1,canonical,0,opposite_same_wording,USER_END,V_sufficiency,-0.0003861561417579651,30,4,
discovery,exp12_config_command_08,config_command,canonical,1,canonical,0,opposite_same_wording,USER_END,V_necessity_loss,-0.000712662935256958,30,4,
discovery,exp12_config_command_09,config_command,canonical,0,canonical,1,opposite_same_wording,USER_END,V_sufficiency,0.009508877992630005,30,4,
discovery,exp12_config_command_09,config_command,canonical,0,canonical,1,opposite_same_wording,USER_END,V_necessity_loss,0.009478360414505005,30,4,
discovery,exp12_config_command_09,config_command,canonical,1,canonical,0,opposite_same_wording,USER_END,V_sufficiency,1.1377036571502686e-05,30,4,
discovery,exp12_config_command_09,config_command,canonical,1,canonical,0,opposite_same_wording,USER_END,V_necessity_loss,0.0005035102367401123,30,4,
discovery,exp12_config_command_10,config_command,canonical,0,canonical,1,opposite_same_wording,USER_END,V_sufficiency,0.0032061338424682617,30,4,
discovery,exp12_config_command_10,config_command,canonical,0,canonical,1,opposite_same_wording,USER_END,V_necessity_loss,0.00837630033493042,30,4,
discovery,exp12_config_command_10,config_command,canonical,1,canonical,0,opposite_same_wording,USER_END,V_sufficiency,-2.9928982257843018e-05,30,4,
discovery,exp12_config_command_10,config_command,canonical,1,canonical,0,opposite_same_wording,USER_END,V_necessity_loss,-2.5197863578796387e-05,30,4,
discovery,exp12_config_command_11,config_command,canonical,0,canonical,1,opposite_same_wording,USER_END,V_sufficiency,0.0027902722358703613,30,4,
discovery,exp12_config_command_11,config_command,canonical,0,canonical,1,opposite_same_wording,USER_END,V_necessity_loss,0.006415247917175293,30,4,
discovery,exp12_config_command_11,config_command,canonical,1,canonical,0,opposite_same_wording,USER_END,V_sufficiency,0.0012992173433303833,30,4,
discovery,exp12_config_command_11,config_command,canonical,1,canonical,0,opposite_same_wording,USER_END,V_necessity_loss,-0.0014672651886940002,30,4,
discovery,exp12_config_command_12,config_command,canonical,0,canonical,1,opposite_same_wording,USER_END,V_sufficiency,0.007702231407165527,30,4,
discovery,exp12_config_command_12,config_command,canonical,0,canonical,1,opposite_same_wording,USER_END,V_necessity_loss,0.0052825212478637695,30,4,
discovery,exp12_config_command_12,config_command,canonical,1,canonical,0,opposite_same_wording,USER_END,V_sufficiency,-0.000980183482170105,30,4,
discovery,exp12_config_command_12,config_command,canonical,1,canonical,0,opposite_same_wording,USER_END,V_necessity_loss,0.006540343165397644,30,4,
discovery,exp12_config_command_03,config_command,canonical,0,canonical,1,opposite_same_wording,GENERATION_BOUNDARY,V_sufficiency,0.08677434921264648,30,4,
discovery,exp12_config_command_03,config_command,canonical,0,canonical,1,opposite_same_wording,GENERATION_BOUNDARY,V_necessity_loss,0.10180971771478653,30,4,
discovery,exp12_config_command_03,config_command,canonical,1,canonical,0,opposite_same_wording,GENERATION_BOUNDARY,V_sufficiency,0.06391651183366776,30,4,
discovery,exp12_config_command_03,config_command,canonical,1,canonical,0,opposite_same_wording,GENERATION_BOUNDARY,V_necessity_loss,0.09475052356719971,30,4,
discovery,exp12_config_command_05,config_command,canonical,0,canonical,1,opposite_same_wording,GENERATION_BOUNDARY,V_sufficiency,0.12489074468612671,30,4,
discovery,exp12_config_command_05,config_command,canonical,0,canonical,1,opposite_same_wording,GENERATION_BOUNDARY,V_necessity_loss,0.10604295134544373,30,4,
discovery,exp12_config_command_05,config_command,canonical,1,canonical,0,opposite_same_wording,GENERATION_BOUNDARY,V_sufficiency,0.06782771646976471,30,4,
discovery,exp12_config_command_05,config_command,canonical,1,canonical,0,opposite_same_wording,GENERATION_BOUNDARY,V_necessity_loss,0.13443434238433838,30,4,
discovery,exp12_config_command_06,config_command,canonical,0,canonical,1,opposite_same_wording,GENERATION_BOUNDARY,V_sufficiency,0.1153588593006134,30,4,
discovery,exp12_config_command_06,config_command,canonical,0,canonical,1,opposite_same_wording,GENERATION_BOUNDARY,V_necessity_loss,0.1068880558013916,30,4,
discovery,exp12_config_command_06,config_command,canonical,1,canonical,0,opposite_same_wording,GENERATION_BOUNDARY,V_sufficiency,0.06924405694007874,30,4,
discovery,exp12_config_command_06,config_command,canonical,1,canonical,0,opposite_same_wording,GENERATION_BOUNDARY,V_necessity_loss,0.12336277961730957,30,4,
discovery,exp12_config_command_08,config_command,canonical,0,canonical,1,opposite_same_wording,GENERATION_BOUNDARY,V_sufficiency,0.10745328664779663,30,4,
discovery,exp12_config_command_08,config_command,canonical,0,canonical,1,opposite_same_wording,GENERATION_BOUNDARY,V_necessity_loss,0.10483945906162262,30,4,
discovery,exp12_config_command_08,config_command,canonical,1,canonical,0,opposite_same_wording,GENERATION_BOUNDARY,V_sufficiency,0.06800592690706253,30,4,
discovery,exp12_config_command_08,config_command,canonical,1,canonical,0,opposite_same_wording,GENERATION_BOUNDARY,V_necessity_loss,0.11101657152175903,30,4,
discovery,exp12_config_command_09,config_command,canonical,0,canonical,1,opposite_same_wording,GENERATION_BOUNDARY,V_sufficiency,0.09685331583023071,30,4,
discovery,exp12_config_command_09,config_command,canonical,0,canonical,1,opposite_same_wording,GENERATION_BOUNDARY,V_necessity_loss,0.10669966042041779,30,4,
discovery,exp12_config_command_09,config_command,canonical,1,canonical,0,opposite_same_wording,GENERATION_BOUNDARY,V_sufficiency,0.06972722709178925,30,4,
discovery,exp12_config_command_09,config_command,canonical,1,canonical,0,opposite_same_wording,GENERATION_BOUNDARY,V_necessity_loss,0.09616509079933167,30,4,
discovery,exp12_config_command_10,config_command,canonical,0,canonical,1,opposite_same_wording,GENERATION_BOUNDARY,V_sufficiency,0.09277224540710449,30,4,
discovery,exp12_config_command_10,config_command,canonical,0,canonical,1,opposite_same_wording,GENERATION_BOUNDARY,V_necessity_loss,0.10113942623138428,30,4,
discovery,exp12_config_command_10,config_command,canonical,1,canonical,0,opposite_same_wording,GENERATION_BOUNDARY,V_sufficiency,0.0633847713470459,30,4,
discovery,exp12_config_command_10,config_command,canonical,1,canonical,0,opposite_same_wording,GENERATION_BOUNDARY,V_necessity_loss,0.10192263126373291,30,4,
discovery,exp12_config_command_11,config_command,canonical,0,canonical,1,opposite_same_wording,GENERATION_BOUNDARY,V_sufficiency,0.09165459871292114,30,4,
discovery,exp12_config_command_11,config_command,canonical,0,canonical,1,opposite_same_wording,GENERATION_BOUNDARY,V_necessity_loss,0.10841527581214905,30,4,
discovery,exp12_config_command_11,config_command,canonical,1,canonical,0,opposite_same_wording,GENERATION_BOUNDARY,V_sufficiency,0.06573078036308289,30,4,
discovery,exp12_config_command_11,config_command,canonical,1,canonical,0,opposite_same_wording,GENERATION_BOUNDARY,V_necessity_loss,0.10672885179519653,30,4,
discovery,exp12_config_command_12,config_command,canonical,0,canonical,1,opposite_same_wording,GENERATION_BOUNDARY,V_sufficiency,0.11291423439979553,30,4,
discovery,exp12_config_command_12,config_command,canonical,0,canonical,1,opposite_same_wording,GENERATION_BOUNDARY,V_necessity_loss,0.11879764497280121,30,4,
discovery,exp12_config_command_12,config_command,canonical,1,canonical,0,opposite_same_wording,GENERATION_BOUNDARY,V_sufficiency,0.06361477077007294,30,4,
discovery,exp12_config_command_12,config_command,canonical,1,canonical,0,opposite_same_wording,GENERATION_BOUNDARY,V_necessity_loss,0.11494338512420654,30,4,
discovery,exp12_config_command_03,config_command,paraphrase,0,paraphrase,1,opposite_same_wording,SKILL_END,V_sufficiency,0.002640277147293091,30,4,
discovery,exp12_config_command_03,config_command,paraphrase,0,paraphrase,1,opposite_same_wording,SKILL_END,V_necessity_loss,0.0005338490009307861,30,4,
discovery,exp12_config_command_03,config_command,paraphrase,1,paraphrase,0,opposite_same_wording,SKILL_END,V_sufficiency,0.0013204589486122131,30,4,
discovery,exp12_config_command_03,config_command,paraphrase,1,paraphrase,0,opposite_same_wording,SKILL_END,V_necessity_loss,-1.475214958190918e-06,30,4,
discovery,exp12_config_command_05,config_command,paraphrase,0,paraphrase,1,opposite_same_wording,SKILL_END,V_sufficiency,-0.0011909902095794678,30,4,
discovery,exp12_config_command_05,config_command,paraphrase,0,paraphrase,1,opposite_same_wording,SKILL_END,V_necessity_loss,0.001791149377822876,30,4,
discovery,exp12_config_command_05,config_command,paraphrase,1,paraphrase,0,opposite_same_wording,SKILL_END,V_sufficiency,-0.0014053881168365479,30,4,
discovery,exp12_config_command_05,config_command,paraphrase,1,paraphrase,0,opposite_same_wording,SKILL_END,V_necessity_loss,4.354119300842285e-05,30,4,
discovery,exp12_config_command_06,config_command,paraphrase,0,paraphrase,1,opposite_same_wording,SKILL_END,V_sufficiency,0.0005966722965240479,30,4,
discovery,exp12_config_command_06,config_command,paraphrase,0,paraphrase,1,opposite_same_wording,SKILL_END,V_necessity_loss,0.0011900067329406738,30,4,
discovery,exp12_config_command_06,config_command,paraphrase,1,paraphrase,0,opposite_same_wording,SKILL_END,V_sufficiency,-1.9028782844543457e-05,30,4,
discovery,exp12_config_command_06,config_command,paraphrase,1,paraphrase,0,opposite_same_wording,SKILL_END,V_necessity_loss,-0.0028888583183288574,30,4,
discovery,exp12_config_command_08,config_command,paraphrase,0,paraphrase,1,opposite_same_wording,SKILL_END,V_sufficiency,0.000515282154083252,30,4,
discovery,exp12_config_command_08,config_command,paraphrase,0,paraphrase,1,opposite_same_wording,SKILL_END,V_necessity_loss,0.001904308795928955,30,4,
discovery,exp12_config_command_08,config_command,paraphrase,1,paraphrase,0,opposite_same_wording,SKILL_END,V_sufficiency,-1.671910285949707e-05,30,4,
discovery,exp12_config_command_08,config_command,paraphrase,1,paraphrase,0,opposite_same_wording,SKILL_END,V_necessity_loss,-3.680586814880371e-06,30,4,
discovery,exp12_config_command_09,config_command,paraphrase,0,paraphrase,1,opposite_same_wording,SKILL_END,V_sufficiency,-3.007054328918457e-05,30,4,
discovery,exp12_config_command_09,config_command,paraphrase,0,paraphrase,1,opposite_same_wording,SKILL_END,V_necessity_loss,-0.0005520880222320557,30,4,
discovery,exp12_config_command_09,config_command,paraphrase,1,paraphrase,0,opposite_same_wording,SKILL_END,V_sufficiency,0.0025753676891326904,30,4,
discovery,exp12_config_command_09,config_command,paraphrase,1,paraphrase,0,opposite_same_wording,SKILL_END,V_necessity_loss,-0.0025966018438339233,30,4,
discovery,exp12_config_command_10,config_command,paraphrase,0,paraphrase,1,opposite_same_wording,SKILL_END,V_sufficiency,-0.0005480349063873291,30,4,
discovery,exp12_config_command_10,config_command,paraphrase,0,paraphrase,1,opposite_same_wording,SKILL_END,V_necessity_loss,1.7762184143066406e-05,30,4,
discovery,exp12_config_command_10,config_command,paraphrase,1,paraphrase,0,opposite_same_wording,SKILL_END,V_sufficiency,-9.08970832824707e-07,30,4,
discovery,exp12_config_command_10,config_command,paraphrase,1,paraphrase,0,opposite_same_wording,SKILL_END,V_necessity_loss,0.0026043057441711426,30,4,
discovery,exp12_config_command_11,config_command,paraphrase,0,paraphrase,1,opposite_same_wording,SKILL_END,V_sufficiency,-0.0011179149150848389,30,4,
discovery,exp12_config_command_11,config_command,paraphrase,0,paraphrase,1,opposite_same_wording,SKILL_END,V_necessity_loss,0.0005785226821899414,30,4,
discovery,exp12_config_command_11,config_command,paraphrase,1,paraphrase,0,opposite_same_wording,SKILL_END,V_sufficiency,-0.0013091489672660828,30,4,
discovery,exp12_config_command_11,config_command,paraphrase,1,paraphrase,0,opposite_same_wording,SKILL_END,V_necessity_loss,0.001301489770412445,30,4,
discovery,exp12_config_command_12,config_command,paraphrase,0,paraphrase,1,opposite_same_wording,SKILL_END,V_sufficiency,0.005215376615524292,30,4,
discovery,exp12_config_command_12,config_command,paraphrase,0,paraphrase,1,opposite_same_wording,SKILL_END,V_necessity_loss,-0.004672139883041382,30,4,
discovery,exp12_config_command_12,config_command,paraphrase,1,paraphrase,0,opposite_same_wording,SKILL_END,V_sufficiency,-3.427267074584961e-07,30,4,
discovery,exp12_config_command_12,config_command,paraphrase,1,paraphrase,0,opposite_same_wording,SKILL_END,V_necessity_loss,9.08970832824707e-07,30,4,
discovery,exp12_config_command_03,config_command,paraphrase,0,paraphrase,1,opposite_same_wording,SYSTEM_END,V_sufficiency,0.00209006667137146,30,4,
discovery,exp12_config_command_03,config_command,paraphrase,0,paraphrase,1,opposite_same_wording,SYSTEM_END,V_necessity_loss,0.004150331020355225,30,4,
discovery,exp12_config_command_03,config_command,paraphrase,1,paraphrase,0,opposite_same_wording,SYSTEM_END,V_sufficiency,0.0013030096888542175,30,4,
discovery,exp12_config_command_03,config_command,paraphrase,1,paraphrase,0,opposite_same_wording,SYSTEM_END,V_necessity_loss,2.5898218154907227e-05,30,4,
discovery,exp12_config_command_05,config_command,paraphrase,0,paraphrase,1,opposite_same_wording,SYSTEM_END,V_sufficiency,-5.960464477539063e-08,30,4,
discovery,exp12_config_command_05,config_command,paraphrase,0,paraphrase,1,opposite_same_wording,SYSTEM_END,V_necessity_loss,0.004809379577636719,30,4,
discovery,exp12_config_command_05,config_command,paraphrase,1,paraphrase,0,opposite_same_wording,SYSTEM_END,V_sufficiency,0.0014303997159004211,30,4,
discovery,exp12_config_command_05,config_command,paraphrase,1,paraphrase,0,opposite_same_wording,SYSTEM_END,V_necessity_loss,0.0014218613505363464,30,4,
discovery,exp12_config_command_06,config_command,paraphrase,0,paraphrase,1,opposite_same_wording,SYSTEM_END,V_sufficiency,7.450580596923828e-07,30,4,
discovery,exp12_config_command_06,config_command,paraphrase,0,paraphrase,1,opposite_same_wording,SYSTEM_END,V_necessity_loss,0.004802495241165161,30,4,
discovery,exp12_config_command_06,config_command,paraphrase,1,paraphrase,0,opposite_same_wording,SYSTEM_END,V_sufficiency,8.001923561096191e-06,30,4,
discovery,exp12_config_command_06,config_command,paraphrase,1,paraphrase,0,opposite_same_wording,SYSTEM_END,V_necessity_loss,-5.513429641723633e-07,30,4,
discovery,exp12_config_command_08,config_command,paraphrase,0,paraphrase,1,opposite_same_wording,SYSTEM_END,V_sufficiency,0.0032920241355895996,30,4,
discovery,exp12_config_command_08,config_command,paraphrase,0,paraphrase,1,opposite_same_wording,SYSTEM_END,V_necessity_loss,0.010691851377487183,30,4,
discovery,exp12_config_command_08,config_command,paraphrase,1,paraphrase,0,opposite_same_wording,SYSTEM_END,V_sufficiency,-0.002839133143424988,30,4,
discovery,exp12_config_command_08,config_command,paraphrase,1,paraphrase,0,opposite_same_wording,SYSTEM_END,V_necessity_loss,2.2724270820617676e-05,30,4,
discovery,exp12_config_command_09,config_command,paraphrase,0,paraphrase,1,opposite_same_wording,SYSTEM_END,V_sufficiency,0.0027877986431121826,30,4,
discovery,exp12_config_command_09,config_command,paraphrase,0,paraphrase,1,opposite_same_wording,SYSTEM_END,V_necessity_loss,0.005580097436904907,30,4,
discovery,exp12_config_command_09,config_command,paraphrase,1,paraphrase,0,opposite_same_wording,SYSTEM_END,V_sufficiency,0.004480928182601929,30,4,
discovery,exp12_config_command_09,config_command,paraphrase,1,paraphrase,0,opposite_same_wording,SYSTEM_END,V_necessity_loss,-9.295344352722168e-05,30,4,
discovery,exp12_config_command_10,config_command,paraphrase,0,paraphrase,1,opposite_same_wording,SYSTEM_END,V_sufficiency,0.003394216299057007,30,4,
discovery,exp12_config_command_10,config_command,paraphrase,0,paraphrase,1,opposite_same_wording,SYSTEM_END,V_necessity_loss,0.0038711726665496826,30,4,
discovery,exp12_config_command_10,config_command,paraphrase,1,paraphrase,0,opposite_same_wording,SYSTEM_END,V_sufficiency,1.8253922462463379e-06,30,4,
discovery,exp12_config_command_10,config_command,paraphrase,1,paraphrase,0,opposite_same_wording,SYSTEM_END,V_necessity_loss,-0.0026203617453575134,30,4,
discovery,exp12_config_command_11,config_command,paraphrase,0,paraphrase,1,opposite_same_wording,SYSTEM_END,V_sufficiency,0.001671522855758667,30,4,
discovery,exp12_config_command_11,config_command,paraphrase,0,paraphrase,1,opposite_same_wording,SYSTEM_END,V_necessity_loss,0.003873765468597412,30,4,
discovery,exp12_config_command_11,config_command,paraphrase,1,paraphrase,0,opposite_same_wording,SYSTEM_END,V_sufficiency,-0.0012981817126274109,30,4,
discovery,exp12_config_command_11,config_command,paraphrase,1,paraphrase,0,opposite_same_wording,SYSTEM_END,V_necessity_loss,-0.002602711319923401,30,4,
discovery,exp12_config_command_12,config_command,paraphrase,0,paraphrase,1,opposite_same_wording,SYSTEM_END,V_sufficiency,0.007456272840499878,30,4,
discovery,exp12_config_command_12,config_command,paraphrase,0,paraphrase,1,opposite_same_wording,SYSTEM_END,V_necessity_loss,0.0032854080200195312,30,4,
discovery,exp12_config_command_12,config_command,paraphrase,1,paraphrase,0,opposite_same_wording,SYSTEM_END,V_sufficiency,0.00016945600509643555,30,4,
discovery,exp12_config_command_12,config_command,paraphrase,1,paraphrase,0,opposite_same_wording,SYSTEM_END,V_necessity_loss,0.0026080310344696045,30,4,
discovery,exp12_config_command_03,config_command,paraphrase,0,paraphrase,1,opposite_same_wording,ISSUE_END,V_sufficiency,4.315376281738281e-05,30,4,
discovery,exp12_config_command_03,config_command,paraphrase,0,paraphrase,1,opposite_same_wording,ISSUE_END,V_necessity_loss,-0.0005348920822143555,30,4,
discovery,exp12_config_command_03,config_command,paraphrase,1,paraphrase,0,opposite_same_wording,ISSUE_END,V_sufficiency,0.0013232678174972534,30,4,
discovery,exp12_config_command_03,config_command,paraphrase,1,paraphrase,0,opposite_same_wording,ISSUE_END,V_necessity_loss,-0.001323997974395752,30,4,
discovery,exp12_config_command_05,config_command,paraphrase,0,paraphrase,1,opposite_same_wording,ISSUE_END,V_sufficiency,-0.0006037652492523193,30,4,
discovery,exp12_config_command_05,config_command,paraphrase,0,paraphrase,1,opposite_same_wording,ISSUE_END,V_necessity_loss,0.0012103915214538574,30,4,
discovery,exp12_config_command_05,config_command,paraphrase,1,paraphrase,0,opposite_same_wording,ISSUE_END,V_sufficiency,1.5653669834136963e-05,30,4,
discovery,exp12_config_command_05,config_command,paraphrase,1,paraphrase,0,opposite_same_wording,ISSUE_END,V_necessity_loss,-0.011592447757720947,30,4,
discovery,exp12_config_command_06,config_command,paraphrase,0,paraphrase,1,opposite_same_wording,ISSUE_END,V_sufficiency,0.001209348440170288,30,4,
discovery,exp12_config_command_06,config_command,paraphrase,0,paraphrase,1,opposite_same_wording,ISSUE_END,V_necessity_loss,-0.0006477236747741699,30,4,
discovery,exp12_config_command_06,config_command,paraphrase,1,paraphrase,0,opposite_same_wording,ISSUE_END,V_sufficiency,8.225440979003906e-06,30,4,
discovery,exp12_config_command_06,config_command,paraphrase,1,paraphrase,0,opposite_same_wording,ISSUE_END,V_necessity_loss,2.16066837310791e-06,30,4,
discovery,exp12_config_command_08,config_command,paraphrase,0,paraphrase,1,opposite_same_wording,ISSUE_END,V_sufficiency,0.006752729415893555,30,4,
discovery,exp12_config_command_08,config_command,paraphrase,0,paraphrase,1,opposite_same_wording,ISSUE_END,V_necessity_loss,-1.0728836059570312e-06,30,4,
discovery,exp12_config_command_08,config_command,paraphrase,1,paraphrase,0,opposite_same_wording,ISSUE_END,V_sufficiency,-1.9073486328125e-06,30,4,
discovery,exp12_config_command_08,config_command,paraphrase,1,paraphrase,0,opposite_same_wording,ISSUE_END,V_necessity_loss,-0.004598528146743774,30,4,
discovery,exp12_config_command_09,config_command,paraphrase,0,paraphrase,1,opposite_same_wording,ISSUE_END,V_sufficiency,2.7120113372802734e-06,30,4,
discovery,exp12_config_command_09,config_command,paraphrase,0,paraphrase,1,opposite_same_wording,ISSUE_END,V_necessity_loss,0.00741150975227356,30,4,
discovery,exp12_config_command_09,config_command,paraphrase,1,paraphrase,0,opposite_same_wording,ISSUE_END,V_sufficiency,0.002612203359603882,30,4,
discovery,exp12_config_command_09,config_command,paraphrase,1,paraphrase,0,opposite_same_wording,ISSUE_END,V_necessity_loss,-2.7745962142944336e-05,30,4,
discovery,exp12_config_command_10,config_command,paraphrase,0,paraphrase,1,opposite_same_wording,ISSUE_END,V_sufficiency,0.004660129547119141,30,4,
discovery,exp12_config_command_10,config_command,paraphrase,0,paraphrase,1,opposite_same_wording,ISSUE_END,V_necessity_loss,-0.0011171400547027588,30,4,
discovery,exp12_config_command_10,config_command,paraphrase,1,paraphrase,0,opposite_same_wording,ISSUE_END,V_sufficiency,5.885958671569824e-07,30,4,
discovery,exp12_config_command_10,config_command,paraphrase,1,paraphrase,0,opposite_same_wording,ISSUE_END,V_necessity_loss,4.500150680541992e-06,30,4,
discovery,exp12_config_command_11,config_command,paraphrase,0,paraphrase,1,opposite_same_wording,ISSUE_END,V_sufficiency,0.0005204975605010986,30,4,
discovery,exp12_config_command_11,config_command,paraphrase,0,paraphrase,1,opposite_same_wording,ISSUE_END,V_necessity_loss,0.0016689300537109375,30,4,
discovery,exp12_config_command_11,config_command,paraphrase,1,paraphrase,0,opposite_same_wording,ISSUE_END,V_sufficiency,0.0012922585010528564,30,4,
discovery,exp12_config_command_11,config_command,paraphrase,1,paraphrase,0,opposite_same_wording,ISSUE_END,V_necessity_loss,-3.650784492492676e-07,30,4,
discovery,exp12_config_command_12,config_command,paraphrase,0,paraphrase,1,opposite_same_wording,ISSUE_END,V_sufficiency,0.005147784948348999,30,4,
discovery,exp12_config_command_12,config_command,paraphrase,0,paraphrase,1,opposite_same_wording,ISSUE_END,V_necessity_loss,0.0021775662899017334,30,4,
discovery,exp12_config_command_12,config_command,paraphrase,1,paraphrase,0,opposite_same_wording,ISSUE_END,V_sufficiency,2.0936131477355957e-05,30,4,
discovery,exp12_config_command_12,config_command,paraphrase,1,paraphrase,0,opposite_same_wording,ISSUE_END,V_necessity_loss,-1.7285346984863281e-06,30,4,
discovery,exp12_config_command_03,config_command,paraphrase,0,paraphrase,1,opposite_same_wording,DETAIL_END,V_sufficiency,0.0015980899333953857,30,4,
discovery,exp12_config_command_03,config_command,paraphrase,0,paraphrase,1,opposite_same_wording,DETAIL_END,V_necessity_loss,0.002203822135925293,30,4,
discovery,exp12_config_command_03,config_command,paraphrase,1,paraphrase,0,opposite_same_wording,DETAIL_END,V_sufficiency,1.570582389831543e-05,30,4,
discovery,exp12_config_command_03,config_command,paraphrase,1,paraphrase,0,opposite_same_wording,DETAIL_END,V_necessity_loss,5.677342414855957e-06,30,4,
discovery,exp12_config_command_05,config_command,paraphrase,0,paraphrase,1,opposite_same_wording,DETAIL_END,V_sufficiency,-2.1696090698242188e-05,30,4,
discovery,exp12_config_command_05,config_command,paraphrase,0,paraphrase,1,opposite_same_wording,DETAIL_END,V_necessity_loss,-7.748603820800781e-07,30,4,
discovery,exp12_config_command_05,config_command,paraphrase,1,paraphrase,0,opposite_same_wording,DETAIL_END,V_sufficiency,0.001455150544643402,30,4,
discovery,exp12_config_command_05,config_command,paraphrase,1,paraphrase,0,opposite_same_wording,DETAIL_END,V_necessity_loss,0.0028576552867889404,30,4,
discovery,exp12_config_command_06,config_command,paraphrase,0,paraphrase,1,opposite_same_wording,DETAIL_END,V_sufficiency,0.0006009936332702637,30,4,
discovery,exp12_config_command_06,config_command,paraphrase,0,paraphrase,1,opposite_same_wording,DETAIL_END,V_necessity_loss,-0.0016391277313232422,30,4,
discovery,exp12_config_command_06,config_command,paraphrase,1,paraphrase,0,opposite_same_wording,DETAIL_END,V_sufficiency,8.13603401184082e-06,30,4,
discovery,exp12_config_command_06,config_command,paraphrase,1,paraphrase,0,opposite_same_wording,DETAIL_END,V_necessity_loss,2.1576881408691406e-05,30,4,
discovery,exp12_config_command_08,config_command,paraphrase,0,paraphrase,1,opposite_same_wording,DETAIL_END,V_sufficiency,0.00030291080474853516,30,4,
discovery,exp12_config_command_08,config_command,paraphrase,0,paraphrase,1,opposite_same_wording,DETAIL_END,V_necessity_loss,-1.3113021850585938e-05,30,4,
discovery,exp12_config_command_08,config_command,paraphrase,1,paraphrase,0,opposite_same_wording,DETAIL_END,V_sufficiency,-0.0028445273637771606,30,4,
discovery,exp12_config_command_08,config_command,paraphrase,1,paraphrase,0,opposite_same_wording,DETAIL_END,V_necessity_loss,0.007454141974449158,30,4,
discovery,exp12_config_command_09,config_command,paraphrase,0,paraphrase,1,opposite_same_wording,DETAIL_END,V_sufficiency,4.857778549194336e-06,30,4,
discovery,exp12_config_command_09,config_command,paraphrase,0,paraphrase,1,opposite_same_wording,DETAIL_END,V_necessity_loss,-0.007727622985839844,30,4,
discovery,exp12_config_command_09,config_command,paraphrase,1,paraphrase,0,opposite_same_wording,DETAIL_END,V_sufficiency,0.002585887908935547,30,4,
discovery,exp12_config_command_09,config_command,paraphrase,1,paraphrase,0,opposite_same_wording,DETAIL_END,V_necessity_loss,0.006588548421859741,30,4,
discovery,exp12_config_command_10,config_command,paraphrase,0,paraphrase,1,opposite_same_wording,DETAIL_END,V_sufficiency,-0.0011207163333892822,30,4,
discovery,exp12_config_command_10,config_command,paraphrase,0,paraphrase,1,opposite_same_wording,DETAIL_END,V_necessity_loss,1.3470649719238281e-05,30,4,
discovery,exp12_config_command_10,config_command,paraphrase,1,paraphrase,0,opposite_same_wording,DETAIL_END,V_sufficiency,1.0132789611816406e-06,30,4,
discovery,exp12_config_command_10,config_command,paraphrase,1,paraphrase,0,opposite_same_wording,DETAIL_END,V_necessity_loss,1.6689300537109375e-06,30,4,
discovery,exp12_config_command_11,config_command,paraphrase,0,paraphrase,1,opposite_same_wording,DETAIL_END,V_sufficiency,-3.4570693969726562e-06,30,4,
discovery,exp12_config_command_11,config_command,paraphrase,0,paraphrase,1,opposite_same_wording,DETAIL_END,V_necessity_loss,-0.000557243824005127,30,4,
discovery,exp12_config_command_11,config_command,paraphrase,1,paraphrase,0,opposite_same_wording,DETAIL_END,V_sufficiency,-0.0013013333082199097,30,4,
discovery,exp12_config_command_11,config_command,paraphrase,1,paraphrase,0,opposite_same_wording,DETAIL_END,V_necessity_loss,-9.812414646148682e-06,30,4,
discovery,exp12_config_command_12,config_command,paraphrase,0,paraphrase,1,opposite_same_wording,DETAIL_END,V_sufficiency,0.0011331439018249512,30,4,
discovery,exp12_config_command_12,config_command,paraphrase,0,paraphrase,1,opposite_same_wording,DETAIL_END,V_necessity_loss,-0.005196362733840942,30,4,
discovery,exp12_config_command_12,config_command,paraphrase,1,paraphrase,0,opposite_same_wording,DETAIL_END,V_sufficiency,-2.518296241760254e-06,30,4,
discovery,exp12_config_command_12,config_command,paraphrase,1,paraphrase,0,opposite_same_wording,DETAIL_END,V_necessity_loss,-2.8312206268310547e-07,30,4,
discovery,exp12_config_command_03,config_command,paraphrase,0,paraphrase,1,opposite_same_wording,ACTION0_END,V_sufficiency,0.0010757148265838623,30,4,
discovery,exp12_config_command_03,config_command,paraphrase,0,paraphrase,1,opposite_same_wording,ACTION0_END,V_necessity_loss,1.996755599975586e-06,30,4,
discovery,exp12_config_command_03,config_command,paraphrase,1,paraphrase,0,opposite_same_wording,ACTION0_END,V_sufficiency,0.009050101041793823,30,4,
discovery,exp12_config_command_03,config_command,paraphrase,1,paraphrase,0,opposite_same_wording,ACTION0_END,V_necessity_loss,1.9721686840057373e-05,30,4,
discovery,exp12_config_command_05,config_command,paraphrase,0,paraphrase,1,opposite_same_wording,ACTION0_END,V_sufficiency,-4.32133674621582e-06,30,4,
discovery,exp12_config_command_05,config_command,paraphrase,0,paraphrase,1,opposite_same_wording,ACTION0_END,V_necessity_loss,-0.0012062788009643555,30,4,
discovery,exp12_config_command_05,config_command,paraphrase,1,paraphrase,0,opposite_same_wording,ACTION0_END,V_sufficiency,6.034970283508301e-06,30,4,
discovery,exp12_config_command_05,config_command,paraphrase,1,paraphrase,0,opposite_same_wording,ACTION0_END,V_necessity_loss,0.0014146119356155396,30,4,
discovery,exp12_config_command_06,config_command,paraphrase,0,paraphrase,1,opposite_same_wording,ACTION0_END,V_sufficiency,-4.6193599700927734e-06,30,4,
discovery,exp12_config_command_06,config_command,paraphrase,0,paraphrase,1,opposite_same_wording,ACTION0_END,V_necessity_loss,-8.940696716308594e-08,30,4,
discovery,exp12_config_command_06,config_command,paraphrase,1,paraphrase,0,opposite_same_wording,ACTION0_END,V_sufficiency,-0.00283890962600708,30,4,
discovery,exp12_config_command_06,config_command,paraphrase,1,paraphrase,0,opposite_same_wording,ACTION0_END,V_necessity_loss,0.0028408318758010864,30,4,
discovery,exp12_config_command_08,config_command,paraphrase,0,paraphrase,1,opposite_same_wording,ACTION0_END,V_sufficiency,0.0010716021060943604,30,4,
discovery,exp12_config_command_08,config_command,paraphrase,0,paraphrase,1,opposite_same_wording,ACTION0_END,V_necessity_loss,-1.1920928955078125e-06,30,4,
discovery,exp12_config_command_08,config_command,paraphrase,1,paraphrase,0,opposite_same_wording,ACTION0_END,V_sufficiency,-0.002841562032699585,30,4,
discovery,exp12_config_command_08,config_command,paraphrase,1,paraphrase,0,opposite_same_wording,ACTION0_END,V_necessity_loss,-0.004605382680892944,30,4,
discovery,exp12_config_command_09,config_command,paraphrase,0,paraphrase,1,opposite_same_wording,ACTION0_END,V_sufficiency,-9.834766387939453e-07,30,4,
discovery,exp12_config_command_09,config_command,paraphrase,0,paraphrase,1,opposite_same_wording,ACTION0_END,V_necessity_loss,0.0053803324699401855,30,4,
discovery,exp12_config_command_09,config_command,paraphrase,1,paraphrase,0,opposite_same_wording,ACTION0_END,V_sufficiency,-2.524256706237793e-05,30,4,
discovery,exp12_config_command_09,config_command,paraphrase,1,paraphrase,0,opposite_same_wording,ACTION0_END,V_necessity_loss,1.68532133102417e-05,30,4,
discovery,exp12_config_command_10,config_command,paraphrase,0,paraphrase,1,opposite_same_wording,ACTION0_END,V_sufficiency,0.0005579888820648193,30,4,
discovery,exp12_config_command_10,config_command,paraphrase,0,paraphrase,1,opposite_same_wording,ACTION0_END,V_necessity_loss,0.0005733966827392578,30,4,
discovery,exp12_config_command_10,config_command,paraphrase,1,paraphrase,0,opposite_same_wording,ACTION0_END,V_sufficiency,-1.735985279083252e-06,30,4,
discovery,exp12_config_command_10,config_command,paraphrase,1,paraphrase,0,opposite_same_wording,ACTION0_END,V_necessity_loss,1.9371509552001953e-06,30,4,
discovery,exp12_config_command_11,config_command,paraphrase,0,paraphrase,1,opposite_same_wording,ACTION0_END,V_sufficiency,-1.1026859283447266e-06,30,4,
discovery,exp12_config_command_11,config_command,paraphrase,0,paraphrase,1,opposite_same_wording,ACTION0_END,V_necessity_loss,-0.0005632638931274414,30,4,
discovery,exp12_config_command_11,config_command,paraphrase,1,paraphrase,0,opposite_same_wording,ACTION0_END,V_sufficiency,2.60770320892334e-07,30,4,
discovery,exp12_config_command_11,config_command,paraphrase,1,paraphrase,0,opposite_same_wording,ACTION0_END,V_necessity_loss,-0.0013051405549049377,30,4,
discovery,exp12_config_command_12,config_command,paraphrase,0,paraphrase,1,opposite_same_wording,ACTION0_END,V_sufficiency,-1.7881393432617188e-07,30,4,
discovery,exp12_config_command_12,config_command,paraphrase,0,paraphrase,1,opposite_same_wording,ACTION0_END,V_necessity_loss,0.0011720657348632812,30,4,
discovery,exp12_config_command_12,config_command,paraphrase,1,paraphrase,0,opposite_same_wording,ACTION0_END,V_sufficiency,1.6555190086364746e-05,30,4,
discovery,exp12_config_command_12,config_command,paraphrase,1,paraphrase,0,opposite_same_wording,ACTION0_END,V_necessity_loss,0.002606600522994995,30,4,
discovery,exp12_config_command_03,config_command,paraphrase,0,paraphrase,1,opposite_same_wording,ACTION1_END,V_sufficiency,0.001076430082321167,30,4,
discovery,exp12_config_command_03,config_command,paraphrase,0,paraphrase,1,opposite_same_wording,ACTION1_END,V_necessity_loss,-0.0005364418029785156,30,4,
discovery,exp12_config_command_03,config_command,paraphrase,1,paraphrase,0,opposite_same_wording,ACTION1_END,V_sufficiency,0.0013424679636955261,30,4,
discovery,exp12_config_command_03,config_command,paraphrase,1,paraphrase,0,opposite_same_wording,ACTION1_END,V_necessity_loss,0.0012794211506843567,30,4,
discovery,exp12_config_command_05,config_command,paraphrase,0,paraphrase,1,opposite_same_wording,ACTION1_END,V_sufficiency,-0.0006002485752105713,30,4,
discovery,exp12_config_command_05,config_command,paraphrase,0,paraphrase,1,opposite_same_wording,ACTION1_END,V_necessity_loss,-0.0018000602722167969,30,4,
discovery,exp12_config_command_05,config_command,paraphrase,1,paraphrase,0,opposite_same_wording,ACTION1_END,V_sufficiency,9.559094905853271e-06,30,4,
discovery,exp12_config_command_05,config_command,paraphrase,1,paraphrase,0,opposite_same_wording,ACTION1_END,V_necessity_loss,-0.001416236162185669,30,4,
discovery,exp12_config_command_06,config_command,paraphrase,0,paraphrase,1,opposite_same_wording,ACTION1_END,V_sufficiency,-0.0006055831909179688,30,4,
discovery,exp12_config_command_06,config_command,paraphrase,0,paraphrase,1,opposite_same_wording,ACTION1_END,V_necessity_loss,9.417533874511719e-06,30,4,
discovery,exp12_config_command_06,config_command,paraphrase,1,paraphrase,0,opposite_same_wording,ACTION1_END,V_sufficiency,5.081295967102051e-06,30,4,
discovery,exp12_config_command_06,config_command,paraphrase,1,paraphrase,0,opposite_same_wording,ACTION1_END,V_necessity_loss,-2.384185791015625e-07,30,4,
discovery,exp12_config_command_08,config_command,paraphrase,0,paraphrase,1,opposite_same_wording,ACTION1_END,V_sufficiency,0.002180039882659912,30,4,
discovery,exp12_config_command_08,config_command,paraphrase,0,paraphrase,1,opposite_same_wording,ACTION1_END,V_necessity_loss,0.0051007866859436035,30,4,
discovery,exp12_config_command_08,config_command,paraphrase,1,paraphrase,0,opposite_same_wording,ACTION1_END,V_sufficiency,-2.682209014892578e-07,30,4,
discovery,exp12_config_command_08,config_command,paraphrase,1,paraphrase,0,opposite_same_wording,ACTION1_END,V_necessity_loss,3.591179847717285e-06,30,4,
discovery,exp12_config_command_09,config_command,paraphrase,0,paraphrase,1,opposite_same_wording,ACTION1_END,V_sufficiency,-3.185868263244629e-05,30,4,
discovery,exp12_config_command_09,config_command,paraphrase,0,paraphrase,1,opposite_same_wording,ACTION1_END,V_necessity_loss,0.0013879835605621338,30,4,
discovery,exp12_config_command_09,config_command,paraphrase,1,paraphrase,0,opposite_same_wording,ACTION1_END,V_sufficiency,-2.4840235710144043e-05,30,4,
discovery,exp12_config_command_09,config_command,paraphrase,1,paraphrase,0,opposite_same_wording,ACTION1_END,V_necessity_loss,-3.600120544433594e-05,30,4,
discovery,exp12_config_command_10,config_command,paraphrase,0,paraphrase,1,opposite_same_wording,ACTION1_END,V_sufficiency,-0.0011062920093536377,30,4,
discovery,exp12_config_command_10,config_command,paraphrase,0,paraphrase,1,opposite_same_wording,ACTION1_END,V_necessity_loss,0.0011611580848693848,30,4,
discovery,exp12_config_command_10,config_command,paraphrase,1,paraphrase,0,opposite_same_wording,ACTION1_END,V_sufficiency,-3.732740879058838e-06,30,4,
discovery,exp12_config_command_10,config_command,paraphrase,1,paraphrase,0,opposite_same_wording,ACTION1_END,V_necessity_loss,2.987682819366455e-06,30,4,
discovery,exp12_config_command_11,config_command,paraphrase,0,paraphrase,1,opposite_same_wording,ACTION1_END,V_sufficiency,0.0005559027194976807,30,4,
discovery,exp12_config_command_11,config_command,paraphrase,0,paraphrase,1,opposite_same_wording,ACTION1_END,V_necessity_loss,-0.003183811902999878,30,4,
discovery,exp12_config_command_11,config_command,paraphrase,1,paraphrase,0,opposite_same_wording,ACTION1_END,V_sufficiency,-0.001298859715461731,30,4,
discovery,exp12_config_command_11,config_command,paraphrase,1,paraphrase,0,opposite_same_wording,ACTION1_END,V_necessity_loss,1.099705696105957e-05,30,4,
discovery,exp12_config_command_12,config_command,paraphrase,0,paraphrase,1,opposite_same_wording,ACTION1_END,V_sufficiency,-0.0011052191257476807,30,4,
discovery,exp12_config_command_12,config_command,paraphrase,0,paraphrase,1,opposite_same_wording,ACTION1_END,V_necessity_loss,-0.0010504722595214844,30,4,
discovery,exp12_config_command_12,config_command,paraphrase,1,paraphrase,0,opposite_same_wording,ACTION1_END,V_sufficiency,-1.4901161193847656e-08,30,4,
discovery,exp12_config_command_12,config_command,paraphrase,1,paraphrase,0,opposite_same_wording,ACTION1_END,V_necessity_loss,3.159046173095703e-06,30,4,
discovery,exp12_config_command_03,config_command,paraphrase,0,paraphrase,1,opposite_same_wording,FINAL_INSTRUCTION_END,V_sufficiency,0.002586454153060913,30,4,
discovery,exp12_config_command_03,config_command,paraphrase,0,paraphrase,1,opposite_same_wording,FINAL_INSTRUCTION_END,V_necessity_loss,0.004441618919372559,30,4,
discovery,exp12_config_command_03,config_command,paraphrase,1,paraphrase,0,opposite_same_wording,FINAL_INSTRUCTION_END,V_sufficiency,0.001341886818408966,30,4,
discovery,exp12_config_command_03,config_command,paraphrase,1,paraphrase,0,opposite_same_wording,FINAL_INSTRUCTION_END,V_necessity_loss,3.816932439804077e-05,30,4,
discovery,exp12_config_command_05,config_command,paraphrase,0,paraphrase,1,opposite_same_wording,FINAL_INSTRUCTION_END,V_sufficiency,0.0023985207080841064,30,4,
discovery,exp12_config_command_05,config_command,paraphrase,0,paraphrase,1,opposite_same_wording,FINAL_INSTRUCTION_END,V_necessity_loss,0.009277194738388062,30,4,
discovery,exp12_config_command_05,config_command,paraphrase,1,paraphrase,0,opposite_same_wording,FINAL_INSTRUCTION_END,V_sufficiency,1.4133751392364502e-05,30,4,
discovery,exp12_config_command_05,config_command,paraphrase,1,paraphrase,0,opposite_same_wording,FINAL_INSTRUCTION_END,V_necessity_loss,-0.002845160663127899,30,4,
discovery,exp12_config_command_06,config_command,paraphrase,0,paraphrase,1,opposite_same_wording,FINAL_INSTRUCTION_END,V_sufficiency,0.00868159532546997,30,4,
discovery,exp12_config_command_06,config_command,paraphrase,0,paraphrase,1,opposite_same_wording,FINAL_INSTRUCTION_END,V_necessity_loss,0.00983041524887085,30,4,
discovery,exp12_config_command_06,config_command,paraphrase,1,paraphrase,0,opposite_same_wording,FINAL_INSTRUCTION_END,V_sufficiency,9.059906005859375e-06,30,4,
discovery,exp12_config_command_06,config_command,paraphrase,1,paraphrase,0,opposite_same_wording,FINAL_INSTRUCTION_END,V_necessity_loss,-0.002817600965499878,30,4,
discovery,exp12_config_command_08,config_command,paraphrase,0,paraphrase,1,opposite_same_wording,FINAL_INSTRUCTION_END,V_sufficiency,0.006717562675476074,30,4,
discovery,exp12_config_command_08,config_command,paraphrase,0,paraphrase,1,opposite_same_wording,FINAL_INSTRUCTION_END,V_necessity_loss,0.0014843940734863281,30,4,
discovery,exp12_config_command_08,config_command,paraphrase,1,paraphrase,0,opposite_same_wording,FINAL_INSTRUCTION_END,V_sufficiency,-3.1322240829467773e-05,30,4,
discovery,exp12_config_command_08,config_command,paraphrase,1,paraphrase,0,opposite_same_wording,FINAL_INSTRUCTION_END,V_necessity_loss,0.002796545624732971,30,4,
discovery,exp12_config_command_09,config_command,paraphrase,0,paraphrase,1,opposite_same_wording,FINAL_INSTRUCTION_END,V_sufficiency,0.002232104539871216,30,4,
discovery,exp12_config_command_09,config_command,paraphrase,0,paraphrase,1,opposite_same_wording,FINAL_INSTRUCTION_END,V_necessity_loss,-0.001389533281326294,30,4,
discovery,exp12_config_command_09,config_command,paraphrase,1,paraphrase,0,opposite_same_wording,FINAL_INSTRUCTION_END,V_sufficiency,2.0712614059448242e-05,30,4,
discovery,exp12_config_command_09,config_command,paraphrase,1,paraphrase,0,opposite_same_wording,FINAL_INSTRUCTION_END,V_necessity_loss,-0.0026369094848632812,30,4,
discovery,exp12_config_command_10,config_command,paraphrase,0,paraphrase,1,opposite_same_wording,FINAL_INSTRUCTION_END,V_sufficiency,0.0017196834087371826,30,4,
discovery,exp12_config_command_10,config_command,paraphrase,0,paraphrase,1,opposite_same_wording,FINAL_INSTRUCTION_END,V_necessity_loss,0.001643836498260498,30,4,
discovery,exp12_config_command_10,config_command,paraphrase,1,paraphrase,0,opposite_same_wording,FINAL_INSTRUCTION_END,V_sufficiency,0.0026033446192741394,30,4,
discovery,exp12_config_command_10,config_command,paraphrase,1,paraphrase,0,opposite_same_wording,FINAL_INSTRUCTION_END,V_necessity_loss,0.007201582193374634,30,4,
discovery,exp12_config_command_11,config_command,paraphrase,0,paraphrase,1,opposite_same_wording,FINAL_INSTRUCTION_END,V_sufficiency,0.0027856826782226562,30,4,
discovery,exp12_config_command_11,config_command,paraphrase,0,paraphrase,1,opposite_same_wording,FINAL_INSTRUCTION_END,V_necessity_loss,0.002391725778579712,30,4,
discovery,exp12_config_command_11,config_command,paraphrase,1,paraphrase,0,opposite_same_wording,FINAL_INSTRUCTION_END,V_sufficiency,-4.991888999938965e-07,30,4,
discovery,exp12_config_command_11,config_command,paraphrase,1,paraphrase,0,opposite_same_wording,FINAL_INSTRUCTION_END,V_necessity_loss,4.3138861656188965e-06,30,4,
discovery,exp12_config_command_12,config_command,paraphrase,0,paraphrase,1,opposite_same_wording,FINAL_INSTRUCTION_END,V_sufficiency,0.006247401237487793,30,4,
discovery,exp12_config_command_12,config_command,paraphrase,0,paraphrase,1,opposite_same_wording,FINAL_INSTRUCTION_END,V_necessity_loss,0.006316184997558594,30,4,
discovery,exp12_config_command_12,config_command,paraphrase,1,paraphrase,0,opposite_same_wording,FINAL_INSTRUCTION_END,V_sufficiency,2.396106719970703e-05,30,4,
discovery,exp12_config_command_12,config_command,paraphrase,1,paraphrase,0,opposite_same_wording,FINAL_INSTRUCTION_END,V_necessity_loss,1.9475817680358887e-05,30,4,
discovery,exp12_config_command_03,config_command,paraphrase,0,paraphrase,1,opposite_same_wording,USER_END,V_sufficiency,0.002586454153060913,30,4,
discovery,exp12_config_command_03,config_command,paraphrase,0,paraphrase,1,opposite_same_wording,USER_END,V_necessity_loss,0.004441618919372559,30,4,
discovery,exp12_config_command_03,config_command,paraphrase,1,paraphrase,0,opposite_same_wording,USER_END,V_sufficiency,0.001341886818408966,30,4,
discovery,exp12_config_command_03,config_command,paraphrase,1,paraphrase,0,opposite_same_wording,USER_END,V_necessity_loss,3.816932439804077e-05,30,4,
discovery,exp12_config_command_05,config_command,paraphrase,0,paraphrase,1,opposite_same_wording,USER_END,V_sufficiency,0.0023985207080841064,30,4,
discovery,exp12_config_command_05,config_command,paraphrase,0,paraphrase,1,opposite_same_wording,USER_END,V_necessity_loss,0.009277194738388062,30,4,
discovery,exp12_config_command_05,config_command,paraphrase,1,paraphrase,0,opposite_same_wording,USER_END,V_sufficiency,1.4133751392364502e-05,30,4,
discovery,exp12_config_command_05,config_command,paraphrase,1,paraphrase,0,opposite_same_wording,USER_END,V_necessity_loss,-0.002845160663127899,30,4,
discovery,exp12_config_command_06,config_command,paraphrase,0,paraphrase,1,opposite_same_wording,USER_END,V_sufficiency,0.00868159532546997,30,4,
discovery,exp12_config_command_06,config_command,paraphrase,0,paraphrase,1,opposite_same_wording,USER_END,V_necessity_loss,0.00983041524887085,30,4,
discovery,exp12_config_command_06,config_command,paraphrase,1,paraphrase,0,opposite_same_wording,USER_END,V_sufficiency,9.059906005859375e-06,30,4,
discovery,exp12_config_command_06,config_command,paraphrase,1,paraphrase,0,opposite_same_wording,USER_END,V_necessity_loss,-0.002817600965499878,30,4,
discovery,exp12_config_command_08,config_command,paraphrase,0,paraphrase,1,opposite_same_wording,USER_END,V_sufficiency,0.006717562675476074,30,4,
discovery,exp12_config_command_08,config_command,paraphrase,0,paraphrase,1,opposite_same_wording,USER_END,V_necessity_loss,0.0014843940734863281,30,4,
discovery,exp12_config_command_08,config_command,paraphrase,1,paraphrase,0,opposite_same_wording,USER_END,V_sufficiency,-3.1322240829467773e-05,30,4,
discovery,exp12_config_command_08,config_command,paraphrase,1,paraphrase,0,opposite_same_wording,USER_END,V_necessity_loss,0.002796545624732971,30,4,
discovery,exp12_config_command_09,config_command,paraphrase,0,paraphrase,1,opposite_same_wording,USER_END,V_sufficiency,0.002232104539871216,30,4,
discovery,exp12_config_command_09,config_command,paraphrase,0,paraphrase,1,opposite_same_wording,USER_END,V_necessity_loss,-0.001389533281326294,30,4,
discovery,exp12_config_command_09,config_command,paraphrase,1,paraphrase,0,opposite_same_wording,USER_END,V_sufficiency,2.0712614059448242e-05,30,4,
discovery,exp12_config_command_09,config_command,paraphrase,1,paraphrase,0,opposite_same_wording,USER_END,V_necessity_loss,-0.0026369094848632812,30,4,
discovery,exp12_config_command_10,config_command,paraphrase,0,paraphrase,1,opposite_same_wording,USER_END,V_sufficiency,0.0017196834087371826,30,4,
discovery,exp12_config_command_10,config_command,paraphrase,0,paraphrase,1,opposite_same_wording,USER_END,V_necessity_loss,0.001643836498260498,30,4,
discovery,exp12_config_command_10,config_command,paraphrase,1,paraphrase,0,opposite_same_wording,USER_END,V_sufficiency,0.0026033446192741394,30,4,
discovery,exp12_config_command_10,config_command,paraphrase,1,paraphrase,0,opposite_same_wording,USER_END,V_necessity_loss,0.007201582193374634,30,4,
discovery,exp12_config_command_11,config_command,paraphrase,0,paraphrase,1,opposite_same_wording,USER_END,V_sufficiency,0.0027856826782226562,30,4,
discovery,exp12_config_command_11,config_command,paraphrase,0,paraphrase,1,opposite_same_wording,USER_END,V_necessity_loss,0.002391725778579712,30,4,
discovery,exp12_config_command_11,config_command,paraphrase,1,paraphrase,0,opposite_same_wording,USER_END,V_sufficiency,-4.991888999938965e-07,30,4,
discovery,exp12_config_command_11,config_command,paraphrase,1,paraphrase,0,opposite_same_wording,USER_END,V_necessity_loss,4.3138861656188965e-06,30,4,
discovery,exp12_config_command_12,config_command,paraphrase,0,paraphrase,1,opposite_same_wording,USER_END,V_sufficiency,0.006247401237487793,30,4,
discovery,exp12_config_command_12,config_command,paraphrase,0,paraphrase,1,opposite_same_wording,USER_END,V_necessity_loss,0.006316184997558594,30,4,
discovery,exp12_config_command_12,config_command,paraphrase,1,paraphrase,0,opposite_same_wording,USER_END,V_sufficiency,2.396106719970703e-05,30,4,
discovery,exp12_config_command_12,config_command,paraphrase,1,paraphrase,0,opposite_same_wording,USER_END,V_necessity_loss,1.9475817680358887e-05,30,4,
discovery,exp12_config_command_03,config_command,paraphrase,0,paraphrase,1,opposite_same_wording,GENERATION_BOUNDARY,V_sufficiency,0.11349645256996155,30,4,
discovery,exp12_config_command_03,config_command,paraphrase,0,paraphrase,1,opposite_same_wording,GENERATION_BOUNDARY,V_necessity_loss,0.0738910585641861,30,4,
discovery,exp12_config_command_03,config_command,paraphrase,1,paraphrase,0,opposite_same_wording,GENERATION_BOUNDARY,V_sufficiency,0.0732923150062561,30,4,
discovery,exp12_config_command_03,config_command,paraphrase,1,paraphrase,0,opposite_same_wording,GENERATION_BOUNDARY,V_necessity_loss,0.10423129796981812,30,4,
discovery,exp12_config_command_05,config_command,paraphrase,0,paraphrase,1,opposite_same_wording,GENERATION_BOUNDARY,V_sufficiency,0.13629600405693054,30,4,
discovery,exp12_config_command_05,config_command,paraphrase,0,paraphrase,1,opposite_same_wording,GENERATION_BOUNDARY,V_necessity_loss,0.09131646901369095,30,4,
discovery,exp12_config_command_05,config_command,paraphrase,1,paraphrase,0,opposite_same_wording,GENERATION_BOUNDARY,V_sufficiency,0.0830969512462616,30,4,
discovery,exp12_config_command_05,config_command,paraphrase,1,paraphrase,0,opposite_same_wording,GENERATION_BOUNDARY,V_necessity_loss,0.12368163466453552,30,4,
discovery,exp12_config_command_06,config_command,paraphrase,0,paraphrase,1,opposite_same_wording,GENERATION_BOUNDARY,V_sufficiency,0.1234043538570404,30,4,
discovery,exp12_config_command_06,config_command,paraphrase,0,paraphrase,1,opposite_same_wording,GENERATION_BOUNDARY,V_necessity_loss,0.09082546830177307,30,4,
discovery,exp12_config_command_06,config_command,paraphrase,1,paraphrase,0,opposite_same_wording,GENERATION_BOUNDARY,V_sufficiency,0.0649057924747467,30,4,
discovery,exp12_config_command_06,config_command,paraphrase,1,paraphrase,0,opposite_same_wording,GENERATION_BOUNDARY,V_necessity_loss,0.1131901741027832,30,4,
discovery,exp12_config_command_08,config_command,paraphrase,0,paraphrase,1,opposite_same_wording,GENERATION_BOUNDARY,V_sufficiency,0.1257759928703308,30,4,
discovery,exp12_config_command_08,config_command,paraphrase,0,paraphrase,1,opposite_same_wording,GENERATION_BOUNDARY,V_necessity_loss,0.07439623773097992,30,4,
discovery,exp12_config_command_08,config_command,paraphrase,1,paraphrase,0,opposite_same_wording,GENERATION_BOUNDARY,V_sufficiency,0.05402405560016632,30,4,
discovery,exp12_config_command_08,config_command,paraphrase,1,paraphrase,0,opposite_same_wording,GENERATION_BOUNDARY,V_necessity_loss,0.1131841242313385,30,4,
discovery,exp12_config_command_09,config_command,paraphrase,0,paraphrase,1,opposite_same_wording,GENERATION_BOUNDARY,V_sufficiency,0.08057606220245361,30,4,
discovery,exp12_config_command_09,config_command,paraphrase,0,paraphrase,1,opposite_same_wording,GENERATION_BOUNDARY,V_necessity_loss,0.07835206389427185,30,4,
discovery,exp12_config_command_09,config_command,paraphrase,1,paraphrase,0,opposite_same_wording,GENERATION_BOUNDARY,V_sufficiency,0.06214800477027893,30,4,
discovery,exp12_config_command_09,config_command,paraphrase,1,paraphrase,0,opposite_same_wording,GENERATION_BOUNDARY,V_necessity_loss,0.07623240351676941,30,4,
discovery,exp12_config_command_10,config_command,paraphrase,0,paraphrase,1,opposite_same_wording,GENERATION_BOUNDARY,V_sufficiency,0.10662740468978882,30,4,
discovery,exp12_config_command_10,config_command,paraphrase,0,paraphrase,1,opposite_same_wording,GENERATION_BOUNDARY,V_necessity_loss,0.07271578907966614,30,4,
discovery,exp12_config_command_10,config_command,paraphrase,1,paraphrase,0,opposite_same_wording,GENERATION_BOUNDARY,V_sufficiency,0.05100754648447037,30,4,
discovery,exp12_config_command_10,config_command,paraphrase,1,paraphrase,0,opposite_same_wording,GENERATION_BOUNDARY,V_necessity_loss,0.09188637137413025,30,4,
discovery,exp12_config_command_11,config_command,paraphrase,0,paraphrase,1,opposite_same_wording,GENERATION_BOUNDARY,V_sufficiency,0.1132795512676239,30,4,
discovery,exp12_config_command_11,config_command,paraphrase,0,paraphrase,1,opposite_same_wording,GENERATION_BOUNDARY,V_necessity_loss,0.0875159204006195,30,4,
discovery,exp12_config_command_11,config_command,paraphrase,1,paraphrase,0,opposite_same_wording,GENERATION_BOUNDARY,V_sufficiency,0.06936975568532944,30,4,
discovery,exp12_config_command_11,config_command,paraphrase,1,paraphrase,0,opposite_same_wording,GENERATION_BOUNDARY,V_necessity_loss,0.10190027952194214,30,4,
discovery,exp12_config_command_12,config_command,paraphrase,0,paraphrase,1,opposite_same_wording,GENERATION_BOUNDARY,V_sufficiency,0.11178326606750488,30,4,
discovery,exp12_config_command_12,config_command,paraphrase,0,paraphrase,1,opposite_same_wording,GENERATION_BOUNDARY,V_necessity_loss,0.08505383133888245,30,4,
discovery,exp12_config_command_12,config_command,paraphrase,1,paraphrase,0,opposite_same_wording,GENERATION_BOUNDARY,V_sufficiency,0.06901027262210846,30,4,
discovery,exp12_config_command_12,config_command,paraphrase,1,paraphrase,0,opposite_same_wording,GENERATION_BOUNDARY,V_necessity_loss,0.09933978319168091,30,4,
discovery,exp12_docs_code_00,docs_code,canonical,0,canonical,1,opposite_same_wording,SKILL_END,V_sufficiency,-0.0008096396923065186,30,4,
discovery,exp12_docs_code_00,docs_code,canonical,0,canonical,1,opposite_same_wording,SKILL_END,V_necessity_loss,-0.003735095262527466,30,4,
discovery,exp12_docs_code_00,docs_code,canonical,1,canonical,0,opposite_same_wording,SKILL_END,V_sufficiency,-0.0017577558755874634,30,4,
discovery,exp12_docs_code_00,docs_code,canonical,1,canonical,0,opposite_same_wording,SKILL_END,V_necessity_loss,-0.0022132843732833862,30,4,
discovery,exp12_docs_code_01,docs_code,canonical,0,canonical,1,opposite_same_wording,SKILL_END,V_sufficiency,1.8477439880371094e-06,30,4,
discovery,exp12_docs_code_01,docs_code,canonical,0,canonical,1,opposite_same_wording,SKILL_END,V_necessity_loss,-3.2782554626464844e-07,30,4,
discovery,exp12_docs_code_01,docs_code,canonical,1,canonical,0,opposite_same_wording,SKILL_END,V_sufficiency,0.0004442930221557617,30,4,
discovery,exp12_docs_code_01,docs_code,canonical,1,canonical,0,opposite_same_wording,SKILL_END,V_necessity_loss,-0.0015654787421226501,30,4,
discovery,exp12_docs_code_03,docs_code,canonical,0,canonical,1,opposite_same_wording,SKILL_END,V_sufficiency,2.60770320892334e-08,30,4,
discovery,exp12_docs_code_03,docs_code,canonical,0,canonical,1,opposite_same_wording,SKILL_END,V_necessity_loss,4.898756742477417e-06,30,4,
discovery,exp12_docs_code_03,docs_code,canonical,1,canonical,0,opposite_same_wording,SKILL_END,V_sufficiency,-0.004003442823886871,30,4,
discovery,exp12_docs_code_03,docs_code,canonical,1,canonical,0,opposite_same_wording,SKILL_END,V_necessity_loss,-9.811669588088989e-05,30,4,
discovery,exp12_docs_code_08,docs_code,canonical,0,canonical,1,opposite_same_wording,SKILL_END,V_sufficiency,0.001075834035873413,30,4,
discovery,exp12_docs_code_08,docs_code,canonical,0,canonical,1,opposite_same_wording,SKILL_END,V_necessity_loss,-0.0037452876567840576,30,4,
discovery,exp12_docs_code_08,docs_code,canonical,1,canonical,0,opposite_same_wording,SKILL_END,V_sufficiency,-0.0010891854763031006,30,4,
discovery,exp12_docs_code_08,docs_code,canonical,1,canonical,0,opposite_same_wording,SKILL_END,V_necessity_loss,-0.00013326480984687805,30,4,
discovery,exp12_docs_code_09,docs_code,canonical,0,canonical,1,opposite_same_wording,SKILL_END,V_sufficiency,-0.004536360502243042,30,4,
discovery,exp12_docs_code_09,docs_code,canonical,0,canonical,1,opposite_same_wording,SKILL_END,V_necessity_loss,-0.0003546476364135742,30,4,
discovery,exp12_docs_code_09,docs_code,canonical,1,canonical,0,opposite_same_wording,SKILL_END,V_sufficiency,0.0014818757772445679,30,4,
discovery,exp12_docs_code_09,docs_code,canonical,1,canonical,0,opposite_same_wording,SKILL_END,V_necessity_loss,-3.0443072319030762e-05,30,4,
discovery,exp12_docs_code_11,docs_code,canonical,0,canonical,1,opposite_same_wording,SKILL_END,V_sufficiency,-0.002097398042678833,30,4,
discovery,exp12_docs_code_11,docs_code,canonical,0,canonical,1,opposite_same_wording,SKILL_END,V_necessity_loss,0.001422196626663208,30,4,
discovery,exp12_docs_code_11,docs_code,canonical,1,canonical,0,opposite_same_wording,SKILL_END,V_sufficiency,-0.000141974538564682,30,4,
discovery,exp12_docs_code_11,docs_code,canonical,1,canonical,0,opposite_same_wording,SKILL_END,V_necessity_loss,-0.000708606094121933,30,4,
discovery,exp12_docs_code_12,docs_code,canonical,0,canonical,1,opposite_same_wording,SKILL_END,V_sufficiency,0.006252467632293701,30,4,
discovery,exp12_docs_code_12,docs_code,canonical,0,canonical,1,opposite_same_wording,SKILL_END,V_necessity_loss,-0.0003546774387359619,30,4,
discovery,exp12_docs_code_12,docs_code,canonical,1,canonical,0,opposite_same_wording,SKILL_END,V_sufficiency,-0.0012213513255119324,30,4,
discovery,exp12_docs_code_12,docs_code,canonical,1,canonical,0,opposite_same_wording,SKILL_END,V_necessity_loss,-0.0008954629302024841,30,4,
discovery,exp12_docs_code_14,docs_code,canonical,0,canonical,1,opposite_same_wording,SKILL_END,V_sufficiency,-0.0003681182861328125,30,4,
discovery,exp12_docs_code_14,docs_code,canonical,0,canonical,1,opposite_same_wording,SKILL_END,V_necessity_loss,0.0006857514381408691,30,4,
discovery,exp12_docs_code_14,docs_code,canonical,1,canonical,0,opposite_same_wording,SKILL_END,V_sufficiency,-0.0008392296731472015,30,4,
discovery,exp12_docs_code_14,docs_code,canonical,1,canonical,0,opposite_same_wording,SKILL_END,V_necessity_loss,0.00035266950726509094,30,4,
discovery,exp12_docs_code_00,docs_code,canonical,0,canonical,1,opposite_same_wording,SYSTEM_END,V_sufficiency,0.0007829666137695312,30,4,
discovery,exp12_docs_code_00,docs_code,canonical,0,canonical,1,opposite_same_wording,SYSTEM_END,V_necessity_loss,0.005079835653305054,30,4,
discovery,exp12_docs_code_00,docs_code,canonical,1,canonical,0,opposite_same_wording,SYSTEM_END,V_sufficiency,9.25213098526001e-05,30,4,
discovery,exp12_docs_code_00,docs_code,canonical,1,canonical,0,opposite_same_wording,SYSTEM_END,V_necessity_loss,6.89774751663208e-05,30,4,
discovery,exp12_docs_code_01,docs_code,canonical,0,canonical,1,opposite_same_wording,SYSTEM_END,V_sufficiency,0.005859047174453735,30,4,
discovery,exp12_docs_code_01,docs_code,canonical,0,canonical,1,opposite_same_wording,SYSTEM_END,V_necessity_loss,0.00762978196144104,30,4,
discovery,exp12_docs_code_01,docs_code,canonical,1,canonical,0,opposite_same_wording,SYSTEM_END,V_sufficiency,0.0016623958945274353,30,4,
discovery,exp12_docs_code_01,docs_code,canonical,1,canonical,0,opposite_same_wording,SYSTEM_END,V_necessity_loss,-0.0019272193312644958,30,4,
discovery,exp12_docs_code_03,docs_code,canonical,0,canonical,1,opposite_same_wording,SYSTEM_END,V_sufficiency,0.004129704087972641,30,4,
discovery,exp12_docs_code_03,docs_code,canonical,0,canonical,1,opposite_same_wording,SYSTEM_END,V_necessity_loss,0.00496210902929306,30,4,
discovery,exp12_docs_code_03,docs_code,canonical,1,canonical,0,opposite_same_wording,SYSTEM_END,V_sufficiency,-0.00022289156913757324,30,4,
discovery,exp12_docs_code_03,docs_code,canonical,1,canonical,0,opposite_same_wording,SYSTEM_END,V_necessity_loss,0.0018215924501419067,30,4,
discovery,exp12_docs_code_08,docs_code,canonical,0,canonical,1,opposite_same_wording,SYSTEM_END,V_sufficiency,0.005670815706253052,30,4,
discovery,exp12_docs_code_08,docs_code,canonical,0,canonical,1,opposite_same_wording,SYSTEM_END,V_necessity_loss,0.0046930015087127686,30,4,
discovery,exp12_docs_code_08,docs_code,canonical,1,canonical,0,opposite_same_wording,SYSTEM_END,V_sufficiency,-0.011255715042352676,30,4,
discovery,exp12_docs_code_08,docs_code,canonical,1,canonical,0,opposite_same_wording,SYSTEM_END,V_necessity_loss,0.0005237534642219543,30,4,
discovery,exp12_docs_code_09,docs_code,canonical,0,canonical,1,opposite_same_wording,SYSTEM_END,V_sufficiency,-0.0006308555603027344,30,4,
discovery,exp12_docs_code_09,docs_code,canonical,0,canonical,1,opposite_same_wording,SYSTEM_END,V_necessity_loss,0.004599779844284058,30,4,
discovery,exp12_docs_code_09,docs_code,canonical,1,canonical,0,opposite_same_wording,SYSTEM_END,V_sufficiency,0.0003907792270183563,30,4,
discovery,exp12_docs_code_09,docs_code,canonical,1,canonical,0,opposite_same_wording,SYSTEM_END,V_necessity_loss,-0.00019488483667373657,30,4,
discovery,exp12_docs_code_11,docs_code,canonical,0,canonical,1,opposite_same_wording,SYSTEM_END,V_sufficiency,0.010535866022109985,30,4,
discovery,exp12_docs_code_11,docs_code,canonical,0,canonical,1,opposite_same_wording,SYSTEM_END,V_necessity_loss,0.007068753242492676,30,4,
discovery,exp12_docs_code_11,docs_code,canonical,1,canonical,0,opposite_same_wording,SYSTEM_END,V_sufficiency,-0.0021507367491722107,30,4,
discovery,exp12_docs_code_11,docs_code,canonical,1,canonical,0,opposite_same_wording,SYSTEM_END,V_necessity_loss,0.0024292953312397003,30,4,
discovery,exp12_docs_code_12,docs_code,canonical,0,canonical,1,opposite_same_wording,SYSTEM_END,V_sufficiency,0.00498354434967041,30,4,
discovery,exp12_docs_code_12,docs_code,canonical,0,canonical,1,opposite_same_wording,SYSTEM_END,V_necessity_loss,0.006737172603607178,30,4,
discovery,exp12_docs_code_12,docs_code,canonical,1,canonical,0,opposite_same_wording,SYSTEM_END,V_sufficiency,-0.00038188695907592773,30,4,
discovery,exp12_docs_code_12,docs_code,canonical,1,canonical,0,opposite_same_wording,SYSTEM_END,V_necessity_loss,-0.009852390736341476,30,4,
discovery,exp12_docs_code_14,docs_code,canonical,0,canonical,1,opposite_same_wording,SYSTEM_END,V_sufficiency,0.0039078593254089355,30,4,
discovery,exp12_docs_code_14,docs_code,canonical,0,canonical,1,opposite_same_wording,SYSTEM_END,V_necessity_loss,0.004258871078491211,30,4,
discovery,exp12_docs_code_14,docs_code,canonical,1,canonical,0,opposite_same_wording,SYSTEM_END,V_sufficiency,0.0015059933066368103,30,4,
discovery,exp12_docs_code_14,docs_code,canonical,1,canonical,0,opposite_same_wording,SYSTEM_END,V_necessity_loss,0.0003553517162799835,30,4,
discovery,exp12_docs_code_00,docs_code,canonical,0,canonical,1,opposite_same_wording,ISSUE_END,V_sufficiency,0.0003902912139892578,30,4,
discovery,exp12_docs_code_00,docs_code,canonical,0,canonical,1,opposite_same_wording,ISSUE_END,V_necessity_loss,0.004323720932006836,30,4,
discovery,exp12_docs_code_00,docs_code,canonical,1,canonical,0,opposite_same_wording,ISSUE_END,V_sufficiency,0.00015538185834884644,30,4,
discovery,exp12_docs_code_00,docs_code,canonical,1,canonical,0,opposite_same_wording,ISSUE_END,V_necessity_loss,-0.0002662539482116699,30,4,
discovery,exp12_docs_code_01,docs_code,canonical,0,canonical,1,opposite_same_wording,ISSUE_END,V_sufficiency,0.0011689364910125732,30,4,
discovery,exp12_docs_code_01,docs_code,canonical,0,canonical,1,opposite_same_wording,ISSUE_END,V_necessity_loss,0.0007807016372680664,30,4,
discovery,exp12_docs_code_01,docs_code,canonical,1,canonical,0,opposite_same_wording,ISSUE_END,V_sufficiency,0.00237332284450531,30,4,
discovery,exp12_docs_code_01,docs_code,canonical,1,canonical,0,opposite_same_wording,ISSUE_END,V_necessity_loss,0.0015980228781700134,30,4,
discovery,exp12_docs_code_03,docs_code,canonical,0,canonical,1,opposite_same_wording,ISSUE_END,V_sufficiency,0.0005911365151405334,30,4,
discovery,exp12_docs_code_03,docs_code,canonical,0,canonical,1,opposite_same_wording,ISSUE_END,V_necessity_loss,0.0007120147347450256,30,4,
discovery,exp12_docs_code_03,docs_code,canonical,1,canonical,0,opposite_same_wording,ISSUE_END,V_sufficiency,-0.000585898756980896,30,4,
discovery,exp12_docs_code_03,docs_code,canonical,1,canonical,0,opposite_same_wording,ISSUE_END,V_necessity_loss,-0.0009419471025466919,30,4,
discovery,exp12_docs_code_08,docs_code,canonical,0,canonical,1,opposite_same_wording,ISSUE_END,V_sufficiency,0.005272030830383301,30,4,
discovery,exp12_docs_code_08,docs_code,canonical,0,canonical,1,opposite_same_wording,ISSUE_END,V_necessity_loss,0.0010942816734313965,30,4,
discovery,exp12_docs_code_08,docs_code,canonical,1,canonical,0,opposite_same_wording,ISSUE_END,V_sufficiency,0.0006479695439338684,30,4,
discovery,exp12_docs_code_08,docs_code,canonical,1,canonical,0,opposite_same_wording,ISSUE_END,V_necessity_loss,-0.00026058778166770935,30,4,
discovery,exp12_docs_code_09,docs_code,canonical,0,canonical,1,opposite_same_wording,ISSUE_END,V_sufficiency,-0.0024068057537078857,30,4,
discovery,exp12_docs_code_09,docs_code,canonical,0,canonical,1,opposite_same_wording,ISSUE_END,V_necessity_loss,0.003196209669113159,30,4,
discovery,exp12_docs_code_09,docs_code,canonical,1,canonical,0,opposite_same_wording,ISSUE_END,V_sufficiency,0.0007010325789451599,30,4,
discovery,exp12_docs_code_09,docs_code,canonical,1,canonical,0,opposite_same_wording,ISSUE_END,V_necessity_loss,0.0006957501173019409,30,4,
discovery,exp12_docs_code_11,docs_code,canonical,0,canonical,1,opposite_same_wording,ISSUE_END,V_sufficiency,-0.0020965635776519775,30,4,
discovery,exp12_docs_code_11,docs_code,canonical,0,canonical,1,opposite_same_wording,ISSUE_END,V_necessity_loss,-0.004097849130630493,30,4,
discovery,exp12_docs_code_11,docs_code,canonical,1,canonical,0,opposite_same_wording,ISSUE_END,V_sufficiency,-0.0017013810575008392,30,4,
discovery,exp12_docs_code_11,docs_code,canonical,1,canonical,0,opposite_same_wording,ISSUE_END,V_necessity_loss,0.011242002248764038,30,4,
discovery,exp12_docs_code_12,docs_code,canonical,0,canonical,1,opposite_same_wording,ISSUE_END,V_sufficiency,0.0021343231201171875,30,4,
discovery,exp12_docs_code_12,docs_code,canonical,0,canonical,1,opposite_same_wording,ISSUE_END,V_necessity_loss,0.008011579513549805,30,4,
discovery,exp12_docs_code_12,docs_code,canonical,1,canonical,0,opposite_same_wording,ISSUE_END,V_sufficiency,-0.011414367705583572,30,4,
discovery,exp12_docs_code_12,docs_code,canonical,1,canonical,0,opposite_same_wording,ISSUE_END,V_necessity_loss,-0.0005160719156265259,30,4,
discovery,exp12_docs_code_14,docs_code,canonical,0,canonical,1,opposite_same_wording,ISSUE_END,V_sufficiency,5.364418029785156e-06,30,4,
discovery,exp12_docs_code_14,docs_code,canonical,0,canonical,1,opposite_same_wording,ISSUE_END,V_necessity_loss,0.0010588765144348145,30,4,
discovery,exp12_docs_code_14,docs_code,canonical,1,canonical,0,opposite_same_wording,ISSUE_END,V_sufficiency,0.0010124891996383667,30,4,
discovery,exp12_docs_code_14,docs_code,canonical,1,canonical,0,opposite_same_wording,ISSUE_END,V_necessity_loss,-0.003084566444158554,30,4,
discovery,exp12_docs_code_00,docs_code,canonical,0,canonical,1,opposite_same_wording,DETAIL_END,V_sufficiency,-0.0003903806209564209,30,4,
discovery,exp12_docs_code_00,docs_code,canonical,0,canonical,1,opposite_same_wording,DETAIL_END,V_necessity_loss,-0.00041919946670532227,30,4,
discovery,exp12_docs_code_00,docs_code,canonical,1,canonical,0,opposite_same_wording,DETAIL_END,V_sufficiency,-0.0004532933235168457,30,4,
discovery,exp12_docs_code_00,docs_code,canonical,1,canonical,0,opposite_same_wording,DETAIL_END,V_necessity_loss,-0.0004161223769187927,30,4,
discovery,exp12_docs_code_01,docs_code,canonical,0,canonical,1,opposite_same_wording,DETAIL_END,V_sufficiency,-2.8312206268310547e-06,30,4,
discovery,exp12_docs_code_01,docs_code,canonical,0,canonical,1,opposite_same_wording,DETAIL_END,V_necessity_loss,0.0011720359325408936,30,4,
discovery,exp12_docs_code_01,docs_code,canonical,1,canonical,0,opposite_same_wording,DETAIL_END,V_sufficiency,0.0015981867909431458,30,4,
discovery,exp12_docs_code_01,docs_code,canonical,1,canonical,0,opposite_same_wording,DETAIL_END,V_necessity_loss,-0.0004372820258140564,30,4,
discovery,exp12_docs_code_03,docs_code,canonical,0,canonical,1,opposite_same_wording,DETAIL_END,V_sufficiency,-0.002247113734483719,30,4,
discovery,exp12_docs_code_03,docs_code,canonical,0,canonical,1,opposite_same_wording,DETAIL_END,V_necessity_loss,0.0005841851234436035,30,4,
discovery,exp12_docs_code_03,docs_code,canonical,1,canonical,0,opposite_same_wording,DETAIL_END,V_sufficiency,0.00026626884937286377,30,4,
discovery,exp12_docs_code_03,docs_code,canonical,1,canonical,0,opposite_same_wording,DETAIL_END,V_necessity_loss,-0.0002916380763053894,30,4,
discovery,exp12_docs_code_08,docs_code,canonical,0,canonical,1,opposite_same_wording,DETAIL_END,V_sufficiency,-0.00039008259773254395,30,4,
discovery,exp12_docs_code_08,docs_code,canonical,0,canonical,1,opposite_same_wording,DETAIL_END,V_necessity_loss,0.004958122968673706,30,4,
discovery,exp12_docs_code_08,docs_code,canonical,1,canonical,0,opposite_same_wording,DETAIL_END,V_sufficiency,0.000257149338722229,30,4,
discovery,exp12_docs_code_08,docs_code,canonical,1,canonical,0,opposite_same_wording,DETAIL_END,V_necessity_loss,-0.010546203702688217,30,4,
discovery,exp12_docs_code_09,docs_code,canonical,0,canonical,1,opposite_same_wording,DETAIL_END,V_sufficiency,0.0003555715084075928,30,4,
discovery,exp12_docs_code_09,docs_code,canonical,0,canonical,1,opposite_same_wording,DETAIL_END,V_necessity_loss,5.066394805908203e-07,30,4,
discovery,exp12_docs_code_09,docs_code,canonical,1,canonical,0,opposite_same_wording,DETAIL_END,V_sufficiency,0.0011548176407814026,30,4,
discovery,exp12_docs_code_09,docs_code,canonical,1,canonical,0,opposite_same_wording,DETAIL_END,V_necessity_loss,-0.0009762533009052277,30,4,
discovery,exp12_docs_code_11,docs_code,canonical,0,canonical,1,opposite_same_wording,DETAIL_END,V_sufficiency,-0.001386404037475586,30,4,
discovery,exp12_docs_code_11,docs_code,canonical,0,canonical,1,opposite_same_wording,DETAIL_END,V_necessity_loss,0.006191879510879517,30,4,
discovery,exp12_docs_code_11,docs_code,canonical,1,canonical,0,opposite_same_wording,DETAIL_END,V_sufficiency,0.0014174245297908783,30,4,
discovery,exp12_docs_code_11,docs_code,canonical,1,canonical,0,opposite_same_wording,DETAIL_END,V_necessity_loss,0.00017304718494415283,30,4,
discovery,exp12_docs_code_12,docs_code,canonical,0,canonical,1,opposite_same_wording,DETAIL_END,V_sufficiency,0.0014432072639465332,30,4,
discovery,exp12_docs_code_12,docs_code,canonical,0,canonical,1,opposite_same_wording,DETAIL_END,V_necessity_loss,-9.357929229736328e-06,30,4,
discovery,exp12_docs_code_12,docs_code,canonical,1,canonical,0,opposite_same_wording,DETAIL_END,V_sufficiency,-0.011184986680746078,30,4,
discovery,exp12_docs_code_12,docs_code,canonical,1,canonical,0,opposite_same_wording,DETAIL_END,V_necessity_loss,-0.0009143352508544922,30,4,
discovery,exp12_docs_code_14,docs_code,canonical,0,canonical,1,opposite_same_wording,DETAIL_END,V_sufficiency,3.635883331298828e-06,30,4,
discovery,exp12_docs_code_14,docs_code,canonical,0,canonical,1,opposite_same_wording,DETAIL_END,V_necessity_loss,0.00037676095962524414,30,4,
discovery,exp12_docs_code_14,docs_code,canonical,1,canonical,0,opposite_same_wording,DETAIL_END,V_sufficiency,-0.0006492696702480316,30,4,
discovery,exp12_docs_code_14,docs_code,canonical,1,canonical,0,opposite_same_wording,DETAIL_END,V_necessity_loss,-0.0026801414787769318,30,4,
discovery,exp12_docs_code_00,docs_code,canonical,0,canonical,1,opposite_same_wording,ACTION0_END,V_sufficiency,-0.0003903806209564209,30,4,
discovery,exp12_docs_code_00,docs_code,canonical,0,canonical,1,opposite_same_wording,ACTION0_END,V_necessity_loss,-0.0003895759582519531,30,4,
discovery,exp12_docs_code_00,docs_code,canonical,1,canonical,0,opposite_same_wording,ACTION0_END,V_sufficiency,6.84782862663269e-05,30,4,
discovery,exp12_docs_code_00,docs_code,canonical,1,canonical,0,opposite_same_wording,ACTION0_END,V_necessity_loss,0.0014576762914657593,30,4,
discovery,exp12_docs_code_01,docs_code,canonical,0,canonical,1,opposite_same_wording,ACTION0_END,V_sufficiency,0.0015675723552703857,30,4,
discovery,exp12_docs_code_01,docs_code,canonical,0,canonical,1,opposite_same_wording,ACTION0_END,V_necessity_loss,0.0011646747589111328,30,4,
discovery,exp12_docs_code_01,docs_code,canonical,1,canonical,0,opposite_same_wording,ACTION0_END,V_sufficiency,0.0015740469098091125,30,4,
discovery,exp12_docs_code_01,docs_code,canonical,1,canonical,0,opposite_same_wording,ACTION0_END,V_necessity_loss,0.0004844069480895996,30,4,
discovery,exp12_docs_code_03,docs_code,canonical,0,canonical,1,opposite_same_wording,ACTION0_END,V_sufficiency,-0.0013917051255702972,30,4,
discovery,exp12_docs_code_03,docs_code,canonical,0,canonical,1,opposite_same_wording,ACTION0_END,V_necessity_loss,1.9427388906478882e-05,30,4,
discovery,exp12_docs_code_03,docs_code,canonical,1,canonical,0,opposite_same_wording,ACTION0_END,V_sufficiency,-0.0016584619879722595,30,4,
discovery,exp12_docs_code_03,docs_code,canonical,1,canonical,0,opposite_same_wording,ACTION0_END,V_necessity_loss,0.0019505992531776428,30,4,
discovery,exp12_docs_code_08,docs_code,canonical,0,canonical,1,opposite_same_wording,ACTION0_END,V_sufficiency,0.00410771369934082,30,4,
discovery,exp12_docs_code_08,docs_code,canonical,0,canonical,1,opposite_same_wording,ACTION0_END,V_necessity_loss,0.0012066662311553955,30,4,
discovery,exp12_docs_code_08,docs_code,canonical,1,canonical,0,opposite_same_wording,ACTION0_END,V_sufficiency,-0.010733082890510559,30,4,
discovery,exp12_docs_code_08,docs_code,canonical,1,canonical,0,opposite_same_wording,ACTION0_END,V_necessity_loss,-7.208436727523804e-06,30,4,
discovery,exp12_docs_code_09,docs_code,canonical,0,canonical,1,opposite_same_wording,ACTION0_END,V_sufficiency,-8.344650268554688e-07,30,4,
discovery,exp12_docs_code_09,docs_code,canonical,0,canonical,1,opposite_same_wording,ACTION0_END,V_necessity_loss,0.002745896577835083,30,4,
discovery,exp12_docs_code_09,docs_code,canonical,1,canonical,0,opposite_same_wording,ACTION0_END,V_sufficiency,0.0010243505239486694,30,4,
discovery,exp12_docs_code_09,docs_code,canonical,1,canonical,0,opposite_same_wording,ACTION0_END,V_necessity_loss,0.0009573362767696381,30,4,
discovery,exp12_docs_code_11,docs_code,canonical,0,canonical,1,opposite_same_wording,ACTION0_END,V_sufficiency,-0.0013851523399353027,30,4,
discovery,exp12_docs_code_11,docs_code,canonical,0,canonical,1,opposite_same_wording,ACTION0_END,V_necessity_loss,0.0007265806198120117,30,4,
discovery,exp12_docs_code_11,docs_code,canonical,1,canonical,0,opposite_same_wording,ACTION0_END,V_sufficiency,0.0013570301234722137,30,4,
discovery,exp12_docs_code_11,docs_code,canonical,1,canonical,0,opposite_same_wording,ACTION0_END,V_necessity_loss,0.0017705298960208893,30,4,
discovery,exp12_docs_code_12,docs_code,canonical,0,canonical,1,opposite_same_wording,ACTION0_END,V_sufficiency,0.005892276763916016,30,4,
discovery,exp12_docs_code_12,docs_code,canonical,0,canonical,1,opposite_same_wording,ACTION0_END,V_necessity_loss,0.0014339983463287354,30,4,
discovery,exp12_docs_code_12,docs_code,canonical,1,canonical,0,opposite_same_wording,ACTION0_END,V_sufficiency,-0.00024358928203582764,30,4,
discovery,exp12_docs_code_12,docs_code,canonical,1,canonical,0,opposite_same_wording,ACTION0_END,V_necessity_loss,-0.011605650186538696,30,4,
discovery,exp12_docs_code_14,docs_code,canonical,0,canonical,1,opposite_same_wording,ACTION0_END,V_sufficiency,-0.001074373722076416,30,4,
discovery,exp12_docs_code_14,docs_code,canonical,0,canonical,1,opposite_same_wording,ACTION0_END,V_necessity_loss,-0.0011072754859924316,30,4,
discovery,exp12_docs_code_14,docs_code,canonical,1,canonical,0,opposite_same_wording,ACTION0_END,V_sufficiency,0.0014220215380191803,30,4,
discovery,exp12_docs_code_14,docs_code,canonical,1,canonical,0,opposite_same_wording,ACTION0_END,V_necessity_loss,0.000709284096956253,30,4,
discovery,exp12_docs_code_00,docs_code,canonical,0,canonical,1,opposite_same_wording,ACTION1_END,V_sufficiency,-0.004180490970611572,30,4,
discovery,exp12_docs_code_00,docs_code,canonical,0,canonical,1,opposite_same_wording,ACTION1_END,V_necessity_loss,-0.0043960511684417725,30,4,
discovery,exp12_docs_code_00,docs_code,canonical,1,canonical,0,opposite_same_wording,ACTION1_END,V_sufficiency,0.00028858333826065063,30,4,
discovery,exp12_docs_code_00,docs_code,canonical,1,canonical,0,opposite_same_wording,ACTION1_END,V_necessity_loss,-0.0005742087960243225,30,4,
discovery,exp12_docs_code_01,docs_code,canonical,0,canonical,1,opposite_same_wording,ACTION1_END,V_sufficiency,0.0007809698581695557,30,4,
discovery,exp12_docs_code_01,docs_code,canonical,0,canonical,1,opposite_same_wording,ACTION1_END,V_necessity_loss,0.0019459128379821777,30,4,
discovery,exp12_docs_code_01,docs_code,canonical,1,canonical,0,opposite_same_wording,ACTION1_END,V_sufficiency,0.00168687105178833,30,4,
discovery,exp12_docs_code_01,docs_code,canonical,1,canonical,0,opposite_same_wording,ACTION1_END,V_necessity_loss,0.0007114186882972717,30,4,
discovery,exp12_docs_code_03,docs_code,canonical,0,canonical,1,opposite_same_wording,ACTION1_END,V_sufficiency,-0.00010898709297180176,30,4,
discovery,exp12_docs_code_03,docs_code,canonical,0,canonical,1,opposite_same_wording,ACTION1_END,V_necessity_loss,-1.5735626220703125e-05,30,4,
discovery,exp12_docs_code_03,docs_code,canonical,1,canonical,0,opposite_same_wording,ACTION1_END,V_sufficiency,-0.0008786097168922424,30,4,
discovery,exp12_docs_code_03,docs_code,canonical,1,canonical,0,opposite_same_wording,ACTION1_END,V_necessity_loss,0.00044005364179611206,30,4,
discovery,exp12_docs_code_08,docs_code,canonical,0,canonical,1,opposite_same_wording,ACTION1_END,V_sufficiency,-6.937980651855469e-05,30,4,
discovery,exp12_docs_code_08,docs_code,canonical,0,canonical,1,opposite_same_wording,ACTION1_END,V_necessity_loss,0.001591503620147705,30,4,
discovery,exp12_docs_code_08,docs_code,canonical,1,canonical,0,opposite_same_wording,ACTION1_END,V_sufficiency,-0.000752132385969162,30,4,
discovery,exp12_docs_code_08,docs_code,canonical,1,canonical,0,opposite_same_wording,ACTION1_END,V_necessity_loss,0.009586315602064133,30,4,
discovery,exp12_docs_code_09,docs_code,canonical,0,canonical,1,opposite_same_wording,ACTION1_END,V_sufficiency,-0.00035449862480163574,30,4,
discovery,exp12_docs_code_09,docs_code,canonical,0,canonical,1,opposite_same_wording,ACTION1_END,V_necessity_loss,0.0004235208034515381,30,4,
discovery,exp12_docs_code_09,docs_code,canonical,1,canonical,0,opposite_same_wording,ACTION1_END,V_sufficiency,0.0006033033132553101,30,4,
discovery,exp12_docs_code_09,docs_code,canonical,1,canonical,0,opposite_same_wording,ACTION1_END,V_necessity_loss,0.008250415325164795,30,4,
discovery,exp12_docs_code_11,docs_code,canonical,0,canonical,1,opposite_same_wording,ACTION1_END,V_sufficiency,0.0055246055126190186,30,4,
discovery,exp12_docs_code_11,docs_code,canonical,0,canonical,1,opposite_same_wording,ACTION1_END,V_necessity_loss,6.854534149169922e-06,30,4,
discovery,exp12_docs_code_11,docs_code,canonical,1,canonical,0,opposite_same_wording,ACTION1_END,V_sufficiency,-0.0005544498562812805,30,4,
discovery,exp12_docs_code_11,docs_code,canonical,1,canonical,0,opposite_same_wording,ACTION1_END,V_necessity_loss,-0.002434954047203064,30,4,
discovery,exp12_docs_code_12,docs_code,canonical,0,canonical,1,opposite_same_wording,ACTION1_END,V_sufficiency,0.0010759830474853516,30,4,
discovery,exp12_docs_code_12,docs_code,canonical,0,canonical,1,opposite_same_wording,ACTION1_END,V_necessity_loss,-0.0010613501071929932,30,4,
discovery,exp12_docs_code_12,docs_code,canonical,1,canonical,0,opposite_same_wording,ACTION1_END,V_sufficiency,-0.0015840604901313782,30,4,
discovery,exp12_docs_code_12,docs_code,canonical,1,canonical,0,opposite_same_wording,ACTION1_END,V_necessity_loss,-0.0008455477654933929,30,4,
discovery,exp12_docs_code_14,docs_code,canonical,0,canonical,1,opposite_same_wording,ACTION1_END,V_sufficiency,7.152557373046875e-06,30,4,
discovery,exp12_docs_code_14,docs_code,canonical,0,canonical,1,opposite_same_wording,ACTION1_END,V_necessity_loss,0.0014359354972839355,30,4,
discovery,exp12_docs_code_14,docs_code,canonical,1,canonical,0,opposite_same_wording,ACTION1_END,V_sufficiency,-0.0010575465857982635,30,4,
discovery,exp12_docs_code_14,docs_code,canonical,1,canonical,0,opposite_same_wording,ACTION1_END,V_necessity_loss,0.0015383325517177582,30,4,
discovery,exp12_docs_code_00,docs_code,canonical,0,canonical,1,opposite_same_wording,FINAL_INSTRUCTION_END,V_sufficiency,0.001923978328704834,30,4,
discovery,exp12_docs_code_00,docs_code,canonical,0,canonical,1,opposite_same_wording,FINAL_INSTRUCTION_END,V_necessity_loss,0.0035171210765838623,30,4,
discovery,exp12_docs_code_00,docs_code,canonical,1,canonical,0,opposite_same_wording,FINAL_INSTRUCTION_END,V_sufficiency,0.0006874129176139832,30,4,
discovery,exp12_docs_code_00,docs_code,canonical,1,canonical,0,opposite_same_wording,FINAL_INSTRUCTION_END,V_necessity_loss,-0.0002873912453651428,30,4,
discovery,exp12_docs_code_01,docs_code,canonical,0,canonical,1,opposite_same_wording,FINAL_INSTRUCTION_END,V_sufficiency,0.003518134355545044,30,4,
discovery,exp12_docs_code_01,docs_code,canonical,0,canonical,1,opposite_same_wording,FINAL_INSTRUCTION_END,V_necessity_loss,0.0031228363513946533,30,4,
discovery,exp12_docs_code_01,docs_code,canonical,1,canonical,0,opposite_same_wording,FINAL_INSTRUCTION_END,V_sufficiency,0.002509795129299164,30,4,
discovery,exp12_docs_code_01,docs_code,canonical,1,canonical,0,opposite_same_wording,FINAL_INSTRUCTION_END,V_necessity_loss,-8.884072303771973e-05,30,4,
discovery,exp12_docs_code_03,docs_code,canonical,0,canonical,1,opposite_same_wording,FINAL_INSTRUCTION_END,V_sufficiency,0.0034466981887817383,30,4,
discovery,exp12_docs_code_03,docs_code,canonical,0,canonical,1,opposite_same_wording,FINAL_INSTRUCTION_END,V_necessity_loss,0.0035648755729198456,30,4,
discovery,exp12_docs_code_03,docs_code,canonical,1,canonical,0,opposite_same_wording,FINAL_INSTRUCTION_END,V_sufficiency,-0.0023433342576026917,30,4,
discovery,exp12_docs_code_03,docs_code,canonical,1,canonical,0,opposite_same_wording,FINAL_INSTRUCTION_END,V_necessity_loss,-9.483844041824341e-05,30,4,
discovery,exp12_docs_code_08,docs_code,canonical,0,canonical,1,opposite_same_wording,FINAL_INSTRUCTION_END,V_sufficiency,0.006947517395019531,30,4,
discovery,exp12_docs_code_08,docs_code,canonical,0,canonical,1,opposite_same_wording,FINAL_INSTRUCTION_END,V_necessity_loss,1.0669231414794922e-05,30,4,
discovery,exp12_docs_code_08,docs_code,canonical,1,canonical,0,opposite_same_wording,FINAL_INSTRUCTION_END,V_sufficiency,0.0014294832944869995,30,4,
discovery,exp12_docs_code_08,docs_code,canonical,1,canonical,0,opposite_same_wording,FINAL_INSTRUCTION_END,V_necessity_loss,0.0008615180850028992,30,4,
discovery,exp12_docs_code_09,docs_code,canonical,0,canonical,1,opposite_same_wording,FINAL_INSTRUCTION_END,V_sufficiency,0.002130746841430664,30,4,
discovery,exp12_docs_code_09,docs_code,canonical,0,canonical,1,opposite_same_wording,FINAL_INSTRUCTION_END,V_necessity_loss,0.0031975209712982178,30,4,
discovery,exp12_docs_code_09,docs_code,canonical,1,canonical,0,opposite_same_wording,FINAL_INSTRUCTION_END,V_sufficiency,0.0012835226953029633,30,4,
discovery,exp12_docs_code_09,docs_code,canonical,1,canonical,0,opposite_same_wording,FINAL_INSTRUCTION_END,V_necessity_loss,0.0007156878709793091,30,4,
discovery,exp12_docs_code_11,docs_code,canonical,0,canonical,1,opposite_same_wording,FINAL_INSTRUCTION_END,V_sufficiency,0.006977558135986328,30,4,
discovery,exp12_docs_code_11,docs_code,canonical,0,canonical,1,opposite_same_wording,FINAL_INSTRUCTION_END,V_necessity_loss,0.008363872766494751,30,4,
discovery,exp12_docs_code_11,docs_code,canonical,1,canonical,0,opposite_same_wording,FINAL_INSTRUCTION_END,V_sufficiency,-0.0005404800176620483,30,4,
discovery,exp12_docs_code_11,docs_code,canonical,1,canonical,0,opposite_same_wording,FINAL_INSTRUCTION_END,V_necessity_loss,0.0022700540721416473,30,4,
discovery,exp12_docs_code_12,docs_code,canonical,0,canonical,1,opposite_same_wording,FINAL_INSTRUCTION_END,V_sufficiency,0.008734673261642456,30,4,
discovery,exp12_docs_code_12,docs_code,canonical,0,canonical,1,opposite_same_wording,FINAL_INSTRUCTION_END,V_necessity_loss,0.0021333694458007812,30,4,
discovery,exp12_docs_code_12,docs_code,canonical,1,canonical,0,opposite_same_wording,FINAL_INSTRUCTION_END,V_sufficiency,-0.0011066272854804993,30,4,
discovery,exp12_docs_code_12,docs_code,canonical,1,canonical,0,opposite_same_wording,FINAL_INSTRUCTION_END,V_necessity_loss,0.009478215128183365,30,4,
discovery,exp12_docs_code_14,docs_code,canonical,0,canonical,1,opposite_same_wording,FINAL_INSTRUCTION_END,V_sufficiency,0.0024732351303100586,30,4,
discovery,exp12_docs_code_14,docs_code,canonical,0,canonical,1,opposite_same_wording,FINAL_INSTRUCTION_END,V_necessity_loss,0.004239976406097412,30,4,
discovery,exp12_docs_code_14,docs_code,canonical,1,canonical,0,opposite_same_wording,FINAL_INSTRUCTION_END,V_sufficiency,0.0010163560509681702,30,4,
discovery,exp12_docs_code_14,docs_code,canonical,1,canonical,0,opposite_same_wording,FINAL_INSTRUCTION_END,V_necessity_loss,0.00021728873252868652,30,4,
discovery,exp12_docs_code_00,docs_code,canonical,0,canonical,1,opposite_same_wording,USER_END,V_sufficiency,0.001923978328704834,30,4,
discovery,exp12_docs_code_00,docs_code,canonical,0,canonical,1,opposite_same_wording,USER_END,V_necessity_loss,0.0035171210765838623,30,4,
discovery,exp12_docs_code_00,docs_code,canonical,1,canonical,0,opposite_same_wording,USER_END,V_sufficiency,0.0006874129176139832,30,4,
discovery,exp12_docs_code_00,docs_code,canonical,1,canonical,0,opposite_same_wording,USER_END,V_necessity_loss,-0.0002873912453651428,30,4,
discovery,exp12_docs_code_01,docs_code,canonical,0,canonical,1,opposite_same_wording,USER_END,V_sufficiency,0.003518134355545044,30,4,
discovery,exp12_docs_code_01,docs_code,canonical,0,canonical,1,opposite_same_wording,USER_END,V_necessity_loss,0.0031228363513946533,30,4,
discovery,exp12_docs_code_01,docs_code,canonical,1,canonical,0,opposite_same_wording,USER_END,V_sufficiency,0.002509795129299164,30,4,
discovery,exp12_docs_code_01,docs_code,canonical,1,canonical,0,opposite_same_wording,USER_END,V_necessity_loss,-8.884072303771973e-05,30,4,
discovery,exp12_docs_code_03,docs_code,canonical,0,canonical,1,opposite_same_wording,USER_END,V_sufficiency,0.0034466981887817383,30,4,
discovery,exp12_docs_code_03,docs_code,canonical,0,canonical,1,opposite_same_wording,USER_END,V_necessity_loss,0.0035648755729198456,30,4,
discovery,exp12_docs_code_03,docs_code,canonical,1,canonical,0,opposite_same_wording,USER_END,V_sufficiency,-0.0023433342576026917,30,4,
discovery,exp12_docs_code_03,docs_code,canonical,1,canonical,0,opposite_same_wording,USER_END,V_necessity_loss,-9.483844041824341e-05,30,4,
discovery,exp12_docs_code_08,docs_code,canonical,0,canonical,1,opposite_same_wording,USER_END,V_sufficiency,0.006947517395019531,30,4,
discovery,exp12_docs_code_08,docs_code,canonical,0,canonical,1,opposite_same_wording,USER_END,V_necessity_loss,1.0669231414794922e-05,30,4,
discovery,exp12_docs_code_08,docs_code,canonical,1,canonical,0,opposite_same_wording,USER_END,V_sufficiency,0.0014294832944869995,30,4,
discovery,exp12_docs_code_08,docs_code,canonical,1,canonical,0,opposite_same_wording,USER_END,V_necessity_loss,0.0008615180850028992,30,4,
discovery,exp12_docs_code_09,docs_code,canonical,0,canonical,1,opposite_same_wording,USER_END,V_sufficiency,0.002130746841430664,30,4,
discovery,exp12_docs_code_09,docs_code,canonical,0,canonical,1,opposite_same_wording,USER_END,V_necessity_loss,0.0031975209712982178,30,4,
discovery,exp12_docs_code_09,docs_code,canonical,1,canonical,0,opposite_same_wording,USER_END,V_sufficiency,0.0012835226953029633,30,4,
discovery,exp12_docs_code_09,docs_code,canonical,1,canonical,0,opposite_same_wording,USER_END,V_necessity_loss,0.0007156878709793091,30,4,
discovery,exp12_docs_code_11,docs_code,canonical,0,canonical,1,opposite_same_wording,USER_END,V_sufficiency,0.006977558135986328,30,4,
discovery,exp12_docs_code_11,docs_code,canonical,0,canonical,1,opposite_same_wording,USER_END,V_necessity_loss,0.008363872766494751,30,4,
discovery,exp12_docs_code_11,docs_code,canonical,1,canonical,0,opposite_same_wording,USER_END,V_sufficiency,-0.0005404800176620483,30,4,
discovery,exp12_docs_code_11,docs_code,canonical,1,canonical,0,opposite_same_wording,USER_END,V_necessity_loss,0.0022700540721416473,30,4,
discovery,exp12_docs_code_12,docs_code,canonical,0,canonical,1,opposite_same_wording,USER_END,V_sufficiency,0.008734673261642456,30,4,
discovery,exp12_docs_code_12,docs_code,canonical,0,canonical,1,opposite_same_wording,USER_END,V_necessity_loss,0.0021333694458007812,30,4,
discovery,exp12_docs_code_12,docs_code,canonical,1,canonical,0,opposite_same_wording,USER_END,V_sufficiency,-0.0011066272854804993,30,4,
discovery,exp12_docs_code_12,docs_code,canonical,1,canonical,0,opposite_same_wording,USER_END,V_necessity_loss,0.009478215128183365,30,4,
discovery,exp12_docs_code_14,docs_code,canonical,0,canonical,1,opposite_same_wording,USER_END,V_sufficiency,0.0024732351303100586,30,4,
discovery,exp12_docs_code_14,docs_code,canonical,0,canonical,1,opposite_same_wording,USER_END,V_necessity_loss,0.004239976406097412,30,4,
discovery,exp12_docs_code_14,docs_code,canonical,1,canonical,0,opposite_same_wording,USER_END,V_sufficiency,0.0010163560509681702,30,4,
discovery,exp12_docs_code_14,docs_code,canonical,1,canonical,0,opposite_same_wording,USER_END,V_necessity_loss,0.00021728873252868652,30,4,
discovery,exp12_docs_code_00,docs_code,canonical,0,canonical,1,opposite_same_wording,GENERATION_BOUNDARY,V_sufficiency,0.17359423637390137,30,4,
discovery,exp12_docs_code_00,docs_code,canonical,0,canonical,1,opposite_same_wording,GENERATION_BOUNDARY,V_necessity_loss,0.12335791811347008,30,4,
discovery,exp12_docs_code_00,docs_code,canonical,1,canonical,0,opposite_same_wording,GENERATION_BOUNDARY,V_sufficiency,0.11157010495662689,30,4,
discovery,exp12_docs_code_00,docs_code,canonical,1,canonical,0,opposite_same_wording,GENERATION_BOUNDARY,V_necessity_loss,0.15851524472236633,30,4,
discovery,exp12_docs_code_01,docs_code,canonical,0,canonical,1,opposite_same_wording,GENERATION_BOUNDARY,V_sufficiency,0.20030760765075684,30,4,
discovery,exp12_docs_code_01,docs_code,canonical,0,canonical,1,opposite_same_wording,GENERATION_BOUNDARY,V_necessity_loss,0.15992802008986473,30,4,
discovery,exp12_docs_code_01,docs_code,canonical,1,canonical,0,opposite_same_wording,GENERATION_BOUNDARY,V_sufficiency,0.13237489759922028,30,4,
discovery,exp12_docs_code_01,docs_code,canonical,1,canonical,0,opposite_same_wording,GENERATION_BOUNDARY,V_necessity_loss,0.18814289569854736,30,4,
discovery,exp12_docs_code_03,docs_code,canonical,0,canonical,1,opposite_same_wording,GENERATION_BOUNDARY,V_sufficiency,0.168597761541605,30,4,
discovery,exp12_docs_code_03,docs_code,canonical,0,canonical,1,opposite_same_wording,GENERATION_BOUNDARY,V_necessity_loss,0.14965074509382248,30,4,
discovery,exp12_docs_code_03,docs_code,canonical,1,canonical,0,opposite_same_wording,GENERATION_BOUNDARY,V_sufficiency,0.12929172813892365,30,4,
discovery,exp12_docs_code_03,docs_code,canonical,1,canonical,0,opposite_same_wording,GENERATION_BOUNDARY,V_necessity_loss,0.15518679842352867,30,4,
discovery,exp12_docs_code_08,docs_code,canonical,0,canonical,1,opposite_same_wording,GENERATION_BOUNDARY,V_sufficiency,0.19156160950660706,30,4,
discovery,exp12_docs_code_08,docs_code,canonical,0,canonical,1,opposite_same_wording,GENERATION_BOUNDARY,V_necessity_loss,0.12818403728306293,30,4,
discovery,exp12_docs_code_08,docs_code,canonical,1,canonical,0,opposite_same_wording,GENERATION_BOUNDARY,V_sufficiency,0.10634368285536766,30,4,
discovery,exp12_docs_code_08,docs_code,canonical,1,canonical,0,opposite_same_wording,GENERATION_BOUNDARY,V_necessity_loss,0.1696176826953888,30,4,
discovery,exp12_docs_code_09,docs_code,canonical,0,canonical,1,opposite_same_wording,GENERATION_BOUNDARY,V_sufficiency,0.16142141819000244,30,4,
discovery,exp12_docs_code_09,docs_code,canonical,0,canonical,1,opposite_same_wording,GENERATION_BOUNDARY,V_necessity_loss,0.11579583771526814,30,4,
discovery,exp12_docs_code_09,docs_code,canonical,1,canonical,0,opposite_same_wording,GENERATION_BOUNDARY,V_sufficiency,0.10531074181199074,30,4,
discovery,exp12_docs_code_09,docs_code,canonical,1,canonical,0,opposite_same_wording,GENERATION_BOUNDARY,V_necessity_loss,0.1412924826145172,30,4,
discovery,exp12_docs_code_11,docs_code,canonical,0,canonical,1,opposite_same_wording,GENERATION_BOUNDARY,V_sufficiency,0.17407122254371643,30,4,
discovery,exp12_docs_code_11,docs_code,canonical,0,canonical,1,opposite_same_wording,GENERATION_BOUNDARY,V_necessity_loss,0.14217012003064156,30,4,
discovery,exp12_docs_code_11,docs_code,canonical,1,canonical,0,opposite_same_wording,GENERATION_BOUNDARY,V_sufficiency,0.12805747985839844,30,4,
discovery,exp12_docs_code_11,docs_code,canonical,1,canonical,0,opposite_same_wording,GENERATION_BOUNDARY,V_necessity_loss,0.1591346263885498,30,4,
discovery,exp12_docs_code_12,docs_code,canonical,0,canonical,1,opposite_same_wording,GENERATION_BOUNDARY,V_sufficiency,0.17351770401000977,30,4,
discovery,exp12_docs_code_12,docs_code,canonical,0,canonical,1,opposite_same_wording,GENERATION_BOUNDARY,V_necessity_loss,0.13968421891331673,30,4,
discovery,exp12_docs_code_12,docs_code,canonical,1,canonical,0,opposite_same_wording,GENERATION_BOUNDARY,V_sufficiency,0.11765219271183014,30,4,
discovery,exp12_docs_code_12,docs_code,canonical,1,canonical,0,opposite_same_wording,GENERATION_BOUNDARY,V_necessity_loss,0.14611366391181946,30,4,
discovery,exp12_docs_code_14,docs_code,canonical,0,canonical,1,opposite_same_wording,GENERATION_BOUNDARY,V_sufficiency,0.19051045179367065,30,4,
discovery,exp12_docs_code_14,docs_code,canonical,0,canonical,1,opposite_same_wording,GENERATION_BOUNDARY,V_necessity_loss,0.16494753398001194,30,4,
discovery,exp12_docs_code_14,docs_code,canonical,1,canonical,0,opposite_same_wording,GENERATION_BOUNDARY,V_sufficiency,0.1467757746577263,30,4,
discovery,exp12_docs_code_14,docs_code,canonical,1,canonical,0,opposite_same_wording,GENERATION_BOUNDARY,V_necessity_loss,0.16759932041168213,30,4,
discovery,exp12_docs_code_00,docs_code,paraphrase,0,paraphrase,1,opposite_same_wording,SKILL_END,V_sufficiency,0.001558154821395874,30,4,
discovery,exp12_docs_code_00,docs_code,paraphrase,0,paraphrase,1,opposite_same_wording,SKILL_END,V_necessity_loss,0.001550137996673584,30,4,
discovery,exp12_docs_code_00,docs_code,paraphrase,1,paraphrase,0,opposite_same_wording,SKILL_END,V_sufficiency,0.0005015060305595398,30,4,
discovery,exp12_docs_code_00,docs_code,paraphrase,1,paraphrase,0,opposite_same_wording,SKILL_END,V_necessity_loss,-0.000536307692527771,30,4,
discovery,exp12_docs_code_01,docs_code,paraphrase,0,paraphrase,1,opposite_same_wording,SKILL_END,V_sufficiency,0.003126084804534912,30,4,
discovery,exp12_docs_code_01,docs_code,paraphrase,0,paraphrase,1,opposite_same_wording,SKILL_END,V_necessity_loss,0.001554936170578003,30,4,
discovery,exp12_docs_code_01,docs_code,paraphrase,1,paraphrase,0,opposite_same_wording,SKILL_END,V_sufficiency,-0.0006844699382781982,30,4,
discovery,exp12_docs_code_01,docs_code,paraphrase,1,paraphrase,0,opposite_same_wording,SKILL_END,V_necessity_loss,0.002839505672454834,30,4,
discovery,exp12_docs_code_03,docs_code,paraphrase,0,paraphrase,1,opposite_same_wording,SKILL_END,V_sufficiency,-0.0028408169746398926,30,4,
discovery,exp12_docs_code_03,docs_code,paraphrase,0,paraphrase,1,opposite_same_wording,SKILL_END,V_necessity_loss,0.0014200955629348755,30,4,
discovery,exp12_docs_code_03,docs_code,paraphrase,1,paraphrase,0,opposite_same_wording,SKILL_END,V_sufficiency,0.0007769539952278137,30,4,
discovery,exp12_docs_code_03,docs_code,paraphrase,1,paraphrase,0,opposite_same_wording,SKILL_END,V_necessity_loss,0.000390470027923584,30,4,
discovery,exp12_docs_code_08,docs_code,paraphrase,0,paraphrase,1,opposite_same_wording,SKILL_END,V_sufficiency,0.005726873874664307,30,4,
discovery,exp12_docs_code_08,docs_code,paraphrase,0,paraphrase,1,opposite_same_wording,SKILL_END,V_necessity_loss,-0.0023688077926635742,30,4,
discovery,exp12_docs_code_08,docs_code,paraphrase,1,paraphrase,0,opposite_same_wording,SKILL_END,V_sufficiency,0.001041114330291748,30,4,
discovery,exp12_docs_code_08,docs_code,paraphrase,1,paraphrase,0,opposite_same_wording,SKILL_END,V_necessity_loss,-0.0005204379558563232,30,4,
discovery,exp12_docs_code_09,docs_code,paraphrase,0,paraphrase,1,opposite_same_wording,SKILL_END,V_sufficiency,0.0028695762157440186,30,4,
discovery,exp12_docs_code_09,docs_code,paraphrase,0,paraphrase,1,opposite_same_wording,SKILL_END,V_necessity_loss,0.004177302122116089,30,4,
discovery,exp12_docs_code_09,docs_code,paraphrase,1,paraphrase,0,opposite_same_wording,SKILL_END,V_sufficiency,-0.0005283914506435394,30,4,
discovery,exp12_docs_code_09,docs_code,paraphrase,1,paraphrase,0,opposite_same_wording,SKILL_END,V_necessity_loss,-0.000513862818479538,30,4,
discovery,exp12_docs_code_11,docs_code,paraphrase,0,paraphrase,1,opposite_same_wording,SKILL_END,V_sufficiency,0.0014104098081588745,30,4,
discovery,exp12_docs_code_11,docs_code,paraphrase,0,paraphrase,1,opposite_same_wording,SKILL_END,V_necessity_loss,0.002840399742126465,30,4,
discovery,exp12_docs_code_11,docs_code,paraphrase,1,paraphrase,0,opposite_same_wording,SKILL_END,V_sufficiency,0.0008208043873310089,30,4,
discovery,exp12_docs_code_11,docs_code,paraphrase,1,paraphrase,0,opposite_same_wording,SKILL_END,V_necessity_loss,1.3269484043121338e-05,30,4,
discovery,exp12_docs_code_12,docs_code,paraphrase,0,paraphrase,1,opposite_same_wording,SKILL_END,V_sufficiency,3.933906555175781e-06,30,4,
discovery,exp12_docs_code_12,docs_code,paraphrase,0,paraphrase,1,opposite_same_wording,SKILL_END,V_necessity_loss,-3.635883331298828e-06,30,4,
discovery,exp12_docs_code_12,docs_code,paraphrase,1,paraphrase,0,opposite_same_wording,SKILL_END,V_sufficiency,0.0024040937423706055,30,4,
discovery,exp12_docs_code_12,docs_code,paraphrase,1,paraphrase,0,opposite_same_wording,SKILL_END,V_necessity_loss,-0.0006007030606269836,30,4,
discovery,exp12_docs_code_14,docs_code,paraphrase,0,paraphrase,1,opposite_same_wording,SKILL_END,V_sufficiency,0.0014219284057617188,30,4,
discovery,exp12_docs_code_14,docs_code,paraphrase,0,paraphrase,1,opposite_same_wording,SKILL_END,V_necessity_loss,-0.0014185309410095215,30,4,
discovery,exp12_docs_code_14,docs_code,paraphrase,1,paraphrase,0,opposite_same_wording,SKILL_END,V_sufficiency,-0.0013025924563407898,30,4,
discovery,exp12_docs_code_14,docs_code,paraphrase,1,paraphrase,0,opposite_same_wording,SKILL_END,V_necessity_loss,-0.011341389268636703,30,4,
discovery,exp12_docs_code_00,docs_code,paraphrase,0,paraphrase,1,opposite_same_wording,SYSTEM_END,V_sufficiency,0.0015581846237182617,30,4,
discovery,exp12_docs_code_00,docs_code,paraphrase,0,paraphrase,1,opposite_same_wording,SYSTEM_END,V_necessity_loss,5.304813385009766e-06,30,4,
discovery,exp12_docs_code_00,docs_code,paraphrase,1,paraphrase,0,opposite_same_wording,SYSTEM_END,V_sufficiency,1.4901161193847656e-08,30,4,
discovery,exp12_docs_code_00,docs_code,paraphrase,1,paraphrase,0,opposite_same_wording,SYSTEM_END,V_necessity_loss,0.013549335300922394,30,4,
discovery,exp12_docs_code_01,docs_code,paraphrase,0,paraphrase,1,opposite_same_wording,SYSTEM_END,V_sufficiency,0.001564621925354004,30,4,
discovery,exp12_docs_code_01,docs_code,paraphrase,0,paraphrase,1,opposite_same_wording,SYSTEM_END,V_necessity_loss,-6.556510925292969e-07,30,4,
discovery,exp12_docs_code_01,docs_code,paraphrase,1,paraphrase,0,opposite_same_wording,SYSTEM_END,V_sufficiency,-0.0004969239234924316,30,4,
discovery,exp12_docs_code_01,docs_code,paraphrase,1,paraphrase,0,opposite_same_wording,SYSTEM_END,V_necessity_loss,-2.6881694793701172e-05,30,4,
discovery,exp12_docs_code_03,docs_code,paraphrase,0,paraphrase,1,opposite_same_wording,SYSTEM_END,V_sufficiency,0.0004830881953239441,30,4,
discovery,exp12_docs_code_03,docs_code,paraphrase,0,paraphrase,1,opposite_same_wording,SYSTEM_END,V_necessity_loss,-0.01191268116235733,30,4,
discovery,exp12_docs_code_03,docs_code,paraphrase,1,paraphrase,0,opposite_same_wording,SYSTEM_END,V_sufficiency,-1.4901161193847656e-07,30,4,
discovery,exp12_docs_code_03,docs_code,paraphrase,1,paraphrase,0,opposite_same_wording,SYSTEM_END,V_necessity_loss,0.0007819384336471558,30,4,
discovery,exp12_docs_code_08,docs_code,paraphrase,0,paraphrase,1,opposite_same_wording,SYSTEM_END,V_sufficiency,0.0007805824279785156,30,4,
discovery,exp12_docs_code_08,docs_code,paraphrase,0,paraphrase,1,opposite_same_wording,SYSTEM_END,V_necessity_loss,-0.0007833242416381836,30,4,
discovery,exp12_docs_code_08,docs_code,paraphrase,1,paraphrase,0,opposite_same_wording,SYSTEM_END,V_sufficiency,-7.972121238708496e-07,30,4,
discovery,exp12_docs_code_08,docs_code,paraphrase,1,paraphrase,0,opposite_same_wording,SYSTEM_END,V_necessity_loss,0.0020342543721199036,30,4,
discovery,exp12_docs_code_09,docs_code,paraphrase,0,paraphrase,1,opposite_same_wording,SYSTEM_END,V_sufficiency,0.00145035982131958,30,4,
discovery,exp12_docs_code_09,docs_code,paraphrase,0,paraphrase,1,opposite_same_wording,SYSTEM_END,V_necessity_loss,-0.0014204978942871094,30,4,
discovery,exp12_docs_code_09,docs_code,paraphrase,1,paraphrase,0,opposite_same_wording,SYSTEM_END,V_sufficiency,0.0005206018686294556,30,4,
discovery,exp12_docs_code_09,docs_code,paraphrase,1,paraphrase,0,opposite_same_wording,SYSTEM_END,V_necessity_loss,0.00925116240978241,30,4,
discovery,exp12_docs_code_11,docs_code,paraphrase,0,paraphrase,1,opposite_same_wording,SYSTEM_END,V_sufficiency,9.5367431640625e-06,30,4,
discovery,exp12_docs_code_11,docs_code,paraphrase,0,paraphrase,1,opposite_same_wording,SYSTEM_END,V_necessity_loss,0.0014213472604751587,30,4,
discovery,exp12_docs_code_11,docs_code,paraphrase,1,paraphrase,0,opposite_same_wording,SYSTEM_END,V_sufficiency,-0.0008105449378490448,30,4,
discovery,exp12_docs_code_11,docs_code,paraphrase,1,paraphrase,0,opposite_same_wording,SYSTEM_END,V_necessity_loss,0.000387776643037796,30,4,
discovery,exp12_docs_code_12,docs_code,paraphrase,0,paraphrase,1,opposite_same_wording,SYSTEM_END,V_sufficiency,0.0014156103134155273,30,4,
discovery,exp12_docs_code_12,docs_code,paraphrase,0,paraphrase,1,opposite_same_wording,SYSTEM_END,V_necessity_loss,0.0014241337776184082,30,4,
discovery,exp12_docs_code_12,docs_code,paraphrase,1,paraphrase,0,opposite_same_wording,SYSTEM_END,V_sufficiency,0.0005839988589286804,30,4,
discovery,exp12_docs_code_12,docs_code,paraphrase,1,paraphrase,0,opposite_same_wording,SYSTEM_END,V_necessity_loss,-3.7997961044311523e-07,30,4,
discovery,exp12_docs_code_14,docs_code,paraphrase,0,paraphrase,1,opposite_same_wording,SYSTEM_END,V_sufficiency,8.940696716308594e-07,30,4,
discovery,exp12_docs_code_14,docs_code,paraphrase,0,paraphrase,1,opposite_same_wording,SYSTEM_END,V_necessity_loss,-0.0014238357543945312,30,4,
discovery,exp12_docs_code_14,docs_code,paraphrase,1,paraphrase,0,opposite_same_wording,SYSTEM_END,V_sufficiency,0.0008583739399909973,30,4,
discovery,exp12_docs_code_14,docs_code,paraphrase,1,paraphrase,0,opposite_same_wording,SYSTEM_END,V_necessity_loss,0.00043354183435440063,30,4,
discovery,exp12_docs_code_00,docs_code,paraphrase,0,paraphrase,1,opposite_same_wording,ISSUE_END,V_sufficiency,-5.7220458984375e-06,30,4,
discovery,exp12_docs_code_00,docs_code,paraphrase,0,paraphrase,1,opposite_same_wording,ISSUE_END,V_necessity_loss,-9.775161743164062e-06,30,4,
discovery,exp12_docs_code_00,docs_code,paraphrase,1,paraphrase,0,opposite_same_wording,ISSUE_END,V_sufficiency,0.0005187615752220154,30,4,
discovery,exp12_docs_code_00,docs_code,paraphrase,1,paraphrase,0,opposite_same_wording,ISSUE_END,V_necessity_loss,-0.0020827651023864746,30,4,
discovery,exp12_docs_code_01,docs_code,paraphrase,0,paraphrase,1,opposite_same_wording,ISSUE_END,V_sufficiency,0.0015636980533599854,30,4,
discovery,exp12_docs_code_01,docs_code,paraphrase,0,paraphrase,1,opposite_same_wording,ISSUE_END,V_necessity_loss,-2.980232238769531e-07,30,4,
discovery,exp12_docs_code_01,docs_code,paraphrase,1,paraphrase,0,opposite_same_wording,ISSUE_END,V_sufficiency,0.002130180597305298,30,4,
discovery,exp12_docs_code_01,docs_code,paraphrase,1,paraphrase,0,opposite_same_wording,ISSUE_END,V_necessity_loss,-0.0023448988795280457,30,4,
discovery,exp12_docs_code_03,docs_code,paraphrase,0,paraphrase,1,opposite_same_wording,ISSUE_END,V_sufficiency,-3.203749656677246e-07,30,4,
discovery,exp12_docs_code_03,docs_code,paraphrase,0,paraphrase,1,opposite_same_wording,ISSUE_END,V_necessity_loss,0.001421801745891571,30,4,
discovery,exp12_docs_code_03,docs_code,paraphrase,1,paraphrase,0,opposite_same_wording,ISSUE_END,V_sufficiency,0.0023387372493743896,30,4,
discovery,exp12_docs_code_03,docs_code,paraphrase,1,paraphrase,0,opposite_same_wording,ISSUE_END,V_necessity_loss,-0.0007809251546859741,30,4,
discovery,exp12_docs_code_08,docs_code,paraphrase,0,paraphrase,1,opposite_same_wording,ISSUE_END,V_sufficiency,-0.0007871389389038086,30,4,
discovery,exp12_docs_code_08,docs_code,paraphrase,0,paraphrase,1,opposite_same_wording,ISSUE_END,V_necessity_loss,-0.0007802844047546387,30,4,
discovery,exp12_docs_code_08,docs_code,paraphrase,1,paraphrase,0,opposite_same_wording,ISSUE_END,V_sufficiency,0.000520557165145874,30,4,
discovery,exp12_docs_code_08,docs_code,paraphrase,1,paraphrase,0,opposite_same_wording,ISSUE_END,V_necessity_loss,-0.010089963674545288,30,4,
discovery,exp12_docs_code_09,docs_code,paraphrase,0,paraphrase,1,opposite_same_wording,ISSUE_END,V_sufficiency,0.0014500021934509277,30,4,
discovery,exp12_docs_code_09,docs_code,paraphrase,0,paraphrase,1,opposite_same_wording,ISSUE_END,V_necessity_loss,-4.172325134277344e-07,30,4,
discovery,exp12_docs_code_09,docs_code,paraphrase,1,paraphrase,0,opposite_same_wording,ISSUE_END,V_sufficiency,-0.000521443784236908,30,4,
discovery,exp12_docs_code_09,docs_code,paraphrase,1,paraphrase,0,opposite_same_wording,ISSUE_END,V_necessity_loss,-0.001041896641254425,30,4,
discovery,exp12_docs_code_11,docs_code,paraphrase,0,paraphrase,1,opposite_same_wording,ISSUE_END,V_sufficiency,4.798173904418945e-06,30,4,
discovery,exp12_docs_code_11,docs_code,paraphrase,0,paraphrase,1,opposite_same_wording,ISSUE_END,V_necessity_loss,-0.004257515072822571,30,4,
discovery,exp12_docs_code_11,docs_code,paraphrase,1,paraphrase,0,opposite_same_wording,ISSUE_END,V_sufficiency,0.00040655210614204407,30,4,
discovery,exp12_docs_code_11,docs_code,paraphrase,1,paraphrase,0,opposite_same_wording,ISSUE_END,V_necessity_loss,-0.0003273375332355499,30,4,
discovery,exp12_docs_code_12,docs_code,paraphrase,0,paraphrase,1,opposite_same_wording,ISSUE_END,V_sufficiency,-3.5762786865234375e-07,30,4,
discovery,exp12_docs_code_12,docs_code,paraphrase,0,paraphrase,1,opposite_same_wording,ISSUE_END,V_necessity_loss,-1.1920928955078125e-06,30,4,
discovery,exp12_docs_code_12,docs_code,paraphrase,1,paraphrase,0,opposite_same_wording,ISSUE_END,V_sufficiency,-1.741945743560791e-05,30,4,
discovery,exp12_docs_code_12,docs_code,paraphrase,1,paraphrase,0,opposite_same_wording,ISSUE_END,V_necessity_loss,0.00240442156791687,30,4,
discovery,exp12_docs_code_14,docs_code,paraphrase,0,paraphrase,1,opposite_same_wording,ISSUE_END,V_sufficiency,-0.001423656940460205,30,4,
discovery,exp12_docs_code_14,docs_code,paraphrase,0,paraphrase,1,opposite_same_wording,ISSUE_END,V_necessity_loss,1.4424324035644531e-05,30,4,
discovery,exp12_docs_code_14,docs_code,paraphrase,1,paraphrase,0,opposite_same_wording,ISSUE_END,V_sufficiency,-0.010494090616703033,30,4,
discovery,exp12_docs_code_14,docs_code,paraphrase,1,paraphrase,0,opposite_same_wording,ISSUE_END,V_necessity_loss,0.002603672444820404,30,4,
discovery,exp12_docs_code_00,docs_code,paraphrase,0,paraphrase,1,opposite_same_wording,DETAIL_END,V_sufficiency,-2.384185791015625e-07,30,4,
discovery,exp12_docs_code_00,docs_code,paraphrase,0,paraphrase,1,opposite_same_wording,DETAIL_END,V_necessity_loss,-1.049041748046875e-05,30,4,
discovery,exp12_docs_code_00,docs_code,paraphrase,1,paraphrase,0,opposite_same_wording,DETAIL_END,V_sufficiency,-0.0099053755402565,30,4,
discovery,exp12_docs_code_00,docs_code,paraphrase,1,paraphrase,0,opposite_same_wording,DETAIL_END,V_necessity_loss,-0.00990399718284607,30,4,
discovery,exp12_docs_code_01,docs_code,paraphrase,0,paraphrase,1,opposite_same_wording,DETAIL_END,V_sufficiency,0.001563429832458496,30,4,
discovery,exp12_docs_code_01,docs_code,paraphrase,0,paraphrase,1,opposite_same_wording,DETAIL_END,V_necessity_loss,2.980232238769531e-07,30,4,
discovery,exp12_docs_code_01,docs_code,paraphrase,1,paraphrase,0,opposite_same_wording,DETAIL_END,V_sufficiency,-0.0006840303540229797,30,4,
discovery,exp12_docs_code_01,docs_code,paraphrase,1,paraphrase,0,opposite_same_wording,DETAIL_END,V_necessity_loss,-0.0013941898941993713,30,4,
discovery,exp12_docs_code_03,docs_code,paraphrase,0,paraphrase,1,opposite_same_wording,DETAIL_END,V_sufficiency,-7.599592208862305e-07,30,4,
discovery,exp12_docs_code_03,docs_code,paraphrase,0,paraphrase,1,opposite_same_wording,DETAIL_END,V_necessity_loss,-0.010494045913219452,30,4,
discovery,exp12_docs_code_03,docs_code,paraphrase,1,paraphrase,0,opposite_same_wording,DETAIL_END,V_sufficiency,-0.0007867217063903809,30,4,
discovery,exp12_docs_code_03,docs_code,paraphrase,1,paraphrase,0,opposite_same_wording,DETAIL_END,V_necessity_loss,5.662441253662109e-07,30,4,
discovery,exp12_docs_code_08,docs_code,paraphrase,0,paraphrase,1,opposite_same_wording,DETAIL_END,V_sufficiency,0.0008037090301513672,30,4,
discovery,exp12_docs_code_08,docs_code,paraphrase,0,paraphrase,1,opposite_same_wording,DETAIL_END,V_necessity_loss,0.0023644566535949707,30,4,
discovery,exp12_docs_code_08,docs_code,paraphrase,1,paraphrase,0,opposite_same_wording,DETAIL_END,V_sufficiency,0.0005206242203712463,30,4,
discovery,exp12_docs_code_08,docs_code,paraphrase,1,paraphrase,0,opposite_same_wording,DETAIL_END,V_necessity_loss,0.0005219951272010803,30,4,
discovery,exp12_docs_code_09,docs_code,paraphrase,0,paraphrase,1,opposite_same_wording,DETAIL_END,V_sufficiency,0.001419365406036377,30,4,
discovery,exp12_docs_code_09,docs_code,paraphrase,0,paraphrase,1,opposite_same_wording,DETAIL_END,V_necessity_loss,5.364418029785156e-06,30,4,
discovery,exp12_docs_code_09,docs_code,paraphrase,1,paraphrase,0,opposite_same_wording,DETAIL_END,V_sufficiency,-7.82310962677002e-06,30,4,
discovery,exp12_docs_code_09,docs_code,paraphrase,1,paraphrase,0,opposite_same_wording,DETAIL_END,V_necessity_loss,-0.0010625198483467102,30,4,
discovery,exp12_docs_code_11,docs_code,paraphrase,0,paraphrase,1,opposite_same_wording,DETAIL_END,V_sufficiency,-1.8015503883361816e-05,30,4,
discovery,exp12_docs_code_11,docs_code,paraphrase,0,paraphrase,1,opposite_same_wording,DETAIL_END,V_necessity_loss,-0.0013215690851211548,30,4,
discovery,exp12_docs_code_11,docs_code,paraphrase,1,paraphrase,0,opposite_same_wording,DETAIL_END,V_sufficiency,0.0015676096081733704,30,4,
discovery,exp12_docs_code_11,docs_code,paraphrase,1,paraphrase,0,opposite_same_wording,DETAIL_END,V_necessity_loss,0.000781714916229248,30,4,
discovery,exp12_docs_code_12,docs_code,paraphrase,0,paraphrase,1,opposite_same_wording,DETAIL_END,V_sufficiency,0.0014237165451049805,30,4,
discovery,exp12_docs_code_12,docs_code,paraphrase,0,paraphrase,1,opposite_same_wording,DETAIL_END,V_necessity_loss,-4.172325134277344e-06,30,4,
discovery,exp12_docs_code_12,docs_code,paraphrase,1,paraphrase,0,opposite_same_wording,DETAIL_END,V_sufficiency,0.001202911138534546,30,4,
discovery,exp12_docs_code_12,docs_code,paraphrase,1,paraphrase,0,opposite_same_wording,DETAIL_END,V_necessity_loss,0.0006024539470672607,30,4,
discovery,exp12_docs_code_14,docs_code,paraphrase,0,paraphrase,1,opposite_same_wording,DETAIL_END,V_sufficiency,7.748603820800781e-07,30,4,
discovery,exp12_docs_code_14,docs_code,paraphrase,0,paraphrase,1,opposite_same_wording,DETAIL_END,V_necessity_loss,-0.0014194846153259277,30,4,
discovery,exp12_docs_code_14,docs_code,paraphrase,1,paraphrase,0,opposite_same_wording,DETAIL_END,V_sufficiency,-0.00044479966163635254,30,4,
discovery,exp12_docs_code_14,docs_code,paraphrase,1,paraphrase,0,opposite_same_wording,DETAIL_END,V_necessity_loss,-0.012218602001667023,30,4,
discovery,exp12_docs_code_00,docs_code,paraphrase,0,paraphrase,1,opposite_same_wording,ACTION0_END,V_sufficiency,-5.4836273193359375e-06,30,4,
discovery,exp12_docs_code_00,docs_code,paraphrase,0,paraphrase,1,opposite_same_wording,ACTION0_END,V_necessity_loss,0.0015622377395629883,30,4,
discovery,exp12_docs_code_00,docs_code,paraphrase,1,paraphrase,0,opposite_same_wording,ACTION0_END,V_sufficiency,-0.010946400463581085,30,4,
discovery,exp12_docs_code_00,docs_code,paraphrase,1,paraphrase,0,opposite_same_wording,ACTION0_END,V_necessity_loss,0.0010450631380081177,30,4,
discovery,exp12_docs_code_01,docs_code,paraphrase,0,paraphrase,1,opposite_same_wording,ACTION0_END,V_sufficiency,1.7583370208740234e-06,30,4,
discovery,exp12_docs_code_01,docs_code,paraphrase,0,paraphrase,1,opposite_same_wording,ACTION0_END,V_necessity_loss,4.76837158203125e-07,30,4,
discovery,exp12_docs_code_01,docs_code,paraphrase,1,paraphrase,0,opposite_same_wording,ACTION0_END,V_sufficiency,-0.000709235668182373,30,4,
discovery,exp12_docs_code_01,docs_code,paraphrase,1,paraphrase,0,opposite_same_wording,ACTION0_END,V_necessity_loss,2.7313828468322754e-05,30,4,
discovery,exp12_docs_code_03,docs_code,paraphrase,0,paraphrase,1,opposite_same_wording,ACTION0_END,V_sufficiency,0.00048269331455230713,30,4,
discovery,exp12_docs_code_03,docs_code,paraphrase,0,paraphrase,1,opposite_same_wording,ACTION0_END,V_necessity_loss,0.0009334534406661987,30,4,
discovery,exp12_docs_code_03,docs_code,paraphrase,1,paraphrase,0,opposite_same_wording,ACTION0_END,V_sufficiency,0.0011675134301185608,30,4,
discovery,exp12_docs_code_03,docs_code,paraphrase,1,paraphrase,0,opposite_same_wording,ACTION0_END,V_necessity_loss,-0.0007829293608665466,30,4,
discovery,exp12_docs_code_08,docs_code,paraphrase,0,paraphrase,1,opposite_same_wording,ACTION0_END,V_sufficiency,-0.0007851719856262207,30,4,
discovery,exp12_docs_code_08,docs_code,paraphrase,0,paraphrase,1,opposite_same_wording,ACTION0_END,V_necessity_loss,-0.0007888078689575195,30,4,
discovery,exp12_docs_code_08,docs_code,paraphrase,1,paraphrase,0,opposite_same_wording,ACTION0_END,V_sufficiency,0.0005225688219070435,30,4,
discovery,exp12_docs_code_08,docs_code,paraphrase,1,paraphrase,0,opposite_same_wording,ACTION0_END,V_necessity_loss,-2.2351741790771484e-08,30,4,
discovery,exp12_docs_code_09,docs_code,paraphrase,0,paraphrase,1,opposite_same_wording,ACTION0_END,V_sufficiency,2.008676528930664e-05,30,4,
discovery,exp12_docs_code_09,docs_code,paraphrase,0,paraphrase,1,opposite_same_wording,ACTION0_END,V_necessity_loss,-0.007008850574493408,30,4,
discovery,exp12_docs_code_09,docs_code,paraphrase,1,paraphrase,0,opposite_same_wording,ACTION0_END,V_sufficiency,-4.6193599700927734e-07,30,4,
discovery,exp12_docs_code_09,docs_code,paraphrase,1,paraphrase,0,opposite_same_wording,ACTION0_END,V_necessity_loss,0.0005489476025104523,30,4,
discovery,exp12_docs_code_11,docs_code,paraphrase,0,paraphrase,1,opposite_same_wording,ACTION0_END,V_sufficiency,-0.0014327019453048706,30,4,
discovery,exp12_docs_code_11,docs_code,paraphrase,0,paraphrase,1,opposite_same_wording,ACTION0_END,V_necessity_loss,0.0014319419860839844,30,4,
discovery,exp12_docs_code_11,docs_code,paraphrase,1,paraphrase,0,opposite_same_wording,ACTION0_END,V_sufficiency,3.330409526824951e-05,30,4,
discovery,exp12_docs_code_11,docs_code,paraphrase,1,paraphrase,0,opposite_same_wording,ACTION0_END,V_necessity_loss,0.00042264536023139954,30,4,
discovery,exp12_docs_code_12,docs_code,paraphrase,0,paraphrase,1,opposite_same_wording,ACTION0_END,V_sufficiency,-4.947185516357422e-06,30,4,
discovery,exp12_docs_code_12,docs_code,paraphrase,0,paraphrase,1,opposite_same_wording,ACTION0_END,V_necessity_loss,8.940696716308594e-07,30,4,
discovery,exp12_docs_code_12,docs_code,paraphrase,1,paraphrase,0,opposite_same_wording,ACTION0_END,V_sufficiency,-0.008711569011211395,30,4,
discovery,exp12_docs_code_12,docs_code,paraphrase,1,paraphrase,0,opposite_same_wording,ACTION0_END,V_necessity_loss,0.010494448244571686,30,4,
discovery,exp12_docs_code_14,docs_code,paraphrase,0,paraphrase,1,opposite_same_wording,ACTION0_END,V_sufficiency,-6.735324859619141e-06,30,4,
discovery,exp12_docs_code_14,docs_code,paraphrase,0,paraphrase,1,opposite_same_wording,ACTION0_END,V_necessity_loss,1.4901161193847656e-06,30,4,
discovery,exp12_docs_code_14,docs_code,paraphrase,1,paraphrase,0,opposite_same_wording,ACTION0_END,V_sufficiency,0.0012908652424812317,30,4,
discovery,exp12_docs_code_14,docs_code,paraphrase,1,paraphrase,0,opposite_same_wording,ACTION0_END,V_necessity_loss,0.01395588368177414,30,4,
discovery,exp12_docs_code_00,docs_code,paraphrase,0,paraphrase,1,opposite_same_wording,ACTION1_END,V_sufficiency,0.0015624463558197021,30,4,
discovery,exp12_docs_code_00,docs_code,paraphrase,0,paraphrase,1,opposite_same_wording,ACTION1_END,V_necessity_loss,0.005747556686401367,30,4,
discovery,exp12_docs_code_00,docs_code,paraphrase,1,paraphrase,0,opposite_same_wording,ACTION1_END,V_sufficiency,-2.4437904357910156e-06,30,4,
discovery,exp12_docs_code_00,docs_code,paraphrase,1,paraphrase,0,opposite_same_wording,ACTION1_END,V_necessity_loss,0.0005200952291488647,30,4,
discovery,exp12_docs_code_01,docs_code,paraphrase,0,paraphrase,1,opposite_same_wording,ACTION1_END,V_sufficiency,2.3245811462402344e-06,30,4,
discovery,exp12_docs_code_01,docs_code,paraphrase,0,paraphrase,1,opposite_same_wording,ACTION1_END,V_necessity_loss,0.003123342990875244,30,4,
discovery,exp12_docs_code_01,docs_code,paraphrase,1,paraphrase,0,opposite_same_wording,ACTION1_END,V_sufficiency,-0.002627342939376831,30,4,
discovery,exp12_docs_code_01,docs_code,paraphrase,1,paraphrase,0,opposite_same_wording,ACTION1_END,V_necessity_loss,-0.0007107406854629517,30,4,
discovery,exp12_docs_code_03,docs_code,paraphrase,0,paraphrase,1,opposite_same_wording,ACTION1_END,V_sufficiency,0.0004826486110687256,30,4,
discovery,exp12_docs_code_03,docs_code,paraphrase,0,paraphrase,1,opposite_same_wording,ACTION1_END,V_necessity_loss,2.130866050720215e-06,30,4,
discovery,exp12_docs_code_03,docs_code,paraphrase,1,paraphrase,0,opposite_same_wording,ACTION1_END,V_sufficiency,0.0015575811266899109,30,4,
discovery,exp12_docs_code_03,docs_code,paraphrase,1,paraphrase,0,opposite_same_wording,ACTION1_END,V_necessity_loss,5.885958671569824e-07,30,4,
discovery,exp12_docs_code_08,docs_code,paraphrase,0,paraphrase,1,opposite_same_wording,ACTION1_END,V_sufficiency,-0.0007826685905456543,30,4,
discovery,exp12_docs_code_08,docs_code,paraphrase,0,paraphrase,1,opposite_same_wording,ACTION1_END,V_necessity_loss,-0.0015618205070495605,30,4,
discovery,exp12_docs_code_08,docs_code,paraphrase,1,paraphrase,0,opposite_same_wording,ACTION1_END,V_sufficiency,0.000520065426826477,30,4,
discovery,exp12_docs_code_08,docs_code,paraphrase,1,paraphrase,0,opposite_same_wording,ACTION1_END,V_necessity_loss,0.0005198940634727478,30,4,
discovery,exp12_docs_code_09,docs_code,paraphrase,0,paraphrase,1,opposite_same_wording,ACTION1_END,V_sufficiency,2.893805503845215e-05,30,4,
discovery,exp12_docs_code_09,docs_code,paraphrase,0,paraphrase,1,opposite_same_wording,ACTION1_END,V_necessity_loss,0.0014193952083587646,30,4,
discovery,exp12_docs_code_09,docs_code,paraphrase,1,paraphrase,0,opposite_same_wording,ACTION1_END,V_sufficiency,-0.0005209445953369141,30,4,
discovery,exp12_docs_code_09,docs_code,paraphrase,1,paraphrase,0,opposite_same_wording,ACTION1_END,V_necessity_loss,-5.151331424713135e-05,30,4,
discovery,exp12_docs_code_11,docs_code,paraphrase,0,paraphrase,1,opposite_same_wording,ACTION1_END,V_sufficiency,1.0564923286437988e-05,30,4,
discovery,exp12_docs_code_11,docs_code,paraphrase,0,paraphrase,1,opposite_same_wording,ACTION1_END,V_necessity_loss,-4.3213367462158203e-07,30,4,
discovery,exp12_docs_code_11,docs_code,paraphrase,1,paraphrase,0,opposite_same_wording,ACTION1_END,V_sufficiency,1.292303204536438e-05,30,4,
discovery,exp12_docs_code_11,docs_code,paraphrase,1,paraphrase,0,opposite_same_wording,ACTION1_END,V_necessity_loss,0.00040937960147857666,30,4,
discovery,exp12_docs_code_12,docs_code,paraphrase,0,paraphrase,1,opposite_same_wording,ACTION1_END,V_sufficiency,-3.874301910400391e-06,30,4,
discovery,exp12_docs_code_12,docs_code,paraphrase,0,paraphrase,1,opposite_same_wording,ACTION1_END,V_necessity_loss,-4.76837158203125e-06,30,4,
discovery,exp12_docs_code_12,docs_code,paraphrase,1,paraphrase,0,opposite_same_wording,ACTION1_END,V_sufficiency,-0.009912468492984772,30,4,
discovery,exp12_docs_code_12,docs_code,paraphrase,1,paraphrase,0,opposite_same_wording,ACTION1_END,V_necessity_loss,-0.0006008371710777283,30,4,
discovery,exp12_docs_code_14,docs_code,paraphrase,0,paraphrase,1,opposite_same_wording,ACTION1_END,V_sufficiency,-0.001428067684173584,30,4,
discovery,exp12_docs_code_14,docs_code,paraphrase,0,paraphrase,1,opposite_same_wording,ACTION1_END,V_necessity_loss,-0.001418471336364746,30,4,
discovery,exp12_docs_code_14,docs_code,paraphrase,1,paraphrase,0,opposite_same_wording,ACTION1_END,V_sufficiency,0.0004227086901664734,30,4,
discovery,exp12_docs_code_14,docs_code,paraphrase,1,paraphrase,0,opposite_same_wording,ACTION1_END,V_necessity_loss,0.0017463937401771545,30,4,
discovery,exp12_docs_code_00,docs_code,paraphrase,0,paraphrase,1,opposite_same_wording,FINAL_INSTRUCTION_END,V_sufficiency,-4.082918167114258e-06,30,4,
discovery,exp12_docs_code_00,docs_code,paraphrase,0,paraphrase,1,opposite_same_wording,FINAL_INSTRUCTION_END,V_necessity_loss,0.004687786102294922,30,4,
discovery,exp12_docs_code_00,docs_code,paraphrase,1,paraphrase,0,opposite_same_wording,FINAL_INSTRUCTION_END,V_sufficiency,0.001040041446685791,30,4,
discovery,exp12_docs_code_00,docs_code,paraphrase,1,paraphrase,0,opposite_same_wording,FINAL_INSTRUCTION_END,V_necessity_loss,0.0005241632461547852,30,4,
discovery,exp12_docs_code_01,docs_code,paraphrase,0,paraphrase,1,opposite_same_wording,FINAL_INSTRUCTION_END,V_sufficiency,0.003125488758087158,30,4,
discovery,exp12_docs_code_01,docs_code,paraphrase,0,paraphrase,1,opposite_same_wording,FINAL_INSTRUCTION_END,V_necessity_loss,0.0015631318092346191,30,4,
discovery,exp12_docs_code_01,docs_code,paraphrase,1,paraphrase,0,opposite_same_wording,FINAL_INSTRUCTION_END,V_sufficiency,0.0007361546158790588,30,4,
discovery,exp12_docs_code_01,docs_code,paraphrase,1,paraphrase,0,opposite_same_wording,FINAL_INSTRUCTION_END,V_necessity_loss,0.0004948452115058899,30,4,
discovery,exp12_docs_code_03,docs_code,paraphrase,0,paraphrase,1,opposite_same_wording,FINAL_INSTRUCTION_END,V_sufficiency,0.0019036978483200073,30,4,
discovery,exp12_docs_code_03,docs_code,paraphrase,0,paraphrase,1,opposite_same_wording,FINAL_INSTRUCTION_END,V_necessity_loss,0.0014252811670303345,30,4,
discovery,exp12_docs_code_03,docs_code,paraphrase,1,paraphrase,0,opposite_same_wording,FINAL_INSTRUCTION_END,V_sufficiency,0.002357296645641327,30,4,
discovery,exp12_docs_code_03,docs_code,paraphrase,1,paraphrase,0,opposite_same_wording,FINAL_INSTRUCTION_END,V_necessity_loss,0.0019529610872268677,30,4,
discovery,exp12_docs_code_08,docs_code,paraphrase,0,paraphrase,1,opposite_same_wording,FINAL_INSTRUCTION_END,V_sufficiency,0.0015797019004821777,30,4,
discovery,exp12_docs_code_08,docs_code,paraphrase,0,paraphrase,1,opposite_same_wording,FINAL_INSTRUCTION_END,V_necessity_loss,0.00963735580444336,30,4,
discovery,exp12_docs_code_08,docs_code,paraphrase,1,paraphrase,0,opposite_same_wording,FINAL_INSTRUCTION_END,V_sufficiency,0.0015577226877212524,30,4,
discovery,exp12_docs_code_08,docs_code,paraphrase,1,paraphrase,0,opposite_same_wording,FINAL_INSTRUCTION_END,V_necessity_loss,0.001041702926158905,30,4,
discovery,exp12_docs_code_09,docs_code,paraphrase,0,paraphrase,1,opposite_same_wording,FINAL_INSTRUCTION_END,V_sufficiency,0.002844184637069702,30,4,
discovery,exp12_docs_code_09,docs_code,paraphrase,0,paraphrase,1,opposite_same_wording,FINAL_INSTRUCTION_END,V_necessity_loss,0.0028542280197143555,30,4,
discovery,exp12_docs_code_09,docs_code,paraphrase,1,paraphrase,0,opposite_same_wording,FINAL_INSTRUCTION_END,V_sufficiency,-7.748603820800781e-07,30,4,
discovery,exp12_docs_code_09,docs_code,paraphrase,1,paraphrase,0,opposite_same_wording,FINAL_INSTRUCTION_END,V_necessity_loss,0.001048952341079712,30,4,
discovery,exp12_docs_code_11,docs_code,paraphrase,0,paraphrase,1,opposite_same_wording,FINAL_INSTRUCTION_END,V_sufficiency,0.002852514386177063,30,4,
discovery,exp12_docs_code_11,docs_code,paraphrase,0,paraphrase,1,opposite_same_wording,FINAL_INSTRUCTION_END,V_necessity_loss,0.0014519989490509033,30,4,
discovery,exp12_docs_code_11,docs_code,paraphrase,1,paraphrase,0,opposite_same_wording,FINAL_INSTRUCTION_END,V_sufficiency,1.479312777519226e-05,30,4,
discovery,exp12_docs_code_11,docs_code,paraphrase,1,paraphrase,0,opposite_same_wording,FINAL_INSTRUCTION_END,V_necessity_loss,0.0011716000735759735,30,4,
discovery,exp12_docs_code_12,docs_code,paraphrase,0,paraphrase,1,opposite_same_wording,FINAL_INSTRUCTION_END,V_sufficiency,-1.1920928955078125e-06,30,4,
discovery,exp12_docs_code_12,docs_code,paraphrase,0,paraphrase,1,opposite_same_wording,FINAL_INSTRUCTION_END,V_necessity_loss,-4.589557647705078e-06,30,4,
discovery,exp12_docs_code_12,docs_code,paraphrase,1,paraphrase,0,opposite_same_wording,FINAL_INSTRUCTION_END,V_sufficiency,0.000582084059715271,30,4,
discovery,exp12_docs_code_12,docs_code,paraphrase,1,paraphrase,0,opposite_same_wording,FINAL_INSTRUCTION_END,V_necessity_loss,-0.000601649284362793,30,4,
discovery,exp12_docs_code_14,docs_code,paraphrase,0,paraphrase,1,opposite_same_wording,FINAL_INSTRUCTION_END,V_sufficiency,0.001423656940460205,30,4,
discovery,exp12_docs_code_14,docs_code,paraphrase,0,paraphrase,1,opposite_same_wording,FINAL_INSTRUCTION_END,V_necessity_loss,0.002848505973815918,30,4,
discovery,exp12_docs_code_14,docs_code,paraphrase,1,paraphrase,0,opposite_same_wording,FINAL_INSTRUCTION_END,V_sufficiency,0.003908798098564148,30,4,
discovery,exp12_docs_code_14,docs_code,paraphrase,1,paraphrase,0,opposite_same_wording,FINAL_INSTRUCTION_END,V_necessity_loss,-0.010987676680088043,30,4,
discovery,exp12_docs_code_00,docs_code,paraphrase,0,paraphrase,1,opposite_same_wording,USER_END,V_sufficiency,-4.082918167114258e-06,30,4,
discovery,exp12_docs_code_00,docs_code,paraphrase,0,paraphrase,1,opposite_same_wording,USER_END,V_necessity_loss,0.004687786102294922,30,4,
discovery,exp12_docs_code_00,docs_code,paraphrase,1,paraphrase,0,opposite_same_wording,USER_END,V_sufficiency,0.001040041446685791,30,4,
discovery,exp12_docs_code_00,docs_code,paraphrase,1,paraphrase,0,opposite_same_wording,USER_END,V_necessity_loss,0.0005241632461547852,30,4,
discovery,exp12_docs_code_01,docs_code,paraphrase,0,paraphrase,1,opposite_same_wording,USER_END,V_sufficiency,0.003125488758087158,30,4,
discovery,exp12_docs_code_01,docs_code,paraphrase,0,paraphrase,1,opposite_same_wording,USER_END,V_necessity_loss,0.0015631318092346191,30,4,
discovery,exp12_docs_code_01,docs_code,paraphrase,1,paraphrase,0,opposite_same_wording,USER_END,V_sufficiency,0.0007361546158790588,30,4,
discovery,exp12_docs_code_01,docs_code,paraphrase,1,paraphrase,0,opposite_same_wording,USER_END,V_necessity_loss,0.0004948452115058899,30,4,
discovery,exp12_docs_code_03,docs_code,paraphrase,0,paraphrase,1,opposite_same_wording,USER_END,V_sufficiency,0.0019036978483200073,30,4,
discovery,exp12_docs_code_03,docs_code,paraphrase,0,paraphrase,1,opposite_same_wording,USER_END,V_necessity_loss,0.0014252811670303345,30,4,
discovery,exp12_docs_code_03,docs_code,paraphrase,1,paraphrase,0,opposite_same_wording,USER_END,V_sufficiency,0.002357296645641327,30,4,
discovery,exp12_docs_code_03,docs_code,paraphrase,1,paraphrase,0,opposite_same_wording,USER_END,V_necessity_loss,0.0019529610872268677,30,4,
discovery,exp12_docs_code_08,docs_code,paraphrase,0,paraphrase,1,opposite_same_wording,USER_END,V_sufficiency,0.0015797019004821777,30,4,
discovery,exp12_docs_code_08,docs_code,paraphrase,0,paraphrase,1,opposite_same_wording,USER_END,V_necessity_loss,0.00963735580444336,30,4,
discovery,exp12_docs_code_08,docs_code,paraphrase,1,paraphrase,0,opposite_same_wording,USER_END,V_sufficiency,0.0015577226877212524,30,4,
discovery,exp12_docs_code_08,docs_code,paraphrase,1,paraphrase,0,opposite_same_wording,USER_END,V_necessity_loss,0.001041702926158905,30,4,
discovery,exp12_docs_code_09,docs_code,paraphrase,0,paraphrase,1,opposite_same_wording,USER_END,V_sufficiency,0.002844184637069702,30,4,
discovery,exp12_docs_code_09,docs_code,paraphrase,0,paraphrase,1,opposite_same_wording,USER_END,V_necessity_loss,0.0028542280197143555,30,4,
discovery,exp12_docs_code_09,docs_code,paraphrase,1,paraphrase,0,opposite_same_wording,USER_END,V_sufficiency,-7.748603820800781e-07,30,4,
discovery,exp12_docs_code_09,docs_code,paraphrase,1,paraphrase,0,opposite_same_wording,USER_END,V_necessity_loss,0.001048952341079712,30,4,
discovery,exp12_docs_code_11,docs_code,paraphrase,0,paraphrase,1,opposite_same_wording,USER_END,V_sufficiency,0.002852514386177063,30,4,
discovery,exp12_docs_code_11,docs_code,paraphrase,0,paraphrase,1,opposite_same_wording,USER_END,V_necessity_loss,0.0014519989490509033,30,4,
discovery,exp12_docs_code_11,docs_code,paraphrase,1,paraphrase,0,opposite_same_wording,USER_END,V_sufficiency,1.479312777519226e-05,30,4,
discovery,exp12_docs_code_11,docs_code,paraphrase,1,paraphrase,0,opposite_same_wording,USER_END,V_necessity_loss,0.0011716000735759735,30,4,
discovery,exp12_docs_code_12,docs_code,paraphrase,0,paraphrase,1,opposite_same_wording,USER_END,V_sufficiency,-1.1920928955078125e-06,30,4,
discovery,exp12_docs_code_12,docs_code,paraphrase,0,paraphrase,1,opposite_same_wording,USER_END,V_necessity_loss,-4.589557647705078e-06,30,4,
discovery,exp12_docs_code_12,docs_code,paraphrase,1,paraphrase,0,opposite_same_wording,USER_END,V_sufficiency,0.000582084059715271,30,4,
discovery,exp12_docs_code_12,docs_code,paraphrase,1,paraphrase,0,opposite_same_wording,USER_END,V_necessity_loss,-0.000601649284362793,30,4,
discovery,exp12_docs_code_14,docs_code,paraphrase,0,paraphrase,1,opposite_same_wording,USER_END,V_sufficiency,0.001423656940460205,30,4,
discovery,exp12_docs_code_14,docs_code,paraphrase,0,paraphrase,1,opposite_same_wording,USER_END,V_necessity_loss,0.002848505973815918,30,4,
discovery,exp12_docs_code_14,docs_code,paraphrase,1,paraphrase,0,opposite_same_wording,USER_END,V_sufficiency,0.003908798098564148,30,4,
discovery,exp12_docs_code_14,docs_code,paraphrase,1,paraphrase,0,opposite_same_wording,USER_END,V_necessity_loss,-0.010987676680088043,30,4,
discovery,exp12_docs_code_00,docs_code,paraphrase,0,paraphrase,1,opposite_same_wording,GENERATION_BOUNDARY,V_sufficiency,0.13863754272460938,30,4,
discovery,exp12_docs_code_00,docs_code,paraphrase,0,paraphrase,1,opposite_same_wording,GENERATION_BOUNDARY,V_necessity_loss,0.10324908047914505,30,4,
discovery,exp12_docs_code_00,docs_code,paraphrase,1,paraphrase,0,opposite_same_wording,GENERATION_BOUNDARY,V_sufficiency,0.0895138680934906,30,4,
discovery,exp12_docs_code_00,docs_code,paraphrase,1,paraphrase,0,opposite_same_wording,GENERATION_BOUNDARY,V_necessity_loss,0.12659695744514465,30,4,
discovery,exp12_docs_code_01,docs_code,paraphrase,0,paraphrase,1,opposite_same_wording,GENERATION_BOUNDARY,V_sufficiency,0.19025364518165588,30,4,
discovery,exp12_docs_code_01,docs_code,paraphrase,0,paraphrase,1,opposite_same_wording,GENERATION_BOUNDARY,V_necessity_loss,0.1192638948559761,30,4,
discovery,exp12_docs_code_01,docs_code,paraphrase,1,paraphrase,0,opposite_same_wording,GENERATION_BOUNDARY,V_sufficiency,0.11917056888341904,30,4,
discovery,exp12_docs_code_01,docs_code,paraphrase,1,paraphrase,0,opposite_same_wording,GENERATION_BOUNDARY,V_necessity_loss,0.18810445070266724,30,4,
discovery,exp12_docs_code_03,docs_code,paraphrase,0,paraphrase,1,opposite_same_wording,GENERATION_BOUNDARY,V_sufficiency,0.1756376326084137,30,4,
discovery,exp12_docs_code_03,docs_code,paraphrase,0,paraphrase,1,opposite_same_wording,GENERATION_BOUNDARY,V_necessity_loss,0.129597969353199,30,4,
discovery,exp12_docs_code_03,docs_code,paraphrase,1,paraphrase,0,opposite_same_wording,GENERATION_BOUNDARY,V_sufficiency,0.1185259148478508,30,4,
discovery,exp12_docs_code_03,docs_code,paraphrase,1,paraphrase,0,opposite_same_wording,GENERATION_BOUNDARY,V_necessity_loss,0.16814877837896347,30,4,
discovery,exp12_docs_code_08,docs_code,paraphrase,0,paraphrase,1,opposite_same_wording,GENERATION_BOUNDARY,V_sufficiency,0.1493331789970398,30,4,
discovery,exp12_docs_code_08,docs_code,paraphrase,0,paraphrase,1,opposite_same_wording,GENERATION_BOUNDARY,V_necessity_loss,0.09852118045091629,30,4,
discovery,exp12_docs_code_08,docs_code,paraphrase,1,paraphrase,0,opposite_same_wording,GENERATION_BOUNDARY,V_sufficiency,0.09273426234722137,30,4,
discovery,exp12_docs_code_08,docs_code,paraphrase,1,paraphrase,0,opposite_same_wording,GENERATION_BOUNDARY,V_necessity_loss,0.1302335262298584,30,4,
discovery,exp12_docs_code_09,docs_code,paraphrase,0,paraphrase,1,opposite_same_wording,GENERATION_BOUNDARY,V_sufficiency,0.1300518810749054,30,4,
discovery,exp12_docs_code_09,docs_code,paraphrase,0,paraphrase,1,opposite_same_wording,GENERATION_BOUNDARY,V_necessity_loss,0.0944402739405632,30,4,
discovery,exp12_docs_code_09,docs_code,paraphrase,1,paraphrase,0,opposite_same_wording,GENERATION_BOUNDARY,V_sufficiency,0.08097243309020996,30,4,
discovery,exp12_docs_code_09,docs_code,paraphrase,1,paraphrase,0,opposite_same_wording,GENERATION_BOUNDARY,V_necessity_loss,0.12155961990356445,30,4,
discovery,exp12_docs_code_11,docs_code,paraphrase,0,paraphrase,1,opposite_same_wording,GENERATION_BOUNDARY,V_sufficiency,0.17173510789871216,30,4,
discovery,exp12_docs_code_11,docs_code,paraphrase,0,paraphrase,1,opposite_same_wording,GENERATION_BOUNDARY,V_necessity_loss,0.11332952231168747,30,4,
discovery,exp12_docs_code_11,docs_code,paraphrase,1,paraphrase,0,opposite_same_wording,GENERATION_BOUNDARY,V_sufficiency,0.11318894475698471,30,4,
discovery,exp12_docs_code_11,docs_code,paraphrase,1,paraphrase,0,opposite_same_wording,GENERATION_BOUNDARY,V_necessity_loss,0.16335250437259674,30,4,
discovery,exp12_docs_code_12,docs_code,paraphrase,0,paraphrase,1,opposite_same_wording,GENERATION_BOUNDARY,V_sufficiency,0.13111567497253418,30,4,
discovery,exp12_docs_code_12,docs_code,paraphrase,0,paraphrase,1,opposite_same_wording,GENERATION_BOUNDARY,V_necessity_loss,0.09798961877822876,30,4,
discovery,exp12_docs_code_12,docs_code,paraphrase,1,paraphrase,0,opposite_same_wording,GENERATION_BOUNDARY,V_sufficiency,0.08618494868278503,30,4,
discovery,exp12_docs_code_12,docs_code,paraphrase,1,paraphrase,0,opposite_same_wording,GENERATION_BOUNDARY,V_necessity_loss,0.12686198949813843,30,4,
discovery,exp12_docs_code_14,docs_code,paraphrase,0,paraphrase,1,opposite_same_wording,GENERATION_BOUNDARY,V_sufficiency,0.14802521467208862,30,4,
discovery,exp12_docs_code_14,docs_code,paraphrase,0,paraphrase,1,opposite_same_wording,GENERATION_BOUNDARY,V_necessity_loss,0.12635624408721924,30,4,
discovery,exp12_docs_code_14,docs_code,paraphrase,1,paraphrase,0,opposite_same_wording,GENERATION_BOUNDARY,V_sufficiency,0.12573016434907913,30,4,
discovery,exp12_docs_code_14,docs_code,paraphrase,1,paraphrase,0,opposite_same_wording,GENERATION_BOUNDARY,V_necessity_loss,0.1549665331840515,30,4,
