task_id,family,wording,label,head,suff
exp12_test_edit_00,test_edit,canonical,0,0,0.004415319534018636
exp12_test_edit_00,test_edit,canonical,0,1,-0.004376547411084175
exp12_test_edit_00,test_edit,canonical,0,2,0.021982412785291672
exp12_test_edit_00,test_edit,canonical,0,3,0.013160460628569126
exp12_test_edit_00,test_edit,canonical,0,4,0.004405207699164748
exp12_test_edit_00,test_edit,canonical,0,5,0.00871988944709301
exp12_test_edit_00,test_edit,canonical,0,6,0.013146009063348174
exp12_test_edit_00,test_edit,canonical,0,7,0.0
exp12_test_edit_00,test_edit,canonical,0,8,0.0
exp12_test_edit_00,test_edit,canonical,0,9,0.0
exp12_test_edit_00,test_edit,canonical,0,10,0.0
exp12_test_edit_00,test_edit,canonical,0,11,0.0
exp12_test_edit_00,test_edit,canonical,0,12,0.0
exp12_test_edit_00,test_edit,canonical,0,13,0.0
exp12_test_edit_00,test_edit,canonical,0,14,0.0
exp12_test_edit_00,test_edit,canonical,0,15,0.0
exp12_test_edit_00,test_edit,canonical,0,16,0.0
exp12_test_edit_00,test_edit,canonical,0,17,0.0
exp12_test_edit_00,test_edit,canonical,0,18,0.0
exp12_test_edit_00,test_edit,canonical,0,19,0.0
exp12_test_edit_00,test_edit,canonical,0,20,0.0
exp12_test_edit_00,test_edit,canonical,0,21,0.0
exp12_test_edit_00,test_edit,canonical,0,22,0.0
exp12_test_edit_00,test_edit,canonical,0,23,0.0
exp12_test_edit_00,test_edit,canonical,0,24,0.0
exp12_test_edit_00,test_edit,canonical,0,25,0.0
exp12_test_edit_00,test_edit,canonical,0,26,0.0
exp12_test_edit_00,test_edit,canonical,0,27,0.0
exp12_test_edit_00,test_edit,paraphrase,0,0,0.008950957329943776
exp12_test_edit_00,test_edit,paraphrase,0,1,0.022265949519351125
exp12_test_edit_00,test_edit,paraphrase,0,2,0.00460232247132808
exp12_test_edit_00,test_edit,paraphrase,0,3,0.00895652559120208
exp12_test_edit_00,test_edit,paraphrase,0,4,-0.01786575047299266
exp12_test_edit_00,test_edit,paraphrase,0,5,6.562902126461267e-05
exp12_test_edit_00,test_edit,paraphrase,0,6,-0.008788210107013583
exp12_test_edit_00,test_edit,paraphrase,0,7,0.0
exp12_test_edit_00,test_edit,paraphrase,0,8,0.0
exp12_test_edit_00,test_edit,paraphrase,0,9,0.0
exp12_test_edit_00,test_edit,paraphrase,0,10,0.0
exp12_test_edit_00,test_edit,paraphrase,0,11,0.0
exp12_test_edit_00,test_edit,paraphrase,0,12,0.0
exp12_test_edit_00,test_edit,paraphrase,0,13,0.0
exp12_test_edit_00,test_edit,paraphrase,0,14,0.0
exp12_test_edit_00,test_edit,paraphrase,0,15,0.0
exp12_test_edit_00,test_edit,paraphrase,0,16,0.0
exp12_test_edit_00,test_edit,paraphrase,0,17,0.0
exp12_test_edit_00,test_edit,paraphrase,0,18,0.0
exp12_test_edit_00,test_edit,paraphrase,0,19,0.0
exp12_test_edit_00,test_edit,paraphrase,0,20,0.0
exp12_test_edit_00,test_edit,paraphrase,0,21,0.0
exp12_test_edit_00,test_edit,paraphrase,0,22,0.0
exp12_test_edit_00,test_edit,paraphrase,0,23,0.0
exp12_test_edit_00,test_edit,paraphrase,0,24,0.0
exp12_test_edit_00,test_edit,paraphrase,0,25,0.0
exp12_test_edit_00,test_edit,paraphrase,0,26,0.0
exp12_test_edit_00,test_edit,paraphrase,0,27,0.0
exp12_test_edit_00,test_edit,canonical,1,0,-0.012951737269759178
exp12_test_edit_00,test_edit,canonical,1,1,-0.012896893080323935
exp12_test_edit_00,test_edit,canonical,1,2,5.694851279258728e-05
exp12_test_edit_00,test_edit,canonical,1,3,-0.01707822037860751
exp12_test_edit_00,test_edit,canonical,1,4,-0.004195849876850843
exp12_test_edit_00,test_edit,canonical,1,5,-0.008693749085068703
exp12_test_edit_00,test_edit,canonical,1,6,-0.012898265849798918
exp12_test_edit_00,test_edit,canonical,1,7,-0.0
exp12_test_edit_00,test_edit,canonical,1,8,-0.0
exp12_test_edit_00,test_edit,canonical,1,9,-0.0
exp12_test_edit_00,test_edit,canonical,1,10,-0.0
exp12_test_edit_00,test_edit,canonical,1,11,-0.0
exp12_test_edit_00,test_edit,canonical,1,12,-0.0
exp12_test_edit_00,test_edit,canonical,1,13,-0.0
exp12_test_edit_00,test_edit,canonical,1,14,-0.0
exp12_test_edit_00,test_edit,canonical,1,15,-0.0
exp12_test_edit_00,test_edit,canonical,1,16,-0.0
exp12_test_edit_00,test_edit,canonical,1,17,-0.0
exp12_test_edit_00,test_edit,canonical,1,18,-0.0
exp12_test_edit_00,test_edit,canonical,1,19,-0.0
exp12_test_edit_00,test_edit,canonical,1,20,-0.0
exp12_test_edit_00,test_edit,canonical,1,21,-0.0
exp12_test_edit_00,test_edit,canonical,1,22,-0.0
exp12_test_edit_00,test_edit,canonical,1,23,-0.0
exp12_test_edit_00,test_edit,canonical,1,24,-0.0
exp12_test_edit_00,test_edit,canonical,1,25,-0.0
exp12_test_edit_00,test_edit,canonical,1,26,-0.0
exp12_test_edit_00,test_edit,canonical,1,27,-0.0
exp12_test_edit_00,test_edit,paraphrase,1,0,-0.003795299679040909
exp12_test_edit_00,test_edit,paraphrase,1,1,-0.0012372806668281555
exp12_test_edit_00,test_edit,paraphrase,1,2,0.00035829655826091766
exp12_test_edit_00,test_edit,paraphrase,1,3,0.0063118766993284225
exp12_test_edit_00,test_edit,paraphrase,1,4,-0.013861164450645447
exp12_test_edit_00,test_edit,paraphrase,1,5,-0.0012170374393463135
exp12_test_edit_00,test_edit,paraphrase,1,6,-0.01822313852608204
exp12_test_edit_00,test_edit,paraphrase,1,7,-0.0
exp12_test_edit_00,test_edit,paraphrase,1,8,-0.0
exp12_test_edit_00,test_edit,paraphrase,1,9,-0.0
exp12_test_edit_00,test_edit,paraphrase,1,10,-0.0
exp12_test_edit_00,test_edit,paraphrase,1,11,-0.0
exp12_test_edit_00,test_edit,paraphrase,1,12,-0.0
exp12_test_edit_00,test_edit,paraphrase,1,13,-0.0
exp12_test_edit_00,test_edit,paraphrase,1,14,-0.0
exp12_test_edit_00,test_edit,paraphrase,1,15,-0.0
exp12_test_edit_00,test_edit,paraphrase,1,16,-0.0
exp12_test_edit_00,test_edit,paraphrase,1,17,-0.0
exp12_test_edit_00,test_edit,paraphrase,1,18,-0.0
exp12_test_edit_00,test_edit,paraphrase,1,19,-0.0
exp12_test_edit_00,test_edit,paraphrase,1,20,-0.0
exp12_test_edit_00,test_edit,paraphrase,1,21,-0.0
exp12_test_edit_00,test_edit,paraphrase,1,22,-0.0
exp12_test_edit_00,test_edit,paraphrase,1,23,-0.0
exp12_test_edit_00,test_edit,paraphrase,1,24,-0.0
exp12_test_edit_00,test_edit,paraphrase,1,25,-0.0
exp12_test_edit_00,test_edit,paraphrase,1,26,-0.0
exp12_test_edit_00,test_edit,paraphrase,1,27,-0.0
exp12_test_edit_01,test_edit,canonical,0,0,-0.004369355039671063
exp12_test_edit_01,test_edit,canonical,0,1,-0.012943304609507322
exp12_test_edit_01,test_edit,canonical,0,2,-0.01758888317272067
exp12_test_edit_01,test_edit,canonical,0,3,-0.01307211210951209
exp12_test_edit_01,test_edit,canonical,0,4,-0.02184700919315219
exp12_test_edit_01,test_edit,canonical,0,5,0.004579584812745452
exp12_test_edit_01,test_edit,canonical,0,6,-0.017444602213799953
exp12_test_edit_01,test_edit,canonical,0,7,0.0
exp12_test_edit_01,test_edit,canonical,0,8,0.0
exp12_test_edit_01,test_edit,canonical,0,9,0.0
exp12_test_edit_01,test_edit,canonical,0,10,0.0
exp12_test_edit_01,test_edit,canonical,0,11,0.0
exp12_test_edit_01,test_edit,canonical,0,12,0.0
exp12_test_edit_01,test_edit,canonical,0,13,0.0
exp12_test_edit_01,test_edit,canonical,0,14,0.0
exp12_test_edit_01,test_edit,canonical,0,15,0.0
exp12_test_edit_01,test_edit,canonical,0,16,0.0
exp12_test_edit_01,test_edit,canonical,0,17,0.0
exp12_test_edit_01,test_edit,canonical,0,18,0.0
exp12_test_edit_01,test_edit,canonical,0,19,0.0
exp12_test_edit_01,test_edit,canonical,0,20,0.0
exp12_test_edit_01,test_edit,canonical,0,21,0.0
exp12_test_edit_01,test_edit,canonical,0,22,0.0
exp12_test_edit_01,test_edit,canonical,0,23,0.0
exp12_test_edit_01,test_edit,canonical,0,24,0.0
exp12_test_edit_01,test_edit,canonical,0,25,0.0
exp12_test_edit_01,test_edit,canonical,0,26,0.0
exp12_test_edit_01,test_edit,canonical,0,27,0.0
exp12_test_edit_01,test_edit,paraphrase,0,0,0.008958052785601467
exp12_test_edit_01,test_edit,paraphrase,0,1,0.01340131659526378
exp12_test_edit_01,test_edit,paraphrase,0,2,0.017856157035566866
exp12_test_edit_01,test_edit,paraphrase,0,3,0.013450352649670094
exp12_test_edit_01,test_edit,paraphrase,0,4,-0.0043834412936121225
exp12_test_edit_01,test_edit,paraphrase,0,5,0.00901406182674691
exp12_test_edit_01,test_edit,paraphrase,0,6,0.0045704994117841125
exp12_test_edit_01,test_edit,paraphrase,0,7,0.0
exp12_test_edit_01,test_edit,paraphrase,0,8,0.0
exp12_test_edit_01,test_edit,paraphrase,0,9,0.0
exp12_test_edit_01,test_edit,paraphrase,0,10,0.0
exp12_test_edit_01,test_edit,paraphrase,0,11,0.0
exp12_test_edit_01,test_edit,paraphrase,0,12,0.0
exp12_test_edit_01,test_edit,paraphrase,0,13,0.0
exp12_test_edit_01,test_edit,paraphrase,0,14,0.0
exp12_test_edit_01,test_edit,paraphrase,0,15,0.0
exp12_test_edit_01,test_edit,paraphrase,0,16,0.0
exp12_test_edit_01,test_edit,paraphrase,0,17,0.0
exp12_test_edit_01,test_edit,paraphrase,0,18,0.0
exp12_test_edit_01,test_edit,paraphrase,0,19,0.0
exp12_test_edit_01,test_edit,paraphrase,0,20,0.0
exp12_test_edit_01,test_edit,paraphrase,0,21,0.0
exp12_test_edit_01,test_edit,paraphrase,0,22,0.0
exp12_test_edit_01,test_edit,paraphrase,0,23,0.0
exp12_test_edit_01,test_edit,paraphrase,0,24,0.0
exp12_test_edit_01,test_edit,paraphrase,0,25,0.0
exp12_test_edit_01,test_edit,paraphrase,0,26,0.0
exp12_test_edit_01,test_edit,paraphrase,0,27,0.0
exp12_test_edit_01,test_edit,canonical,1,0,-0.00416601961478591
exp12_test_edit_01,test_edit,canonical,1,1,-1.9287224858999252e-05
exp12_test_edit_01,test_edit,canonical,1,2,0.0041801235638558865
exp12_test_edit_01,test_edit,canonical,1,3,-1.4810822904109955e-05
exp12_test_edit_01,test_edit,canonical,1,4,-0.004176379181444645
exp12_test_edit_01,test_edit,canonical,1,5,-0.00419712346047163
exp12_test_edit_01,test_edit,canonical,1,6,-2.9362738132476807e-05
exp12_test_edit_01,test_edit,canonical,1,7,-0.0
exp12_test_edit_01,test_edit,canonical,1,8,-0.0
exp12_test_edit_01,test_edit,canonical,1,9,-0.0
exp12_test_edit_01,test_edit,canonical,1,10,-0.0
exp12_test_edit_01,test_edit,canonical,1,11,-0.0
exp12_test_edit_01,test_edit,canonical,1,12,-0.0
exp12_test_edit_01,test_edit,canonical,1,13,-0.0
exp12_test_edit_01,test_edit,canonical,1,14,-0.0
exp12_test_edit_01,test_edit,canonical,1,15,-0.0
exp12_test_edit_01,test_edit,canonical,1,16,-0.0
exp12_test_edit_01,test_edit,canonical,1,17,-0.0
exp12_test_edit_01,test_edit,canonical,1,18,-0.0
exp12_test_edit_01,test_edit,canonical,1,19,-0.0
exp12_test_edit_01,test_edit,canonical,1,20,-0.0
exp12_test_edit_01,test_edit,canonical,1,21,-0.0
exp12_test_edit_01,test_edit,canonical,1,22,-0.0
exp12_test_edit_01,test_edit,canonical,1,23,-0.0
exp12_test_edit_01,test_edit,canonical,1,24,-0.0
exp12_test_edit_01,test_edit,canonical,1,25,-0.0
exp12_test_edit_01,test_edit,canonical,1,26,-0.0
exp12_test_edit_01,test_edit,canonical,1,27,-0.0
exp12_test_edit_01,test_edit,paraphrase,1,0,0.00027411244809627533
exp12_test_edit_01,test_edit,paraphrase,1,1,-0.001649303361773491
exp12_test_edit_01,test_edit,paraphrase,1,2,-0.009130949154496193
exp12_test_edit_01,test_edit,paraphrase,1,3,0.006838859990239143
exp12_test_edit_01,test_edit,paraphrase,1,4,-0.0041951462626457214
exp12_test_edit_01,test_edit,paraphrase,1,5,0.013149440288543701
exp12_test_edit_01,test_edit,paraphrase,1,6,-0.022053901106119156
exp12_test_edit_01,test_edit,paraphrase,1,7,-0.0
exp12_test_edit_01,test_edit,paraphrase,1,8,-0.0
exp12_test_edit_01,test_edit,paraphrase,1,9,-0.0
exp12_test_edit_01,test_edit,paraphrase,1,10,-0.0
exp12_test_edit_01,test_edit,paraphrase,1,11,-0.0
exp12_test_edit_01,test_edit,paraphrase,1,12,-0.0
exp12_test_edit_01,test_edit,paraphrase,1,13,-0.0
exp12_test_edit_01,test_edit,paraphrase,1,14,-0.0
exp12_test_edit_01,test_edit,paraphrase,1,15,-0.0
exp12_test_edit_01,test_edit,paraphrase,1,16,-0.0
exp12_test_edit_01,test_edit,paraphrase,1,17,-0.0
exp12_test_edit_01,test_edit,paraphrase,1,18,-0.0
exp12_test_edit_01,test_edit,paraphrase,1,19,-0.0
exp12_test_edit_01,test_edit,paraphrase,1,20,-0.0
exp12_test_edit_01,test_edit,paraphrase,1,21,-0.0
exp12_test_edit_01,test_edit,paraphrase,1,22,-0.0
exp12_test_edit_01,test_edit,paraphrase,1,23,-0.0
exp12_test_edit_01,test_edit,paraphrase,1,24,-0.0
exp12_test_edit_01,test_edit,paraphrase,1,25,-0.0
exp12_test_edit_01,test_edit,paraphrase,1,26,-0.0
exp12_test_edit_01,test_edit,paraphrase,1,27,-0.0
exp12_test_edit_03,test_edit,canonical,0,0,-0.0039654390420764685
exp12_test_edit_03,test_edit,canonical,0,1,0.003859127638861537
exp12_test_edit_03,test_edit,canonical,0,2,-0.007852473063394427
exp12_test_edit_03,test_edit,canonical,0,3,0.00786114134825766
exp12_test_edit_03,test_edit,canonical,0,4,-0.00395379844121635
exp12_test_edit_03,test_edit,canonical,0,5,-4.068086855113506e-05
exp12_test_edit_03,test_edit,canonical,0,6,-0.0037834681570529938
exp12_test_edit_03,test_edit,canonical,0,7,0.0
exp12_test_edit_03,test_edit,canonical,0,8,0.0
exp12_test_edit_03,test_edit,canonical,0,9,0.0
exp12_test_edit_03,test_edit,canonical,0,10,0.0
exp12_test_edit_03,test_edit,canonical,0,11,0.0
exp12_test_edit_03,test_edit,canonical,0,12,0.0
exp12_test_edit_03,test_edit,canonical,0,13,0.0
exp12_test_edit_03,test_edit,canonical,0,14,0.0
exp12_test_edit_03,test_edit,canonical,0,15,0.0
exp12_test_edit_03,test_edit,canonical,0,16,0.0
exp12_test_edit_03,test_edit,canonical,0,17,0.0
exp12_test_edit_03,test_edit,canonical,0,18,0.0
exp12_test_edit_03,test_edit,canonical,0,19,0.0
exp12_test_edit_03,test_edit,canonical,0,20,0.0
exp12_test_edit_03,test_edit,canonical,0,21,0.0
exp12_test_edit_03,test_edit,canonical,0,22,0.0
exp12_test_edit_03,test_edit,canonical,0,23,0.0
exp12_test_edit_03,test_edit,canonical,0,24,0.0
exp12_test_edit_03,test_edit,canonical,0,25,0.0
exp12_test_edit_03,test_edit,canonical,0,26,0.0
exp12_test_edit_03,test_edit,canonical,0,27,0.0
exp12_test_edit_03,test_edit,paraphrase,0,0,0.003999477252364159
exp12_test_edit_03,test_edit,paraphrase,0,1,0.01956395828165114
exp12_test_edit_03,test_edit,paraphrase,0,2,0.000168365309946239
exp12_test_edit_03,test_edit,paraphrase,0,3,0.02735391422174871
exp12_test_edit_03,test_edit,paraphrase,0,4,-0.007800746709108353
exp12_test_edit_03,test_edit,paraphrase,0,5,-0.003745125432033092
exp12_test_edit_03,test_edit,paraphrase,0,6,0.00014236022252589464
exp12_test_edit_03,test_edit,paraphrase,0,7,0.0
exp12_test_edit_03,test_edit,paraphrase,0,8,0.0
exp12_test_edit_03,test_edit,paraphrase,0,9,0.0
exp12_test_edit_03,test_edit,paraphrase,0,10,0.0
exp12_test_edit_03,test_edit,paraphrase,0,11,0.0
exp12_test_edit_03,test_edit,paraphrase,0,12,0.0
exp12_test_edit_03,test_edit,paraphrase,0,13,0.0
exp12_test_edit_03,test_edit,paraphrase,0,14,0.0
exp12_test_edit_03,test_edit,paraphrase,0,15,0.0
exp12_test_edit_03,test_edit,paraphrase,0,16,0.0
exp12_test_edit_03,test_edit,paraphrase,0,17,0.0
exp12_test_edit_03,test_edit,paraphrase,0,18,0.0
exp12_test_edit_03,test_edit,paraphrase,0,19,0.0
exp12_test_edit_03,test_edit,paraphrase,0,20,0.0
exp12_test_edit_03,test_edit,paraphrase,0,21,0.0
exp12_test_edit_03,test_edit,paraphrase,0,22,0.0
exp12_test_edit_03,test_edit,paraphrase,0,23,0.0
exp12_test_edit_03,test_edit,paraphrase,0,24,0.0
exp12_test_edit_03,test_edit,paraphrase,0,25,0.0
exp12_test_edit_03,test_edit,paraphrase,0,26,0.0
exp12_test_edit_03,test_edit,paraphrase,0,27,0.0
exp12_test_edit_03,test_edit,canonical,1,0,0.004149944521486759
exp12_test_edit_03,test_edit,canonical,1,1,0.008352696429938078
exp12_test_edit_03,test_edit,canonical,1,2,0.004428176209330559
exp12_test_edit_03,test_edit,canonical,1,3,0.004378527402877808
exp12_test_edit_03,test_edit,canonical,1,4,3.487803041934967e-07
exp12_test_edit_03,test_edit,canonical,1,5,0.004151877481490374
exp12_test_edit_03,test_edit,canonical,1,6,0.008595583029091358
exp12_test_edit_03,test_edit,canonical,1,7,-0.0
exp12_test_edit_03,test_edit,canonical,1,8,-0.0
exp12_test_edit_03,test_edit,canonical,1,9,-0.0
exp12_test_edit_03,test_edit,canonical,1,10,-0.0
exp12_test_edit_03,test_edit,canonical,1,11,-0.0
exp12_test_edit_03,test_edit,canonical,1,12,-0.0
exp12_test_edit_03,test_edit,canonical,1,13,-0.0
exp12_test_edit_03,test_edit,canonical,1,14,-0.0
exp12_test_edit_03,test_edit,canonical,1,15,-0.0
exp12_test_edit_03,test_edit,canonical,1,16,-0.0
exp12_test_edit_03,test_edit,canonical,1,17,-0.0
exp12_test_edit_03,test_edit,canonical,1,18,-0.0
exp12_test_edit_03,test_edit,canonical,1,19,-0.0
exp12_test_edit_03,test_edit,canonical,1,20,-0.0
exp12_test_edit_03,test_edit,canonical,1,21,-0.0
exp12_test_edit_03,test_edit,canonical,1,22,-0.0
exp12_test_edit_03,test_edit,canonical,1,23,-0.0
exp12_test_edit_03,test_edit,canonical,1,24,-0.0
exp12_test_edit_03,test_edit,canonical,1,25,-0.0
exp12_test_edit_03,test_edit,canonical,1,26,-0.0
exp12_test_edit_03,test_edit,canonical,1,27,-0.0
exp12_test_edit_03,test_edit,paraphrase,1,0,0.009435504674911499
exp12_test_edit_03,test_edit,paraphrase,1,1,0.0078004878014326096
exp12_test_edit_03,test_edit,paraphrase,1,2,0.009137958288192749
exp12_test_edit_03,test_edit,paraphrase,1,3,0.02505423128604889
exp12_test_edit_03,test_edit,paraphrase,1,4,-0.004343736916780472
exp12_test_edit_03,test_edit,paraphrase,1,5,0.026113273575901985
exp12_test_edit_03,test_edit,paraphrase,1,6,-0.008487870916724205
exp12_test_edit_03,test_edit,paraphrase,1,7,-0.0
exp12_test_edit_03,test_edit,paraphrase,1,8,-0.0
exp12_test_edit_03,test_edit,paraphrase,1,9,-0.0
exp12_test_edit_03,test_edit,paraphrase,1,10,-0.0
exp12_test_edit_03,test_edit,paraphrase,1,11,-0.0
exp12_test_edit_03,test_edit,paraphrase,1,12,-0.0
exp12_test_edit_03,test_edit,paraphrase,1,13,-0.0
exp12_test_edit_03,test_edit,paraphrase,1,14,-0.0
exp12_test_edit_03,test_edit,paraphrase,1,15,-0.0
exp12_test_edit_03,test_edit,paraphrase,1,16,-0.0
exp12_test_edit_03,test_edit,paraphrase,1,17,-0.0
exp12_test_edit_03,test_edit,paraphrase,1,18,-0.0
exp12_test_edit_03,test_edit,paraphrase,1,19,-0.0
exp12_test_edit_03,test_edit,paraphrase,1,20,-0.0
exp12_test_edit_03,test_edit,paraphrase,1,21,-0.0
exp12_test_edit_03,test_edit,paraphrase,1,22,-0.0
exp12_test_edit_03,test_edit,paraphrase,1,23,-0.0
exp12_test_edit_03,test_edit,paraphrase,1,24,-0.0
exp12_test_edit_03,test_edit,paraphrase,1,25,-0.0
exp12_test_edit_03,test_edit,paraphrase,1,26,-0.0
exp12_test_edit_03,test_edit,paraphrase,1,27,-0.0
exp12_test_edit_05,test_edit,canonical,0,0,0.0003972388803958893
exp12_test_edit_05,test_edit,canonical,0,1,0.0042233774438500404
exp12_test_edit_05,test_edit,canonical,0,2,-0.0037501598708331585
exp12_test_edit_05,test_edit,canonical,0,3,0.0001568901352584362
exp12_test_edit_05,test_edit,canonical,0,4,-0.018574540503323078
exp12_test_edit_05,test_edit,canonical,0,5,0.004296944476664066
exp12_test_edit_05,test_edit,canonical,0,6,-0.011230624746531248
exp12_test_edit_05,test_edit,canonical,0,7,0.0
exp12_test_edit_05,test_edit,canonical,0,8,0.0
exp12_test_edit_05,test_edit,canonical,0,9,0.0
exp12_test_edit_05,test_edit,canonical,0,10,0.0
exp12_test_edit_05,test_edit,canonical,0,11,0.0
exp12_test_edit_05,test_edit,canonical,0,12,0.0
exp12_test_edit_05,test_edit,canonical,0,13,0.0
exp12_test_edit_05,test_edit,canonical,0,14,0.0
exp12_test_edit_05,test_edit,canonical,0,15,0.0
exp12_test_edit_05,test_edit,canonical,0,16,0.0
exp12_test_edit_05,test_edit,canonical,0,17,0.0
exp12_test_edit_05,test_edit,canonical,0,18,0.0
exp12_test_edit_05,test_edit,canonical,0,19,0.0
exp12_test_edit_05,test_edit,canonical,0,20,0.0
exp12_test_edit_05,test_edit,canonical,0,21,0.0
exp12_test_edit_05,test_edit,canonical,0,22,0.0
exp12_test_edit_05,test_edit,canonical,0,23,0.0
exp12_test_edit_05,test_edit,canonical,0,24,0.0
exp12_test_edit_05,test_edit,canonical,0,25,0.0
exp12_test_edit_05,test_edit,canonical,0,26,0.0
exp12_test_edit_05,test_edit,canonical,0,27,0.0
exp12_test_edit_05,test_edit,paraphrase,0,0,0.014891256927512586
exp12_test_edit_05,test_edit,paraphrase,0,1,0.01878106116782874
exp12_test_edit_05,test_edit,paraphrase,0,2,-0.00391141336876899
exp12_test_edit_05,test_edit,paraphrase,0,3,0.02322007075417787
exp12_test_edit_05,test_edit,paraphrase,0,4,0.003684162045828998
exp12_test_edit_05,test_edit,paraphrase,0,5,0.011639015865512192
exp12_test_edit_05,test_edit,paraphrase,0,6,0.003206406836397946
exp12_test_edit_05,test_edit,paraphrase,0,7,0.0
exp12_test_edit_05,test_edit,paraphrase,0,8,0.0
exp12_test_edit_05,test_edit,paraphrase,0,9,0.0
exp12_test_edit_05,test_edit,paraphrase,0,10,0.0
exp12_test_edit_05,test_edit,paraphrase,0,11,0.0
exp12_test_edit_05,test_edit,paraphrase,0,12,0.0
exp12_test_edit_05,test_edit,paraphrase,0,13,0.0
exp12_test_edit_05,test_edit,paraphrase,0,14,0.0
exp12_test_edit_05,test_edit,paraphrase,0,15,0.0
exp12_test_edit_05,test_edit,paraphrase,0,16,0.0
exp12_test_edit_05,test_edit,paraphrase,0,17,0.0
exp12_test_edit_05,test_edit,paraphrase,0,18,0.0
exp12_test_edit_05,test_edit,paraphrase,0,19,0.0
exp12_test_edit_05,test_edit,paraphrase,0,20,0.0
exp12_test_edit_05,test_edit,paraphrase,0,21,0.0
exp12_test_edit_05,test_edit,paraphrase,0,22,0.0
exp12_test_edit_05,test_edit,paraphrase,0,23,0.0
exp12_test_edit_05,test_edit,paraphrase,0,24,0.0
exp12_test_edit_05,test_edit,paraphrase,0,25,0.0
exp12_test_edit_05,test_edit,paraphrase,0,26,0.0
exp12_test_edit_05,test_edit,paraphrase,0,27,0.0
exp12_test_edit_05,test_edit,canonical,1,0,-7.252674549818039e-06
exp12_test_edit_05,test_edit,canonical,1,1,-9.50600951910019e-06
exp12_test_edit_05,test_edit,canonical,1,2,-2.032145857810974e-05
exp12_test_edit_05,test_edit,canonical,1,3,0.008590685669332743
exp12_test_edit_05,test_edit,canonical,1,4,0.004181551747024059
exp12_test_edit_05,test_edit,canonical,1,5,0.004154114052653313
exp12_test_edit_05,test_edit,canonical,1,6,1.4328863471746445e-05
exp12_test_edit_05,test_edit,canonical,1,7,-0.0
exp12_test_edit_05,test_edit,canonical,1,8,-0.0
exp12_test_edit_05,test_edit,canonical,1,9,-0.0
exp12_test_edit_05,test_edit,canonical,1,10,-0.0
exp12_test_edit_05,test_edit,canonical,1,11,-0.0
exp12_test_edit_05,test_edit,canonical,1,12,-0.0
exp12_test_edit_05,test_edit,canonical,1,13,-0.0
exp12_test_edit_05,test_edit,canonical,1,14,-0.0
exp12_test_edit_05,test_edit,canonical,1,15,-0.0
exp12_test_edit_05,test_edit,canonical,1,16,-0.0
exp12_test_edit_05,test_edit,canonical,1,17,-0.0
exp12_test_edit_05,test_edit,canonical,1,18,-0.0
exp12_test_edit_05,test_edit,canonical,1,19,-0.0
exp12_test_edit_05,test_edit,canonical,1,20,-0.0
exp12_test_edit_05,test_edit,canonical,1,21,-0.0
exp12_test_edit_05,test_edit,canonical,1,22,-0.0
exp12_test_edit_05,test_edit,canonical,1,23,-0.0
exp12_test_edit_05,test_edit,canonical,1,24,-0.0
exp12_test_edit_05,test_edit,canonical,1,25,-0.0
exp12_test_edit_05,test_edit,canonical,1,26,-0.0
exp12_test_edit_05,test_edit,canonical,1,27,-0.0
exp12_test_edit_05,test_edit,paraphrase,1,0,0.004066938534379005
exp12_test_edit_05,test_edit,paraphrase,1,1,0.007933352142572403
exp12_test_edit_05,test_edit,paraphrase,1,2,-0.00035808049142360687
exp12_test_edit_05,test_edit,paraphrase,1,3,0.02400370128452778
exp12_test_edit_05,test_edit,paraphrase,1,4,-0.0044568926095962524
exp12_test_edit_05,test_edit,paraphrase,1,5,0.017128553241491318
exp12_test_edit_05,test_edit,paraphrase,1,6,-0.013094121590256691
exp12_test_edit_05,test_edit,paraphrase,1,7,-0.0
exp12_test_edit_05,test_edit,paraphrase,1,8,-0.0
exp12_test_edit_05,test_edit,paraphrase,1,9,-0.0
exp12_test_edit_05,test_edit,paraphrase,1,10,-0.0
exp12_test_edit_05,test_edit,paraphrase,1,11,-0.0
exp12_test_edit_05,test_edit,paraphrase,1,12,-0.0
exp12_test_edit_05,test_edit,paraphrase,1,13,-0.0
exp12_test_edit_05,test_edit,paraphrase,1,14,-0.0
exp12_test_edit_05,test_edit,paraphrase,1,15,-0.0
exp12_test_edit_05,test_edit,paraphrase,1,16,-0.0
exp12_test_edit_05,test_edit,paraphrase,1,17,-0.0
exp12_test_edit_05,test_edit,paraphrase,1,18,-0.0
exp12_test_edit_05,test_edit,paraphrase,1,19,-0.0
exp12_test_edit_05,test_edit,paraphrase,1,20,-0.0
exp12_test_edit_05,test_edit,paraphrase,1,21,-0.0
exp12_test_edit_05,test_edit,paraphrase,1,22,-0.0
exp12_test_edit_05,test_edit,paraphrase,1,23,-0.0
exp12_test_edit_05,test_edit,paraphrase,1,24,-0.0
exp12_test_edit_05,test_edit,paraphrase,1,25,-0.0
exp12_test_edit_05,test_edit,paraphrase,1,26,-0.0
exp12_test_edit_05,test_edit,paraphrase,1,27,-0.0
exp12_test_edit_07,test_edit,canonical,0,0,0.01941490243189037
exp12_test_edit_07,test_edit,canonical,0,1,0.01550929737277329
exp12_test_edit_07,test_edit,canonical,0,2,0.015475976979359984
exp12_test_edit_07,test_edit,canonical,0,3,0.023292722180485725
exp12_test_edit_07,test_edit,canonical,0,4,0.011600944213569164
exp12_test_edit_07,test_edit,canonical,0,5,0.01927835284732282
exp12_test_edit_07,test_edit,canonical,0,6,0.011604359140619636
exp12_test_edit_07,test_edit,canonical,0,7,0.0
exp12_test_edit_07,test_edit,canonical,0,8,0.0
exp12_test_edit_07,test_edit,canonical,0,9,0.0
exp12_test_edit_07,test_edit,canonical,0,10,0.0
exp12_test_edit_07,test_edit,canonical,0,11,0.0
exp12_test_edit_07,test_edit,canonical,0,12,0.0
exp12_test_edit_07,test_edit,canonical,0,13,0.0
exp12_test_edit_07,test_edit,canonical,0,14,0.0
exp12_test_edit_07,test_edit,canonical,0,15,0.0
exp12_test_edit_07,test_edit,canonical,0,16,0.0
exp12_test_edit_07,test_edit,canonical,0,17,0.0
exp12_test_edit_07,test_edit,canonical,0,18,0.0
exp12_test_edit_07,test_edit,canonical,0,19,0.0
exp12_test_edit_07,test_edit,canonical,0,20,0.0
exp12_test_edit_07,test_edit,canonical,0,21,0.0
exp12_test_edit_07,test_edit,canonical,0,22,0.0
exp12_test_edit_07,test_edit,canonical,0,23,0.0
exp12_test_edit_07,test_edit,canonical,0,24,0.0
exp12_test_edit_07,test_edit,canonical,0,25,0.0
exp12_test_edit_07,test_edit,canonical,0,26,0.0
exp12_test_edit_07,test_edit,canonical,0,27,0.0
exp12_test_edit_07,test_edit,paraphrase,0,0,3.568048123270273e-05
exp12_test_edit_07,test_edit,paraphrase,0,1,0.02728893590392545
exp12_test_edit_07,test_edit,paraphrase,0,2,-0.007815885997842997
exp12_test_edit_07,test_edit,paraphrase,0,3,0.019453927292488515
exp12_test_edit_07,test_edit,paraphrase,0,4,-4.862714558839798e-05
exp12_test_edit_07,test_edit,paraphrase,0,5,0.01942844013683498
exp12_test_edit_07,test_edit,paraphrase,0,6,-0.007810066861566156
exp12_test_edit_07,test_edit,paraphrase,0,7,0.0
exp12_test_edit_07,test_edit,paraphrase,0,8,0.0
exp12_test_edit_07,test_edit,paraphrase,0,9,0.0
exp12_test_edit_07,test_edit,paraphrase,0,10,0.0
exp12_test_edit_07,test_edit,paraphrase,0,11,0.0
exp12_test_edit_07,test_edit,paraphrase,0,12,0.0
exp12_test_edit_07,test_edit,paraphrase,0,13,0.0
exp12_test_edit_07,test_edit,paraphrase,0,14,0.0
exp12_test_edit_07,test_edit,paraphrase,0,15,0.0
exp12_test_edit_07,test_edit,paraphrase,0,16,0.0
exp12_test_edit_07,test_edit,paraphrase,0,17,0.0
exp12_test_edit_07,test_edit,paraphrase,0,18,0.0
exp12_test_edit_07,test_edit,paraphrase,0,19,0.0
exp12_test_edit_07,test_edit,paraphrase,0,20,0.0
exp12_test_edit_07,test_edit,paraphrase,0,21,0.0
exp12_test_edit_07,test_edit,paraphrase,0,22,0.0
exp12_test_edit_07,test_edit,paraphrase,0,23,0.0
exp12_test_edit_07,test_edit,paraphrase,0,24,0.0
exp12_test_edit_07,test_edit,paraphrase,0,25,0.0
exp12_test_edit_07,test_edit,paraphrase,0,26,0.0
exp12_test_edit_07,test_edit,paraphrase,0,27,0.0
exp12_test_edit_07,test_edit,canonical,1,0,-0.00855845957994461
exp12_test_edit_07,test_edit,canonical,1,1,-0.004379682010039687
exp12_test_edit_07,test_edit,canonical,1,2,-0.008532030042260885
exp12_test_edit_07,test_edit,canonical,1,3,-0.008545866003260016
exp12_test_edit_07,test_edit,canonical,1,4,-0.012694865232333541
exp12_test_edit_07,test_edit,canonical,1,5,-0.008521828567609191
exp12_test_edit_07,test_edit,canonical,1,6,-0.00417213374748826
exp12_test_edit_07,test_edit,canonical,1,7,-0.0
exp12_test_edit_07,test_edit,canonical,1,8,-0.0
exp12_test_edit_07,test_edit,canonical,1,9,-0.0
exp12_test_edit_07,test_edit,canonical,1,10,-0.0
exp12_test_edit_07,test_edit,canonical,1,11,-0.0
exp12_test_edit_07,test_edit,canonical,1,12,-0.0
exp12_test_edit_07,test_edit,canonical,1,13,-0.0
exp12_test_edit_07,test_edit,canonical,1,14,-0.0
exp12_test_edit_07,test_edit,canonical,1,15,-0.0
exp12_test_edit_07,test_edit,canonical,1,16,-0.0
exp12_test_edit_07,test_edit,canonical,1,17,-0.0
exp12_test_edit_07,test_edit,canonical,1,18,-0.0
exp12_test_edit_07,test_edit,canonical,1,19,-0.0
exp12_test_edit_07,test_edit,canonical,1,20,-0.0
exp12_test_edit_07,test_edit,canonical,1,21,-0.0
exp12_test_edit_07,test_edit,canonical,1,22,-0.0
exp12_test_edit_07,test_edit,canonical,1,23,-0.0
exp12_test_edit_07,test_edit,canonical,1,24,-0.0
exp12_test_edit_07,test_edit,canonical,1,25,-0.0
exp12_test_edit_07,test_edit,canonical,1,26,-0.0
exp12_test_edit_07,test_edit,canonical,1,27,-0.0
exp12_test_edit_07,test_edit,paraphrase,1,0,0.008889246731996536
exp12_test_edit_07,test_edit,paraphrase,1,1,-0.0010377634316682816
exp12_test_edit_07,test_edit,paraphrase,1,2,0.004955504089593887
exp12_test_edit_07,test_edit,paraphrase,1,3,0.016209040768444538
exp12_test_edit_07,test_edit,paraphrase,1,4,-0.003866296261548996
exp12_test_edit_07,test_edit,paraphrase,1,5,0.01742682233452797
exp12_test_edit_07,test_edit,paraphrase,1,6,-0.004199054092168808
exp12_test_edit_07,test_edit,paraphrase,1,7,-0.0
exp12_test_edit_07,test_edit,paraphrase,1,8,-0.0
exp12_test_edit_07,test_edit,paraphrase,1,9,-0.0
exp12_test_edit_07,test_edit,paraphrase,1,10,-0.0
exp12_test_edit_07,test_edit,paraphrase,1,11,-0.0
exp12_test_edit_07,test_edit,paraphrase,1,12,-0.0
exp12_test_edit_07,test_edit,paraphrase,1,13,-0.0
exp12_test_edit_07,test_edit,paraphrase,1,14,-0.0
exp12_test_edit_07,test_edit,paraphrase,1,15,-0.0
exp12_test_edit_07,test_edit,paraphrase,1,16,-0.0
exp12_test_edit_07,test_edit,paraphrase,1,17,-0.0
exp12_test_edit_07,test_edit,paraphrase,1,18,-0.0
exp12_test_edit_07,test_edit,paraphrase,1,19,-0.0
exp12_test_edit_07,test_edit,paraphrase,1,20,-0.0
exp12_test_edit_07,test_edit,paraphrase,1,21,-0.0
exp12_test_edit_07,test_edit,paraphrase,1,22,-0.0
exp12_test_edit_07,test_edit,paraphrase,1,23,-0.0
exp12_test_edit_07,test_edit,paraphrase,1,24,-0.0
exp12_test_edit_07,test_edit,paraphrase,1,25,-0.0
exp12_test_edit_07,test_edit,paraphrase,1,26,-0.0
exp12_test_edit_07,test_edit,paraphrase,1,27,-0.0
exp12_test_edit_08,test_edit,canonical,0,0,0.008965083863586187
exp12_test_edit_08,test_edit,canonical,0,1,0.004357087658718228
exp12_test_edit_08,test_edit,canonical,0,2,0.017675290117040277
exp12_test_edit_08,test_edit,canonical,0,3,-0.004446509992703795
exp12_test_edit_08,test_edit,canonical,0,4,-0.004504697863012552
exp12_test_edit_08,test_edit,canonical,0,5,-1.6854610294103622e-06
exp12_test_edit_08,test_edit,canonical,0,6,0.004441426135599613
exp12_test_edit_08,test_edit,canonical,0,7,0.0
exp12_test_edit_08,test_edit,canonical,0,8,0.0
exp12_test_edit_08,test_edit,canonical,0,9,0.0
exp12_test_edit_08,test_edit,canonical,0,10,0.0
exp12_test_edit_08,test_edit,canonical,0,11,0.0
exp12_test_edit_08,test_edit,canonical,0,12,0.0
exp12_test_edit_08,test_edit,canonical,0,13,0.0
exp12_test_edit_08,test_edit,canonical,0,14,0.0
exp12_test_edit_08,test_edit,canonical,0,15,0.0
exp12_test_edit_08,test_edit,canonical,0,16,0.0
exp12_test_edit_08,test_edit,canonical,0,17,0.0
exp12_test_edit_08,test_edit,canonical,0,18,0.0
exp12_test_edit_08,test_edit,canonical,0,19,0.0
exp12_test_edit_08,test_edit,canonical,0,20,0.0
exp12_test_edit_08,test_edit,canonical,0,21,0.0
exp12_test_edit_08,test_edit,canonical,0,22,0.0
exp12_test_edit_08,test_edit,canonical,0,23,0.0
exp12_test_edit_08,test_edit,canonical,0,24,0.0
exp12_test_edit_08,test_edit,canonical,0,25,0.0
exp12_test_edit_08,test_edit,canonical,0,26,0.0
exp12_test_edit_08,test_edit,canonical,0,27,0.0
exp12_test_edit_08,test_edit,paraphrase,0,0,-0.026512295880820602
exp12_test_edit_08,test_edit,paraphrase,0,1,0.017826953320764005
exp12_test_edit_08,test_edit,paraphrase,0,2,-0.031008908583316952
exp12_test_edit_08,test_edit,paraphrase,0,3,0.008893137681297958
exp12_test_edit_08,test_edit,paraphrase,0,4,-0.013248391798697412
exp12_test_edit_08,test_edit,paraphrase,0,5,0.004550124518573284
exp12_test_edit_08,test_edit,paraphrase,0,6,9.587360545992851e-05
exp12_test_edit_08,test_edit,paraphrase,0,7,0.0
exp12_test_edit_08,test_edit,paraphrase,0,8,0.0
exp12_test_edit_08,test_edit,paraphrase,0,9,0.0
exp12_test_edit_08,test_edit,paraphrase,0,10,0.0
exp12_test_edit_08,test_edit,paraphrase,0,11,0.0
exp12_test_edit_08,test_edit,paraphrase,0,12,0.0
exp12_test_edit_08,test_edit,paraphrase,0,13,0.0
exp12_test_edit_08,test_edit,paraphrase,0,14,0.0
exp12_test_edit_08,test_edit,paraphrase,0,15,0.0
exp12_test_edit_08,test_edit,paraphrase,0,16,0.0
exp12_test_edit_08,test_edit,paraphrase,0,17,0.0
exp12_test_edit_08,test_edit,paraphrase,0,18,0.0
exp12_test_edit_08,test_edit,paraphrase,0,19,0.0
exp12_test_edit_08,test_edit,paraphrase,0,20,0.0
exp12_test_edit_08,test_edit,paraphrase,0,21,0.0
exp12_test_edit_08,test_edit,paraphrase,0,22,0.0
exp12_test_edit_08,test_edit,paraphrase,0,23,0.0
exp12_test_edit_08,test_edit,paraphrase,0,24,0.0
exp12_test_edit_08,test_edit,paraphrase,0,25,0.0
exp12_test_edit_08,test_edit,paraphrase,0,26,0.0
exp12_test_edit_08,test_edit,paraphrase,0,27,0.0
exp12_test_edit_08,test_edit,canonical,1,0,-0.012634883634746075
exp12_test_edit_08,test_edit,canonical,1,1,-0.008399373386055231
exp12_test_edit_08,test_edit,canonical,1,2,-0.008378011640161276
exp12_test_edit_08,test_edit,canonical,1,3,-0.003989433869719505
exp12_test_edit_08,test_edit,canonical,1,4,-0.004213597625494003
exp12_test_edit_08,test_edit,canonical,1,5,-0.008398274891078472
exp12_test_edit_08,test_edit,canonical,1,6,0.00022484781220555305
exp12_test_edit_08,test_edit,canonical,1,7,-0.0
exp12_test_edit_08,test_edit,canonical,1,8,-0.0
exp12_test_edit_08,test_edit,canonical,1,9,-0.0
exp12_test_edit_08,test_edit,canonical,1,10,-0.0
exp12_test_edit_08,test_edit,canonical,1,11,-0.0
exp12_test_edit_08,test_edit,canonical,1,12,-0.0
exp12_test_edit_08,test_edit,canonical,1,13,-0.0
exp12_test_edit_08,test_edit,canonical,1,14,-0.0
exp12_test_edit_08,test_edit,canonical,1,15,-0.0
exp12_test_edit_08,test_edit,canonical,1,16,-0.0
exp12_test_edit_08,test_edit,canonical,1,17,-0.0
exp12_test_edit_08,test_edit,canonical,1,18,-0.0
exp12_test_edit_08,test_edit,canonical,1,19,-0.0
exp12_test_edit_08,test_edit,canonical,1,20,-0.0
exp12_test_edit_08,test_edit,canonical,1,21,-0.0
exp12_test_edit_08,test_edit,canonical,1,22,-0.0
exp12_test_edit_08,test_edit,canonical,1,23,-0.0
exp12_test_edit_08,test_edit,canonical,1,24,-0.0
exp12_test_edit_08,test_edit,canonical,1,25,-0.0
exp12_test_edit_08,test_edit,canonical,1,26,-0.0
exp12_test_edit_08,test_edit,canonical,1,27,-0.0
exp12_test_edit_08,test_edit,paraphrase,1,0,-8.437782526016235e-06
exp12_test_edit_08,test_edit,paraphrase,1,1,-0.000801989808678627
exp12_test_edit_08,test_edit,paraphrase,1,2,0.0011610500514507294
exp12_test_edit_08,test_edit,paraphrase,1,3,0.01104792021214962
exp12_test_edit_08,test_edit,paraphrase,1,4,-0.0056112781167030334
exp12_test_edit_08,test_edit,paraphrase,1,5,0.00810978189110756
exp12_test_edit_08,test_edit,paraphrase,1,6,-0.012235935777425766
exp12_test_edit_08,test_edit,paraphrase,1,7,-0.0
exp12_test_edit_08,test_edit,paraphrase,1,8,-0.0
exp12_test_edit_08,test_edit,paraphrase,1,9,-0.0
exp12_test_edit_08,test_edit,paraphrase,1,10,-0.0
exp12_test_edit_08,test_edit,paraphrase,1,11,-0.0
exp12_test_edit_08,test_edit,paraphrase,1,12,-0.0
exp12_test_edit_08,test_edit,paraphrase,1,13,-0.0
exp12_test_edit_08,test_edit,paraphrase,1,14,-0.0
exp12_test_edit_08,test_edit,paraphrase,1,15,-0.0
exp12_test_edit_08,test_edit,paraphrase,1,16,-0.0
exp12_test_edit_08,test_edit,paraphrase,1,17,-0.0
exp12_test_edit_08,test_edit,paraphrase,1,18,-0.0
exp12_test_edit_08,test_edit,paraphrase,1,19,-0.0
exp12_test_edit_08,test_edit,paraphrase,1,20,-0.0
exp12_test_edit_08,test_edit,paraphrase,1,21,-0.0
exp12_test_edit_08,test_edit,paraphrase,1,22,-0.0
exp12_test_edit_08,test_edit,paraphrase,1,23,-0.0
exp12_test_edit_08,test_edit,paraphrase,1,24,-0.0
exp12_test_edit_08,test_edit,paraphrase,1,25,-0.0
exp12_test_edit_08,test_edit,paraphrase,1,26,-0.0
exp12_test_edit_08,test_edit,paraphrase,1,27,-0.0
exp12_test_edit_09,test_edit,canonical,0,0,-3.731017932295799e-05
exp12_test_edit_09,test_edit,canonical,0,1,-0.0037965369410812855
exp12_test_edit_09,test_edit,canonical,0,2,-0.023232208099216223
exp12_test_edit_09,test_edit,canonical,0,3,0.0038419761694967747
exp12_test_edit_09,test_edit,canonical,0,4,-0.015248372685164213
exp12_test_edit_09,test_edit,canonical,0,5,-0.011514231096953154
exp12_test_edit_09,test_edit,canonical,0,6,-0.01149049517698586
exp12_test_edit_09,test_edit,canonical,0,7,0.0
exp12_test_edit_09,test_edit,canonical,0,8,0.0
exp12_test_edit_09,test_edit,canonical,0,9,0.0
exp12_test_edit_09,test_edit,canonical,0,10,0.0
exp12_test_edit_09,test_edit,canonical,0,11,0.0
exp12_test_edit_09,test_edit,canonical,0,12,0.0
exp12_test_edit_09,test_edit,canonical,0,13,0.0
exp12_test_edit_09,test_edit,canonical,0,14,0.0
exp12_test_edit_09,test_edit,canonical,0,15,0.0
exp12_test_edit_09,test_edit,canonical,0,16,0.0
exp12_test_edit_09,test_edit,canonical,0,17,0.0
exp12_test_edit_09,test_edit,canonical,0,18,0.0
exp12_test_edit_09,test_edit,canonical,0,19,0.0
exp12_test_edit_09,test_edit,canonical,0,20,0.0
exp12_test_edit_09,test_edit,canonical,0,21,0.0
exp12_test_edit_09,test_edit,canonical,0,22,0.0
exp12_test_edit_09,test_edit,canonical,0,23,0.0
exp12_test_edit_09,test_edit,canonical,0,24,0.0
exp12_test_edit_09,test_edit,canonical,0,25,0.0
exp12_test_edit_09,test_edit,canonical,0,26,0.0
exp12_test_edit_09,test_edit,canonical,0,27,0.0
exp12_test_edit_09,test_edit,paraphrase,0,0,0.003841319354251027
exp12_test_edit_09,test_edit,paraphrase,0,1,0.011593737290240824
exp12_test_edit_09,test_edit,paraphrase,0,2,0.0038816105807200074
exp12_test_edit_09,test_edit,paraphrase,0,3,0.019359672907739878
exp12_test_edit_09,test_edit,paraphrase,0,4,0.003919794806279242
exp12_test_edit_09,test_edit,paraphrase,0,5,0.015554527170024812
exp12_test_edit_09,test_edit,paraphrase,0,6,4.31394437327981e-05
exp12_test_edit_09,test_edit,paraphrase,0,7,0.0
exp12_test_edit_09,test_edit,paraphrase,0,8,0.0
exp12_test_edit_09,test_edit,paraphrase,0,9,0.0
exp12_test_edit_09,test_edit,paraphrase,0,10,0.0
exp12_test_edit_09,test_edit,paraphrase,0,11,0.0
exp12_test_edit_09,test_edit,paraphrase,0,12,0.0
exp12_test_edit_09,test_edit,paraphrase,0,13,0.0
exp12_test_edit_09,test_edit,paraphrase,0,14,0.0
exp12_test_edit_09,test_edit,paraphrase,0,15,0.0
exp12_test_edit_09,test_edit,paraphrase,0,16,0.0
exp12_test_edit_09,test_edit,paraphrase,0,17,0.0
exp12_test_edit_09,test_edit,paraphrase,0,18,0.0
exp12_test_edit_09,test_edit,paraphrase,0,19,0.0
exp12_test_edit_09,test_edit,paraphrase,0,20,0.0
exp12_test_edit_09,test_edit,paraphrase,0,21,0.0
exp12_test_edit_09,test_edit,paraphrase,0,22,0.0
exp12_test_edit_09,test_edit,paraphrase,0,23,0.0
exp12_test_edit_09,test_edit,paraphrase,0,24,0.0
exp12_test_edit_09,test_edit,paraphrase,0,25,0.0
exp12_test_edit_09,test_edit,paraphrase,0,26,0.0
exp12_test_edit_09,test_edit,paraphrase,0,27,0.0
exp12_test_edit_09,test_edit,canonical,1,0,0.004362215520814061
exp12_test_edit_09,test_edit,canonical,1,1,0.004206384997814894
exp12_test_edit_09,test_edit,canonical,1,2,-1.2048985809087753e-06
exp12_test_edit_09,test_edit,canonical,1,3,0.00015034154057502747
exp12_test_edit_09,test_edit,canonical,1,4,-0.003988807555288076
exp12_test_edit_09,test_edit,canonical,1,5,1.4766352251172066e-05
exp12_test_edit_09,test_edit,canonical,1,6,-0.004044238943606615
exp12_test_edit_09,test_edit,canonical,1,7,-0.0
exp12_test_edit_09,test_edit,canonical,1,8,-0.0
exp12_test_edit_09,test_edit,canonical,1,9,-0.0
exp12_test_edit_09,test_edit,canonical,1,10,-0.0
exp12_test_edit_09,test_edit,canonical,1,11,-0.0
exp12_test_edit_09,test_edit,canonical,1,12,-0.0
exp12_test_edit_09,test_edit,canonical,1,13,-0.0
exp12_test_edit_09,test_edit,canonical,1,14,-0.0
exp12_test_edit_09,test_edit,canonical,1,15,-0.0
exp12_test_edit_09,test_edit,canonical,1,16,-0.0
exp12_test_edit_09,test_edit,canonical,1,17,-0.0
exp12_test_edit_09,test_edit,canonical,1,18,-0.0
exp12_test_edit_09,test_edit,canonical,1,19,-0.0
exp12_test_edit_09,test_edit,canonical,1,20,-0.0
exp12_test_edit_09,test_edit,canonical,1,21,-0.0
exp12_test_edit_09,test_edit,canonical,1,22,-0.0
exp12_test_edit_09,test_edit,canonical,1,23,-0.0
exp12_test_edit_09,test_edit,canonical,1,24,-0.0
exp12_test_edit_09,test_edit,canonical,1,25,-0.0
exp12_test_edit_09,test_edit,canonical,1,26,-0.0
exp12_test_edit_09,test_edit,canonical,1,27,-0.0
exp12_test_edit_09,test_edit,paraphrase,1,0,0.00011965259909629822
exp12_test_edit_09,test_edit,paraphrase,1,1,0.0023176129907369614
exp12_test_edit_09,test_edit,paraphrase,1,2,-0.0047905705869197845
exp12_test_edit_09,test_edit,paraphrase,1,3,0.010979337617754936
exp12_test_edit_09,test_edit,paraphrase,1,4,-0.00047595612704753876
exp12_test_edit_09,test_edit,paraphrase,1,5,0.008610516786575317
exp12_test_edit_09,test_edit,paraphrase,1,6,-0.01346937008202076
exp12_test_edit_09,test_edit,paraphrase,1,7,-0.0
exp12_test_edit_09,test_edit,paraphrase,1,8,-0.0
exp12_test_edit_09,test_edit,paraphrase,1,9,-0.0
exp12_test_edit_09,test_edit,paraphrase,1,10,-0.0
exp12_test_edit_09,test_edit,paraphrase,1,11,-0.0
exp12_test_edit_09,test_edit,paraphrase,1,12,-0.0
exp12_test_edit_09,test_edit,paraphrase,1,13,-0.0
exp12_test_edit_09,test_edit,paraphrase,1,14,-0.0
exp12_test_edit_09,test_edit,paraphrase,1,15,-0.0
exp12_test_edit_09,test_edit,paraphrase,1,16,-0.0
exp12_test_edit_09,test_edit,paraphrase,1,17,-0.0
exp12_test_edit_09,test_edit,paraphrase,1,18,-0.0
exp12_test_edit_09,test_edit,paraphrase,1,19,-0.0
exp12_test_edit_09,test_edit,paraphrase,1,20,-0.0
exp12_test_edit_09,test_edit,paraphrase,1,21,-0.0
exp12_test_edit_09,test_edit,paraphrase,1,22,-0.0
exp12_test_edit_09,test_edit,paraphrase,1,23,-0.0
exp12_test_edit_09,test_edit,paraphrase,1,24,-0.0
exp12_test_edit_09,test_edit,paraphrase,1,25,-0.0
exp12_test_edit_09,test_edit,paraphrase,1,26,-0.0
exp12_test_edit_09,test_edit,paraphrase,1,27,-0.0
exp12_test_edit_15,test_edit,canonical,0,0,-0.007607692154124379
exp12_test_edit_15,test_edit,canonical,0,1,0.003881206503137946
exp12_test_edit_15,test_edit,canonical,0,2,0.023152541369199753
exp12_test_edit_15,test_edit,canonical,0,3,-0.011523345485329628
exp12_test_edit_15,test_edit,canonical,0,4,-0.011501932051032782
exp12_test_edit_15,test_edit,canonical,0,5,-0.007615858921781182
exp12_test_edit_15,test_edit,canonical,0,6,-0.015407131053507328
exp12_test_edit_15,test_edit,canonical,0,7,0.0
exp12_test_edit_15,test_edit,canonical,0,8,0.0
exp12_test_edit_15,test_edit,canonical,0,9,0.0
exp12_test_edit_15,test_edit,canonical,0,10,0.0
exp12_test_edit_15,test_edit,canonical,0,11,0.0
exp12_test_edit_15,test_edit,canonical,0,12,0.0
exp12_test_edit_15,test_edit,canonical,0,13,0.0
exp12_test_edit_15,test_edit,canonical,0,14,0.0
exp12_test_edit_15,test_edit,canonical,0,15,0.0
exp12_test_edit_15,test_edit,canonical,0,16,0.0
exp12_test_edit_15,test_edit,canonical,0,17,0.0
exp12_test_edit_15,test_edit,canonical,0,18,0.0
exp12_test_edit_15,test_edit,canonical,0,19,0.0
exp12_test_edit_15,test_edit,canonical,0,20,0.0
exp12_test_edit_15,test_edit,canonical,0,21,0.0
exp12_test_edit_15,test_edit,canonical,0,22,0.0
exp12_test_edit_15,test_edit,canonical,0,23,0.0
exp12_test_edit_15,test_edit,canonical,0,24,0.0
exp12_test_edit_15,test_edit,canonical,0,25,0.0
exp12_test_edit_15,test_edit,canonical,0,26,0.0
exp12_test_edit_15,test_edit,canonical,0,27,0.0
exp12_test_edit_15,test_edit,paraphrase,0,0,0.011742984876036644
exp12_test_edit_15,test_edit,paraphrase,0,1,0.023414171824697405
exp12_test_edit_15,test_edit,paraphrase,0,2,-0.0038707454805262387
exp12_test_edit_15,test_edit,paraphrase,0,3,0.007793420576490462
exp12_test_edit_15,test_edit,paraphrase,0,4,-0.00787736859638244
exp12_test_edit_15,test_edit,paraphrase,0,5,3.72017384506762e-05
exp12_test_edit_15,test_edit,paraphrase,0,6,-0.015531865297816694
exp12_test_edit_15,test_edit,paraphrase,0,7,0.0
exp12_test_edit_15,test_edit,paraphrase,0,8,0.0
exp12_test_edit_15,test_edit,paraphrase,0,9,0.0
exp12_test_edit_15,test_edit,paraphrase,0,10,0.0
exp12_test_edit_15,test_edit,paraphrase,0,11,0.0
exp12_test_edit_15,test_edit,paraphrase,0,12,0.0
exp12_test_edit_15,test_edit,paraphrase,0,13,0.0
exp12_test_edit_15,test_edit,paraphrase,0,14,0.0
exp12_test_edit_15,test_edit,paraphrase,0,15,0.0
exp12_test_edit_15,test_edit,paraphrase,0,16,0.0
exp12_test_edit_15,test_edit,paraphrase,0,17,0.0
exp12_test_edit_15,test_edit,paraphrase,0,18,0.0
exp12_test_edit_15,test_edit,paraphrase,0,19,0.0
exp12_test_edit_15,test_edit,paraphrase,0,20,0.0
exp12_test_edit_15,test_edit,paraphrase,0,21,0.0
exp12_test_edit_15,test_edit,paraphrase,0,22,0.0
exp12_test_edit_15,test_edit,paraphrase,0,23,0.0
exp12_test_edit_15,test_edit,paraphrase,0,24,0.0
exp12_test_edit_15,test_edit,paraphrase,0,25,0.0
exp12_test_edit_15,test_edit,paraphrase,0,26,0.0
exp12_test_edit_15,test_edit,paraphrase,0,27,0.0
exp12_test_edit_15,test_edit,canonical,1,0,0.004454582463949919
exp12_test_edit_15,test_edit,canonical,1,1,0.013055250514298677
exp12_test_edit_15,test_edit,canonical,1,2,0.01281328545883298
exp12_test_edit_15,test_edit,canonical,1,3,0.004403505474328995
exp12_test_edit_15,test_edit,canonical,1,4,0.012809261679649353
exp12_test_edit_15,test_edit,canonical,1,5,0.004404820501804352
exp12_test_edit_15,test_edit,canonical,1,6,8.711591362953186e-06
exp12_test_edit_15,test_edit,canonical,1,7,-0.0
exp12_test_edit_15,test_edit,canonical,1,8,-0.0
exp12_test_edit_15,test_edit,canonical,1,9,-0.0
exp12_test_edit_15,test_edit,canonical,1,10,-0.0
exp12_test_edit_15,test_edit,canonical,1,11,-0.0
exp12_test_edit_15,test_edit,canonical,1,12,-0.0
exp12_test_edit_15,test_edit,canonical,1,13,-0.0
exp12_test_edit_15,test_edit,canonical,1,14,-0.0
exp12_test_edit_15,test_edit,canonical,1,15,-0.0
exp12_test_edit_15,test_edit,canonical,1,16,-0.0
exp12_test_edit_15,test_edit,canonical,1,17,-0.0
exp12_test_edit_15,test_edit,canonical,1,18,-0.0
exp12_test_edit_15,test_edit,canonical,1,19,-0.0
exp12_test_edit_15,test_edit,canonical,1,20,-0.0
exp12_test_edit_15,test_edit,canonical,1,21,-0.0
exp12_test_edit_15,test_edit,canonical,1,22,-0.0
exp12_test_edit_15,test_edit,canonical,1,23,-0.0
exp12_test_edit_15,test_edit,canonical,1,24,-0.0
exp12_test_edit_15,test_edit,canonical,1,25,-0.0
exp12_test_edit_15,test_edit,canonical,1,26,-0.0
exp12_test_edit_15,test_edit,canonical,1,27,-0.0
exp12_test_edit_15,test_edit,paraphrase,1,0,7.1302056312561035e-06
exp12_test_edit_15,test_edit,paraphrase,1,1,-0.004978040233254433
exp12_test_edit_15,test_edit,paraphrase,1,2,-0.00010614097118377686
exp12_test_edit_15,test_edit,paraphrase,1,3,-0.0010025668889284134
exp12_test_edit_15,test_edit,paraphrase,1,4,-0.013302747160196304
exp12_test_edit_15,test_edit,paraphrase,1,5,0.003941338509321213
exp12_test_edit_15,test_edit,paraphrase,1,6,-0.012767080217599869
exp12_test_edit_15,test_edit,paraphrase,1,7,-0.0
exp12_test_edit_15,test_edit,paraphrase,1,8,-0.0
exp12_test_edit_15,test_edit,paraphrase,1,9,-0.0
exp12_test_edit_15,test_edit,paraphrase,1,10,-0.0
exp12_test_edit_15,test_edit,paraphrase,1,11,-0.0
exp12_test_edit_15,test_edit,paraphrase,1,12,-0.0
exp12_test_edit_15,test_edit,paraphrase,1,13,-0.0
exp12_test_edit_15,test_edit,paraphrase,1,14,-0.0
exp12_test_edit_15,test_edit,paraphrase,1,15,-0.0
exp12_test_edit_15,test_edit,paraphrase,1,16,-0.0
exp12_test_edit_15,test_edit,paraphrase,1,17,-0.0
exp12_test_edit_15,test_edit,paraphrase,1,18,-0.0
exp12_test_edit_15,test_edit,paraphrase,1,19,-0.0
exp12_test_edit_15,test_edit,paraphrase,1,20,-0.0
exp12_test_edit_15,test_edit,paraphrase,1,21,-0.0
exp12_test_edit_15,test_edit,paraphrase,1,22,-0.0
exp12_test_edit_15,test_edit,paraphrase,1,23,-0.0
exp12_test_edit_15,test_edit,paraphrase,1,24,-0.0
exp12_test_edit_15,test_edit,paraphrase,1,25,-0.0
exp12_test_edit_15,test_edit,paraphrase,1,26,-0.0
exp12_test_edit_15,test_edit,paraphrase,1,27,-0.0
exp12_search_edit_01,search_edit,canonical,0,0,0.0089008997019846
exp12_search_edit_01,search_edit,canonical,0,1,-0.008948869042797014
exp12_search_edit_01,search_edit,canonical,0,2,-0.008949829891207628
exp12_search_edit_01,search_edit,canonical,0,3,-0.008939924067817628
exp12_search_edit_01,search_edit,canonical,0,4,-4.389788955450058e-06
exp12_search_edit_01,search_edit,canonical,0,5,0.017856899328762665
exp12_search_edit_01,search_edit,canonical,0,6,0.008937419974245131
exp12_search_edit_01,search_edit,canonical,0,7,0.0
exp12_search_edit_01,search_edit,canonical,0,8,0.0
exp12_search_edit_01,search_edit,canonical,0,9,0.0
exp12_search_edit_01,search_edit,canonical,0,10,0.0
exp12_search_edit_01,search_edit,canonical,0,11,0.0
exp12_search_edit_01,search_edit,canonical,0,12,0.0
exp12_search_edit_01,search_edit,canonical,0,13,0.0
exp12_search_edit_01,search_edit,canonical,0,14,0.0
exp12_search_edit_01,search_edit,canonical,0,15,0.0
exp12_search_edit_01,search_edit,canonical,0,16,0.0
exp12_search_edit_01,search_edit,canonical,0,17,0.0
exp12_search_edit_01,search_edit,canonical,0,18,0.0
exp12_search_edit_01,search_edit,canonical,0,19,0.0
exp12_search_edit_01,search_edit,canonical,0,20,0.0
exp12_search_edit_01,search_edit,canonical,0,21,0.0
exp12_search_edit_01,search_edit,canonical,0,22,0.0
exp12_search_edit_01,search_edit,canonical,0,23,0.0
exp12_search_edit_01,search_edit,canonical,0,24,0.0
exp12_search_edit_01,search_edit,canonical,0,25,0.0
exp12_search_edit_01,search_edit,canonical,0,26,0.0
exp12_search_edit_01,search_edit,canonical,0,27,0.0
exp12_search_edit_01,search_edit,paraphrase,0,0,0.00892902779742144
exp12_search_edit_01,search_edit,paraphrase,0,1,0.008929016592446715
exp12_search_edit_01,search_edit,paraphrase,0,2,0.017855938378488645
exp12_search_edit_01,search_edit,paraphrase,0,3,0.026787820708705112
exp12_search_edit_01,search_edit,paraphrase,0,4,0.008927107293857262
exp12_search_edit_01,search_edit,paraphrase,0,5,0.008926251961383969
exp12_search_edit_01,search_edit,paraphrase,0,6,0.017860608029877767
exp12_search_edit_01,search_edit,paraphrase,0,7,0.0
exp12_search_edit_01,search_edit,paraphrase,0,8,0.0
exp12_search_edit_01,search_edit,paraphrase,0,9,0.0
exp12_search_edit_01,search_edit,paraphrase,0,10,0.0
exp12_search_edit_01,search_edit,paraphrase,0,11,0.0
exp12_search_edit_01,search_edit,paraphrase,0,12,0.0
exp12_search_edit_01,search_edit,paraphrase,0,13,0.0
exp12_search_edit_01,search_edit,paraphrase,0,14,0.0
exp12_search_edit_01,search_edit,paraphrase,0,15,0.0
exp12_search_edit_01,search_edit,paraphrase,0,16,0.0
exp12_search_edit_01,search_edit,paraphrase,0,17,0.0
exp12_search_edit_01,search_edit,paraphrase,0,18,0.0
exp12_search_edit_01,search_edit,paraphrase,0,19,0.0
exp12_search_edit_01,search_edit,paraphrase,0,20,0.0
exp12_search_edit_01,search_edit,paraphrase,0,21,0.0
exp12_search_edit_01,search_edit,paraphrase,0,22,0.0
exp12_search_edit_01,search_edit,paraphrase,0,23,0.0
exp12_search_edit_01,search_edit,paraphrase,0,24,0.0
exp12_search_edit_01,search_edit,paraphrase,0,25,0.0
exp12_search_edit_01,search_edit,paraphrase,0,26,0.0
exp12_search_edit_01,search_edit,paraphrase,0,27,0.0
exp12_search_edit_01,search_edit,canonical,1,0,0.010454948293045163
exp12_search_edit_01,search_edit,canonical,1,1,0.010412178235128522
exp12_search_edit_01,search_edit,canonical,1,2,0.020769186317920685
exp12_search_edit_01,search_edit,canonical,1,3,0.020755291916429996
exp12_search_edit_01,search_edit,canonical,1,4,8.745118975639343e-06
exp12_search_edit_01,search_edit,canonical,1,5,0.020774868316948414
exp12_search_edit_01,search_edit,canonical,1,6,-6.116461008787155e-07
exp12_search_edit_01,search_edit,canonical,1,7,-0.0
exp12_search_edit_01,search_edit,canonical,1,8,-0.0
exp12_search_edit_01,search_edit,canonical,1,9,-0.0
exp12_search_edit_01,search_edit,canonical,1,10,-0.0
exp12_search_edit_01,search_edit,canonical,1,11,-0.0
exp12_search_edit_01,search_edit,canonical,1,12,-0.0
exp12_search_edit_01,search_edit,canonical,1,13,-0.0
exp12_search_edit_01,search_edit,canonical,1,14,-0.0
exp12_search_edit_01,search_edit,canonical,1,15,-0.0
exp12_search_edit_01,search_edit,canonical,1,16,-0.0
exp12_search_edit_01,search_edit,canonical,1,17,-0.0
exp12_search_edit_01,search_edit,canonical,1,18,-0.0
exp12_search_edit_01,search_edit,canonical,1,19,-0.0
exp12_search_edit_01,search_edit,canonical,1,20,-0.0
exp12_search_edit_01,search_edit,canonical,1,21,-0.0
exp12_search_edit_01,search_edit,canonical,1,22,-0.0
exp12_search_edit_01,search_edit,canonical,1,23,-0.0
exp12_search_edit_01,search_edit,canonical,1,24,-0.0
exp12_search_edit_01,search_edit,canonical,1,25,-0.0
exp12_search_edit_01,search_edit,canonical,1,26,-0.0
exp12_search_edit_01,search_edit,canonical,1,27,-0.0
exp12_search_edit_01,search_edit,paraphrase,1,0,4.887580871582031e-06
exp12_search_edit_01,search_edit,paraphrase,1,1,-3.378838300704956e-05
exp12_search_edit_01,search_edit,paraphrase,1,2,-0.00013784319162368774
exp12_search_edit_01,search_edit,paraphrase,1,3,-2.7827918529510498e-05
exp12_search_edit_01,search_edit,paraphrase,1,4,-4.693120718002319e-05
exp12_search_edit_01,search_edit,paraphrase,1,5,0.07672152668237686
exp12_search_edit_01,search_edit,paraphrase,1,6,-0.019468247890472412
exp12_search_edit_01,search_edit,paraphrase,1,7,-0.0
exp12_search_edit_01,search_edit,paraphrase,1,8,-0.0
exp12_search_edit_01,search_edit,paraphrase,1,9,-0.0
exp12_search_edit_01,search_edit,paraphrase,1,10,-0.0
exp12_search_edit_01,search_edit,paraphrase,1,11,-0.0
exp12_search_edit_01,search_edit,paraphrase,1,12,-0.0
exp12_search_edit_01,search_edit,paraphrase,1,13,-0.0
exp12_search_edit_01,search_edit,paraphrase,1,14,-0.0
exp12_search_edit_01,search_edit,paraphrase,1,15,-0.0
exp12_search_edit_01,search_edit,paraphrase,1,16,-0.0
exp12_search_edit_01,search_edit,paraphrase,1,17,-0.0
exp12_search_edit_01,search_edit,paraphrase,1,18,-0.0
exp12_search_edit_01,search_edit,paraphrase,1,19,-0.0
exp12_search_edit_01,search_edit,paraphrase,1,20,-0.0
exp12_search_edit_01,search_edit,paraphrase,1,21,-0.0
exp12_search_edit_01,search_edit,paraphrase,1,22,-0.0
exp12_search_edit_01,search_edit,paraphrase,1,23,-0.0
exp12_search_edit_01,search_edit,paraphrase,1,24,-0.0
exp12_search_edit_01,search_edit,paraphrase,1,25,-0.0
exp12_search_edit_01,search_edit,paraphrase,1,26,-0.0
exp12_search_edit_01,search_edit,paraphrase,1,27,-0.0
exp12_search_edit_03,search_edit,canonical,0,0,-0.007818081765435636
exp12_search_edit_03,search_edit,canonical,0,1,-2.3872911697253585e-05
exp12_search_edit_03,search_edit,canonical,0,2,-0.007833810814190656
exp12_search_edit_03,search_edit,canonical,0,3,-0.007867095875553787
exp12_search_edit_03,search_edit,canonical,0,4,-0.0078445857798215
exp12_search_edit_03,search_edit,canonical,0,5,-0.007846278604120016
exp12_search_edit_03,search_edit,canonical,0,6,0.023375407850835472
exp12_search_edit_03,search_edit,canonical,0,7,0.0
exp12_search_edit_03,search_edit,canonical,0,8,0.0
exp12_search_edit_03,search_edit,canonical,0,9,0.0
exp12_search_edit_03,search_edit,canonical,0,10,0.0
exp12_search_edit_03,search_edit,canonical,0,11,0.0
exp12_search_edit_03,search_edit,canonical,0,12,0.0
exp12_search_edit_03,search_edit,canonical,0,13,0.0
exp12_search_edit_03,search_edit,canonical,0,14,0.0
exp12_search_edit_03,search_edit,canonical,0,15,0.0
exp12_search_edit_03,search_edit,canonical,0,16,0.0
exp12_search_edit_03,search_edit,canonical,0,17,0.0
exp12_search_edit_03,search_edit,canonical,0,18,0.0
exp12_search_edit_03,search_edit,canonical,0,19,0.0
exp12_search_edit_03,search_edit,canonical,0,20,0.0
exp12_search_edit_03,search_edit,canonical,0,21,0.0
exp12_search_edit_03,search_edit,canonical,0,22,0.0
exp12_search_edit_03,search_edit,canonical,0,23,0.0
exp12_search_edit_03,search_edit,canonical,0,24,0.0
exp12_search_edit_03,search_edit,canonical,0,25,0.0
exp12_search_edit_03,search_edit,canonical,0,26,0.0
exp12_search_edit_03,search_edit,canonical,0,27,0.0
exp12_search_edit_03,search_edit,paraphrase,0,0,-0.015641050995327532
exp12_search_edit_03,search_edit,paraphrase,0,1,-0.007819736958481371
exp12_search_edit_03,search_edit,paraphrase,0,2,-0.0234565770952031
exp12_search_edit_03,search_edit,paraphrase,0,3,-0.01564363535726443
exp12_search_edit_03,search_edit,paraphrase,0,4,-0.007828077184967697
exp12_search_edit_03,search_edit,paraphrase,0,5,-1.6819452866911888e-05
exp12_search_edit_03,search_edit,paraphrase,0,6,-0.007811763556674123
exp12_search_edit_03,search_edit,paraphrase,0,7,0.0
exp12_search_edit_03,search_edit,paraphrase,0,8,0.0
exp12_search_edit_03,search_edit,paraphrase,0,9,0.0
exp12_search_edit_03,search_edit,paraphrase,0,10,0.0
exp12_search_edit_03,search_edit,paraphrase,0,11,0.0
exp12_search_edit_03,search_edit,paraphrase,0,12,0.0
exp12_search_edit_03,search_edit,paraphrase,0,13,0.0
exp12_search_edit_03,search_edit,paraphrase,0,14,0.0
exp12_search_edit_03,search_edit,paraphrase,0,15,0.0
exp12_search_edit_03,search_edit,paraphrase,0,16,0.0
exp12_search_edit_03,search_edit,paraphrase,0,17,0.0
exp12_search_edit_03,search_edit,paraphrase,0,18,0.0
exp12_search_edit_03,search_edit,paraphrase,0,19,0.0
exp12_search_edit_03,search_edit,paraphrase,0,20,0.0
exp12_search_edit_03,search_edit,paraphrase,0,21,0.0
exp12_search_edit_03,search_edit,paraphrase,0,22,0.0
exp12_search_edit_03,search_edit,paraphrase,0,23,0.0
exp12_search_edit_03,search_edit,paraphrase,0,24,0.0
exp12_search_edit_03,search_edit,paraphrase,0,25,0.0
exp12_search_edit_03,search_edit,paraphrase,0,26,0.0
exp12_search_edit_03,search_edit,paraphrase,0,27,0.0
exp12_search_edit_03,search_edit,canonical,1,0,-0.020709767006337643
exp12_search_edit_03,search_edit,canonical,1,1,-0.031182156642898917
exp12_search_edit_03,search_edit,canonical,1,2,-0.02085152640938759
exp12_search_edit_03,search_edit,canonical,1,3,-0.031218519201502204
exp12_search_edit_03,search_edit,canonical,1,4,-0.010503406636416912
exp12_search_edit_03,search_edit,canonical,1,5,0.010409318609163165
exp12_search_edit_03,search_edit,canonical,1,6,-0.010433345334604383
exp12_search_edit_03,search_edit,canonical,1,7,-0.0
exp12_search_edit_03,search_edit,canonical,1,8,-0.0
exp12_search_edit_03,search_edit,canonical,1,9,-0.0
exp12_search_edit_03,search_edit,canonical,1,10,-0.0
exp12_search_edit_03,search_edit,canonical,1,11,-0.0
exp12_search_edit_03,search_edit,canonical,1,12,-0.0
exp12_search_edit_03,search_edit,canonical,1,13,-0.0
exp12_search_edit_03,search_edit,canonical,1,14,-0.0
exp12_search_edit_03,search_edit,canonical,1,15,-0.0
exp12_search_edit_03,search_edit,canonical,1,16,-0.0
exp12_search_edit_03,search_edit,canonical,1,17,-0.0
exp12_search_edit_03,search_edit,canonical,1,18,-0.0
exp12_search_edit_03,search_edit,canonical,1,19,-0.0
exp12_search_edit_03,search_edit,canonical,1,20,-0.0
exp12_search_edit_03,search_edit,canonical,1,21,-0.0
exp12_search_edit_03,search_edit,canonical,1,22,-0.0
exp12_search_edit_03,search_edit,canonical,1,23,-0.0
exp12_search_edit_03,search_edit,canonical,1,24,-0.0
exp12_search_edit_03,search_edit,canonical,1,25,-0.0
exp12_search_edit_03,search_edit,canonical,1,26,-0.0
exp12_search_edit_03,search_edit,canonical,1,27,-0.0
exp12_search_edit_03,search_edit,paraphrase,1,0,-1.5478581190109253e-06
exp12_search_edit_03,search_edit,paraphrase,1,1,1.4102086424827576e-05
exp12_search_edit_03,search_edit,paraphrase,1,2,-0.020488285459578037
exp12_search_edit_03,search_edit,paraphrase,1,3,-0.00019973330199718475
exp12_search_edit_03,search_edit,paraphrase,1,4,4.434958100318909e-06
exp12_search_edit_03,search_edit,paraphrase,1,5,0.08117091096937656
exp12_search_edit_03,search_edit,paraphrase,1,6,-0.020460721105337143
exp12_search_edit_03,search_edit,paraphrase,1,7,-0.0
exp12_search_edit_03,search_edit,paraphrase,1,8,-0.0
exp12_search_edit_03,search_edit,paraphrase,1,9,-0.0
exp12_search_edit_03,search_edit,paraphrase,1,10,-0.0
exp12_search_edit_03,search_edit,paraphrase,1,11,-0.0
exp12_search_edit_03,search_edit,paraphrase,1,12,-0.0
exp12_search_edit_03,search_edit,paraphrase,1,13,-0.0
exp12_search_edit_03,search_edit,paraphrase,1,14,-0.0
exp12_search_edit_03,search_edit,paraphrase,1,15,-0.0
exp12_search_edit_03,search_edit,paraphrase,1,16,-0.0
exp12_search_edit_03,search_edit,paraphrase,1,17,-0.0
exp12_search_edit_03,search_edit,paraphrase,1,18,-0.0
exp12_search_edit_03,search_edit,paraphrase,1,19,-0.0
exp12_search_edit_03,search_edit,paraphrase,1,20,-0.0
exp12_search_edit_03,search_edit,paraphrase,1,21,-0.0
exp12_search_edit_03,search_edit,paraphrase,1,22,-0.0
exp12_search_edit_03,search_edit,paraphrase,1,23,-0.0
exp12_search_edit_03,search_edit,paraphrase,1,24,-0.0
exp12_search_edit_03,search_edit,paraphrase,1,25,-0.0
exp12_search_edit_03,search_edit,paraphrase,1,26,-0.0
exp12_search_edit_03,search_edit,paraphrase,1,27,-0.0
exp12_search_edit_05,search_edit,canonical,0,0,0.015562362648779526
exp12_search_edit_05,search_edit,canonical,0,1,0.023350063478574157
exp12_search_edit_05,search_edit,canonical,0,2,-7.019631448201835e-05
exp12_search_edit_05,search_edit,canonical,0,3,0.023375983582809567
exp12_search_edit_05,search_edit,canonical,0,4,0.02338345706812106
exp12_search_edit_05,search_edit,canonical,0,5,0.0077453516714740545
exp12_search_edit_05,search_edit,canonical,0,6,0.007848621375160292
exp12_search_edit_05,search_edit,canonical,0,7,0.0
exp12_search_edit_05,search_edit,canonical,0,8,0.0
exp12_search_edit_05,search_edit,canonical,0,9,0.0
exp12_search_edit_05,search_edit,canonical,0,10,0.0
exp12_search_edit_05,search_edit,canonical,0,11,0.0
exp12_search_edit_05,search_edit,canonical,0,12,0.0
exp12_search_edit_05,search_edit,canonical,0,13,0.0
exp12_search_edit_05,search_edit,canonical,0,14,0.0
exp12_search_edit_05,search_edit,canonical,0,15,0.0
exp12_search_edit_05,search_edit,canonical,0,16,0.0
exp12_search_edit_05,search_edit,canonical,0,17,0.0
exp12_search_edit_05,search_edit,canonical,0,18,0.0
exp12_search_edit_05,search_edit,canonical,0,19,0.0
exp12_search_edit_05,search_edit,canonical,0,20,0.0
exp12_search_edit_05,search_edit,canonical,0,21,0.0
exp12_search_edit_05,search_edit,canonical,0,22,0.0
exp12_search_edit_05,search_edit,canonical,0,23,0.0
exp12_search_edit_05,search_edit,canonical,0,24,0.0
exp12_search_edit_05,search_edit,canonical,0,25,0.0
exp12_search_edit_05,search_edit,canonical,0,26,0.0
exp12_search_edit_05,search_edit,canonical,0,27,0.0
exp12_search_edit_05,search_edit,paraphrase,0,0,-0.007834396150428802
exp12_search_edit_05,search_edit,paraphrase,0,1,-9.880983270704746e-06
exp12_search_edit_05,search_edit,paraphrase,0,2,-0.00782134011387825
exp12_search_edit_05,search_edit,paraphrase,0,3,-0.015660492819733918
exp12_search_edit_05,search_edit,paraphrase,0,4,-0.007826284039765596
exp12_search_edit_05,search_edit,paraphrase,0,5,0.02342705160845071
exp12_search_edit_05,search_edit,paraphrase,0,6,-0.00782147841528058
exp12_search_edit_05,search_edit,paraphrase,0,7,0.0
exp12_search_edit_05,search_edit,paraphrase,0,8,0.0
exp12_search_edit_05,search_edit,paraphrase,0,9,0.0
exp12_search_edit_05,search_edit,paraphrase,0,10,0.0
exp12_search_edit_05,search_edit,paraphrase,0,11,0.0
exp12_search_edit_05,search_edit,paraphrase,0,12,0.0
exp12_search_edit_05,search_edit,paraphrase,0,13,0.0
exp12_search_edit_05,search_edit,paraphrase,0,14,0.0
exp12_search_edit_05,search_edit,paraphrase,0,15,0.0
exp12_search_edit_05,search_edit,paraphrase,0,16,0.0
exp12_search_edit_05,search_edit,paraphrase,0,17,0.0
exp12_search_edit_05,search_edit,paraphrase,0,18,0.0
exp12_search_edit_05,search_edit,paraphrase,0,19,0.0
exp12_search_edit_05,search_edit,paraphrase,0,20,0.0
exp12_search_edit_05,search_edit,paraphrase,0,21,0.0
exp12_search_edit_05,search_edit,paraphrase,0,22,0.0
exp12_search_edit_05,search_edit,paraphrase,0,23,0.0
exp12_search_edit_05,search_edit,paraphrase,0,24,0.0
exp12_search_edit_05,search_edit,paraphrase,0,25,0.0
exp12_search_edit_05,search_edit,paraphrase,0,26,0.0
exp12_search_edit_05,search_edit,paraphrase,0,27,0.0
exp12_search_edit_05,search_edit,canonical,1,0,2.8664711862802505e-05
exp12_search_edit_05,search_edit,canonical,1,1,-0.031059936620295048
exp12_search_edit_05,search_edit,canonical,1,2,0.01028147293254733
exp12_search_edit_05,search_edit,canonical,1,3,-0.02077973773702979
exp12_search_edit_05,search_edit,canonical,1,4,-0.020815525203943253
exp12_search_edit_05,search_edit,canonical,1,5,4.4512562453746796e-05
exp12_search_edit_05,search_edit,canonical,1,6,-0.02078004740178585
exp12_search_edit_05,search_edit,canonical,1,7,-0.0
exp12_search_edit_05,search_edit,canonical,1,8,-0.0
exp12_search_edit_05,search_edit,canonical,1,9,-0.0
exp12_search_edit_05,search_edit,canonical,1,10,-0.0
exp12_search_edit_05,search_edit,canonical,1,11,-0.0
exp12_search_edit_05,search_edit,canonical,1,12,-0.0
exp12_search_edit_05,search_edit,canonical,1,13,-0.0
exp12_search_edit_05,search_edit,canonical,1,14,-0.0
exp12_search_edit_05,search_edit,canonical,1,15,-0.0
exp12_search_edit_05,search_edit,canonical,1,16,-0.0
exp12_search_edit_05,search_edit,canonical,1,17,-0.0
exp12_search_edit_05,search_edit,canonical,1,18,-0.0
exp12_search_edit_05,search_edit,canonical,1,19,-0.0
exp12_search_edit_05,search_edit,canonical,1,20,-0.0
exp12_search_edit_05,search_edit,canonical,1,21,-0.0
exp12_search_edit_05,search_edit,canonical,1,22,-0.0
exp12_search_edit_05,search_edit,canonical,1,23,-0.0
exp12_search_edit_05,search_edit,canonical,1,24,-0.0
exp12_search_edit_05,search_edit,canonical,1,25,-0.0
exp12_search_edit_05,search_edit,canonical,1,26,-0.0
exp12_search_edit_05,search_edit,canonical,1,27,-0.0
exp12_search_edit_05,search_edit,paraphrase,1,0,-5.997717380523682e-07
exp12_search_edit_05,search_edit,paraphrase,1,1,1.7333775758743286e-05
exp12_search_edit_05,search_edit,paraphrase,1,2,0.0001664981245994568
exp12_search_edit_05,search_edit,paraphrase,1,3,0.019674114882946014
exp12_search_edit_05,search_edit,paraphrase,1,4,-1.2025237083435059e-05
exp12_search_edit_05,search_edit,paraphrase,1,5,0.07774337008595467
exp12_search_edit_05,search_edit,paraphrase,1,6,1.4133751392364502e-05
exp12_search_edit_05,search_edit,paraphrase,1,7,-0.0
exp12_search_edit_05,search_edit,paraphrase,1,8,-0.0
exp12_search_edit_05,search_edit,paraphrase,1,9,-0.0
exp12_search_edit_05,search_edit,paraphrase,1,10,-0.0
exp12_search_edit_05,search_edit,paraphrase,1,11,-0.0
exp12_search_edit_05,search_edit,paraphrase,1,12,-0.0
exp12_search_edit_05,search_edit,paraphrase,1,13,-0.0
exp12_search_edit_05,search_edit,paraphrase,1,14,-0.0
exp12_search_edit_05,search_edit,paraphrase,1,15,-0.0
exp12_search_edit_05,search_edit,paraphrase,1,16,-0.0
exp12_search_edit_05,search_edit,paraphrase,1,17,-0.0
exp12_search_edit_05,search_edit,paraphrase,1,18,-0.0
exp12_search_edit_05,search_edit,paraphrase,1,19,-0.0
exp12_search_edit_05,search_edit,paraphrase,1,20,-0.0
exp12_search_edit_05,search_edit,paraphrase,1,21,-0.0
exp12_search_edit_05,search_edit,paraphrase,1,22,-0.0
exp12_search_edit_05,search_edit,paraphrase,1,23,-0.0
exp12_search_edit_05,search_edit,paraphrase,1,24,-0.0
exp12_search_edit_05,search_edit,paraphrase,1,25,-0.0
exp12_search_edit_05,search_edit,paraphrase,1,26,-0.0
exp12_search_edit_05,search_edit,paraphrase,1,27,-0.0
exp12_search_edit_09,search_edit,canonical,0,0,-0.00786221437738277
exp12_search_edit_09,search_edit,canonical,0,1,-0.007764978567138314
exp12_search_edit_09,search_edit,canonical,0,2,-0.00777732819551602
exp12_search_edit_09,search_edit,canonical,0,3,-0.015620325837517157
exp12_search_edit_09,search_edit,canonical,0,4,0.007873941445723176
exp12_search_edit_09,search_edit,canonical,0,5,2.899926039390266e-05
exp12_search_edit_09,search_edit,canonical,0,6,4.52408567070961e-05
exp12_search_edit_09,search_edit,canonical,0,7,0.0
exp12_search_edit_09,search_edit,canonical,0,8,0.0
exp12_search_edit_09,search_edit,canonical,0,9,0.0
exp12_search_edit_09,search_edit,canonical,0,10,0.0
exp12_search_edit_09,search_edit,canonical,0,11,0.0
exp12_search_edit_09,search_edit,canonical,0,12,0.0
exp12_search_edit_09,search_edit,canonical,0,13,0.0
exp12_search_edit_09,search_edit,canonical,0,14,0.0
exp12_search_edit_09,search_edit,canonical,0,15,0.0
exp12_search_edit_09,search_edit,canonical,0,16,0.0
exp12_search_edit_09,search_edit,canonical,0,17,0.0
exp12_search_edit_09,search_edit,canonical,0,18,0.0
exp12_search_edit_09,search_edit,canonical,0,19,0.0
exp12_search_edit_09,search_edit,canonical,0,20,0.0
exp12_search_edit_09,search_edit,canonical,0,21,0.0
exp12_search_edit_09,search_edit,canonical,0,22,0.0
exp12_search_edit_09,search_edit,canonical,0,23,0.0
exp12_search_edit_09,search_edit,canonical,0,24,0.0
exp12_search_edit_09,search_edit,canonical,0,25,0.0
exp12_search_edit_09,search_edit,canonical,0,26,0.0
exp12_search_edit_09,search_edit,canonical,0,27,0.0
exp12_search_edit_09,search_edit,paraphrase,0,0,3.5081757232546806e-07
exp12_search_edit_09,search_edit,paraphrase,0,1,-3.9978185668587685e-06
exp12_search_edit_09,search_edit,paraphrase,0,2,8.451752364635468e-08
exp12_search_edit_09,search_edit,paraphrase,0,3,0.015634434879757464
exp12_search_edit_09,search_edit,paraphrase,0,4,-0.007822918065357953
exp12_search_edit_09,search_edit,paraphrase,0,5,0.023440552700776607
exp12_search_edit_09,search_edit,paraphrase,0,6,-0.007814068289007992
exp12_search_edit_09,search_edit,paraphrase,0,7,0.0
exp12_search_edit_09,search_edit,paraphrase,0,8,0.0
exp12_search_edit_09,search_edit,paraphrase,0,9,0.0
exp12_search_edit_09,search_edit,paraphrase,0,10,0.0
exp12_search_edit_09,search_edit,paraphrase,0,11,0.0
exp12_search_edit_09,search_edit,paraphrase,0,12,0.0
exp12_search_edit_09,search_edit,paraphrase,0,13,0.0
exp12_search_edit_09,search_edit,paraphrase,0,14,0.0
exp12_search_edit_09,search_edit,paraphrase,0,15,0.0
exp12_search_edit_09,search_edit,paraphrase,0,16,0.0
exp12_search_edit_09,search_edit,paraphrase,0,17,0.0
exp12_search_edit_09,search_edit,paraphrase,0,18,0.0
exp12_search_edit_09,search_edit,paraphrase,0,19,0.0
exp12_search_edit_09,search_edit,paraphrase,0,20,0.0
exp12_search_edit_09,search_edit,paraphrase,0,21,0.0
exp12_search_edit_09,search_edit,paraphrase,0,22,0.0
exp12_search_edit_09,search_edit,paraphrase,0,23,0.0
exp12_search_edit_09,search_edit,paraphrase,0,24,0.0
exp12_search_edit_09,search_edit,paraphrase,0,25,0.0
exp12_search_edit_09,search_edit,paraphrase,0,26,0.0
exp12_search_edit_09,search_edit,paraphrase,0,27,0.0
exp12_search_edit_09,search_edit,canonical,1,0,0.04160590679384768
exp12_search_edit_09,search_edit,canonical,1,1,0.031109436880797148
exp12_search_edit_09,search_edit,canonical,1,2,0.03116932068951428
exp12_search_edit_09,search_edit,canonical,1,3,0.031169726280495524
exp12_search_edit_09,search_edit,canonical,1,4,0.020776987774297595
exp12_search_edit_09,search_edit,canonical,1,5,0.03118925867602229
exp12_search_edit_09,search_edit,canonical,1,6,0.010343285743147135
exp12_search_edit_09,search_edit,canonical,1,7,-0.0
exp12_search_edit_09,search_edit,canonical,1,8,-0.0
exp12_search_edit_09,search_edit,canonical,1,9,-0.0
exp12_search_edit_09,search_edit,canonical,1,10,-0.0
exp12_search_edit_09,search_edit,canonical,1,11,-0.0
exp12_search_edit_09,search_edit,canonical,1,12,-0.0
exp12_search_edit_09,search_edit,canonical,1,13,-0.0
exp12_search_edit_09,search_edit,canonical,1,14,-0.0
exp12_search_edit_09,search_edit,canonical,1,15,-0.0
exp12_search_edit_09,search_edit,canonical,1,16,-0.0
exp12_search_edit_09,search_edit,canonical,1,17,-0.0
exp12_search_edit_09,search_edit,canonical,1,18,-0.0
exp12_search_edit_09,search_edit,canonical,1,19,-0.0
exp12_search_edit_09,search_edit,canonical,1,20,-0.0
exp12_search_edit_09,search_edit,canonical,1,21,-0.0
exp12_search_edit_09,search_edit,canonical,1,22,-0.0
exp12_search_edit_09,search_edit,canonical,1,23,-0.0
exp12_search_edit_09,search_edit,canonical,1,24,-0.0
exp12_search_edit_09,search_edit,canonical,1,25,-0.0
exp12_search_edit_09,search_edit,canonical,1,26,-0.0
exp12_search_edit_09,search_edit,canonical,1,27,-0.0
exp12_search_edit_09,search_edit,paraphrase,1,0,-5.631707608699799e-06
exp12_search_edit_09,search_edit,paraphrase,1,1,0.00011218618601560593
exp12_search_edit_09,search_edit,paraphrase,1,2,0.0001316908746957779
exp12_search_edit_09,search_edit,paraphrase,1,3,0.04066621419042349
exp12_search_edit_09,search_edit,paraphrase,1,4,1.0542571544647217e-06
exp12_search_edit_09,search_edit,paraphrase,1,5,0.08159229811280966
exp12_search_edit_09,search_edit,paraphrase,1,6,-9.890738874673843e-05
exp12_search_edit_09,search_edit,paraphrase,1,7,-0.0
exp12_search_edit_09,search_edit,paraphrase,1,8,-0.0
exp12_search_edit_09,search_edit,paraphrase,1,9,-0.0
exp12_search_edit_09,search_edit,paraphrase,1,10,-0.0
exp12_search_edit_09,search_edit,paraphrase,1,11,-0.0
exp12_search_edit_09,search_edit,paraphrase,1,12,-0.0
exp12_search_edit_09,search_edit,paraphrase,1,13,-0.0
exp12_search_edit_09,search_edit,paraphrase,1,14,-0.0
exp12_search_edit_09,search_edit,paraphrase,1,15,-0.0
exp12_search_edit_09,search_edit,paraphrase,1,16,-0.0
exp12_search_edit_09,search_edit,paraphrase,1,17,-0.0
exp12_search_edit_09,search_edit,paraphrase,1,18,-0.0
exp12_search_edit_09,search_edit,paraphrase,1,19,-0.0
exp12_search_edit_09,search_edit,paraphrase,1,20,-0.0
exp12_search_edit_09,search_edit,paraphrase,1,21,-0.0
exp12_search_edit_09,search_edit,paraphrase,1,22,-0.0
exp12_search_edit_09,search_edit,paraphrase,1,23,-0.0
exp12_search_edit_09,search_edit,paraphrase,1,24,-0.0
exp12_search_edit_09,search_edit,paraphrase,1,25,-0.0
exp12_search_edit_09,search_edit,paraphrase,1,26,-0.0
exp12_search_edit_09,search_edit,paraphrase,1,27,-0.0
exp12_search_edit_10,search_edit,canonical,0,0,0.015563937195111066
exp12_search_edit_10,search_edit,canonical,0,1,0.007810201670508832
exp12_search_edit_10,search_edit,canonical,0,2,-0.00778476643608883
exp12_search_edit_10,search_edit,canonical,0,3,8.798815542832017e-06
exp12_search_edit_10,search_edit,canonical,0,4,5.846290150657296e-06
exp12_search_edit_10,search_edit,canonical,0,5,1.413270365446806e-05
exp12_search_edit_10,search_edit,canonical,0,6,4.624819848686457e-05
exp12_search_edit_10,search_edit,canonical,0,7,0.0
exp12_search_edit_10,search_edit,canonical,0,8,0.0
exp12_search_edit_10,search_edit,canonical,0,9,0.0
exp12_search_edit_10,search_edit,canonical,0,10,0.0
exp12_search_edit_10,search_edit,canonical,0,11,0.0
exp12_search_edit_10,search_edit,canonical,0,12,0.0
exp12_search_edit_10,search_edit,canonical,0,13,0.0
exp12_search_edit_10,search_edit,canonical,0,14,0.0
exp12_search_edit_10,search_edit,canonical,0,15,0.0
exp12_search_edit_10,search_edit,canonical,0,16,0.0
exp12_search_edit_10,search_edit,canonical,0,17,0.0
exp12_search_edit_10,search_edit,canonical,0,18,0.0
exp12_search_edit_10,search_edit,canonical,0,19,0.0
exp12_search_edit_10,search_edit,canonical,0,20,0.0
exp12_search_edit_10,search_edit,canonical,0,21,0.0
exp12_search_edit_10,search_edit,canonical,0,22,0.0
exp12_search_edit_10,search_edit,canonical,0,23,0.0
exp12_search_edit_10,search_edit,canonical,0,24,0.0
exp12_search_edit_10,search_edit,canonical,0,25,0.0
exp12_search_edit_10,search_edit,canonical,0,26,0.0
exp12_search_edit_10,search_edit,canonical,0,27,0.0
exp12_search_edit_10,search_edit,paraphrase,0,0,-0.015640471829101443
exp12_search_edit_10,search_edit,paraphrase,0,1,-4.566390998661518e-06
exp12_search_edit_10,search_edit,paraphrase,0,2,-0.00781646225368604
exp12_search_edit_10,search_edit,paraphrase,0,3,-1.5969621017575264e-05
exp12_search_edit_10,search_edit,paraphrase,0,4,0.007815981516614556
exp12_search_edit_10,search_edit,paraphrase,0,5,0.03905916149960831
exp12_search_edit_10,search_edit,paraphrase,0,6,-0.02345743589103222
exp12_search_edit_10,search_edit,paraphrase,0,7,0.0
exp12_search_edit_10,search_edit,paraphrase,0,8,0.0
exp12_search_edit_10,search_edit,paraphrase,0,9,0.0
exp12_search_edit_10,search_edit,paraphrase,0,10,0.0
exp12_search_edit_10,search_edit,paraphrase,0,11,0.0
exp12_search_edit_10,search_edit,paraphrase,0,12,0.0
exp12_search_edit_10,search_edit,paraphrase,0,13,0.0
exp12_search_edit_10,search_edit,paraphrase,0,14,0.0
exp12_search_edit_10,search_edit,paraphrase,0,15,0.0
exp12_search_edit_10,search_edit,paraphrase,0,16,0.0
exp12_search_edit_10,search_edit,paraphrase,0,17,0.0
exp12_search_edit_10,search_edit,paraphrase,0,18,0.0
exp12_search_edit_10,search_edit,paraphrase,0,19,0.0
exp12_search_edit_10,search_edit,paraphrase,0,20,0.0
exp12_search_edit_10,search_edit,paraphrase,0,21,0.0
exp12_search_edit_10,search_edit,paraphrase,0,22,0.0
exp12_search_edit_10,search_edit,paraphrase,0,23,0.0
exp12_search_edit_10,search_edit,paraphrase,0,24,0.0
exp12_search_edit_10,search_edit,paraphrase,0,25,0.0
exp12_search_edit_10,search_edit,paraphrase,0,26,0.0
exp12_search_edit_10,search_edit,paraphrase,0,27,0.0
exp12_search_edit_10,search_edit,canonical,1,0,1.997780054807663e-05
exp12_search_edit_10,search_edit,canonical,1,1,0.03105057403445244
exp12_search_edit_10,search_edit,canonical,1,2,0.020845684222877026
exp12_search_edit_10,search_edit,canonical,1,3,0.010433141142129898
exp12_search_edit_10,search_edit,canonical,1,4,0.020855411421507597
exp12_search_edit_10,search_edit,canonical,1,5,-0.010184448212385178
exp12_search_edit_10,search_edit,canonical,1,6,-1.3133510947227478e-05
exp12_search_edit_10,search_edit,canonical,1,7,-0.0
exp12_search_edit_10,search_edit,canonical,1,8,-0.0
exp12_search_edit_10,search_edit,canonical,1,9,-0.0
exp12_search_edit_10,search_edit,canonical,1,10,-0.0
exp12_search_edit_10,search_edit,canonical,1,11,-0.0
exp12_search_edit_10,search_edit,canonical,1,12,-0.0
exp12_search_edit_10,search_edit,canonical,1,13,-0.0
exp12_search_edit_10,search_edit,canonical,1,14,-0.0
exp12_search_edit_10,search_edit,canonical,1,15,-0.0
exp12_search_edit_10,search_edit,canonical,1,16,-0.0
exp12_search_edit_10,search_edit,canonical,1,17,-0.0
exp12_search_edit_10,search_edit,canonical,1,18,-0.0
exp12_search_edit_10,search_edit,canonical,1,19,-0.0
exp12_search_edit_10,search_edit,canonical,1,20,-0.0
exp12_search_edit_10,search_edit,canonical,1,21,-0.0
exp12_search_edit_10,search_edit,canonical,1,22,-0.0
exp12_search_edit_10,search_edit,canonical,1,23,-0.0
exp12_search_edit_10,search_edit,canonical,1,24,-0.0
exp12_search_edit_10,search_edit,canonical,1,25,-0.0
exp12_search_edit_10,search_edit,canonical,1,26,-0.0
exp12_search_edit_10,search_edit,canonical,1,27,-0.0
exp12_search_edit_10,search_edit,paraphrase,1,0,1.9108876585960388e-05
exp12_search_edit_10,search_edit,paraphrase,1,1,-2.4582259356975555e-05
exp12_search_edit_10,search_edit,paraphrase,1,2,1.0244548320770264e-05
exp12_search_edit_10,search_edit,paraphrase,1,3,0.02066358458250761
exp12_search_edit_10,search_edit,paraphrase,1,4,-1.1352822184562683e-05
exp12_search_edit_10,search_edit,paraphrase,1,5,0.0821435647085309
exp12_search_edit_10,search_edit,paraphrase,1,6,7.966533303260803e-06
exp12_search_edit_10,search_edit,paraphrase,1,7,-0.0
exp12_search_edit_10,search_edit,paraphrase,1,8,-0.0
exp12_search_edit_10,search_edit,paraphrase,1,9,-0.0
exp12_search_edit_10,search_edit,paraphrase,1,10,-0.0
exp12_search_edit_10,search_edit,paraphrase,1,11,-0.0
exp12_search_edit_10,search_edit,paraphrase,1,12,-0.0
exp12_search_edit_10,search_edit,paraphrase,1,13,-0.0
exp12_search_edit_10,search_edit,paraphrase,1,14,-0.0
exp12_search_edit_10,search_edit,paraphrase,1,15,-0.0
exp12_search_edit_10,search_edit,paraphrase,1,16,-0.0
exp12_search_edit_10,search_edit,paraphrase,1,17,-0.0
exp12_search_edit_10,search_edit,paraphrase,1,18,-0.0
exp12_search_edit_10,search_edit,paraphrase,1,19,-0.0
exp12_search_edit_10,search_edit,paraphrase,1,20,-0.0
exp12_search_edit_10,search_edit,paraphrase,1,21,-0.0
exp12_search_edit_10,search_edit,paraphrase,1,22,-0.0
exp12_search_edit_10,search_edit,paraphrase,1,23,-0.0
exp12_search_edit_10,search_edit,paraphrase,1,24,-0.0
exp12_search_edit_10,search_edit,paraphrase,1,25,-0.0
exp12_search_edit_10,search_edit,paraphrase,1,26,-0.0
exp12_search_edit_10,search_edit,paraphrase,1,27,-0.0
exp12_search_edit_12,search_edit,canonical,0,0,1.881259959191084e-05
exp12_search_edit_12,search_edit,canonical,0,1,-0.015561699401587248
exp12_search_edit_12,search_edit,canonical,0,2,-0.02336439603823237
exp12_search_edit_12,search_edit,canonical,0,3,-1.9444123608991504e-05
exp12_search_edit_12,search_edit,canonical,0,4,-0.0077609881409443915
exp12_search_edit_12,search_edit,canonical,0,5,-6.806530291214585e-05
exp12_search_edit_12,search_edit,canonical,0,6,-0.007817959878593683
exp12_search_edit_12,search_edit,canonical,0,7,0.0
exp12_search_edit_12,search_edit,canonical,0,8,0.0
exp12_search_edit_12,search_edit,canonical,0,9,0.0
exp12_search_edit_12,search_edit,canonical,0,10,0.0
exp12_search_edit_12,search_edit,canonical,0,11,0.0
exp12_search_edit_12,search_edit,canonical,0,12,0.0
exp12_search_edit_12,search_edit,canonical,0,13,0.0
exp12_search_edit_12,search_edit,canonical,0,14,0.0
exp12_search_edit_12,search_edit,canonical,0,15,0.0
exp12_search_edit_12,search_edit,canonical,0,16,0.0
exp12_search_edit_12,search_edit,canonical,0,17,0.0
exp12_search_edit_12,search_edit,canonical,0,18,0.0
exp12_search_edit_12,search_edit,canonical,0,19,0.0
exp12_search_edit_12,search_edit,canonical,0,20,0.0
exp12_search_edit_12,search_edit,canonical,0,21,0.0
exp12_search_edit_12,search_edit,canonical,0,22,0.0
exp12_search_edit_12,search_edit,canonical,0,23,0.0
exp12_search_edit_12,search_edit,canonical,0,24,0.0
exp12_search_edit_12,search_edit,canonical,0,25,0.0
exp12_search_edit_12,search_edit,canonical,0,26,0.0
exp12_search_edit_12,search_edit,canonical,0,27,0.0
exp12_search_edit_12,search_edit,paraphrase,0,0,-0.007803661021171138
exp12_search_edit_12,search_edit,paraphrase,0,1,0.007837970071705058
exp12_search_edit_12,search_edit,paraphrase,0,2,-0.007808052556356415
exp12_search_edit_12,search_edit,paraphrase,0,3,0.007840439822757617
exp12_search_edit_12,search_edit,paraphrase,0,4,2.7520378353074193e-05
exp12_search_edit_12,search_edit,paraphrase,0,5,0.023467585357138887
exp12_search_edit_12,search_edit,paraphrase,0,6,-0.007811854680767283
exp12_search_edit_12,search_edit,paraphrase,0,7,0.0
exp12_search_edit_12,search_edit,paraphrase,0,8,0.0
exp12_search_edit_12,search_edit,paraphrase,0,9,0.0
exp12_search_edit_12,search_edit,paraphrase,0,10,0.0
exp12_search_edit_12,search_edit,paraphrase,0,11,0.0
exp12_search_edit_12,search_edit,paraphrase,0,12,0.0
exp12_search_edit_12,search_edit,paraphrase,0,13,0.0
exp12_search_edit_12,search_edit,paraphrase,0,14,0.0
exp12_search_edit_12,search_edit,paraphrase,0,15,0.0
exp12_search_edit_12,search_edit,paraphrase,0,16,0.0
exp12_search_edit_12,search_edit,paraphrase,0,17,0.0
exp12_search_edit_12,search_edit,paraphrase,0,18,0.0
exp12_search_edit_12,search_edit,paraphrase,0,19,0.0
exp12_search_edit_12,search_edit,paraphrase,0,20,0.0
exp12_search_edit_12,search_edit,paraphrase,0,21,0.0
exp12_search_edit_12,search_edit,paraphrase,0,22,0.0
exp12_search_edit_12,search_edit,paraphrase,0,23,0.0
exp12_search_edit_12,search_edit,paraphrase,0,24,0.0
exp12_search_edit_12,search_edit,paraphrase,0,25,0.0
exp12_search_edit_12,search_edit,paraphrase,0,26,0.0
exp12_search_edit_12,search_edit,paraphrase,0,27,0.0
exp12_search_edit_12,search_edit,canonical,1,0,-0.020749746588990092
exp12_search_edit_12,search_edit,canonical,1,1,-0.010254810098558664
exp12_search_edit_12,search_edit,canonical,1,2,-0.010289637371897697
exp12_search_edit_12,search_edit,canonical,1,3,-0.010395451448857784
exp12_search_edit_12,search_edit,canonical,1,4,-0.00011416804045438766
exp12_search_edit_12,search_edit,canonical,1,5,-0.010334111051633954
exp12_search_edit_12,search_edit,canonical,1,6,-3.875838592648506e-05
exp12_search_edit_12,search_edit,canonical,1,7,-0.0
exp12_search_edit_12,search_edit,canonical,1,8,-0.0
exp12_search_edit_12,search_edit,canonical,1,9,-0.0
exp12_search_edit_12,search_edit,canonical,1,10,-0.0
exp12_search_edit_12,search_edit,canonical,1,11,-0.0
exp12_search_edit_12,search_edit,canonical,1,12,-0.0
exp12_search_edit_12,search_edit,canonical,1,13,-0.0
exp12_search_edit_12,search_edit,canonical,1,14,-0.0
exp12_search_edit_12,search_edit,canonical,1,15,-0.0
exp12_search_edit_12,search_edit,canonical,1,16,-0.0
exp12_search_edit_12,search_edit,canonical,1,17,-0.0
exp12_search_edit_12,search_edit,canonical,1,18,-0.0
exp12_search_edit_12,search_edit,canonical,1,19,-0.0
exp12_search_edit_12,search_edit,canonical,1,20,-0.0
exp12_search_edit_12,search_edit,canonical,1,21,-0.0
exp12_search_edit_12,search_edit,canonical,1,22,-0.0
exp12_search_edit_12,search_edit,canonical,1,23,-0.0
exp12_search_edit_12,search_edit,canonical,1,24,-0.0
exp12_search_edit_12,search_edit,canonical,1,25,-0.0
exp12_search_edit_12,search_edit,canonical,1,26,-0.0
exp12_search_edit_12,search_edit,canonical,1,27,-0.0
exp12_search_edit_12,search_edit,paraphrase,1,0,-0.0198475681245327
exp12_search_edit_12,search_edit,paraphrase,1,1,-0.019733106717467308
exp12_search_edit_12,search_edit,paraphrase,1,2,-0.01973322033882141
exp12_search_edit_12,search_edit,paraphrase,1,3,-0.00013601034879684448
exp12_search_edit_12,search_edit,paraphrase,1,4,-0.03979692980647087
exp12_search_edit_12,search_edit,paraphrase,1,5,0.0396566204726696
exp12_search_edit_12,search_edit,paraphrase,1,6,-0.019907038658857346
exp12_search_edit_12,search_edit,paraphrase,1,7,-0.0
exp12_search_edit_12,search_edit,paraphrase,1,8,-0.0
exp12_search_edit_12,search_edit,paraphrase,1,9,-0.0
exp12_search_edit_12,search_edit,paraphrase,1,10,-0.0
exp12_search_edit_12,search_edit,paraphrase,1,11,-0.0
exp12_search_edit_12,search_edit,paraphrase,1,12,-0.0
exp12_search_edit_12,search_edit,paraphrase,1,13,-0.0
exp12_search_edit_12,search_edit,paraphrase,1,14,-0.0
exp12_search_edit_12,search_edit,paraphrase,1,15,-0.0
exp12_search_edit_12,search_edit,paraphrase,1,16,-0.0
exp12_search_edit_12,search_edit,paraphrase,1,17,-0.0
exp12_search_edit_12,search_edit,paraphrase,1,18,-0.0
exp12_search_edit_12,search_edit,paraphrase,1,19,-0.0
exp12_search_edit_12,search_edit,paraphrase,1,20,-0.0
exp12_search_edit_12,search_edit,paraphrase,1,21,-0.0
exp12_search_edit_12,search_edit,paraphrase,1,22,-0.0
exp12_search_edit_12,search_edit,paraphrase,1,23,-0.0
exp12_search_edit_12,search_edit,paraphrase,1,24,-0.0
exp12_search_edit_12,search_edit,paraphrase,1,25,-0.0
exp12_search_edit_12,search_edit,paraphrase,1,26,-0.0
exp12_search_edit_12,search_edit,paraphrase,1,27,-0.0
exp12_search_edit_13,search_edit,canonical,0,0,-0.007727911230176687
exp12_search_edit_13,search_edit,canonical,0,1,-9.617477189749479e-05
exp12_search_edit_13,search_edit,canonical,0,2,-3.202259540557861e-05
exp12_search_edit_13,search_edit,canonical,0,3,0.007870305911637843
exp12_search_edit_13,search_edit,canonical,0,4,0.015586187422741205
exp12_search_edit_13,search_edit,canonical,0,5,-0.00785039336187765
exp12_search_edit_13,search_edit,canonical,0,6,-8.178368443623185e-05
exp12_search_edit_13,search_edit,canonical,0,7,0.0
exp12_search_edit_13,search_edit,canonical,0,8,0.0
exp12_search_edit_13,search_edit,canonical,0,9,0.0
exp12_search_edit_13,search_edit,canonical,0,10,0.0
exp12_search_edit_13,search_edit,canonical,0,11,0.0
exp12_search_edit_13,search_edit,canonical,0,12,0.0
exp12_search_edit_13,search_edit,canonical,0,13,0.0
exp12_search_edit_13,search_edit,canonical,0,14,0.0
exp12_search_edit_13,search_edit,canonical,0,15,0.0
exp12_search_edit_13,search_edit,canonical,0,16,0.0
exp12_search_edit_13,search_edit,canonical,0,17,0.0
exp12_search_edit_13,search_edit,canonical,0,18,0.0
exp12_search_edit_13,search_edit,canonical,0,19,0.0
exp12_search_edit_13,search_edit,canonical,0,20,0.0
exp12_search_edit_13,search_edit,canonical,0,21,0.0
exp12_search_edit_13,search_edit,canonical,0,22,0.0
exp12_search_edit_13,search_edit,canonical,0,23,0.0
exp12_search_edit_13,search_edit,canonical,0,24,0.0
exp12_search_edit_13,search_edit,canonical,0,25,0.0
exp12_search_edit_13,search_edit,canonical,0,26,0.0
exp12_search_edit_13,search_edit,canonical,0,27,0.0
exp12_search_edit_13,search_edit,paraphrase,0,0,0.007808176276739687
exp12_search_edit_13,search_edit,paraphrase,0,1,0.007807488844264299
exp12_search_edit_13,search_edit,paraphrase,0,2,0.007808443915564567
exp12_search_edit_13,search_edit,paraphrase,0,3,0.007804036897141486
exp12_search_edit_13,search_edit,paraphrase,0,4,-0.00782850431278348
exp12_search_edit_13,search_edit,paraphrase,0,5,0.015626259963028133
exp12_search_edit_13,search_edit,paraphrase,0,6,-5.890964530408382e-06
exp12_search_edit_13,search_edit,paraphrase,0,7,0.0
exp12_search_edit_13,search_edit,paraphrase,0,8,0.0
exp12_search_edit_13,search_edit,paraphrase,0,9,0.0
exp12_search_edit_13,search_edit,paraphrase,0,10,0.0
exp12_search_edit_13,search_edit,paraphrase,0,11,0.0
exp12_search_edit_13,search_edit,paraphrase,0,12,0.0
exp12_search_edit_13,search_edit,paraphrase,0,13,0.0
exp12_search_edit_13,search_edit,paraphrase,0,14,0.0
exp12_search_edit_13,search_edit,paraphrase,0,15,0.0
exp12_search_edit_13,search_edit,paraphrase,0,16,0.0
exp12_search_edit_13,search_edit,paraphrase,0,17,0.0
exp12_search_edit_13,search_edit,paraphrase,0,18,0.0
exp12_search_edit_13,search_edit,paraphrase,0,19,0.0
exp12_search_edit_13,search_edit,paraphrase,0,20,0.0
exp12_search_edit_13,search_edit,paraphrase,0,21,0.0
exp12_search_edit_13,search_edit,paraphrase,0,22,0.0
exp12_search_edit_13,search_edit,paraphrase,0,23,0.0
exp12_search_edit_13,search_edit,paraphrase,0,24,0.0
exp12_search_edit_13,search_edit,paraphrase,0,25,0.0
exp12_search_edit_13,search_edit,paraphrase,0,26,0.0
exp12_search_edit_13,search_edit,paraphrase,0,27,0.0
exp12_search_edit_13,search_edit,canonical,1,0,-1.746462658047676e-06
exp12_search_edit_13,search_edit,canonical,1,1,0.010339873842895031
exp12_search_edit_13,search_edit,canonical,1,2,-0.010423008585348725
exp12_search_edit_13,search_edit,canonical,1,3,-2.038991078734398e-05
exp12_search_edit_13,search_edit,canonical,1,4,-0.00010759057477116585
exp12_search_edit_13,search_edit,canonical,1,5,-4.818243905901909e-05
exp12_search_edit_13,search_edit,canonical,1,6,0.020832185400649905
exp12_search_edit_13,search_edit,canonical,1,7,-0.0
exp12_search_edit_13,search_edit,canonical,1,8,-0.0
exp12_search_edit_13,search_edit,canonical,1,9,-0.0
exp12_search_edit_13,search_edit,canonical,1,10,-0.0
exp12_search_edit_13,search_edit,canonical,1,11,-0.0
exp12_search_edit_13,search_edit,canonical,1,12,-0.0
exp12_search_edit_13,search_edit,canonical,1,13,-0.0
exp12_search_edit_13,search_edit,canonical,1,14,-0.0
exp12_search_edit_13,search_edit,canonical,1,15,-0.0
exp12_search_edit_13,search_edit,canonical,1,16,-0.0
exp12_search_edit_13,search_edit,canonical,1,17,-0.0
exp12_search_edit_13,search_edit,canonical,1,18,-0.0
exp12_search_edit_13,search_edit,canonical,1,19,-0.0
exp12_search_edit_13,search_edit,canonical,1,20,-0.0
exp12_search_edit_13,search_edit,canonical,1,21,-0.0
exp12_search_edit_13,search_edit,canonical,1,22,-0.0
exp12_search_edit_13,search_edit,canonical,1,23,-0.0
exp12_search_edit_13,search_edit,canonical,1,24,-0.0
exp12_search_edit_13,search_edit,canonical,1,25,-0.0
exp12_search_edit_13,search_edit,canonical,1,26,-0.0
exp12_search_edit_13,search_edit,canonical,1,27,-0.0
exp12_search_edit_13,search_edit,paraphrase,1,0,1.6614794731140137e-06
exp12_search_edit_13,search_edit,paraphrase,1,1,0.0001615174114704132
exp12_search_edit_13,search_edit,paraphrase,1,2,4.667788743972778e-06
exp12_search_edit_13,search_edit,paraphrase,1,3,0.01965920254588127
exp12_search_edit_13,search_edit,paraphrase,1,4,0.00013351812958717346
exp12_search_edit_13,search_edit,paraphrase,1,5,0.05862698704004288
exp12_search_edit_13,search_edit,paraphrase,1,6,-0.019460320472717285
exp12_search_edit_13,search_edit,paraphrase,1,7,-0.0
exp12_search_edit_13,search_edit,paraphrase,1,8,-0.0
exp12_search_edit_13,search_edit,paraphrase,1,9,-0.0
exp12_search_edit_13,search_edit,paraphrase,1,10,-0.0
exp12_search_edit_13,search_edit,paraphrase,1,11,-0.0
exp12_search_edit_13,search_edit,paraphrase,1,12,-0.0
exp12_search_edit_13,search_edit,paraphrase,1,13,-0.0
exp12_search_edit_13,search_edit,paraphrase,1,14,-0.0
exp12_search_edit_13,search_edit,paraphrase,1,15,-0.0
exp12_search_edit_13,search_edit,paraphrase,1,16,-0.0
exp12_search_edit_13,search_edit,paraphrase,1,17,-0.0
exp12_search_edit_13,search_edit,paraphrase,1,18,-0.0
exp12_search_edit_13,search_edit,paraphrase,1,19,-0.0
exp12_search_edit_13,search_edit,paraphrase,1,20,-0.0
exp12_search_edit_13,search_edit,paraphrase,1,21,-0.0
exp12_search_edit_13,search_edit,paraphrase,1,22,-0.0
exp12_search_edit_13,search_edit,paraphrase,1,23,-0.0
exp12_search_edit_13,search_edit,paraphrase,1,24,-0.0
exp12_search_edit_13,search_edit,paraphrase,1,25,-0.0
exp12_search_edit_13,search_edit,paraphrase,1,26,-0.0
exp12_search_edit_13,search_edit,paraphrase,1,27,-0.0
exp12_search_edit_15,search_edit,canonical,0,0,0.01562695307075046
exp12_search_edit_15,search_edit,canonical,0,1,-4.057504702359438e-05
exp12_search_edit_15,search_edit,canonical,0,2,2.785035758279264e-05
exp12_search_edit_15,search_edit,canonical,0,3,0.015622121805790812
exp12_search_edit_15,search_edit,canonical,0,4,0.007779238512739539
exp12_search_edit_15,search_edit,canonical,0,5,0.015530474105617031
exp12_search_edit_15,search_edit,canonical,0,6,0.015591465751640499
exp12_search_edit_15,search_edit,canonical,0,7,0.0
exp12_search_edit_15,search_edit,canonical,0,8,0.0
exp12_search_edit_15,search_edit,canonical,0,9,0.0
exp12_search_edit_15,search_edit,canonical,0,10,0.0
exp12_search_edit_15,search_edit,canonical,0,11,0.0
exp12_search_edit_15,search_edit,canonical,0,12,0.0
exp12_search_edit_15,search_edit,canonical,0,13,0.0
exp12_search_edit_15,search_edit,canonical,0,14,0.0
exp12_search_edit_15,search_edit,canonical,0,15,0.0
exp12_search_edit_15,search_edit,canonical,0,16,0.0
exp12_search_edit_15,search_edit,canonical,0,17,0.0
exp12_search_edit_15,search_edit,canonical,0,18,0.0
exp12_search_edit_15,search_edit,canonical,0,19,0.0
exp12_search_edit_15,search_edit,canonical,0,20,0.0
exp12_search_edit_15,search_edit,canonical,0,21,0.0
exp12_search_edit_15,search_edit,canonical,0,22,0.0
exp12_search_edit_15,search_edit,canonical,0,23,0.0
exp12_search_edit_15,search_edit,canonical,0,24,0.0
exp12_search_edit_15,search_edit,canonical,0,25,0.0
exp12_search_edit_15,search_edit,canonical,0,26,0.0
exp12_search_edit_15,search_edit,canonical,0,27,0.0
exp12_search_edit_15,search_edit,paraphrase,0,0,0.015633134578820318
exp12_search_edit_15,search_edit,paraphrase,0,1,0.023446723964298144
exp12_search_edit_15,search_edit,paraphrase,0,2,0.007813065778464079
exp12_search_edit_15,search_edit,paraphrase,0,3,0.015626232605427504
exp12_search_edit_15,search_edit,paraphrase,0,4,0.03126431442797184
exp12_search_edit_15,search_edit,paraphrase,0,5,0.023433332855347544
exp12_search_edit_15,search_edit,paraphrase,0,6,0.01563122234074399
exp12_search_edit_15,search_edit,paraphrase,0,7,0.0
exp12_search_edit_15,search_edit,paraphrase,0,8,0.0
exp12_search_edit_15,search_edit,paraphrase,0,9,0.0
exp12_search_edit_15,search_edit,paraphrase,0,10,0.0
exp12_search_edit_15,search_edit,paraphrase,0,11,0.0
exp12_search_edit_15,search_edit,paraphrase,0,12,0.0
exp12_search_edit_15,search_edit,paraphrase,0,13,0.0
exp12_search_edit_15,search_edit,paraphrase,0,14,0.0
exp12_search_edit_15,search_edit,paraphrase,0,15,0.0
exp12_search_edit_15,search_edit,paraphrase,0,16,0.0
exp12_search_edit_15,search_edit,paraphrase,0,17,0.0
exp12_search_edit_15,search_edit,paraphrase,0,18,0.0
exp12_search_edit_15,search_edit,paraphrase,0,19,0.0
exp12_search_edit_15,search_edit,paraphrase,0,20,0.0
exp12_search_edit_15,search_edit,paraphrase,0,21,0.0
exp12_search_edit_15,search_edit,paraphrase,0,22,0.0
exp12_search_edit_15,search_edit,paraphrase,0,23,0.0
exp12_search_edit_15,search_edit,paraphrase,0,24,0.0
exp12_search_edit_15,search_edit,paraphrase,0,25,0.0
exp12_search_edit_15,search_edit,paraphrase,0,26,0.0
exp12_search_edit_15,search_edit,paraphrase,0,27,0.0
exp12_search_edit_15,search_edit,canonical,1,0,6.652693264186382e-05
exp12_search_edit_15,search_edit,canonical,1,1,7.235934026539326e-05
exp12_search_edit_15,search_edit,canonical,1,2,0.01047712191939354
exp12_search_edit_15,search_edit,canonical,1,3,-0.010289298370480537
exp12_search_edit_15,search_edit,canonical,1,4,6.223004311323166e-05
exp12_search_edit_15,search_edit,canonical,1,5,7.323035970330238e-05
exp12_search_edit_15,search_edit,canonical,1,6,7.254513911902905e-05
exp12_search_edit_15,search_edit,canonical,1,7,-0.0
exp12_search_edit_15,search_edit,canonical,1,8,-0.0
exp12_search_edit_15,search_edit,canonical,1,9,-0.0
exp12_search_edit_15,search_edit,canonical,1,10,-0.0
exp12_search_edit_15,search_edit,canonical,1,11,-0.0
exp12_search_edit_15,search_edit,canonical,1,12,-0.0
exp12_search_edit_15,search_edit,canonical,1,13,-0.0
exp12_search_edit_15,search_edit,canonical,1,14,-0.0
exp12_search_edit_15,search_edit,canonical,1,15,-0.0
exp12_search_edit_15,search_edit,canonical,1,16,-0.0
exp12_search_edit_15,search_edit,canonical,1,17,-0.0
exp12_search_edit_15,search_edit,canonical,1,18,-0.0
exp12_search_edit_15,search_edit,canonical,1,19,-0.0
exp12_search_edit_15,search_edit,canonical,1,20,-0.0
exp12_search_edit_15,search_edit,canonical,1,21,-0.0
exp12_search_edit_15,search_edit,canonical,1,22,-0.0
exp12_search_edit_15,search_edit,canonical,1,23,-0.0
exp12_search_edit_15,search_edit,canonical,1,24,-0.0
exp12_search_edit_15,search_edit,canonical,1,25,-0.0
exp12_search_edit_15,search_edit,canonical,1,26,-0.0
exp12_search_edit_15,search_edit,canonical,1,27,-0.0
exp12_search_edit_15,search_edit,paraphrase,1,0,0.019456736743450165
exp12_search_edit_15,search_edit,paraphrase,1,1,-1.613423228263855e-05
exp12_search_edit_15,search_edit,paraphrase,1,2,-6.183981895446777e-07
exp12_search_edit_15,search_edit,paraphrase,1,3,0.019567225128412247
exp12_search_edit_15,search_edit,paraphrase,1,4,-2.22623348236084e-05
exp12_search_edit_15,search_edit,paraphrase,1,5,0.05831201374530792
exp12_search_edit_15,search_edit,paraphrase,1,6,-0.019773248583078384
exp12_search_edit_15,search_edit,paraphrase,1,7,-0.0
exp12_search_edit_15,search_edit,paraphrase,1,8,-0.0
exp12_search_edit_15,search_edit,paraphrase,1,9,-0.0
exp12_search_edit_15,search_edit,paraphrase,1,10,-0.0
exp12_search_edit_15,search_edit,paraphrase,1,11,-0.0
exp12_search_edit_15,search_edit,paraphrase,1,12,-0.0
exp12_search_edit_15,search_edit,paraphrase,1,13,-0.0
exp12_search_edit_15,search_edit,paraphrase,1,14,-0.0
exp12_search_edit_15,search_edit,paraphrase,1,15,-0.0
exp12_search_edit_15,search_edit,paraphrase,1,16,-0.0
exp12_search_edit_15,search_edit,paraphrase,1,17,-0.0
exp12_search_edit_15,search_edit,paraphrase,1,18,-0.0
exp12_search_edit_15,search_edit,paraphrase,1,19,-0.0
exp12_search_edit_15,search_edit,paraphrase,1,20,-0.0
exp12_search_edit_15,search_edit,paraphrase,1,21,-0.0
exp12_search_edit_15,search_edit,paraphrase,1,22,-0.0
exp12_search_edit_15,search_edit,paraphrase,1,23,-0.0
exp12_search_edit_15,search_edit,paraphrase,1,24,-0.0
exp12_search_edit_15,search_edit,paraphrase,1,25,-0.0
exp12_search_edit_15,search_edit,paraphrase,1,26,-0.0
exp12_search_edit_15,search_edit,paraphrase,1,27,-0.0
exp12_config_command_03,config_command,canonical,0,0,0.009868964552879333
exp12_config_command_03,config_command,canonical,0,1,0.02031218260526657
exp12_config_command_03,config_command,canonical,0,2,-0.0041207000613212585
exp12_config_command_03,config_command,canonical,0,3,0.01397344097495079
exp12_config_command_03,config_command,canonical,0,4,-0.00425666943192482
exp12_config_command_03,config_command,canonical,0,5,0.0163826085627079
exp12_config_command_03,config_command,canonical,0,6,-0.010844718664884567
exp12_config_command_03,config_command,canonical,0,7,0.0
exp12_config_command_03,config_command,canonical,0,8,0.0
exp12_config_command_03,config_command,canonical,0,9,0.0
exp12_config_command_03,config_command,canonical,0,10,0.0
exp12_config_command_03,config_command,canonical,0,11,0.0
exp12_config_command_03,config_command,canonical,0,12,0.0
exp12_config_command_03,config_command,canonical,0,13,0.0
exp12_config_command_03,config_command,canonical,0,14,0.0
exp12_config_command_03,config_command,canonical,0,15,0.0
exp12_config_command_03,config_command,canonical,0,16,0.0
exp12_config_command_03,config_command,canonical,0,17,0.0
exp12_config_command_03,config_command,canonical,0,18,0.0
exp12_config_command_03,config_command,canonical,0,19,0.0
exp12_config_command_03,config_command,canonical,0,20,0.0
exp12_config_command_03,config_command,canonical,0,21,0.0
exp12_config_command_03,config_command,canonical,0,22,0.0
exp12_config_command_03,config_command,canonical,0,23,0.0
exp12_config_command_03,config_command,canonical,0,24,0.0
exp12_config_command_03,config_command,canonical,0,25,0.0
exp12_config_command_03,config_command,canonical,0,26,0.0
exp12_config_command_03,config_command,canonical,0,27,0.0
exp12_config_command_03,config_command,paraphrase,0,0,-0.007439874112606049
exp12_config_command_03,config_command,paraphrase,0,1,-0.019726932048797607
exp12_config_command_03,config_command,paraphrase,0,2,-0.005221568048000336
exp12_config_command_03,config_command,paraphrase,0,3,-0.001907937228679657
exp12_config_command_03,config_command,paraphrase,0,4,0.0025600045919418335
exp12_config_command_03,config_command,paraphrase,0,5,0.002078309655189514
exp12_config_command_03,config_command,paraphrase,0,6,-0.004610575735569
exp12_config_command_03,config_command,paraphrase,0,7,0.0
exp12_config_command_03,config_command,paraphrase,0,8,0.0
exp12_config_command_03,config_command,paraphrase,0,9,0.0
exp12_config_command_03,config_command,paraphrase,0,10,0.0
exp12_config_command_03,config_command,paraphrase,0,11,0.0
exp12_config_command_03,config_command,paraphrase,0,12,0.0
exp12_config_command_03,config_command,paraphrase,0,13,0.0
exp12_config_command_03,config_command,paraphrase,0,14,0.0
exp12_config_command_03,config_command,paraphrase,0,15,0.0
exp12_config_command_03,config_command,paraphrase,0,16,0.0
exp12_config_command_03,config_command,paraphrase,0,17,0.0
exp12_config_command_03,config_command,paraphrase,0,18,0.0
exp12_config_command_03,config_command,paraphrase,0,19,0.0
exp12_config_command_03,config_command,paraphrase,0,20,0.0
exp12_config_command_03,config_command,paraphrase,0,21,0.0
exp12_config_command_03,config_command,paraphrase,0,22,0.0
exp12_config_command_03,config_command,paraphrase,0,23,0.0
exp12_config_command_03,config_command,paraphrase,0,24,0.0
exp12_config_command_03,config_command,paraphrase,0,25,0.0
exp12_config_command_03,config_command,paraphrase,0,26,0.0
exp12_config_command_03,config_command,paraphrase,0,27,0.0
exp12_config_command_03,config_command,canonical,1,0,-0.003802090883255005
exp12_config_command_03,config_command,canonical,1,1,0.050262778997421265
exp12_config_command_03,config_command,canonical,1,2,-0.0008995234966278076
exp12_config_command_03,config_command,canonical,1,3,0.0797508955001831
exp12_config_command_03,config_command,canonical,1,4,-0.013598769903182983
exp12_config_command_03,config_command,canonical,1,5,0.03963741660118103
exp12_config_command_03,config_command,canonical,1,6,-0.02646183967590332
exp12_config_command_03,config_command,canonical,1,7,-0.0
exp12_config_command_03,config_command,canonical,1,8,-0.0
exp12_config_command_03,config_command,canonical,1,9,-0.0
exp12_config_command_03,config_command,canonical,1,10,-0.0
exp12_config_command_03,config_command,canonical,1,11,-0.0
exp12_config_command_03,config_command,canonical,1,12,-0.0
exp12_config_command_03,config_command,canonical,1,13,-0.0
exp12_config_command_03,config_command,canonical,1,14,-0.0
exp12_config_command_03,config_command,canonical,1,15,-0.0
exp12_config_command_03,config_command,canonical,1,16,-0.0
exp12_config_command_03,config_command,canonical,1,17,-0.0
exp12_config_command_03,config_command,canonical,1,18,-0.0
exp12_config_command_03,config_command,canonical,1,19,-0.0
exp12_config_command_03,config_command,canonical,1,20,-0.0
exp12_config_command_03,config_command,canonical,1,21,-0.0
exp12_config_command_03,config_command,canonical,1,22,-0.0
exp12_config_command_03,config_command,canonical,1,23,-0.0
exp12_config_command_03,config_command,canonical,1,24,-0.0
exp12_config_command_03,config_command,canonical,1,25,-0.0
exp12_config_command_03,config_command,canonical,1,26,-0.0
exp12_config_command_03,config_command,canonical,1,27,-0.0
exp12_config_command_03,config_command,paraphrase,1,0,-0.003231331706047058
exp12_config_command_03,config_command,paraphrase,1,1,0.0024339482188224792
exp12_config_command_03,config_command,paraphrase,1,2,-0.010065600275993347
exp12_config_command_03,config_command,paraphrase,1,3,0.015913434326648712
exp12_config_command_03,config_command,paraphrase,1,4,-0.009840995073318481
exp12_config_command_03,config_command,paraphrase,1,5,0.04655591398477554
exp12_config_command_03,config_command,paraphrase,1,6,-0.02254442870616913
exp12_config_command_03,config_command,paraphrase,1,7,-0.0
exp12_config_command_03,config_command,paraphrase,1,8,-0.0
exp12_config_command_03,config_command,paraphrase,1,9,-0.0
exp12_config_command_03,config_command,paraphrase,1,10,-0.0
exp12_config_command_03,config_command,paraphrase,1,11,-0.0
exp12_config_command_03,config_command,paraphrase,1,12,-0.0
exp12_config_command_03,config_command,paraphrase,1,13,-0.0
exp12_config_command_03,config_command,paraphrase,1,14,-0.0
exp12_config_command_03,config_command,paraphrase,1,15,-0.0
exp12_config_command_03,config_command,paraphrase,1,16,-0.0
exp12_config_command_03,config_command,paraphrase,1,17,-0.0
exp12_config_command_03,config_command,paraphrase,1,18,-0.0
exp12_config_command_03,config_command,paraphrase,1,19,-0.0
exp12_config_command_03,config_command,paraphrase,1,20,-0.0
exp12_config_command_03,config_command,paraphrase,1,21,-0.0
exp12_config_command_03,config_command,paraphrase,1,22,-0.0
exp12_config_command_03,config_command,paraphrase,1,23,-0.0
exp12_config_command_03,config_command,paraphrase,1,24,-0.0
exp12_config_command_03,config_command,paraphrase,1,25,-0.0
exp12_config_command_03,config_command,paraphrase,1,26,-0.0
exp12_config_command_03,config_command,paraphrase,1,27,-0.0
exp12_config_command_05,config_command,canonical,0,0,-0.011914778500795364
exp12_config_command_05,config_command,canonical,0,1,0.01139572262763977
exp12_config_command_05,config_command,canonical,0,2,-0.00045676156878471375
exp12_config_command_05,config_command,canonical,0,3,0.02178066596388817
exp12_config_command_05,config_command,canonical,0,4,-0.005688738077878952
exp12_config_command_05,config_command,canonical,0,5,0.01077229157090187
exp12_config_command_05,config_command,canonical,0,6,-0.00014985725283622742
exp12_config_command_05,config_command,canonical,0,7,0.0
exp12_config_command_05,config_command,canonical,0,8,0.0
exp12_config_command_05,config_command,canonical,0,9,0.0
exp12_config_command_05,config_command,canonical,0,10,0.0
exp12_config_command_05,config_command,canonical,0,11,0.0
exp12_config_command_05,config_command,canonical,0,12,0.0
exp12_config_command_05,config_command,canonical,0,13,0.0
exp12_config_command_05,config_command,canonical,0,14,0.0
exp12_config_command_05,config_command,canonical,0,15,0.0
exp12_config_command_05,config_command,canonical,0,16,0.0
exp12_config_command_05,config_command,canonical,0,17,0.0
exp12_config_command_05,config_command,canonical,0,18,0.0
exp12_config_command_05,config_command,canonical,0,19,0.0
exp12_config_command_05,config_command,canonical,0,20,0.0
exp12_config_command_05,config_command,canonical,0,21,0.0
exp12_config_command_05,config_command,canonical,0,22,0.0
exp12_config_command_05,config_command,canonical,0,23,0.0
exp12_config_command_05,config_command,canonical,0,24,0.0
exp12_config_command_05,config_command,canonical,0,25,0.0
exp12_config_command_05,config_command,canonical,0,26,0.0
exp12_config_command_05,config_command,canonical,0,27,0.0
exp12_config_command_05,config_command,paraphrase,0,0,-0.00017545372247695923
exp12_config_command_05,config_command,paraphrase,0,1,0.01343563199043274
exp12_config_command_05,config_command,paraphrase,0,2,0.005701109766960144
exp12_config_command_05,config_command,paraphrase,0,3,0.019098326563835144
exp12_config_command_05,config_command,paraphrase,0,4,-0.000603698194026947
exp12_config_command_05,config_command,paraphrase,0,5,0.028676390647888184
exp12_config_command_05,config_command,paraphrase,0,6,0.013029351830482483
exp12_config_command_05,config_command,paraphrase,0,7,0.0
exp12_config_command_05,config_command,paraphrase,0,8,0.0
exp12_config_command_05,config_command,paraphrase,0,9,0.0
exp12_config_command_05,config_command,paraphrase,0,10,0.0
exp12_config_command_05,config_command,paraphrase,0,11,0.0
exp12_config_command_05,config_command,paraphrase,0,12,0.0
exp12_config_command_05,config_command,paraphrase,0,13,0.0
exp12_config_command_05,config_command,paraphrase,0,14,0.0
exp12_config_command_05,config_command,paraphrase,0,15,0.0
exp12_config_command_05,config_command,paraphrase,0,16,0.0
exp12_config_command_05,config_command,paraphrase,0,17,0.0
exp12_config_command_05,config_command,paraphrase,0,18,0.0
exp12_config_command_05,config_command,paraphrase,0,19,0.0
exp12_config_command_05,config_command,paraphrase,0,20,0.0
exp12_config_command_05,config_command,paraphrase,0,21,0.0
exp12_config_command_05,config_command,paraphrase,0,22,0.0
exp12_config_command_05,config_command,paraphrase,0,23,0.0
exp12_config_command_05,config_command,paraphrase,0,24,0.0
exp12_config_command_05,config_command,paraphrase,0,25,0.0
exp12_config_command_05,config_command,paraphrase,0,26,0.0
exp12_config_command_05,config_command,paraphrase,0,27,0.0
exp12_config_command_05,config_command,canonical,1,0,-0.0139019675552845
exp12_config_command_05,config_command,canonical,1,1,0.0003836005926132202
exp12_config_command_05,config_command,canonical,1,2,-0.006989751011133194
exp12_config_command_05,config_command,canonical,1,3,0.04116145893931389
exp12_config_command_05,config_command,canonical,1,4,-0.033990828320384026
exp12_config_command_05,config_command,canonical,1,5,0.00621485710144043
exp12_config_command_05,config_command,canonical,1,6,-0.013931699097156525
exp12_config_command_05,config_command,canonical,1,7,-0.0
exp12_config_command_05,config_command,canonical,1,8,-0.0
exp12_config_command_05,config_command,canonical,1,9,-0.0
exp12_config_command_05,config_command,canonical,1,10,-0.0
exp12_config_command_05,config_command,canonical,1,11,-0.0
exp12_config_command_05,config_command,canonical,1,12,-0.0
exp12_config_command_05,config_command,canonical,1,13,-0.0
exp12_config_command_05,config_command,canonical,1,14,-0.0
exp12_config_command_05,config_command,canonical,1,15,-0.0
exp12_config_command_05,config_command,canonical,1,16,-0.0
exp12_config_command_05,config_command,canonical,1,17,-0.0
exp12_config_command_05,config_command,canonical,1,18,-0.0
exp12_config_command_05,config_command,canonical,1,19,-0.0
exp12_config_command_05,config_command,canonical,1,20,-0.0
exp12_config_command_05,config_command,canonical,1,21,-0.0
exp12_config_command_05,config_command,canonical,1,22,-0.0
exp12_config_command_05,config_command,canonical,1,23,-0.0
exp12_config_command_05,config_command,canonical,1,24,-0.0
exp12_config_command_05,config_command,canonical,1,25,-0.0
exp12_config_command_05,config_command,canonical,1,26,-0.0
exp12_config_command_05,config_command,canonical,1,27,-0.0
exp12_config_command_05,config_command,paraphrase,1,0,-0.00018252432346343994
exp12_config_command_05,config_command,paraphrase,1,1,0.014391005039215088
exp12_config_command_05,config_command,paraphrase,1,2,0.0012521594762802124
exp12_config_command_05,config_command,paraphrase,1,3,0.025498956441879272
exp12_config_command_05,config_command,paraphrase,1,4,-0.00021827220916748047
exp12_config_command_05,config_command,paraphrase,1,5,0.11368459463119507
exp12_config_command_05,config_command,paraphrase,1,6,-0.02739308774471283
exp12_config_command_05,config_command,paraphrase,1,7,-0.0
exp12_config_command_05,config_command,paraphrase,1,8,-0.0
exp12_config_command_05,config_command,paraphrase,1,9,-0.0
exp12_config_command_05,config_command,paraphrase,1,10,-0.0
exp12_config_command_05,config_command,paraphrase,1,11,-0.0
exp12_config_command_05,config_command,paraphrase,1,12,-0.0
exp12_config_command_05,config_command,paraphrase,1,13,-0.0
exp12_config_command_05,config_command,paraphrase,1,14,-0.0
exp12_config_command_05,config_command,paraphrase,1,15,-0.0
exp12_config_command_05,config_command,paraphrase,1,16,-0.0
exp12_config_command_05,config_command,paraphrase,1,17,-0.0
exp12_config_command_05,config_command,paraphrase,1,18,-0.0
exp12_config_command_05,config_command,paraphrase,1,19,-0.0
exp12_config_command_05,config_command,paraphrase,1,20,-0.0
exp12_config_command_05,config_command,paraphrase,1,21,-0.0
exp12_config_command_05,config_command,paraphrase,1,22,-0.0
exp12_config_command_05,config_command,paraphrase,1,23,-0.0
exp12_config_command_05,config_command,paraphrase,1,24,-0.0
exp12_config_command_05,config_command,paraphrase,1,25,-0.0
exp12_config_command_05,config_command,paraphrase,1,26,-0.0
exp12_config_command_05,config_command,paraphrase,1,27,-0.0
exp12_config_command_06,config_command,canonical,0,0,0.012851573526859283
exp12_config_command_06,config_command,canonical,0,1,0.019302070140838623
exp12_config_command_06,config_command,canonical,0,2,0.012873504310846329
exp12_config_command_06,config_command,canonical,0,3,0.03118603304028511
exp12_config_command_06,config_command,canonical,0,4,0.0007039159536361694
exp12_config_command_06,config_command,canonical,0,5,0.012690242379903793
exp12_config_command_06,config_command,canonical,0,6,-0.012429758906364441
exp12_config_command_06,config_command,canonical,0,7,0.0
exp12_config_command_06,config_command,canonical,0,8,0.0
exp12_config_command_06,config_command,canonical,0,9,0.0
exp12_config_command_06,config_command,canonical,0,10,0.0
exp12_config_command_06,config_command,canonical,0,11,0.0
exp12_config_command_06,config_command,canonical,0,12,0.0
exp12_config_command_06,config_command,canonical,0,13,0.0
exp12_config_command_06,config_command,canonical,0,14,0.0
exp12_config_command_06,config_command,canonical,0,15,0.0
exp12_config_command_06,config_command,canonical,0,16,0.0
exp12_config_command_06,config_command,canonical,0,17,0.0
exp12_config_command_06,config_command,canonical,0,18,0.0
exp12_config_command_06,config_command,canonical,0,19,0.0
exp12_config_command_06,config_command,canonical,0,20,0.0
exp12_config_command_06,config_command,canonical,0,21,0.0
exp12_config_command_06,config_command,canonical,0,22,0.0
exp12_config_command_06,config_command,canonical,0,23,0.0
exp12_config_command_06,config_command,canonical,0,24,0.0
exp12_config_command_06,config_command,canonical,0,25,0.0
exp12_config_command_06,config_command,canonical,0,26,0.0
exp12_config_command_06,config_command,canonical,0,27,0.0
exp12_config_command_06,config_command,paraphrase,0,0,0.021603599190711975
exp12_config_command_06,config_command,paraphrase,0,1,0.015012025833129883
exp12_config_command_06,config_command,paraphrase,0,2,0.011291086673736572
exp12_config_command_06,config_command,paraphrase,0,3,0.011455893516540527
exp12_config_command_06,config_command,paraphrase,0,4,0.0013833343982696533
exp12_config_command_06,config_command,paraphrase,0,5,0.03600028157234192
exp12_config_command_06,config_command,paraphrase,0,6,0.010605156421661377
exp12_config_command_06,config_command,paraphrase,0,7,0.0
exp12_config_command_06,config_command,paraphrase,0,8,0.0
exp12_config_command_06,config_command,paraphrase,0,9,0.0
exp12_config_command_06,config_command,paraphrase,0,10,0.0
exp12_config_command_06,config_command,paraphrase,0,11,0.0
exp12_config_command_06,config_command,paraphrase,0,12,0.0
exp12_config_command_06,config_command,paraphrase,0,13,0.0
exp12_config_command_06,config_command,paraphrase,0,14,0.0
exp12_config_command_06,config_command,paraphrase,0,15,0.0
exp12_config_command_06,config_command,paraphrase,0,16,0.0
exp12_config_command_06,config_command,paraphrase,0,17,0.0
exp12_config_command_06,config_command,paraphrase,0,18,0.0
exp12_config_command_06,config_command,paraphrase,0,19,0.0
exp12_config_command_06,config_command,paraphrase,0,20,0.0
exp12_config_command_06,config_command,paraphrase,0,21,0.0
exp12_config_command_06,config_command,paraphrase,0,22,0.0
exp12_config_command_06,config_command,paraphrase,0,23,0.0
exp12_config_command_06,config_command,paraphrase,0,24,0.0
exp12_config_command_06,config_command,paraphrase,0,25,0.0
exp12_config_command_06,config_command,paraphrase,0,26,0.0
exp12_config_command_06,config_command,paraphrase,0,27,0.0
exp12_config_command_06,config_command,canonical,1,0,0.027366401627659798
exp12_config_command_06,config_command,canonical,1,1,0.04149956628680229
exp12_config_command_06,config_command,canonical,1,2,0.02046142891049385
exp12_config_command_06,config_command,canonical,1,3,0.08300594612956047
exp12_config_command_06,config_command,canonical,1,4,-0.00700979121029377
exp12_config_command_06,config_command,canonical,1,5,0.04142765514552593
exp12_config_command_06,config_command,canonical,1,6,-0.006926070898771286
exp12_config_command_06,config_command,canonical,1,7,-0.0
exp12_config_command_06,config_command,canonical,1,8,-0.0
exp12_config_command_06,config_command,canonical,1,9,-0.0
exp12_config_command_06,config_command,canonical,1,10,-0.0
exp12_config_command_06,config_command,canonical,1,11,-0.0
exp12_config_command_06,config_command,canonical,1,12,-0.0
exp12_config_command_06,config_command,canonical,1,13,-0.0
exp12_config_command_06,config_command,canonical,1,14,-0.0
exp12_config_command_06,config_command,canonical,1,15,-0.0
exp12_config_command_06,config_command,canonical,1,16,-0.0
exp12_config_command_06,config_command,canonical,1,17,-0.0
exp12_config_command_06,config_command,canonical,1,18,-0.0
exp12_config_command_06,config_command,canonical,1,19,-0.0
exp12_config_command_06,config_command,canonical,1,20,-0.0
exp12_config_command_06,config_command,canonical,1,21,-0.0
exp12_config_command_06,config_command,canonical,1,22,-0.0
exp12_config_command_06,config_command,canonical,1,23,-0.0
exp12_config_command_06,config_command,canonical,1,24,-0.0
exp12_config_command_06,config_command,canonical,1,25,-0.0
exp12_config_command_06,config_command,canonical,1,26,-0.0
exp12_config_command_06,config_command,canonical,1,27,-0.0
exp12_config_command_06,config_command,paraphrase,1,0,-0.0005561113357543945
exp12_config_command_06,config_command,paraphrase,1,1,-0.014377981424331665
exp12_config_command_06,config_command,paraphrase,1,2,-3.522634506225586e-05
exp12_config_command_06,config_command,paraphrase,1,3,0.025860309600830078
exp12_config_command_06,config_command,paraphrase,1,4,-0.0005880296230316162
exp12_config_command_06,config_command,paraphrase,1,5,0.12923893332481384
exp12_config_command_06,config_command,paraphrase,1,6,-0.03946805000305176
exp12_config_command_06,config_command,paraphrase,1,7,-0.0
exp12_config_command_06,config_command,paraphrase,1,8,-0.0
exp12_config_command_06,config_command,paraphrase,1,9,-0.0
exp12_config_command_06,config_command,paraphrase,1,10,-0.0
exp12_config_command_06,config_command,paraphrase,1,11,-0.0
exp12_config_command_06,config_command,paraphrase,1,12,-0.0
exp12_config_command_06,config_command,paraphrase,1,13,-0.0
exp12_config_command_06,config_command,paraphrase,1,14,-0.0
exp12_config_command_06,config_command,paraphrase,1,15,-0.0
exp12_config_command_06,config_command,paraphrase,1,16,-0.0
exp12_config_command_06,config_command,paraphrase,1,17,-0.0
exp12_config_command_06,config_command,paraphrase,1,18,-0.0
exp12_config_command_06,config_command,paraphrase,1,19,-0.0
exp12_config_command_06,config_command,paraphrase,1,20,-0.0
exp12_config_command_06,config_command,paraphrase,1,21,-0.0
exp12_config_command_06,config_command,paraphrase,1,22,-0.0
exp12_config_command_06,config_command,paraphrase,1,23,-0.0
exp12_config_command_06,config_command,paraphrase,1,24,-0.0
exp12_config_command_06,config_command,paraphrase,1,25,-0.0
exp12_config_command_06,config_command,paraphrase,1,26,-0.0
exp12_config_command_06,config_command,paraphrase,1,27,-0.0
exp12_config_command_08,config_command,canonical,0,0,2.0802021026611328e-05
exp12_config_command_08,config_command,canonical,0,1,0.006740044802427292
exp12_config_command_08,config_command,canonical,0,2,0.006519179791212082
exp12_config_command_08,config_command,canonical,0,3,0.005965493619441986
exp12_config_command_08,config_command,canonical,0,4,-0.00547187402844429
exp12_config_command_08,config_command,canonical,0,5,-0.00019077211618423462
exp12_config_command_08,config_command,canonical,0,6,-0.012387190014123917
exp12_config_command_08,config_command,canonical,0,7,0.0
exp12_config_command_08,config_command,canonical,0,8,0.0
exp12_config_command_08,config_command,canonical,0,9,0.0
exp12_config_command_08,config_command,canonical,0,10,0.0
exp12_config_command_08,config_command,canonical,0,11,0.0
exp12_config_command_08,config_command,canonical,0,12,0.0
exp12_config_command_08,config_command,canonical,0,13,0.0
exp12_config_command_08,config_command,canonical,0,14,0.0
exp12_config_command_08,config_command,canonical,0,15,0.0
exp12_config_command_08,config_command,canonical,0,16,0.0
exp12_config_command_08,config_command,canonical,0,17,0.0
exp12_config_command_08,config_command,canonical,0,18,0.0
exp12_config_command_08,config_command,canonical,0,19,0.0
exp12_config_command_08,config_command,canonical,0,20,0.0
exp12_config_command_08,config_command,canonical,0,21,0.0
exp12_config_command_08,config_command,canonical,0,22,0.0
exp12_config_command_08,config_command,canonical,0,23,0.0
exp12_config_command_08,config_command,canonical,0,24,0.0
exp12_config_command_08,config_command,canonical,0,25,0.0
exp12_config_command_08,config_command,canonical,0,26,0.0
exp12_config_command_08,config_command,canonical,0,27,0.0
exp12_config_command_08,config_command,paraphrase,0,0,0.01442517340183258
exp12_config_command_08,config_command,paraphrase,0,1,0.007047876715660095
exp12_config_command_08,config_command,paraphrase,0,2,4.9598515033721924e-05
exp12_config_command_08,config_command,paraphrase,0,3,0.014334425330162048
exp12_config_command_08,config_command,paraphrase,0,4,0.008102893829345703
exp12_config_command_08,config_command,paraphrase,0,5,0.017708107829093933
exp12_config_command_08,config_command,paraphrase,0,6,-0.006347395479679108
exp12_config_command_08,config_command,paraphrase,0,7,0.0
exp12_config_command_08,config_command,paraphrase,0,8,0.0
exp12_config_command_08,config_command,paraphrase,0,9,0.0
exp12_config_command_08,config_command,paraphrase,0,10,0.0
exp12_config_command_08,config_command,paraphrase,0,11,0.0
exp12_config_command_08,config_command,paraphrase,0,12,0.0
exp12_config_command_08,config_command,paraphrase,0,13,0.0
exp12_config_command_08,config_command,paraphrase,0,14,0.0
exp12_config_command_08,config_command,paraphrase,0,15,0.0
exp12_config_command_08,config_command,paraphrase,0,16,0.0
exp12_config_command_08,config_command,paraphrase,0,17,0.0
exp12_config_command_08,config_command,paraphrase,0,18,0.0
exp12_config_command_08,config_command,paraphrase,0,19,0.0
exp12_config_command_08,config_command,paraphrase,0,20,0.0
exp12_config_command_08,config_command,paraphrase,0,21,0.0
exp12_config_command_08,config_command,paraphrase,0,22,0.0
exp12_config_command_08,config_command,paraphrase,0,23,0.0
exp12_config_command_08,config_command,paraphrase,0,24,0.0
exp12_config_command_08,config_command,paraphrase,0,25,0.0
exp12_config_command_08,config_command,paraphrase,0,26,0.0
exp12_config_command_08,config_command,paraphrase,0,27,0.0
exp12_config_command_08,config_command,canonical,1,0,-0.023529257625341415
exp12_config_command_08,config_command,canonical,1,1,0.031032633036375046
exp12_config_command_08,config_command,canonical,1,2,0.007979072630405426
exp12_config_command_08,config_command,canonical,1,3,0.10817436501383781
exp12_config_command_08,config_command,canonical,1,4,-0.007635381072759628
exp12_config_command_08,config_command,canonical,1,5,0.03943675756454468
exp12_config_command_08,config_command,canonical,1,6,-0.00854853168129921
exp12_config_command_08,config_command,canonical,1,7,-0.0
exp12_config_command_08,config_command,canonical,1,8,-0.0
exp12_config_command_08,config_command,canonical,1,9,-0.0
exp12_config_command_08,config_command,canonical,1,10,-0.0
exp12_config_command_08,config_command,canonical,1,11,-0.0
exp12_config_command_08,config_command,canonical,1,12,-0.0
exp12_config_command_08,config_command,canonical,1,13,-0.0
exp12_config_command_08,config_command,canonical,1,14,-0.0
exp12_config_command_08,config_command,canonical,1,15,-0.0
exp12_config_command_08,config_command,canonical,1,16,-0.0
exp12_config_command_08,config_command,canonical,1,17,-0.0
exp12_config_command_08,config_command,canonical,1,18,-0.0
exp12_config_command_08,config_command,canonical,1,19,-0.0
exp12_config_command_08,config_command,canonical,1,20,-0.0
exp12_config_command_08,config_command,canonical,1,21,-0.0
exp12_config_command_08,config_command,canonical,1,22,-0.0
exp12_config_command_08,config_command,canonical,1,23,-0.0
exp12_config_command_08,config_command,canonical,1,24,-0.0
exp12_config_command_08,config_command,canonical,1,25,-0.0
exp12_config_command_08,config_command,canonical,1,26,-0.0
exp12_config_command_08,config_command,canonical,1,27,-0.0
exp12_config_command_08,config_command,paraphrase,1,0,-0.0009702742099761963
exp12_config_command_08,config_command,paraphrase,1,1,0.014531850814819336
exp12_config_command_08,config_command,paraphrase,1,2,0.013989031314849854
exp12_config_command_08,config_command,paraphrase,1,3,0.039102137088775635
exp12_config_command_08,config_command,paraphrase,1,4,-0.0005737245082855225
exp12_config_command_08,config_command,paraphrase,1,5,0.09524849057197571
exp12_config_command_08,config_command,paraphrase,1,6,-0.026132911443710327
exp12_config_command_08,config_command,paraphrase,1,7,-0.0
exp12_config_command_08,config_command,paraphrase,1,8,-0.0
exp12_config_command_08,config_command,paraphrase,1,9,-0.0
exp12_config_command_08,config_command,paraphrase,1,10,-0.0
exp12_config_command_08,config_command,paraphrase,1,11,-0.0
exp12_config_command_08,config_command,paraphrase,1,12,-0.0
exp12_config_command_08,config_command,paraphrase,1,13,-0.0
exp12_config_command_08,config_command,paraphrase,1,14,-0.0
exp12_config_command_08,config_command,paraphrase,1,15,-0.0
exp12_config_command_08,config_command,paraphrase,1,16,-0.0
exp12_config_command_08,config_command,paraphrase,1,17,-0.0
exp12_config_command_08,config_command,paraphrase,1,18,-0.0
exp12_config_command_08,config_command,paraphrase,1,19,-0.0
exp12_config_command_08,config_command,paraphrase,1,20,-0.0
exp12_config_command_08,config_command,paraphrase,1,21,-0.0
exp12_config_command_08,config_command,paraphrase,1,22,-0.0
exp12_config_command_08,config_command,paraphrase,1,23,-0.0
exp12_config_command_08,config_command,paraphrase,1,24,-0.0
exp12_config_command_08,config_command,paraphrase,1,25,-0.0
exp12_config_command_08,config_command,paraphrase,1,26,-0.0
exp12_config_command_08,config_command,paraphrase,1,27,-0.0
exp12_config_command_09,config_command,canonical,0,0,-0.00015660375356674194
exp12_config_command_09,config_command,canonical,0,1,0.0002474486827850342
exp12_config_command_09,config_command,canonical,0,2,-0.005800314247608185
exp12_config_command_09,config_command,canonical,0,3,0.005054855719208717
exp12_config_command_09,config_command,canonical,0,4,-0.022651534527540207
exp12_config_command_09,config_command,canonical,0,5,-0.00035497546195983887
exp12_config_command_09,config_command,canonical,0,6,-0.02358975261449814
exp12_config_command_09,config_command,canonical,0,7,0.0
exp12_config_command_09,config_command,canonical,0,8,0.0
exp12_config_command_09,config_command,canonical,0,9,0.0
exp12_config_command_09,config_command,canonical,0,10,0.0
exp12_config_command_09,config_command,canonical,0,11,0.0
exp12_config_command_09,config_command,canonical,0,12,0.0
exp12_config_command_09,config_command,canonical,0,13,0.0
exp12_config_command_09,config_command,canonical,0,14,0.0
exp12_config_command_09,config_command,canonical,0,15,0.0
exp12_config_command_09,config_command,canonical,0,16,0.0
exp12_config_command_09,config_command,canonical,0,17,0.0
exp12_config_command_09,config_command,canonical,0,18,0.0
exp12_config_command_09,config_command,canonical,0,19,0.0
exp12_config_command_09,config_command,canonical,0,20,0.0
exp12_config_command_09,config_command,canonical,0,21,0.0
exp12_config_command_09,config_command,canonical,0,22,0.0
exp12_config_command_09,config_command,canonical,0,23,0.0
exp12_config_command_09,config_command,canonical,0,24,0.0
exp12_config_command_09,config_command,canonical,0,25,0.0
exp12_config_command_09,config_command,canonical,0,26,0.0
exp12_config_command_09,config_command,canonical,0,27,0.0
exp12_config_command_09,config_command,paraphrase,0,0,0.000314563512802124
exp12_config_command_09,config_command,paraphrase,0,1,0.011590905487537384
exp12_config_command_09,config_command,paraphrase,0,2,0.005505897104740143
exp12_config_command_09,config_command,paraphrase,0,3,0.00024500489234924316
exp12_config_command_09,config_command,paraphrase,0,4,0.0004285871982574463
exp12_config_command_09,config_command,paraphrase,0,5,0.010822474956512451
exp12_config_command_09,config_command,paraphrase,0,6,0.012653201818466187
exp12_config_command_09,config_command,paraphrase,0,7,0.0
exp12_config_command_09,config_command,paraphrase,0,8,0.0
exp12_config_command_09,config_command,paraphrase,0,9,0.0
exp12_config_command_09,config_command,paraphrase,0,10,0.0
exp12_config_command_09,config_command,paraphrase,0,11,0.0
exp12_config_command_09,config_command,paraphrase,0,12,0.0
exp12_config_command_09,config_command,paraphrase,0,13,0.0
exp12_config_command_09,config_command,paraphrase,0,14,0.0
exp12_config_command_09,config_command,paraphrase,0,15,0.0
exp12_config_command_09,config_command,paraphrase,0,16,0.0
exp12_config_command_09,config_command,paraphrase,0,17,0.0
exp12_config_command_09,config_command,paraphrase,0,18,0.0
exp12_config_command_09,config_command,paraphrase,0,19,0.0
exp12_config_command_09,config_command,paraphrase,0,20,0.0
exp12_config_command_09,config_command,paraphrase,0,21,0.0
exp12_config_command_09,config_command,paraphrase,0,22,0.0
exp12_config_command_09,config_command,paraphrase,0,23,0.0
exp12_config_command_09,config_command,paraphrase,0,24,0.0
exp12_config_command_09,config_command,paraphrase,0,25,0.0
exp12_config_command_09,config_command,paraphrase,0,26,0.0
exp12_config_command_09,config_command,paraphrase,0,27,0.0
exp12_config_command_09,config_command,canonical,1,0,-0.014137053862214088
exp12_config_command_09,config_command,canonical,1,1,0.06098197214305401
exp12_config_command_09,config_command,canonical,1,2,-0.0007041003555059433
exp12_config_command_09,config_command,canonical,1,3,0.10979861207306385
exp12_config_command_09,config_command,canonical,1,4,-0.020554738119244576
exp12_config_command_09,config_command,canonical,1,5,0.04107808880507946
exp12_config_command_09,config_command,canonical,1,6,-0.034710878506302834
exp12_config_command_09,config_command,canonical,1,7,-0.0
exp12_config_command_09,config_command,canonical,1,8,-0.0
exp12_config_command_09,config_command,canonical,1,9,-0.0
exp12_config_command_09,config_command,canonical,1,10,-0.0
exp12_config_command_09,config_command,canonical,1,11,-0.0
exp12_config_command_09,config_command,canonical,1,12,-0.0
exp12_config_command_09,config_command,canonical,1,13,-0.0
exp12_config_command_09,config_command,canonical,1,14,-0.0
exp12_config_command_09,config_command,canonical,1,15,-0.0
exp12_config_command_09,config_command,canonical,1,16,-0.0
exp12_config_command_09,config_command,canonical,1,17,-0.0
exp12_config_command_09,config_command,canonical,1,18,-0.0
exp12_config_command_09,config_command,canonical,1,19,-0.0
exp12_config_command_09,config_command,canonical,1,20,-0.0
exp12_config_command_09,config_command,canonical,1,21,-0.0
exp12_config_command_09,config_command,canonical,1,22,-0.0
exp12_config_command_09,config_command,canonical,1,23,-0.0
exp12_config_command_09,config_command,canonical,1,24,-0.0
exp12_config_command_09,config_command,canonical,1,25,-0.0
exp12_config_command_09,config_command,canonical,1,26,-0.0
exp12_config_command_09,config_command,canonical,1,27,-0.0
exp12_config_command_09,config_command,paraphrase,1,0,0.012132629752159119
exp12_config_command_09,config_command,paraphrase,1,1,0.015499129891395569
exp12_config_command_09,config_command,paraphrase,1,2,-0.00011847913265228271
exp12_config_command_09,config_command,paraphrase,1,3,0.03436271846294403
exp12_config_command_09,config_command,paraphrase,1,4,0.01281745731830597
exp12_config_command_09,config_command,paraphrase,1,5,0.07752209901809692
exp12_config_command_09,config_command,paraphrase,1,6,-0.006136208772659302
exp12_config_command_09,config_command,paraphrase,1,7,-0.0
exp12_config_command_09,config_command,paraphrase,1,8,-0.0
exp12_config_command_09,config_command,paraphrase,1,9,-0.0
exp12_config_command_09,config_command,paraphrase,1,10,-0.0
exp12_config_command_09,config_command,paraphrase,1,11,-0.0
exp12_config_command_09,config_command,paraphrase,1,12,-0.0
exp12_config_command_09,config_command,paraphrase,1,13,-0.0
exp12_config_command_09,config_command,paraphrase,1,14,-0.0
exp12_config_command_09,config_command,paraphrase,1,15,-0.0
exp12_config_command_09,config_command,paraphrase,1,16,-0.0
exp12_config_command_09,config_command,paraphrase,1,17,-0.0
exp12_config_command_09,config_command,paraphrase,1,18,-0.0
exp12_config_command_09,config_command,paraphrase,1,19,-0.0
exp12_config_command_09,config_command,paraphrase,1,20,-0.0
exp12_config_command_09,config_command,paraphrase,1,21,-0.0
exp12_config_command_09,config_command,paraphrase,1,22,-0.0
exp12_config_command_09,config_command,paraphrase,1,23,-0.0
exp12_config_command_09,config_command,paraphrase,1,24,-0.0
exp12_config_command_09,config_command,paraphrase,1,25,-0.0
exp12_config_command_09,config_command,paraphrase,1,26,-0.0
exp12_config_command_09,config_command,paraphrase,1,27,-0.0
exp12_config_command_10,config_command,canonical,0,0,6.842613220214844e-05
exp12_config_command_10,config_command,canonical,0,1,-0.0003924798220396042
exp12_config_command_10,config_command,canonical,0,2,-0.011731661856174469
exp12_config_command_10,config_command,canonical,0,3,0.022518252953886986
exp12_config_command_10,config_command,canonical,0,4,-0.005482271313667297
exp12_config_command_10,config_command,canonical,0,5,-0.0003489125519990921
exp12_config_command_10,config_command,canonical,0,6,-0.005278373137116432
exp12_config_command_10,config_command,canonical,0,7,0.0
exp12_config_command_10,config_command,canonical,0,8,0.0
exp12_config_command_10,config_command,canonical,0,9,0.0
exp12_config_command_10,config_command,canonical,0,10,0.0
exp12_config_command_10,config_command,canonical,0,11,0.0
exp12_config_command_10,config_command,canonical,0,12,0.0
exp12_config_command_10,config_command,canonical,0,13,0.0
exp12_config_command_10,config_command,canonical,0,14,0.0
exp12_config_command_10,config_command,canonical,0,15,0.0
exp12_config_command_10,config_command,canonical,0,16,0.0
exp12_config_command_10,config_command,canonical,0,17,0.0
exp12_config_command_10,config_command,canonical,0,18,0.0
exp12_config_command_10,config_command,canonical,0,19,0.0
exp12_config_command_10,config_command,canonical,0,20,0.0
exp12_config_command_10,config_command,canonical,0,21,0.0
exp12_config_command_10,config_command,canonical,0,22,0.0
exp12_config_command_10,config_command,canonical,0,23,0.0
exp12_config_command_10,config_command,canonical,0,24,0.0
exp12_config_command_10,config_command,canonical,0,25,0.0
exp12_config_command_10,config_command,canonical,0,26,0.0
exp12_config_command_10,config_command,canonical,0,27,0.0
exp12_config_command_10,config_command,paraphrase,0,0,0.00013969838619232178
exp12_config_command_10,config_command,paraphrase,0,1,0.012146495282649994
exp12_config_command_10,config_command,paraphrase,0,2,0.00014576315879821777
exp12_config_command_10,config_command,paraphrase,0,3,0.011449754238128662
exp12_config_command_10,config_command,paraphrase,0,4,0.00013699382543563843
exp12_config_command_10,config_command,paraphrase,0,5,0.017441943287849426
exp12_config_command_10,config_command,paraphrase,0,6,-0.005650065839290619
exp12_config_command_10,config_command,paraphrase,0,7,0.0
exp12_config_command_10,config_command,paraphrase,0,8,0.0
exp12_config_command_10,config_command,paraphrase,0,9,0.0
exp12_config_command_10,config_command,paraphrase,0,10,0.0
exp12_config_command_10,config_command,paraphrase,0,11,0.0
exp12_config_command_10,config_command,paraphrase,0,12,0.0
exp12_config_command_10,config_command,paraphrase,0,13,0.0
exp12_config_command_10,config_command,paraphrase,0,14,0.0
exp12_config_command_10,config_command,paraphrase,0,15,0.0
exp12_config_command_10,config_command,paraphrase,0,16,0.0
exp12_config_command_10,config_command,paraphrase,0,17,0.0
exp12_config_command_10,config_command,paraphrase,0,18,0.0
exp12_config_command_10,config_command,paraphrase,0,19,0.0
exp12_config_command_10,config_command,paraphrase,0,20,0.0
exp12_config_command_10,config_command,paraphrase,0,21,0.0
exp12_config_command_10,config_command,paraphrase,0,22,0.0
exp12_config_command_10,config_command,paraphrase,0,23,0.0
exp12_config_command_10,config_command,paraphrase,0,24,0.0
exp12_config_command_10,config_command,paraphrase,0,25,0.0
exp12_config_command_10,config_command,paraphrase,0,26,0.0
exp12_config_command_10,config_command,paraphrase,0,27,0.0
exp12_config_command_10,config_command,canonical,1,0,-0.007043071091175079
exp12_config_command_10,config_command,canonical,1,1,0.03419945761561394
exp12_config_command_10,config_command,canonical,1,2,-0.014053132385015488
exp12_config_command_10,config_command,canonical,1,3,0.0756605975329876
exp12_config_command_10,config_command,canonical,1,4,-0.013905918225646019
exp12_config_command_10,config_command,canonical,1,5,0.034273047000169754
exp12_config_command_10,config_command,canonical,1,6,-0.04079809971153736
exp12_config_command_10,config_command,canonical,1,7,-0.0
exp12_config_command_10,config_command,canonical,1,8,-0.0
exp12_config_command_10,config_command,canonical,1,9,-0.0
exp12_config_command_10,config_command,canonical,1,10,-0.0
exp12_config_command_10,config_command,canonical,1,11,-0.0
exp12_config_command_10,config_command,canonical,1,12,-0.0
exp12_config_command_10,config_command,canonical,1,13,-0.0
exp12_config_command_10,config_command,canonical,1,14,-0.0
exp12_config_command_10,config_command,canonical,1,15,-0.0
exp12_config_command_10,config_command,canonical,1,16,-0.0
exp12_config_command_10,config_command,canonical,1,17,-0.0
exp12_config_command_10,config_command,canonical,1,18,-0.0
exp12_config_command_10,config_command,canonical,1,19,-0.0
exp12_config_command_10,config_command,canonical,1,20,-0.0
exp12_config_command_10,config_command,canonical,1,21,-0.0
exp12_config_command_10,config_command,canonical,1,22,-0.0
exp12_config_command_10,config_command,canonical,1,23,-0.0
exp12_config_command_10,config_command,canonical,1,24,-0.0
exp12_config_command_10,config_command,canonical,1,25,-0.0
exp12_config_command_10,config_command,canonical,1,26,-0.0
exp12_config_command_10,config_command,canonical,1,27,-0.0
exp12_config_command_10,config_command,paraphrase,1,0,0.00014728307723999023
exp12_config_command_10,config_command,paraphrase,1,1,-0.0008107870817184448
exp12_config_command_10,config_command,paraphrase,1,2,-0.011841803789138794
exp12_config_command_10,config_command,paraphrase,1,3,0.023235753178596497
exp12_config_command_10,config_command,paraphrase,1,4,-0.011216118931770325
exp12_config_command_10,config_command,paraphrase,1,5,0.07060182094573975
exp12_config_command_10,config_command,paraphrase,1,6,-0.02450898289680481
exp12_config_command_10,config_command,paraphrase,1,7,-0.0
exp12_config_command_10,config_command,paraphrase,1,8,-0.0
exp12_config_command_10,config_command,paraphrase,1,9,-0.0
exp12_config_command_10,config_command,paraphrase,1,10,-0.0
exp12_config_command_10,config_command,paraphrase,1,11,-0.0
exp12_config_command_10,config_command,paraphrase,1,12,-0.0
exp12_config_command_10,config_command,paraphrase,1,13,-0.0
exp12_config_command_10,config_command,paraphrase,1,14,-0.0
exp12_config_command_10,config_command,paraphrase,1,15,-0.0
exp12_config_command_10,config_command,paraphrase,1,16,-0.0
exp12_config_command_10,config_command,paraphrase,1,17,-0.0
exp12_config_command_10,config_command,paraphrase,1,18,-0.0
exp12_config_command_10,config_command,paraphrase,1,19,-0.0
exp12_config_command_10,config_command,paraphrase,1,20,-0.0
exp12_config_command_10,config_command,paraphrase,1,21,-0.0
exp12_config_command_10,config_command,paraphrase,1,22,-0.0
exp12_config_command_10,config_command,paraphrase,1,23,-0.0
exp12_config_command_10,config_command,paraphrase,1,24,-0.0
exp12_config_command_10,config_command,paraphrase,1,25,-0.0
exp12_config_command_10,config_command,paraphrase,1,26,-0.0
exp12_config_command_10,config_command,paraphrase,1,27,-0.0
exp12_config_command_11,config_command,canonical,0,0,-0.012862633913755417
exp12_config_command_11,config_command,canonical,0,1,-0.006560511887073517
exp12_config_command_11,config_command,canonical,0,2,-0.006173927336931229
exp12_config_command_11,config_command,canonical,0,3,0.012447923421859741
exp12_config_command_11,config_command,canonical,0,4,-0.025360994040966034
exp12_config_command_11,config_command,canonical,0,5,-7.37607479095459e-07
exp12_config_command_11,config_command,canonical,0,6,-0.025064807385206223
exp12_config_command_11,config_command,canonical,0,7,0.0
exp12_config_command_11,config_command,canonical,0,8,0.0
exp12_config_command_11,config_command,canonical,0,9,0.0
exp12_config_command_11,config_command,canonical,0,10,0.0
exp12_config_command_11,config_command,canonical,0,11,0.0
exp12_config_command_11,config_command,canonical,0,12,0.0
exp12_config_command_11,config_command,canonical,0,13,0.0
exp12_config_command_11,config_command,canonical,0,14,0.0
exp12_config_command_11,config_command,canonical,0,15,0.0
exp12_config_command_11,config_command,canonical,0,16,0.0
exp12_config_command_11,config_command,canonical,0,17,0.0
exp12_config_command_11,config_command,canonical,0,18,0.0
exp12_config_command_11,config_command,canonical,0,19,0.0
exp12_config_command_11,config_command,canonical,0,20,0.0
exp12_config_command_11,config_command,canonical,0,21,0.0
exp12_config_command_11,config_command,canonical,0,22,0.0
exp12_config_command_11,config_command,canonical,0,23,0.0
exp12_config_command_11,config_command,canonical,0,24,0.0
exp12_config_command_11,config_command,canonical,0,25,0.0
exp12_config_command_11,config_command,canonical,0,26,0.0
exp12_config_command_11,config_command,canonical,0,27,0.0
exp12_config_command_11,config_command,paraphrase,0,0,-0.019978292286396027
exp12_config_command_11,config_command,paraphrase,0,1,-0.013875037431716919
exp12_config_command_11,config_command,paraphrase,0,2,-0.0138898566365242
exp12_config_command_11,config_command,paraphrase,0,3,-0.0005285665392875671
exp12_config_command_11,config_command,paraphrase,0,4,-0.006771288812160492
exp12_config_command_11,config_command,paraphrase,0,5,0.01697162538766861
exp12_config_command_11,config_command,paraphrase,0,6,-0.019774354994297028
exp12_config_command_11,config_command,paraphrase,0,7,0.0
exp12_config_command_11,config_command,paraphrase,0,8,0.0
exp12_config_command_11,config_command,paraphrase,0,9,0.0
exp12_config_command_11,config_command,paraphrase,0,10,0.0
exp12_config_command_11,config_command,paraphrase,0,11,0.0
exp12_config_command_11,config_command,paraphrase,0,12,0.0
exp12_config_command_11,config_command,paraphrase,0,13,0.0
exp12_config_command_11,config_command,paraphrase,0,14,0.0
exp12_config_command_11,config_command,paraphrase,0,15,0.0
exp12_config_command_11,config_command,paraphrase,0,16,0.0
exp12_config_command_11,config_command,paraphrase,0,17,0.0
exp12_config_command_11,config_command,paraphrase,0,18,0.0
exp12_config_command_11,config_command,paraphrase,0,19,0.0
exp12_config_command_11,config_command,paraphrase,0,20,0.0
exp12_config_command_11,config_command,paraphrase,0,21,0.0
exp12_config_command_11,config_command,paraphrase,0,22,0.0
exp12_config_command_11,config_command,paraphrase,0,23,0.0
exp12_config_command_11,config_command,paraphrase,0,24,0.0
exp12_config_command_11,config_command,paraphrase,0,25,0.0
exp12_config_command_11,config_command,paraphrase,0,26,0.0
exp12_config_command_11,config_command,paraphrase,0,27,0.0
exp12_config_command_11,config_command,canonical,1,0,-0.01400766335427761
exp12_config_command_11,config_command,canonical,1,1,0.00027531012892723083
exp12_config_command_11,config_command,canonical,1,2,0.006831290200352669
exp12_config_command_11,config_command,canonical,1,3,0.07611482962965965
exp12_config_command_11,config_command,canonical,1,4,-0.03456403873860836
exp12_config_command_11,config_command,canonical,1,5,0.01383589580655098
exp12_config_command_11,config_command,canonical,1,6,-0.027607351541519165
exp12_config_command_11,config_command,canonical,1,7,-0.0
exp12_config_command_11,config_command,canonical,1,8,-0.0
exp12_config_command_11,config_command,canonical,1,9,-0.0
exp12_config_command_11,config_command,canonical,1,10,-0.0
exp12_config_command_11,config_command,canonical,1,11,-0.0
exp12_config_command_11,config_command,canonical,1,12,-0.0
exp12_config_command_11,config_command,canonical,1,13,-0.0
exp12_config_command_11,config_command,canonical,1,14,-0.0
exp12_config_command_11,config_command,canonical,1,15,-0.0
exp12_config_command_11,config_command,canonical,1,16,-0.0
exp12_config_command_11,config_command,canonical,1,17,-0.0
exp12_config_command_11,config_command,canonical,1,18,-0.0
exp12_config_command_11,config_command,canonical,1,19,-0.0
exp12_config_command_11,config_command,canonical,1,20,-0.0
exp12_config_command_11,config_command,canonical,1,21,-0.0
exp12_config_command_11,config_command,canonical,1,22,-0.0
exp12_config_command_11,config_command,canonical,1,23,-0.0
exp12_config_command_11,config_command,canonical,1,24,-0.0
exp12_config_command_11,config_command,canonical,1,25,-0.0
exp12_config_command_11,config_command,canonical,1,26,-0.0
exp12_config_command_11,config_command,canonical,1,27,-0.0
exp12_config_command_11,config_command,paraphrase,1,0,0.01263687014579773
exp12_config_command_11,config_command,paraphrase,1,1,0.012649744749069214
exp12_config_command_11,config_command,paraphrase,1,2,0.013025134801864624
exp12_config_command_11,config_command,paraphrase,1,3,0.03886616230010986
exp12_config_command_11,config_command,paraphrase,1,4,-0.0005283057689666748
exp12_config_command_11,config_command,paraphrase,1,5,0.1424451768398285
exp12_config_command_11,config_command,paraphrase,1,6,-0.02601686120033264
exp12_config_command_11,config_command,paraphrase,1,7,-0.0
exp12_config_command_11,config_command,paraphrase,1,8,-0.0
exp12_config_command_11,config_command,paraphrase,1,9,-0.0
exp12_config_command_11,config_command,paraphrase,1,10,-0.0
exp12_config_command_11,config_command,paraphrase,1,11,-0.0
exp12_config_command_11,config_command,paraphrase,1,12,-0.0
exp12_config_command_11,config_command,paraphrase,1,13,-0.0
exp12_config_command_11,config_command,paraphrase,1,14,-0.0
exp12_config_command_11,config_command,paraphrase,1,15,-0.0
exp12_config_command_11,config_command,paraphrase,1,16,-0.0
exp12_config_command_11,config_command,paraphrase,1,17,-0.0
exp12_config_command_11,config_command,paraphrase,1,18,-0.0
exp12_config_command_11,config_command,paraphrase,1,19,-0.0
exp12_config_command_11,config_command,paraphrase,1,20,-0.0
exp12_config_command_11,config_command,paraphrase,1,21,-0.0
exp12_config_command_11,config_command,paraphrase,1,22,-0.0
exp12_config_command_11,config_command,paraphrase,1,23,-0.0
exp12_config_command_11,config_command,paraphrase,1,24,-0.0
exp12_config_command_11,config_command,paraphrase,1,25,-0.0
exp12_config_command_11,config_command,paraphrase,1,26,-0.0
exp12_config_command_11,config_command,paraphrase,1,27,-0.0
exp12_config_command_12,config_command,canonical,0,0,0.012809449806809425
exp12_config_command_12,config_command,canonical,0,1,0.019517291337251663
exp12_config_command_12,config_command,canonical,0,2,-6.0480087995529175e-06
exp12_config_command_12,config_command,canonical,0,3,0.037552740424871445
exp12_config_command_12,config_command,canonical,0,4,0.0009539946913719177
exp12_config_command_12,config_command,canonical,0,5,0.03183100186288357
exp12_config_command_12,config_command,canonical,0,6,0.00039597228169441223
exp12_config_command_12,config_command,canonical,0,7,0.0
exp12_config_command_12,config_command,canonical,0,8,0.0
exp12_config_command_12,config_command,canonical,0,9,0.0
exp12_config_command_12,config_command,canonical,0,10,0.0
exp12_config_command_12,config_command,canonical,0,11,0.0
exp12_config_command_12,config_command,canonical,0,12,0.0
exp12_config_command_12,config_command,canonical,0,13,0.0
exp12_config_command_12,config_command,canonical,0,14,0.0
exp12_config_command_12,config_command,canonical,0,15,0.0
exp12_config_command_12,config_command,canonical,0,16,0.0
exp12_config_command_12,config_command,canonical,0,17,0.0
exp12_config_command_12,config_command,canonical,0,18,0.0
exp12_config_command_12,config_command,canonical,0,19,0.0
exp12_config_command_12,config_command,canonical,0,20,0.0
exp12_config_command_12,config_command,canonical,0,21,0.0
exp12_config_command_12,config_command,canonical,0,22,0.0
exp12_config_command_12,config_command,canonical,0,23,0.0
exp12_config_command_12,config_command,canonical,0,24,0.0
exp12_config_command_12,config_command,canonical,0,25,0.0
exp12_config_command_12,config_command,canonical,0,26,0.0
exp12_config_command_12,config_command,canonical,0,27,0.0
exp12_config_command_12,config_command,paraphrase,0,0,-0.013597175478935242
exp12_config_command_12,config_command,paraphrase,0,1,-2.5033950805664062e-06
exp12_config_command_12,config_command,paraphrase,0,2,0.0060342103242874146
exp12_config_command_12,config_command,paraphrase,0,3,0.005813904106616974
exp12_config_command_12,config_command,paraphrase,0,4,-4.079937934875488e-05
exp12_config_command_12,config_command,paraphrase,0,5,0.018146872520446777
exp12_config_command_12,config_command,paraphrase,0,6,-0.00020956993103027344
exp12_config_command_12,config_command,paraphrase,0,7,0.0
exp12_config_command_12,config_command,paraphrase,0,8,0.0
exp12_config_command_12,config_command,paraphrase,0,9,0.0
exp12_config_command_12,config_command,paraphrase,0,10,0.0
exp12_config_command_12,config_command,paraphrase,0,11,0.0
exp12_config_command_12,config_command,paraphrase,0,12,0.0
exp12_config_command_12,config_command,paraphrase,0,13,0.0
exp12_config_command_12,config_command,paraphrase,0,14,0.0
exp12_config_command_12,config_command,paraphrase,0,15,0.0
exp12_config_command_12,config_command,paraphrase,0,16,0.0
exp12_config_command_12,config_command,paraphrase,0,17,0.0
exp12_config_command_12,config_command,paraphrase,0,18,0.0
exp12_config_command_12,config_command,paraphrase,0,19,0.0
exp12_config_command_12,config_command,paraphrase,0,20,0.0
exp12_config_command_12,config_command,paraphrase,0,21,0.0
exp12_config_command_12,config_command,paraphrase,0,22,0.0
exp12_config_command_12,config_command,paraphrase,0,23,0.0
exp12_config_command_12,config_command,paraphrase,0,24,0.0
exp12_config_command_12,config_command,paraphrase,0,25,0.0
exp12_config_command_12,config_command,paraphrase,0,26,0.0
exp12_config_command_12,config_command,paraphrase,0,27,0.0
exp12_config_command_12,config_command,canonical,1,0,0.006696388125419617
exp12_config_command_12,config_command,canonical,1,1,0.02778627909719944
exp12_config_command_12,config_command,canonical,1,2,-0.013743462041020393
exp12_config_command_12,config_command,canonical,1,3,0.11086712032556534
exp12_config_command_12,config_command,canonical,1,4,-0.03451338782906532
exp12_config_command_12,config_command,canonical,1,5,0.027479024603962898
exp12_config_command_12,config_command,canonical,1,6,-0.02079678326845169
exp12_config_command_12,config_command,canonical,1,7,-0.0
exp12_config_command_12,config_command,canonical,1,8,-0.0
exp12_config_command_12,config_command,canonical,1,9,-0.0
exp12_config_command_12,config_command,canonical,1,10,-0.0
exp12_config_command_12,config_command,canonical,1,11,-0.0
exp12_config_command_12,config_command,canonical,1,12,-0.0
exp12_config_command_12,config_command,canonical,1,13,-0.0
exp12_config_command_12,config_command,canonical,1,14,-0.0
exp12_config_command_12,config_command,canonical,1,15,-0.0
exp12_config_command_12,config_command,canonical,1,16,-0.0
exp12_config_command_12,config_command,canonical,1,17,-0.0
exp12_config_command_12,config_command,canonical,1,18,-0.0
exp12_config_command_12,config_command,canonical,1,19,-0.0
exp12_config_command_12,config_command,canonical,1,20,-0.0
exp12_config_command_12,config_command,canonical,1,21,-0.0
exp12_config_command_12,config_command,canonical,1,22,-0.0
exp12_config_command_12,config_command,canonical,1,23,-0.0
exp12_config_command_12,config_command,canonical,1,24,-0.0
exp12_config_command_12,config_command,canonical,1,25,-0.0
exp12_config_command_12,config_command,canonical,1,26,-0.0
exp12_config_command_12,config_command,canonical,1,27,-0.0
exp12_config_command_12,config_command,paraphrase,1,0,-0.013800740242004395
exp12_config_command_12,config_command,paraphrase,1,1,-0.013740867376327515
exp12_config_command_12,config_command,paraphrase,1,2,-0.013838738203048706
exp12_config_command_12,config_command,paraphrase,1,3,0.025369077920913696
exp12_config_command_12,config_command,paraphrase,1,4,-0.013771653175354004
exp12_config_command_12,config_command,paraphrase,1,5,0.10267308354377747
exp12_config_command_12,config_command,paraphrase,1,6,-0.03901228308677673
exp12_config_command_12,config_command,paraphrase,1,7,-0.0
exp12_config_command_12,config_command,paraphrase,1,8,-0.0
exp12_config_command_12,config_command,paraphrase,1,9,-0.0
exp12_config_command_12,config_command,paraphrase,1,10,-0.0
exp12_config_command_12,config_command,paraphrase,1,11,-0.0
exp12_config_command_12,config_command,paraphrase,1,12,-0.0
exp12_config_command_12,config_command,paraphrase,1,13,-0.0
exp12_config_command_12,config_command,paraphrase,1,14,-0.0
exp12_config_command_12,config_command,paraphrase,1,15,-0.0
exp12_config_command_12,config_command,paraphrase,1,16,-0.0
exp12_config_command_12,config_command,paraphrase,1,17,-0.0
exp12_config_command_12,config_command,paraphrase,1,18,-0.0
exp12_config_command_12,config_command,paraphrase,1,19,-0.0
exp12_config_command_12,config_command,paraphrase,1,20,-0.0
exp12_config_command_12,config_command,paraphrase,1,21,-0.0
exp12_config_command_12,config_command,paraphrase,1,22,-0.0
exp12_config_command_12,config_command,paraphrase,1,23,-0.0
exp12_config_command_12,config_command,paraphrase,1,24,-0.0
exp12_config_command_12,config_command,paraphrase,1,25,-0.0
exp12_config_command_12,config_command,paraphrase,1,26,-0.0
exp12_config_command_12,config_command,paraphrase,1,27,-0.0
exp12_docs_code_00,docs_code,canonical,0,0,-0.01781767630018294
exp12_docs_code_00,docs_code,canonical,0,1,-0.01783393236109987
exp12_docs_code_00,docs_code,canonical,0,2,-0.008886973955668509
exp12_docs_code_00,docs_code,canonical,0,3,-0.00888568686787039
exp12_docs_code_00,docs_code,canonical,0,4,-0.01781077595660463
exp12_docs_code_00,docs_code,canonical,0,5,-0.017837062070611864
exp12_docs_code_00,docs_code,canonical,0,6,-0.01778388733509928
exp12_docs_code_00,docs_code,canonical,0,7,0.0
exp12_docs_code_00,docs_code,canonical,0,8,0.0
exp12_docs_code_00,docs_code,canonical,0,9,0.0
exp12_docs_code_00,docs_code,canonical,0,10,0.0
exp12_docs_code_00,docs_code,canonical,0,11,0.0
exp12_docs_code_00,docs_code,canonical,0,12,0.0
exp12_docs_code_00,docs_code,canonical,0,13,0.0
exp12_docs_code_00,docs_code,canonical,0,14,0.0
exp12_docs_code_00,docs_code,canonical,0,15,0.0
exp12_docs_code_00,docs_code,canonical,0,16,0.0
exp12_docs_code_00,docs_code,canonical,0,17,0.0
exp12_docs_code_00,docs_code,canonical,0,18,0.0
exp12_docs_code_00,docs_code,canonical,0,19,0.0
exp12_docs_code_00,docs_code,canonical,0,20,0.0
exp12_docs_code_00,docs_code,canonical,0,21,0.0
exp12_docs_code_00,docs_code,canonical,0,22,0.0
exp12_docs_code_00,docs_code,canonical,0,23,0.0
exp12_docs_code_00,docs_code,canonical,0,24,0.0
exp12_docs_code_00,docs_code,canonical,0,25,0.0
exp12_docs_code_00,docs_code,canonical,0,26,0.0
exp12_docs_code_00,docs_code,canonical,0,27,0.0
exp12_docs_code_00,docs_code,paraphrase,0,0,-0.008640541695058346
exp12_docs_code_00,docs_code,paraphrase,0,1,-0.008507848251610994
exp12_docs_code_00,docs_code,paraphrase,0,2,0.0001432322897017002
exp12_docs_code_00,docs_code,paraphrase,0,3,0.018151518888771534
exp12_docs_code_00,docs_code,paraphrase,0,4,-0.008867499884217978
exp12_docs_code_00,docs_code,paraphrase,0,5,0.01781904697418213
exp12_docs_code_00,docs_code,paraphrase,0,6,-0.03617205657064915
exp12_docs_code_00,docs_code,paraphrase,0,7,0.0
exp12_docs_code_00,docs_code,paraphrase,0,8,0.0
exp12_docs_code_00,docs_code,paraphrase,0,9,0.0
exp12_docs_code_00,docs_code,paraphrase,0,10,0.0
exp12_docs_code_00,docs_code,paraphrase,0,11,0.0
exp12_docs_code_00,docs_code,paraphrase,0,12,0.0
exp12_docs_code_00,docs_code,paraphrase,0,13,0.0
exp12_docs_code_00,docs_code,paraphrase,0,14,0.0
exp12_docs_code_00,docs_code,paraphrase,0,15,0.0
exp12_docs_code_00,docs_code,paraphrase,0,16,0.0
exp12_docs_code_00,docs_code,paraphrase,0,17,0.0
exp12_docs_code_00,docs_code,paraphrase,0,18,0.0
exp12_docs_code_00,docs_code,paraphrase,0,19,0.0
exp12_docs_code_00,docs_code,paraphrase,0,20,0.0
exp12_docs_code_00,docs_code,paraphrase,0,21,0.0
exp12_docs_code_00,docs_code,paraphrase,0,22,0.0
exp12_docs_code_00,docs_code,paraphrase,0,23,0.0
exp12_docs_code_00,docs_code,paraphrase,0,24,0.0
exp12_docs_code_00,docs_code,paraphrase,0,25,0.0
exp12_docs_code_00,docs_code,paraphrase,0,26,0.0
exp12_docs_code_00,docs_code,paraphrase,0,27,0.0
exp12_docs_code_00,docs_code,canonical,1,0,-0.005720870336517692
exp12_docs_code_00,docs_code,canonical,1,1,-0.011610673042014241
exp12_docs_code_00,docs_code,canonical,1,2,-0.02299994882196188
exp12_docs_code_00,docs_code,canonical,1,3,-0.005713805323466659
exp12_docs_code_00,docs_code,canonical,1,4,-0.0001117486972361803
exp12_docs_code_00,docs_code,canonical,1,5,-0.022953442996367812
exp12_docs_code_00,docs_code,canonical,1,6,-0.005788301350548863
exp12_docs_code_00,docs_code,canonical,1,7,-0.0
exp12_docs_code_00,docs_code,canonical,1,8,-0.0
exp12_docs_code_00,docs_code,canonical,1,9,-0.0
exp12_docs_code_00,docs_code,canonical,1,10,-0.0
exp12_docs_code_00,docs_code,canonical,1,11,-0.0
exp12_docs_code_00,docs_code,canonical,1,12,-0.0
exp12_docs_code_00,docs_code,canonical,1,13,-0.0
exp12_docs_code_00,docs_code,canonical,1,14,-0.0
exp12_docs_code_00,docs_code,canonical,1,15,-0.0
exp12_docs_code_00,docs_code,canonical,1,16,-0.0
exp12_docs_code_00,docs_code,canonical,1,17,-0.0
exp12_docs_code_00,docs_code,canonical,1,18,-0.0
exp12_docs_code_00,docs_code,canonical,1,19,-0.0
exp12_docs_code_00,docs_code,canonical,1,20,-0.0
exp12_docs_code_00,docs_code,canonical,1,21,-0.0
exp12_docs_code_00,docs_code,canonical,1,22,-0.0
exp12_docs_code_00,docs_code,canonical,1,23,-0.0
exp12_docs_code_00,docs_code,canonical,1,24,-0.0
exp12_docs_code_00,docs_code,canonical,1,25,-0.0
exp12_docs_code_00,docs_code,canonical,1,26,-0.0
exp12_docs_code_00,docs_code,canonical,1,27,-0.0
exp12_docs_code_00,docs_code,paraphrase,1,0,0.00571568903978914
exp12_docs_code_00,docs_code,paraphrase,1,1,0.005713526799809188
exp12_docs_code_00,docs_code,paraphrase,1,2,0.005703405011445284
exp12_docs_code_00,docs_code,paraphrase,1,3,0.011372968670912087
exp12_docs_code_00,docs_code,paraphrase,1,4,0.005701060756109655
exp12_docs_code_00,docs_code,paraphrase,1,5,0.017062522820197046
exp12_docs_code_00,docs_code,paraphrase,1,6,4.463770892471075e-06
exp12_docs_code_00,docs_code,paraphrase,1,7,-0.0
exp12_docs_code_00,docs_code,paraphrase,1,8,-0.0
exp12_docs_code_00,docs_code,paraphrase,1,9,-0.0
exp12_docs_code_00,docs_code,paraphrase,1,10,-0.0
exp12_docs_code_00,docs_code,paraphrase,1,11,-0.0
exp12_docs_code_00,docs_code,paraphrase,1,12,-0.0
exp12_docs_code_00,docs_code,paraphrase,1,13,-0.0
exp12_docs_code_00,docs_code,paraphrase,1,14,-0.0
exp12_docs_code_00,docs_code,paraphrase,1,15,-0.0
exp12_docs_code_00,docs_code,paraphrase,1,16,-0.0
exp12_docs_code_00,docs_code,paraphrase,1,17,-0.0
exp12_docs_code_00,docs_code,paraphrase,1,18,-0.0
exp12_docs_code_00,docs_code,paraphrase,1,19,-0.0
exp12_docs_code_00,docs_code,paraphrase,1,20,-0.0
exp12_docs_code_00,docs_code,paraphrase,1,21,-0.0
exp12_docs_code_00,docs_code,paraphrase,1,22,-0.0
exp12_docs_code_00,docs_code,paraphrase,1,23,-0.0
exp12_docs_code_00,docs_code,paraphrase,1,24,-0.0
exp12_docs_code_00,docs_code,paraphrase,1,25,-0.0
exp12_docs_code_00,docs_code,paraphrase,1,26,-0.0
exp12_docs_code_00,docs_code,paraphrase,1,27,-0.0
exp12_docs_code_01,docs_code,canonical,0,0,0.03570825094357133
exp12_docs_code_01,docs_code,canonical,0,1,0.017847933806478977
exp12_docs_code_01,docs_code,canonical,0,2,0.008923307905206457
exp12_docs_code_01,docs_code,canonical,0,3,0.017850325006293133
exp12_docs_code_01,docs_code,canonical,0,4,0.008925589645514265
exp12_docs_code_01,docs_code,canonical,0,5,-8.548289770260453e-06
exp12_docs_code_01,docs_code,canonical,0,6,0.008933240053011104
exp12_docs_code_01,docs_code,canonical,0,7,0.0
exp12_docs_code_01,docs_code,canonical,0,8,0.0
exp12_docs_code_01,docs_code,canonical,0,9,0.0
exp12_docs_code_01,docs_code,canonical,0,10,0.0
exp12_docs_code_01,docs_code,canonical,0,11,0.0
exp12_docs_code_01,docs_code,canonical,0,12,0.0
exp12_docs_code_01,docs_code,canonical,0,13,0.0
exp12_docs_code_01,docs_code,canonical,0,14,0.0
exp12_docs_code_01,docs_code,canonical,0,15,0.0
exp12_docs_code_01,docs_code,canonical,0,16,0.0
exp12_docs_code_01,docs_code,canonical,0,17,0.0
exp12_docs_code_01,docs_code,canonical,0,18,0.0
exp12_docs_code_01,docs_code,canonical,0,19,0.0
exp12_docs_code_01,docs_code,canonical,0,20,0.0
exp12_docs_code_01,docs_code,canonical,0,21,0.0
exp12_docs_code_01,docs_code,canonical,0,22,0.0
exp12_docs_code_01,docs_code,canonical,0,23,0.0
exp12_docs_code_01,docs_code,canonical,0,24,0.0
exp12_docs_code_01,docs_code,canonical,0,25,0.0
exp12_docs_code_01,docs_code,canonical,0,26,0.0
exp12_docs_code_01,docs_code,canonical,0,27,0.0
exp12_docs_code_01,docs_code,paraphrase,0,0,-0.03533886419609189
exp12_docs_code_01,docs_code,paraphrase,0,1,-0.017529873410239816
exp12_docs_code_01,docs_code,paraphrase,0,2,-0.01756574586033821
exp12_docs_code_01,docs_code,paraphrase,0,3,-0.008616728242486715
exp12_docs_code_01,docs_code,paraphrase,0,4,-0.026766605209559202
exp12_docs_code_01,docs_code,paraphrase,0,5,0.026875468902289867
exp12_docs_code_01,docs_code,paraphrase,0,6,-0.04460997995920479
exp12_docs_code_01,docs_code,paraphrase,0,7,0.0
exp12_docs_code_01,docs_code,paraphrase,0,8,0.0
exp12_docs_code_01,docs_code,paraphrase,0,9,0.0
exp12_docs_code_01,docs_code,paraphrase,0,10,0.0
exp12_docs_code_01,docs_code,paraphrase,0,11,0.0
exp12_docs_code_01,docs_code,paraphrase,0,12,0.0
exp12_docs_code_01,docs_code,paraphrase,0,13,0.0
exp12_docs_code_01,docs_code,paraphrase,0,14,0.0
exp12_docs_code_01,docs_code,paraphrase,0,15,0.0
exp12_docs_code_01,docs_code,paraphrase,0,16,0.0
exp12_docs_code_01,docs_code,paraphrase,0,17,0.0
exp12_docs_code_01,docs_code,paraphrase,0,18,0.0
exp12_docs_code_01,docs_code,paraphrase,0,19,0.0
exp12_docs_code_01,docs_code,paraphrase,0,20,0.0
exp12_docs_code_01,docs_code,paraphrase,0,21,0.0
exp12_docs_code_01,docs_code,paraphrase,0,22,0.0
exp12_docs_code_01,docs_code,paraphrase,0,23,0.0
exp12_docs_code_01,docs_code,paraphrase,0,24,0.0
exp12_docs_code_01,docs_code,paraphrase,0,25,0.0
exp12_docs_code_01,docs_code,paraphrase,0,26,0.0
exp12_docs_code_01,docs_code,paraphrase,0,27,0.0
exp12_docs_code_01,docs_code,canonical,1,0,-0.007506080204620957
exp12_docs_code_01,docs_code,canonical,1,1,-0.007774168625473976
exp12_docs_code_01,docs_code,canonical,1,2,-0.0074279773980379105
exp12_docs_code_01,docs_code,canonical,1,3,0.0003841547295451164
exp12_docs_code_01,docs_code,canonical,1,4,0.00027509359642863274
exp12_docs_code_01,docs_code,canonical,1,5,-0.007699597859755158
exp12_docs_code_01,docs_code,canonical,1,6,0.007931844098493457
exp12_docs_code_01,docs_code,canonical,1,7,-0.0
exp12_docs_code_01,docs_code,canonical,1,8,-0.0
exp12_docs_code_01,docs_code,canonical,1,9,-0.0
exp12_docs_code_01,docs_code,canonical,1,10,-0.0
exp12_docs_code_01,docs_code,canonical,1,11,-0.0
exp12_docs_code_01,docs_code,canonical,1,12,-0.0
exp12_docs_code_01,docs_code,canonical,1,13,-0.0
exp12_docs_code_01,docs_code,canonical,1,14,-0.0
exp12_docs_code_01,docs_code,canonical,1,15,-0.0
exp12_docs_code_01,docs_code,canonical,1,16,-0.0
exp12_docs_code_01,docs_code,canonical,1,17,-0.0
exp12_docs_code_01,docs_code,canonical,1,18,-0.0
exp12_docs_code_01,docs_code,canonical,1,19,-0.0
exp12_docs_code_01,docs_code,canonical,1,20,-0.0
exp12_docs_code_01,docs_code,canonical,1,21,-0.0
exp12_docs_code_01,docs_code,canonical,1,22,-0.0
exp12_docs_code_01,docs_code,canonical,1,23,-0.0
exp12_docs_code_01,docs_code,canonical,1,24,-0.0
exp12_docs_code_01,docs_code,canonical,1,25,-0.0
exp12_docs_code_01,docs_code,canonical,1,26,-0.0
exp12_docs_code_01,docs_code,canonical,1,27,-0.0
exp12_docs_code_01,docs_code,paraphrase,1,0,-0.0312727332348004
exp12_docs_code_01,docs_code,paraphrase,1,1,-0.03125970461405814
exp12_docs_code_01,docs_code,paraphrase,1,2,-0.03126278007403016
exp12_docs_code_01,docs_code,paraphrase,1,3,9.176437743008137e-07
exp12_docs_code_01,docs_code,paraphrase,1,4,-0.015640752448234707
exp12_docs_code_01,docs_code,paraphrase,1,5,0.0312510717776604
exp12_docs_code_01,docs_code,paraphrase,1,6,-0.015641457692254335
exp12_docs_code_01,docs_code,paraphrase,1,7,-0.0
exp12_docs_code_01,docs_code,paraphrase,1,8,-0.0
exp12_docs_code_01,docs_code,paraphrase,1,9,-0.0
exp12_docs_code_01,docs_code,paraphrase,1,10,-0.0
exp12_docs_code_01,docs_code,paraphrase,1,11,-0.0
exp12_docs_code_01,docs_code,paraphrase,1,12,-0.0
exp12_docs_code_01,docs_code,paraphrase,1,13,-0.0
exp12_docs_code_01,docs_code,paraphrase,1,14,-0.0
exp12_docs_code_01,docs_code,paraphrase,1,15,-0.0
exp12_docs_code_01,docs_code,paraphrase,1,16,-0.0
exp12_docs_code_01,docs_code,paraphrase,1,17,-0.0
exp12_docs_code_01,docs_code,paraphrase,1,18,-0.0
exp12_docs_code_01,docs_code,paraphrase,1,19,-0.0
exp12_docs_code_01,docs_code,paraphrase,1,20,-0.0
exp12_docs_code_01,docs_code,paraphrase,1,21,-0.0
exp12_docs_code_01,docs_code,paraphrase,1,22,-0.0
exp12_docs_code_01,docs_code,paraphrase,1,23,-0.0
exp12_docs_code_01,docs_code,paraphrase,1,24,-0.0
exp12_docs_code_01,docs_code,paraphrase,1,25,-0.0
exp12_docs_code_01,docs_code,paraphrase,1,26,-0.0
exp12_docs_code_01,docs_code,paraphrase,1,27,-0.0
exp12_docs_code_03,docs_code,canonical,0,0,-0.01573550794273615
exp12_docs_code_03,docs_code,canonical,0,1,2.6592984795570374e-05
exp12_docs_code_03,docs_code,canonical,0,2,-0.015924356877803802
exp12_docs_code_03,docs_code,canonical,0,3,-2.321600914001465e-05
exp12_docs_code_03,docs_code,canonical,0,4,-0.01580127328634262
exp12_docs_code_03,docs_code,canonical,0,5,-0.015752342529594898
exp12_docs_code_03,docs_code,canonical,0,6,-0.015753161162137985
exp12_docs_code_03,docs_code,canonical,0,7,0.0
exp12_docs_code_03,docs_code,canonical,0,8,0.0
exp12_docs_code_03,docs_code,canonical,0,9,0.0
exp12_docs_code_03,docs_code,canonical,0,10,0.0
exp12_docs_code_03,docs_code,canonical,0,11,0.0
exp12_docs_code_03,docs_code,canonical,0,12,0.0
exp12_docs_code_03,docs_code,canonical,0,13,0.0
exp12_docs_code_03,docs_code,canonical,0,14,0.0
exp12_docs_code_03,docs_code,canonical,0,15,0.0
exp12_docs_code_03,docs_code,canonical,0,16,0.0
exp12_docs_code_03,docs_code,canonical,0,17,0.0
exp12_docs_code_03,docs_code,canonical,0,18,0.0
exp12_docs_code_03,docs_code,canonical,0,19,0.0
exp12_docs_code_03,docs_code,canonical,0,20,0.0
exp12_docs_code_03,docs_code,canonical,0,21,0.0
exp12_docs_code_03,docs_code,canonical,0,22,0.0
exp12_docs_code_03,docs_code,canonical,0,23,0.0
exp12_docs_code_03,docs_code,canonical,0,24,0.0
exp12_docs_code_03,docs_code,canonical,0,25,0.0
exp12_docs_code_03,docs_code,canonical,0,26,0.0
exp12_docs_code_03,docs_code,canonical,0,27,0.0
exp12_docs_code_03,docs_code,paraphrase,0,0,0.01870955526828766
exp12_docs_code_03,docs_code,paraphrase,0,1,0.01811320334672928
exp12_docs_code_03,docs_code,paraphrase,0,2,0.0010417178273200989
exp12_docs_code_03,docs_code,paraphrase,0,3,0.01766112446784973
exp12_docs_code_03,docs_code,paraphrase,0,4,0.0188133642077446
exp12_docs_code_03,docs_code,paraphrase,0,5,0.01827707141637802
exp12_docs_code_03,docs_code,paraphrase,0,6,0.00222691148519516
exp12_docs_code_03,docs_code,paraphrase,0,7,0.0
exp12_docs_code_03,docs_code,paraphrase,0,8,0.0
exp12_docs_code_03,docs_code,paraphrase,0,9,0.0
exp12_docs_code_03,docs_code,paraphrase,0,10,0.0
exp12_docs_code_03,docs_code,paraphrase,0,11,0.0
exp12_docs_code_03,docs_code,paraphrase,0,12,0.0
exp12_docs_code_03,docs_code,paraphrase,0,13,0.0
exp12_docs_code_03,docs_code,paraphrase,0,14,0.0
exp12_docs_code_03,docs_code,paraphrase,0,15,0.0
exp12_docs_code_03,docs_code,paraphrase,0,16,0.0
exp12_docs_code_03,docs_code,paraphrase,0,17,0.0
exp12_docs_code_03,docs_code,paraphrase,0,18,0.0
exp12_docs_code_03,docs_code,paraphrase,0,19,0.0
exp12_docs_code_03,docs_code,paraphrase,0,20,0.0
exp12_docs_code_03,docs_code,paraphrase,0,21,0.0
exp12_docs_code_03,docs_code,paraphrase,0,22,0.0
exp12_docs_code_03,docs_code,paraphrase,0,23,0.0
exp12_docs_code_03,docs_code,paraphrase,0,24,0.0
exp12_docs_code_03,docs_code,paraphrase,0,25,0.0
exp12_docs_code_03,docs_code,paraphrase,0,26,0.0
exp12_docs_code_03,docs_code,paraphrase,0,27,0.0
exp12_docs_code_03,docs_code,canonical,1,0,-9.733578190207481e-05
exp12_docs_code_03,docs_code,canonical,1,1,0.02067165682092309
exp12_docs_code_03,docs_code,canonical,1,2,-0.020773285999894142
exp12_docs_code_03,docs_code,canonical,1,3,0.0001028641127049923
exp12_docs_code_03,docs_code,canonical,1,4,3.477092832326889e-06
exp12_docs_code_03,docs_code,canonical,1,5,-0.03127879602834582
exp12_docs_code_03,docs_code,canonical,1,6,-0.0001496453769505024
exp12_docs_code_03,docs_code,canonical,1,7,-0.0
exp12_docs_code_03,docs_code,canonical,1,8,-0.0
exp12_docs_code_03,docs_code,canonical,1,9,-0.0
exp12_docs_code_03,docs_code,canonical,1,10,-0.0
exp12_docs_code_03,docs_code,canonical,1,11,-0.0
exp12_docs_code_03,docs_code,canonical,1,12,-0.0
exp12_docs_code_03,docs_code,canonical,1,13,-0.0
exp12_docs_code_03,docs_code,canonical,1,14,-0.0
exp12_docs_code_03,docs_code,canonical,1,15,-0.0
exp12_docs_code_03,docs_code,canonical,1,16,-0.0
exp12_docs_code_03,docs_code,canonical,1,17,-0.0
exp12_docs_code_03,docs_code,canonical,1,18,-0.0
exp12_docs_code_03,docs_code,canonical,1,19,-0.0
exp12_docs_code_03,docs_code,canonical,1,20,-0.0
exp12_docs_code_03,docs_code,canonical,1,21,-0.0
exp12_docs_code_03,docs_code,canonical,1,22,-0.0
exp12_docs_code_03,docs_code,canonical,1,23,-0.0
exp12_docs_code_03,docs_code,canonical,1,24,-0.0
exp12_docs_code_03,docs_code,canonical,1,25,-0.0
exp12_docs_code_03,docs_code,canonical,1,26,-0.0
exp12_docs_code_03,docs_code,canonical,1,27,-0.0
exp12_docs_code_03,docs_code,paraphrase,1,0,0.020764595130458474
exp12_docs_code_03,docs_code,paraphrase,1,1,0.02081906085368246
exp12_docs_code_03,docs_code,paraphrase,1,2,0.020793904666788876
exp12_docs_code_03,docs_code,paraphrase,1,3,0.020785118453204632
exp12_docs_code_03,docs_code,paraphrase,1,4,2.259074244648218e-05
exp12_docs_code_03,docs_code,paraphrase,1,5,0.020820432691834867
exp12_docs_code_03,docs_code,paraphrase,1,6,-2.8624781407415867e-05
exp12_docs_code_03,docs_code,paraphrase,1,7,-0.0
exp12_docs_code_03,docs_code,paraphrase,1,8,-0.0
exp12_docs_code_03,docs_code,paraphrase,1,9,-0.0
exp12_docs_code_03,docs_code,paraphrase,1,10,-0.0
exp12_docs_code_03,docs_code,paraphrase,1,11,-0.0
exp12_docs_code_03,docs_code,paraphrase,1,12,-0.0
exp12_docs_code_03,docs_code,paraphrase,1,13,-0.0
exp12_docs_code_03,docs_code,paraphrase,1,14,-0.0
exp12_docs_code_03,docs_code,paraphrase,1,15,-0.0
exp12_docs_code_03,docs_code,paraphrase,1,16,-0.0
exp12_docs_code_03,docs_code,paraphrase,1,17,-0.0
exp12_docs_code_03,docs_code,paraphrase,1,18,-0.0
exp12_docs_code_03,docs_code,paraphrase,1,19,-0.0
exp12_docs_code_03,docs_code,paraphrase,1,20,-0.0
exp12_docs_code_03,docs_code,paraphrase,1,21,-0.0
exp12_docs_code_03,docs_code,paraphrase,1,22,-0.0
exp12_docs_code_03,docs_code,paraphrase,1,23,-0.0
exp12_docs_code_03,docs_code,paraphrase,1,24,-0.0
exp12_docs_code_03,docs_code,paraphrase,1,25,-0.0
exp12_docs_code_03,docs_code,paraphrase,1,26,-0.0
exp12_docs_code_03,docs_code,paraphrase,1,27,-0.0
exp12_docs_code_08,docs_code,canonical,0,0,-0.008914557925891131
exp12_docs_code_08,docs_code,canonical,0,1,0.008935846854001284
exp12_docs_code_08,docs_code,canonical,0,2,0.017862853303086013
exp12_docs_code_08,docs_code,canonical,0,3,6.898189894855022e-07
exp12_docs_code_08,docs_code,canonical,0,4,0.008975142787676305
exp12_docs_code_08,docs_code,canonical,0,5,2.13274615816772e-05
exp12_docs_code_08,docs_code,canonical,0,6,0.008916100661735982
exp12_docs_code_08,docs_code,canonical,0,7,0.0
exp12_docs_code_08,docs_code,canonical,0,8,0.0
exp12_docs_code_08,docs_code,canonical,0,9,0.0
exp12_docs_code_08,docs_code,canonical,0,10,0.0
exp12_docs_code_08,docs_code,canonical,0,11,0.0
exp12_docs_code_08,docs_code,canonical,0,12,0.0
exp12_docs_code_08,docs_code,canonical,0,13,0.0
exp12_docs_code_08,docs_code,canonical,0,14,0.0
exp12_docs_code_08,docs_code,canonical,0,15,0.0
exp12_docs_code_08,docs_code,canonical,0,16,0.0
exp12_docs_code_08,docs_code,canonical,0,17,0.0
exp12_docs_code_08,docs_code,canonical,0,18,0.0
exp12_docs_code_08,docs_code,canonical,0,19,0.0
exp12_docs_code_08,docs_code,canonical,0,20,0.0
exp12_docs_code_08,docs_code,canonical,0,21,0.0
exp12_docs_code_08,docs_code,canonical,0,22,0.0
exp12_docs_code_08,docs_code,canonical,0,23,0.0
exp12_docs_code_08,docs_code,canonical,0,24,0.0
exp12_docs_code_08,docs_code,canonical,0,25,0.0
exp12_docs_code_08,docs_code,canonical,0,26,0.0
exp12_docs_code_08,docs_code,canonical,0,27,0.0
exp12_docs_code_08,docs_code,paraphrase,0,0,-5.288049578666687e-06
exp12_docs_code_08,docs_code,paraphrase,0,1,0.008881314657628536
exp12_docs_code_08,docs_code,paraphrase,0,2,0.017747889971360564
exp12_docs_code_08,docs_code,paraphrase,0,3,0.01781851169653237
exp12_docs_code_08,docs_code,paraphrase,0,4,-0.008900677552446723
exp12_docs_code_08,docs_code,paraphrase,0,5,0.026799113489687443
exp12_docs_code_08,docs_code,paraphrase,0,6,-0.008890791097655892
exp12_docs_code_08,docs_code,paraphrase,0,7,0.0
exp12_docs_code_08,docs_code,paraphrase,0,8,0.0
exp12_docs_code_08,docs_code,paraphrase,0,9,0.0
exp12_docs_code_08,docs_code,paraphrase,0,10,0.0
exp12_docs_code_08,docs_code,paraphrase,0,11,0.0
exp12_docs_code_08,docs_code,paraphrase,0,12,0.0
exp12_docs_code_08,docs_code,paraphrase,0,13,0.0
exp12_docs_code_08,docs_code,paraphrase,0,14,0.0
exp12_docs_code_08,docs_code,paraphrase,0,15,0.0
exp12_docs_code_08,docs_code,paraphrase,0,16,0.0
exp12_docs_code_08,docs_code,paraphrase,0,17,0.0
exp12_docs_code_08,docs_code,paraphrase,0,18,0.0
exp12_docs_code_08,docs_code,paraphrase,0,19,0.0
exp12_docs_code_08,docs_code,paraphrase,0,20,0.0
exp12_docs_code_08,docs_code,paraphrase,0,21,0.0
exp12_docs_code_08,docs_code,paraphrase,0,22,0.0
exp12_docs_code_08,docs_code,paraphrase,0,23,0.0
exp12_docs_code_08,docs_code,paraphrase,0,24,0.0
exp12_docs_code_08,docs_code,paraphrase,0,25,0.0
exp12_docs_code_08,docs_code,paraphrase,0,26,0.0
exp12_docs_code_08,docs_code,paraphrase,0,27,0.0
exp12_docs_code_08,docs_code,canonical,1,0,0.012847267091274261
exp12_docs_code_08,docs_code,canonical,1,1,0.00667043449357152
exp12_docs_code_08,docs_code,canonical,1,2,0.012621195055544376
exp12_docs_code_08,docs_code,canonical,1,3,0.00016451533883810043
exp12_docs_code_08,docs_code,canonical,1,4,0.01268260134384036
exp12_docs_code_08,docs_code,canonical,1,5,-0.006163738202303648
exp12_docs_code_08,docs_code,canonical,1,6,0.012861405033618212
exp12_docs_code_08,docs_code,canonical,1,7,-0.0
exp12_docs_code_08,docs_code,canonical,1,8,-0.0
exp12_docs_code_08,docs_code,canonical,1,9,-0.0
exp12_docs_code_08,docs_code,canonical,1,10,-0.0
exp12_docs_code_08,docs_code,canonical,1,11,-0.0
exp12_docs_code_08,docs_code,canonical,1,12,-0.0
exp12_docs_code_08,docs_code,canonical,1,13,-0.0
exp12_docs_code_08,docs_code,canonical,1,14,-0.0
exp12_docs_code_08,docs_code,canonical,1,15,-0.0
exp12_docs_code_08,docs_code,canonical,1,16,-0.0
exp12_docs_code_08,docs_code,canonical,1,17,-0.0
exp12_docs_code_08,docs_code,canonical,1,18,-0.0
exp12_docs_code_08,docs_code,canonical,1,19,-0.0
exp12_docs_code_08,docs_code,canonical,1,20,-0.0
exp12_docs_code_08,docs_code,canonical,1,21,-0.0
exp12_docs_code_08,docs_code,canonical,1,22,-0.0
exp12_docs_code_08,docs_code,canonical,1,23,-0.0
exp12_docs_code_08,docs_code,canonical,1,24,-0.0
exp12_docs_code_08,docs_code,canonical,1,25,-0.0
exp12_docs_code_08,docs_code,canonical,1,26,-0.0
exp12_docs_code_08,docs_code,canonical,1,27,-0.0
exp12_docs_code_08,docs_code,paraphrase,1,0,-0.006247264565899968
exp12_docs_code_08,docs_code,paraphrase,1,1,-0.01881277875509113
exp12_docs_code_08,docs_code,paraphrase,1,2,-0.006255778716877103
exp12_docs_code_08,docs_code,paraphrase,1,3,0.01252516801469028
exp12_docs_code_08,docs_code,paraphrase,1,4,-0.018826104584150016
exp12_docs_code_08,docs_code,paraphrase,1,5,0.018743207911029458
exp12_docs_code_08,docs_code,paraphrase,1,6,-0.006245617521926761
exp12_docs_code_08,docs_code,paraphrase,1,7,-0.0
exp12_docs_code_08,docs_code,paraphrase,1,8,-0.0
exp12_docs_code_08,docs_code,paraphrase,1,9,-0.0
exp12_docs_code_08,docs_code,paraphrase,1,10,-0.0
exp12_docs_code_08,docs_code,paraphrase,1,11,-0.0
exp12_docs_code_08,docs_code,paraphrase,1,12,-0.0
exp12_docs_code_08,docs_code,paraphrase,1,13,-0.0
exp12_docs_code_08,docs_code,paraphrase,1,14,-0.0
exp12_docs_code_08,docs_code,paraphrase,1,15,-0.0
exp12_docs_code_08,docs_code,paraphrase,1,16,-0.0
exp12_docs_code_08,docs_code,paraphrase,1,17,-0.0
exp12_docs_code_08,docs_code,paraphrase,1,18,-0.0
exp12_docs_code_08,docs_code,paraphrase,1,19,-0.0
exp12_docs_code_08,docs_code,paraphrase,1,20,-0.0
exp12_docs_code_08,docs_code,paraphrase,1,21,-0.0
exp12_docs_code_08,docs_code,paraphrase,1,22,-0.0
exp12_docs_code_08,docs_code,paraphrase,1,23,-0.0
exp12_docs_code_08,docs_code,paraphrase,1,24,-0.0
exp12_docs_code_08,docs_code,paraphrase,1,25,-0.0
exp12_docs_code_08,docs_code,paraphrase,1,26,-0.0
exp12_docs_code_08,docs_code,paraphrase,1,27,-0.0
exp12_docs_code_09,docs_code,canonical,0,0,2.035347279161215e-06
exp12_docs_code_09,docs_code,canonical,0,1,-0.007810364244505763
exp12_docs_code_09,docs_code,canonical,0,2,0.01567109045572579
exp12_docs_code_09,docs_code,canonical,0,3,-0.00781501893652603
exp12_docs_code_09,docs_code,canonical,0,4,0.007808122842106968
exp12_docs_code_09,docs_code,canonical,0,5,0.015616562333889306
exp12_docs_code_09,docs_code,canonical,0,6,0.015613690193276852
exp12_docs_code_09,docs_code,canonical,0,7,0.0
exp12_docs_code_09,docs_code,canonical,0,8,0.0
exp12_docs_code_09,docs_code,canonical,0,9,0.0
exp12_docs_code_09,docs_code,canonical,0,10,0.0
exp12_docs_code_09,docs_code,canonical,0,11,0.0
exp12_docs_code_09,docs_code,canonical,0,12,0.0
exp12_docs_code_09,docs_code,canonical,0,13,0.0
exp12_docs_code_09,docs_code,canonical,0,14,0.0
exp12_docs_code_09,docs_code,canonical,0,15,0.0
exp12_docs_code_09,docs_code,canonical,0,16,0.0
exp12_docs_code_09,docs_code,canonical,0,17,0.0
exp12_docs_code_09,docs_code,canonical,0,18,0.0
exp12_docs_code_09,docs_code,canonical,0,19,0.0
exp12_docs_code_09,docs_code,canonical,0,20,0.0
exp12_docs_code_09,docs_code,canonical,0,21,0.0
exp12_docs_code_09,docs_code,canonical,0,22,0.0
exp12_docs_code_09,docs_code,canonical,0,23,0.0
exp12_docs_code_09,docs_code,canonical,0,24,0.0
exp12_docs_code_09,docs_code,canonical,0,25,0.0
exp12_docs_code_09,docs_code,canonical,0,26,0.0
exp12_docs_code_09,docs_code,canonical,0,27,0.0
exp12_docs_code_09,docs_code,paraphrase,0,0,9.100418537855148e-06
exp12_docs_code_09,docs_code,paraphrase,0,1,0.007899988442659378
exp12_docs_code_09,docs_code,paraphrase,0,2,-0.0077910469844937325
exp12_docs_code_09,docs_code,paraphrase,0,3,0.03125102212652564
exp12_docs_code_09,docs_code,paraphrase,0,4,-0.007824440021067858
exp12_docs_code_09,docs_code,paraphrase,0,5,0.039155440870672464
exp12_docs_code_09,docs_code,paraphrase,0,6,-0.03125520842149854
exp12_docs_code_09,docs_code,paraphrase,0,7,0.0
exp12_docs_code_09,docs_code,paraphrase,0,8,0.0
exp12_docs_code_09,docs_code,paraphrase,0,9,0.0
exp12_docs_code_09,docs_code,paraphrase,0,10,0.0
exp12_docs_code_09,docs_code,paraphrase,0,11,0.0
exp12_docs_code_09,docs_code,paraphrase,0,12,0.0
exp12_docs_code_09,docs_code,paraphrase,0,13,0.0
exp12_docs_code_09,docs_code,paraphrase,0,14,0.0
exp12_docs_code_09,docs_code,paraphrase,0,15,0.0
exp12_docs_code_09,docs_code,paraphrase,0,16,0.0
exp12_docs_code_09,docs_code,paraphrase,0,17,0.0
exp12_docs_code_09,docs_code,paraphrase,0,18,0.0
exp12_docs_code_09,docs_code,paraphrase,0,19,0.0
exp12_docs_code_09,docs_code,paraphrase,0,20,0.0
exp12_docs_code_09,docs_code,paraphrase,0,21,0.0
exp12_docs_code_09,docs_code,paraphrase,0,22,0.0
exp12_docs_code_09,docs_code,paraphrase,0,23,0.0
exp12_docs_code_09,docs_code,paraphrase,0,24,0.0
exp12_docs_code_09,docs_code,paraphrase,0,25,0.0
exp12_docs_code_09,docs_code,paraphrase,0,26,0.0
exp12_docs_code_09,docs_code,paraphrase,0,27,0.0
exp12_docs_code_09,docs_code,canonical,1,0,-0.012770907254889607
exp12_docs_code_09,docs_code,canonical,1,1,-0.01886482024565339
exp12_docs_code_09,docs_code,canonical,1,2,-0.019026848953217268
exp12_docs_code_09,docs_code,canonical,1,3,-0.00019924272783100605
exp12_docs_code_09,docs_code,canonical,1,4,-0.006335576297715306
exp12_docs_code_09,docs_code,canonical,1,5,-0.006519893649965525
exp12_docs_code_09,docs_code,canonical,1,6,-0.00022244779393076897
exp12_docs_code_09,docs_code,canonical,1,7,-0.0
exp12_docs_code_09,docs_code,canonical,1,8,-0.0
exp12_docs_code_09,docs_code,canonical,1,9,-0.0
exp12_docs_code_09,docs_code,canonical,1,10,-0.0
exp12_docs_code_09,docs_code,canonical,1,11,-0.0
exp12_docs_code_09,docs_code,canonical,1,12,-0.0
exp12_docs_code_09,docs_code,canonical,1,13,-0.0
exp12_docs_code_09,docs_code,canonical,1,14,-0.0
exp12_docs_code_09,docs_code,canonical,1,15,-0.0
exp12_docs_code_09,docs_code,canonical,1,16,-0.0
exp12_docs_code_09,docs_code,canonical,1,17,-0.0
exp12_docs_code_09,docs_code,canonical,1,18,-0.0
exp12_docs_code_09,docs_code,canonical,1,19,-0.0
exp12_docs_code_09,docs_code,canonical,1,20,-0.0
exp12_docs_code_09,docs_code,canonical,1,21,-0.0
exp12_docs_code_09,docs_code,canonical,1,22,-0.0
exp12_docs_code_09,docs_code,canonical,1,23,-0.0
exp12_docs_code_09,docs_code,canonical,1,24,-0.0
exp12_docs_code_09,docs_code,canonical,1,25,-0.0
exp12_docs_code_09,docs_code,canonical,1,26,-0.0
exp12_docs_code_09,docs_code,canonical,1,27,-0.0
exp12_docs_code_09,docs_code,paraphrase,1,0,-0.006201400596182793
exp12_docs_code_09,docs_code,paraphrase,1,1,0.006260334106627852
exp12_docs_code_09,docs_code,paraphrase,1,2,-0.006204490957316011
exp12_docs_code_09,docs_code,paraphrase,1,3,0.018788328568916768
exp12_docs_code_09,docs_code,paraphrase,1,4,-0.006234839849639684
exp12_docs_code_09,docs_code,paraphrase,1,5,0.03754349728114903
exp12_docs_code_09,docs_code,paraphrase,1,6,-0.01876406976953149
exp12_docs_code_09,docs_code,paraphrase,1,7,-0.0
exp12_docs_code_09,docs_code,paraphrase,1,8,-0.0
exp12_docs_code_09,docs_code,paraphrase,1,9,-0.0
exp12_docs_code_09,docs_code,paraphrase,1,10,-0.0
exp12_docs_code_09,docs_code,paraphrase,1,11,-0.0
exp12_docs_code_09,docs_code,paraphrase,1,12,-0.0
exp12_docs_code_09,docs_code,paraphrase,1,13,-0.0
exp12_docs_code_09,docs_code,paraphrase,1,14,-0.0
exp12_docs_code_09,docs_code,paraphrase,1,15,-0.0
exp12_docs_code_09,docs_code,paraphrase,1,16,-0.0
exp12_docs_code_09,docs_code,paraphrase,1,17,-0.0
exp12_docs_code_09,docs_code,paraphrase,1,18,-0.0
exp12_docs_code_09,docs_code,paraphrase,1,19,-0.0
exp12_docs_code_09,docs_code,paraphrase,1,20,-0.0
exp12_docs_code_09,docs_code,paraphrase,1,21,-0.0
exp12_docs_code_09,docs_code,paraphrase,1,22,-0.0
exp12_docs_code_09,docs_code,paraphrase,1,23,-0.0
exp12_docs_code_09,docs_code,paraphrase,1,24,-0.0
exp12_docs_code_09,docs_code,paraphrase,1,25,-0.0
exp12_docs_code_09,docs_code,paraphrase,1,26,-0.0
exp12_docs_code_09,docs_code,paraphrase,1,27,-0.0
exp12_docs_code_11,docs_code,canonical,0,0,-0.007792860851623118
exp12_docs_code_11,docs_code,canonical,0,1,1.7442333046346903e-05
exp12_docs_code_11,docs_code,canonical,0,2,-0.007792473887093365
exp12_docs_code_11,docs_code,canonical,0,3,0.02344247419387102
exp12_docs_code_11,docs_code,canonical,0,4,-1.51083804666996e-06
exp12_docs_code_11,docs_code,canonical,0,5,0.00783092831261456
exp12_docs_code_11,docs_code,canonical,0,6,3.751192707568407e-06
exp12_docs_code_11,docs_code,canonical,0,7,0.0
exp12_docs_code_11,docs_code,canonical,0,8,0.0
exp12_docs_code_11,docs_code,canonical,0,9,0.0
exp12_docs_code_11,docs_code,canonical,0,10,0.0
exp12_docs_code_11,docs_code,canonical,0,11,0.0
exp12_docs_code_11,docs_code,canonical,0,12,0.0
exp12_docs_code_11,docs_code,canonical,0,13,0.0
exp12_docs_code_11,docs_code,canonical,0,14,0.0
exp12_docs_code_11,docs_code,canonical,0,15,0.0
exp12_docs_code_11,docs_code,canonical,0,16,0.0
exp12_docs_code_11,docs_code,canonical,0,17,0.0
exp12_docs_code_11,docs_code,canonical,0,18,0.0
exp12_docs_code_11,docs_code,canonical,0,19,0.0
exp12_docs_code_11,docs_code,canonical,0,20,0.0
exp12_docs_code_11,docs_code,canonical,0,21,0.0
exp12_docs_code_11,docs_code,canonical,0,22,0.0
exp12_docs_code_11,docs_code,canonical,0,23,0.0
exp12_docs_code_11,docs_code,canonical,0,24,0.0
exp12_docs_code_11,docs_code,canonical,0,25,0.0
exp12_docs_code_11,docs_code,canonical,0,26,0.0
exp12_docs_code_11,docs_code,canonical,0,27,0.0
exp12_docs_code_11,docs_code,paraphrase,0,0,0.032195113599300385
exp12_docs_code_11,docs_code,paraphrase,0,1,0.03167645027860999
exp12_docs_code_11,docs_code,paraphrase,0,2,0.015950229950249195
exp12_docs_code_11,docs_code,paraphrase,0,3,0.03141593327745795
exp12_docs_code_11,docs_code,paraphrase,0,4,0.0013217758387327194
exp12_docs_code_11,docs_code,paraphrase,0,5,0.04733129404485226
exp12_docs_code_11,docs_code,paraphrase,0,6,-0.014421368949115276
exp12_docs_code_11,docs_code,paraphrase,0,7,0.0
exp12_docs_code_11,docs_code,paraphrase,0,8,0.0
exp12_docs_code_11,docs_code,paraphrase,0,9,0.0
exp12_docs_code_11,docs_code,paraphrase,0,10,0.0
exp12_docs_code_11,docs_code,paraphrase,0,11,0.0
exp12_docs_code_11,docs_code,paraphrase,0,12,0.0
exp12_docs_code_11,docs_code,paraphrase,0,13,0.0
exp12_docs_code_11,docs_code,paraphrase,0,14,0.0
exp12_docs_code_11,docs_code,paraphrase,0,15,0.0
exp12_docs_code_11,docs_code,paraphrase,0,16,0.0
exp12_docs_code_11,docs_code,paraphrase,0,17,0.0
exp12_docs_code_11,docs_code,paraphrase,0,18,0.0
exp12_docs_code_11,docs_code,paraphrase,0,19,0.0
exp12_docs_code_11,docs_code,paraphrase,0,20,0.0
exp12_docs_code_11,docs_code,paraphrase,0,21,0.0
exp12_docs_code_11,docs_code,paraphrase,0,22,0.0
exp12_docs_code_11,docs_code,paraphrase,0,23,0.0
exp12_docs_code_11,docs_code,paraphrase,0,24,0.0
exp12_docs_code_11,docs_code,paraphrase,0,25,0.0
exp12_docs_code_11,docs_code,paraphrase,0,26,0.0
exp12_docs_code_11,docs_code,paraphrase,0,27,0.0
exp12_docs_code_11,docs_code,canonical,1,0,-0.017760328948497772
exp12_docs_code_11,docs_code,canonical,1,1,0.00896423775702715
exp12_docs_code_11,docs_code,canonical,1,2,-0.017831577453762293
exp12_docs_code_11,docs_code,canonical,1,3,-0.008792985696345568
exp12_docs_code_11,docs_code,canonical,1,4,-0.01780958566814661
exp12_docs_code_11,docs_code,canonical,1,5,0.00892610102891922
exp12_docs_code_11,docs_code,canonical,1,6,-0.026674478314816952
exp12_docs_code_11,docs_code,canonical,1,7,-0.0
exp12_docs_code_11,docs_code,canonical,1,8,-0.0
exp12_docs_code_11,docs_code,canonical,1,9,-0.0
exp12_docs_code_11,docs_code,canonical,1,10,-0.0
exp12_docs_code_11,docs_code,canonical,1,11,-0.0
exp12_docs_code_11,docs_code,canonical,1,12,-0.0
exp12_docs_code_11,docs_code,canonical,1,13,-0.0
exp12_docs_code_11,docs_code,canonical,1,14,-0.0
exp12_docs_code_11,docs_code,canonical,1,15,-0.0
exp12_docs_code_11,docs_code,canonical,1,16,-0.0
exp12_docs_code_11,docs_code,canonical,1,17,-0.0
exp12_docs_code_11,docs_code,canonical,1,18,-0.0
exp12_docs_code_11,docs_code,canonical,1,19,-0.0
exp12_docs_code_11,docs_code,canonical,1,20,-0.0
exp12_docs_code_11,docs_code,canonical,1,21,-0.0
exp12_docs_code_11,docs_code,canonical,1,22,-0.0
exp12_docs_code_11,docs_code,canonical,1,23,-0.0
exp12_docs_code_11,docs_code,canonical,1,24,-0.0
exp12_docs_code_11,docs_code,canonical,1,25,-0.0
exp12_docs_code_11,docs_code,canonical,1,26,-0.0
exp12_docs_code_11,docs_code,canonical,1,27,-0.0
exp12_docs_code_11,docs_code,paraphrase,1,0,0.017849326133728027
exp12_docs_code_11,docs_code,paraphrase,1,1,4.029134288430214e-06
exp12_docs_code_11,docs_code,paraphrase,1,2,1.6647041775286198e-05
exp12_docs_code_11,docs_code,paraphrase,1,3,0.017870214069262147
exp12_docs_code_11,docs_code,paraphrase,1,4,0.01785762421786785
exp12_docs_code_11,docs_code,paraphrase,1,5,0.05356180318631232
exp12_docs_code_11,docs_code,paraphrase,1,6,-0.017832121928222477
exp12_docs_code_11,docs_code,paraphrase,1,7,-0.0
exp12_docs_code_11,docs_code,paraphrase,1,8,-0.0
exp12_docs_code_11,docs_code,paraphrase,1,9,-0.0
exp12_docs_code_11,docs_code,paraphrase,1,10,-0.0
exp12_docs_code_11,docs_code,paraphrase,1,11,-0.0
exp12_docs_code_11,docs_code,paraphrase,1,12,-0.0
exp12_docs_code_11,docs_code,paraphrase,1,13,-0.0
exp12_docs_code_11,docs_code,paraphrase,1,14,-0.0
exp12_docs_code_11,docs_code,paraphrase,1,15,-0.0
exp12_docs_code_11,docs_code,paraphrase,1,16,-0.0
exp12_docs_code_11,docs_code,paraphrase,1,17,-0.0
exp12_docs_code_11,docs_code,paraphrase,1,18,-0.0
exp12_docs_code_11,docs_code,paraphrase,1,19,-0.0
exp12_docs_code_11,docs_code,paraphrase,1,20,-0.0
exp12_docs_code_11,docs_code,paraphrase,1,21,-0.0
exp12_docs_code_11,docs_code,paraphrase,1,22,-0.0
exp12_docs_code_11,docs_code,paraphrase,1,23,-0.0
exp12_docs_code_11,docs_code,paraphrase,1,24,-0.0
exp12_docs_code_11,docs_code,paraphrase,1,25,-0.0
exp12_docs_code_11,docs_code,paraphrase,1,26,-0.0
exp12_docs_code_11,docs_code,paraphrase,1,27,-0.0
exp12_docs_code_12,docs_code,canonical,0,0,-0.007820567931048572
exp12_docs_code_12,docs_code,canonical,0,1,-0.015623293234966695
exp12_docs_code_12,docs_code,canonical,0,2,-0.015624913154169917
exp12_docs_code_12,docs_code,canonical,0,3,-1.2060627341270447e-07
exp12_docs_code_12,docs_code,canonical,0,4,-0.007817085017450154
exp12_docs_code_12,docs_code,canonical,0,5,-0.007808219932485372
exp12_docs_code_12,docs_code,canonical,0,6,-1.4823745004832745e-05
exp12_docs_code_12,docs_code,canonical,0,7,0.0
exp12_docs_code_12,docs_code,canonical,0,8,0.0
exp12_docs_code_12,docs_code,canonical,0,9,0.0
exp12_docs_code_12,docs_code,canonical,0,10,0.0
exp12_docs_code_12,docs_code,canonical,0,11,0.0
exp12_docs_code_12,docs_code,canonical,0,12,0.0
exp12_docs_code_12,docs_code,canonical,0,13,0.0
exp12_docs_code_12,docs_code,canonical,0,14,0.0
exp12_docs_code_12,docs_code,canonical,0,15,0.0
exp12_docs_code_12,docs_code,canonical,0,16,0.0
exp12_docs_code_12,docs_code,canonical,0,17,0.0
exp12_docs_code_12,docs_code,canonical,0,18,0.0
exp12_docs_code_12,docs_code,canonical,0,19,0.0
exp12_docs_code_12,docs_code,canonical,0,20,0.0
exp12_docs_code_12,docs_code,canonical,0,21,0.0
exp12_docs_code_12,docs_code,canonical,0,22,0.0
exp12_docs_code_12,docs_code,canonical,0,23,0.0
exp12_docs_code_12,docs_code,canonical,0,24,0.0
exp12_docs_code_12,docs_code,canonical,0,25,0.0
exp12_docs_code_12,docs_code,canonical,0,26,0.0
exp12_docs_code_12,docs_code,canonical,0,27,0.0
exp12_docs_code_12,docs_code,paraphrase,0,0,0.0156257264316082
exp12_docs_code_12,docs_code,paraphrase,0,1,0.015638992190361023
exp12_docs_code_12,docs_code,paraphrase,0,2,0.007813105592504144
exp12_docs_code_12,docs_code,paraphrase,0,3,0.031240305630490184
exp12_docs_code_12,docs_code,paraphrase,0,4,0.007810718147084117
exp12_docs_code_12,docs_code,paraphrase,0,5,0.031239974312484264
exp12_docs_code_12,docs_code,paraphrase,0,6,-5.879206582903862e-06
exp12_docs_code_12,docs_code,paraphrase,0,7,0.0
exp12_docs_code_12,docs_code,paraphrase,0,8,0.0
exp12_docs_code_12,docs_code,paraphrase,0,9,0.0
exp12_docs_code_12,docs_code,paraphrase,0,10,0.0
exp12_docs_code_12,docs_code,paraphrase,0,11,0.0
exp12_docs_code_12,docs_code,paraphrase,0,12,0.0
exp12_docs_code_12,docs_code,paraphrase,0,13,0.0
exp12_docs_code_12,docs_code,paraphrase,0,14,0.0
exp12_docs_code_12,docs_code,paraphrase,0,15,0.0
exp12_docs_code_12,docs_code,paraphrase,0,16,0.0
exp12_docs_code_12,docs_code,paraphrase,0,17,0.0
exp12_docs_code_12,docs_code,paraphrase,0,18,0.0
exp12_docs_code_12,docs_code,paraphrase,0,19,0.0
exp12_docs_code_12,docs_code,paraphrase,0,20,0.0
exp12_docs_code_12,docs_code,paraphrase,0,21,0.0
exp12_docs_code_12,docs_code,paraphrase,0,22,0.0
exp12_docs_code_12,docs_code,paraphrase,0,23,0.0
exp12_docs_code_12,docs_code,paraphrase,0,24,0.0
exp12_docs_code_12,docs_code,paraphrase,0,25,0.0
exp12_docs_code_12,docs_code,paraphrase,0,26,0.0
exp12_docs_code_12,docs_code,paraphrase,0,27,0.0
exp12_docs_code_12,docs_code,canonical,1,0,0.0002040297258645296
exp12_docs_code_12,docs_code,canonical,1,1,-0.013950937660411
exp12_docs_code_12,docs_code,canonical,1,2,-0.013901073019951582
exp12_docs_code_12,docs_code,canonical,1,3,-0.013744275085628033
exp12_docs_code_12,docs_code,canonical,1,4,-0.014117706567049026
exp12_docs_code_12,docs_code,canonical,1,5,-0.013958704425022006
exp12_docs_code_12,docs_code,canonical,1,6,-0.013738797744736075
exp12_docs_code_12,docs_code,canonical,1,7,-0.0
exp12_docs_code_12,docs_code,canonical,1,8,-0.0
exp12_docs_code_12,docs_code,canonical,1,9,-0.0
exp12_docs_code_12,docs_code,canonical,1,10,-0.0
exp12_docs_code_12,docs_code,canonical,1,11,-0.0
exp12_docs_code_12,docs_code,canonical,1,12,-0.0
exp12_docs_code_12,docs_code,canonical,1,13,-0.0
exp12_docs_code_12,docs_code,canonical,1,14,-0.0
exp12_docs_code_12,docs_code,canonical,1,15,-0.0
exp12_docs_code_12,docs_code,canonical,1,16,-0.0
exp12_docs_code_12,docs_code,canonical,1,17,-0.0
exp12_docs_code_12,docs_code,canonical,1,18,-0.0
exp12_docs_code_12,docs_code,canonical,1,19,-0.0
exp12_docs_code_12,docs_code,canonical,1,20,-0.0
exp12_docs_code_12,docs_code,canonical,1,21,-0.0
exp12_docs_code_12,docs_code,canonical,1,22,-0.0
exp12_docs_code_12,docs_code,canonical,1,23,-0.0
exp12_docs_code_12,docs_code,canonical,1,24,-0.0
exp12_docs_code_12,docs_code,canonical,1,25,-0.0
exp12_docs_code_12,docs_code,canonical,1,26,-0.0
exp12_docs_code_12,docs_code,canonical,1,27,-0.0
exp12_docs_code_12,docs_code,paraphrase,1,0,-0.013898278411943465
exp12_docs_code_12,docs_code,paraphrase,1,1,-3.2351817935705185e-06
exp12_docs_code_12,docs_code,paraphrase,1,2,-0.013893034891225398
exp12_docs_code_12,docs_code,paraphrase,1,3,0.013889992609620094
exp12_docs_code_12,docs_code,paraphrase,1,4,-1.1216674465686083e-05
exp12_docs_code_12,docs_code,paraphrase,1,5,0.02777109417365864
exp12_docs_code_12,docs_code,paraphrase,1,6,-5.282985512167215e-06
exp12_docs_code_12,docs_code,paraphrase,1,7,-0.0
exp12_docs_code_12,docs_code,paraphrase,1,8,-0.0
exp12_docs_code_12,docs_code,paraphrase,1,9,-0.0
exp12_docs_code_12,docs_code,paraphrase,1,10,-0.0
exp12_docs_code_12,docs_code,paraphrase,1,11,-0.0
exp12_docs_code_12,docs_code,paraphrase,1,12,-0.0
exp12_docs_code_12,docs_code,paraphrase,1,13,-0.0
exp12_docs_code_12,docs_code,paraphrase,1,14,-0.0
exp12_docs_code_12,docs_code,paraphrase,1,15,-0.0
exp12_docs_code_12,docs_code,paraphrase,1,16,-0.0
exp12_docs_code_12,docs_code,paraphrase,1,17,-0.0
exp12_docs_code_12,docs_code,paraphrase,1,18,-0.0
exp12_docs_code_12,docs_code,paraphrase,1,19,-0.0
exp12_docs_code_12,docs_code,paraphrase,1,20,-0.0
exp12_docs_code_12,docs_code,paraphrase,1,21,-0.0
exp12_docs_code_12,docs_code,paraphrase,1,22,-0.0
exp12_docs_code_12,docs_code,paraphrase,1,23,-0.0
exp12_docs_code_12,docs_code,paraphrase,1,24,-0.0
exp12_docs_code_12,docs_code,paraphrase,1,25,-0.0
exp12_docs_code_12,docs_code,paraphrase,1,26,-0.0
exp12_docs_code_12,docs_code,paraphrase,1,27,-0.0
exp12_docs_code_14,docs_code,canonical,0,0,5.004112608730793e-07
exp12_docs_code_14,docs_code,canonical,0,1,0.013899103621952236
exp12_docs_code_14,docs_code,canonical,0,2,-9.030161891132593e-06
exp12_docs_code_14,docs_code,canonical,0,3,1.0700197890400887e-05
exp12_docs_code_14,docs_code,canonical,0,4,0.006941149244084954
exp12_docs_code_14,docs_code,canonical,0,5,0.0069441370433196425
exp12_docs_code_14,docs_code,canonical,0,6,-3.7918216548860073e-06
exp12_docs_code_14,docs_code,canonical,0,7,0.0
exp12_docs_code_14,docs_code,canonical,0,8,0.0
exp12_docs_code_14,docs_code,canonical,0,9,0.0
exp12_docs_code_14,docs_code,canonical,0,10,0.0
exp12_docs_code_14,docs_code,canonical,0,11,0.0
exp12_docs_code_14,docs_code,canonical,0,12,0.0
exp12_docs_code_14,docs_code,canonical,0,13,0.0
exp12_docs_code_14,docs_code,canonical,0,14,0.0
exp12_docs_code_14,docs_code,canonical,0,15,0.0
exp12_docs_code_14,docs_code,canonical,0,16,0.0
exp12_docs_code_14,docs_code,canonical,0,17,0.0
exp12_docs_code_14,docs_code,canonical,0,18,0.0
exp12_docs_code_14,docs_code,canonical,0,19,0.0
exp12_docs_code_14,docs_code,canonical,0,20,0.0
exp12_docs_code_14,docs_code,canonical,0,21,0.0
exp12_docs_code_14,docs_code,canonical,0,22,0.0
exp12_docs_code_14,docs_code,canonical,0,23,0.0
exp12_docs_code_14,docs_code,canonical,0,24,0.0
exp12_docs_code_14,docs_code,canonical,0,25,0.0
exp12_docs_code_14,docs_code,canonical,0,26,0.0
exp12_docs_code_14,docs_code,canonical,0,27,0.0
exp12_docs_code_14,docs_code,paraphrase,0,0,0.00695544108748436
exp12_docs_code_14,docs_code,paraphrase,0,1,-0.0069587333127856255
exp12_docs_code_14,docs_code,paraphrase,0,2,0.006945747183635831
exp12_docs_code_14,docs_code,paraphrase,0,3,0.013861769810318947
exp12_docs_code_14,docs_code,paraphrase,0,4,-0.020860281074419618
exp12_docs_code_14,docs_code,paraphrase,0,5,0.020836488343775272
exp12_docs_code_14,docs_code,paraphrase,0,6,-0.020793221658095717
exp12_docs_code_14,docs_code,paraphrase,0,7,0.0
exp12_docs_code_14,docs_code,paraphrase,0,8,0.0
exp12_docs_code_14,docs_code,paraphrase,0,9,0.0
exp12_docs_code_14,docs_code,paraphrase,0,10,0.0
exp12_docs_code_14,docs_code,paraphrase,0,11,0.0
exp12_docs_code_14,docs_code,paraphrase,0,12,0.0
exp12_docs_code_14,docs_code,paraphrase,0,13,0.0
exp12_docs_code_14,docs_code,paraphrase,0,14,0.0
exp12_docs_code_14,docs_code,paraphrase,0,15,0.0
exp12_docs_code_14,docs_code,paraphrase,0,16,0.0
exp12_docs_code_14,docs_code,paraphrase,0,17,0.0
exp12_docs_code_14,docs_code,paraphrase,0,18,0.0
exp12_docs_code_14,docs_code,paraphrase,0,19,0.0
exp12_docs_code_14,docs_code,paraphrase,0,20,0.0
exp12_docs_code_14,docs_code,paraphrase,0,21,0.0
exp12_docs_code_14,docs_code,paraphrase,0,22,0.0
exp12_docs_code_14,docs_code,paraphrase,0,23,0.0
exp12_docs_code_14,docs_code,paraphrase,0,24,0.0
exp12_docs_code_14,docs_code,paraphrase,0,25,0.0
exp12_docs_code_14,docs_code,paraphrase,0,26,0.0
exp12_docs_code_14,docs_code,paraphrase,0,27,0.0
exp12_docs_code_14,docs_code,canonical,1,0,-0.0001556617207825184
exp12_docs_code_14,docs_code,canonical,1,1,0.00928952731192112
exp12_docs_code_14,docs_code,canonical,1,2,-0.017437536269426346
exp12_docs_code_14,docs_code,canonical,1,3,-0.008918366627767682
exp12_docs_code_14,docs_code,canonical,1,4,-0.00010356912389397621
exp12_docs_code_14,docs_code,canonical,1,5,0.0002593479584902525
exp12_docs_code_14,docs_code,canonical,1,6,1.765764318406582e-05
exp12_docs_code_14,docs_code,canonical,1,7,-0.0
exp12_docs_code_14,docs_code,canonical,1,8,-0.0
exp12_docs_code_14,docs_code,canonical,1,9,-0.0
exp12_docs_code_14,docs_code,canonical,1,10,-0.0
exp12_docs_code_14,docs_code,canonical,1,11,-0.0
exp12_docs_code_14,docs_code,canonical,1,12,-0.0
exp12_docs_code_14,docs_code,canonical,1,13,-0.0
exp12_docs_code_14,docs_code,canonical,1,14,-0.0
exp12_docs_code_14,docs_code,canonical,1,15,-0.0
exp12_docs_code_14,docs_code,canonical,1,16,-0.0
exp12_docs_code_14,docs_code,canonical,1,17,-0.0
exp12_docs_code_14,docs_code,canonical,1,18,-0.0
exp12_docs_code_14,docs_code,canonical,1,19,-0.0
exp12_docs_code_14,docs_code,canonical,1,20,-0.0
exp12_docs_code_14,docs_code,canonical,1,21,-0.0
exp12_docs_code_14,docs_code,canonical,1,22,-0.0
exp12_docs_code_14,docs_code,canonical,1,23,-0.0
exp12_docs_code_14,docs_code,canonical,1,24,-0.0
exp12_docs_code_14,docs_code,canonical,1,25,-0.0
exp12_docs_code_14,docs_code,canonical,1,26,-0.0
exp12_docs_code_14,docs_code,canonical,1,27,-0.0
exp12_docs_code_14,docs_code,paraphrase,1,0,0.017863438581116498
exp12_docs_code_14,docs_code,paraphrase,1,1,-1.845590304583311e-06
exp12_docs_code_14,docs_code,paraphrase,1,2,8.757924661040306e-06
exp12_docs_code_14,docs_code,paraphrase,1,3,0.035680388333275914
exp12_docs_code_14,docs_code,paraphrase,1,4,1.829740358516574e-05
exp12_docs_code_14,docs_code,paraphrase,1,5,0.03571457549696788
exp12_docs_code_14,docs_code,paraphrase,1,6,6.30103750154376e-06
exp12_docs_code_14,docs_code,paraphrase,1,7,-0.0
exp12_docs_code_14,docs_code,paraphrase,1,8,-0.0
exp12_docs_code_14,docs_code,paraphrase,1,9,-0.0
exp12_docs_code_14,docs_code,paraphrase,1,10,-0.0
exp12_docs_code_14,docs_code,paraphrase,1,11,-0.0
exp12_docs_code_14,docs_code,paraphrase,1,12,-0.0
exp12_docs_code_14,docs_code,paraphrase,1,13,-0.0
exp12_docs_code_14,docs_code,paraphrase,1,14,-0.0
exp12_docs_code_14,docs_code,paraphrase,1,15,-0.0
exp12_docs_code_14,docs_code,paraphrase,1,16,-0.0
exp12_docs_code_14,docs_code,paraphrase,1,17,-0.0
exp12_docs_code_14,docs_code,paraphrase,1,18,-0.0
exp12_docs_code_14,docs_code,paraphrase,1,19,-0.0
exp12_docs_code_14,docs_code,paraphrase,1,20,-0.0
exp12_docs_code_14,docs_code,paraphrase,1,21,-0.0
exp12_docs_code_14,docs_code,paraphrase,1,22,-0.0
exp12_docs_code_14,docs_code,paraphrase,1,23,-0.0
exp12_docs_code_14,docs_code,paraphrase,1,24,-0.0
exp12_docs_code_14,docs_code,paraphrase,1,25,-0.0
exp12_docs_code_14,docs_code,paraphrase,1,26,-0.0
exp12_docs_code_14,docs_code,paraphrase,1,27,-0.0
